{"type":"FeatureCollection","features":[{"type":"Feature","properties":{"CountryName":"Austria","Type of Animal":"Chicken"},"geometry":{"type":"Point","coordinates":[15.852222,47.191111]}},{"type":"Feature","properties":{"CountryName":"Austria","Type of Animal":"Chicken"},"geometry":{"type":"Point","coordinates":[14.036306,47.995167]}},{"type":"Feature","properties":{"CountryName":"Austria","Type of Animal":"Chicken"},"geometry":{"type":"Point","coordinates":[14.936639,46.893278]}},{"type":"Feature","properties":{"CountryName":"Austria","Type of Animal":"Chicken"},"geometry":{"type":"Point","coordinates":[14.845722,46.711889]}},{"type":"Feature","properties":{"CountryName":"Austria","Type of Animal":"Chicken"},"geometry":{"type":"Point","coordinates":[15.279667,46.828972]}},{"type":"Feature","properties":{"CountryName":"Austria","Type of Animal":"Chicken"},"geometry":{"type":"Point","coordinates":[15.839778,46.958528]}},{"type":"Feature","properties":{"CountryName":"Austria","Type of Animal":"Chicken"},"geometry":{"type":"Point","coordinates":[14.742028,48.099472]}},{"type":"Feature","properties":{"CountryName":"Austria","Type of Animal":"Chicken"},"geometry":{"type":"Point","coordinates":[16.349917,47.821861]}},{"type":"Feature","properties":{"CountryName":"Austria","Type of Animal":"Chicken"},"geometry":{"type":"Point","coordinates":[15.272833,48.900472]}},{"type":"Feature","properties":{"CountryName":"Austria","Type of Animal":"Chicken"},"geometry":{"type":"Point","coordinates":[14.637611,48.033139]}},{"type":"Feature","properties":{"CountryName":"Austria","Type of Animal":"Chicken"},"geometry":{"type":"Point","coordinates":[14.633861,48.037194]}},{"type":"Feature","properties":{"CountryName":"Austria","Type of Animal":"Chicken"},"geometry":{"type":"Point","coordinates":[14.683222,48.110944]}},{"type":"Feature","properties":{"CountryName":"Austria","Type of Animal":"Chicken"},"geometry":{"type":"Point","coordinates":[14.472611,48.043194]}},{"type":"Feature","properties":{"CountryName":"Austria","Type of Animal":"Chicken"},"geometry":{"type":"Point","coordinates":[14.7435,48.084306]}},{"type":"Feature","properties":{"CountryName":"Austria","Type of Animal":"Chicken"},"geometry":{"type":"Point","coordinates":[14.791389,48.093833]}},{"type":"Feature","properties":{"CountryName":"Austria","Type of Animal":"Chicken"},"geometry":{"type":"Point","coordinates":[15.486972,48.167083]}},{"type":"Feature","properties":{"CountryName":"Austria","Type of Animal":"Chicken"},"geometry":{"type":"Point","coordinates":[14.700361,48.121056]}},{"type":"Feature","properties":{"CountryName":"Austria","Type of Animal":"Chicken"},"geometry":{"type":"Point","coordinates":[14.632611,48.161833]}},{"type":"Feature","properties":{"CountryName":"Austria","Type of Animal":"Chicken"},"geometry":{"type":"Point","coordinates":[15.846361,48.272056]}},{"type":"Feature","properties":{"CountryName":"Austria","Type of Animal":"Chicken"},"geometry":{"type":"Point","coordinates":[14.737722,48.142833]}},{"type":"Feature","properties":{"CountryName":"Austria","Type of Animal":"Chicken"},"geometry":{"type":"Point","coordinates":[14.619056,48.165222]}},{"type":"Feature","properties":{"CountryName":"Austria","Type of Animal":"Pork"},"geometry":{"type":"Point","coordinates":[14.610389,48.120694]}},{"type":"Feature","properties":{"CountryName":"Austria","Type of Animal":"Pork"},"geometry":{"type":"Point","coordinates":[16.785806,48.679944]}},{"type":"Feature","properties":{"CountryName":"Austria","Type of Animal":"Chicken"},"geometry":{"type":"Point","coordinates":[14.622694,48.07825]}},{"type":"Feature","properties":{"CountryName":"Austria","Type of Animal":"Chicken"},"geometry":{"type":"Point","coordinates":[15.674056,46.974611]}},{"type":"Feature","properties":{"CountryName":"Austria","Type of Animal":"Chicken"},"geometry":{"type":"Point","coordinates":[15.6215,46.8905]}},{"type":"Feature","properties":{"CountryName":"Austria","Type of Animal":"Chicken"},"geometry":{"type":"Point","coordinates":[15.691861,46.888889]}},{"type":"Feature","properties":{"CountryName":"Austria","Type of Animal":"Chicken"},"geometry":{"type":"Point","coordinates":[12.961028,48.132222]}},{"type":"Feature","properties":{"CountryName":"Austria","Type of Animal":"Chicken"},"geometry":{"type":"Point","coordinates":[14.652611,48.073028]}},{"type":"Feature","properties":{"CountryName":"Austria","Type of Animal":"Chicken"},"geometry":{"type":"Point","coordinates":[13.736944,48.077417]}},{"type":"Feature","properties":{"CountryName":"Austria","Type of Animal":"Chicken"},"geometry":{"type":"Point","coordinates":[15.837583,46.853167]}},{"type":"Feature","properties":{"CountryName":"Austria","Type of Animal":"Chicken"},"geometry":{"type":"Point","coordinates":[15.721833,46.994528]}},{"type":"Feature","properties":{"CountryName":"Austria","Type of Animal":"Chicken"},"geometry":{"type":"Point","coordinates":[15.889694,47.182667]}},{"type":"Feature","properties":{"CountryName":"Austria","Type of Animal":"Chicken"},"geometry":{"type":"Point","coordinates":[15.213056,46.709722]}},{"type":"Feature","properties":{"CountryName":"Belgium","Type of Animal":"Pork"},"geometry":{"type":"Point","coordinates":[4.6870947,50.406696]}},{"type":"Feature","properties":{"CountryName":"Belgium","Type of Animal":"Chicken"},"geometry":{"type":"Point","coordinates":[5.5503225,50.093105]}},{"type":"Feature","properties":{"CountryName":"Belgium","Type of Animal":"Pork"},"geometry":{"type":"Point","coordinates":[2.9011972,50.74845]}},{"type":"Feature","properties":{"CountryName":"Belgium","Type of Animal":"Chicken"},"geometry":{"type":"Point","coordinates":[5.408534,50.5112]}},{"type":"Feature","properties":{"CountryName":"Belgium","Type of Animal":"Chicken"},"geometry":{"type":"Point","coordinates":[2.9783492,50.797558]}},{"type":"Feature","properties":{"CountryName":"Belgium","Type of Animal":"Pork"},"geometry":{"type":"Point","coordinates":[2.8910096,50.750633]}},{"type":"Feature","properties":{"CountryName":"Belgium","Type of Animal":"Chicken"},"geometry":{"type":"Point","coordinates":[2.975951,50.77453]}},{"type":"Feature","properties":{"CountryName":"Belgium","Type of Animal":"Chicken"},"geometry":{"type":"Point","coordinates":[4.4123735,50.245564]}},{"type":"Feature","properties":{"CountryName":"Belgium","Type of Animal":"Chicken"},"geometry":{"type":"Point","coordinates":[4.6224804,50.571114]}},{"type":"Feature","properties":{"CountryName":"Belgium","Type of Animal":"Chicken"},"geometry":{"type":"Point","coordinates":[4.935684,50.251976]}},{"type":"Feature","properties":{"CountryName":"Belgium","Type of Animal":"Chicken"},"geometry":{"type":"Point","coordinates":[3.2965732,50.74435]}},{"type":"Feature","properties":{"CountryName":"Belgium","Type of Animal":"Chicken"},"geometry":{"type":"Point","coordinates":[4.7844806,50.216003]}},{"type":"Feature","properties":{"CountryName":"Belgium","Type of Animal":"Chicken"},"geometry":{"type":"Point","coordinates":[5.842445,50.697193]}},{"type":"Feature","properties":{"CountryName":"Belgium","Type of Animal":"Chicken"},"geometry":{"type":"Point","coordinates":[4.567315,50.4881]}},{"type":"Feature","properties":{"CountryName":"Belgium","Type of Animal":"Chicken"},"geometry":{"type":"Point","coordinates":[5.100526,50.65344]}},{"type":"Feature","properties":{"CountryName":"Belgium","Type of Animal":"Pork"},"geometry":{"type":"Point","coordinates":[5.1515784,50.585255]}},{"type":"Feature","properties":{"CountryName":"Belgium","Type of Animal":"Chicken"},"geometry":{"type":"Point","coordinates":[4.349761,50.20574]}},{"type":"Feature","properties":{"CountryName":"Belgium","Type of Animal":"Chicken"},"geometry":{"type":"Point","coordinates":[5.6610103,50.75104]}},{"type":"Feature","properties":{"CountryName":"Belgium","Type of Animal":"Chicken"},"geometry":{"type":"Point","coordinates":[5.441224,50.45239]}},{"type":"Feature","properties":{"CountryName":"Belgium","Type of Animal":"Pork"},"geometry":{"type":"Point","coordinates":[2.8968003,50.717716]}},{"type":"Feature","properties":{"CountryName":"Belgium","Type of Animal":"Chicken"},"geometry":{"type":"Point","coordinates":[4.555812,50.682274]}},{"type":"Feature","properties":{"CountryName":"Belgium","Type of Animal":"Pork"},"geometry":{"type":"Point","coordinates":[6.0614033,50.645607]}},{"type":"Feature","properties":{"CountryName":"Belgium","Type of Animal":"Pork"},"geometry":{"type":"Point","coordinates":[5.152774,50.255806]}},{"type":"Feature","properties":{"CountryName":"Belgium","Type of Animal":"Chicken"},"geometry":{"type":"Point","coordinates":[4.7123003,50.597656]}},{"type":"Feature","properties":{"CountryName":"Belgium","Type of Animal":"Pork"},"geometry":{"type":"Point","coordinates":[2.8703835,50.735165]}},{"type":"Feature","properties":{"CountryName":"Belgium","Type of Animal":"Chicken"},"geometry":{"type":"Point","coordinates":[5.4215016,50.546402]}},{"type":"Feature","properties":{"CountryName":"Belgium","Type of Animal":"Pork"},"geometry":{"type":"Point","coordinates":[2.867619,50.740112]}},{"type":"Feature","properties":{"CountryName":"Belgium","Type of Animal":"Chicken"},"geometry":{"type":"Point","coordinates":[5.414524,49.923634]}},{"type":"Feature","properties":{"CountryName":"Belgium","Type of Animal":"Pork"},"geometry":{"type":"Point","coordinates":[5.4025702,50.36671]}},{"type":"Feature","properties":{"CountryName":"Belgium","Type of Animal":"Pork"},"geometry":{"type":"Point","coordinates":[5.4179826,49.873444]}},{"type":"Feature","properties":{"CountryName":"Belgium","Type of Animal":"Chicken"},"geometry":{"type":"Point","coordinates":[2.8457806,50.731415]}},{"type":"Feature","properties":{"CountryName":"Belgium","Type of Animal":"Chicken"},"geometry":{"type":"Point","coordinates":[5.353331,50.651344]}},{"type":"Feature","properties":{"CountryName":"Belgium","Type of Animal":"Chicken"},"geometry":{"type":"Point","coordinates":[5.2857094,50.210835]}},{"type":"Feature","properties":{"CountryName":"Belgium","Type of Animal":"Pork"},"geometry":{"type":"Point","coordinates":[5.3102427,49.933804]}},{"type":"Feature","properties":{"CountryName":"Belgium","Type of Animal":"Pork"},"geometry":{"type":"Point","coordinates":[4.500506,50.321907]}},{"type":"Feature","properties":{"CountryName":"Belgium","Type of Animal":"Chicken"},"geometry":{"type":"Point","coordinates":[4.7421994,50.702477]}},{"type":"Feature","properties":{"CountryName":"Belgium","Type of Animal":"Chicken"},"geometry":{"type":"Point","coordinates":[4.505382,50.313343]}},{"type":"Feature","properties":{"CountryName":"Belgium","Type of Animal":"Chicken"},"geometry":{"type":"Point","coordinates":[4.311086,50.33336]}},{"type":"Feature","properties":{"CountryName":"Belgium","Type of Animal":"Chicken"},"geometry":{"type":"Point","coordinates":[4.720422,50.78694]}},{"type":"Feature","properties":{"CountryName":"Belgium","Type of Animal":"Pork"},"geometry":{"type":"Point","coordinates":[2.983824,50.8005]}},{"type":"Feature","properties":{"CountryName":"Belgium","Type of Animal":"Pork"},"geometry":{"type":"Point","coordinates":[4.453714,50.260666]}},{"type":"Feature","properties":{"CountryName":"Belgium","Type of Animal":"Chicken"},"geometry":{"type":"Point","coordinates":[5.5106845,49.83621]}},{"type":"Feature","properties":{"CountryName":"Belgium","Type of Animal":"Chicken"},"geometry":{"type":"Point","coordinates":[5.1778493,50.64652]}},{"type":"Feature","properties":{"CountryName":"Belgium","Type of Animal":"Chicken"},"geometry":{"type":"Point","coordinates":[4.3769197,49.960102]}},{"type":"Feature","properties":{"CountryName":"Belgium","Type of Animal":"Pork"},"geometry":{"type":"Point","coordinates":[5.667393,50.50924]}},{"type":"Feature","properties":{"CountryName":"Belgium","Type of Animal":"Pork"},"geometry":{"type":"Point","coordinates":[2.9758856,50.79163]}},{"type":"Feature","properties":{"CountryName":"Belgium","Type of Animal":"Pork"},"geometry":{"type":"Point","coordinates":[3.2829907,50.74838]}},{"type":"Feature","properties":{"CountryName":"Belgium","Type of Animal":"Pork"},"geometry":{"type":"Point","coordinates":[5.2053175,50.638927]}},{"type":"Feature","properties":{"CountryName":"Belgium","Type of Animal":"Chicken"},"geometry":{"type":"Point","coordinates":[5.0490804,50.66924]}},{"type":"Feature","properties":{"CountryName":"Belgium","Type of Animal":"Chicken"},"geometry":{"type":"Point","coordinates":[4.5764985,50.304504]}},{"type":"Feature","properties":{"CountryName":"Belgium","Type of Animal":"Chicken"},"geometry":{"type":"Point","coordinates":[5.292495,50.221886]}},{"type":"Feature","properties":{"CountryName":"Belgium","Type of Animal":"Chicken"},"geometry":{"type":"Point","coordinates":[4.307581,50.394222]}},{"type":"Feature","properties":{"CountryName":"Belgium","Type of Animal":"Chicken"},"geometry":{"type":"Point","coordinates":[3.3619254,50.676647]}},{"type":"Feature","properties":{"CountryName":"Belgium","Type of Animal":"Chicken"},"geometry":{"type":"Point","coordinates":[5.8031855,50.65185]}},{"type":"Feature","properties":{"CountryName":"Belgium","Type of Animal":"Chicken"},"geometry":{"type":"Point","coordinates":[6.291559,50.414406]}},{"type":"Feature","properties":{"CountryName":"Belgium","Type of Animal":"Chicken"},"geometry":{"type":"Point","coordinates":[4.8664565,50.220783]}},{"type":"Feature","properties":{"CountryName":"Belgium","Type of Animal":"Pork"},"geometry":{"type":"Point","coordinates":[4.815072,50.633743]}},{"type":"Feature","properties":{"CountryName":"Belgium","Type of Animal":"Pork"},"geometry":{"type":"Point","coordinates":[4.162396,50.52811]}},{"type":"Feature","properties":{"CountryName":"Belgium","Type of Animal":"Pork"},"geometry":{"type":"Point","coordinates":[3.0010066,50.802185]}},{"type":"Feature","properties":{"CountryName":"Belgium","Type of Animal":"Pork"},"geometry":{"type":"Point","coordinates":[5.1984572,50.642838]}},{"type":"Feature","properties":{"CountryName":"Belgium","Type of Animal":"Chicken"},"geometry":{"type":"Point","coordinates":[4.455628,50.26217]}},{"type":"Feature","properties":{"CountryName":"Belgium","Type of Animal":"Chicken"},"geometry":{"type":"Point","coordinates":[3.5653055,50.598053]}},{"type":"Feature","properties":{"CountryName":"Belgium","Type of Animal":"Chicken"},"geometry":{"type":"Point","coordinates":[5.543281,49.81809]}},{"type":"Feature","properties":{"CountryName":"Belgium","Type of Animal":"Chicken"},"geometry":{"type":"Point","coordinates":[4.2849197,50.229652]}},{"type":"Feature","properties":{"CountryName":"Belgium","Type of Animal":"Chicken"},"geometry":{"type":"Point","coordinates":[5.2706485,50.35326]}},{"type":"Feature","properties":{"CountryName":"Belgium","Type of Animal":"Chicken"},"geometry":{"type":"Point","coordinates":[4.749157,50.298187]}},{"type":"Feature","properties":{"CountryName":"Belgium","Type of Animal":"Chicken"},"geometry":{"type":"Point","coordinates":[4.671,50.2081]}},{"type":"Feature","properties":{"CountryName":"Belgium","Type of Animal":"Chicken"},"geometry":{"type":"Point","coordinates":[4.2253275,50.288803]}},{"type":"Feature","properties":{"CountryName":"Belgium","Type of Animal":"Pork"},"geometry":{"type":"Point","coordinates":[2.988536,50.796062]}},{"type":"Feature","properties":{"CountryName":"Belgium","Type of Animal":"Chicken"},"geometry":{"type":"Point","coordinates":[4.5368,50.164]}},{"type":"Feature","properties":{"CountryName":"Belgium","Type of Animal":"Chicken"},"geometry":{"type":"Point","coordinates":[5.3421073,50.15758]}},{"type":"Feature","properties":{"CountryName":"Belgium","Type of Animal":"Chicken"},"geometry":{"type":"Point","coordinates":[5.0148935,50.6051]}},{"type":"Feature","properties":{"CountryName":"Belgium","Type of Animal":"Chicken"},"geometry":{"type":"Point","coordinates":[4.4145,50.2384]}},{"type":"Feature","properties":{"CountryName":"Belgium","Type of Animal":"Chicken"},"geometry":{"type":"Point","coordinates":[5.5913,50.4648]}},{"type":"Feature","properties":{"CountryName":"Belgium","Type of Animal":"Chicken"},"geometry":{"type":"Point","coordinates":[5.2786665,50.71378]}},{"type":"Feature","properties":{"CountryName":"Belgium","Type of Animal":"Chicken"},"geometry":{"type":"Point","coordinates":[4.3489,50.1684]}},{"type":"Feature","properties":{"CountryName":"Belgium","Type of Animal":"Chicken"},"geometry":{"type":"Point","coordinates":[4.3625,50.5325]}},{"type":"Feature","properties":{"CountryName":"Belgium","Type of Animal":"Chicken"},"geometry":{"type":"Point","coordinates":[4.6297,50.303]}},{"type":"Feature","properties":{"CountryName":"Belgium","Type of Animal":"Chicken"},"geometry":{"type":"Point","coordinates":[5.0641,50.363]}},{"type":"Feature","properties":{"CountryName":"Belgium","Type of Animal":"Chicken"},"geometry":{"type":"Point","coordinates":[4.7467,50.4892]}},{"type":"Feature","properties":{"CountryName":"Belgium","Type of Animal":"Pork"},"geometry":{"type":"Point","coordinates":[4.78971,51.46352]}},{"type":"Feature","properties":{"CountryName":"Belgium","Type of Animal":"Pork"},"geometry":{"type":"Point","coordinates":[4.58227,51.41982]}},{"type":"Feature","properties":{"CountryName":"Belgium","Type of Animal":"Chicken"},"geometry":{"type":"Point","coordinates":[4.77196,51.36499]}},{"type":"Feature","properties":{"CountryName":"Belgium","Type of Animal":"Chicken"},"geometry":{"type":"Point","coordinates":[4.62708,51.41543]}},{"type":"Feature","properties":{"CountryName":"Belgium","Type of Animal":"Pork"},"geometry":{"type":"Point","coordinates":[4.68995,51.44757]}},{"type":"Feature","properties":{"CountryName":"Belgium","Type of Animal":"Pork"},"geometry":{"type":"Point","coordinates":[4.75664,51.45352]}},{"type":"Feature","properties":{"CountryName":"Belgium","Type of Animal":"Chicken"},"geometry":{"type":"Point","coordinates":[4.51332,51.40726]}},{"type":"Feature","properties":{"CountryName":"Belgium","Type of Animal":"Pork"},"geometry":{"type":"Point","coordinates":[4.49166,51.44363]}},{"type":"Feature","properties":{"CountryName":"Belgium","Type of Animal":"Pork"},"geometry":{"type":"Point","coordinates":[4.52235,51.42191]}},{"type":"Feature","properties":{"CountryName":"Belgium","Type of Animal":"Chicken"},"geometry":{"type":"Point","coordinates":[4.59957,51.41808]}},{"type":"Feature","properties":{"CountryName":"Belgium","Type of Animal":"Pork"},"geometry":{"type":"Point","coordinates":[5.01503,51.24749]}},{"type":"Feature","properties":{"CountryName":"Belgium","Type of Animal":"Chicken"},"geometry":{"type":"Point","coordinates":[5.01759,51.34902]}},{"type":"Feature","properties":{"CountryName":"Belgium","Type of Animal":"Pork"},"geometry":{"type":"Point","coordinates":[4.85437,51.23118]}},{"type":"Feature","properties":{"CountryName":"Belgium","Type of Animal":"Pork"},"geometry":{"type":"Point","coordinates":[4.85449,51.22997]}},{"type":"Feature","properties":{"CountryName":"Belgium","Type of Animal":"Chicken"},"geometry":{"type":"Point","coordinates":[5.02517,51.43821]}},{"type":"Feature","properties":{"CountryName":"Belgium","Type of Animal":"Chicken"},"geometry":{"type":"Point","coordinates":[5.02231,51.40778]}},{"type":"Feature","properties":{"CountryName":"Belgium","Type of Animal":"Chicken"},"geometry":{"type":"Point","coordinates":[5.02176,51.40421]}},{"type":"Feature","properties":{"CountryName":"Belgium","Type of Animal":"Chicken"},"geometry":{"type":"Point","coordinates":[5.0385,51.46906]}},{"type":"Feature","properties":{"CountryName":"Belgium","Type of Animal":"Pork"},"geometry":{"type":"Point","coordinates":[4.68755,51.4289]}},{"type":"Feature","properties":{"CountryName":"Belgium","Type of Animal":"Pork"},"geometry":{"type":"Point","coordinates":[4.5865,51.3429]}},{"type":"Feature","properties":{"CountryName":"Belgium","Type of Animal":"Pork"},"geometry":{"type":"Point","coordinates":[4.51922,51.41114]}},{"type":"Feature","properties":{"CountryName":"Belgium","Type of Animal":"Chicken"},"geometry":{"type":"Point","coordinates":[5.10605,51.3449]}},{"type":"Feature","properties":{"CountryName":"Belgium","Type of Animal":"Chicken"},"geometry":{"type":"Point","coordinates":[4.7172,51.43382]}},{"type":"Feature","properties":{"CountryName":"Belgium","Type of Animal":"Pork"},"geometry":{"type":"Point","coordinates":[4.72082,51.43529]}},{"type":"Feature","properties":{"CountryName":"Belgium","Type of Animal":"Pork"},"geometry":{"type":"Point","coordinates":[4.75194,51.46199]}},{"type":"Feature","properties":{"CountryName":"Belgium","Type of Animal":"Chicken"},"geometry":{"type":"Point","coordinates":[5.11863,51.16427]}},{"type":"Feature","properties":{"CountryName":"Belgium","Type of Animal":"Pork"},"geometry":{"type":"Point","coordinates":[4.81372,51.43183]}},{"type":"Feature","properties":{"CountryName":"Belgium","Type of Animal":"Pork"},"geometry":{"type":"Point","coordinates":[4.62723,51.35876]}},{"type":"Feature","properties":{"CountryName":"Belgium","Type of Animal":"Pork"},"geometry":{"type":"Point","coordinates":[4.79931,51.363]}},{"type":"Feature","properties":{"CountryName":"Belgium","Type of Animal":"Chicken"},"geometry":{"type":"Point","coordinates":[4.91744,51.34231]}},{"type":"Feature","properties":{"CountryName":"Belgium","Type of Animal":"Pork"},"geometry":{"type":"Point","coordinates":[4.80032,51.48131]}},{"type":"Feature","properties":{"CountryName":"Belgium","Type of Animal":"Chicken"},"geometry":{"type":"Point","coordinates":[5.10828,51.25495]}},{"type":"Feature","properties":{"CountryName":"Belgium","Type of Animal":"Chicken"},"geometry":{"type":"Point","coordinates":[4.49065,51.44919]}},{"type":"Feature","properties":{"CountryName":"Belgium","Type of Animal":"Chicken"},"geometry":{"type":"Point","coordinates":[4.49324,51.44725]}},{"type":"Feature","properties":{"CountryName":"Belgium","Type of Animal":"Chicken"},"geometry":{"type":"Point","coordinates":[4.58515,51.40484]}},{"type":"Feature","properties":{"CountryName":"Belgium","Type of Animal":"Chicken"},"geometry":{"type":"Point","coordinates":[4.6995,51.4257]}},{"type":"Feature","properties":{"CountryName":"Belgium","Type of Animal":"Chicken"},"geometry":{"type":"Point","coordinates":[4.77772,51.3973]}},{"type":"Feature","properties":{"CountryName":"Belgium","Type of Animal":"Pork"},"geometry":{"type":"Point","coordinates":[4.67228,51.40788]}},{"type":"Feature","properties":{"CountryName":"Belgium","Type of Animal":"Pork"},"geometry":{"type":"Point","coordinates":[4.76014,51.49473]}},{"type":"Feature","properties":{"CountryName":"Belgium","Type of Animal":"Pork"},"geometry":{"type":"Point","coordinates":[4.85506,51.38133]}},{"type":"Feature","properties":{"CountryName":"Belgium","Type of Animal":"Pork"},"geometry":{"type":"Point","coordinates":[5.18459,51.13396]}},{"type":"Feature","properties":{"CountryName":"Belgium","Type of Animal":"Pork"},"geometry":{"type":"Point","coordinates":[5.02535,51.43664]}},{"type":"Feature","properties":{"CountryName":"Belgium","Type of Animal":"Chicken"},"geometry":{"type":"Point","coordinates":[4.86164,51.34192]}},{"type":"Feature","properties":{"CountryName":"Belgium","Type of Animal":"Pork"},"geometry":{"type":"Point","coordinates":[4.50826,51.45222]}},{"type":"Feature","properties":{"CountryName":"Belgium","Type of Animal":"Pork"},"geometry":{"type":"Point","coordinates":[5.0983,51.24939]}},{"type":"Feature","properties":{"CountryName":"Belgium","Type of Animal":"Pork"},"geometry":{"type":"Point","coordinates":[4.55084,51.37213]}},{"type":"Feature","properties":{"CountryName":"Belgium","Type of Animal":"Chicken"},"geometry":{"type":"Point","coordinates":[4.86754,51.22247]}},{"type":"Feature","properties":{"CountryName":"Belgium","Type of Animal":"Chicken"},"geometry":{"type":"Point","coordinates":[4.74132,51.42358]}},{"type":"Feature","properties":{"CountryName":"Belgium","Type of Animal":"Pork"},"geometry":{"type":"Point","coordinates":[4.87825,51.24121]}},{"type":"Feature","properties":{"CountryName":"Belgium","Type of Animal":"Pork"},"geometry":{"type":"Point","coordinates":[4.52549,51.39441]}},{"type":"Feature","properties":{"CountryName":"Belgium","Type of Animal":"Chicken"},"geometry":{"type":"Point","coordinates":[4.77838,51.44073]}},{"type":"Feature","properties":{"CountryName":"Belgium","Type of Animal":"Chicken"},"geometry":{"type":"Point","coordinates":[4.78588,51.43417]}},{"type":"Feature","properties":{"CountryName":"Belgium","Type of Animal":"Chicken"},"geometry":{"type":"Point","coordinates":[4.74539,51.43326]}},{"type":"Feature","properties":{"CountryName":"Belgium","Type of Animal":"Pork"},"geometry":{"type":"Point","coordinates":[4.67237,51.30931]}},{"type":"Feature","properties":{"CountryName":"Belgium","Type of Animal":"Pork"},"geometry":{"type":"Point","coordinates":[4.81015,51.23318]}},{"type":"Feature","properties":{"CountryName":"Belgium","Type of Animal":"Pork"},"geometry":{"type":"Point","coordinates":[4.81157,51.22247]}},{"type":"Feature","properties":{"CountryName":"Belgium","Type of Animal":"Pork"},"geometry":{"type":"Point","coordinates":[5.22889,51.15659]}},{"type":"Feature","properties":{"CountryName":"Belgium","Type of Animal":"Chicken"},"geometry":{"type":"Point","coordinates":[4.70458,51.3274]}},{"type":"Feature","properties":{"CountryName":"Belgium","Type of Animal":"Chicken"},"geometry":{"type":"Point","coordinates":[4.75634,51.439]}},{"type":"Feature","properties":{"CountryName":"Belgium","Type of Animal":"Chicken"},"geometry":{"type":"Point","coordinates":[4.97727,51.26827]}},{"type":"Feature","properties":{"CountryName":"Belgium","Type of Animal":"Pork"},"geometry":{"type":"Point","coordinates":[4.7529,51.4589]}},{"type":"Feature","properties":{"CountryName":"Belgium","Type of Animal":"Chicken"},"geometry":{"type":"Point","coordinates":[4.99594,51.37829]}},{"type":"Feature","properties":{"CountryName":"Belgium","Type of Animal":"Pork"},"geometry":{"type":"Point","coordinates":[4.84897,51.27757]}},{"type":"Feature","properties":{"CountryName":"Belgium","Type of Animal":"Chicken"},"geometry":{"type":"Point","coordinates":[5.03558,51.42264]}},{"type":"Feature","properties":{"CountryName":"Belgium","Type of Animal":"Pork"},"geometry":{"type":"Point","coordinates":[5.05928,51.30941]}},{"type":"Feature","properties":{"CountryName":"Belgium","Type of Animal":"Pork"},"geometry":{"type":"Point","coordinates":[4.60361,51.41245]}},{"type":"Feature","properties":{"CountryName":"Belgium","Type of Animal":"Pork"},"geometry":{"type":"Point","coordinates":[4.86438,51.24306]}},{"type":"Feature","properties":{"CountryName":"Belgium","Type of Animal":"Chicken"},"geometry":{"type":"Point","coordinates":[5.01045,51.26103]}},{"type":"Feature","properties":{"CountryName":"Belgium","Type of Animal":"Pork"},"geometry":{"type":"Point","coordinates":[5.03068,51.41918]}},{"type":"Feature","properties":{"CountryName":"Belgium","Type of Animal":"Pork"},"geometry":{"type":"Point","coordinates":[5.03587,51.41827]}},{"type":"Feature","properties":{"CountryName":"Belgium","Type of Animal":"Chicken"},"geometry":{"type":"Point","coordinates":[4.82862,51.47493]}},{"type":"Feature","properties":{"CountryName":"Belgium","Type of Animal":"Chicken"},"geometry":{"type":"Point","coordinates":[4.71005,51.33392]}},{"type":"Feature","properties":{"CountryName":"Belgium","Type of Animal":"Chicken"},"geometry":{"type":"Point","coordinates":[4.80401,51.37523]}},{"type":"Feature","properties":{"CountryName":"Belgium","Type of Animal":"Chicken"},"geometry":{"type":"Point","coordinates":[4.78982,51.04196]}},{"type":"Feature","properties":{"CountryName":"Belgium","Type of Animal":"Chicken"},"geometry":{"type":"Point","coordinates":[4.77203,51.5046]}},{"type":"Feature","properties":{"CountryName":"Belgium","Type of Animal":"Chicken"},"geometry":{"type":"Point","coordinates":[4.85628,51.39023]}},{"type":"Feature","properties":{"CountryName":"Belgium","Type of Animal":"Pork"},"geometry":{"type":"Point","coordinates":[4.7252,51.37992]}},{"type":"Feature","properties":{"CountryName":"Belgium","Type of Animal":"Chicken"},"geometry":{"type":"Point","coordinates":[4.91299,51.38682]}},{"type":"Feature","properties":{"CountryName":"Belgium","Type of Animal":"Chicken"},"geometry":{"type":"Point","coordinates":[5.0486,51.36355]}},{"type":"Feature","properties":{"CountryName":"Belgium","Type of Animal":"Chicken"},"geometry":{"type":"Point","coordinates":[5.00468,51.37953]}},{"type":"Feature","properties":{"CountryName":"Belgium","Type of Animal":"Chicken"},"geometry":{"type":"Point","coordinates":[5.03072,51.41214]}},{"type":"Feature","properties":{"CountryName":"Belgium","Type of Animal":"Chicken"},"geometry":{"type":"Point","coordinates":[4.96812,51.42381]}},{"type":"Feature","properties":{"CountryName":"Belgium","Type of Animal":"Chicken"},"geometry":{"type":"Point","coordinates":[5.02998,51.37949]}},{"type":"Feature","properties":{"CountryName":"Belgium","Type of Animal":"Chicken"},"geometry":{"type":"Point","coordinates":[4.57669,51.37871]}},{"type":"Feature","properties":{"CountryName":"Belgium","Type of Animal":"Chicken"},"geometry":{"type":"Point","coordinates":[4.51392,51.47355]}},{"type":"Feature","properties":{"CountryName":"Belgium","Type of Animal":"Chicken"},"geometry":{"type":"Point","coordinates":[4.98196,51.27879]}},{"type":"Feature","properties":{"CountryName":"Belgium","Type of Animal":"Chicken"},"geometry":{"type":"Point","coordinates":[4.81005,51.14913]}},{"type":"Feature","properties":{"CountryName":"Belgium","Type of Animal":"Chicken"},"geometry":{"type":"Point","coordinates":[4.96808,51.1446]}},{"type":"Feature","properties":{"CountryName":"Belgium","Type of Animal":"Chicken"},"geometry":{"type":"Point","coordinates":[4.95627,51.17084]}},{"type":"Feature","properties":{"CountryName":"Belgium","Type of Animal":"Pork"},"geometry":{"type":"Point","coordinates":[4.83339,51.47778]}},{"type":"Feature","properties":{"CountryName":"Belgium","Type of Animal":"Pork"},"geometry":{"type":"Point","coordinates":[4.74795,51.32504]}},{"type":"Feature","properties":{"CountryName":"Belgium","Type of Animal":"Chicken"},"geometry":{"type":"Point","coordinates":[4.75871,51.37507]}},{"type":"Feature","properties":{"CountryName":"Belgium","Type of Animal":"Chicken"},"geometry":{"type":"Point","coordinates":[4.78227,51.38465]}},{"type":"Feature","properties":{"CountryName":"Belgium","Type of Animal":"Pork"},"geometry":{"type":"Point","coordinates":[4.81096,51.38895]}},{"type":"Feature","properties":{"CountryName":"Belgium","Type of Animal":"Pork"},"geometry":{"type":"Point","coordinates":[4.78935,51.47822]}},{"type":"Feature","properties":{"CountryName":"Belgium","Type of Animal":"Pork"},"geometry":{"type":"Point","coordinates":[4.78339,51.47181]}},{"type":"Feature","properties":{"CountryName":"Belgium","Type of Animal":"Chicken"},"geometry":{"type":"Point","coordinates":[4.71404,51.43419]}},{"type":"Feature","properties":{"CountryName":"Belgium","Type of Animal":"Pork"},"geometry":{"type":"Point","coordinates":[4.6897,51.09566]}},{"type":"Feature","properties":{"CountryName":"Belgium","Type of Animal":"Chicken"},"geometry":{"type":"Point","coordinates":[4.85031,51.37245]}},{"type":"Feature","properties":{"CountryName":"Belgium","Type of Animal":"Chicken"},"geometry":{"type":"Point","coordinates":[4.67349,51.43672]}},{"type":"Feature","properties":{"CountryName":"Belgium","Type of Animal":"Chicken"},"geometry":{"type":"Point","coordinates":[4.98638,51.28886]}},{"type":"Feature","properties":{"CountryName":"Belgium","Type of Animal":"Chicken"},"geometry":{"type":"Point","coordinates":[5.00318,51.18618]}},{"type":"Feature","properties":{"CountryName":"Belgium","Type of Animal":"Chicken"},"geometry":{"type":"Point","coordinates":[4.78116,51.3936]}},{"type":"Feature","properties":{"CountryName":"Belgium","Type of Animal":"Chicken"},"geometry":{"type":"Point","coordinates":[4.71284,51.30732]}},{"type":"Feature","properties":{"CountryName":"Belgium","Type of Animal":"Chicken"},"geometry":{"type":"Point","coordinates":[4.59273,51.41481]}},{"type":"Feature","properties":{"CountryName":"Belgium","Type of Animal":"Chicken"},"geometry":{"type":"Point","coordinates":[4.49721,51.46099]}},{"type":"Feature","properties":{"CountryName":"Belgium","Type of Animal":"Chicken"},"geometry":{"type":"Point","coordinates":[4.56226,51.38672]}},{"type":"Feature","properties":{"CountryName":"Belgium","Type of Animal":"Pork"},"geometry":{"type":"Point","coordinates":[4.76598,51.32268]}},{"type":"Feature","properties":{"CountryName":"Belgium","Type of Animal":"Pork"},"geometry":{"type":"Point","coordinates":[4.71397,51.44847]}},{"type":"Feature","properties":{"CountryName":"Belgium","Type of Animal":"Pork"},"geometry":{"type":"Point","coordinates":[4.89615,51.34994]}},{"type":"Feature","properties":{"CountryName":"Belgium","Type of Animal":"Chicken"},"geometry":{"type":"Point","coordinates":[5.03403,51.39104]}},{"type":"Feature","properties":{"CountryName":"Belgium","Type of Animal":"Chicken"},"geometry":{"type":"Point","coordinates":[4.60721,51.41913]}},{"type":"Feature","properties":{"CountryName":"Belgium","Type of Animal":"Chicken"},"geometry":{"type":"Point","coordinates":[5.07418,51.47021]}},{"type":"Feature","properties":{"CountryName":"Belgium","Type of Animal":"Pork"},"geometry":{"type":"Point","coordinates":[4.66045,51.34847]}},{"type":"Feature","properties":{"CountryName":"Belgium","Type of Animal":"Pork"},"geometry":{"type":"Point","coordinates":[5.11215,51.33729]}},{"type":"Feature","properties":{"CountryName":"Belgium","Type of Animal":"Pork"},"geometry":{"type":"Point","coordinates":[5.04704,51.31277]}},{"type":"Feature","properties":{"CountryName":"Belgium","Type of Animal":"Pork"},"geometry":{"type":"Point","coordinates":[4.64524,51.3816]}},{"type":"Feature","properties":{"CountryName":"Belgium","Type of Animal":"Chicken"},"geometry":{"type":"Point","coordinates":[4.41589,51.45693]}},{"type":"Feature","properties":{"CountryName":"Belgium","Type of Animal":"Pork"},"geometry":{"type":"Point","coordinates":[4.90144,51.35412]}},{"type":"Feature","properties":{"CountryName":"Belgium","Type of Animal":"Chicken"},"geometry":{"type":"Point","coordinates":[4.92928,51.39128]}},{"type":"Feature","properties":{"CountryName":"Belgium","Type of Animal":"Chicken"},"geometry":{"type":"Point","coordinates":[5.06015,51.29951]}},{"type":"Feature","properties":{"CountryName":"Belgium","Type of Animal":"Chicken"},"geometry":{"type":"Point","coordinates":[5.02825,51.34955]}},{"type":"Feature","properties":{"CountryName":"Belgium","Type of Animal":"Pork"},"geometry":{"type":"Point","coordinates":[4.5205,51.39015]}},{"type":"Feature","properties":{"CountryName":"Belgium","Type of Animal":"Chicken"},"geometry":{"type":"Point","coordinates":[4.97145,51.21257]}},{"type":"Feature","properties":{"CountryName":"Belgium","Type of Animal":"Pork"},"geometry":{"type":"Point","coordinates":[4.7193,51.42038]}},{"type":"Feature","properties":{"CountryName":"Belgium","Type of Animal":"Chicken"},"geometry":{"type":"Point","coordinates":[4.95923,51.15679]}},{"type":"Feature","properties":{"CountryName":"Belgium","Type of Animal":"Pork"},"geometry":{"type":"Point","coordinates":[5.08133,51.43162]}},{"type":"Feature","properties":{"CountryName":"Belgium","Type of Animal":"Chicken"},"geometry":{"type":"Point","coordinates":[4.6688,51.32331]}},{"type":"Feature","properties":{"CountryName":"Belgium","Type of Animal":"Pork"},"geometry":{"type":"Point","coordinates":[4.64717,51.38163]}},{"type":"Feature","properties":{"CountryName":"Belgium","Type of Animal":"Chicken"},"geometry":{"type":"Point","coordinates":[5.09087,51.29686]}},{"type":"Feature","properties":{"CountryName":"Belgium","Type of Animal":"Chicken"},"geometry":{"type":"Point","coordinates":[4.96362,51.28573]}},{"type":"Feature","properties":{"CountryName":"Belgium","Type of Animal":"Pork"},"geometry":{"type":"Point","coordinates":[4.64257,51.41421]}},{"type":"Feature","properties":{"CountryName":"Belgium","Type of Animal":"Chicken"},"geometry":{"type":"Point","coordinates":[5.01609,51.25313]}},{"type":"Feature","properties":{"CountryName":"Belgium","Type of Animal":"Pork"},"geometry":{"type":"Point","coordinates":[4.73261,51.41406]}},{"type":"Feature","properties":{"CountryName":"Belgium","Type of Animal":"Chicken"},"geometry":{"type":"Point","coordinates":[4.84822,51.37537]}},{"type":"Feature","properties":{"CountryName":"Belgium","Type of Animal":"Chicken"},"geometry":{"type":"Point","coordinates":[4.74192,51.47921]}},{"type":"Feature","properties":{"CountryName":"Belgium","Type of Animal":"Chicken"},"geometry":{"type":"Point","coordinates":[4.91821,51.34568]}},{"type":"Feature","properties":{"CountryName":"Belgium","Type of Animal":"Chicken"},"geometry":{"type":"Point","coordinates":[4.83892,51.21631]}},{"type":"Feature","properties":{"CountryName":"Belgium","Type of Animal":"Chicken"},"geometry":{"type":"Point","coordinates":[5.04169,51.36043]}},{"type":"Feature","properties":{"CountryName":"Belgium","Type of Animal":"Chicken"},"geometry":{"type":"Point","coordinates":[4.59992,51.41183]}},{"type":"Feature","properties":{"CountryName":"Belgium","Type of Animal":"Chicken"},"geometry":{"type":"Point","coordinates":[4.99229,51.213]}},{"type":"Feature","properties":{"CountryName":"Belgium","Type of Animal":"Chicken"},"geometry":{"type":"Point","coordinates":[5.09092,51.10838]}},{"type":"Feature","properties":{"CountryName":"Belgium","Type of Animal":"Pork"},"geometry":{"type":"Point","coordinates":[4.56996,51.38282]}},{"type":"Feature","properties":{"CountryName":"Belgium","Type of Animal":"Chicken"},"geometry":{"type":"Point","coordinates":[5.03319,51.29802]}},{"type":"Feature","properties":{"CountryName":"Belgium","Type of Animal":"Pork"},"geometry":{"type":"Point","coordinates":[4.77922,51.22161]}},{"type":"Feature","properties":{"CountryName":"Belgium","Type of Animal":"Pork"},"geometry":{"type":"Point","coordinates":[4.87143,51.22246]}},{"type":"Feature","properties":{"CountryName":"Belgium","Type of Animal":"Pork"},"geometry":{"type":"Point","coordinates":[4.71769,51.31185]}},{"type":"Feature","properties":{"CountryName":"Belgium","Type of Animal":"Chicken"},"geometry":{"type":"Point","coordinates":[4.81197,51.47368]}},{"type":"Feature","properties":{"CountryName":"Belgium","Type of Animal":"Chicken"},"geometry":{"type":"Point","coordinates":[4.73043,51.4686]}},{"type":"Feature","properties":{"CountryName":"Belgium","Type of Animal":"Pork"},"geometry":{"type":"Point","coordinates":[4.68297,51.42408]}},{"type":"Feature","properties":{"CountryName":"Belgium","Type of Animal":"Pork"},"geometry":{"type":"Point","coordinates":[4.75011,51.37686]}},{"type":"Feature","properties":{"CountryName":"Belgium","Type of Animal":"Pork"},"geometry":{"type":"Point","coordinates":[5.05878,51.43559]}},{"type":"Feature","properties":{"CountryName":"Belgium","Type of Animal":"Pork"},"geometry":{"type":"Point","coordinates":[5.03181,51.42766]}},{"type":"Feature","properties":{"CountryName":"Belgium","Type of Animal":"Chicken"},"geometry":{"type":"Point","coordinates":[4.60078,51.42843]}},{"type":"Feature","properties":{"CountryName":"Belgium","Type of Animal":"Chicken"},"geometry":{"type":"Point","coordinates":[4.60842,51.42589]}},{"type":"Feature","properties":{"CountryName":"Belgium","Type of Animal":"Chicken"},"geometry":{"type":"Point","coordinates":[5.07266,51.37142]}},{"type":"Feature","properties":{"CountryName":"Belgium","Type of Animal":"Chicken"},"geometry":{"type":"Point","coordinates":[5.13219,51.13025]}},{"type":"Feature","properties":{"CountryName":"Belgium","Type of Animal":"Chicken"},"geometry":{"type":"Point","coordinates":[4.90427,51.29588]}},{"type":"Feature","properties":{"CountryName":"Belgium","Type of Animal":"Chicken"},"geometry":{"type":"Point","coordinates":[4.69896,51.37296]}},{"type":"Feature","properties":{"CountryName":"Belgium","Type of Animal":"Pork"},"geometry":{"type":"Point","coordinates":[5.01881,51.24768]}},{"type":"Feature","properties":{"CountryName":"Belgium","Type of Animal":"Pork"},"geometry":{"type":"Point","coordinates":[4.99077,51.32888]}},{"type":"Feature","properties":{"CountryName":"Belgium","Type of Animal":"Chicken"},"geometry":{"type":"Point","coordinates":[4.9328,51.14689]}},{"type":"Feature","properties":{"CountryName":"Belgium","Type of Animal":"Chicken"},"geometry":{"type":"Point","coordinates":[5.03454,51.43016]}},{"type":"Feature","properties":{"CountryName":"Belgium","Type of Animal":"Chicken"},"geometry":{"type":"Point","coordinates":[4.93099,51.27572]}},{"type":"Feature","properties":{"CountryName":"Belgium","Type of Animal":"Pork"},"geometry":{"type":"Point","coordinates":[4.52491,51.44728]}},{"type":"Feature","properties":{"CountryName":"Belgium","Type of Animal":"Pork"},"geometry":{"type":"Point","coordinates":[4.47979,51.41036]}},{"type":"Feature","properties":{"CountryName":"Belgium","Type of Animal":"Pork"},"geometry":{"type":"Point","coordinates":[4.71447,51.37365]}},{"type":"Feature","properties":{"CountryName":"Belgium","Type of Animal":"Chicken"},"geometry":{"type":"Point","coordinates":[4.66845,51.41557]}},{"type":"Feature","properties":{"CountryName":"Belgium","Type of Animal":"Chicken"},"geometry":{"type":"Point","coordinates":[4.97618,51.27824]}},{"type":"Feature","properties":{"CountryName":"Belgium","Type of Animal":"Chicken"},"geometry":{"type":"Point","coordinates":[4.9713,51.27721]}},{"type":"Feature","properties":{"CountryName":"Belgium","Type of Animal":"Chicken"},"geometry":{"type":"Point","coordinates":[4.90025,51.36405]}},{"type":"Feature","properties":{"CountryName":"Belgium","Type of Animal":"Chicken"},"geometry":{"type":"Point","coordinates":[4.89608,51.33873]}},{"type":"Feature","properties":{"CountryName":"Belgium","Type of Animal":"Chicken"},"geometry":{"type":"Point","coordinates":[5.03037,51.42845]}},{"type":"Feature","properties":{"CountryName":"Belgium","Type of Animal":"Chicken"},"geometry":{"type":"Point","coordinates":[4.48661,51.37556]}},{"type":"Feature","properties":{"CountryName":"Belgium","Type of Animal":"Pork"},"geometry":{"type":"Point","coordinates":[4.69353,51.42032]}},{"type":"Feature","properties":{"CountryName":"Belgium","Type of Animal":"Pork"},"geometry":{"type":"Point","coordinates":[4.99079,51.4144]}},{"type":"Feature","properties":{"CountryName":"Belgium","Type of Animal":"Pork"},"geometry":{"type":"Point","coordinates":[5.07073,51.46028]}},{"type":"Feature","properties":{"CountryName":"Belgium","Type of Animal":"Pork"},"geometry":{"type":"Point","coordinates":[4.69057,51.41896]}},{"type":"Feature","properties":{"CountryName":"Belgium","Type of Animal":"Chicken"},"geometry":{"type":"Point","coordinates":[4.42238,51.11473]}},{"type":"Feature","properties":{"CountryName":"Belgium","Type of Animal":"Chicken"},"geometry":{"type":"Point","coordinates":[4.97361,51.2125]}},{"type":"Feature","properties":{"CountryName":"Belgium","Type of Animal":"Pork"},"geometry":{"type":"Point","coordinates":[4.71563,51.41187]}},{"type":"Feature","properties":{"CountryName":"Belgium","Type of Animal":"Chicken"},"geometry":{"type":"Point","coordinates":[4.79682,51.29561]}},{"type":"Feature","properties":{"CountryName":"Belgium","Type of Animal":"Chicken"},"geometry":{"type":"Point","coordinates":[4.67895,51.38602]}},{"type":"Feature","properties":{"CountryName":"Belgium","Type of Animal":"Pork"},"geometry":{"type":"Point","coordinates":[4.6481,51.37251]}},{"type":"Feature","properties":{"CountryName":"Belgium","Type of Animal":"Pork"},"geometry":{"type":"Point","coordinates":[4.7383,51.45293]}},{"type":"Feature","properties":{"CountryName":"Belgium","Type of Animal":"Pork"},"geometry":{"type":"Point","coordinates":[4.75703,51.46439]}},{"type":"Feature","properties":{"CountryName":"Belgium","Type of Animal":"Pork"},"geometry":{"type":"Point","coordinates":[4.63133,51.3863]}},{"type":"Feature","properties":{"CountryName":"Belgium","Type of Animal":"Chicken"},"geometry":{"type":"Point","coordinates":[4.77434,51.3122]}},{"type":"Feature","properties":{"CountryName":"Belgium","Type of Animal":"Pork"},"geometry":{"type":"Point","coordinates":[4.69219,51.45061]}},{"type":"Feature","properties":{"CountryName":"Belgium","Type of Animal":"Chicken"},"geometry":{"type":"Point","coordinates":[5.07234,51.45958]}},{"type":"Feature","properties":{"CountryName":"Belgium","Type of Animal":"Chicken"},"geometry":{"type":"Point","coordinates":[4.79526,51.12744]}},{"type":"Feature","properties":{"CountryName":"Belgium","Type of Animal":"Chicken"},"geometry":{"type":"Point","coordinates":[4.68037,51.41091]}},{"type":"Feature","properties":{"CountryName":"Belgium","Type of Animal":"Chicken"},"geometry":{"type":"Point","coordinates":[4.72899,51.35142]}},{"type":"Feature","properties":{"CountryName":"Belgium","Type of Animal":"Chicken"},"geometry":{"type":"Point","coordinates":[5.13321,50.94854]}},{"type":"Feature","properties":{"CountryName":"Belgium","Type of Animal":"Chicken"},"geometry":{"type":"Point","coordinates":[5.79112,51.13377]}},{"type":"Feature","properties":{"CountryName":"Belgium","Type of Animal":"Pork"},"geometry":{"type":"Point","coordinates":[5.51057,51.07659]}},{"type":"Feature","properties":{"CountryName":"Belgium","Type of Animal":"Chicken"},"geometry":{"type":"Point","coordinates":[5.51328,51.2526]}},{"type":"Feature","properties":{"CountryName":"Belgium","Type of Animal":"Chicken"},"geometry":{"type":"Point","coordinates":[5.76705,51.06637]}},{"type":"Feature","properties":{"CountryName":"Belgium","Type of Animal":"Chicken"},"geometry":{"type":"Point","coordinates":[5.76762,51.06636]}},{"type":"Feature","properties":{"CountryName":"Belgium","Type of Animal":"Chicken"},"geometry":{"type":"Point","coordinates":[5.80041,51.14688]}},{"type":"Feature","properties":{"CountryName":"Belgium","Type of Animal":"Chicken"},"geometry":{"type":"Point","coordinates":[5.7638,51.18252]}},{"type":"Feature","properties":{"CountryName":"Belgium","Type of Animal":"Chicken"},"geometry":{"type":"Point","coordinates":[5.75668,51.18056]}},{"type":"Feature","properties":{"CountryName":"Belgium","Type of Animal":"Chicken"},"geometry":{"type":"Point","coordinates":[5.37774,51.11557]}},{"type":"Feature","properties":{"CountryName":"Belgium","Type of Animal":"Chicken"},"geometry":{"type":"Point","coordinates":[5.67899,51.11631]}},{"type":"Feature","properties":{"CountryName":"Belgium","Type of Animal":"Chicken"},"geometry":{"type":"Point","coordinates":[5.76689,51.15327]}},{"type":"Feature","properties":{"CountryName":"Belgium","Type of Animal":"Chicken"},"geometry":{"type":"Point","coordinates":[5.76674,51.1524]}},{"type":"Feature","properties":{"CountryName":"Belgium","Type of Animal":"Chicken"},"geometry":{"type":"Point","coordinates":[5.63262,50.84749]}},{"type":"Feature","properties":{"CountryName":"Belgium","Type of Animal":"Pork"},"geometry":{"type":"Point","coordinates":[5.09242,50.9193]}},{"type":"Feature","properties":{"CountryName":"Belgium","Type of Animal":"Chicken"},"geometry":{"type":"Point","coordinates":[5.50709,51.18723]}},{"type":"Feature","properties":{"CountryName":"Belgium","Type of Animal":"Chicken"},"geometry":{"type":"Point","coordinates":[5.41743,51.24744]}},{"type":"Feature","properties":{"CountryName":"Belgium","Type of Animal":"Pork"},"geometry":{"type":"Point","coordinates":[5.60889,51.17795]}},{"type":"Feature","properties":{"CountryName":"Belgium","Type of Animal":"Pork"},"geometry":{"type":"Point","coordinates":[5.6792,51.14263]}},{"type":"Feature","properties":{"CountryName":"Belgium","Type of Animal":"Pork"},"geometry":{"type":"Point","coordinates":[5.50446,51.18536]}},{"type":"Feature","properties":{"CountryName":"Belgium","Type of Animal":"Chicken"},"geometry":{"type":"Point","coordinates":[5.76995,51.08948]}},{"type":"Feature","properties":{"CountryName":"Belgium","Type of Animal":"Pork"},"geometry":{"type":"Point","coordinates":[5.58745,51.1575]}},{"type":"Feature","properties":{"CountryName":"Belgium","Type of Animal":"Pork"},"geometry":{"type":"Point","coordinates":[5.44904,51.07249]}},{"type":"Feature","properties":{"CountryName":"Belgium","Type of Animal":"Pork"},"geometry":{"type":"Point","coordinates":[5.5807,51.18972]}},{"type":"Feature","properties":{"CountryName":"Belgium","Type of Animal":"Chicken"},"geometry":{"type":"Point","coordinates":[5.55826,50.96073]}},{"type":"Feature","properties":{"CountryName":"Belgium","Type of Animal":"Chicken"},"geometry":{"type":"Point","coordinates":[5.52816,51.23046]}},{"type":"Feature","properties":{"CountryName":"Belgium","Type of Animal":"Chicken"},"geometry":{"type":"Point","coordinates":[5.64407,51.15308]}},{"type":"Feature","properties":{"CountryName":"Belgium","Type of Animal":"Chicken"},"geometry":{"type":"Point","coordinates":[5.58781,50.99118]}},{"type":"Feature","properties":{"CountryName":"Belgium","Type of Animal":"Chicken"},"geometry":{"type":"Point","coordinates":[5.60699,50.92737]}},{"type":"Feature","properties":{"CountryName":"Belgium","Type of Animal":"Chicken"},"geometry":{"type":"Point","coordinates":[5.54259,51.26829]}},{"type":"Feature","properties":{"CountryName":"Belgium","Type of Animal":"Chicken"},"geometry":{"type":"Point","coordinates":[5.48429,51.11844]}},{"type":"Feature","properties":{"CountryName":"Belgium","Type of Animal":"Pork"},"geometry":{"type":"Point","coordinates":[5.41015,51.08903]}},{"type":"Feature","properties":{"CountryName":"Belgium","Type of Animal":"Chicken"},"geometry":{"type":"Point","coordinates":[5.49296,50.75818]}},{"type":"Feature","properties":{"CountryName":"Belgium","Type of Animal":"Chicken"},"geometry":{"type":"Point","coordinates":[5.37297,50.85036]}},{"type":"Feature","properties":{"CountryName":"Belgium","Type of Animal":"Pork"},"geometry":{"type":"Point","coordinates":[5.67482,51.13871]}},{"type":"Feature","properties":{"CountryName":"Belgium","Type of Animal":"Chicken"},"geometry":{"type":"Point","coordinates":[5.48621,51.07031]}},{"type":"Feature","properties":{"CountryName":"Belgium","Type of Animal":"Chicken"},"geometry":{"type":"Point","coordinates":[5.41099,51.11365]}},{"type":"Feature","properties":{"CountryName":"Belgium","Type of Animal":"Chicken"},"geometry":{"type":"Point","coordinates":[5.17655,50.78711]}},{"type":"Feature","properties":{"CountryName":"Belgium","Type of Animal":"Chicken"},"geometry":{"type":"Point","coordinates":[5.50658,51.16782]}},{"type":"Feature","properties":{"CountryName":"Belgium","Type of Animal":"Chicken"},"geometry":{"type":"Point","coordinates":[5.51079,51.16751]}},{"type":"Feature","properties":{"CountryName":"Belgium","Type of Animal":"Pork"},"geometry":{"type":"Point","coordinates":[5.72039,51.18412]}},{"type":"Feature","properties":{"CountryName":"Belgium","Type of Animal":"Chicken"},"geometry":{"type":"Point","coordinates":[5.42751,51.25716]}},{"type":"Feature","properties":{"CountryName":"Belgium","Type of Animal":"Chicken"},"geometry":{"type":"Point","coordinates":[5.53874,51.27369]}},{"type":"Feature","properties":{"CountryName":"Belgium","Type of Animal":"Chicken"},"geometry":{"type":"Point","coordinates":[5.59283,51.18607]}},{"type":"Feature","properties":{"CountryName":"Belgium","Type of Animal":"Chicken"},"geometry":{"type":"Point","coordinates":[5.4187,51.24742]}},{"type":"Feature","properties":{"CountryName":"Belgium","Type of Animal":"Chicken"},"geometry":{"type":"Point","coordinates":[5.65661,51.14809]}},{"type":"Feature","properties":{"CountryName":"Belgium","Type of Animal":"Chicken"},"geometry":{"type":"Point","coordinates":[5.75875,51.11513]}},{"type":"Feature","properties":{"CountryName":"Belgium","Type of Animal":"Chicken"},"geometry":{"type":"Point","coordinates":[5.26648,50.82446]}},{"type":"Feature","properties":{"CountryName":"Belgium","Type of Animal":"Chicken"},"geometry":{"type":"Point","coordinates":[5.26773,51.23539]}},{"type":"Feature","properties":{"CountryName":"Belgium","Type of Animal":"Chicken"},"geometry":{"type":"Point","coordinates":[5.12652,50.93055]}},{"type":"Feature","properties":{"CountryName":"Belgium","Type of Animal":"Pork"},"geometry":{"type":"Point","coordinates":[5.54866,51.14599]}},{"type":"Feature","properties":{"CountryName":"Belgium","Type of Animal":"Pork"},"geometry":{"type":"Point","coordinates":[3.096,51.09633]}},{"type":"Feature","properties":{"CountryName":"Belgium","Type of Animal":"Pork"},"geometry":{"type":"Point","coordinates":[3.47109,50.99264]}},{"type":"Feature","properties":{"CountryName":"Belgium","Type of Animal":"Pork"},"geometry":{"type":"Point","coordinates":[3.42004,51.08479]}},{"type":"Feature","properties":{"CountryName":"Belgium","Type of Animal":"Chicken"},"geometry":{"type":"Point","coordinates":[3.60948,50.88204]}},{"type":"Feature","properties":{"CountryName":"Belgium","Type of Animal":"Pork"},"geometry":{"type":"Point","coordinates":[3.60763,51.19528]}},{"type":"Feature","properties":{"CountryName":"Belgium","Type of Animal":"Chicken"},"geometry":{"type":"Point","coordinates":[4.189,51.24061]}},{"type":"Feature","properties":{"CountryName":"Belgium","Type of Animal":"Chicken"},"geometry":{"type":"Point","coordinates":[3.80649,51.09386]}},{"type":"Feature","properties":{"CountryName":"Belgium","Type of Animal":"Pork"},"geometry":{"type":"Point","coordinates":[3.41939,51.10346]}},{"type":"Feature","properties":{"CountryName":"Belgium","Type of Animal":"Chicken"},"geometry":{"type":"Point","coordinates":[3.73774,51.26067]}},{"type":"Feature","properties":{"CountryName":"Belgium","Type of Animal":"Pork"},"geometry":{"type":"Point","coordinates":[3.4113,51.0926]}},{"type":"Feature","properties":{"CountryName":"Belgium","Type of Animal":"Chicken"},"geometry":{"type":"Point","coordinates":[3.6453,51.27701]}},{"type":"Feature","properties":{"CountryName":"Belgium","Type of Animal":"Chicken"},"geometry":{"type":"Point","coordinates":[4.12799,51.1385]}},{"type":"Feature","properties":{"CountryName":"Belgium","Type of Animal":"Pork"},"geometry":{"type":"Point","coordinates":[4.1485,51.19712]}},{"type":"Feature","properties":{"CountryName":"Belgium","Type of Animal":"Pork"},"geometry":{"type":"Point","coordinates":[3.97668,51.21788]}},{"type":"Feature","properties":{"CountryName":"Belgium","Type of Animal":"Chicken"},"geometry":{"type":"Point","coordinates":[4.17114,51.20824]}},{"type":"Feature","properties":{"CountryName":"Belgium","Type of Animal":"Pork"},"geometry":{"type":"Point","coordinates":[3.399,51.1269]}},{"type":"Feature","properties":{"CountryName":"Belgium","Type of Animal":"Chicken"},"geometry":{"type":"Point","coordinates":[3.42001,51.08379]}},{"type":"Feature","properties":{"CountryName":"Belgium","Type of Animal":"Chicken"},"geometry":{"type":"Point","coordinates":[3.49282,50.89825]}},{"type":"Feature","properties":{"CountryName":"Belgium","Type of Animal":"Chicken"},"geometry":{"type":"Point","coordinates":[3.47633,50.91821]}},{"type":"Feature","properties":{"CountryName":"Belgium","Type of Animal":"Chicken"},"geometry":{"type":"Point","coordinates":[3.88044,51.18356]}},{"type":"Feature","properties":{"CountryName":"Belgium","Type of Animal":"Chicken"},"geometry":{"type":"Point","coordinates":[3.45672,51.03798]}},{"type":"Feature","properties":{"CountryName":"Belgium","Type of Animal":"Chicken"},"geometry":{"type":"Point","coordinates":[3.71545,50.93054]}},{"type":"Feature","properties":{"CountryName":"Belgium","Type of Animal":"Chicken"},"geometry":{"type":"Point","coordinates":[3.61208,51.19835]}},{"type":"Feature","properties":{"CountryName":"Belgium","Type of Animal":"Chicken"},"geometry":{"type":"Point","coordinates":[3.51101,51.21848]}},{"type":"Feature","properties":{"CountryName":"Belgium","Type of Animal":"Chicken"},"geometry":{"type":"Point","coordinates":[3.45187,51.03274]}},{"type":"Feature","properties":{"CountryName":"Belgium","Type of Animal":"Chicken"},"geometry":{"type":"Point","coordinates":[3.64248,51.15665]}},{"type":"Feature","properties":{"CountryName":"Belgium","Type of Animal":"Chicken"},"geometry":{"type":"Point","coordinates":[3.53173,51.27262]}},{"type":"Feature","properties":{"CountryName":"Belgium","Type of Animal":"Pork"},"geometry":{"type":"Point","coordinates":[4.15239,51.22012]}},{"type":"Feature","properties":{"CountryName":"Belgium","Type of Animal":"Chicken"},"geometry":{"type":"Point","coordinates":[4.11527,51.26725]}},{"type":"Feature","properties":{"CountryName":"Belgium","Type of Animal":"Chicken"},"geometry":{"type":"Point","coordinates":[3.43703,51.07496]}},{"type":"Feature","properties":{"CountryName":"Belgium","Type of Animal":"Chicken"},"geometry":{"type":"Point","coordinates":[3.71975,50.86933]}},{"type":"Feature","properties":{"CountryName":"Belgium","Type of Animal":"Chicken"},"geometry":{"type":"Point","coordinates":[3.99769,51.1784]}},{"type":"Feature","properties":{"CountryName":"Belgium","Type of Animal":"Pork"},"geometry":{"type":"Point","coordinates":[3.47266,51.03545]}},{"type":"Feature","properties":{"CountryName":"Belgium","Type of Animal":"Chicken"},"geometry":{"type":"Point","coordinates":[4.10359,51.22481]}},{"type":"Feature","properties":{"CountryName":"Belgium","Type of Animal":"Pork"},"geometry":{"type":"Point","coordinates":[3.49993,50.93553]}},{"type":"Feature","properties":{"CountryName":"Belgium","Type of Animal":"Pork"},"geometry":{"type":"Point","coordinates":[3.56755,50.94341]}},{"type":"Feature","properties":{"CountryName":"Belgium","Type of Animal":"Pork"},"geometry":{"type":"Point","coordinates":[3.99644,51.15119]}},{"type":"Feature","properties":{"CountryName":"Belgium","Type of Animal":"Pork"},"geometry":{"type":"Point","coordinates":[3.69526,51.2085]}},{"type":"Feature","properties":{"CountryName":"Belgium","Type of Animal":"Chicken"},"geometry":{"type":"Point","coordinates":[3.68033,51.21244]}},{"type":"Feature","properties":{"CountryName":"Belgium","Type of Animal":"Chicken"},"geometry":{"type":"Point","coordinates":[4.18647,51.30557]}},{"type":"Feature","properties":{"CountryName":"Belgium","Type of Animal":"Chicken"},"geometry":{"type":"Point","coordinates":[4.14859,50.94845]}},{"type":"Feature","properties":{"CountryName":"Belgium","Type of Animal":"Chicken"},"geometry":{"type":"Point","coordinates":[3.48092,50.87822]}},{"type":"Feature","properties":{"CountryName":"Belgium","Type of Animal":"Pork"},"geometry":{"type":"Point","coordinates":[3.50306,50.77298]}},{"type":"Feature","properties":{"CountryName":"Belgium","Type of Animal":"Pork"},"geometry":{"type":"Point","coordinates":[3.63759,51.20748]}},{"type":"Feature","properties":{"CountryName":"Belgium","Type of Animal":"Pork"},"geometry":{"type":"Point","coordinates":[3.42756,51.17401]}},{"type":"Feature","properties":{"CountryName":"Belgium","Type of Animal":"Pork"},"geometry":{"type":"Point","coordinates":[3.41763,51.11917]}},{"type":"Feature","properties":{"CountryName":"Belgium","Type of Animal":"Pork"},"geometry":{"type":"Point","coordinates":[3.60806,51.19586]}},{"type":"Feature","properties":{"CountryName":"Belgium","Type of Animal":"Chicken"},"geometry":{"type":"Point","coordinates":[4.08215,51.21983]}},{"type":"Feature","properties":{"CountryName":"Belgium","Type of Animal":"Pork"},"geometry":{"type":"Point","coordinates":[3.5081,50.9331]}},{"type":"Feature","properties":{"CountryName":"Belgium","Type of Animal":"Chicken"},"geometry":{"type":"Point","coordinates":[3.71686,50.87264]}},{"type":"Feature","properties":{"CountryName":"Belgium","Type of Animal":"Pork"},"geometry":{"type":"Point","coordinates":[3.48375,51.16354]}},{"type":"Feature","properties":{"CountryName":"Belgium","Type of Animal":"Pork"},"geometry":{"type":"Point","coordinates":[3.90953,51.08428]}},{"type":"Feature","properties":{"CountryName":"Belgium","Type of Animal":"Pork"},"geometry":{"type":"Point","coordinates":[3.50216,50.97069]}},{"type":"Feature","properties":{"CountryName":"Belgium","Type of Animal":"Pork"},"geometry":{"type":"Point","coordinates":[3.40922,51.11741]}},{"type":"Feature","properties":{"CountryName":"Belgium","Type of Animal":"Chicken"},"geometry":{"type":"Point","coordinates":[3.43508,50.95129]}},{"type":"Feature","properties":{"CountryName":"Belgium","Type of Animal":"Chicken"},"geometry":{"type":"Point","coordinates":[3.46788,50.98543]}},{"type":"Feature","properties":{"CountryName":"Belgium","Type of Animal":"Chicken"},"geometry":{"type":"Point","coordinates":[3.34144,51.09546]}},{"type":"Feature","properties":{"CountryName":"Belgium","Type of Animal":"Pork"},"geometry":{"type":"Point","coordinates":[3.80279,51.09464]}},{"type":"Feature","properties":{"CountryName":"Belgium","Type of Animal":"Chicken"},"geometry":{"type":"Point","coordinates":[3.61777,51.25145]}},{"type":"Feature","properties":{"CountryName":"Belgium","Type of Animal":"Pork"},"geometry":{"type":"Point","coordinates":[3.39905,51.12547]}},{"type":"Feature","properties":{"CountryName":"Belgium","Type of Animal":"Pork"},"geometry":{"type":"Point","coordinates":[3.46592,51.0212]}},{"type":"Feature","properties":{"CountryName":"Belgium","Type of Animal":"Chicken"},"geometry":{"type":"Point","coordinates":[3.56921,50.80641]}},{"type":"Feature","properties":{"CountryName":"Belgium","Type of Animal":"Chicken"},"geometry":{"type":"Point","coordinates":[4.1063,51.23836]}},{"type":"Feature","properties":{"CountryName":"Belgium","Type of Animal":"Chicken"},"geometry":{"type":"Point","coordinates":[3.44356,51.13417]}},{"type":"Feature","properties":{"CountryName":"Belgium","Type of Animal":"Pork"},"geometry":{"type":"Point","coordinates":[3.56797,50.94892]}},{"type":"Feature","properties":{"CountryName":"Belgium","Type of Animal":"Chicken"},"geometry":{"type":"Point","coordinates":[4.0758,51.05348]}},{"type":"Feature","properties":{"CountryName":"Belgium","Type of Animal":"Chicken"},"geometry":{"type":"Point","coordinates":[3.68184,51.25203]}},{"type":"Feature","properties":{"CountryName":"Belgium","Type of Animal":"Chicken"},"geometry":{"type":"Point","coordinates":[3.69145,51.25367]}},{"type":"Feature","properties":{"CountryName":"Belgium","Type of Animal":"Chicken"},"geometry":{"type":"Point","coordinates":[3.50867,51.05922]}},{"type":"Feature","properties":{"CountryName":"Belgium","Type of Animal":"Chicken"},"geometry":{"type":"Point","coordinates":[3.57037,51.23191]}},{"type":"Feature","properties":{"CountryName":"Belgium","Type of Animal":"Pork"},"geometry":{"type":"Point","coordinates":[3.55109,51.27394]}},{"type":"Feature","properties":{"CountryName":"Belgium","Type of Animal":"Pork"},"geometry":{"type":"Point","coordinates":[4.28317,51.1769]}},{"type":"Feature","properties":{"CountryName":"Belgium","Type of Animal":"Pork"},"geometry":{"type":"Point","coordinates":[4.14826,50.92527]}},{"type":"Feature","properties":{"CountryName":"Belgium","Type of Animal":"Chicken"},"geometry":{"type":"Point","coordinates":[3.94309,51.03632]}},{"type":"Feature","properties":{"CountryName":"Belgium","Type of Animal":"Pork"},"geometry":{"type":"Point","coordinates":[4.09324,51.21634]}},{"type":"Feature","properties":{"CountryName":"Belgium","Type of Animal":"Chicken"},"geometry":{"type":"Point","coordinates":[3.56246,51.049]}},{"type":"Feature","properties":{"CountryName":"Belgium","Type of Animal":"Chicken"},"geometry":{"type":"Point","coordinates":[4.04331,51.13792]}},{"type":"Feature","properties":{"CountryName":"Belgium","Type of Animal":"Chicken"},"geometry":{"type":"Point","coordinates":[3.93379,51.09024]}},{"type":"Feature","properties":{"CountryName":"Belgium","Type of Animal":"Chicken"},"geometry":{"type":"Point","coordinates":[3.45589,51.02875]}},{"type":"Feature","properties":{"CountryName":"Belgium","Type of Animal":"Pork"},"geometry":{"type":"Point","coordinates":[3.4554,51.02921]}},{"type":"Feature","properties":{"CountryName":"Belgium","Type of Animal":"Chicken"},"geometry":{"type":"Point","coordinates":[3.39962,51.08087]}},{"type":"Feature","properties":{"CountryName":"Belgium","Type of Animal":"Pork"},"geometry":{"type":"Point","coordinates":[4.17769,51.28285]}},{"type":"Feature","properties":{"CountryName":"Belgium","Type of Animal":"Pork"},"geometry":{"type":"Point","coordinates":[4.23953,51.22778]}},{"type":"Feature","properties":{"CountryName":"Belgium","Type of Animal":"Pork"},"geometry":{"type":"Point","coordinates":[4.24385,51.23029]}},{"type":"Feature","properties":{"CountryName":"Belgium","Type of Animal":"Chicken"},"geometry":{"type":"Point","coordinates":[3.45218,50.95088]}},{"type":"Feature","properties":{"CountryName":"Belgium","Type of Animal":"Chicken"},"geometry":{"type":"Point","coordinates":[4.20678,51.32435]}},{"type":"Feature","properties":{"CountryName":"Belgium","Type of Animal":"Pork"},"geometry":{"type":"Point","coordinates":[4.11191,51.19509]}},{"type":"Feature","properties":{"CountryName":"Belgium","Type of Animal":"Pork"},"geometry":{"type":"Point","coordinates":[3.51415,50.85849]}},{"type":"Feature","properties":{"CountryName":"Belgium","Type of Animal":"Chicken"},"geometry":{"type":"Point","coordinates":[3.7306,51.21515]}},{"type":"Feature","properties":{"CountryName":"Belgium","Type of Animal":"Chicken"},"geometry":{"type":"Point","coordinates":[3.53294,51.04363]}},{"type":"Feature","properties":{"CountryName":"Belgium","Type of Animal":"Chicken"},"geometry":{"type":"Point","coordinates":[4.17032,51.22817]}},{"type":"Feature","properties":{"CountryName":"Belgium","Type of Animal":"Chicken"},"geometry":{"type":"Point","coordinates":[4.16692,51.20747]}},{"type":"Feature","properties":{"CountryName":"Belgium","Type of Animal":"Chicken"},"geometry":{"type":"Point","coordinates":[3.42283,51.11851]}},{"type":"Feature","properties":{"CountryName":"Belgium","Type of Animal":"Pork"},"geometry":{"type":"Point","coordinates":[3.49454,50.8631]}},{"type":"Feature","properties":{"CountryName":"Belgium","Type of Animal":"Pork"},"geometry":{"type":"Point","coordinates":[3.38623,51.11502]}},{"type":"Feature","properties":{"CountryName":"Belgium","Type of Animal":"Chicken"},"geometry":{"type":"Point","coordinates":[4.30116,51.19789]}},{"type":"Feature","properties":{"CountryName":"Belgium","Type of Animal":"Pork"},"geometry":{"type":"Point","coordinates":[3.49071,51.05097]}},{"type":"Feature","properties":{"CountryName":"Belgium","Type of Animal":"Chicken"},"geometry":{"type":"Point","coordinates":[3.39852,51.08125]}},{"type":"Feature","properties":{"CountryName":"Belgium","Type of Animal":"Pork"},"geometry":{"type":"Point","coordinates":[4.16505,51.25533]}},{"type":"Feature","properties":{"CountryName":"Belgium","Type of Animal":"Pork"},"geometry":{"type":"Point","coordinates":[3.56688,51.0308]}},{"type":"Feature","properties":{"CountryName":"Belgium","Type of Animal":"Pork"},"geometry":{"type":"Point","coordinates":[4.03986,51.16872]}},{"type":"Feature","properties":{"CountryName":"Belgium","Type of Animal":"Pork"},"geometry":{"type":"Point","coordinates":[3.58651,51.20138]}},{"type":"Feature","properties":{"CountryName":"Belgium","Type of Animal":"Pork"},"geometry":{"type":"Point","coordinates":[3.78063,50.96505]}},{"type":"Feature","properties":{"CountryName":"Belgium","Type of Animal":"Chicken"},"geometry":{"type":"Point","coordinates":[3.5832,51.14239]}},{"type":"Feature","properties":{"CountryName":"Belgium","Type of Animal":"Chicken"},"geometry":{"type":"Point","coordinates":[3.56685,51.22221]}},{"type":"Feature","properties":{"CountryName":"Belgium","Type of Animal":"Chicken"},"geometry":{"type":"Point","coordinates":[3.68185,51.21091]}},{"type":"Feature","properties":{"CountryName":"Belgium","Type of Animal":"Chicken"},"geometry":{"type":"Point","coordinates":[4.10311,51.22479]}},{"type":"Feature","properties":{"CountryName":"Belgium","Type of Animal":"Chicken"},"geometry":{"type":"Point","coordinates":[3.83844,51.07796]}},{"type":"Feature","properties":{"CountryName":"Belgium","Type of Animal":"Chicken"},"geometry":{"type":"Point","coordinates":[4.05746,51.19752]}},{"type":"Feature","properties":{"CountryName":"Belgium","Type of Animal":"Chicken"},"geometry":{"type":"Point","coordinates":[4.11794,51.24055]}},{"type":"Feature","properties":{"CountryName":"Belgium","Type of Animal":"Chicken"},"geometry":{"type":"Point","coordinates":[4.7671,51.00675]}},{"type":"Feature","properties":{"CountryName":"Belgium","Type of Animal":"Pork"},"geometry":{"type":"Point","coordinates":[4.13312,50.74577]}},{"type":"Feature","properties":{"CountryName":"Belgium","Type of Animal":"Pork"},"geometry":{"type":"Point","coordinates":[5.00845,50.96283]}},{"type":"Feature","properties":{"CountryName":"Belgium","Type of Animal":"Chicken"},"geometry":{"type":"Point","coordinates":[5.0991,51.04326]}},{"type":"Feature","properties":{"CountryName":"Belgium","Type of Animal":"Pork"},"geometry":{"type":"Point","coordinates":[4.23547,50.92676]}},{"type":"Feature","properties":{"CountryName":"Belgium","Type of Animal":"Pork"},"geometry":{"type":"Point","coordinates":[4.81899,50.82099]}},{"type":"Feature","properties":{"CountryName":"Belgium","Type of Animal":"Chicken"},"geometry":{"type":"Point","coordinates":[4.95536,50.95942]}},{"type":"Feature","properties":{"CountryName":"Belgium","Type of Animal":"Pork"},"geometry":{"type":"Point","coordinates":[4.90077,50.83466]}},{"type":"Feature","properties":{"CountryName":"Belgium","Type of Animal":"Chicken"},"geometry":{"type":"Point","coordinates":[5.00269,50.84711]}},{"type":"Feature","properties":{"CountryName":"Belgium","Type of Animal":"Chicken"},"geometry":{"type":"Point","coordinates":[5.12155,51.04526]}},{"type":"Feature","properties":{"CountryName":"Belgium","Type of Animal":"Chicken"},"geometry":{"type":"Point","coordinates":[4.94302,50.94066]}},{"type":"Feature","properties":{"CountryName":"Belgium","Type of Animal":"Pork"},"geometry":{"type":"Point","coordinates":[5.10144,50.79833]}},{"type":"Feature","properties":{"CountryName":"Belgium","Type of Animal":"Pork"},"geometry":{"type":"Point","coordinates":[5.004,50.89233]}},{"type":"Feature","properties":{"CountryName":"Belgium","Type of Animal":"Pork"},"geometry":{"type":"Point","coordinates":[4.80029,50.91704]}},{"type":"Feature","properties":{"CountryName":"Belgium","Type of Animal":"Pork"},"geometry":{"type":"Point","coordinates":[5.00293,50.94771]}},{"type":"Feature","properties":{"CountryName":"Belgium","Type of Animal":"Chicken"},"geometry":{"type":"Point","coordinates":[4.23503,50.97787]}},{"type":"Feature","properties":{"CountryName":"Belgium","Type of Animal":"Chicken"},"geometry":{"type":"Point","coordinates":[4.22033,50.98985]}},{"type":"Feature","properties":{"CountryName":"Belgium","Type of Animal":"Chicken"},"geometry":{"type":"Point","coordinates":[4.05162,50.74612]}},{"type":"Feature","properties":{"CountryName":"Belgium","Type of Animal":"Chicken"},"geometry":{"type":"Point","coordinates":[4.98206,50.92276]}},{"type":"Feature","properties":{"CountryName":"Belgium","Type of Animal":"Pork"},"geometry":{"type":"Point","coordinates":[4.67803,50.94376]}},{"type":"Feature","properties":{"CountryName":"Belgium","Type of Animal":"Pork"},"geometry":{"type":"Point","coordinates":[4.9707,50.9572]}},{"type":"Feature","properties":{"CountryName":"Belgium","Type of Animal":"Pork"},"geometry":{"type":"Point","coordinates":[4.87996,50.80968]}},{"type":"Feature","properties":{"CountryName":"Belgium","Type of Animal":"Chicken"},"geometry":{"type":"Point","coordinates":[5.1433,50.86082]}},{"type":"Feature","properties":{"CountryName":"Belgium","Type of Animal":"Pork"},"geometry":{"type":"Point","coordinates":[2.81638,51.04851]}},{"type":"Feature","properties":{"CountryName":"Belgium","Type of Animal":"Pork"},"geometry":{"type":"Point","coordinates":[3.25502,51.09376]}},{"type":"Feature","properties":{"CountryName":"Belgium","Type of Animal":"Pork"},"geometry":{"type":"Point","coordinates":[3.28976,50.98008]}},{"type":"Feature","properties":{"CountryName":"Belgium","Type of Animal":"Pork"},"geometry":{"type":"Point","coordinates":[2.9411,50.92883]}},{"type":"Feature","properties":{"CountryName":"Belgium","Type of Animal":"Chicken"},"geometry":{"type":"Point","coordinates":[3.19448,50.99366]}},{"type":"Feature","properties":{"CountryName":"Belgium","Type of Animal":"Pork"},"geometry":{"type":"Point","coordinates":[3.23161,51.00848]}},{"type":"Feature","properties":{"CountryName":"Belgium","Type of Animal":"Pork"},"geometry":{"type":"Point","coordinates":[3.00031,51.00378]}},{"type":"Feature","properties":{"CountryName":"Belgium","Type of Animal":"Pork"},"geometry":{"type":"Point","coordinates":[2.90367,51.00399]}},{"type":"Feature","properties":{"CountryName":"Belgium","Type of Animal":"Pork"},"geometry":{"type":"Point","coordinates":[3.14372,50.99138]}},{"type":"Feature","properties":{"CountryName":"Belgium","Type of Animal":"Pork"},"geometry":{"type":"Point","coordinates":[3.201,50.9951]}},{"type":"Feature","properties":{"CountryName":"Belgium","Type of Animal":"Pork"},"geometry":{"type":"Point","coordinates":[3.19762,50.99253]}},{"type":"Feature","properties":{"CountryName":"Belgium","Type of Animal":"Pork"},"geometry":{"type":"Point","coordinates":[3.31507,51.06852]}},{"type":"Feature","properties":{"CountryName":"Belgium","Type of Animal":"Pork"},"geometry":{"type":"Point","coordinates":[3.29945,51.05202]}},{"type":"Feature","properties":{"CountryName":"Belgium","Type of Animal":"Pork"},"geometry":{"type":"Point","coordinates":[3.29171,51.07633]}},{"type":"Feature","properties":{"CountryName":"Belgium","Type of Animal":"Pork"},"geometry":{"type":"Point","coordinates":[3.28933,51.03087]}},{"type":"Feature","properties":{"CountryName":"Belgium","Type of Animal":"Chicken"},"geometry":{"type":"Point","coordinates":[3.39191,50.80249]}},{"type":"Feature","properties":{"CountryName":"Belgium","Type of Animal":"Chicken"},"geometry":{"type":"Point","coordinates":[3.39279,50.80217]}},{"type":"Feature","properties":{"CountryName":"Belgium","Type of Animal":"Pork"},"geometry":{"type":"Point","coordinates":[2.84633,51.09302]}},{"type":"Feature","properties":{"CountryName":"Belgium","Type of Animal":"Chicken"},"geometry":{"type":"Point","coordinates":[2.64176,50.97361]}},{"type":"Feature","properties":{"CountryName":"Belgium","Type of Animal":"Pork"},"geometry":{"type":"Point","coordinates":[3.0392,50.96023]}},{"type":"Feature","properties":{"CountryName":"Belgium","Type of Animal":"Pork"},"geometry":{"type":"Point","coordinates":[3.34888,51.05963]}},{"type":"Feature","properties":{"CountryName":"Belgium","Type of Animal":"Chicken"},"geometry":{"type":"Point","coordinates":[3.2372,50.9671]}},{"type":"Feature","properties":{"CountryName":"Belgium","Type of Animal":"Chicken"},"geometry":{"type":"Point","coordinates":[2.69067,50.89029]}},{"type":"Feature","properties":{"CountryName":"Belgium","Type of Animal":"Pork"},"geometry":{"type":"Point","coordinates":[3.16277,50.88063]}},{"type":"Feature","properties":{"CountryName":"Belgium","Type of Animal":"Pork"},"geometry":{"type":"Point","coordinates":[3.31735,50.79728]}},{"type":"Feature","properties":{"CountryName":"Belgium","Type of Animal":"Pork"},"geometry":{"type":"Point","coordinates":[2.76445,50.82615]}},{"type":"Feature","properties":{"CountryName":"Belgium","Type of Animal":"Chicken"},"geometry":{"type":"Point","coordinates":[2.74611,51.02032]}},{"type":"Feature","properties":{"CountryName":"Belgium","Type of Animal":"Chicken"},"geometry":{"type":"Point","coordinates":[2.90262,50.80849]}},{"type":"Feature","properties":{"CountryName":"Belgium","Type of Animal":"Pork"},"geometry":{"type":"Point","coordinates":[3.40743,51.02994]}},{"type":"Feature","properties":{"CountryName":"Belgium","Type of Animal":"Chicken"},"geometry":{"type":"Point","coordinates":[3.34848,51.03555]}},{"type":"Feature","properties":{"CountryName":"Belgium","Type of Animal":"Chicken"},"geometry":{"type":"Point","coordinates":[2.93776,51.05142]}},{"type":"Feature","properties":{"CountryName":"Belgium","Type of Animal":"Pork"},"geometry":{"type":"Point","coordinates":[2.96225,51.07647]}},{"type":"Feature","properties":{"CountryName":"Belgium","Type of Animal":"Chicken"},"geometry":{"type":"Point","coordinates":[2.93383,50.93352]}},{"type":"Feature","properties":{"CountryName":"Belgium","Type of Animal":"Chicken"},"geometry":{"type":"Point","coordinates":[3.31467,51.05185]}},{"type":"Feature","properties":{"CountryName":"Belgium","Type of Animal":"Pork"},"geometry":{"type":"Point","coordinates":[2.98295,50.98471]}},{"type":"Feature","properties":{"CountryName":"Belgium","Type of Animal":"Chicken"},"geometry":{"type":"Point","coordinates":[3.39011,50.81425]}},{"type":"Feature","properties":{"CountryName":"Belgium","Type of Animal":"Pork"},"geometry":{"type":"Point","coordinates":[3.07016,51.04271]}},{"type":"Feature","properties":{"CountryName":"Belgium","Type of Animal":"Chicken"},"geometry":{"type":"Point","coordinates":[2.85844,51.19306]}},{"type":"Feature","properties":{"CountryName":"Belgium","Type of Animal":"Pork"},"geometry":{"type":"Point","coordinates":[3.12906,51.05971]}},{"type":"Feature","properties":{"CountryName":"Belgium","Type of Animal":"Pork"},"geometry":{"type":"Point","coordinates":[2.98416,50.96296]}},{"type":"Feature","properties":{"CountryName":"Belgium","Type of Animal":"Chicken"},"geometry":{"type":"Point","coordinates":[2.72775,50.96033]}},{"type":"Feature","properties":{"CountryName":"Belgium","Type of Animal":"Pork"},"geometry":{"type":"Point","coordinates":[2.9977,51.04112]}},{"type":"Feature","properties":{"CountryName":"Belgium","Type of Animal":"Pork"},"geometry":{"type":"Point","coordinates":[3.02958,51.07072]}},{"type":"Feature","properties":{"CountryName":"Belgium","Type of Animal":"Chicken"},"geometry":{"type":"Point","coordinates":[2.63893,51.03009]}},{"type":"Feature","properties":{"CountryName":"Belgium","Type of Animal":"Chicken"},"geometry":{"type":"Point","coordinates":[3.26171,51.27954]}},{"type":"Feature","properties":{"CountryName":"Belgium","Type of Animal":"Chicken"},"geometry":{"type":"Point","coordinates":[3.37077,51.00786]}},{"type":"Feature","properties":{"CountryName":"Belgium","Type of Animal":"Pork"},"geometry":{"type":"Point","coordinates":[3.17217,50.99817]}},{"type":"Feature","properties":{"CountryName":"Belgium","Type of Animal":"Pork"},"geometry":{"type":"Point","coordinates":[3.24722,50.97607]}},{"type":"Feature","properties":{"CountryName":"Belgium","Type of Animal":"Pork"},"geometry":{"type":"Point","coordinates":[2.93257,50.98261]}},{"type":"Feature","properties":{"CountryName":"Belgium","Type of Animal":"Chicken"},"geometry":{"type":"Point","coordinates":[2.6241,50.96755]}},{"type":"Feature","properties":{"CountryName":"Belgium","Type of Animal":"Pork"},"geometry":{"type":"Point","coordinates":[2.93604,51.04618]}},{"type":"Feature","properties":{"CountryName":"Belgium","Type of Animal":"Chicken"},"geometry":{"type":"Point","coordinates":[2.95854,51.04656]}},{"type":"Feature","properties":{"CountryName":"Belgium","Type of Animal":"Chicken"},"geometry":{"type":"Point","coordinates":[2.6053,50.85574]}},{"type":"Feature","properties":{"CountryName":"Belgium","Type of Animal":"Pork"},"geometry":{"type":"Point","coordinates":[3.26099,51.03423]}},{"type":"Feature","properties":{"CountryName":"Belgium","Type of Animal":"Chicken"},"geometry":{"type":"Point","coordinates":[3.12629,50.81954]}},{"type":"Feature","properties":{"CountryName":"Belgium","Type of Animal":"Pork"},"geometry":{"type":"Point","coordinates":[3.05524,50.97316]}},{"type":"Feature","properties":{"CountryName":"Belgium","Type of Animal":"Pork"},"geometry":{"type":"Point","coordinates":[3.08604,51.1343]}},{"type":"Feature","properties":{"CountryName":"Belgium","Type of Animal":"Pork"},"geometry":{"type":"Point","coordinates":[3.32493,51.0389]}},{"type":"Feature","properties":{"CountryName":"Belgium","Type of Animal":"Chicken"},"geometry":{"type":"Point","coordinates":[3.00328,51.14179]}},{"type":"Feature","properties":{"CountryName":"Belgium","Type of Animal":"Chicken"},"geometry":{"type":"Point","coordinates":[3.40189,51.02578]}},{"type":"Feature","properties":{"CountryName":"Belgium","Type of Animal":"Pork"},"geometry":{"type":"Point","coordinates":[3.19,51.11579]}},{"type":"Feature","properties":{"CountryName":"Belgium","Type of Animal":"Chicken"},"geometry":{"type":"Point","coordinates":[3.36724,50.84193]}},{"type":"Feature","properties":{"CountryName":"Belgium","Type of Animal":"Chicken"},"geometry":{"type":"Point","coordinates":[3.27272,50.75277]}},{"type":"Feature","properties":{"CountryName":"Belgium","Type of Animal":"Pork"},"geometry":{"type":"Point","coordinates":[2.96804,50.90149]}},{"type":"Feature","properties":{"CountryName":"Belgium","Type of Animal":"Chicken"},"geometry":{"type":"Point","coordinates":[3.01656,50.96688]}},{"type":"Feature","properties":{"CountryName":"Belgium","Type of Animal":"Chicken"},"geometry":{"type":"Point","coordinates":[2.69335,51.07763]}},{"type":"Feature","properties":{"CountryName":"Belgium","Type of Animal":"Chicken"},"geometry":{"type":"Point","coordinates":[3.44086,50.79723]}},{"type":"Feature","properties":{"CountryName":"Belgium","Type of Animal":"Pork"},"geometry":{"type":"Point","coordinates":[3.34153,51.06066]}},{"type":"Feature","properties":{"CountryName":"Belgium","Type of Animal":"Chicken"},"geometry":{"type":"Point","coordinates":[2.64293,51.04603]}},{"type":"Feature","properties":{"CountryName":"Belgium","Type of Animal":"Pork"},"geometry":{"type":"Point","coordinates":[2.90916,51.06937]}},{"type":"Feature","properties":{"CountryName":"Belgium","Type of Animal":"Pork"},"geometry":{"type":"Point","coordinates":[3.04265,51.0366]}},{"type":"Feature","properties":{"CountryName":"Belgium","Type of Animal":"Pork"},"geometry":{"type":"Point","coordinates":[3.15484,51.09743]}},{"type":"Feature","properties":{"CountryName":"Belgium","Type of Animal":"Pork"},"geometry":{"type":"Point","coordinates":[3.37774,51.24796]}},{"type":"Feature","properties":{"CountryName":"Belgium","Type of Animal":"Pork"},"geometry":{"type":"Point","coordinates":[2.98565,51.05101]}},{"type":"Feature","properties":{"CountryName":"Belgium","Type of Animal":"Pork"},"geometry":{"type":"Point","coordinates":[3.18812,51.06862]}},{"type":"Feature","properties":{"CountryName":"Belgium","Type of Animal":"Pork"},"geometry":{"type":"Point","coordinates":[3.17203,51.09056]}},{"type":"Feature","properties":{"CountryName":"Belgium","Type of Animal":"Pork"},"geometry":{"type":"Point","coordinates":[2.63407,50.99287]}},{"type":"Feature","properties":{"CountryName":"Belgium","Type of Animal":"Chicken"},"geometry":{"type":"Point","coordinates":[3.42575,51.03341]}},{"type":"Feature","properties":{"CountryName":"Belgium","Type of Animal":"Pork"},"geometry":{"type":"Point","coordinates":[3.20106,50.87232]}},{"type":"Feature","properties":{"CountryName":"Belgium","Type of Animal":"Pork"},"geometry":{"type":"Point","coordinates":[3.24156,50.99808]}},{"type":"Feature","properties":{"CountryName":"Belgium","Type of Animal":"Pork"},"geometry":{"type":"Point","coordinates":[2.90847,50.92274]}},{"type":"Feature","properties":{"CountryName":"Belgium","Type of Animal":"Pork"},"geometry":{"type":"Point","coordinates":[2.73441,50.99798]}},{"type":"Feature","properties":{"CountryName":"Belgium","Type of Animal":"Chicken"},"geometry":{"type":"Point","coordinates":[2.77285,50.97835]}},{"type":"Feature","properties":{"CountryName":"Belgium","Type of Animal":"Chicken"},"geometry":{"type":"Point","coordinates":[3.29309,51.00134]}},{"type":"Feature","properties":{"CountryName":"Belgium","Type of Animal":"Pork"},"geometry":{"type":"Point","coordinates":[3.4231,51.04581]}},{"type":"Feature","properties":{"CountryName":"Belgium","Type of Animal":"Chicken"},"geometry":{"type":"Point","coordinates":[2.77062,50.98252]}},{"type":"Feature","properties":{"CountryName":"Belgium","Type of Animal":"Chicken"},"geometry":{"type":"Point","coordinates":[3.35054,50.96189]}},{"type":"Feature","properties":{"CountryName":"Belgium","Type of Animal":"Chicken"},"geometry":{"type":"Point","coordinates":[3.4706,50.8507]}},{"type":"Feature","properties":{"CountryName":"Belgium","Type of Animal":"Pork"},"geometry":{"type":"Point","coordinates":[2.90286,51.13622]}},{"type":"Feature","properties":{"CountryName":"Belgium","Type of Animal":"Pork"},"geometry":{"type":"Point","coordinates":[3.1622,51.03656]}},{"type":"Feature","properties":{"CountryName":"Belgium","Type of Animal":"Chicken"},"geometry":{"type":"Point","coordinates":[2.66592,51.04645]}},{"type":"Feature","properties":{"CountryName":"Belgium","Type of Animal":"Chicken"},"geometry":{"type":"Point","coordinates":[2.79028,51.11014]}},{"type":"Feature","properties":{"CountryName":"Belgium","Type of Animal":"Chicken"},"geometry":{"type":"Point","coordinates":[2.58066,51.02387]}},{"type":"Feature","properties":{"CountryName":"Belgium","Type of Animal":"Chicken"},"geometry":{"type":"Point","coordinates":[2.82911,51.06511]}},{"type":"Feature","properties":{"CountryName":"Belgium","Type of Animal":"Chicken"},"geometry":{"type":"Point","coordinates":[3.31755,51.30913]}},{"type":"Feature","properties":{"CountryName":"Belgium","Type of Animal":"Pork"},"geometry":{"type":"Point","coordinates":[3.0343,50.98103]}},{"type":"Feature","properties":{"CountryName":"Belgium","Type of Animal":"Pork"},"geometry":{"type":"Point","coordinates":[3.32711,51.05778]}},{"type":"Feature","properties":{"CountryName":"Belgium","Type of Animal":"Pork"},"geometry":{"type":"Point","coordinates":[3.06875,50.82459]}},{"type":"Feature","properties":{"CountryName":"Belgium","Type of Animal":"Pork"},"geometry":{"type":"Point","coordinates":[3.27978,50.98318]}},{"type":"Feature","properties":{"CountryName":"Belgium","Type of Animal":"Pork"},"geometry":{"type":"Point","coordinates":[3.2723,50.96013]}},{"type":"Feature","properties":{"CountryName":"Belgium","Type of Animal":"Chicken"},"geometry":{"type":"Point","coordinates":[3.06691,50.82007]}},{"type":"Feature","properties":{"CountryName":"Belgium","Type of Animal":"Pork"},"geometry":{"type":"Point","coordinates":[2.99336,50.92599]}},{"type":"Feature","properties":{"CountryName":"Belgium","Type of Animal":"Pork"},"geometry":{"type":"Point","coordinates":[3.06046,51.02116]}},{"type":"Feature","properties":{"CountryName":"Belgium","Type of Animal":"Pork"},"geometry":{"type":"Point","coordinates":[2.76264,50.96806]}},{"type":"Feature","properties":{"CountryName":"Belgium","Type of Animal":"Chicken"},"geometry":{"type":"Point","coordinates":[2.76051,50.96723]}},{"type":"Feature","properties":{"CountryName":"Belgium","Type of Animal":"Pork"},"geometry":{"type":"Point","coordinates":[3.49756,50.81]}},{"type":"Feature","properties":{"CountryName":"Belgium","Type of Animal":"Pork"},"geometry":{"type":"Point","coordinates":[3.18725,50.99205]}},{"type":"Feature","properties":{"CountryName":"Belgium","Type of Animal":"Chicken"},"geometry":{"type":"Point","coordinates":[2.60904,51.04361]}},{"type":"Feature","properties":{"CountryName":"Belgium","Type of Animal":"Pork"},"geometry":{"type":"Point","coordinates":[3.30416,51.12597]}},{"type":"Feature","properties":{"CountryName":"Belgium","Type of Animal":"Pork"},"geometry":{"type":"Point","coordinates":[3.15026,51.05407]}},{"type":"Feature","properties":{"CountryName":"Belgium","Type of Animal":"Pork"},"geometry":{"type":"Point","coordinates":[3.35646,50.99627]}},{"type":"Feature","properties":{"CountryName":"Belgium","Type of Animal":"Pork"},"geometry":{"type":"Point","coordinates":[3.24679,50.97421]}},{"type":"Feature","properties":{"CountryName":"Belgium","Type of Animal":"Pork"},"geometry":{"type":"Point","coordinates":[2.93797,51.0214]}},{"type":"Feature","properties":{"CountryName":"Belgium","Type of Animal":"Chicken"},"geometry":{"type":"Point","coordinates":[2.67542,50.90649]}},{"type":"Feature","properties":{"CountryName":"Belgium","Type of Animal":"Chicken"},"geometry":{"type":"Point","coordinates":[3.25261,51.22348]}},{"type":"Feature","properties":{"CountryName":"Belgium","Type of Animal":"Pork"},"geometry":{"type":"Point","coordinates":[2.98208,51.04642]}},{"type":"Feature","properties":{"CountryName":"Belgium","Type of Animal":"Chicken"},"geometry":{"type":"Point","coordinates":[3.19671,50.81776]}},{"type":"Feature","properties":{"CountryName":"Belgium","Type of Animal":"Pork"},"geometry":{"type":"Point","coordinates":[2.66678,50.96308]}},{"type":"Feature","properties":{"CountryName":"Belgium","Type of Animal":"Chicken"},"geometry":{"type":"Point","coordinates":[2.64883,51.09701]}},{"type":"Feature","properties":{"CountryName":"Belgium","Type of Animal":"Chicken"},"geometry":{"type":"Point","coordinates":[2.62406,51.09207]}},{"type":"Feature","properties":{"CountryName":"Belgium","Type of Animal":"Pork"},"geometry":{"type":"Point","coordinates":[2.8455,51.06381]}},{"type":"Feature","properties":{"CountryName":"Belgium","Type of Animal":"Chicken"},"geometry":{"type":"Point","coordinates":[2.83297,51.04647]}},{"type":"Feature","properties":{"CountryName":"Belgium","Type of Animal":"Chicken"},"geometry":{"type":"Point","coordinates":[3.36615,51.02933]}},{"type":"Feature","properties":{"CountryName":"Belgium","Type of Animal":"Chicken"},"geometry":{"type":"Point","coordinates":[2.75363,51.06446]}},{"type":"Feature","properties":{"CountryName":"Belgium","Type of Animal":"Pork"},"geometry":{"type":"Point","coordinates":[2.97373,50.8361]}},{"type":"Feature","properties":{"CountryName":"Belgium","Type of Animal":"Chicken"},"geometry":{"type":"Point","coordinates":[2.61396,50.91084]}},{"type":"Feature","properties":{"CountryName":"Belgium","Type of Animal":"Chicken"},"geometry":{"type":"Point","coordinates":[2.94426,50.89693]}},{"type":"Feature","properties":{"CountryName":"Belgium","Type of Animal":"Chicken"},"geometry":{"type":"Point","coordinates":[2.81077,50.78639]}},{"type":"Feature","properties":{"CountryName":"Belgium","Type of Animal":"Pork"},"geometry":{"type":"Point","coordinates":[2.89192,50.99482]}},{"type":"Feature","properties":{"CountryName":"Belgium","Type of Animal":"Pork"},"geometry":{"type":"Point","coordinates":[3.33032,51.03988]}},{"type":"Feature","properties":{"CountryName":"Belgium","Type of Animal":"Chicken"},"geometry":{"type":"Point","coordinates":[2.71393,51.06048]}},{"type":"Feature","properties":{"CountryName":"Belgium","Type of Animal":"Chicken"},"geometry":{"type":"Point","coordinates":[2.8779,50.89423]}},{"type":"Feature","properties":{"CountryName":"Belgium","Type of Animal":"Pork"},"geometry":{"type":"Point","coordinates":[3.01086,50.864]}},{"type":"Feature","properties":{"CountryName":"Belgium","Type of Animal":"Chicken"},"geometry":{"type":"Point","coordinates":[3.24807,51.06332]}},{"type":"Feature","properties":{"CountryName":"Belgium","Type of Animal":"Chicken"},"geometry":{"type":"Point","coordinates":[3.00108,50.81044]}},{"type":"Feature","properties":{"CountryName":"Belgium","Type of Animal":"Pork"},"geometry":{"type":"Point","coordinates":[3.07586,51.05508]}},{"type":"Feature","properties":{"CountryName":"Belgium","Type of Animal":"Pork"},"geometry":{"type":"Point","coordinates":[2.78074,51.0613]}},{"type":"Feature","properties":{"CountryName":"Belgium","Type of Animal":"Pork"},"geometry":{"type":"Point","coordinates":[3.38332,51.06278]}},{"type":"Feature","properties":{"CountryName":"Belgium","Type of Animal":"Pork"},"geometry":{"type":"Point","coordinates":[3.17616,50.90982]}},{"type":"Feature","properties":{"CountryName":"Belgium","Type of Animal":"Chicken"},"geometry":{"type":"Point","coordinates":[2.96131,50.81388]}},{"type":"Feature","properties":{"CountryName":"Belgium","Type of Animal":"Chicken"},"geometry":{"type":"Point","coordinates":[2.8123,50.89397]}},{"type":"Feature","properties":{"CountryName":"Belgium","Type of Animal":"Chicken"},"geometry":{"type":"Point","coordinates":[3.00583,51.00665]}},{"type":"Feature","properties":{"CountryName":"Belgium","Type of Animal":"Pork"},"geometry":{"type":"Point","coordinates":[3.13633,50.84474]}},{"type":"Feature","properties":{"CountryName":"Belgium","Type of Animal":"Pork"},"geometry":{"type":"Point","coordinates":[2.69178,50.95086]}},{"type":"Feature","properties":{"CountryName":"Belgium","Type of Animal":"Pork"},"geometry":{"type":"Point","coordinates":[3.22156,50.89681]}},{"type":"Feature","properties":{"CountryName":"Belgium","Type of Animal":"Pork"},"geometry":{"type":"Point","coordinates":[2.97993,50.89197]}},{"type":"Feature","properties":{"CountryName":"Belgium","Type of Animal":"Pork"},"geometry":{"type":"Point","coordinates":[3.03211,50.93914]}},{"type":"Feature","properties":{"CountryName":"Belgium","Type of Animal":"Pork"},"geometry":{"type":"Point","coordinates":[3.01078,50.98369]}},{"type":"Feature","properties":{"CountryName":"Belgium","Type of Animal":"Pork"},"geometry":{"type":"Point","coordinates":[3.0171,50.98407]}},{"type":"Feature","properties":{"CountryName":"Belgium","Type of Animal":"Chicken"},"geometry":{"type":"Point","coordinates":[2.64897,51.00264]}},{"type":"Feature","properties":{"CountryName":"Belgium","Type of Animal":"Chicken"},"geometry":{"type":"Point","coordinates":[3.16154,51.04151]}},{"type":"Feature","properties":{"CountryName":"Belgium","Type of Animal":"Chicken"},"geometry":{"type":"Point","coordinates":[3.40857,50.95473]}},{"type":"Feature","properties":{"CountryName":"Belgium","Type of Animal":"Pork"},"geometry":{"type":"Point","coordinates":[3.13716,50.87313]}},{"type":"Feature","properties":{"CountryName":"Belgium","Type of Animal":"Pork"},"geometry":{"type":"Point","coordinates":[2.69898,50.96977]}},{"type":"Feature","properties":{"CountryName":"Belgium","Type of Animal":"Pork"},"geometry":{"type":"Point","coordinates":[2.73324,50.98837]}},{"type":"Feature","properties":{"CountryName":"Belgium","Type of Animal":"Pork"},"geometry":{"type":"Point","coordinates":[2.95567,50.90603]}},{"type":"Feature","properties":{"CountryName":"Belgium","Type of Animal":"Pork"},"geometry":{"type":"Point","coordinates":[2.80532,51.03495]}},{"type":"Feature","properties":{"CountryName":"Belgium","Type of Animal":"Chicken"},"geometry":{"type":"Point","coordinates":[2.96067,51.16488]}},{"type":"Feature","properties":{"CountryName":"Belgium","Type of Animal":"Chicken"},"geometry":{"type":"Point","coordinates":[2.91152,50.96287]}},{"type":"Feature","properties":{"CountryName":"Belgium","Type of Animal":"Pork"},"geometry":{"type":"Point","coordinates":[3.06193,50.83992]}},{"type":"Feature","properties":{"CountryName":"Belgium","Type of Animal":"Pork"},"geometry":{"type":"Point","coordinates":[3.31118,51.16693]}},{"type":"Feature","properties":{"CountryName":"Belgium","Type of Animal":"Pork"},"geometry":{"type":"Point","coordinates":[3.00736,50.95278]}},{"type":"Feature","properties":{"CountryName":"Belgium","Type of Animal":"Chicken"},"geometry":{"type":"Point","coordinates":[3.03536,51.14571]}},{"type":"Feature","properties":{"CountryName":"Belgium","Type of Animal":"Pork"},"geometry":{"type":"Point","coordinates":[3.09017,50.9416]}},{"type":"Feature","properties":{"CountryName":"Belgium","Type of Animal":"Pork"},"geometry":{"type":"Point","coordinates":[3.02863,50.93052]}},{"type":"Feature","properties":{"CountryName":"Belgium","Type of Animal":"Chicken"},"geometry":{"type":"Point","coordinates":[3.30719,50.96925]}},{"type":"Feature","properties":{"CountryName":"Belgium","Type of Animal":"Chicken"},"geometry":{"type":"Point","coordinates":[3.05904,51.09773]}},{"type":"Feature","properties":{"CountryName":"Belgium","Type of Animal":"Pork"},"geometry":{"type":"Point","coordinates":[3.25198,50.94499]}},{"type":"Feature","properties":{"CountryName":"Belgium","Type of Animal":"Chicken"},"geometry":{"type":"Point","coordinates":[2.94571,50.77503]}},{"type":"Feature","properties":{"CountryName":"Belgium","Type of Animal":"Pork"},"geometry":{"type":"Point","coordinates":[2.85931,51.1176]}},{"type":"Feature","properties":{"CountryName":"Belgium","Type of Animal":"Chicken"},"geometry":{"type":"Point","coordinates":[2.71453,50.90608]}},{"type":"Feature","properties":{"CountryName":"Belgium","Type of Animal":"Chicken"},"geometry":{"type":"Point","coordinates":[2.70015,50.91324]}},{"type":"Feature","properties":{"CountryName":"Belgium","Type of Animal":"Pork"},"geometry":{"type":"Point","coordinates":[3.33988,50.96118]}},{"type":"Feature","properties":{"CountryName":"Belgium","Type of Animal":"Pork"},"geometry":{"type":"Point","coordinates":[3.32729,51.01407]}},{"type":"Feature","properties":{"CountryName":"Belgium","Type of Animal":"Pork"},"geometry":{"type":"Point","coordinates":[3.23557,51.10532]}},{"type":"Feature","properties":{"CountryName":"Belgium","Type of Animal":"Chicken"},"geometry":{"type":"Point","coordinates":[3.30908,50.90386]}},{"type":"Feature","properties":{"CountryName":"Belgium","Type of Animal":"Pork"},"geometry":{"type":"Point","coordinates":[3.08689,51.22284]}},{"type":"Feature","properties":{"CountryName":"Belgium","Type of Animal":"Pork"},"geometry":{"type":"Point","coordinates":[2.70174,50.96244]}},{"type":"Feature","properties":{"CountryName":"Belgium","Type of Animal":"Pork"},"geometry":{"type":"Point","coordinates":[2.67543,50.98083]}},{"type":"Feature","properties":{"CountryName":"Belgium","Type of Animal":"Chicken"},"geometry":{"type":"Point","coordinates":[3.26925,51.08274]}},{"type":"Feature","properties":{"CountryName":"Belgium","Type of Animal":"Chicken"},"geometry":{"type":"Point","coordinates":[3.26978,51.06714]}},{"type":"Feature","properties":{"CountryName":"Belgium","Type of Animal":"Chicken"},"geometry":{"type":"Point","coordinates":[3.27799,51.0912]}},{"type":"Feature","properties":{"CountryName":"Belgium","Type of Animal":"Chicken"},"geometry":{"type":"Point","coordinates":[3.18034,51.06695]}},{"type":"Feature","properties":{"CountryName":"Belgium","Type of Animal":"Chicken"},"geometry":{"type":"Point","coordinates":[3.19315,51.08169]}},{"type":"Feature","properties":{"CountryName":"Belgium","Type of Animal":"Pork"},"geometry":{"type":"Point","coordinates":[3.08083,51.1477]}},{"type":"Feature","properties":{"CountryName":"Belgium","Type of Animal":"Pork"},"geometry":{"type":"Point","coordinates":[3.08598,51.13068]}},{"type":"Feature","properties":{"CountryName":"Belgium","Type of Animal":"Pork"},"geometry":{"type":"Point","coordinates":[2.87294,50.75801]}},{"type":"Feature","properties":{"CountryName":"Belgium","Type of Animal":"Pork"},"geometry":{"type":"Point","coordinates":[2.69429,50.81958]}},{"type":"Feature","properties":{"CountryName":"Belgium","Type of Animal":"Chicken"},"geometry":{"type":"Point","coordinates":[2.69583,50.81943]}},{"type":"Feature","properties":{"CountryName":"Belgium","Type of Animal":"Pork"},"geometry":{"type":"Point","coordinates":[2.97583,50.97703]}},{"type":"Feature","properties":{"CountryName":"Belgium","Type of Animal":"Pork"},"geometry":{"type":"Point","coordinates":[3.19736,51.09167]}},{"type":"Feature","properties":{"CountryName":"Belgium","Type of Animal":"Pork"},"geometry":{"type":"Point","coordinates":[3.24046,51.10226]}},{"type":"Feature","properties":{"CountryName":"Belgium","Type of Animal":"Chicken"},"geometry":{"type":"Point","coordinates":[2.8554,50.96261]}},{"type":"Feature","properties":{"CountryName":"Belgium","Type of Animal":"Pork"},"geometry":{"type":"Point","coordinates":[3.0734,51.00034]}},{"type":"Feature","properties":{"CountryName":"Belgium","Type of Animal":"Pork"},"geometry":{"type":"Point","coordinates":[3.09805,51.03413]}},{"type":"Feature","properties":{"CountryName":"Belgium","Type of Animal":"Pork"},"geometry":{"type":"Point","coordinates":[3.15263,50.85976]}},{"type":"Feature","properties":{"CountryName":"Belgium","Type of Animal":"Pork"},"geometry":{"type":"Point","coordinates":[3.17668,50.98056]}},{"type":"Feature","properties":{"CountryName":"Belgium","Type of Animal":"Chicken"},"geometry":{"type":"Point","coordinates":[3.1046,50.89422]}},{"type":"Feature","properties":{"CountryName":"Belgium","Type of Animal":"Pork"},"geometry":{"type":"Point","coordinates":[3.11533,51.04652]}},{"type":"Feature","properties":{"CountryName":"Belgium","Type of Animal":"Pork"},"geometry":{"type":"Point","coordinates":[3.17064,51.01524]}},{"type":"Feature","properties":{"CountryName":"Belgium","Type of Animal":"Pork"},"geometry":{"type":"Point","coordinates":[3.16367,51.00963]}},{"type":"Feature","properties":{"CountryName":"Belgium","Type of Animal":"Chicken"},"geometry":{"type":"Point","coordinates":[3.25405,51.06283]}},{"type":"Feature","properties":{"CountryName":"Belgium","Type of Animal":"Chicken"},"geometry":{"type":"Point","coordinates":[3.24682,51.0598]}},{"type":"Feature","properties":{"CountryName":"Belgium","Type of Animal":"Pork"},"geometry":{"type":"Point","coordinates":[3.04328,50.93647]}},{"type":"Feature","properties":{"CountryName":"Belgium","Type of Animal":"Pork"},"geometry":{"type":"Point","coordinates":[3.18945,50.99473]}},{"type":"Feature","properties":{"CountryName":"Belgium","Type of Animal":"Pork"},"geometry":{"type":"Point","coordinates":[3.08223,51.04018]}},{"type":"Feature","properties":{"CountryName":"Belgium","Type of Animal":"Pork"},"geometry":{"type":"Point","coordinates":[3.09861,50.88539]}},{"type":"Feature","properties":{"CountryName":"Belgium","Type of Animal":"Pork"},"geometry":{"type":"Point","coordinates":[3.41457,51.04976]}},{"type":"Feature","properties":{"CountryName":"Belgium","Type of Animal":"Pork"},"geometry":{"type":"Point","coordinates":[3.30633,51.04998]}},{"type":"Feature","properties":{"CountryName":"Belgium","Type of Animal":"Pork"},"geometry":{"type":"Point","coordinates":[3.37487,50.93126]}},{"type":"Feature","properties":{"CountryName":"Belgium","Type of Animal":"Pork"},"geometry":{"type":"Point","coordinates":[3.29112,51.07857]}},{"type":"Feature","properties":{"CountryName":"Belgium","Type of Animal":"Pork"},"geometry":{"type":"Point","coordinates":[2.91716,50.86714]}},{"type":"Feature","properties":{"CountryName":"Belgium","Type of Animal":"Pork"},"geometry":{"type":"Point","coordinates":[2.82484,50.91964]}},{"type":"Feature","properties":{"CountryName":"Belgium","Type of Animal":"Pork"},"geometry":{"type":"Point","coordinates":[3.29743,50.98869]}},{"type":"Feature","properties":{"CountryName":"Belgium","Type of Animal":"Chicken"},"geometry":{"type":"Point","coordinates":[2.9119,50.90151]}},{"type":"Feature","properties":{"CountryName":"Belgium","Type of Animal":"Pork"},"geometry":{"type":"Point","coordinates":[3.15151,50.82209]}},{"type":"Feature","properties":{"CountryName":"Belgium","Type of Animal":"Pork"},"geometry":{"type":"Point","coordinates":[3.3156,50.9522]}},{"type":"Feature","properties":{"CountryName":"Belgium","Type of Animal":"Chicken"},"geometry":{"type":"Point","coordinates":[3.32593,51.04809]}},{"type":"Feature","properties":{"CountryName":"Belgium","Type of Animal":"Pork"},"geometry":{"type":"Point","coordinates":[2.62737,51.06032]}},{"type":"Feature","properties":{"CountryName":"Belgium","Type of Animal":"Chicken"},"geometry":{"type":"Point","coordinates":[3.39955,51.05984]}},{"type":"Feature","properties":{"CountryName":"Belgium","Type of Animal":"Chicken"},"geometry":{"type":"Point","coordinates":[3.3546,50.95091]}},{"type":"Feature","properties":{"CountryName":"Belgium","Type of Animal":"Pork"},"geometry":{"type":"Point","coordinates":[2.979,50.92901]}},{"type":"Feature","properties":{"CountryName":"Belgium","Type of Animal":"Pork"},"geometry":{"type":"Point","coordinates":[2.94324,50.83157]}},{"type":"Feature","properties":{"CountryName":"Belgium","Type of Animal":"Pork"},"geometry":{"type":"Point","coordinates":[3.27193,51.04432]}},{"type":"Feature","properties":{"CountryName":"Belgium","Type of Animal":"Chicken"},"geometry":{"type":"Point","coordinates":[3.27971,50.93197]}},{"type":"Feature","properties":{"CountryName":"Belgium","Type of Animal":"Chicken"},"geometry":{"type":"Point","coordinates":[3.30408,51.13019]}},{"type":"Feature","properties":{"CountryName":"Belgium","Type of Animal":"Chicken"},"geometry":{"type":"Point","coordinates":[3.18044,50.98396]}},{"type":"Feature","properties":{"CountryName":"Belgium","Type of Animal":"Pork"},"geometry":{"type":"Point","coordinates":[2.88065,50.94987]}},{"type":"Feature","properties":{"CountryName":"Belgium","Type of Animal":"Chicken"},"geometry":{"type":"Point","coordinates":[3.18285,51.02281]}},{"type":"Feature","properties":{"CountryName":"Belgium","Type of Animal":"Pork"},"geometry":{"type":"Point","coordinates":[3.2382,51.11113]}},{"type":"Feature","properties":{"CountryName":"Belgium","Type of Animal":"Pork"},"geometry":{"type":"Point","coordinates":[3.18329,50.99833]}},{"type":"Feature","properties":{"CountryName":"Belgium","Type of Animal":"Pork"},"geometry":{"type":"Point","coordinates":[3.33405,51.01619]}},{"type":"Feature","properties":{"CountryName":"Belgium","Type of Animal":"Chicken"},"geometry":{"type":"Point","coordinates":[2.93658,50.91622]}},{"type":"Feature","properties":{"CountryName":"Belgium","Type of Animal":"Chicken"},"geometry":{"type":"Point","coordinates":[2.65556,50.93522]}},{"type":"Feature","properties":{"CountryName":"Belgium","Type of Animal":"Pork"},"geometry":{"type":"Point","coordinates":[3.34768,50.75668]}},{"type":"Feature","properties":{"CountryName":"Belgium","Type of Animal":"Pork"},"geometry":{"type":"Point","coordinates":[3.31352,51.05106]}},{"type":"Feature","properties":{"CountryName":"Belgium","Type of Animal":"Pork"},"geometry":{"type":"Point","coordinates":[3.14608,50.82292]}},{"type":"Feature","properties":{"CountryName":"Belgium","Type of Animal":"Chicken"},"geometry":{"type":"Point","coordinates":[3.03871,50.90139]}},{"type":"Feature","properties":{"CountryName":"Belgium","Type of Animal":"Chicken"},"geometry":{"type":"Point","coordinates":[3.35461,50.9211]}},{"type":"Feature","properties":{"CountryName":"Belgium","Type of Animal":"Pork"},"geometry":{"type":"Point","coordinates":[3.22131,51.0167]}},{"type":"Feature","properties":{"CountryName":"Belgium","Type of Animal":"Chicken"},"geometry":{"type":"Point","coordinates":[3.22916,50.97121]}},{"type":"Feature","properties":{"CountryName":"Belgium","Type of Animal":"Chicken"},"geometry":{"type":"Point","coordinates":[3.33778,51.01557]}},{"type":"Feature","properties":{"CountryName":"Belgium","Type of Animal":"Chicken"},"geometry":{"type":"Point","coordinates":[3.30752,50.90665]}},{"type":"Feature","properties":{"CountryName":"Belgium","Type of Animal":"Pork"},"geometry":{"type":"Point","coordinates":[3.35184,50.9028]}},{"type":"Feature","properties":{"CountryName":"Belgium","Type of Animal":"Pork"},"geometry":{"type":"Point","coordinates":[3.20398,50.96548]}},{"type":"Feature","properties":{"CountryName":"Belgium","Type of Animal":"Pork"},"geometry":{"type":"Point","coordinates":[2.98851,50.89561]}},{"type":"Feature","properties":{"CountryName":"Belgium","Type of Animal":"Chicken"},"geometry":{"type":"Point","coordinates":[3.1725,51.04322]}},{"type":"Feature","properties":{"CountryName":"Belgium","Type of Animal":"Pork"},"geometry":{"type":"Point","coordinates":[2.92093,50.79884]}},{"type":"Feature","properties":{"CountryName":"Belgium","Type of Animal":"Pork"},"geometry":{"type":"Point","coordinates":[3.10851,50.89611]}},{"type":"Feature","properties":{"CountryName":"Belgium","Type of Animal":"Pork"},"geometry":{"type":"Point","coordinates":[3.09477,51.04427]}},{"type":"Feature","properties":{"CountryName":"Belgium","Type of Animal":"Chicken"},"geometry":{"type":"Point","coordinates":[2.80819,50.92597]}},{"type":"Feature","properties":{"CountryName":"Belgium","Type of Animal":"Chicken"},"geometry":{"type":"Point","coordinates":[3.14299,51.09833]}},{"type":"Feature","properties":{"CountryName":"Belgium","Type of Animal":"Chicken"},"geometry":{"type":"Point","coordinates":[3.26228,51.08493]}},{"type":"Feature","properties":{"CountryName":"Belgium","Type of Animal":"Chicken"},"geometry":{"type":"Point","coordinates":[3.34547,50.76063]}},{"type":"Feature","properties":{"CountryName":"Belgium","Type of Animal":"Chicken"},"geometry":{"type":"Point","coordinates":[3.22625,50.96294]}},{"type":"Feature","properties":{"CountryName":"Belgium","Type of Animal":"Pork"},"geometry":{"type":"Point","coordinates":[3.3674,50.96085]}},{"type":"Feature","properties":{"CountryName":"Belgium","Type of Animal":"Pork"},"geometry":{"type":"Point","coordinates":[3.33505,50.94557]}},{"type":"Feature","properties":{"CountryName":"Belgium","Type of Animal":"Chicken"},"geometry":{"type":"Point","coordinates":[3.32108,50.79874]}},{"type":"Feature","properties":{"CountryName":"Belgium","Type of Animal":"Chicken"},"geometry":{"type":"Point","coordinates":[2.71853,50.95386]}},{"type":"Feature","properties":{"CountryName":"Belgium","Type of Animal":"Pork"},"geometry":{"type":"Point","coordinates":[2.63086,50.93302]}},{"type":"Feature","properties":{"CountryName":"Belgium","Type of Animal":"Pork"},"geometry":{"type":"Point","coordinates":[3.1196,51.12272]}},{"type":"Feature","properties":{"CountryName":"Belgium","Type of Animal":"Chicken"},"geometry":{"type":"Point","coordinates":[3.06374,50.82015]}},{"type":"Feature","properties":{"CountryName":"Belgium","Type of Animal":"Chicken"},"geometry":{"type":"Point","coordinates":[3.17619,51.10416]}},{"type":"Feature","properties":{"CountryName":"Belgium","Type of Animal":"Pork"},"geometry":{"type":"Point","coordinates":[2.911,50.9207]}},{"type":"Feature","properties":{"CountryName":"Belgium","Type of Animal":"Chicken"},"geometry":{"type":"Point","coordinates":[2.91153,50.92037]}},{"type":"Feature","properties":{"CountryName":"Belgium","Type of Animal":"Chicken"},"geometry":{"type":"Point","coordinates":[2.85851,50.93554]}},{"type":"Feature","properties":{"CountryName":"Belgium","Type of Animal":"Pork"},"geometry":{"type":"Point","coordinates":[3.28126,51.04858]}},{"type":"Feature","properties":{"CountryName":"Belgium","Type of Animal":"Chicken"},"geometry":{"type":"Point","coordinates":[3.05053,50.97342]}},{"type":"Feature","properties":{"CountryName":"Belgium","Type of Animal":"Chicken"},"geometry":{"type":"Point","coordinates":[2.81297,50.75925]}},{"type":"Feature","properties":{"CountryName":"Belgium","Type of Animal":"Chicken"},"geometry":{"type":"Point","coordinates":[3.08523,50.88063]}},{"type":"Feature","properties":{"CountryName":"Belgium","Type of Animal":"Chicken"},"geometry":{"type":"Point","coordinates":[3.25765,51.10436]}},{"type":"Feature","properties":{"CountryName":"Belgium","Type of Animal":"Pork"},"geometry":{"type":"Point","coordinates":[3.3828,51.03778]}},{"type":"Feature","properties":{"CountryName":"Belgium","Type of Animal":"Pork"},"geometry":{"type":"Point","coordinates":[3.0659,51.01466]}},{"type":"Feature","properties":{"CountryName":"Belgium","Type of Animal":"Pork"},"geometry":{"type":"Point","coordinates":[3.09542,51.03187]}},{"type":"Feature","properties":{"CountryName":"Belgium","Type of Animal":"Pork"},"geometry":{"type":"Point","coordinates":[2.73358,51.04277]}},{"type":"Feature","properties":{"CountryName":"Belgium","Type of Animal":"Pork"},"geometry":{"type":"Point","coordinates":[3.40096,50.7832]}},{"type":"Feature","properties":{"CountryName":"Belgium","Type of Animal":"Pork"},"geometry":{"type":"Point","coordinates":[3.15953,50.87505]}},{"type":"Feature","properties":{"CountryName":"Belgium","Type of Animal":"Chicken"},"geometry":{"type":"Point","coordinates":[3.28284,51.08281]}},{"type":"Feature","properties":{"CountryName":"Belgium","Type of Animal":"Pork"},"geometry":{"type":"Point","coordinates":[3.14168,51.04787]}},{"type":"Feature","properties":{"CountryName":"Belgium","Type of Animal":"Pork"},"geometry":{"type":"Point","coordinates":[2.8528,50.77726]}},{"type":"Feature","properties":{"CountryName":"Belgium","Type of Animal":"Chicken"},"geometry":{"type":"Point","coordinates":[2.85272,50.77659]}},{"type":"Feature","properties":{"CountryName":"Belgium","Type of Animal":"Pork"},"geometry":{"type":"Point","coordinates":[3.19601,50.88863]}},{"type":"Feature","properties":{"CountryName":"Belgium","Type of Animal":"Chicken"},"geometry":{"type":"Point","coordinates":[2.67155,50.90146]}},{"type":"Feature","properties":{"CountryName":"Belgium","Type of Animal":"Pork"},"geometry":{"type":"Point","coordinates":[2.90399,50.77245]}},{"type":"Feature","properties":{"CountryName":"Belgium","Type of Animal":"Chicken"},"geometry":{"type":"Point","coordinates":[2.68435,51.09122]}},{"type":"Feature","properties":{"CountryName":"Belgium","Type of Animal":"Pork"},"geometry":{"type":"Point","coordinates":[3.29085,51.07075]}},{"type":"Feature","properties":{"CountryName":"Belgium","Type of Animal":"Pork"},"geometry":{"type":"Point","coordinates":[3.22675,51.06017]}},{"type":"Feature","properties":{"CountryName":"Belgium","Type of Animal":"Pork"},"geometry":{"type":"Point","coordinates":[4.68214,51.42414]}},{"type":"Feature","properties":{"CountryName":"Belgium","Type of Animal":"Pork"},"geometry":{"type":"Point","coordinates":[4.87023,51.4052]}},{"type":"Feature","properties":{"CountryName":"Belgium","Type of Animal":"Chicken"},"geometry":{"type":"Point","coordinates":[5.73258,51.18306]}},{"type":"Feature","properties":{"CountryName":"Belgium","Type of Animal":"Chicken"},"geometry":{"type":"Point","coordinates":[4.55835,51.3342]}},{"type":"Feature","properties":{"CountryName":"Belgium","Type of Animal":"Pork"},"geometry":{"type":"Point","coordinates":[4.49265,51.4533]}},{"type":"Feature","properties":{"CountryName":"Belgium","Type of Animal":"Pork"},"geometry":{"type":"Point","coordinates":[4.80989,51.38168]}},{"type":"Feature","properties":{"CountryName":"Belgium","Type of Animal":"Chicken"},"geometry":{"type":"Point","coordinates":[4.81306,51.37425]}},{"type":"Feature","properties":{"CountryName":"Belgium","Type of Animal":"Chicken"},"geometry":{"type":"Point","coordinates":[5.07769,50.87059]}},{"type":"Feature","properties":{"CountryName":"Belgium","Type of Animal":"Pork"},"geometry":{"type":"Point","coordinates":[4.2571,51.00405]}},{"type":"Feature","properties":{"CountryName":"Belgium","Type of Animal":"Pork"},"geometry":{"type":"Point","coordinates":[5.54894,50.77836]}},{"type":"Feature","properties":{"CountryName":"Belgium","Type of Animal":"Chicken"},"geometry":{"type":"Point","coordinates":[5.12346,50.92999]}},{"type":"Feature","properties":{"CountryName":"Belgium","Type of Animal":"Chicken"},"geometry":{"type":"Point","coordinates":[5.26684,50.8891]}},{"type":"Feature","properties":{"CountryName":"Belgium","Type of Animal":"Pork"},"geometry":{"type":"Point","coordinates":[4.99981,50.97093]}},{"type":"Feature","properties":{"CountryName":"Belgium","Type of Animal":"Pork"},"geometry":{"type":"Point","coordinates":[5.07851,50.7833]}},{"type":"Feature","properties":{"CountryName":"Belgium","Type of Animal":"Chicken"},"geometry":{"type":"Point","coordinates":[5.04969,50.78463]}},{"type":"Feature","properties":{"CountryName":"Belgium","Type of Animal":"Pork"},"geometry":{"type":"Point","coordinates":[3.0717,51.02115]}},{"type":"Feature","properties":{"CountryName":"Belgium","Type of Animal":"Pork"},"geometry":{"type":"Point","coordinates":[3.00272,50.96088]}},{"type":"Feature","properties":{"CountryName":"Belgium","Type of Animal":"Chicken"},"geometry":{"type":"Point","coordinates":[4.2483,51.17205]}},{"type":"Feature","properties":{"CountryName":"Belgium","Type of Animal":"Pork"},"geometry":{"type":"Point","coordinates":[3.47249,51.03403]}},{"type":"Feature","properties":{"CountryName":"Belgium","Type of Animal":"Chicken"},"geometry":{"type":"Point","coordinates":[2.64747,50.97011]}},{"type":"Feature","properties":{"CountryName":"Belgium","Type of Animal":"Chicken"},"geometry":{"type":"Point","coordinates":[3.4184,51.01136]}},{"type":"Feature","properties":{"CountryName":"Belgium","Type of Animal":"Pork"},"geometry":{"type":"Point","coordinates":[4.83994,51.05222]}},{"type":"Feature","properties":{"CountryName":"Belgium","Type of Animal":"Chicken"},"geometry":{"type":"Point","coordinates":[2.7944,50.80847]}},{"type":"Feature","properties":{"CountryName":"Belgium","Type of Animal":"Chicken"},"geometry":{"type":"Point","coordinates":[3.95393,51.18331]}},{"type":"Feature","properties":{"CountryName":"Belgium","Type of Animal":"Pork"},"geometry":{"type":"Point","coordinates":[3.59357,51.19429]}},{"type":"Feature","properties":{"CountryName":"Belgium","Type of Animal":"Pork"},"geometry":{"type":"Point","coordinates":[3.52161,51.09282]}},{"type":"Feature","properties":{"CountryName":"Belgium","Type of Animal":"Chicken"},"geometry":{"type":"Point","coordinates":[3.00251,51.15548]}},{"type":"Feature","properties":{"CountryName":"Belgium","Type of Animal":"Pork"},"geometry":{"type":"Point","coordinates":[3.6936,51.2406]}},{"type":"Feature","properties":{"CountryName":"Belgium","Type of Animal":"Chicken"},"geometry":{"type":"Point","coordinates":[4.18482,51.30475]}},{"type":"Feature","properties":{"CountryName":"Belgium","Type of Animal":"Pork"},"geometry":{"type":"Point","coordinates":[3.62002,51.19337]}},{"type":"Feature","properties":{"CountryName":"Belgium","Type of Animal":"Chicken"},"geometry":{"type":"Point","coordinates":[3.02922,50.9231]}},{"type":"Feature","properties":{"CountryName":"Belgium","Type of Animal":"Pork"},"geometry":{"type":"Point","coordinates":[3.43715,50.99945]}},{"type":"Feature","properties":{"CountryName":"Belgium","Type of Animal":"Chicken"},"geometry":{"type":"Point","coordinates":[3.35127,51.21158]}},{"type":"Feature","properties":{"CountryName":"Belgium","Type of Animal":"Chicken"},"geometry":{"type":"Point","coordinates":[2.8912,51.06667]}},{"type":"Feature","properties":{"CountryName":"Belgium","Type of Animal":"Pork"},"geometry":{"type":"Point","coordinates":[2.83225,50.76124]}},{"type":"Feature","properties":{"CountryName":"Belgium","Type of Animal":"Pork"},"geometry":{"type":"Point","coordinates":[3.10794,50.89874]}},{"type":"Feature","properties":{"CountryName":"Belgium","Type of Animal":"Chicken"},"geometry":{"type":"Point","coordinates":[3.10769,50.89857]}},{"type":"Feature","properties":{"CountryName":"Belgium","Type of Animal":"Pork"},"geometry":{"type":"Point","coordinates":[2.93719,50.99815]}},{"type":"Feature","properties":{"CountryName":"Belgium","Type of Animal":"Pork"},"geometry":{"type":"Point","coordinates":[5.07268,51.43846]}},{"type":"Feature","properties":{"CountryName":"Belgium","Type of Animal":"Chicken"},"geometry":{"type":"Point","coordinates":[4.90995,51.35552]}},{"type":"Feature","properties":{"CountryName":"Belgium","Type of Animal":"Chicken"},"geometry":{"type":"Point","coordinates":[4.5763,51.38682]}},{"type":"Feature","properties":{"CountryName":"Belgium","Type of Animal":"Pork"},"geometry":{"type":"Point","coordinates":[4.79451,50.90302]}},{"type":"Feature","properties":{"CountryName":"Belgium","Type of Animal":"Chicken"},"geometry":{"type":"Point","coordinates":[3.41712,51.02852]}},{"type":"Feature","properties":{"CountryName":"Belgium","Type of Animal":"Pork"},"geometry":{"type":"Point","coordinates":[2.84965,50.96124]}},{"type":"Feature","properties":{"CountryName":"Belgium","Type of Animal":"Pork"},"geometry":{"type":"Point","coordinates":[2.64039,51.03431]}},{"type":"Feature","properties":{"CountryName":"Belgium","Type of Animal":"Chicken"},"geometry":{"type":"Point","coordinates":[4.71414,51.44728]}},{"type":"Feature","properties":{"CountryName":"Belgium","Type of Animal":"Pork"},"geometry":{"type":"Point","coordinates":[3.41209,51.11561]}},{"type":"Feature","properties":{"CountryName":"Belgium","Type of Animal":"Pork"},"geometry":{"type":"Point","coordinates":[2.95323,51.08388]}},{"type":"Feature","properties":{"CountryName":"Belgium","Type of Animal":"Chicken"},"geometry":{"type":"Point","coordinates":[2.9807,50.88907]}},{"type":"Feature","properties":{"CountryName":"Belgium","Type of Animal":"Pork"},"geometry":{"type":"Point","coordinates":[3.97098,51.20957]}},{"type":"Feature","properties":{"CountryName":"Belgium","Type of Animal":"Chicken"},"geometry":{"type":"Point","coordinates":[3.1053,51.13355]}},{"type":"Feature","properties":{"CountryName":"Belgium","Type of Animal":"Chicken"},"geometry":{"type":"Point","coordinates":[3.0046,51.00714]}},{"type":"Feature","properties":{"CountryName":"Belgium","Type of Animal":"Pork"},"geometry":{"type":"Point","coordinates":[2.63884,50.88725]}},{"type":"Feature","properties":{"CountryName":"Belgium","Type of Animal":"Chicken"},"geometry":{"type":"Point","coordinates":[2.84086,50.85433]}},{"type":"Feature","properties":{"CountryName":"Belgium","Type of Animal":"Pork"},"geometry":{"type":"Point","coordinates":[2.92578,50.88091]}},{"type":"Feature","properties":{"CountryName":"Belgium","Type of Animal":"Pork"},"geometry":{"type":"Point","coordinates":[4.73867,51.45969]}},{"type":"Feature","properties":{"CountryName":"Belgium","Type of Animal":"Pork"},"geometry":{"type":"Point","coordinates":[5.03239,51.42998]}},{"type":"Feature","properties":{"CountryName":"Belgium","Type of Animal":"Chicken"},"geometry":{"type":"Point","coordinates":[5.03206,51.43035]}},{"type":"Feature","properties":{"CountryName":"Belgium","Type of Animal":"Pork"},"geometry":{"type":"Point","coordinates":[4.58216,51.41693]}},{"type":"Feature","properties":{"CountryName":"Belgium","Type of Animal":"Chicken"},"geometry":{"type":"Point","coordinates":[2.82775,50.87258]}},{"type":"Feature","properties":{"CountryName":"Belgium","Type of Animal":"Pork"},"geometry":{"type":"Point","coordinates":[5.4934,51.16413]}},{"type":"Feature","properties":{"CountryName":"Belgium","Type of Animal":"Pork"},"geometry":{"type":"Point","coordinates":[3.40144,50.98677]}},{"type":"Feature","properties":{"CountryName":"Belgium","Type of Animal":"Pork"},"geometry":{"type":"Point","coordinates":[2.65176,50.89777]}},{"type":"Feature","properties":{"CountryName":"Belgium","Type of Animal":"Pork"},"geometry":{"type":"Point","coordinates":[2.92472,50.99827]}},{"type":"Feature","properties":{"CountryName":"Belgium","Type of Animal":"Pork"},"geometry":{"type":"Point","coordinates":[4.82059,51.43929]}},{"type":"Feature","properties":{"CountryName":"Belgium","Type of Animal":"Chicken"},"geometry":{"type":"Point","coordinates":[4.57953,51.39928]}},{"type":"Feature","properties":{"CountryName":"Belgium","Type of Animal":"Pork"},"geometry":{"type":"Point","coordinates":[4.61966,51.06537]}},{"type":"Feature","properties":{"CountryName":"Belgium","Type of Animal":"Pork"},"geometry":{"type":"Point","coordinates":[2.90782,50.78909]}},{"type":"Feature","properties":{"CountryName":"Belgium","Type of Animal":"Pork"},"geometry":{"type":"Point","coordinates":[4.78909,51.47714]}},{"type":"Feature","properties":{"CountryName":"Belgium","Type of Animal":"Chicken"},"geometry":{"type":"Point","coordinates":[2.89977,50.91252]}},{"type":"Feature","properties":{"CountryName":"Belgium","Type of Animal":"Pork"},"geometry":{"type":"Point","coordinates":[2.65299,51.0205]}},{"type":"Feature","properties":{"CountryName":"Belgium","Type of Animal":"Pork"},"geometry":{"type":"Point","coordinates":[2.80444,51.03021]}},{"type":"Feature","properties":{"CountryName":"Belgium","Type of Animal":"Chicken"},"geometry":{"type":"Point","coordinates":[3.05809,50.91392]}},{"type":"Feature","properties":{"CountryName":"Belgium","Type of Animal":"Chicken"},"geometry":{"type":"Point","coordinates":[3.37449,51.03491]}},{"type":"Feature","properties":{"CountryName":"Belgium","Type of Animal":"Pork"},"geometry":{"type":"Point","coordinates":[3.52459,51.01753]}},{"type":"Feature","properties":{"CountryName":"Belgium","Type of Animal":"Chicken"},"geometry":{"type":"Point","coordinates":[3.42947,51.03699]}},{"type":"Feature","properties":{"CountryName":"Belgium","Type of Animal":"Chicken"},"geometry":{"type":"Point","coordinates":[3.40212,51.08043]}},{"type":"Feature","properties":{"CountryName":"Belgium","Type of Animal":"Pork"},"geometry":{"type":"Point","coordinates":[4.29199,51.1675]}},{"type":"Feature","properties":{"CountryName":"Belgium","Type of Animal":"Pork"},"geometry":{"type":"Point","coordinates":[4.79886,51.43242]}},{"type":"Feature","properties":{"CountryName":"Belgium","Type of Animal":"Pork"},"geometry":{"type":"Point","coordinates":[2.99155,50.99519]}},{"type":"Feature","properties":{"CountryName":"Belgium","Type of Animal":"Pork"},"geometry":{"type":"Point","coordinates":[5.12346,50.9186]}},{"type":"Feature","properties":{"CountryName":"Belgium","Type of Animal":"Chicken"},"geometry":{"type":"Point","coordinates":[5.10421,51.16714]}},{"type":"Feature","properties":{"CountryName":"Belgium","Type of Animal":"Pork"},"geometry":{"type":"Point","coordinates":[2.92065,51.06512]}},{"type":"Feature","properties":{"CountryName":"Belgium","Type of Animal":"Chicken"},"geometry":{"type":"Point","coordinates":[4.58937,51.42894]}},{"type":"Feature","properties":{"CountryName":"Belgium","Type of Animal":"Chicken"},"geometry":{"type":"Point","coordinates":[2.63244,50.84171]}},{"type":"Feature","properties":{"CountryName":"Belgium","Type of Animal":"Chicken"},"geometry":{"type":"Point","coordinates":[3.0349,50.81962]}},{"type":"Feature","properties":{"CountryName":"Belgium","Type of Animal":"Pork"},"geometry":{"type":"Point","coordinates":[3.31906,51.14464]}},{"type":"Feature","properties":{"CountryName":"Belgium","Type of Animal":"Chicken"},"geometry":{"type":"Point","coordinates":[4.58547,51.42145]}},{"type":"Feature","properties":{"CountryName":"Belgium","Type of Animal":"Chicken"},"geometry":{"type":"Point","coordinates":[3.08892,50.82248]}},{"type":"Feature","properties":{"CountryName":"Belgium","Type of Animal":"Pork"},"geometry":{"type":"Point","coordinates":[4.01492,51.14262]}},{"type":"Feature","properties":{"CountryName":"Belgium","Type of Animal":"Chicken"},"geometry":{"type":"Point","coordinates":[3.8095,51.01568]}},{"type":"Feature","properties":{"CountryName":"Belgium","Type of Animal":"Pork"},"geometry":{"type":"Point","coordinates":[2.7188,51.06976]}},{"type":"Feature","properties":{"CountryName":"Belgium","Type of Animal":"Chicken"},"geometry":{"type":"Point","coordinates":[3.32155,50.78397]}},{"type":"Feature","properties":{"CountryName":"Belgium","Type of Animal":"Chicken"},"geometry":{"type":"Point","coordinates":[2.92346,50.89458]}},{"type":"Feature","properties":{"CountryName":"Belgium","Type of Animal":"Chicken"},"geometry":{"type":"Point","coordinates":[4.79249,51.4313]}},{"type":"Feature","properties":{"CountryName":"Belgium","Type of Animal":"Pork"},"geometry":{"type":"Point","coordinates":[5.12556,51.11159]}},{"type":"Feature","properties":{"CountryName":"Belgium","Type of Animal":"Chicken"},"geometry":{"type":"Point","coordinates":[2.9091,50.89189]}},{"type":"Feature","properties":{"CountryName":"Belgium","Type of Animal":"Pork"},"geometry":{"type":"Point","coordinates":[2.63491,50.99557]}},{"type":"Feature","properties":{"CountryName":"Belgium","Type of Animal":"Chicken"},"geometry":{"type":"Point","coordinates":[2.61314,50.8727]}},{"type":"Feature","properties":{"CountryName":"Belgium","Type of Animal":"Pork"},"geometry":{"type":"Point","coordinates":[2.93627,50.91791]}},{"type":"Feature","properties":{"CountryName":"Belgium","Type of Animal":"Pork"},"geometry":{"type":"Point","coordinates":[2.9455,50.91072]}},{"type":"Feature","properties":{"CountryName":"Belgium","Type of Animal":"Pork"},"geometry":{"type":"Point","coordinates":[3.13768,50.8932]}},{"type":"Feature","properties":{"CountryName":"Belgium","Type of Animal":"Chicken"},"geometry":{"type":"Point","coordinates":[3.21718,51.02695]}},{"type":"Feature","properties":{"CountryName":"Belgium","Type of Animal":"Chicken"},"geometry":{"type":"Point","coordinates":[4.59688,51.41538]}},{"type":"Feature","properties":{"CountryName":"Belgium","Type of Animal":"Pork"},"geometry":{"type":"Point","coordinates":[4.94769,50.89116]}},{"type":"Feature","properties":{"CountryName":"Belgium","Type of Animal":"Chicken"},"geometry":{"type":"Point","coordinates":[2.67411,50.90613]}},{"type":"Feature","properties":{"CountryName":"Belgium","Type of Animal":"Chicken"},"geometry":{"type":"Point","coordinates":[2.72224,50.98868]}},{"type":"Feature","properties":{"CountryName":"Belgium","Type of Animal":"Chicken"},"geometry":{"type":"Point","coordinates":[2.70382,50.86137]}},{"type":"Feature","properties":{"CountryName":"Belgium","Type of Animal":"Chicken"},"geometry":{"type":"Point","coordinates":[3.00369,50.82586]}},{"type":"Feature","properties":{"CountryName":"Belgium","Type of Animal":"Pork"},"geometry":{"type":"Point","coordinates":[3.29237,51.0238]}},{"type":"Feature","properties":{"CountryName":"Belgium","Type of Animal":"Chicken"},"geometry":{"type":"Point","coordinates":[2.90482,51.08778]}},{"type":"Feature","properties":{"CountryName":"Belgium","Type of Animal":"Chicken"},"geometry":{"type":"Point","coordinates":[2.81789,50.89873]}},{"type":"Feature","properties":{"CountryName":"Belgium","Type of Animal":"Chicken"},"geometry":{"type":"Point","coordinates":[4.75049,51.32741]}},{"type":"Feature","properties":{"CountryName":"Belgium","Type of Animal":"Chicken"},"geometry":{"type":"Point","coordinates":[5.02818,51.46074]}},{"type":"Feature","properties":{"CountryName":"Belgium","Type of Animal":"Chicken"},"geometry":{"type":"Point","coordinates":[2.82803,51.06215]}},{"type":"Feature","properties":{"CountryName":"Belgium","Type of Animal":"Pork"},"geometry":{"type":"Point","coordinates":[4.70548,51.39862]}},{"type":"Feature","properties":{"CountryName":"Belgium","Type of Animal":"Pork"},"geometry":{"type":"Point","coordinates":[3.65494,51.16555]}},{"type":"Feature","properties":{"CountryName":"Belgium","Type of Animal":"Chicken"},"geometry":{"type":"Point","coordinates":[3.48966,50.85616]}},{"type":"Feature","properties":{"CountryName":"Belgium","Type of Animal":"Pork"},"geometry":{"type":"Point","coordinates":[2.80362,50.90355]}},{"type":"Feature","properties":{"CountryName":"Belgium","Type of Animal":"Chicken"},"geometry":{"type":"Point","coordinates":[2.89118,50.77304]}},{"type":"Feature","properties":{"CountryName":"Belgium","Type of Animal":"Chicken"},"geometry":{"type":"Point","coordinates":[2.96923,50.89902]}},{"type":"Feature","properties":{"CountryName":"Belgium","Type of Animal":"Chicken"},"geometry":{"type":"Point","coordinates":[5.73051,51.18329]}},{"type":"Feature","properties":{"CountryName":"Belgium","Type of Animal":"Chicken"},"geometry":{"type":"Point","coordinates":[5.3753,50.83662]}},{"type":"Feature","properties":{"CountryName":"Belgium","Type of Animal":"Chicken"},"geometry":{"type":"Point","coordinates":[2.80416,51.1416]}},{"type":"Feature","properties":{"CountryName":"Belgium","Type of Animal":"Chicken"},"geometry":{"type":"Point","coordinates":[2.65274,50.85642]}},{"type":"Feature","properties":{"CountryName":"Belgium","Type of Animal":"Pork"},"geometry":{"type":"Point","coordinates":[3.30075,51.04086]}},{"type":"Feature","properties":{"CountryName":"Belgium","Type of Animal":"Pork"},"geometry":{"type":"Point","coordinates":[2.79983,50.8038]}},{"type":"Feature","properties":{"CountryName":"Belgium","Type of Animal":"Chicken"},"geometry":{"type":"Point","coordinates":[3.47939,50.84956]}},{"type":"Feature","properties":{"CountryName":"Belgium","Type of Animal":"Pork"},"geometry":{"type":"Point","coordinates":[2.95428,50.77344]}},{"type":"Feature","properties":{"CountryName":"Belgium","Type of Animal":"Chicken"},"geometry":{"type":"Point","coordinates":[3.05208,50.83536]}},{"type":"Feature","properties":{"CountryName":"Belgium","Type of Animal":"Chicken"},"geometry":{"type":"Point","coordinates":[3.00514,50.9972]}},{"type":"Feature","properties":{"CountryName":"Belgium","Type of Animal":"Pork"},"geometry":{"type":"Point","coordinates":[3.85198,51.07009]}},{"type":"Feature","properties":{"CountryName":"Belgium","Type of Animal":"Chicken"},"geometry":{"type":"Point","coordinates":[3.50042,50.86951]}},{"type":"Feature","properties":{"CountryName":"Belgium","Type of Animal":"Chicken"},"geometry":{"type":"Point","coordinates":[3.46437,51.02883]}},{"type":"Feature","properties":{"CountryName":"Belgium","Type of Animal":"Chicken"},"geometry":{"type":"Point","coordinates":[3.55322,51.22653]}},{"type":"Feature","properties":{"CountryName":"Belgium","Type of Animal":"Chicken"},"geometry":{"type":"Point","coordinates":[3.44092,50.96945]}},{"type":"Feature","properties":{"CountryName":"Belgium","Type of Animal":"Pork"},"geometry":{"type":"Point","coordinates":[2.66931,50.91803]}},{"type":"Feature","properties":{"CountryName":"Belgium","Type of Animal":"Chicken"},"geometry":{"type":"Point","coordinates":[3.03283,50.90582]}},{"type":"Feature","properties":{"CountryName":"Belgium","Type of Animal":"Pork"},"geometry":{"type":"Point","coordinates":[2.96563,51.06351]}},{"type":"Feature","properties":{"CountryName":"Belgium","Type of Animal":"Chicken"},"geometry":{"type":"Point","coordinates":[2.89765,50.80926]}},{"type":"Feature","properties":{"CountryName":"Belgium","Type of Animal":"Pork"},"geometry":{"type":"Point","coordinates":[5.19676,50.94369]}},{"type":"Feature","properties":{"CountryName":"Belgium","Type of Animal":"Pork"},"geometry":{"type":"Point","coordinates":[4.6883,51.37991]}},{"type":"Feature","properties":{"CountryName":"Belgium","Type of Animal":"Chicken"},"geometry":{"type":"Point","coordinates":[5.05321,51.29934]}},{"type":"Feature","properties":{"CountryName":"Belgium","Type of Animal":"Pork"},"geometry":{"type":"Point","coordinates":[2.61583,50.89251]}},{"type":"Feature","properties":{"CountryName":"Belgium","Type of Animal":"Chicken"},"geometry":{"type":"Point","coordinates":[3.41567,51.05022]}},{"type":"Feature","properties":{"CountryName":"Belgium","Type of Animal":"Pork"},"geometry":{"type":"Point","coordinates":[3.02927,50.86995]}},{"type":"Feature","properties":{"CountryName":"Belgium","Type of Animal":"Pork"},"geometry":{"type":"Point","coordinates":[3.20532,51.01296]}},{"type":"Feature","properties":{"CountryName":"Belgium","Type of Animal":"Chicken"},"geometry":{"type":"Point","coordinates":[3.41414,51.02983]}},{"type":"Feature","properties":{"CountryName":"Belgium","Type of Animal":"Pork"},"geometry":{"type":"Point","coordinates":[3.03496,51.01278]}},{"type":"Feature","properties":{"CountryName":"Belgium","Type of Animal":"Pork"},"geometry":{"type":"Point","coordinates":[4.20832,51.21265]}},{"type":"Feature","properties":{"CountryName":"Belgium","Type of Animal":"Pork"},"geometry":{"type":"Point","coordinates":[4.186,51.20675]}},{"type":"Feature","properties":{"CountryName":"Belgium","Type of Animal":"Pork"},"geometry":{"type":"Point","coordinates":[3.99795,51.19166]}},{"type":"Feature","properties":{"CountryName":"Belgium","Type of Animal":"Pork"},"geometry":{"type":"Point","coordinates":[3.99281,51.20635]}},{"type":"Feature","properties":{"CountryName":"Belgium","Type of Animal":"Chicken"},"geometry":{"type":"Point","coordinates":[4.94724,51.44775]}},{"type":"Feature","properties":{"CountryName":"Belgium","Type of Animal":"Chicken"},"geometry":{"type":"Point","coordinates":[5.77589,51.15942]}},{"type":"Feature","properties":{"CountryName":"Belgium","Type of Animal":"Chicken"},"geometry":{"type":"Point","coordinates":[3.31801,50.74535]}},{"type":"Feature","properties":{"CountryName":"Belgium","Type of Animal":"Pork"},"geometry":{"type":"Point","coordinates":[4.25923,51.19087]}},{"type":"Feature","properties":{"CountryName":"Belgium","Type of Animal":"Chicken"},"geometry":{"type":"Point","coordinates":[4.53228,51.4111]}},{"type":"Feature","properties":{"CountryName":"Belgium","Type of Animal":"Pork"},"geometry":{"type":"Point","coordinates":[3.07419,50.79116]}},{"type":"Feature","properties":{"CountryName":"Belgium","Type of Animal":"Chicken"},"geometry":{"type":"Point","coordinates":[4.74594,51.38247]}},{"type":"Feature","properties":{"CountryName":"Belgium","Type of Animal":"Chicken"},"geometry":{"type":"Point","coordinates":[5.75918,51.1802]}},{"type":"Feature","properties":{"CountryName":"Belgium","Type of Animal":"Chicken"},"geometry":{"type":"Point","coordinates":[5.60141,51.19621]}},{"type":"Feature","properties":{"CountryName":"Belgium","Type of Animal":"Chicken"},"geometry":{"type":"Point","coordinates":[3.02286,50.91977]}},{"type":"Feature","properties":{"CountryName":"Belgium","Type of Animal":"Chicken"},"geometry":{"type":"Point","coordinates":[3.36876,51.02948]}},{"type":"Feature","properties":{"CountryName":"Belgium","Type of Animal":"Chicken"},"geometry":{"type":"Point","coordinates":[5.48251,50.7632]}},{"type":"Feature","properties":{"CountryName":"Belgium","Type of Animal":"Pork"},"geometry":{"type":"Point","coordinates":[3.40061,51.0218]}},{"type":"Feature","properties":{"CountryName":"Belgium","Type of Animal":"Pork"},"geometry":{"type":"Point","coordinates":[3.00605,51.05758]}},{"type":"Feature","properties":{"CountryName":"Belgium","Type of Animal":"Pork"},"geometry":{"type":"Point","coordinates":[3.30012,50.90799]}},{"type":"Feature","properties":{"CountryName":"Belgium","Type of Animal":"Chicken"},"geometry":{"type":"Point","coordinates":[5.05873,50.96251]}},{"type":"Feature","properties":{"CountryName":"Belgium","Type of Animal":"Chicken"},"geometry":{"type":"Point","coordinates":[3.44946,50.95515]}},{"type":"Feature","properties":{"CountryName":"Belgium","Type of Animal":"Pork"},"geometry":{"type":"Point","coordinates":[3.5826,51.23089]}},{"type":"Feature","properties":{"CountryName":"Belgium","Type of Animal":"Chicken"},"geometry":{"type":"Point","coordinates":[3.52683,51.10307]}},{"type":"Feature","properties":{"CountryName":"Belgium","Type of Animal":"Chicken"},"geometry":{"type":"Point","coordinates":[3.95581,50.89739]}},{"type":"Feature","properties":{"CountryName":"Belgium","Type of Animal":"Chicken"},"geometry":{"type":"Point","coordinates":[4.61369,51.41982]}},{"type":"Feature","properties":{"CountryName":"Belgium","Type of Animal":"Chicken"},"geometry":{"type":"Point","coordinates":[4.70108,51.36066]}},{"type":"Feature","properties":{"CountryName":"Belgium","Type of Animal":"Chicken"},"geometry":{"type":"Point","coordinates":[4.71609,51.35535]}},{"type":"Feature","properties":{"CountryName":"Belgium","Type of Animal":"Chicken"},"geometry":{"type":"Point","coordinates":[4.55749,51.37932]}},{"type":"Feature","properties":{"CountryName":"Belgium","Type of Animal":"Pork"},"geometry":{"type":"Point","coordinates":[5.0324,51.45716]}},{"type":"Feature","properties":{"CountryName":"Belgium","Type of Animal":"Chicken"},"geometry":{"type":"Point","coordinates":[2.64948,50.82411]}},{"type":"Feature","properties":{"CountryName":"Belgium","Type of Animal":"Chicken"},"geometry":{"type":"Point","coordinates":[3.05595,51.05999]}},{"type":"Feature","properties":{"CountryName":"Belgium","Type of Animal":"Chicken"},"geometry":{"type":"Point","coordinates":[3.28444,50.92582]}},{"type":"Feature","properties":{"CountryName":"Belgium","Type of Animal":"Chicken"},"geometry":{"type":"Point","coordinates":[2.96511,50.93648]}},{"type":"Feature","properties":{"CountryName":"Belgium","Type of Animal":"Chicken"},"geometry":{"type":"Point","coordinates":[5.63099,50.84308]}},{"type":"Feature","properties":{"CountryName":"Belgium","Type of Animal":"Chicken"},"geometry":{"type":"Point","coordinates":[5.07972,51.44105]}},{"type":"Feature","properties":{"CountryName":"Belgium","Type of Animal":"Chicken"},"geometry":{"type":"Point","coordinates":[4.85676,51.22951]}},{"type":"Feature","properties":{"CountryName":"Belgium","Type of Animal":"Pork"},"geometry":{"type":"Point","coordinates":[2.90978,51.11587]}},{"type":"Feature","properties":{"CountryName":"Belgium","Type of Animal":"Chicken"},"geometry":{"type":"Point","coordinates":[3.42101,50.84885]}},{"type":"Feature","properties":{"CountryName":"Belgium","Type of Animal":"Chicken"},"geometry":{"type":"Point","coordinates":[3.02605,50.90823]}},{"type":"Feature","properties":{"CountryName":"Belgium","Type of Animal":"Pork"},"geometry":{"type":"Point","coordinates":[3.06783,51.07135]}},{"type":"Feature","properties":{"CountryName":"Belgium","Type of Animal":"Chicken"},"geometry":{"type":"Point","coordinates":[2.98253,50.91688]}},{"type":"Feature","properties":{"CountryName":"Belgium","Type of Animal":"Pork"},"geometry":{"type":"Point","coordinates":[2.98385,50.96575]}},{"type":"Feature","properties":{"CountryName":"Belgium","Type of Animal":"Chicken"},"geometry":{"type":"Point","coordinates":[5.05508,51.29854]}},{"type":"Feature","properties":{"CountryName":"Belgium","Type of Animal":"Pork"},"geometry":{"type":"Point","coordinates":[3.24721,50.86285]}},{"type":"Feature","properties":{"CountryName":"Belgium","Type of Animal":"Pork"},"geometry":{"type":"Point","coordinates":[2.7748,51.04128]}},{"type":"Feature","properties":{"CountryName":"Belgium","Type of Animal":"Pork"},"geometry":{"type":"Point","coordinates":[2.95196,51.05602]}},{"type":"Feature","properties":{"CountryName":"Belgium","Type of Animal":"Pork"},"geometry":{"type":"Point","coordinates":[3.12843,50.82362]}},{"type":"Feature","properties":{"CountryName":"Belgium","Type of Animal":"Chicken"},"geometry":{"type":"Point","coordinates":[2.65726,50.94998]}},{"type":"Feature","properties":{"CountryName":"Belgium","Type of Animal":"Pork"},"geometry":{"type":"Point","coordinates":[3.09562,50.96783]}},{"type":"Feature","properties":{"CountryName":"Belgium","Type of Animal":"Pork"},"geometry":{"type":"Point","coordinates":[2.96624,51.0037]}},{"type":"Feature","properties":{"CountryName":"Belgium","Type of Animal":"Chicken"},"geometry":{"type":"Point","coordinates":[2.85489,50.96071]}},{"type":"Feature","properties":{"CountryName":"Belgium","Type of Animal":"Chicken"},"geometry":{"type":"Point","coordinates":[3.39816,51.05493]}},{"type":"Feature","properties":{"CountryName":"Belgium","Type of Animal":"Chicken"},"geometry":{"type":"Point","coordinates":[5.60451,51.09842]}},{"type":"Feature","properties":{"CountryName":"Belgium","Type of Animal":"Chicken"},"geometry":{"type":"Point","coordinates":[4.18734,50.94475]}},{"type":"Feature","properties":{"CountryName":"Belgium","Type of Animal":"Pork"},"geometry":{"type":"Point","coordinates":[4.98174,51.41013]}},{"type":"Feature","properties":{"CountryName":"Belgium","Type of Animal":"Pork"},"geometry":{"type":"Point","coordinates":[2.89908,51.08995]}},{"type":"Feature","properties":{"CountryName":"Belgium","Type of Animal":"Chicken"},"geometry":{"type":"Point","coordinates":[2.81067,50.73157]}},{"type":"Feature","properties":{"CountryName":"Belgium","Type of Animal":"Pork"},"geometry":{"type":"Point","coordinates":[4.76948,51.32365]}},{"type":"Feature","properties":{"CountryName":"Belgium","Type of Animal":"Chicken"},"geometry":{"type":"Point","coordinates":[4.06,50.74037]}},{"type":"Feature","properties":{"CountryName":"Belgium","Type of Animal":"Chicken"},"geometry":{"type":"Point","coordinates":[4.83394,51.09654]}},{"type":"Feature","properties":{"CountryName":"Belgium","Type of Animal":"Pork"},"geometry":{"type":"Point","coordinates":[2.69713,50.83936]}},{"type":"Feature","properties":{"CountryName":"Belgium","Type of Animal":"Chicken"},"geometry":{"type":"Point","coordinates":[3.37625,50.95016]}},{"type":"Feature","properties":{"CountryName":"Belgium","Type of Animal":"Pork"},"geometry":{"type":"Point","coordinates":[2.68444,50.82384]}},{"type":"Feature","properties":{"CountryName":"Belgium","Type of Animal":"Chicken"},"geometry":{"type":"Point","coordinates":[5.75704,51.11451]}},{"type":"Feature","properties":{"CountryName":"Belgium","Type of Animal":"Pork"},"geometry":{"type":"Point","coordinates":[5.63157,51.12981]}},{"type":"Feature","properties":{"CountryName":"Belgium","Type of Animal":"Chicken"},"geometry":{"type":"Point","coordinates":[5.79672,51.14725]}},{"type":"Feature","properties":{"CountryName":"Belgium","Type of Animal":"Pork"},"geometry":{"type":"Point","coordinates":[3.40392,50.92488]}},{"type":"Feature","properties":{"CountryName":"Belgium","Type of Animal":"Pork"},"geometry":{"type":"Point","coordinates":[3.1526,51.04955]}},{"type":"Feature","properties":{"CountryName":"Belgium","Type of Animal":"Pork"},"geometry":{"type":"Point","coordinates":[3.0837,51.04198]}},{"type":"Feature","properties":{"CountryName":"Belgium","Type of Animal":"Pork"},"geometry":{"type":"Point","coordinates":[3.62572,50.94168]}},{"type":"Feature","properties":{"CountryName":"Belgium","Type of Animal":"Chicken"},"geometry":{"type":"Point","coordinates":[3.4641,50.98367]}},{"type":"Feature","properties":{"CountryName":"Belgium","Type of Animal":"Pork"},"geometry":{"type":"Point","coordinates":[3.51596,50.84813]}},{"type":"Feature","properties":{"CountryName":"Belgium","Type of Animal":"Pork"},"geometry":{"type":"Point","coordinates":[5.03482,51.27256]}},{"type":"Feature","properties":{"CountryName":"Belgium","Type of Animal":"Pork"},"geometry":{"type":"Point","coordinates":[4.7545,51.49003]}},{"type":"Feature","properties":{"CountryName":"Belgium","Type of Animal":"Chicken"},"geometry":{"type":"Point","coordinates":[4.84067,51.34]}},{"type":"Feature","properties":{"CountryName":"Belgium","Type of Animal":"Chicken"},"geometry":{"type":"Point","coordinates":[2.61705,51.07617]}},{"type":"Feature","properties":{"CountryName":"Belgium","Type of Animal":"Pork"},"geometry":{"type":"Point","coordinates":[3.02652,51.00173]}},{"type":"Feature","properties":{"CountryName":"Belgium","Type of Animal":"Chicken"},"geometry":{"type":"Point","coordinates":[2.66909,50.98951]}},{"type":"Feature","properties":{"CountryName":"Belgium","Type of Animal":"Pork"},"geometry":{"type":"Point","coordinates":[2.78018,51.10077]}},{"type":"Feature","properties":{"CountryName":"Belgium","Type of Animal":"Chicken"},"geometry":{"type":"Point","coordinates":[5.04056,51.39346]}},{"type":"Feature","properties":{"CountryName":"Belgium","Type of Animal":"Chicken"},"geometry":{"type":"Point","coordinates":[4.78306,51.2512]}},{"type":"Feature","properties":{"CountryName":"Belgium","Type of Animal":"Pork"},"geometry":{"type":"Point","coordinates":[3.55191,50.90997]}},{"type":"Feature","properties":{"CountryName":"Belgium","Type of Animal":"Pork"},"geometry":{"type":"Point","coordinates":[3.13778,51.09695]}},{"type":"Feature","properties":{"CountryName":"Belgium","Type of Animal":"Chicken"},"geometry":{"type":"Point","coordinates":[2.73581,50.9851]}},{"type":"Feature","properties":{"CountryName":"Belgium","Type of Animal":"Pork"},"geometry":{"type":"Point","coordinates":[2.79298,50.97344]}},{"type":"Feature","properties":{"CountryName":"Belgium","Type of Animal":"Chicken"},"geometry":{"type":"Point","coordinates":[2.94489,50.91391]}},{"type":"Feature","properties":{"CountryName":"Belgium","Type of Animal":"Pork"},"geometry":{"type":"Point","coordinates":[2.98743,50.95296]}},{"type":"Feature","properties":{"CountryName":"Belgium","Type of Animal":"Chicken"},"geometry":{"type":"Point","coordinates":[2.81229,51.09418]}},{"type":"Feature","properties":{"CountryName":"Belgium","Type of Animal":"Pork"},"geometry":{"type":"Point","coordinates":[3.00107,50.94195]}},{"type":"Feature","properties":{"CountryName":"Belgium","Type of Animal":"Chicken"},"geometry":{"type":"Point","coordinates":[3.02527,50.91605]}},{"type":"Feature","properties":{"CountryName":"Belgium","Type of Animal":"Pork"},"geometry":{"type":"Point","coordinates":[2.61184,51.02127]}},{"type":"Feature","properties":{"CountryName":"Belgium","Type of Animal":"Chicken"},"geometry":{"type":"Point","coordinates":[2.79842,50.76141]}},{"type":"Feature","properties":{"CountryName":"Belgium","Type of Animal":"Chicken"},"geometry":{"type":"Point","coordinates":[4.66736,51.32302]}},{"type":"Feature","properties":{"CountryName":"Belgium","Type of Animal":"Chicken"},"geometry":{"type":"Point","coordinates":[3.31205,50.97262]}},{"type":"Feature","properties":{"CountryName":"Belgium","Type of Animal":"Chicken"},"geometry":{"type":"Point","coordinates":[5.64123,51.04549]}},{"type":"Feature","properties":{"CountryName":"Belgium","Type of Animal":"Chicken"},"geometry":{"type":"Point","coordinates":[3.21043,50.88117]}},{"type":"Feature","properties":{"CountryName":"Belgium","Type of Animal":"Chicken"},"geometry":{"type":"Point","coordinates":[3.43149,51.03461]}},{"type":"Feature","properties":{"CountryName":"Belgium","Type of Animal":"Pork"},"geometry":{"type":"Point","coordinates":[3.03169,50.91554]}},{"type":"Feature","properties":{"CountryName":"Belgium","Type of Animal":"Chicken"},"geometry":{"type":"Point","coordinates":[4.79598,51.28968]}},{"type":"Feature","properties":{"CountryName":"Belgium","Type of Animal":"Pork"},"geometry":{"type":"Point","coordinates":[3.27555,51.03079]}},{"type":"Feature","properties":{"CountryName":"Belgium","Type of Animal":"Pork"},"geometry":{"type":"Point","coordinates":[2.92146,50.96118]}},{"type":"Feature","properties":{"CountryName":"Belgium","Type of Animal":"Pork"},"geometry":{"type":"Point","coordinates":[3.06409,50.95233]}},{"type":"Feature","properties":{"CountryName":"Belgium","Type of Animal":"Chicken"},"geometry":{"type":"Point","coordinates":[5.04518,51.30109]}},{"type":"Feature","properties":{"CountryName":"Belgium","Type of Animal":"Pork"},"geometry":{"type":"Point","coordinates":[4.68989,51.42098]}},{"type":"Feature","properties":{"CountryName":"Belgium","Type of Animal":"Pork"},"geometry":{"type":"Point","coordinates":[4.86652,51.34444]}},{"type":"Feature","properties":{"CountryName":"Belgium","Type of Animal":"Pork"},"geometry":{"type":"Point","coordinates":[4.16257,51.20048]}},{"type":"Feature","properties":{"CountryName":"Belgium","Type of Animal":"Pork"},"geometry":{"type":"Point","coordinates":[3.97435,51.18736]}},{"type":"Feature","properties":{"CountryName":"Belgium","Type of Animal":"Chicken"},"geometry":{"type":"Point","coordinates":[5.23859,51.14086]}},{"type":"Feature","properties":{"CountryName":"Belgium","Type of Animal":"Chicken"},"geometry":{"type":"Point","coordinates":[5.04033,51.29627]}},{"type":"Feature","properties":{"CountryName":"Belgium","Type of Animal":"Pork"},"geometry":{"type":"Point","coordinates":[3.29017,51.07478]}},{"type":"Feature","properties":{"CountryName":"Belgium","Type of Animal":"Chicken"},"geometry":{"type":"Point","coordinates":[4.68336,51.42469]}},{"type":"Feature","properties":{"CountryName":"Belgium","Type of Animal":"Pork"},"geometry":{"type":"Point","coordinates":[4.5065,51.45122]}},{"type":"Feature","properties":{"CountryName":"Belgium","Type of Animal":"Chicken"},"geometry":{"type":"Point","coordinates":[5.06415,51.43642]}},{"type":"Feature","properties":{"CountryName":"Belgium","Type of Animal":"Chicken"},"geometry":{"type":"Point","coordinates":[4.66061,51.41263]}},{"type":"Feature","properties":{"CountryName":"Belgium","Type of Animal":"Pork"},"geometry":{"type":"Point","coordinates":[3.18241,51.02192]}},{"type":"Feature","properties":{"CountryName":"Belgium","Type of Animal":"Chicken"},"geometry":{"type":"Point","coordinates":[2.6473,50.97029]}},{"type":"Feature","properties":{"CountryName":"Belgium","Type of Animal":"Pork"},"geometry":{"type":"Point","coordinates":[3.15013,50.85748]}},{"type":"Feature","properties":{"CountryName":"Belgium","Type of Animal":"Pork"},"geometry":{"type":"Point","coordinates":[4.87023,51.39685]}},{"type":"Feature","properties":{"CountryName":"Belgium","Type of Animal":"Pork"},"geometry":{"type":"Point","coordinates":[4.66164,51.32021]}},{"type":"Feature","properties":{"CountryName":"Belgium","Type of Animal":"Chicken"},"geometry":{"type":"Point","coordinates":[2.99603,51.08876]}},{"type":"Feature","properties":{"CountryName":"Belgium","Type of Animal":"Pork"},"geometry":{"type":"Point","coordinates":[3.32439,51.17765]}},{"type":"Feature","properties":{"CountryName":"Belgium","Type of Animal":"Pork"},"geometry":{"type":"Point","coordinates":[4.87916,51.39757]}},{"type":"Feature","properties":{"CountryName":"Belgium","Type of Animal":"Pork"},"geometry":{"type":"Point","coordinates":[4.67092,51.4163]}},{"type":"Feature","properties":{"CountryName":"Belgium","Type of Animal":"Chicken"},"geometry":{"type":"Point","coordinates":[4.50952,51.40451]}},{"type":"Feature","properties":{"CountryName":"Belgium","Type of Animal":"Chicken"},"geometry":{"type":"Point","coordinates":[4.76412,51.4743]}},{"type":"Feature","properties":{"CountryName":"Belgium","Type of Animal":"Chicken"},"geometry":{"type":"Point","coordinates":[2.96103,51.0482]}},{"type":"Feature","properties":{"CountryName":"Belgium","Type of Animal":"Pork"},"geometry":{"type":"Point","coordinates":[3.39757,50.80819]}},{"type":"Feature","properties":{"CountryName":"Belgium","Type of Animal":"Chicken"},"geometry":{"type":"Point","coordinates":[4.59632,51.0429]}},{"type":"Feature","properties":{"CountryName":"Belgium","Type of Animal":"Pork"},"geometry":{"type":"Point","coordinates":[4.67561,51.41067]}},{"type":"Feature","properties":{"CountryName":"Belgium","Type of Animal":"Chicken"},"geometry":{"type":"Point","coordinates":[2.58435,51.01206]}},{"type":"Feature","properties":{"CountryName":"Belgium","Type of Animal":"Chicken"},"geometry":{"type":"Point","coordinates":[4.65657,51.3563]}},{"type":"Feature","properties":{"CountryName":"Belgium","Type of Animal":"Pork"},"geometry":{"type":"Point","coordinates":[4.65729,51.35633]}},{"type":"Feature","properties":{"CountryName":"Belgium","Type of Animal":"Pork"},"geometry":{"type":"Point","coordinates":[2.96616,51.04416]}},{"type":"Feature","properties":{"CountryName":"Belgium","Type of Animal":"Chicken"},"geometry":{"type":"Point","coordinates":[3.15016,50.86014]}},{"type":"Feature","properties":{"CountryName":"Belgium","Type of Animal":"Pork"},"geometry":{"type":"Point","coordinates":[5.15395,50.91552]}},{"type":"Feature","properties":{"CountryName":"Belgium","Type of Animal":"Chicken"},"geometry":{"type":"Point","coordinates":[5.41967,51.11387]}},{"type":"Feature","properties":{"CountryName":"Belgium","Type of Animal":"Pork"},"geometry":{"type":"Point","coordinates":[3.05114,50.98248]}},{"type":"Feature","properties":{"CountryName":"Belgium","Type of Animal":"Chicken"},"geometry":{"type":"Point","coordinates":[2.84911,50.90383]}},{"type":"Feature","properties":{"CountryName":"Belgium","Type of Animal":"Pork"},"geometry":{"type":"Point","coordinates":[5.60064,50.83746]}},{"type":"Feature","properties":{"CountryName":"Belgium","Type of Animal":"Pork"},"geometry":{"type":"Point","coordinates":[2.68361,50.82383]}},{"type":"Feature","properties":{"CountryName":"Belgium","Type of Animal":"Pork"},"geometry":{"type":"Point","coordinates":[3.06572,50.85441]}},{"type":"Feature","properties":{"CountryName":"Belgium","Type of Animal":"Pork"},"geometry":{"type":"Point","coordinates":[3.95555,51.07661]}},{"type":"Feature","properties":{"CountryName":"Belgium","Type of Animal":"Chicken"},"geometry":{"type":"Point","coordinates":[3.35315,51.02873]}},{"type":"Feature","properties":{"CountryName":"Belgium","Type of Animal":"Pork"},"geometry":{"type":"Point","coordinates":[3.08535,51.13228]}},{"type":"Feature","properties":{"CountryName":"Belgium","Type of Animal":"Pork"},"geometry":{"type":"Point","coordinates":[3.29734,51.00833]}},{"type":"Feature","properties":{"CountryName":"Belgium","Type of Animal":"Chicken"},"geometry":{"type":"Point","coordinates":[4.66652,51.1464]}},{"type":"Feature","properties":{"CountryName":"Belgium","Type of Animal":"Pork"},"geometry":{"type":"Point","coordinates":[3.20448,51.04533]}},{"type":"Feature","properties":{"CountryName":"Belgium","Type of Animal":"Chicken"},"geometry":{"type":"Point","coordinates":[3.2642,50.92975]}},{"type":"Feature","properties":{"CountryName":"Belgium","Type of Animal":"Pork"},"geometry":{"type":"Point","coordinates":[3.05673,50.84846]}},{"type":"Feature","properties":{"CountryName":"Belgium","Type of Animal":"Pork"},"geometry":{"type":"Point","coordinates":[2.64425,50.88318]}},{"type":"Feature","properties":{"CountryName":"Belgium","Type of Animal":"Pork"},"geometry":{"type":"Point","coordinates":[3.32531,51.02239]}},{"type":"Feature","properties":{"CountryName":"Belgium","Type of Animal":"Pork"},"geometry":{"type":"Point","coordinates":[3.52876,51.06155]}},{"type":"Feature","properties":{"CountryName":"Belgium","Type of Animal":"Chicken"},"geometry":{"type":"Point","coordinates":[5.43022,51.07108]}},{"type":"Feature","properties":{"CountryName":"Belgium","Type of Animal":"Chicken"},"geometry":{"type":"Point","coordinates":[2.78998,50.81287]}},{"type":"Feature","properties":{"CountryName":"Belgium","Type of Animal":"Pork"},"geometry":{"type":"Point","coordinates":[4.96246,50.87088]}},{"type":"Feature","properties":{"CountryName":"Belgium","Type of Animal":"Chicken"},"geometry":{"type":"Point","coordinates":[4.16754,51.20642]}},{"type":"Feature","properties":{"CountryName":"Belgium","Type of Animal":"Pork"},"geometry":{"type":"Point","coordinates":[3.32206,51.05607]}},{"type":"Feature","properties":{"CountryName":"Belgium","Type of Animal":"Chicken"},"geometry":{"type":"Point","coordinates":[4.248,51.18785]}},{"type":"Feature","properties":{"CountryName":"Belgium","Type of Animal":"Pork"},"geometry":{"type":"Point","coordinates":[2.80037,50.91356]}},{"type":"Feature","properties":{"CountryName":"Belgium","Type of Animal":"Pork"},"geometry":{"type":"Point","coordinates":[3.04252,50.84915]}},{"type":"Feature","properties":{"CountryName":"Belgium","Type of Animal":"Pork"},"geometry":{"type":"Point","coordinates":[4.19322,51.204]}},{"type":"Feature","properties":{"CountryName":"Belgium","Type of Animal":"Chicken"},"geometry":{"type":"Point","coordinates":[2.85019,50.85872]}},{"type":"Feature","properties":{"CountryName":"Belgium","Type of Animal":"Pork"},"geometry":{"type":"Point","coordinates":[3.20211,51.01739]}},{"type":"Feature","properties":{"CountryName":"Belgium","Type of Animal":"Pork"},"geometry":{"type":"Point","coordinates":[4.94342,51.25627]}},{"type":"Feature","properties":{"CountryName":"Bulgaria","Type of Animal":"Pork"},"geometry":{"type":"Point","coordinates":[26.965436,42.614522]}},{"type":"Feature","properties":{"CountryName":"Bulgaria","Type of Animal":"Pork"},"geometry":{"type":"Point","coordinates":[27.020972,42.726869]}},{"type":"Feature","properties":{"CountryName":"Bulgaria","Type of Animal":"Pork"},"geometry":{"type":"Point","coordinates":[27.683117,43.251206]}},{"type":"Feature","properties":{"CountryName":"Bulgaria","Type of Animal":"Pork"},"geometry":{"type":"Point","coordinates":[27.56925,43.468889]}},{"type":"Feature","properties":{"CountryName":"Bulgaria","Type of Animal":"Pork"},"geometry":{"type":"Point","coordinates":[28.375277,43.608055]}},{"type":"Feature","properties":{"CountryName":"Bulgaria","Type of Animal":"Chicken"},"geometry":{"type":"Point","coordinates":[27.978056,43.707778]}},{"type":"Feature","properties":{"CountryName":"Bulgaria","Type of Animal":"Chicken"},"geometry":{"type":"Point","coordinates":[27.978056,43.707778]}},{"type":"Feature","properties":{"CountryName":"Bulgaria","Type of Animal":"Chicken"},"geometry":{"type":"Point","coordinates":[28.066769,43.717447]}},{"type":"Feature","properties":{"CountryName":"Bulgaria","Type of Animal":"Pork"},"geometry":{"type":"Point","coordinates":[27.948192,43.687925]}},{"type":"Feature","properties":{"CountryName":"Bulgaria","Type of Animal":"Pork"},"geometry":{"type":"Point","coordinates":[27.754161,43.654463]}},{"type":"Feature","properties":{"CountryName":"Bulgaria","Type of Animal":"Pork"},"geometry":{"type":"Point","coordinates":[27.7667,43.355766]}},{"type":"Feature","properties":{"CountryName":"Bulgaria","Type of Animal":"Chicken"},"geometry":{"type":"Point","coordinates":[27.808691,43.434755]}},{"type":"Feature","properties":{"CountryName":"Bulgaria","Type of Animal":"Chicken"},"geometry":{"type":"Point","coordinates":[25.6266,43.235408]}},{"type":"Feature","properties":{"CountryName":"Bulgaria","Type of Animal":"Pork"},"geometry":{"type":"Point","coordinates":[25.759222,43.139361]}},{"type":"Feature","properties":{"CountryName":"Bulgaria","Type of Animal":"Pork"},"geometry":{"type":"Point","coordinates":[25.338889,43.550056]}},{"type":"Feature","properties":{"CountryName":"Bulgaria","Type of Animal":"Chicken"},"geometry":{"type":"Point","coordinates":[25.349261,43.248172]}},{"type":"Feature","properties":{"CountryName":"Bulgaria","Type of Animal":"Chicken"},"geometry":{"type":"Point","coordinates":[25.084894,43.135781]}},{"type":"Feature","properties":{"CountryName":"Bulgaria","Type of Animal":"Chicken"},"geometry":{"type":"Point","coordinates":[25.757414,43.159914]}},{"type":"Feature","properties":{"CountryName":"Bulgaria","Type of Animal":"Chicken"},"geometry":{"type":"Point","coordinates":[25.596561,43.040506]}},{"type":"Feature","properties":{"CountryName":"Bulgaria","Type of Animal":"Chicken"},"geometry":{"type":"Point","coordinates":[24.964166,43.0625]}},{"type":"Feature","properties":{"CountryName":"Bulgaria","Type of Animal":"Pork"},"geometry":{"type":"Point","coordinates":[25.375,43.232222]}},{"type":"Feature","properties":{"CountryName":"Bulgaria","Type of Animal":"Chicken"},"geometry":{"type":"Point","coordinates":[25.329863,42.927472]}},{"type":"Feature","properties":{"CountryName":"Bulgaria","Type of Animal":"Chicken"},"geometry":{"type":"Point","coordinates":[23.70003,43.78187]}},{"type":"Feature","properties":{"CountryName":"Bulgaria","Type of Animal":"Chicken"},"geometry":{"type":"Point","coordinates":[23.66515,43.30808]}},{"type":"Feature","properties":{"CountryName":"Bulgaria","Type of Animal":"Chicken"},"geometry":{"type":"Point","coordinates":[22.731831,43.792458]}},{"type":"Feature","properties":{"CountryName":"Bulgaria","Type of Animal":"Chicken"},"geometry":{"type":"Point","coordinates":[23.230253,43.450997]}},{"type":"Feature","properties":{"CountryName":"Bulgaria","Type of Animal":"Pork"},"geometry":{"type":"Point","coordinates":[22.819092,43.926534]}},{"type":"Feature","properties":{"CountryName":"Bulgaria","Type of Animal":"Chicken"},"geometry":{"type":"Point","coordinates":[23.133571,43.264836]}},{"type":"Feature","properties":{"CountryName":"Bulgaria","Type of Animal":"Chicken"},"geometry":{"type":"Point","coordinates":[24.4023,42.0034]}},{"type":"Feature","properties":{"CountryName":"Bulgaria","Type of Animal":"Chicken"},"geometry":{"type":"Point","coordinates":[24.413323,42.201752]}},{"type":"Feature","properties":{"CountryName":"Bulgaria","Type of Animal":"Pork"},"geometry":{"type":"Point","coordinates":[24.343055,42.165555]}},{"type":"Feature","properties":{"CountryName":"Bulgaria","Type of Animal":"Chicken"},"geometry":{"type":"Point","coordinates":[24.32087,42.0374]}},{"type":"Feature","properties":{"CountryName":"Bulgaria","Type of Animal":"Pork"},"geometry":{"type":"Point","coordinates":[24.283,42.317]}},{"type":"Feature","properties":{"CountryName":"Bulgaria","Type of Animal":"Pork"},"geometry":{"type":"Point","coordinates":[24.283,42.317]}},{"type":"Feature","properties":{"CountryName":"Bulgaria","Type of Animal":"Chicken"},"geometry":{"type":"Point","coordinates":[24.87972,43.48777]}},{"type":"Feature","properties":{"CountryName":"Bulgaria","Type of Animal":"Pork"},"geometry":{"type":"Point","coordinates":[24.55661,43.398]}},{"type":"Feature","properties":{"CountryName":"Bulgaria","Type of Animal":"Chicken"},"geometry":{"type":"Point","coordinates":[25.09155,43.51185]}},{"type":"Feature","properties":{"CountryName":"Bulgaria","Type of Animal":"Chicken"},"geometry":{"type":"Point","coordinates":[24.97713,43.42144]}},{"type":"Feature","properties":{"CountryName":"Bulgaria","Type of Animal":"Chicken"},"geometry":{"type":"Point","coordinates":[24.988888,43.448333]}},{"type":"Feature","properties":{"CountryName":"Bulgaria","Type of Animal":"Pork"},"geometry":{"type":"Point","coordinates":[25.202116,43.369277]}},{"type":"Feature","properties":{"CountryName":"Bulgaria","Type of Animal":"Chicken"},"geometry":{"type":"Point","coordinates":[24.452749,43.112915]}},{"type":"Feature","properties":{"CountryName":"Bulgaria","Type of Animal":"Chicken"},"geometry":{"type":"Point","coordinates":[24.850652,42.969586]}},{"type":"Feature","properties":{"CountryName":"Bulgaria","Type of Animal":"Chicken"},"geometry":{"type":"Point","coordinates":[24.905556,42.050028]}},{"type":"Feature","properties":{"CountryName":"Bulgaria","Type of Animal":"Chicken"},"geometry":{"type":"Point","coordinates":[24.888056,42.20825]}},{"type":"Feature","properties":{"CountryName":"Bulgaria","Type of Animal":"Chicken"},"geometry":{"type":"Point","coordinates":[24.543,42.176611]}},{"type":"Feature","properties":{"CountryName":"Bulgaria","Type of Animal":"Chicken"},"geometry":{"type":"Point","coordinates":[25.017806,42.08825]}},{"type":"Feature","properties":{"CountryName":"Bulgaria","Type of Animal":"Pork"},"geometry":{"type":"Point","coordinates":[26.4015,43.9989]}},{"type":"Feature","properties":{"CountryName":"Bulgaria","Type of Animal":"Chicken"},"geometry":{"type":"Point","coordinates":[26,43]}},{"type":"Feature","properties":{"CountryName":"Bulgaria","Type of Animal":"Chicken"},"geometry":{"type":"Point","coordinates":[26.0133,43.8072]}},{"type":"Feature","properties":{"CountryName":"Bulgaria","Type of Animal":"Chicken"},"geometry":{"type":"Point","coordinates":[26.5124,43.6136]}},{"type":"Feature","properties":{"CountryName":"Bulgaria","Type of Animal":"Pork"},"geometry":{"type":"Point","coordinates":[26.1489,43.871]}},{"type":"Feature","properties":{"CountryName":"Bulgaria","Type of Animal":"Pork"},"geometry":{"type":"Point","coordinates":[26.3311,43.9656]}},{"type":"Feature","properties":{"CountryName":"Bulgaria","Type of Animal":"Pork"},"geometry":{"type":"Point","coordinates":[26.2441,43.8617]}},{"type":"Feature","properties":{"CountryName":"Bulgaria","Type of Animal":"Pork"},"geometry":{"type":"Point","coordinates":[26.836,43.7358]}},{"type":"Feature","properties":{"CountryName":"Bulgaria","Type of Animal":"Chicken"},"geometry":{"type":"Point","coordinates":[26.54,43.5977]}},{"type":"Feature","properties":{"CountryName":"Bulgaria","Type of Animal":"Chicken"},"geometry":{"type":"Point","coordinates":[26.5058,43.5902]}},{"type":"Feature","properties":{"CountryName":"Bulgaria","Type of Animal":"Chicken"},"geometry":{"type":"Point","coordinates":[26.6702,43.7715]}},{"type":"Feature","properties":{"CountryName":"Bulgaria","Type of Animal":"Chicken"},"geometry":{"type":"Point","coordinates":[26.383888,43.721388]}},{"type":"Feature","properties":{"CountryName":"Bulgaria","Type of Animal":"Chicken"},"geometry":{"type":"Point","coordinates":[26.22829,43.42728]}},{"type":"Feature","properties":{"CountryName":"Bulgaria","Type of Animal":"Chicken"},"geometry":{"type":"Point","coordinates":[26.1,43.716666]}},{"type":"Feature","properties":{"CountryName":"Bulgaria","Type of Animal":"Chicken"},"geometry":{"type":"Point","coordinates":[26.709722,43.572277]}},{"type":"Feature","properties":{"CountryName":"Bulgaria","Type of Animal":"Pork"},"geometry":{"type":"Point","coordinates":[26.9782,44.122]}},{"type":"Feature","properties":{"CountryName":"Bulgaria","Type of Animal":"Pork"},"geometry":{"type":"Point","coordinates":[27.0246,44.1226]}},{"type":"Feature","properties":{"CountryName":"Bulgaria","Type of Animal":"Chicken"},"geometry":{"type":"Point","coordinates":[26.244416,43.93025]}},{"type":"Feature","properties":{"CountryName":"Bulgaria","Type of Animal":"Chicken"},"geometry":{"type":"Point","coordinates":[26.529,43.4131]}},{"type":"Feature","properties":{"CountryName":"Bulgaria","Type of Animal":"Chicken"},"geometry":{"type":"Point","coordinates":[26,43]}},{"type":"Feature","properties":{"CountryName":"Bulgaria","Type of Animal":"Chicken"},"geometry":{"type":"Point","coordinates":[26.3044,43.364902]}},{"type":"Feature","properties":{"CountryName":"Bulgaria","Type of Animal":"Chicken"},"geometry":{"type":"Point","coordinates":[26.279444,43.810416]}},{"type":"Feature","properties":{"CountryName":"Bulgaria","Type of Animal":"Chicken"},"geometry":{"type":"Point","coordinates":[26.244722,43.695]}},{"type":"Feature","properties":{"CountryName":"Bulgaria","Type of Animal":"Chicken"},"geometry":{"type":"Point","coordinates":[26,43]}},{"type":"Feature","properties":{"CountryName":"Bulgaria","Type of Animal":"Chicken"},"geometry":{"type":"Point","coordinates":[26.632822,43.760077]}},{"type":"Feature","properties":{"CountryName":"Bulgaria","Type of Animal":"Chicken"},"geometry":{"type":"Point","coordinates":[26.578611,43.618611]}},{"type":"Feature","properties":{"CountryName":"Bulgaria","Type of Animal":"Chicken"},"geometry":{"type":"Point","coordinates":[26.50175,43.621694]}},{"type":"Feature","properties":{"CountryName":"Bulgaria","Type of Animal":"Chicken"},"geometry":{"type":"Point","coordinates":[26.501722,43.621666]}},{"type":"Feature","properties":{"CountryName":"Bulgaria","Type of Animal":"Chicken"},"geometry":{"type":"Point","coordinates":[26.17,43.45]}},{"type":"Feature","properties":{"CountryName":"Bulgaria","Type of Animal":"Chicken"},"geometry":{"type":"Point","coordinates":[26.816111,43.707222]}},{"type":"Feature","properties":{"CountryName":"Bulgaria","Type of Animal":"Chicken"},"geometry":{"type":"Point","coordinates":[26.490055,43.706756]}},{"type":"Feature","properties":{"CountryName":"Bulgaria","Type of Animal":"Chicken"},"geometry":{"type":"Point","coordinates":[26.871647,43.694622]}},{"type":"Feature","properties":{"CountryName":"Bulgaria","Type of Animal":"Chicken"},"geometry":{"type":"Point","coordinates":[26.788611,43.675833]}},{"type":"Feature","properties":{"CountryName":"Bulgaria","Type of Animal":"Chicken"},"geometry":{"type":"Point","coordinates":[25.673697,43.476035]}},{"type":"Feature","properties":{"CountryName":"Bulgaria","Type of Animal":"Chicken"},"geometry":{"type":"Point","coordinates":[26.617,43.679888]}},{"type":"Feature","properties":{"CountryName":"Bulgaria","Type of Animal":"Chicken"},"geometry":{"type":"Point","coordinates":[26.249166,43.705555]}},{"type":"Feature","properties":{"CountryName":"Bulgaria","Type of Animal":"Chicken"},"geometry":{"type":"Point","coordinates":[27.1849,44.04857]}},{"type":"Feature","properties":{"CountryName":"Bulgaria","Type of Animal":"Chicken"},"geometry":{"type":"Point","coordinates":[27.14193,43.82086]}},{"type":"Feature","properties":{"CountryName":"Bulgaria","Type of Animal":"Chicken"},"geometry":{"type":"Point","coordinates":[26.334667,43.341321]}},{"type":"Feature","properties":{"CountryName":"Bulgaria","Type of Animal":"Chicken"},"geometry":{"type":"Point","coordinates":[24.723666,41.590334]}},{"type":"Feature","properties":{"CountryName":"Bulgaria","Type of Animal":"Chicken"},"geometry":{"type":"Point","coordinates":[23.210278,42.791944]}},{"type":"Feature","properties":{"CountryName":"Bulgaria","Type of Animal":"Chicken"},"geometry":{"type":"Point","coordinates":[25.333,42.2]}},{"type":"Feature","properties":{"CountryName":"Bulgaria","Type of Animal":"Chicken"},"geometry":{"type":"Point","coordinates":[26.391,42.450439]}},{"type":"Feature","properties":{"CountryName":"Bulgaria","Type of Animal":"Chicken"},"geometry":{"type":"Point","coordinates":[25.35,42.25]}},{"type":"Feature","properties":{"CountryName":"Bulgaria","Type of Animal":"Pork"},"geometry":{"type":"Point","coordinates":[26.577713,42.43139]}},{"type":"Feature","properties":{"CountryName":"Bulgaria","Type of Animal":"Chicken"},"geometry":{"type":"Point","coordinates":[26.597969,42.573619]}},{"type":"Feature","properties":{"CountryName":"Bulgaria","Type of Animal":"Pork"},"geometry":{"type":"Point","coordinates":[25.775581,42.355625]}},{"type":"Feature","properties":{"CountryName":"Bulgaria","Type of Animal":"Chicken"},"geometry":{"type":"Point","coordinates":[26.306411,42.562847]}},{"type":"Feature","properties":{"CountryName":"Bulgaria","Type of Animal":"Pork"},"geometry":{"type":"Point","coordinates":[25.718611,42.2675]}},{"type":"Feature","properties":{"CountryName":"Bulgaria","Type of Animal":"Chicken"},"geometry":{"type":"Point","coordinates":[25.9837,42.607936]}},{"type":"Feature","properties":{"CountryName":"Bulgaria","Type of Animal":"Chicken"},"geometry":{"type":"Point","coordinates":[26.316111,42.576667]}},{"type":"Feature","properties":{"CountryName":"Bulgaria","Type of Animal":"Chicken"},"geometry":{"type":"Point","coordinates":[25.650533,42.347947]}},{"type":"Feature","properties":{"CountryName":"Bulgaria","Type of Animal":"Chicken"},"geometry":{"type":"Point","coordinates":[25.9837,42.607936]}},{"type":"Feature","properties":{"CountryName":"Bulgaria","Type of Animal":"Chicken"},"geometry":{"type":"Point","coordinates":[26.322658,42.625063]}},{"type":"Feature","properties":{"CountryName":"Bulgaria","Type of Animal":"Chicken"},"geometry":{"type":"Point","coordinates":[26.250833,42.634166]}},{"type":"Feature","properties":{"CountryName":"Bulgaria","Type of Animal":"Pork"},"geometry":{"type":"Point","coordinates":[26.3874,42.6284]}},{"type":"Feature","properties":{"CountryName":"Bulgaria","Type of Animal":"Pork"},"geometry":{"type":"Point","coordinates":[26.3874,42.6284]}},{"type":"Feature","properties":{"CountryName":"Bulgaria","Type of Animal":"Chicken"},"geometry":{"type":"Point","coordinates":[25.548972,41.873667]}},{"type":"Feature","properties":{"CountryName":"Bulgaria","Type of Animal":"Chicken"},"geometry":{"type":"Point","coordinates":[25.420617,41.519577]}},{"type":"Feature","properties":{"CountryName":"Bulgaria","Type of Animal":"Chicken"},"geometry":{"type":"Point","coordinates":[25.403003,41.509633]}},{"type":"Feature","properties":{"CountryName":"Bulgaria","Type of Animal":"Chicken"},"geometry":{"type":"Point","coordinates":[25.3925,41.589166]}},{"type":"Feature","properties":{"CountryName":"Bulgaria","Type of Animal":"Chicken"},"geometry":{"type":"Point","coordinates":[25.557789,41.873646]}},{"type":"Feature","properties":{"CountryName":"Bulgaria","Type of Animal":"Pork"},"geometry":{"type":"Point","coordinates":[26.14,43.22]}},{"type":"Feature","properties":{"CountryName":"Bulgaria","Type of Animal":"Chicken"},"geometry":{"type":"Point","coordinates":[26.3293,43.3867]}},{"type":"Feature","properties":{"CountryName":"Bulgaria","Type of Animal":"Chicken"},"geometry":{"type":"Point","coordinates":[26.9086,43.3526]}},{"type":"Feature","properties":{"CountryName":"Bulgaria","Type of Animal":"Pork"},"geometry":{"type":"Point","coordinates":[27.2217,43.5734]}},{"type":"Feature","properties":{"CountryName":"Bulgaria","Type of Animal":"Chicken"},"geometry":{"type":"Point","coordinates":[26.4696,43.3155]}},{"type":"Feature","properties":{"CountryName":"Bulgaria","Type of Animal":"Chicken"},"geometry":{"type":"Point","coordinates":[26.5949,43.2729]}},{"type":"Feature","properties":{"CountryName":"Bulgaria","Type of Animal":"Chicken"},"geometry":{"type":"Point","coordinates":[26.4703,43.1514]}},{"type":"Feature","properties":{"CountryName":"Bulgaria","Type of Animal":"Pork"},"geometry":{"type":"Point","coordinates":[26.45,43.22]}},{"type":"Feature","properties":{"CountryName":"Bulgaria","Type of Animal":"Chicken"},"geometry":{"type":"Point","coordinates":[26.1863,43.4544]}},{"type":"Feature","properties":{"CountryName":"Bulgaria","Type of Animal":"Chicken"},"geometry":{"type":"Point","coordinates":[26.354647,43.424713]}},{"type":"Feature","properties":{"CountryName":"Bulgaria","Type of Animal":"Chicken"},"geometry":{"type":"Point","coordinates":[26.273055,43.434444]}},{"type":"Feature","properties":{"CountryName":"Bulgaria","Type of Animal":"Chicken"},"geometry":{"type":"Point","coordinates":[26.938547,43.238547]}},{"type":"Feature","properties":{"CountryName":"Bulgaria","Type of Animal":"Chicken"},"geometry":{"type":"Point","coordinates":[26.587983,43.272119]}},{"type":"Feature","properties":{"CountryName":"Bulgaria","Type of Animal":"Chicken"},"geometry":{"type":"Point","coordinates":[27.047863,43.546841]}},{"type":"Feature","properties":{"CountryName":"Bulgaria","Type of Animal":"Chicken"},"geometry":{"type":"Point","coordinates":[26.684722,43.117916]}},{"type":"Feature","properties":{"CountryName":"Bulgaria","Type of Animal":"Chicken"},"geometry":{"type":"Point","coordinates":[27.11783,43.36999]}},{"type":"Feature","properties":{"CountryName":"Bulgaria","Type of Animal":"Chicken"},"geometry":{"type":"Point","coordinates":[26.395824,43.14025]}},{"type":"Feature","properties":{"CountryName":"Bulgaria","Type of Animal":"Pork"},"geometry":{"type":"Point","coordinates":[26.91112,43.30699]}},{"type":"Feature","properties":{"CountryName":"Bulgaria","Type of Animal":"Pork"},"geometry":{"type":"Point","coordinates":[26.91112,43.30699]}},{"type":"Feature","properties":{"CountryName":"Bulgaria","Type of Animal":"Chicken"},"geometry":{"type":"Point","coordinates":[22.71639,42.34889]}},{"type":"Feature","properties":{"CountryName":"Croatia","Type of Animal":"Chicken"},"geometry":{"type":"Point","coordinates":[16.8211,45.88162]}},{"type":"Feature","properties":{"CountryName":"Croatia","Type of Animal":"Pork"},"geometry":{"type":"Point","coordinates":[16.53126,46.40178]}},{"type":"Feature","properties":{"CountryName":"Croatia","Type of Animal":"Pork"},"geometry":{"type":"Point","coordinates":[18.63675,45.8564]}},{"type":"Feature","properties":{"CountryName":"Croatia","Type of Animal":"Pork"},"geometry":{"type":"Point","coordinates":[18.64164,45.65445]}},{"type":"Feature","properties":{"CountryName":"Croatia","Type of Animal":"Pork"},"geometry":{"type":"Point","coordinates":[18.5768,45.68017]}},{"type":"Feature","properties":{"CountryName":"Croatia","Type of Animal":"Chicken"},"geometry":{"type":"Point","coordinates":[18.51697,45.43276]}},{"type":"Feature","properties":{"CountryName":"Croatia","Type of Animal":"Pork"},"geometry":{"type":"Point","coordinates":[18.70452,45.22872]}},{"type":"Feature","properties":{"CountryName":"Croatia","Type of Animal":"Pork"},"geometry":{"type":"Point","coordinates":[18.582,45.68017]}},{"type":"Feature","properties":{"CountryName":"Croatia","Type of Animal":"Pork"},"geometry":{"type":"Point","coordinates":[18.63256,45.34406]}},{"type":"Feature","properties":{"CountryName":"Croatia","Type of Animal":"Pork"},"geometry":{"type":"Point","coordinates":[18.67096,45.72791]}},{"type":"Feature","properties":{"CountryName":"Croatia","Type of Animal":"Chicken"},"geometry":{"type":"Point","coordinates":[15.46842,43.95482]}},{"type":"Feature","properties":{"CountryName":"Croatia","Type of Animal":"Chicken"},"geometry":{"type":"Point","coordinates":[15.99386,45.98193]}},{"type":"Feature","properties":{"CountryName":"Croatia","Type of Animal":"Pork"},"geometry":{"type":"Point","coordinates":[16.47717,45.92606]}},{"type":"Feature","properties":{"CountryName":"Croatia","Type of Animal":"Pork"},"geometry":{"type":"Point","coordinates":[18.67153,45.85878]}},{"type":"Feature","properties":{"CountryName":"Croatia","Type of Animal":"Chicken"},"geometry":{"type":"Point","coordinates":[13.87689,44.86916]}},{"type":"Feature","properties":{"CountryName":"Croatia","Type of Animal":"Chicken"},"geometry":{"type":"Point","coordinates":[18.0529,45.14778]}},{"type":"Feature","properties":{"CountryName":"Croatia","Type of Animal":"Pork"},"geometry":{"type":"Point","coordinates":[18.50849,45.49489]}},{"type":"Feature","properties":{"CountryName":"Croatia","Type of Animal":"Pork"},"geometry":{"type":"Point","coordinates":[18.24828,45.2375]}},{"type":"Feature","properties":{"CountryName":"Croatia","Type of Animal":"Chicken"},"geometry":{"type":"Point","coordinates":[16.45101,45.70163]}},{"type":"Feature","properties":{"CountryName":"Croatia","Type of Animal":"Chicken"},"geometry":{"type":"Point","coordinates":[18.15614,45.15022]}},{"type":"Feature","properties":{"CountryName":"Croatia","Type of Animal":"Chicken"},"geometry":{"type":"Point","coordinates":[17.83044,45.09017]}},{"type":"Feature","properties":{"CountryName":"Croatia","Type of Animal":"Chicken"},"geometry":{"type":"Point","coordinates":[17.73965,45.12805]}},{"type":"Feature","properties":{"CountryName":"Croatia","Type of Animal":"Chicken"},"geometry":{"type":"Point","coordinates":[16.9558,46.12232]}},{"type":"Feature","properties":{"CountryName":"Croatia","Type of Animal":"Pork"},"geometry":{"type":"Point","coordinates":[18.47339,45.36841]}},{"type":"Feature","properties":{"CountryName":"Croatia","Type of Animal":"Chicken"},"geometry":{"type":"Point","coordinates":[16.32668,46.28097]}},{"type":"Feature","properties":{"CountryName":"Croatia","Type of Animal":"Chicken"},"geometry":{"type":"Point","coordinates":[16.38287,46.26987]}},{"type":"Feature","properties":{"CountryName":"Croatia","Type of Animal":"Chicken"},"geometry":{"type":"Point","coordinates":[16.40816,46.41546]}},{"type":"Feature","properties":{"CountryName":"Croatia","Type of Animal":"Chicken"},"geometry":{"type":"Point","coordinates":[16.39357,46.27107]}},{"type":"Feature","properties":{"CountryName":"Croatia","Type of Animal":"Chicken"},"geometry":{"type":"Point","coordinates":[16.17673,46.34565]}},{"type":"Feature","properties":{"CountryName":"Croatia","Type of Animal":"Chicken"},"geometry":{"type":"Point","coordinates":[16.18449,46.34378]}},{"type":"Feature","properties":{"CountryName":"Croatia","Type of Animal":"Chicken"},"geometry":{"type":"Point","coordinates":[16.25226,46.3305]}},{"type":"Feature","properties":{"CountryName":"Croatia","Type of Animal":"Chicken"},"geometry":{"type":"Point","coordinates":[16.19653,46.32072]}},{"type":"Feature","properties":{"CountryName":"Croatia","Type of Animal":"Chicken"},"geometry":{"type":"Point","coordinates":[16.24999,46.32528]}},{"type":"Feature","properties":{"CountryName":"Croatia","Type of Animal":"Chicken"},"geometry":{"type":"Point","coordinates":[16.46398,46.33288]}},{"type":"Feature","properties":{"CountryName":"Croatia","Type of Animal":"Chicken"},"geometry":{"type":"Point","coordinates":[16.51158,46.27136]}},{"type":"Feature","properties":{"CountryName":"Croatia","Type of Animal":"Chicken"},"geometry":{"type":"Point","coordinates":[16.20982,46.32492]}},{"type":"Feature","properties":{"CountryName":"Croatia","Type of Animal":"Chicken"},"geometry":{"type":"Point","coordinates":[16.45356,46.33073]}},{"type":"Feature","properties":{"CountryName":"Croatia","Type of Animal":"Chicken"},"geometry":{"type":"Point","coordinates":[16.38313,46.42855]}},{"type":"Feature","properties":{"CountryName":"Croatia","Type of Animal":"Pork"},"geometry":{"type":"Point","coordinates":[18.19059,45.67398]}},{"type":"Feature","properties":{"CountryName":"Croatia","Type of Animal":"Chicken"},"geometry":{"type":"Point","coordinates":[16.18136,46.35662]}},{"type":"Feature","properties":{"CountryName":"Croatia","Type of Animal":"Pork"},"geometry":{"type":"Point","coordinates":[18.43144,45.35091]}},{"type":"Feature","properties":{"CountryName":"Croatia","Type of Animal":"Chicken"},"geometry":{"type":"Point","coordinates":[16.11464,46.24744]}},{"type":"Feature","properties":{"CountryName":"Croatia","Type of Animal":"Pork"},"geometry":{"type":"Point","coordinates":[17.7098,45.1561]}},{"type":"Feature","properties":{"CountryName":"Croatia","Type of Animal":"Chicken"},"geometry":{"type":"Point","coordinates":[16.47234,46.37827]}},{"type":"Feature","properties":{"CountryName":"Croatia","Type of Animal":"Pork"},"geometry":{"type":"Point","coordinates":[19.01239,45.50866]}},{"type":"Feature","properties":{"CountryName":"Croatia","Type of Animal":"Chicken"},"geometry":{"type":"Point","coordinates":[16.27063,46.45081]}},{"type":"Feature","properties":{"CountryName":"Croatia","Type of Animal":"Chicken"},"geometry":{"type":"Point","coordinates":[16.42526,45.72152]}},{"type":"Feature","properties":{"CountryName":"Croatia","Type of Animal":"Pork"},"geometry":{"type":"Point","coordinates":[17.07333,46.00726]}},{"type":"Feature","properties":{"CountryName":"Croatia","Type of Animal":"Chicken"},"geometry":{"type":"Point","coordinates":[16.15948,45.70653]}},{"type":"Feature","properties":{"CountryName":"Croatia","Type of Animal":"Chicken"},"geometry":{"type":"Point","coordinates":[17.70407,45.12914]}},{"type":"Feature","properties":{"CountryName":"Croatia","Type of Animal":"Pork"},"geometry":{"type":"Point","coordinates":[16.7255,45.96034]}},{"type":"Feature","properties":{"CountryName":"Croatia","Type of Animal":"Chicken"},"geometry":{"type":"Point","coordinates":[16.76148,46.134]}},{"type":"Feature","properties":{"CountryName":"Croatia","Type of Animal":"Chicken"},"geometry":{"type":"Point","coordinates":[13.98106,45.05022]}},{"type":"Feature","properties":{"CountryName":"Croatia","Type of Animal":"Pork"},"geometry":{"type":"Point","coordinates":[18.79355,45.70182]}},{"type":"Feature","properties":{"CountryName":"Croatia","Type of Animal":"Pork"},"geometry":{"type":"Point","coordinates":[18.65711,45.88104]}},{"type":"Feature","properties":{"CountryName":"Croatia","Type of Animal":"Pork"},"geometry":{"type":"Point","coordinates":[18.63389,45.70868]}},{"type":"Feature","properties":{"CountryName":"Croatia","Type of Animal":"Chicken"},"geometry":{"type":"Point","coordinates":[16.68694,43.63966]}},{"type":"Feature","properties":{"CountryName":"Croatia","Type of Animal":"Pork"},"geometry":{"type":"Point","coordinates":[19.05023,45.30234]}},{"type":"Feature","properties":{"CountryName":"Croatia","Type of Animal":"Pork"},"geometry":{"type":"Point","coordinates":[18.84927,45.45275]}},{"type":"Feature","properties":{"CountryName":"Croatia","Type of Animal":"Pork"},"geometry":{"type":"Point","coordinates":[18.83492,45.39335]}},{"type":"Feature","properties":{"CountryName":"Croatia","Type of Animal":"Pork"},"geometry":{"type":"Point","coordinates":[18.72371,45.20376]}},{"type":"Feature","properties":{"CountryName":"Croatia","Type of Animal":"Chicken"},"geometry":{"type":"Point","coordinates":[17.82102,45.14464]}},{"type":"Feature","properties":{"CountryName":"Croatia","Type of Animal":"Pork"},"geometry":{"type":"Point","coordinates":[16.83339,46.28157]}},{"type":"Feature","properties":{"CountryName":"Croatia","Type of Animal":"Pork"},"geometry":{"type":"Point","coordinates":[18.69346,45.47113]}},{"type":"Feature","properties":{"CountryName":"Croatia","Type of Animal":"Chicken"},"geometry":{"type":"Point","coordinates":[16.66406,46.28868]}},{"type":"Feature","properties":{"CountryName":"Croatia","Type of Animal":"Chicken"},"geometry":{"type":"Point","coordinates":[16.60456,46.2904]}},{"type":"Feature","properties":{"CountryName":"Croatia","Type of Animal":"Chicken"},"geometry":{"type":"Point","coordinates":[15.59415,45.65809]}},{"type":"Feature","properties":{"CountryName":"Croatia","Type of Animal":"Chicken"},"geometry":{"type":"Point","coordinates":[16.58787,46.27375]}},{"type":"Feature","properties":{"CountryName":"Cyprus","Type of Animal":"Chicken"},"geometry":{"type":"Point","coordinates":[33.1883,35.1656]}},{"type":"Feature","properties":{"CountryName":"Cyprus","Type of Animal":"Chicken"},"geometry":{"type":"Point","coordinates":[33.1795,35.1635]}},{"type":"Feature","properties":{"CountryName":"Cyprus","Type of Animal":"Chicken"},"geometry":{"type":"Point","coordinates":[33.1753,35.1781]}},{"type":"Feature","properties":{"CountryName":"Cyprus","Type of Animal":"Chicken"},"geometry":{"type":"Point","coordinates":[33.1747,35.1694]}},{"type":"Feature","properties":{"CountryName":"Cyprus","Type of Animal":"Chicken"},"geometry":{"type":"Point","coordinates":[33.1669,35.1708]}},{"type":"Feature","properties":{"CountryName":"Cyprus","Type of Animal":"Chicken"},"geometry":{"type":"Point","coordinates":[33.1672,35.1756]}},{"type":"Feature","properties":{"CountryName":"Cyprus","Type of Animal":"Chicken"},"geometry":{"type":"Point","coordinates":[33.5469,35.0391]}},{"type":"Feature","properties":{"CountryName":"Cyprus","Type of Animal":"Chicken"},"geometry":{"type":"Point","coordinates":[33.2933,35.0653]}},{"type":"Feature","properties":{"CountryName":"Cyprus","Type of Animal":"Chicken"},"geometry":{"type":"Point","coordinates":[33.2955,35.0675]}},{"type":"Feature","properties":{"CountryName":"Cyprus","Type of Animal":"Chicken"},"geometry":{"type":"Point","coordinates":[33.3175,35.0081]}},{"type":"Feature","properties":{"CountryName":"Cyprus","Type of Animal":"Chicken"},"geometry":{"type":"Point","coordinates":[33.314,35.0071]}},{"type":"Feature","properties":{"CountryName":"Cyprus","Type of Animal":"Chicken"},"geometry":{"type":"Point","coordinates":[33.1969,35.0925]}},{"type":"Feature","properties":{"CountryName":"Cyprus","Type of Animal":"Chicken"},"geometry":{"type":"Point","coordinates":[33.1669,35.1742]}},{"type":"Feature","properties":{"CountryName":"Cyprus","Type of Animal":"Chicken"},"geometry":{"type":"Point","coordinates":[33.4225,34.9697]}},{"type":"Feature","properties":{"CountryName":"Cyprus","Type of Animal":"Chicken"},"geometry":{"type":"Point","coordinates":[33.0616,35.1138]}},{"type":"Feature","properties":{"CountryName":"Cyprus","Type of Animal":"Chicken"},"geometry":{"type":"Point","coordinates":[33.3253,35.0133]}},{"type":"Feature","properties":{"CountryName":"Cyprus","Type of Animal":"Pork"},"geometry":{"type":"Point","coordinates":[33.2523,35.1532]}},{"type":"Feature","properties":{"CountryName":"Cyprus","Type of Animal":"Pork"},"geometry":{"type":"Point","coordinates":[33.0877,35.0562]}},{"type":"Feature","properties":{"CountryName":"Cyprus","Type of Animal":"Pork"},"geometry":{"type":"Point","coordinates":[33.1439,35.1575]}},{"type":"Feature","properties":{"CountryName":"Cyprus","Type of Animal":"Pork"},"geometry":{"type":"Point","coordinates":[33.1649,35.0929]}},{"type":"Feature","properties":{"CountryName":"Cyprus","Type of Animal":"Pork"},"geometry":{"type":"Point","coordinates":[33.4259,35.0725]}},{"type":"Feature","properties":{"CountryName":"Cyprus","Type of Animal":"Pork"},"geometry":{"type":"Point","coordinates":[33.2522,35.1519]}},{"type":"Feature","properties":{"CountryName":"Cyprus","Type of Animal":"Pork"},"geometry":{"type":"Point","coordinates":[33.3171,35.0117]}},{"type":"Feature","properties":{"CountryName":"Cyprus","Type of Animal":"Pork"},"geometry":{"type":"Point","coordinates":[33.3722,34.7708]}},{"type":"Feature","properties":{"CountryName":"Cyprus","Type of Animal":"Pork"},"geometry":{"type":"Point","coordinates":[33.3167,35.0039]}},{"type":"Feature","properties":{"CountryName":"Cyprus","Type of Animal":"Pork"},"geometry":{"type":"Point","coordinates":[33.4219,35.0746]}},{"type":"Feature","properties":{"CountryName":"Cyprus","Type of Animal":"Pork"},"geometry":{"type":"Point","coordinates":[33.5325,34.8467]}},{"type":"Feature","properties":{"CountryName":"Cyprus","Type of Animal":"Pork"},"geometry":{"type":"Point","coordinates":[33.7367,35.0364]}},{"type":"Feature","properties":{"CountryName":"Cyprus","Type of Animal":"Pork"},"geometry":{"type":"Point","coordinates":[33.543,35.0433]}},{"type":"Feature","properties":{"CountryName":"Cyprus","Type of Animal":"Pork"},"geometry":{"type":"Point","coordinates":[33.0978,35.0664]}},{"type":"Feature","properties":{"CountryName":"Cyprus","Type of Animal":"Pork"},"geometry":{"type":"Point","coordinates":[33.2097,34.7603]}},{"type":"Feature","properties":{"CountryName":"Cyprus","Type of Animal":"Pork"},"geometry":{"type":"Point","coordinates":[33.1399,35.1468]}},{"type":"Feature","properties":{"CountryName":"Cyprus","Type of Animal":"Pork"},"geometry":{"type":"Point","coordinates":[33.1168,35.1093]}},{"type":"Feature","properties":{"CountryName":"Cyprus","Type of Animal":"Pork"},"geometry":{"type":"Point","coordinates":[32.9658,35.0851]}},{"type":"Feature","properties":{"CountryName":"Cyprus","Type of Animal":"Pork"},"geometry":{"type":"Point","coordinates":[33.0882,35.0547]}},{"type":"Feature","properties":{"CountryName":"Cyprus","Type of Animal":"Pork"},"geometry":{"type":"Point","coordinates":[33.1267,35.0897]}},{"type":"Feature","properties":{"CountryName":"Cyprus","Type of Animal":"Pork"},"geometry":{"type":"Point","coordinates":[33.1053,35.1108]}},{"type":"Feature","properties":{"CountryName":"Cyprus","Type of Animal":"Chicken"},"geometry":{"type":"Point","coordinates":[33.425833,35.188333]}},{"type":"Feature","properties":{"CountryName":"Cyprus","Type of Animal":"Pork"},"geometry":{"type":"Point","coordinates":[33.1186,35.0877]}},{"type":"Feature","properties":{"CountryName":"Cyprus","Type of Animal":"Pork"},"geometry":{"type":"Point","coordinates":[33.1088,35.0866]}},{"type":"Feature","properties":{"CountryName":"Denmark","Type of Animal":"Pork"},"geometry":{"type":"Point","coordinates":[8.938501169,56.09473202]}},{"type":"Feature","properties":{"CountryName":"Denmark","Type of Animal":"Chicken"},"geometry":{"type":"Point","coordinates":[9.963338495,54.96342068]}},{"type":"Feature","properties":{"CountryName":"Denmark","Type of Animal":"Pork"},"geometry":{"type":"Point","coordinates":[9.020712578,56.10331305]}},{"type":"Feature","properties":{"CountryName":"Denmark","Type of Animal":"Pork"},"geometry":{"type":"Point","coordinates":[9.066354751,56.15642104]}},{"type":"Feature","properties":{"CountryName":"Denmark","Type of Animal":"Pork"},"geometry":{"type":"Point","coordinates":[8.84085648,56.34184624]}},{"type":"Feature","properties":{"CountryName":"Denmark","Type of Animal":"Pork"},"geometry":{"type":"Point","coordinates":[9.070670262,56.09685606]}},{"type":"Feature","properties":{"CountryName":"Denmark","Type of Animal":"Pork"},"geometry":{"type":"Point","coordinates":[8.898823678,56.17892848]}},{"type":"Feature","properties":{"CountryName":"Denmark","Type of Animal":"Pork"},"geometry":{"type":"Point","coordinates":[9.458991084,55.37672786]}},{"type":"Feature","properties":{"CountryName":"Denmark","Type of Animal":"Pork"},"geometry":{"type":"Point","coordinates":[8.764620183,56.05545935]}},{"type":"Feature","properties":{"CountryName":"Denmark","Type of Animal":"Pork"},"geometry":{"type":"Point","coordinates":[8.482116461,56.17887103]}},{"type":"Feature","properties":{"CountryName":"Denmark","Type of Animal":"Pork"},"geometry":{"type":"Point","coordinates":[8.176767835,56.55490706]}},{"type":"Feature","properties":{"CountryName":"Denmark","Type of Animal":"Pork"},"geometry":{"type":"Point","coordinates":[9.357936664,55.33151603]}},{"type":"Feature","properties":{"CountryName":"Denmark","Type of Animal":"Pork"},"geometry":{"type":"Point","coordinates":[9.816641157,55.73054966]}},{"type":"Feature","properties":{"CountryName":"Denmark","Type of Animal":"Pork"},"geometry":{"type":"Point","coordinates":[9.399504549,55.38534938]}},{"type":"Feature","properties":{"CountryName":"Denmark","Type of Animal":"Chicken"},"geometry":{"type":"Point","coordinates":[10.6279106,55.43580393]}},{"type":"Feature","properties":{"CountryName":"Denmark","Type of Animal":"Pork"},"geometry":{"type":"Point","coordinates":[10.63096382,55.55581802]}},{"type":"Feature","properties":{"CountryName":"Denmark","Type of Animal":"Pork"},"geometry":{"type":"Point","coordinates":[8.90700611,55.38161123]}},{"type":"Feature","properties":{"CountryName":"Denmark","Type of Animal":"Pork"},"geometry":{"type":"Point","coordinates":[9.599135967,54.9739571]}},{"type":"Feature","properties":{"CountryName":"Denmark","Type of Animal":"Pork"},"geometry":{"type":"Point","coordinates":[8.700526922,55.52295361]}},{"type":"Feature","properties":{"CountryName":"Denmark","Type of Animal":"Chicken"},"geometry":{"type":"Point","coordinates":[9.369432447,55.97665762]}},{"type":"Feature","properties":{"CountryName":"Denmark","Type of Animal":"Pork"},"geometry":{"type":"Point","coordinates":[9.284508926,55.10287004]}},{"type":"Feature","properties":{"CountryName":"Denmark","Type of Animal":"Pork"},"geometry":{"type":"Point","coordinates":[8.849794665,55.48206482]}},{"type":"Feature","properties":{"CountryName":"Denmark","Type of Animal":"Pork"},"geometry":{"type":"Point","coordinates":[8.623747127,57.01307484]}},{"type":"Feature","properties":{"CountryName":"Denmark","Type of Animal":"Pork"},"geometry":{"type":"Point","coordinates":[15.13246492,55.09095905]}},{"type":"Feature","properties":{"CountryName":"Denmark","Type of Animal":"Pork"},"geometry":{"type":"Point","coordinates":[8.305203204,56.43033799]}},{"type":"Feature","properties":{"CountryName":"Denmark","Type of Animal":"Pork"},"geometry":{"type":"Point","coordinates":[8.321305381,56.38722398]}},{"type":"Feature","properties":{"CountryName":"Denmark","Type of Animal":"Pork"},"geometry":{"type":"Point","coordinates":[8.251481549,56.46713633]}},{"type":"Feature","properties":{"CountryName":"Denmark","Type of Animal":"Pork"},"geometry":{"type":"Point","coordinates":[8.189264035,56.61613329]}},{"type":"Feature","properties":{"CountryName":"Denmark","Type of Animal":"Pork"},"geometry":{"type":"Point","coordinates":[9.743672608,56.6579089]}},{"type":"Feature","properties":{"CountryName":"Denmark","Type of Animal":"Pork"},"geometry":{"type":"Point","coordinates":[10.23652451,57.56241909]}},{"type":"Feature","properties":{"CountryName":"Denmark","Type of Animal":"Pork"},"geometry":{"type":"Point","coordinates":[10.03830793,57.55452545]}},{"type":"Feature","properties":{"CountryName":"Denmark","Type of Animal":"Pork"},"geometry":{"type":"Point","coordinates":[8.872527304,55.27163129]}},{"type":"Feature","properties":{"CountryName":"Denmark","Type of Animal":"Pork"},"geometry":{"type":"Point","coordinates":[10.39617533,55.33527921]}},{"type":"Feature","properties":{"CountryName":"Denmark","Type of Animal":"Chicken"},"geometry":{"type":"Point","coordinates":[9.539905007,55.55934281]}},{"type":"Feature","properties":{"CountryName":"Denmark","Type of Animal":"Pork"},"geometry":{"type":"Point","coordinates":[8.844903177,56.12440435]}},{"type":"Feature","properties":{"CountryName":"Denmark","Type of Animal":"Pork"},"geometry":{"type":"Point","coordinates":[9.750645678,55.76339603]}},{"type":"Feature","properties":{"CountryName":"Denmark","Type of Animal":"Pork"},"geometry":{"type":"Point","coordinates":[10.12980507,57.48545348]}},{"type":"Feature","properties":{"CountryName":"Denmark","Type of Animal":"Pork"},"geometry":{"type":"Point","coordinates":[9.965567809,57.34138569]}},{"type":"Feature","properties":{"CountryName":"Denmark","Type of Animal":"Pork"},"geometry":{"type":"Point","coordinates":[10.11878903,56.65096437]}},{"type":"Feature","properties":{"CountryName":"Denmark","Type of Animal":"Pork"},"geometry":{"type":"Point","coordinates":[10.26702629,56.26366421]}},{"type":"Feature","properties":{"CountryName":"Denmark","Type of Animal":"Pork"},"geometry":{"type":"Point","coordinates":[10.25316954,56.27543235]}},{"type":"Feature","properties":{"CountryName":"Denmark","Type of Animal":"Pork"},"geometry":{"type":"Point","coordinates":[11.75126082,55.38819674]}},{"type":"Feature","properties":{"CountryName":"Denmark","Type of Animal":"Pork"},"geometry":{"type":"Point","coordinates":[11.46920823,55.32694116]}},{"type":"Feature","properties":{"CountryName":"Denmark","Type of Animal":"Pork"},"geometry":{"type":"Point","coordinates":[11.53235553,55.36283059]}},{"type":"Feature","properties":{"CountryName":"Denmark","Type of Animal":"Pork"},"geometry":{"type":"Point","coordinates":[10.00176838,57.54739248]}},{"type":"Feature","properties":{"CountryName":"Denmark","Type of Animal":"Pork"},"geometry":{"type":"Point","coordinates":[11.8972426,55.19425137]}},{"type":"Feature","properties":{"CountryName":"Denmark","Type of Animal":"Pork"},"geometry":{"type":"Point","coordinates":[8.60431306,55.96268334]}},{"type":"Feature","properties":{"CountryName":"Denmark","Type of Animal":"Pork"},"geometry":{"type":"Point","coordinates":[10.27455739,55.37750923]}},{"type":"Feature","properties":{"CountryName":"Denmark","Type of Animal":"Pork"},"geometry":{"type":"Point","coordinates":[12.28050055,55.34529994]}},{"type":"Feature","properties":{"CountryName":"Denmark","Type of Animal":"Pork"},"geometry":{"type":"Point","coordinates":[12.23186801,55.36529892]}},{"type":"Feature","properties":{"CountryName":"Denmark","Type of Animal":"Pork"},"geometry":{"type":"Point","coordinates":[9.194043785,55.52769904]}},{"type":"Feature","properties":{"CountryName":"Denmark","Type of Animal":"Pork"},"geometry":{"type":"Point","coordinates":[12.31172175,55.24582104]}},{"type":"Feature","properties":{"CountryName":"Denmark","Type of Animal":"Pork"},"geometry":{"type":"Point","coordinates":[10.64776055,55.47964042]}},{"type":"Feature","properties":{"CountryName":"Denmark","Type of Animal":"Chicken"},"geometry":{"type":"Point","coordinates":[10.01231115,57.40924312]}},{"type":"Feature","properties":{"CountryName":"Denmark","Type of Animal":"Pork"},"geometry":{"type":"Point","coordinates":[12.35474128,55.33226844]}},{"type":"Feature","properties":{"CountryName":"Denmark","Type of Animal":"Pork"},"geometry":{"type":"Point","coordinates":[10.03417046,57.49633992]}},{"type":"Feature","properties":{"CountryName":"Denmark","Type of Animal":"Pork"},"geometry":{"type":"Point","coordinates":[9.873574939,57.47676]}},{"type":"Feature","properties":{"CountryName":"Denmark","Type of Animal":"Chicken"},"geometry":{"type":"Point","coordinates":[8.787390484,55.54996817]}},{"type":"Feature","properties":{"CountryName":"Denmark","Type of Animal":"Pork"},"geometry":{"type":"Point","coordinates":[9.955575436,57.50625816]}},{"type":"Feature","properties":{"CountryName":"Denmark","Type of Animal":"Pork"},"geometry":{"type":"Point","coordinates":[8.33597768,56.38681006]}},{"type":"Feature","properties":{"CountryName":"Denmark","Type of Animal":"Pork"},"geometry":{"type":"Point","coordinates":[10.06421249,57.43088652]}},{"type":"Feature","properties":{"CountryName":"Denmark","Type of Animal":"Pork"},"geometry":{"type":"Point","coordinates":[11.47491595,55.2851049]}},{"type":"Feature","properties":{"CountryName":"Denmark","Type of Animal":"Pork"},"geometry":{"type":"Point","coordinates":[9.905032999,57.41253089]}},{"type":"Feature","properties":{"CountryName":"Denmark","Type of Animal":"Pork"},"geometry":{"type":"Point","coordinates":[9.569375588,55.97219905]}},{"type":"Feature","properties":{"CountryName":"Denmark","Type of Animal":"Chicken"},"geometry":{"type":"Point","coordinates":[11.77714982,55.3686579]}},{"type":"Feature","properties":{"CountryName":"Denmark","Type of Animal":"Pork"},"geometry":{"type":"Point","coordinates":[9.83196725,56.37519555]}},{"type":"Feature","properties":{"CountryName":"Denmark","Type of Animal":"Pork"},"geometry":{"type":"Point","coordinates":[11.71661321,55.33935368]}},{"type":"Feature","properties":{"CountryName":"Denmark","Type of Animal":"Pork"},"geometry":{"type":"Point","coordinates":[10.41917979,57.31531521]}},{"type":"Feature","properties":{"CountryName":"Denmark","Type of Animal":"Pork"},"geometry":{"type":"Point","coordinates":[11.54639623,55.27789197]}},{"type":"Feature","properties":{"CountryName":"Denmark","Type of Animal":"Pork"},"geometry":{"type":"Point","coordinates":[11.59277482,55.30188846]}},{"type":"Feature","properties":{"CountryName":"Denmark","Type of Animal":"Chicken"},"geometry":{"type":"Point","coordinates":[11.70901326,55.3706899]}},{"type":"Feature","properties":{"CountryName":"Denmark","Type of Animal":"Chicken"},"geometry":{"type":"Point","coordinates":[11.80134367,55.35565318]}},{"type":"Feature","properties":{"CountryName":"Denmark","Type of Animal":"Pork"},"geometry":{"type":"Point","coordinates":[11.67407337,55.33047011]}},{"type":"Feature","properties":{"CountryName":"Denmark","Type of Animal":"Pork"},"geometry":{"type":"Point","coordinates":[10.06128405,57.48992941]}},{"type":"Feature","properties":{"CountryName":"Denmark","Type of Animal":"Chicken"},"geometry":{"type":"Point","coordinates":[9.339050065,55.19216898]}},{"type":"Feature","properties":{"CountryName":"Denmark","Type of Animal":"Pork"},"geometry":{"type":"Point","coordinates":[10.46823179,55.34089216]}},{"type":"Feature","properties":{"CountryName":"Denmark","Type of Animal":"Pork"},"geometry":{"type":"Point","coordinates":[10.26010536,55.38275657]}},{"type":"Feature","properties":{"CountryName":"Denmark","Type of Animal":"Pork"},"geometry":{"type":"Point","coordinates":[10.22383515,57.46189833]}},{"type":"Feature","properties":{"CountryName":"Denmark","Type of Animal":"Pork"},"geometry":{"type":"Point","coordinates":[10.17524074,57.50166609]}},{"type":"Feature","properties":{"CountryName":"Denmark","Type of Animal":"Pork"},"geometry":{"type":"Point","coordinates":[8.176372183,56.45089296]}},{"type":"Feature","properties":{"CountryName":"Denmark","Type of Animal":"Chicken"},"geometry":{"type":"Point","coordinates":[10.10521927,57.36407334]}},{"type":"Feature","properties":{"CountryName":"Denmark","Type of Animal":"Pork"},"geometry":{"type":"Point","coordinates":[9.569375588,55.97219905]}},{"type":"Feature","properties":{"CountryName":"Denmark","Type of Animal":"Pork"},"geometry":{"type":"Point","coordinates":[9.03155165,55.70589327]}},{"type":"Feature","properties":{"CountryName":"Denmark","Type of Animal":"Pork"},"geometry":{"type":"Point","coordinates":[11.44912201,55.64825532]}},{"type":"Feature","properties":{"CountryName":"Denmark","Type of Animal":"Pork"},"geometry":{"type":"Point","coordinates":[8.949277532,55.58812341]}},{"type":"Feature","properties":{"CountryName":"Denmark","Type of Animal":"Pork"},"geometry":{"type":"Point","coordinates":[10.56584452,55.16427306]}},{"type":"Feature","properties":{"CountryName":"Denmark","Type of Animal":"Pork"},"geometry":{"type":"Point","coordinates":[9.87426243,57.39394313]}},{"type":"Feature","properties":{"CountryName":"Denmark","Type of Animal":"Pork"},"geometry":{"type":"Point","coordinates":[10.06048343,57.36170877]}},{"type":"Feature","properties":{"CountryName":"Denmark","Type of Animal":"Pork"},"geometry":{"type":"Point","coordinates":[9.824504563,57.37062348]}},{"type":"Feature","properties":{"CountryName":"Denmark","Type of Animal":"Pork"},"geometry":{"type":"Point","coordinates":[11.63932716,55.51198784]}},{"type":"Feature","properties":{"CountryName":"Denmark","Type of Animal":"Pork"},"geometry":{"type":"Point","coordinates":[9.98500685,57.3590671]}},{"type":"Feature","properties":{"CountryName":"Denmark","Type of Animal":"Pork"},"geometry":{"type":"Point","coordinates":[11.7000556,55.81562678]}},{"type":"Feature","properties":{"CountryName":"Denmark","Type of Animal":"Pork"},"geometry":{"type":"Point","coordinates":[8.870004657,55.49784743]}},{"type":"Feature","properties":{"CountryName":"Denmark","Type of Animal":"Pork"},"geometry":{"type":"Point","coordinates":[10.43058554,57.27960758]}},{"type":"Feature","properties":{"CountryName":"Denmark","Type of Animal":"Pork"},"geometry":{"type":"Point","coordinates":[9.052446715,56.27431704]}},{"type":"Feature","properties":{"CountryName":"Denmark","Type of Animal":"Pork"},"geometry":{"type":"Point","coordinates":[10.73363078,56.38051627]}},{"type":"Feature","properties":{"CountryName":"Denmark","Type of Animal":"Pork"},"geometry":{"type":"Point","coordinates":[10.03714993,57.32702161]}},{"type":"Feature","properties":{"CountryName":"Denmark","Type of Animal":"Pork"},"geometry":{"type":"Point","coordinates":[10.16878438,56.7254993]}},{"type":"Feature","properties":{"CountryName":"Denmark","Type of Animal":"Chicken"},"geometry":{"type":"Point","coordinates":[10.69036465,55.04985676]}},{"type":"Feature","properties":{"CountryName":"Denmark","Type of Animal":"Pork"},"geometry":{"type":"Point","coordinates":[10.77272391,54.89555072]}},{"type":"Feature","properties":{"CountryName":"Denmark","Type of Animal":"Pork"},"geometry":{"type":"Point","coordinates":[10.34152953,54.89097191]}},{"type":"Feature","properties":{"CountryName":"Denmark","Type of Animal":"Pork"},"geometry":{"type":"Point","coordinates":[10.7774034,54.95715551]}},{"type":"Feature","properties":{"CountryName":"Denmark","Type of Animal":"Pork"},"geometry":{"type":"Point","coordinates":[10.78218985,54.94492156]}},{"type":"Feature","properties":{"CountryName":"Denmark","Type of Animal":"Chicken"},"geometry":{"type":"Point","coordinates":[10.50475044,55.08405318]}},{"type":"Feature","properties":{"CountryName":"Denmark","Type of Animal":"Pork"},"geometry":{"type":"Point","coordinates":[10.26583339,57.28603921]}},{"type":"Feature","properties":{"CountryName":"Denmark","Type of Animal":"Pork"},"geometry":{"type":"Point","coordinates":[10.13833583,56.06660286]}},{"type":"Feature","properties":{"CountryName":"Denmark","Type of Animal":"Pork"},"geometry":{"type":"Point","coordinates":[8.128020104,56.50152449]}},{"type":"Feature","properties":{"CountryName":"Denmark","Type of Animal":"Pork"},"geometry":{"type":"Point","coordinates":[10.85431293,55.02511109]}},{"type":"Feature","properties":{"CountryName":"Denmark","Type of Animal":"Chicken"},"geometry":{"type":"Point","coordinates":[10.76206675,55.1784356]}},{"type":"Feature","properties":{"CountryName":"Denmark","Type of Animal":"Pork"},"geometry":{"type":"Point","coordinates":[10.88883465,55.05720539]}},{"type":"Feature","properties":{"CountryName":"Denmark","Type of Animal":"Pork"},"geometry":{"type":"Point","coordinates":[9.890320555,57.33035435]}},{"type":"Feature","properties":{"CountryName":"Denmark","Type of Animal":"Pork"},"geometry":{"type":"Point","coordinates":[10.03528741,57.26394777]}},{"type":"Feature","properties":{"CountryName":"Denmark","Type of Animal":"Pork"},"geometry":{"type":"Point","coordinates":[10.1832308,57.28283515]}},{"type":"Feature","properties":{"CountryName":"Denmark","Type of Animal":"Chicken"},"geometry":{"type":"Point","coordinates":[10.05633518,57.2802188]}},{"type":"Feature","properties":{"CountryName":"Denmark","Type of Animal":"Chicken"},"geometry":{"type":"Point","coordinates":[9.941827303,57.25838707]}},{"type":"Feature","properties":{"CountryName":"Denmark","Type of Animal":"Pork"},"geometry":{"type":"Point","coordinates":[9.931020505,57.2504622]}},{"type":"Feature","properties":{"CountryName":"Denmark","Type of Animal":"Pork"},"geometry":{"type":"Point","coordinates":[10.36593301,57.13919476]}},{"type":"Feature","properties":{"CountryName":"Denmark","Type of Animal":"Pork"},"geometry":{"type":"Point","coordinates":[9.999015175,57.23810755]}},{"type":"Feature","properties":{"CountryName":"Denmark","Type of Animal":"Pork"},"geometry":{"type":"Point","coordinates":[10.21751213,57.17723968]}},{"type":"Feature","properties":{"CountryName":"Denmark","Type of Animal":"Pork"},"geometry":{"type":"Point","coordinates":[10.35019831,57.21500468]}},{"type":"Feature","properties":{"CountryName":"Denmark","Type of Animal":"Pork"},"geometry":{"type":"Point","coordinates":[10.28519737,55.4422041]}},{"type":"Feature","properties":{"CountryName":"Denmark","Type of Animal":"Pork"},"geometry":{"type":"Point","coordinates":[11.66989928,55.5516006]}},{"type":"Feature","properties":{"CountryName":"Denmark","Type of Animal":"Pork"},"geometry":{"type":"Point","coordinates":[11.57452668,55.52398218]}},{"type":"Feature","properties":{"CountryName":"Denmark","Type of Animal":"Pork"},"geometry":{"type":"Point","coordinates":[11.57624455,55.52396366]}},{"type":"Feature","properties":{"CountryName":"Denmark","Type of Animal":"Chicken"},"geometry":{"type":"Point","coordinates":[9.03213457,55.67303708]}},{"type":"Feature","properties":{"CountryName":"Denmark","Type of Animal":"Chicken"},"geometry":{"type":"Point","coordinates":[11.3754838,55.5310162]}},{"type":"Feature","properties":{"CountryName":"Denmark","Type of Animal":"Pork"},"geometry":{"type":"Point","coordinates":[12.02672791,55.28455481]}},{"type":"Feature","properties":{"CountryName":"Denmark","Type of Animal":"Pork"},"geometry":{"type":"Point","coordinates":[9.606653107,55.60017935]}},{"type":"Feature","properties":{"CountryName":"Denmark","Type of Animal":"Pork"},"geometry":{"type":"Point","coordinates":[8.491223788,55.73907381]}},{"type":"Feature","properties":{"CountryName":"Denmark","Type of Animal":"Pork"},"geometry":{"type":"Point","coordinates":[9.491450904,55.96222291]}},{"type":"Feature","properties":{"CountryName":"Denmark","Type of Animal":"Chicken"},"geometry":{"type":"Point","coordinates":[8.509172833,56.46863188]}},{"type":"Feature","properties":{"CountryName":"Denmark","Type of Animal":"Chicken"},"geometry":{"type":"Point","coordinates":[9.903906956,57.48250398]}},{"type":"Feature","properties":{"CountryName":"Denmark","Type of Animal":"Chicken"},"geometry":{"type":"Point","coordinates":[9.178204595,55.94225674]}},{"type":"Feature","properties":{"CountryName":"Denmark","Type of Animal":"Chicken"},"geometry":{"type":"Point","coordinates":[8.425540674,56.40067414]}},{"type":"Feature","properties":{"CountryName":"Denmark","Type of Animal":"Chicken"},"geometry":{"type":"Point","coordinates":[8.690339465,56.45466384]}},{"type":"Feature","properties":{"CountryName":"Denmark","Type of Animal":"Pork"},"geometry":{"type":"Point","coordinates":[8.981244183,55.85981371]}},{"type":"Feature","properties":{"CountryName":"Denmark","Type of Animal":"Pork"},"geometry":{"type":"Point","coordinates":[9.152956871,55.9053615]}},{"type":"Feature","properties":{"CountryName":"Denmark","Type of Animal":"Chicken"},"geometry":{"type":"Point","coordinates":[9.982050551,57.30900732]}},{"type":"Feature","properties":{"CountryName":"Denmark","Type of Animal":"Pork"},"geometry":{"type":"Point","coordinates":[8.49830522,56.52514082]}},{"type":"Feature","properties":{"CountryName":"Denmark","Type of Animal":"Chicken"},"geometry":{"type":"Point","coordinates":[9.162404867,55.97048292]}},{"type":"Feature","properties":{"CountryName":"Denmark","Type of Animal":"Pork"},"geometry":{"type":"Point","coordinates":[9.82976781,55.98018803]}},{"type":"Feature","properties":{"CountryName":"Denmark","Type of Animal":"Pork"},"geometry":{"type":"Point","coordinates":[10.06089708,56.53700198]}},{"type":"Feature","properties":{"CountryName":"Denmark","Type of Animal":"Chicken"},"geometry":{"type":"Point","coordinates":[9.174651738,55.93925462]}},{"type":"Feature","properties":{"CountryName":"Denmark","Type of Animal":"Pork"},"geometry":{"type":"Point","coordinates":[9.381670295,55.54957942]}},{"type":"Feature","properties":{"CountryName":"Denmark","Type of Animal":"Pork"},"geometry":{"type":"Point","coordinates":[8.67615448,55.6003428]}},{"type":"Feature","properties":{"CountryName":"Denmark","Type of Animal":"Chicken"},"geometry":{"type":"Point","coordinates":[8.740678878,55.52457427]}},{"type":"Feature","properties":{"CountryName":"Denmark","Type of Animal":"Pork"},"geometry":{"type":"Point","coordinates":[10.17951109,56.41044846]}},{"type":"Feature","properties":{"CountryName":"Denmark","Type of Animal":"Pork"},"geometry":{"type":"Point","coordinates":[9.251695524,56.06910179]}},{"type":"Feature","properties":{"CountryName":"Denmark","Type of Animal":"Pork"},"geometry":{"type":"Point","coordinates":[8.790996357,55.49750815]}},{"type":"Feature","properties":{"CountryName":"Denmark","Type of Animal":"Pork"},"geometry":{"type":"Point","coordinates":[8.714273128,55.42287815]}},{"type":"Feature","properties":{"CountryName":"Denmark","Type of Animal":"Pork"},"geometry":{"type":"Point","coordinates":[8.757665559,55.42816721]}},{"type":"Feature","properties":{"CountryName":"Denmark","Type of Animal":"Chicken"},"geometry":{"type":"Point","coordinates":[8.783841577,55.53492477]}},{"type":"Feature","properties":{"CountryName":"Denmark","Type of Animal":"Chicken"},"geometry":{"type":"Point","coordinates":[8.912557045,55.23848849]}},{"type":"Feature","properties":{"CountryName":"Denmark","Type of Animal":"Pork"},"geometry":{"type":"Point","coordinates":[9.242574302,56.13521117]}},{"type":"Feature","properties":{"CountryName":"Denmark","Type of Animal":"Pork"},"geometry":{"type":"Point","coordinates":[9.904986376,57.29944288]}},{"type":"Feature","properties":{"CountryName":"Denmark","Type of Animal":"Pork"},"geometry":{"type":"Point","coordinates":[9.233688451,56.18856366]}},{"type":"Feature","properties":{"CountryName":"Denmark","Type of Animal":"Pork"},"geometry":{"type":"Point","coordinates":[8.466272409,56.65837392]}},{"type":"Feature","properties":{"CountryName":"Denmark","Type of Animal":"Pork"},"geometry":{"type":"Point","coordinates":[10.06148843,57.31133394]}},{"type":"Feature","properties":{"CountryName":"Denmark","Type of Animal":"Pork"},"geometry":{"type":"Point","coordinates":[9.169852539,56.08468513]}},{"type":"Feature","properties":{"CountryName":"Denmark","Type of Animal":"Pork"},"geometry":{"type":"Point","coordinates":[8.48850106,56.65502872]}},{"type":"Feature","properties":{"CountryName":"Denmark","Type of Animal":"Chicken"},"geometry":{"type":"Point","coordinates":[9.010899502,55.93948016]}},{"type":"Feature","properties":{"CountryName":"Denmark","Type of Animal":"Pork"},"geometry":{"type":"Point","coordinates":[9.686750824,55.94704743]}},{"type":"Feature","properties":{"CountryName":"Denmark","Type of Animal":"Pork"},"geometry":{"type":"Point","coordinates":[10.1149578,56.51957078]}},{"type":"Feature","properties":{"CountryName":"Denmark","Type of Animal":"Pork"},"geometry":{"type":"Point","coordinates":[11.56228241,55.74690288]}},{"type":"Feature","properties":{"CountryName":"Denmark","Type of Animal":"Pork"},"geometry":{"type":"Point","coordinates":[8.987872622,56.76296122]}},{"type":"Feature","properties":{"CountryName":"Denmark","Type of Animal":"Pork"},"geometry":{"type":"Point","coordinates":[8.187739262,56.43401347]}},{"type":"Feature","properties":{"CountryName":"Denmark","Type of Animal":"Pork"},"geometry":{"type":"Point","coordinates":[8.764074158,56.61227093]}},{"type":"Feature","properties":{"CountryName":"Denmark","Type of Animal":"Pork"},"geometry":{"type":"Point","coordinates":[8.913374709,55.38649208]}},{"type":"Feature","properties":{"CountryName":"Denmark","Type of Animal":"Pork"},"geometry":{"type":"Point","coordinates":[8.774638116,55.45671897]}},{"type":"Feature","properties":{"CountryName":"Denmark","Type of Animal":"Pork"},"geometry":{"type":"Point","coordinates":[9.923503214,54.86351494]}},{"type":"Feature","properties":{"CountryName":"Denmark","Type of Animal":"Pork"},"geometry":{"type":"Point","coordinates":[8.627295468,55.4836757]}},{"type":"Feature","properties":{"CountryName":"Denmark","Type of Animal":"Pork"},"geometry":{"type":"Point","coordinates":[8.646573164,55.47292827]}},{"type":"Feature","properties":{"CountryName":"Denmark","Type of Animal":"Pork"},"geometry":{"type":"Point","coordinates":[10.50691305,55.05523085]}},{"type":"Feature","properties":{"CountryName":"Denmark","Type of Animal":"Pork"},"geometry":{"type":"Point","coordinates":[10.6365896,55.29613025]}},{"type":"Feature","properties":{"CountryName":"Denmark","Type of Animal":"Pork"},"geometry":{"type":"Point","coordinates":[10.65988906,55.19911298]}},{"type":"Feature","properties":{"CountryName":"Denmark","Type of Animal":"Pork"},"geometry":{"type":"Point","coordinates":[10.64909977,55.37022737]}},{"type":"Feature","properties":{"CountryName":"Denmark","Type of Animal":"Pork"},"geometry":{"type":"Point","coordinates":[10.81565674,54.97848796]}},{"type":"Feature","properties":{"CountryName":"Denmark","Type of Animal":"Chicken"},"geometry":{"type":"Point","coordinates":[10.68970577,55.29401566]}},{"type":"Feature","properties":{"CountryName":"Denmark","Type of Animal":"Chicken"},"geometry":{"type":"Point","coordinates":[10.70528688,55.2228476]}},{"type":"Feature","properties":{"CountryName":"Denmark","Type of Animal":"Chicken"},"geometry":{"type":"Point","coordinates":[8.475545532,55.80615411]}},{"type":"Feature","properties":{"CountryName":"Denmark","Type of Animal":"Pork"},"geometry":{"type":"Point","coordinates":[11.77648974,55.60070287]}},{"type":"Feature","properties":{"CountryName":"Denmark","Type of Animal":"Pork"},"geometry":{"type":"Point","coordinates":[10.72569701,55.22035864]}},{"type":"Feature","properties":{"CountryName":"Denmark","Type of Animal":"Pork"},"geometry":{"type":"Point","coordinates":[8.386162785,56.57503733]}},{"type":"Feature","properties":{"CountryName":"Denmark","Type of Animal":"Chicken"},"geometry":{"type":"Point","coordinates":[10.66612744,55.20945756]}},{"type":"Feature","properties":{"CountryName":"Denmark","Type of Animal":"Pork"},"geometry":{"type":"Point","coordinates":[10.66174563,55.21726369]}},{"type":"Feature","properties":{"CountryName":"Denmark","Type of Animal":"Pork"},"geometry":{"type":"Point","coordinates":[10.67195048,55.39466951]}},{"type":"Feature","properties":{"CountryName":"Denmark","Type of Animal":"Pork"},"geometry":{"type":"Point","coordinates":[8.487688771,56.50093584]}},{"type":"Feature","properties":{"CountryName":"Denmark","Type of Animal":"Pork"},"geometry":{"type":"Point","coordinates":[9.527176963,55.37044886]}},{"type":"Feature","properties":{"CountryName":"Denmark","Type of Animal":"Pork"},"geometry":{"type":"Point","coordinates":[8.966518741,56.58962281]}},{"type":"Feature","properties":{"CountryName":"Denmark","Type of Animal":"Pork"},"geometry":{"type":"Point","coordinates":[10.1339669,56.53345458]}},{"type":"Feature","properties":{"CountryName":"Denmark","Type of Animal":"Pork"},"geometry":{"type":"Point","coordinates":[9.444938326,55.21402419]}},{"type":"Feature","properties":{"CountryName":"Denmark","Type of Animal":"Pork"},"geometry":{"type":"Point","coordinates":[12.24690397,54.9411078]}},{"type":"Feature","properties":{"CountryName":"Denmark","Type of Animal":"Pork"},"geometry":{"type":"Point","coordinates":[8.779284943,56.95666014]}},{"type":"Feature","properties":{"CountryName":"Denmark","Type of Animal":"Chicken"},"geometry":{"type":"Point","coordinates":[8.902479383,55.25849567]}},{"type":"Feature","properties":{"CountryName":"Denmark","Type of Animal":"Pork"},"geometry":{"type":"Point","coordinates":[9.468890553,55.15943793]}},{"type":"Feature","properties":{"CountryName":"Denmark","Type of Animal":"Pork"},"geometry":{"type":"Point","coordinates":[9.762930884,55.06691502]}},{"type":"Feature","properties":{"CountryName":"Denmark","Type of Animal":"Pork"},"geometry":{"type":"Point","coordinates":[8.405360103,55.99067616]}},{"type":"Feature","properties":{"CountryName":"Denmark","Type of Animal":"Pork"},"geometry":{"type":"Point","coordinates":[9.770116359,55.03011592]}},{"type":"Feature","properties":{"CountryName":"Denmark","Type of Animal":"Pork"},"geometry":{"type":"Point","coordinates":[12.14625674,55.09672132]}},{"type":"Feature","properties":{"CountryName":"Denmark","Type of Animal":"Pork"},"geometry":{"type":"Point","coordinates":[10.09477113,56.50324684]}},{"type":"Feature","properties":{"CountryName":"Denmark","Type of Animal":"Pork"},"geometry":{"type":"Point","coordinates":[8.550652233,56.00515532]}},{"type":"Feature","properties":{"CountryName":"Denmark","Type of Animal":"Pork"},"geometry":{"type":"Point","coordinates":[11.85290238,55.08154237]}},{"type":"Feature","properties":{"CountryName":"Denmark","Type of Animal":"Pork"},"geometry":{"type":"Point","coordinates":[10.20124166,56.59760424]}},{"type":"Feature","properties":{"CountryName":"Denmark","Type of Animal":"Pork"},"geometry":{"type":"Point","coordinates":[12.22694488,54.92358165]}},{"type":"Feature","properties":{"CountryName":"Denmark","Type of Animal":"Pork"},"geometry":{"type":"Point","coordinates":[8.63258774,56.0088233]}},{"type":"Feature","properties":{"CountryName":"Denmark","Type of Animal":"Chicken"},"geometry":{"type":"Point","coordinates":[9.92624091,54.99574522]}},{"type":"Feature","properties":{"CountryName":"Denmark","Type of Animal":"Pork"},"geometry":{"type":"Point","coordinates":[10.22874281,57.33038425]}},{"type":"Feature","properties":{"CountryName":"Denmark","Type of Animal":"Chicken"},"geometry":{"type":"Point","coordinates":[9.34975394,55.35291798]}},{"type":"Feature","properties":{"CountryName":"Denmark","Type of Animal":"Pork"},"geometry":{"type":"Point","coordinates":[8.722657049,55.44350596]}},{"type":"Feature","properties":{"CountryName":"Denmark","Type of Animal":"Pork"},"geometry":{"type":"Point","coordinates":[9.821452157,56.22082701]}},{"type":"Feature","properties":{"CountryName":"Denmark","Type of Animal":"Pork"},"geometry":{"type":"Point","coordinates":[12.32523446,56.0951847]}},{"type":"Feature","properties":{"CountryName":"Denmark","Type of Animal":"Pork"},"geometry":{"type":"Point","coordinates":[9.24235624,55.2822196]}},{"type":"Feature","properties":{"CountryName":"Denmark","Type of Animal":"Pork"},"geometry":{"type":"Point","coordinates":[10.02184185,57.22740069]}},{"type":"Feature","properties":{"CountryName":"Denmark","Type of Animal":"Pork"},"geometry":{"type":"Point","coordinates":[9.582554949,55.95747521]}},{"type":"Feature","properties":{"CountryName":"Denmark","Type of Animal":"Chicken"},"geometry":{"type":"Point","coordinates":[9.984791543,56.61321728]}},{"type":"Feature","properties":{"CountryName":"Denmark","Type of Animal":"Pork"},"geometry":{"type":"Point","coordinates":[8.383897628,56.53511115]}},{"type":"Feature","properties":{"CountryName":"Denmark","Type of Animal":"Pork"},"geometry":{"type":"Point","coordinates":[8.328041898,56.43652858]}},{"type":"Feature","properties":{"CountryName":"Denmark","Type of Animal":"Chicken"},"geometry":{"type":"Point","coordinates":[9.962652416,57.30313001]}},{"type":"Feature","properties":{"CountryName":"Denmark","Type of Animal":"Chicken"},"geometry":{"type":"Point","coordinates":[10.38483051,57.42007849]}},{"type":"Feature","properties":{"CountryName":"Denmark","Type of Animal":"Pork"},"geometry":{"type":"Point","coordinates":[10.32179586,57.44083247]}},{"type":"Feature","properties":{"CountryName":"Denmark","Type of Animal":"Pork"},"geometry":{"type":"Point","coordinates":[8.602583651,55.95302767]}},{"type":"Feature","properties":{"CountryName":"Denmark","Type of Animal":"Pork"},"geometry":{"type":"Point","coordinates":[8.58460381,55.6156828]}},{"type":"Feature","properties":{"CountryName":"Denmark","Type of Animal":"Pork"},"geometry":{"type":"Point","coordinates":[10.34437585,57.44161953]}},{"type":"Feature","properties":{"CountryName":"Denmark","Type of Animal":"Pork"},"geometry":{"type":"Point","coordinates":[10.21624881,57.34361163]}},{"type":"Feature","properties":{"CountryName":"Denmark","Type of Animal":"Pork"},"geometry":{"type":"Point","coordinates":[10.41367347,57.39535967]}},{"type":"Feature","properties":{"CountryName":"Denmark","Type of Animal":"Pork"},"geometry":{"type":"Point","coordinates":[10.33482989,57.42854728]}},{"type":"Feature","properties":{"CountryName":"Denmark","Type of Animal":"Pork"},"geometry":{"type":"Point","coordinates":[10.2425558,57.25700081]}},{"type":"Feature","properties":{"CountryName":"Denmark","Type of Animal":"Pork"},"geometry":{"type":"Point","coordinates":[10.40148365,57.25626322]}},{"type":"Feature","properties":{"CountryName":"Denmark","Type of Animal":"Pork"},"geometry":{"type":"Point","coordinates":[10.40637103,57.25584871]}},{"type":"Feature","properties":{"CountryName":"Denmark","Type of Animal":"Pork"},"geometry":{"type":"Point","coordinates":[10.51758931,57.28243379]}},{"type":"Feature","properties":{"CountryName":"Denmark","Type of Animal":"Pork"},"geometry":{"type":"Point","coordinates":[10.45866214,57.30053553]}},{"type":"Feature","properties":{"CountryName":"Denmark","Type of Animal":"Pork"},"geometry":{"type":"Point","coordinates":[9.912550103,55.91980936]}},{"type":"Feature","properties":{"CountryName":"Denmark","Type of Animal":"Pork"},"geometry":{"type":"Point","coordinates":[9.698708077,56.26000796]}},{"type":"Feature","properties":{"CountryName":"Denmark","Type of Animal":"Pork"},"geometry":{"type":"Point","coordinates":[10.38089282,56.45841539]}},{"type":"Feature","properties":{"CountryName":"Denmark","Type of Animal":"Pork"},"geometry":{"type":"Point","coordinates":[10.34727014,56.40875198]}},{"type":"Feature","properties":{"CountryName":"Denmark","Type of Animal":"Pork"},"geometry":{"type":"Point","coordinates":[10.78945859,56.46579144]}},{"type":"Feature","properties":{"CountryName":"Denmark","Type of Animal":"Pork"},"geometry":{"type":"Point","coordinates":[10.31000374,56.40071228]}},{"type":"Feature","properties":{"CountryName":"Denmark","Type of Animal":"Pork"},"geometry":{"type":"Point","coordinates":[8.546921522,56.03649498]}},{"type":"Feature","properties":{"CountryName":"Denmark","Type of Animal":"Chicken"},"geometry":{"type":"Point","coordinates":[8.906216117,55.5405684]}},{"type":"Feature","properties":{"CountryName":"Denmark","Type of Animal":"Pork"},"geometry":{"type":"Point","coordinates":[11.52364753,55.70135805]}},{"type":"Feature","properties":{"CountryName":"Denmark","Type of Animal":"Pork"},"geometry":{"type":"Point","coordinates":[10.84376826,56.43867104]}},{"type":"Feature","properties":{"CountryName":"Denmark","Type of Animal":"Pork"},"geometry":{"type":"Point","coordinates":[10.84109529,56.38156246]}},{"type":"Feature","properties":{"CountryName":"Denmark","Type of Animal":"Pork"},"geometry":{"type":"Point","coordinates":[10.88890428,56.47638473]}},{"type":"Feature","properties":{"CountryName":"Denmark","Type of Animal":"Chicken"},"geometry":{"type":"Point","coordinates":[8.517819185,56.463838]}},{"type":"Feature","properties":{"CountryName":"Denmark","Type of Animal":"Pork"},"geometry":{"type":"Point","coordinates":[8.876524574,56.22299315]}},{"type":"Feature","properties":{"CountryName":"Denmark","Type of Animal":"Chicken"},"geometry":{"type":"Point","coordinates":[8.540529407,56.46092414]}},{"type":"Feature","properties":{"CountryName":"Denmark","Type of Animal":"Pork"},"geometry":{"type":"Point","coordinates":[10.81920885,56.35412904]}},{"type":"Feature","properties":{"CountryName":"Denmark","Type of Animal":"Chicken"},"geometry":{"type":"Point","coordinates":[10.6856762,56.37221055]}},{"type":"Feature","properties":{"CountryName":"Denmark","Type of Animal":"Chicken"},"geometry":{"type":"Point","coordinates":[8.486300184,56.4370062]}},{"type":"Feature","properties":{"CountryName":"Denmark","Type of Animal":"Chicken"},"geometry":{"type":"Point","coordinates":[8.533655135,56.50379575]}},{"type":"Feature","properties":{"CountryName":"Denmark","Type of Animal":"Pork"},"geometry":{"type":"Point","coordinates":[8.546562069,56.67747931]}},{"type":"Feature","properties":{"CountryName":"Denmark","Type of Animal":"Pork"},"geometry":{"type":"Point","coordinates":[10.75378262,56.38777839]}},{"type":"Feature","properties":{"CountryName":"Denmark","Type of Animal":"Pork"},"geometry":{"type":"Point","coordinates":[10.35175452,56.51454252]}},{"type":"Feature","properties":{"CountryName":"Denmark","Type of Animal":"Pork"},"geometry":{"type":"Point","coordinates":[10.2878668,56.48261231]}},{"type":"Feature","properties":{"CountryName":"Denmark","Type of Animal":"Pork"},"geometry":{"type":"Point","coordinates":[10.36425084,56.52583633]}},{"type":"Feature","properties":{"CountryName":"Denmark","Type of Animal":"Pork"},"geometry":{"type":"Point","coordinates":[10.30502056,56.49708133]}},{"type":"Feature","properties":{"CountryName":"Denmark","Type of Animal":"Pork"},"geometry":{"type":"Point","coordinates":[10.3736246,56.50118549]}},{"type":"Feature","properties":{"CountryName":"Denmark","Type of Animal":"Pork"},"geometry":{"type":"Point","coordinates":[10.72986919,56.42859893]}},{"type":"Feature","properties":{"CountryName":"Denmark","Type of Animal":"Pork"},"geometry":{"type":"Point","coordinates":[10.36526809,57.29483981]}},{"type":"Feature","properties":{"CountryName":"Denmark","Type of Animal":"Pork"},"geometry":{"type":"Point","coordinates":[9.9524791,56.08200755]}},{"type":"Feature","properties":{"CountryName":"Denmark","Type of Animal":"Pork"},"geometry":{"type":"Point","coordinates":[8.531357605,55.61296993]}},{"type":"Feature","properties":{"CountryName":"Denmark","Type of Animal":"Pork"},"geometry":{"type":"Point","coordinates":[9.87723798,55.94557545]}},{"type":"Feature","properties":{"CountryName":"Denmark","Type of Animal":"Pork"},"geometry":{"type":"Point","coordinates":[9.537573991,55.93534822]}},{"type":"Feature","properties":{"CountryName":"Denmark","Type of Animal":"Pork"},"geometry":{"type":"Point","coordinates":[9.767356359,55.90449562]}},{"type":"Feature","properties":{"CountryName":"Denmark","Type of Animal":"Pork"},"geometry":{"type":"Point","coordinates":[9.937283186,55.81631577]}},{"type":"Feature","properties":{"CountryName":"Denmark","Type of Animal":"Pork"},"geometry":{"type":"Point","coordinates":[9.598868034,55.95135241]}},{"type":"Feature","properties":{"CountryName":"Denmark","Type of Animal":"Chicken"},"geometry":{"type":"Point","coordinates":[8.768601781,55.75317302]}},{"type":"Feature","properties":{"CountryName":"Denmark","Type of Animal":"Pork"},"geometry":{"type":"Point","coordinates":[10.70665075,56.38865931]}},{"type":"Feature","properties":{"CountryName":"Denmark","Type of Animal":"Pork"},"geometry":{"type":"Point","coordinates":[8.516625108,55.61347605]}},{"type":"Feature","properties":{"CountryName":"Denmark","Type of Animal":"Pork"},"geometry":{"type":"Point","coordinates":[10.24280721,56.66679206]}},{"type":"Feature","properties":{"CountryName":"Denmark","Type of Animal":"Pork"},"geometry":{"type":"Point","coordinates":[10.1360339,56.53721474]}},{"type":"Feature","properties":{"CountryName":"Denmark","Type of Animal":"Pork"},"geometry":{"type":"Point","coordinates":[10.24961758,56.68422621]}},{"type":"Feature","properties":{"CountryName":"Denmark","Type of Animal":"Chicken"},"geometry":{"type":"Point","coordinates":[9.992696972,56.56244387]}},{"type":"Feature","properties":{"CountryName":"Denmark","Type of Animal":"Pork"},"geometry":{"type":"Point","coordinates":[10.76042447,54.87859478]}},{"type":"Feature","properties":{"CountryName":"Denmark","Type of Animal":"Pork"},"geometry":{"type":"Point","coordinates":[10.27918958,56.66469854]}},{"type":"Feature","properties":{"CountryName":"Denmark","Type of Animal":"Pork"},"geometry":{"type":"Point","coordinates":[10.14102336,56.56729518]}},{"type":"Feature","properties":{"CountryName":"Denmark","Type of Animal":"Pork"},"geometry":{"type":"Point","coordinates":[9.86889001,56.54280516]}},{"type":"Feature","properties":{"CountryName":"Denmark","Type of Animal":"Pork"},"geometry":{"type":"Point","coordinates":[9.976723587,57.21555027]}},{"type":"Feature","properties":{"CountryName":"Denmark","Type of Animal":"Pork"},"geometry":{"type":"Point","coordinates":[10.0162867,57.23270043]}},{"type":"Feature","properties":{"CountryName":"Denmark","Type of Animal":"Pork"},"geometry":{"type":"Point","coordinates":[9.847890332,57.29724955]}},{"type":"Feature","properties":{"CountryName":"Denmark","Type of Animal":"Pork"},"geometry":{"type":"Point","coordinates":[10.1315547,57.31106302]}},{"type":"Feature","properties":{"CountryName":"Denmark","Type of Animal":"Pork"},"geometry":{"type":"Point","coordinates":[10.16694044,57.30876391]}},{"type":"Feature","properties":{"CountryName":"Denmark","Type of Animal":"Pork"},"geometry":{"type":"Point","coordinates":[9.814746755,57.30493296]}},{"type":"Feature","properties":{"CountryName":"Denmark","Type of Animal":"Pork"},"geometry":{"type":"Point","coordinates":[9.841703096,57.31687961]}},{"type":"Feature","properties":{"CountryName":"Denmark","Type of Animal":"Pork"},"geometry":{"type":"Point","coordinates":[9.838647641,57.32459091]}},{"type":"Feature","properties":{"CountryName":"Denmark","Type of Animal":"Pork"},"geometry":{"type":"Point","coordinates":[10.06618267,57.23728413]}},{"type":"Feature","properties":{"CountryName":"Denmark","Type of Animal":"Pork"},"geometry":{"type":"Point","coordinates":[9.955865332,57.25042544]}},{"type":"Feature","properties":{"CountryName":"Denmark","Type of Animal":"Pork"},"geometry":{"type":"Point","coordinates":[9.151255253,54.92850287]}},{"type":"Feature","properties":{"CountryName":"Denmark","Type of Animal":"Pork"},"geometry":{"type":"Point","coordinates":[11.87057202,55.37352172]}},{"type":"Feature","properties":{"CountryName":"Denmark","Type of Animal":"Pork"},"geometry":{"type":"Point","coordinates":[10.03238831,55.99228862]}},{"type":"Feature","properties":{"CountryName":"Denmark","Type of Animal":"Pork"},"geometry":{"type":"Point","coordinates":[9.94134335,57.31322332]}},{"type":"Feature","properties":{"CountryName":"Denmark","Type of Animal":"Pork"},"geometry":{"type":"Point","coordinates":[8.541447581,55.85054034]}},{"type":"Feature","properties":{"CountryName":"Denmark","Type of Animal":"Pork"},"geometry":{"type":"Point","coordinates":[9.826893512,56.00486706]}},{"type":"Feature","properties":{"CountryName":"Denmark","Type of Animal":"Chicken"},"geometry":{"type":"Point","coordinates":[8.168252323,56.20803215]}},{"type":"Feature","properties":{"CountryName":"Denmark","Type of Animal":"Chicken"},"geometry":{"type":"Point","coordinates":[8.536036373,56.05274073]}},{"type":"Feature","properties":{"CountryName":"Denmark","Type of Animal":"Pork"},"geometry":{"type":"Point","coordinates":[8.60810356,55.96591571]}},{"type":"Feature","properties":{"CountryName":"Denmark","Type of Animal":"Pork"},"geometry":{"type":"Point","coordinates":[9.801910949,55.94930686]}},{"type":"Feature","properties":{"CountryName":"Denmark","Type of Animal":"Pork"},"geometry":{"type":"Point","coordinates":[8.375099209,55.96976448]}},{"type":"Feature","properties":{"CountryName":"Denmark","Type of Animal":"Pork"},"geometry":{"type":"Point","coordinates":[8.703495808,56.05168633]}},{"type":"Feature","properties":{"CountryName":"Denmark","Type of Animal":"Pork"},"geometry":{"type":"Point","coordinates":[8.729634494,56.11249283]}},{"type":"Feature","properties":{"CountryName":"Denmark","Type of Animal":"Pork"},"geometry":{"type":"Point","coordinates":[10.40514646,56.31799286]}},{"type":"Feature","properties":{"CountryName":"Denmark","Type of Animal":"Pork"},"geometry":{"type":"Point","coordinates":[10.20200087,56.25312151]}},{"type":"Feature","properties":{"CountryName":"Denmark","Type of Animal":"Pork"},"geometry":{"type":"Point","coordinates":[9.874518238,55.9958385]}},{"type":"Feature","properties":{"CountryName":"Denmark","Type of Animal":"Pork"},"geometry":{"type":"Point","coordinates":[9.854490108,55.97719488]}},{"type":"Feature","properties":{"CountryName":"Denmark","Type of Animal":"Pork"},"geometry":{"type":"Point","coordinates":[9.086587554,55.10503018]}},{"type":"Feature","properties":{"CountryName":"Denmark","Type of Animal":"Chicken"},"geometry":{"type":"Point","coordinates":[9.115095198,55.14442384]}},{"type":"Feature","properties":{"CountryName":"Denmark","Type of Animal":"Pork"},"geometry":{"type":"Point","coordinates":[8.803210636,56.07277571]}},{"type":"Feature","properties":{"CountryName":"Denmark","Type of Animal":"Pork"},"geometry":{"type":"Point","coordinates":[8.54900105,56.06646165]}},{"type":"Feature","properties":{"CountryName":"Denmark","Type of Animal":"Pork"},"geometry":{"type":"Point","coordinates":[8.77918534,56.0947572]}},{"type":"Feature","properties":{"CountryName":"Denmark","Type of Animal":"Pork"},"geometry":{"type":"Point","coordinates":[8.920940927,56.6420915]}},{"type":"Feature","properties":{"CountryName":"Denmark","Type of Animal":"Pork"},"geometry":{"type":"Point","coordinates":[8.474458426,56.11996833]}},{"type":"Feature","properties":{"CountryName":"Denmark","Type of Animal":"Pork"},"geometry":{"type":"Point","coordinates":[8.469789035,56.05575425]}},{"type":"Feature","properties":{"CountryName":"Denmark","Type of Animal":"Chicken"},"geometry":{"type":"Point","coordinates":[9.13205307,55.20554855]}},{"type":"Feature","properties":{"CountryName":"Denmark","Type of Animal":"Pork"},"geometry":{"type":"Point","coordinates":[8.523466299,55.82208235]}},{"type":"Feature","properties":{"CountryName":"Denmark","Type of Animal":"Pork"},"geometry":{"type":"Point","coordinates":[9.169572383,55.3070782]}},{"type":"Feature","properties":{"CountryName":"Denmark","Type of Animal":"Pork"},"geometry":{"type":"Point","coordinates":[10.12210361,57.261631]}},{"type":"Feature","properties":{"CountryName":"Denmark","Type of Animal":"Pork"},"geometry":{"type":"Point","coordinates":[10.17406663,55.32720495]}},{"type":"Feature","properties":{"CountryName":"Denmark","Type of Animal":"Pork"},"geometry":{"type":"Point","coordinates":[8.62916849,55.45956388]}},{"type":"Feature","properties":{"CountryName":"Denmark","Type of Animal":"Pork"},"geometry":{"type":"Point","coordinates":[9.542699225,55.32609771]}},{"type":"Feature","properties":{"CountryName":"Denmark","Type of Animal":"Pork"},"geometry":{"type":"Point","coordinates":[9.664073671,55.19794759]}},{"type":"Feature","properties":{"CountryName":"Denmark","Type of Animal":"Chicken"},"geometry":{"type":"Point","coordinates":[9.488411216,55.20778961]}},{"type":"Feature","properties":{"CountryName":"Denmark","Type of Animal":"Pork"},"geometry":{"type":"Point","coordinates":[9.170368388,55.229929]}},{"type":"Feature","properties":{"CountryName":"Denmark","Type of Animal":"Pork"},"geometry":{"type":"Point","coordinates":[9.204310051,55.20704219]}},{"type":"Feature","properties":{"CountryName":"Denmark","Type of Animal":"Pork"},"geometry":{"type":"Point","coordinates":[9.481293741,55.14364586]}},{"type":"Feature","properties":{"CountryName":"Denmark","Type of Animal":"Pork"},"geometry":{"type":"Point","coordinates":[10.32540173,57.09622864]}},{"type":"Feature","properties":{"CountryName":"Denmark","Type of Animal":"Pork"},"geometry":{"type":"Point","coordinates":[9.377635398,55.16237358]}},{"type":"Feature","properties":{"CountryName":"Denmark","Type of Animal":"Pork"},"geometry":{"type":"Point","coordinates":[9.570805633,55.28361507]}},{"type":"Feature","properties":{"CountryName":"Denmark","Type of Animal":"Pork"},"geometry":{"type":"Point","coordinates":[9.432891488,55.16740438]}},{"type":"Feature","properties":{"CountryName":"Denmark","Type of Animal":"Chicken"},"geometry":{"type":"Point","coordinates":[9.229099307,55.26706777]}},{"type":"Feature","properties":{"CountryName":"Denmark","Type of Animal":"Pork"},"geometry":{"type":"Point","coordinates":[9.484652266,55.18002802]}},{"type":"Feature","properties":{"CountryName":"Denmark","Type of Animal":"Chicken"},"geometry":{"type":"Point","coordinates":[9.610929775,55.20922878]}},{"type":"Feature","properties":{"CountryName":"Denmark","Type of Animal":"Pork"},"geometry":{"type":"Point","coordinates":[8.478460082,56.1028974]}},{"type":"Feature","properties":{"CountryName":"Denmark","Type of Animal":"Pork"},"geometry":{"type":"Point","coordinates":[8.56247165,56.78381682]}},{"type":"Feature","properties":{"CountryName":"Denmark","Type of Animal":"Pork"},"geometry":{"type":"Point","coordinates":[8.504062349,56.8842493]}},{"type":"Feature","properties":{"CountryName":"Denmark","Type of Animal":"Pork"},"geometry":{"type":"Point","coordinates":[11.9085714,55.39300102]}},{"type":"Feature","properties":{"CountryName":"Denmark","Type of Animal":"Pork"},"geometry":{"type":"Point","coordinates":[9.544952121,54.95264783]}},{"type":"Feature","properties":{"CountryName":"Denmark","Type of Animal":"Pork"},"geometry":{"type":"Point","coordinates":[9.606695409,54.99389445]}},{"type":"Feature","properties":{"CountryName":"Denmark","Type of Animal":"Pork"},"geometry":{"type":"Point","coordinates":[11.70207971,55.42116096]}},{"type":"Feature","properties":{"CountryName":"Denmark","Type of Animal":"Pork"},"geometry":{"type":"Point","coordinates":[10.69495869,54.80790401]}},{"type":"Feature","properties":{"CountryName":"Denmark","Type of Animal":"Pork"},"geometry":{"type":"Point","coordinates":[9.308076935,55.14769507]}},{"type":"Feature","properties":{"CountryName":"Denmark","Type of Animal":"Pork"},"geometry":{"type":"Point","coordinates":[10.60478012,56.3940568]}},{"type":"Feature","properties":{"CountryName":"Denmark","Type of Animal":"Pork"},"geometry":{"type":"Point","coordinates":[9.197931469,55.01973998]}},{"type":"Feature","properties":{"CountryName":"Denmark","Type of Animal":"Pork"},"geometry":{"type":"Point","coordinates":[9.513668926,55.0644564]}},{"type":"Feature","properties":{"CountryName":"Denmark","Type of Animal":"Pork"},"geometry":{"type":"Point","coordinates":[12.31496264,55.26250718]}},{"type":"Feature","properties":{"CountryName":"Denmark","Type of Animal":"Pork"},"geometry":{"type":"Point","coordinates":[10.37070966,57.20812749]}},{"type":"Feature","properties":{"CountryName":"Denmark","Type of Animal":"Pork"},"geometry":{"type":"Point","coordinates":[10.29998924,57.1280416]}},{"type":"Feature","properties":{"CountryName":"Denmark","Type of Animal":"Pork"},"geometry":{"type":"Point","coordinates":[11.92001662,55.48325092]}},{"type":"Feature","properties":{"CountryName":"Denmark","Type of Animal":"Pork"},"geometry":{"type":"Point","coordinates":[8.747760113,56.05859798]}},{"type":"Feature","properties":{"CountryName":"Denmark","Type of Animal":"Pork"},"geometry":{"type":"Point","coordinates":[9.609124998,55.21194061]}},{"type":"Feature","properties":{"CountryName":"Denmark","Type of Animal":"Pork"},"geometry":{"type":"Point","coordinates":[9.648430824,55.61415662]}},{"type":"Feature","properties":{"CountryName":"Denmark","Type of Animal":"Pork"},"geometry":{"type":"Point","coordinates":[9.595510186,55.56952807]}},{"type":"Feature","properties":{"CountryName":"Denmark","Type of Animal":"Pork"},"geometry":{"type":"Point","coordinates":[9.530644351,57.08553213]}},{"type":"Feature","properties":{"CountryName":"Denmark","Type of Animal":"Pork"},"geometry":{"type":"Point","coordinates":[9.415084305,55.29752945]}},{"type":"Feature","properties":{"CountryName":"Denmark","Type of Animal":"Chicken"},"geometry":{"type":"Point","coordinates":[9.080995183,55.27110105]}},{"type":"Feature","properties":{"CountryName":"Denmark","Type of Animal":"Pork"},"geometry":{"type":"Point","coordinates":[9.355772264,55.25127935]}},{"type":"Feature","properties":{"CountryName":"Denmark","Type of Animal":"Pork"},"geometry":{"type":"Point","coordinates":[9.360393648,55.30361551]}},{"type":"Feature","properties":{"CountryName":"Denmark","Type of Animal":"Pork"},"geometry":{"type":"Point","coordinates":[9.532738255,55.30797464]}},{"type":"Feature","properties":{"CountryName":"Denmark","Type of Animal":"Pork"},"geometry":{"type":"Point","coordinates":[9.577885691,55.21909126]}},{"type":"Feature","properties":{"CountryName":"Denmark","Type of Animal":"Chicken"},"geometry":{"type":"Point","coordinates":[9.608868848,55.26290253]}},{"type":"Feature","properties":{"CountryName":"Denmark","Type of Animal":"Pork"},"geometry":{"type":"Point","coordinates":[9.621255282,55.24933446]}},{"type":"Feature","properties":{"CountryName":"Denmark","Type of Animal":"Chicken"},"geometry":{"type":"Point","coordinates":[9.330242215,55.25595152]}},{"type":"Feature","properties":{"CountryName":"Denmark","Type of Animal":"Pork"},"geometry":{"type":"Point","coordinates":[9.340320822,55.22762332]}},{"type":"Feature","properties":{"CountryName":"Denmark","Type of Animal":"Pork"},"geometry":{"type":"Point","coordinates":[9.548979811,55.20998274]}},{"type":"Feature","properties":{"CountryName":"Denmark","Type of Animal":"Pork"},"geometry":{"type":"Point","coordinates":[11.82529562,55.57932965]}},{"type":"Feature","properties":{"CountryName":"Denmark","Type of Animal":"Pork"},"geometry":{"type":"Point","coordinates":[9.564121388,55.23897606]}},{"type":"Feature","properties":{"CountryName":"Denmark","Type of Animal":"Pork"},"geometry":{"type":"Point","coordinates":[9.119872295,55.25973049]}},{"type":"Feature","properties":{"CountryName":"Denmark","Type of Animal":"Pork"},"geometry":{"type":"Point","coordinates":[9.585022374,55.3382555]}},{"type":"Feature","properties":{"CountryName":"Denmark","Type of Animal":"Chicken"},"geometry":{"type":"Point","coordinates":[9.436121088,55.22275798]}},{"type":"Feature","properties":{"CountryName":"Denmark","Type of Animal":"Pork"},"geometry":{"type":"Point","coordinates":[9.344979442,55.231124]}},{"type":"Feature","properties":{"CountryName":"Denmark","Type of Animal":"Pork"},"geometry":{"type":"Point","coordinates":[9.609870568,55.24756129]}},{"type":"Feature","properties":{"CountryName":"Denmark","Type of Animal":"Pork"},"geometry":{"type":"Point","coordinates":[9.426518826,55.27359309]}},{"type":"Feature","properties":{"CountryName":"Denmark","Type of Animal":"Pork"},"geometry":{"type":"Point","coordinates":[9.385544907,55.26006777]}},{"type":"Feature","properties":{"CountryName":"Denmark","Type of Animal":"Chicken"},"geometry":{"type":"Point","coordinates":[9.32104701,55.29261457]}},{"type":"Feature","properties":{"CountryName":"Denmark","Type of Animal":"Pork"},"geometry":{"type":"Point","coordinates":[9.512026659,55.28250473]}},{"type":"Feature","properties":{"CountryName":"Denmark","Type of Animal":"Pork"},"geometry":{"type":"Point","coordinates":[9.627152583,55.22188435]}},{"type":"Feature","properties":{"CountryName":"Denmark","Type of Animal":"Chicken"},"geometry":{"type":"Point","coordinates":[9.422999031,55.2757859]}},{"type":"Feature","properties":{"CountryName":"Denmark","Type of Animal":"Pork"},"geometry":{"type":"Point","coordinates":[9.123334934,55.24848577]}},{"type":"Feature","properties":{"CountryName":"Denmark","Type of Animal":"Chicken"},"geometry":{"type":"Point","coordinates":[9.289084776,55.30392126]}},{"type":"Feature","properties":{"CountryName":"Denmark","Type of Animal":"Pork"},"geometry":{"type":"Point","coordinates":[10.19624258,55.9168201]}},{"type":"Feature","properties":{"CountryName":"Denmark","Type of Animal":"Pork"},"geometry":{"type":"Point","coordinates":[10.25244548,57.06318229]}},{"type":"Feature","properties":{"CountryName":"Denmark","Type of Animal":"Pork"},"geometry":{"type":"Point","coordinates":[10.22291317,55.99137104]}},{"type":"Feature","properties":{"CountryName":"Denmark","Type of Animal":"Pork"},"geometry":{"type":"Point","coordinates":[10.81346701,56.29067606]}},{"type":"Feature","properties":{"CountryName":"Denmark","Type of Animal":"Chicken"},"geometry":{"type":"Point","coordinates":[9.568059964,55.5086014]}},{"type":"Feature","properties":{"CountryName":"Denmark","Type of Animal":"Chicken"},"geometry":{"type":"Point","coordinates":[8.581207259,56.8525487]}},{"type":"Feature","properties":{"CountryName":"Denmark","Type of Animal":"Pork"},"geometry":{"type":"Point","coordinates":[11.726215,55.50665403]}},{"type":"Feature","properties":{"CountryName":"Denmark","Type of Animal":"Pork"},"geometry":{"type":"Point","coordinates":[10.41454395,56.16881132]}},{"type":"Feature","properties":{"CountryName":"Denmark","Type of Animal":"Pork"},"geometry":{"type":"Point","coordinates":[8.495235696,56.70450328]}},{"type":"Feature","properties":{"CountryName":"Denmark","Type of Animal":"Pork"},"geometry":{"type":"Point","coordinates":[8.670309893,57.03487604]}},{"type":"Feature","properties":{"CountryName":"Denmark","Type of Animal":"Pork"},"geometry":{"type":"Point","coordinates":[8.451621839,56.85990541]}},{"type":"Feature","properties":{"CountryName":"Denmark","Type of Animal":"Pork"},"geometry":{"type":"Point","coordinates":[8.384288758,56.74124104]}},{"type":"Feature","properties":{"CountryName":"Denmark","Type of Animal":"Pork"},"geometry":{"type":"Point","coordinates":[8.923517252,55.15450894]}},{"type":"Feature","properties":{"CountryName":"Denmark","Type of Animal":"Pork"},"geometry":{"type":"Point","coordinates":[9.198938558,55.11097794]}},{"type":"Feature","properties":{"CountryName":"Denmark","Type of Animal":"Pork"},"geometry":{"type":"Point","coordinates":[9.02126599,55.21707545]}},{"type":"Feature","properties":{"CountryName":"Denmark","Type of Animal":"Pork"},"geometry":{"type":"Point","coordinates":[8.376897462,56.8232725]}},{"type":"Feature","properties":{"CountryName":"Denmark","Type of Animal":"Pork"},"geometry":{"type":"Point","coordinates":[10.62264462,56.3796955]}},{"type":"Feature","properties":{"CountryName":"Denmark","Type of Animal":"Pork"},"geometry":{"type":"Point","coordinates":[9.027727738,55.15179878]}},{"type":"Feature","properties":{"CountryName":"Denmark","Type of Animal":"Pork"},"geometry":{"type":"Point","coordinates":[8.483566972,56.86548614]}},{"type":"Feature","properties":{"CountryName":"Denmark","Type of Animal":"Pork"},"geometry":{"type":"Point","coordinates":[10.60877779,56.34445171]}},{"type":"Feature","properties":{"CountryName":"Denmark","Type of Animal":"Pork"},"geometry":{"type":"Point","coordinates":[8.451164367,55.83916776]}},{"type":"Feature","properties":{"CountryName":"Denmark","Type of Animal":"Pork"},"geometry":{"type":"Point","coordinates":[8.549068095,56.86218459]}},{"type":"Feature","properties":{"CountryName":"Denmark","Type of Animal":"Pork"},"geometry":{"type":"Point","coordinates":[8.355569599,56.73281501]}},{"type":"Feature","properties":{"CountryName":"Denmark","Type of Animal":"Pork"},"geometry":{"type":"Point","coordinates":[10.23995798,56.37698695]}},{"type":"Feature","properties":{"CountryName":"Denmark","Type of Animal":"Pork"},"geometry":{"type":"Point","coordinates":[8.521398409,56.86005868]}},{"type":"Feature","properties":{"CountryName":"Denmark","Type of Animal":"Pork"},"geometry":{"type":"Point","coordinates":[8.493289311,55.85135972]}},{"type":"Feature","properties":{"CountryName":"Denmark","Type of Animal":"Pork"},"geometry":{"type":"Point","coordinates":[8.609017515,56.85751274]}},{"type":"Feature","properties":{"CountryName":"Denmark","Type of Animal":"Pork"},"geometry":{"type":"Point","coordinates":[9.138400808,55.06035095]}},{"type":"Feature","properties":{"CountryName":"Denmark","Type of Animal":"Chicken"},"geometry":{"type":"Point","coordinates":[9.887895736,55.9322191]}},{"type":"Feature","properties":{"CountryName":"Denmark","Type of Animal":"Pork"},"geometry":{"type":"Point","coordinates":[8.43316382,55.89779395]}},{"type":"Feature","properties":{"CountryName":"Denmark","Type of Animal":"Pork"},"geometry":{"type":"Point","coordinates":[8.377637466,55.86178567]}},{"type":"Feature","properties":{"CountryName":"Denmark","Type of Animal":"Pork"},"geometry":{"type":"Point","coordinates":[8.586326003,55.84694444]}},{"type":"Feature","properties":{"CountryName":"Denmark","Type of Animal":"Pork"},"geometry":{"type":"Point","coordinates":[8.198543955,56.10959853]}},{"type":"Feature","properties":{"CountryName":"Denmark","Type of Animal":"Pork"},"geometry":{"type":"Point","coordinates":[8.338737602,56.16448732]}},{"type":"Feature","properties":{"CountryName":"Denmark","Type of Animal":"Chicken"},"geometry":{"type":"Point","coordinates":[9.112905202,55.23591581]}},{"type":"Feature","properties":{"CountryName":"Denmark","Type of Animal":"Pork"},"geometry":{"type":"Point","coordinates":[8.691299321,56.8509716]}},{"type":"Feature","properties":{"CountryName":"Denmark","Type of Animal":"Pork"},"geometry":{"type":"Point","coordinates":[8.172897981,55.8857153]}},{"type":"Feature","properties":{"CountryName":"Denmark","Type of Animal":"Pork"},"geometry":{"type":"Point","coordinates":[9.010891716,55.09960939]}},{"type":"Feature","properties":{"CountryName":"Denmark","Type of Animal":"Pork"},"geometry":{"type":"Point","coordinates":[10.45099044,57.21892091]}},{"type":"Feature","properties":{"CountryName":"Denmark","Type of Animal":"Pork"},"geometry":{"type":"Point","coordinates":[8.197930168,56.12940526]}},{"type":"Feature","properties":{"CountryName":"Denmark","Type of Animal":"Chicken"},"geometry":{"type":"Point","coordinates":[8.494767826,56.87068066]}},{"type":"Feature","properties":{"CountryName":"Denmark","Type of Animal":"Pork"},"geometry":{"type":"Point","coordinates":[8.631817845,56.99882733]}},{"type":"Feature","properties":{"CountryName":"Denmark","Type of Animal":"Pork"},"geometry":{"type":"Point","coordinates":[8.428375095,56.10884617]}},{"type":"Feature","properties":{"CountryName":"Denmark","Type of Animal":"Pork"},"geometry":{"type":"Point","coordinates":[8.3377687,56.0346815]}},{"type":"Feature","properties":{"CountryName":"Denmark","Type of Animal":"Pork"},"geometry":{"type":"Point","coordinates":[8.88385104,55.01004709]}},{"type":"Feature","properties":{"CountryName":"Denmark","Type of Animal":"Chicken"},"geometry":{"type":"Point","coordinates":[8.352817247,56.5095285]}},{"type":"Feature","properties":{"CountryName":"Denmark","Type of Animal":"Pork"},"geometry":{"type":"Point","coordinates":[8.89600971,56.91047031]}},{"type":"Feature","properties":{"CountryName":"Denmark","Type of Animal":"Pork"},"geometry":{"type":"Point","coordinates":[8.849384768,55.15306561]}},{"type":"Feature","properties":{"CountryName":"Denmark","Type of Animal":"Pork"},"geometry":{"type":"Point","coordinates":[8.648361023,56.99376311]}},{"type":"Feature","properties":{"CountryName":"Denmark","Type of Animal":"Pork"},"geometry":{"type":"Point","coordinates":[8.772986407,57.00486356]}},{"type":"Feature","properties":{"CountryName":"Denmark","Type of Animal":"Pork"},"geometry":{"type":"Point","coordinates":[8.60684693,57.00026221]}},{"type":"Feature","properties":{"CountryName":"Denmark","Type of Animal":"Pork"},"geometry":{"type":"Point","coordinates":[8.468450704,56.78727506]}},{"type":"Feature","properties":{"CountryName":"Denmark","Type of Animal":"Pork"},"geometry":{"type":"Point","coordinates":[8.321830047,56.76807803]}},{"type":"Feature","properties":{"CountryName":"Denmark","Type of Animal":"Chicken"},"geometry":{"type":"Point","coordinates":[8.498176388,56.82677561]}},{"type":"Feature","properties":{"CountryName":"Denmark","Type of Animal":"Pork"},"geometry":{"type":"Point","coordinates":[8.431922906,56.78734059]}},{"type":"Feature","properties":{"CountryName":"Denmark","Type of Animal":"Pork"},"geometry":{"type":"Point","coordinates":[8.503112078,56.1619384]}},{"type":"Feature","properties":{"CountryName":"Denmark","Type of Animal":"Pork"},"geometry":{"type":"Point","coordinates":[8.752407635,54.98756766]}},{"type":"Feature","properties":{"CountryName":"Denmark","Type of Animal":"Pork"},"geometry":{"type":"Point","coordinates":[8.714720468,57.01907296]}},{"type":"Feature","properties":{"CountryName":"Denmark","Type of Animal":"Pork"},"geometry":{"type":"Point","coordinates":[8.843667946,55.14512649]}},{"type":"Feature","properties":{"CountryName":"Denmark","Type of Animal":"Pork"},"geometry":{"type":"Point","coordinates":[8.698172146,55.05715293]}},{"type":"Feature","properties":{"CountryName":"Denmark","Type of Animal":"Pork"},"geometry":{"type":"Point","coordinates":[8.760974032,57.00668291]}},{"type":"Feature","properties":{"CountryName":"Denmark","Type of Animal":"Pork"},"geometry":{"type":"Point","coordinates":[8.636563018,56.97960642]}},{"type":"Feature","properties":{"CountryName":"Denmark","Type of Animal":"Pork"},"geometry":{"type":"Point","coordinates":[8.723616578,55.0152774]}},{"type":"Feature","properties":{"CountryName":"Denmark","Type of Animal":"Chicken"},"geometry":{"type":"Point","coordinates":[9.010950664,55.05897889]}},{"type":"Feature","properties":{"CountryName":"Denmark","Type of Animal":"Pork"},"geometry":{"type":"Point","coordinates":[8.346606342,56.73917257]}},{"type":"Feature","properties":{"CountryName":"Denmark","Type of Animal":"Pork"},"geometry":{"type":"Point","coordinates":[8.459935727,56.86065873]}},{"type":"Feature","properties":{"CountryName":"Denmark","Type of Animal":"Pork"},"geometry":{"type":"Point","coordinates":[8.79482843,57.04977981]}},{"type":"Feature","properties":{"CountryName":"Denmark","Type of Animal":"Pork"},"geometry":{"type":"Point","coordinates":[8.541059875,56.94873686]}},{"type":"Feature","properties":{"CountryName":"Denmark","Type of Animal":"Chicken"},"geometry":{"type":"Point","coordinates":[8.835613088,55.05192539]}},{"type":"Feature","properties":{"CountryName":"Denmark","Type of Animal":"Pork"},"geometry":{"type":"Point","coordinates":[8.712977262,55.05997451]}},{"type":"Feature","properties":{"CountryName":"Denmark","Type of Animal":"Pork"},"geometry":{"type":"Point","coordinates":[8.817386836,55.13237175]}},{"type":"Feature","properties":{"CountryName":"Denmark","Type of Animal":"Chicken"},"geometry":{"type":"Point","coordinates":[8.836224656,55.04781945]}},{"type":"Feature","properties":{"CountryName":"Denmark","Type of Animal":"Pork"},"geometry":{"type":"Point","coordinates":[8.75409521,55.11788245]}},{"type":"Feature","properties":{"CountryName":"Denmark","Type of Animal":"Pork"},"geometry":{"type":"Point","coordinates":[9.058238042,55.61011469]}},{"type":"Feature","properties":{"CountryName":"Denmark","Type of Animal":"Pork"},"geometry":{"type":"Point","coordinates":[11.57352555,55.90904023]}},{"type":"Feature","properties":{"CountryName":"Denmark","Type of Animal":"Pork"},"geometry":{"type":"Point","coordinates":[11.27992994,55.30562327]}},{"type":"Feature","properties":{"CountryName":"Denmark","Type of Animal":"Chicken"},"geometry":{"type":"Point","coordinates":[11.41550684,55.3150245]}},{"type":"Feature","properties":{"CountryName":"Denmark","Type of Animal":"Pork"},"geometry":{"type":"Point","coordinates":[11.42597931,55.26014397]}},{"type":"Feature","properties":{"CountryName":"Denmark","Type of Animal":"Pork"},"geometry":{"type":"Point","coordinates":[9.306035944,56.87846318]}},{"type":"Feature","properties":{"CountryName":"Denmark","Type of Animal":"Pork"},"geometry":{"type":"Point","coordinates":[11.47872538,55.82879715]}},{"type":"Feature","properties":{"CountryName":"Denmark","Type of Animal":"Chicken"},"geometry":{"type":"Point","coordinates":[9.640225692,54.97579276]}},{"type":"Feature","properties":{"CountryName":"Denmark","Type of Animal":"Pork"},"geometry":{"type":"Point","coordinates":[11.12781673,55.72651605]}},{"type":"Feature","properties":{"CountryName":"Denmark","Type of Animal":"Pork"},"geometry":{"type":"Point","coordinates":[8.825190583,56.61704914]}},{"type":"Feature","properties":{"CountryName":"Denmark","Type of Animal":"Pork"},"geometry":{"type":"Point","coordinates":[9.076923115,56.78763533]}},{"type":"Feature","properties":{"CountryName":"Denmark","Type of Animal":"Pork"},"geometry":{"type":"Point","coordinates":[9.916134726,56.53470323]}},{"type":"Feature","properties":{"CountryName":"Denmark","Type of Animal":"Pork"},"geometry":{"type":"Point","coordinates":[10.28319195,56.65873247]}},{"type":"Feature","properties":{"CountryName":"Denmark","Type of Animal":"Pork"},"geometry":{"type":"Point","coordinates":[8.475229606,55.74412718]}},{"type":"Feature","properties":{"CountryName":"Denmark","Type of Animal":"Pork"},"geometry":{"type":"Point","coordinates":[10.18056093,56.61316571]}},{"type":"Feature","properties":{"CountryName":"Denmark","Type of Animal":"Pork"},"geometry":{"type":"Point","coordinates":[10.00929161,56.58310975]}},{"type":"Feature","properties":{"CountryName":"Denmark","Type of Animal":"Pork"},"geometry":{"type":"Point","coordinates":[10.16562504,56.49057324]}},{"type":"Feature","properties":{"CountryName":"Denmark","Type of Animal":"Pork"},"geometry":{"type":"Point","coordinates":[10.25136774,56.62425283]}},{"type":"Feature","properties":{"CountryName":"Denmark","Type of Animal":"Pork"},"geometry":{"type":"Point","coordinates":[10.2346209,56.58607272]}},{"type":"Feature","properties":{"CountryName":"Denmark","Type of Animal":"Chicken"},"geometry":{"type":"Point","coordinates":[10.15643892,56.57359857]}},{"type":"Feature","properties":{"CountryName":"Denmark","Type of Animal":"Pork"},"geometry":{"type":"Point","coordinates":[8.875226406,56.88462071]}},{"type":"Feature","properties":{"CountryName":"Denmark","Type of Animal":"Pork"},"geometry":{"type":"Point","coordinates":[10.03436319,56.40343258]}},{"type":"Feature","properties":{"CountryName":"Denmark","Type of Animal":"Pork"},"geometry":{"type":"Point","coordinates":[9.984864213,56.39600102]}},{"type":"Feature","properties":{"CountryName":"Denmark","Type of Animal":"Pork"},"geometry":{"type":"Point","coordinates":[10.17345203,57.11237643]}},{"type":"Feature","properties":{"CountryName":"Denmark","Type of Animal":"Pork"},"geometry":{"type":"Point","coordinates":[9.848534382,55.49280206]}},{"type":"Feature","properties":{"CountryName":"Denmark","Type of Animal":"Chicken"},"geometry":{"type":"Point","coordinates":[9.437372662,56.9663806]}},{"type":"Feature","properties":{"CountryName":"Denmark","Type of Animal":"Chicken"},"geometry":{"type":"Point","coordinates":[9.437450113,56.96413379]}},{"type":"Feature","properties":{"CountryName":"Denmark","Type of Animal":"Pork"},"geometry":{"type":"Point","coordinates":[10.41324735,57.1793359]}},{"type":"Feature","properties":{"CountryName":"Denmark","Type of Animal":"Pork"},"geometry":{"type":"Point","coordinates":[9.985630595,57.17338928]}},{"type":"Feature","properties":{"CountryName":"Denmark","Type of Animal":"Pork"},"geometry":{"type":"Point","coordinates":[10.30831292,57.05660549]}},{"type":"Feature","properties":{"CountryName":"Denmark","Type of Animal":"Pork"},"geometry":{"type":"Point","coordinates":[10.30429447,57.05089902]}},{"type":"Feature","properties":{"CountryName":"Denmark","Type of Animal":"Pork"},"geometry":{"type":"Point","coordinates":[9.700574421,56.97611434]}},{"type":"Feature","properties":{"CountryName":"Denmark","Type of Animal":"Pork"},"geometry":{"type":"Point","coordinates":[8.359455933,56.6947834]}},{"type":"Feature","properties":{"CountryName":"Denmark","Type of Animal":"Pork"},"geometry":{"type":"Point","coordinates":[11.30267998,55.33392512]}},{"type":"Feature","properties":{"CountryName":"Denmark","Type of Animal":"Chicken"},"geometry":{"type":"Point","coordinates":[9.796866267,55.06262243]}},{"type":"Feature","properties":{"CountryName":"Denmark","Type of Animal":"Chicken"},"geometry":{"type":"Point","coordinates":[9.644109326,54.97236219]}},{"type":"Feature","properties":{"CountryName":"Denmark","Type of Animal":"Pork"},"geometry":{"type":"Point","coordinates":[11.41206077,55.28272996]}},{"type":"Feature","properties":{"CountryName":"Denmark","Type of Animal":"Pork"},"geometry":{"type":"Point","coordinates":[9.114449613,56.69401141]}},{"type":"Feature","properties":{"CountryName":"Denmark","Type of Animal":"Pork"},"geometry":{"type":"Point","coordinates":[8.895821579,56.54647132]}},{"type":"Feature","properties":{"CountryName":"Denmark","Type of Animal":"Pork"},"geometry":{"type":"Point","coordinates":[8.966509851,56.63888126]}},{"type":"Feature","properties":{"CountryName":"Denmark","Type of Animal":"Pork"},"geometry":{"type":"Point","coordinates":[9.012949557,56.67465088]}},{"type":"Feature","properties":{"CountryName":"Denmark","Type of Animal":"Pork"},"geometry":{"type":"Point","coordinates":[8.918508232,56.59138333]}},{"type":"Feature","properties":{"CountryName":"Denmark","Type of Animal":"Pork"},"geometry":{"type":"Point","coordinates":[10.30060325,57.06053565]}},{"type":"Feature","properties":{"CountryName":"Denmark","Type of Animal":"Pork"},"geometry":{"type":"Point","coordinates":[9.055296689,56.74909476]}},{"type":"Feature","properties":{"CountryName":"Denmark","Type of Animal":"Pork"},"geometry":{"type":"Point","coordinates":[9.914676968,56.91477015]}},{"type":"Feature","properties":{"CountryName":"Denmark","Type of Animal":"Pork"},"geometry":{"type":"Point","coordinates":[11.94901653,55.57226204]}},{"type":"Feature","properties":{"CountryName":"Denmark","Type of Animal":"Pork"},"geometry":{"type":"Point","coordinates":[9.663880536,54.95303469]}},{"type":"Feature","properties":{"CountryName":"Denmark","Type of Animal":"Pork"},"geometry":{"type":"Point","coordinates":[9.649064968,54.95383344]}},{"type":"Feature","properties":{"CountryName":"Denmark","Type of Animal":"Pork"},"geometry":{"type":"Point","coordinates":[11.96725902,55.5577873]}},{"type":"Feature","properties":{"CountryName":"Denmark","Type of Animal":"Pork"},"geometry":{"type":"Point","coordinates":[9.638332006,55.00561521]}},{"type":"Feature","properties":{"CountryName":"Denmark","Type of Animal":"Pork"},"geometry":{"type":"Point","coordinates":[10.00745787,56.95145775]}},{"type":"Feature","properties":{"CountryName":"Denmark","Type of Animal":"Pork"},"geometry":{"type":"Point","coordinates":[9.96367249,54.85785484]}},{"type":"Feature","properties":{"CountryName":"Denmark","Type of Animal":"Pork"},"geometry":{"type":"Point","coordinates":[9.772263364,55.06730759]}},{"type":"Feature","properties":{"CountryName":"Denmark","Type of Animal":"Pork"},"geometry":{"type":"Point","coordinates":[9.499493486,54.94572033]}},{"type":"Feature","properties":{"CountryName":"Denmark","Type of Animal":"Pork"},"geometry":{"type":"Point","coordinates":[9.701990621,54.96688756]}},{"type":"Feature","properties":{"CountryName":"Denmark","Type of Animal":"Pork"},"geometry":{"type":"Point","coordinates":[9.51052848,54.95711389]}},{"type":"Feature","properties":{"CountryName":"Denmark","Type of Animal":"Pork"},"geometry":{"type":"Point","coordinates":[9.930714954,54.9274416]}},{"type":"Feature","properties":{"CountryName":"Denmark","Type of Animal":"Chicken"},"geometry":{"type":"Point","coordinates":[9.509467558,54.94218489]}},{"type":"Feature","properties":{"CountryName":"Denmark","Type of Animal":"Pork"},"geometry":{"type":"Point","coordinates":[9.793217884,54.95765157]}},{"type":"Feature","properties":{"CountryName":"Denmark","Type of Animal":"Pork"},"geometry":{"type":"Point","coordinates":[9.932185783,54.87378053]}},{"type":"Feature","properties":{"CountryName":"Denmark","Type of Animal":"Pork"},"geometry":{"type":"Point","coordinates":[9.665558195,54.97126068]}},{"type":"Feature","properties":{"CountryName":"Denmark","Type of Animal":"Pork"},"geometry":{"type":"Point","coordinates":[9.745373305,54.93326824]}},{"type":"Feature","properties":{"CountryName":"Denmark","Type of Animal":"Pork"},"geometry":{"type":"Point","coordinates":[9.70328801,55.02889392]}},{"type":"Feature","properties":{"CountryName":"Denmark","Type of Animal":"Pork"},"geometry":{"type":"Point","coordinates":[9.698808863,54.98145901]}},{"type":"Feature","properties":{"CountryName":"Denmark","Type of Animal":"Pork"},"geometry":{"type":"Point","coordinates":[9.698652524,54.98046455]}},{"type":"Feature","properties":{"CountryName":"Denmark","Type of Animal":"Pork"},"geometry":{"type":"Point","coordinates":[10.03984173,56.96256701]}},{"type":"Feature","properties":{"CountryName":"Denmark","Type of Animal":"Pork"},"geometry":{"type":"Point","coordinates":[9.686323289,56.94529055]}},{"type":"Feature","properties":{"CountryName":"Denmark","Type of Animal":"Pork"},"geometry":{"type":"Point","coordinates":[10.06228921,56.95947661]}},{"type":"Feature","properties":{"CountryName":"Denmark","Type of Animal":"Pork"},"geometry":{"type":"Point","coordinates":[9.505256462,56.99171007]}},{"type":"Feature","properties":{"CountryName":"Denmark","Type of Animal":"Pork"},"geometry":{"type":"Point","coordinates":[10.29696374,56.53868833]}},{"type":"Feature","properties":{"CountryName":"Denmark","Type of Animal":"Pork"},"geometry":{"type":"Point","coordinates":[8.955171674,56.54338427]}},{"type":"Feature","properties":{"CountryName":"Denmark","Type of Animal":"Pork"},"geometry":{"type":"Point","coordinates":[9.987330603,56.95191482]}},{"type":"Feature","properties":{"CountryName":"Denmark","Type of Animal":"Pork"},"geometry":{"type":"Point","coordinates":[9.498870092,54.90963597]}},{"type":"Feature","properties":{"CountryName":"Denmark","Type of Animal":"Pork"},"geometry":{"type":"Point","coordinates":[11.43585879,55.32525054]}},{"type":"Feature","properties":{"CountryName":"Denmark","Type of Animal":"Pork"},"geometry":{"type":"Point","coordinates":[9.978592925,54.92232013]}},{"type":"Feature","properties":{"CountryName":"Denmark","Type of Animal":"Pork"},"geometry":{"type":"Point","coordinates":[9.848233571,55.00829831]}},{"type":"Feature","properties":{"CountryName":"Denmark","Type of Animal":"Pork"},"geometry":{"type":"Point","coordinates":[9.561828422,54.90798896]}},{"type":"Feature","properties":{"CountryName":"Denmark","Type of Animal":"Pork"},"geometry":{"type":"Point","coordinates":[9.692397084,54.96399573]}},{"type":"Feature","properties":{"CountryName":"Denmark","Type of Animal":"Pork"},"geometry":{"type":"Point","coordinates":[9.698420258,56.17375095]}},{"type":"Feature","properties":{"CountryName":"Denmark","Type of Animal":"Pork"},"geometry":{"type":"Point","coordinates":[10.24753974,57.09181147]}},{"type":"Feature","properties":{"CountryName":"Denmark","Type of Animal":"Pork"},"geometry":{"type":"Point","coordinates":[10.0369674,54.9285776]}},{"type":"Feature","properties":{"CountryName":"Denmark","Type of Animal":"Pork"},"geometry":{"type":"Point","coordinates":[9.536482665,56.88899721]}},{"type":"Feature","properties":{"CountryName":"Denmark","Type of Animal":"Chicken"},"geometry":{"type":"Point","coordinates":[11.39308767,55.23204967]}},{"type":"Feature","properties":{"CountryName":"Denmark","Type of Animal":"Pork"},"geometry":{"type":"Point","coordinates":[12.03088443,55.24264869]}},{"type":"Feature","properties":{"CountryName":"Denmark","Type of Animal":"Pork"},"geometry":{"type":"Point","coordinates":[9.683997821,56.99315752]}},{"type":"Feature","properties":{"CountryName":"Denmark","Type of Animal":"Pork"},"geometry":{"type":"Point","coordinates":[8.801621552,56.61024224]}},{"type":"Feature","properties":{"CountryName":"Denmark","Type of Animal":"Pork"},"geometry":{"type":"Point","coordinates":[10.19591728,57.00341884]}},{"type":"Feature","properties":{"CountryName":"Denmark","Type of Animal":"Pork"},"geometry":{"type":"Point","coordinates":[9.010431919,56.64492303]}},{"type":"Feature","properties":{"CountryName":"Denmark","Type of Animal":"Pork"},"geometry":{"type":"Point","coordinates":[9.048601072,56.72176295]}},{"type":"Feature","properties":{"CountryName":"Denmark","Type of Animal":"Pork"},"geometry":{"type":"Point","coordinates":[10.35356628,57.16844126]}},{"type":"Feature","properties":{"CountryName":"Denmark","Type of Animal":"Chicken"},"geometry":{"type":"Point","coordinates":[9.437765478,56.9869582]}},{"type":"Feature","properties":{"CountryName":"Denmark","Type of Animal":"Pork"},"geometry":{"type":"Point","coordinates":[10.09495792,56.9522981]}},{"type":"Feature","properties":{"CountryName":"Denmark","Type of Animal":"Pork"},"geometry":{"type":"Point","coordinates":[9.628748771,56.94931736]}},{"type":"Feature","properties":{"CountryName":"Denmark","Type of Animal":"Pork"},"geometry":{"type":"Point","coordinates":[9.579093767,56.23548848]}},{"type":"Feature","properties":{"CountryName":"Denmark","Type of Animal":"Pork"},"geometry":{"type":"Point","coordinates":[8.726419798,56.34826354]}},{"type":"Feature","properties":{"CountryName":"Denmark","Type of Animal":"Pork"},"geometry":{"type":"Point","coordinates":[9.515172617,56.22246011]}},{"type":"Feature","properties":{"CountryName":"Denmark","Type of Animal":"Pork"},"geometry":{"type":"Point","coordinates":[9.440139736,56.20713729]}},{"type":"Feature","properties":{"CountryName":"Denmark","Type of Animal":"Pork"},"geometry":{"type":"Point","coordinates":[9.239209075,56.05055504]}},{"type":"Feature","properties":{"CountryName":"Denmark","Type of Animal":"Pork"},"geometry":{"type":"Point","coordinates":[9.431661746,55.91982792]}},{"type":"Feature","properties":{"CountryName":"Denmark","Type of Animal":"Pork"},"geometry":{"type":"Point","coordinates":[9.391960711,56.20914552]}},{"type":"Feature","properties":{"CountryName":"Denmark","Type of Animal":"Pork"},"geometry":{"type":"Point","coordinates":[9.461176196,56.19631991]}},{"type":"Feature","properties":{"CountryName":"Denmark","Type of Animal":"Chicken"},"geometry":{"type":"Point","coordinates":[9.035001808,55.98325429]}},{"type":"Feature","properties":{"CountryName":"Denmark","Type of Animal":"Pork"},"geometry":{"type":"Point","coordinates":[9.337757666,56.2397284]}},{"type":"Feature","properties":{"CountryName":"Denmark","Type of Animal":"Pork"},"geometry":{"type":"Point","coordinates":[9.393546604,56.29568761]}},{"type":"Feature","properties":{"CountryName":"Denmark","Type of Animal":"Chicken"},"geometry":{"type":"Point","coordinates":[9.419437352,56.96917348]}},{"type":"Feature","properties":{"CountryName":"Denmark","Type of Animal":"Pork"},"geometry":{"type":"Point","coordinates":[9.488297266,56.3382013]}},{"type":"Feature","properties":{"CountryName":"Denmark","Type of Animal":"Pork"},"geometry":{"type":"Point","coordinates":[9.193859297,56.47815826]}},{"type":"Feature","properties":{"CountryName":"Denmark","Type of Animal":"Pork"},"geometry":{"type":"Point","coordinates":[9.568832964,56.5093609]}},{"type":"Feature","properties":{"CountryName":"Denmark","Type of Animal":"Pork"},"geometry":{"type":"Point","coordinates":[9.6103178,56.39013848]}},{"type":"Feature","properties":{"CountryName":"Denmark","Type of Animal":"Chicken"},"geometry":{"type":"Point","coordinates":[9.398597169,57.00386798]}},{"type":"Feature","properties":{"CountryName":"Denmark","Type of Animal":"Chicken"},"geometry":{"type":"Point","coordinates":[9.422331735,56.98025151]}},{"type":"Feature","properties":{"CountryName":"Denmark","Type of Animal":"Pork"},"geometry":{"type":"Point","coordinates":[9.483156387,56.41694539]}},{"type":"Feature","properties":{"CountryName":"Denmark","Type of Animal":"Chicken"},"geometry":{"type":"Point","coordinates":[8.870069639,55.66963192]}},{"type":"Feature","properties":{"CountryName":"Denmark","Type of Animal":"Pork"},"geometry":{"type":"Point","coordinates":[8.575402986,55.71327178]}},{"type":"Feature","properties":{"CountryName":"Denmark","Type of Animal":"Pork"},"geometry":{"type":"Point","coordinates":[8.428874568,55.56489855]}},{"type":"Feature","properties":{"CountryName":"Denmark","Type of Animal":"Pork"},"geometry":{"type":"Point","coordinates":[8.467416535,55.65540893]}},{"type":"Feature","properties":{"CountryName":"Denmark","Type of Animal":"Pork"},"geometry":{"type":"Point","coordinates":[8.290138185,55.70106134]}},{"type":"Feature","properties":{"CountryName":"Denmark","Type of Animal":"Pork"},"geometry":{"type":"Point","coordinates":[10.15004831,55.44585719]}},{"type":"Feature","properties":{"CountryName":"Denmark","Type of Animal":"Chicken"},"geometry":{"type":"Point","coordinates":[9.073704151,56.44255157]}},{"type":"Feature","properties":{"CountryName":"Denmark","Type of Animal":"Pork"},"geometry":{"type":"Point","coordinates":[9.827148466,56.14578102]}},{"type":"Feature","properties":{"CountryName":"Denmark","Type of Animal":"Pork"},"geometry":{"type":"Point","coordinates":[10.14076367,55.51652408]}},{"type":"Feature","properties":{"CountryName":"Denmark","Type of Animal":"Pork"},"geometry":{"type":"Point","coordinates":[9.904694834,56.06493284]}},{"type":"Feature","properties":{"CountryName":"Denmark","Type of Animal":"Pork"},"geometry":{"type":"Point","coordinates":[9.94491234,56.13024065]}},{"type":"Feature","properties":{"CountryName":"Denmark","Type of Animal":"Pork"},"geometry":{"type":"Point","coordinates":[9.913421089,56.13310287]}},{"type":"Feature","properties":{"CountryName":"Denmark","Type of Animal":"Pork"},"geometry":{"type":"Point","coordinates":[9.88683449,56.07629329]}},{"type":"Feature","properties":{"CountryName":"Denmark","Type of Animal":"Pork"},"geometry":{"type":"Point","coordinates":[9.840117527,56.15054899]}},{"type":"Feature","properties":{"CountryName":"Denmark","Type of Animal":"Pork"},"geometry":{"type":"Point","coordinates":[9.76124351,56.14244792]}},{"type":"Feature","properties":{"CountryName":"Denmark","Type of Animal":"Pork"},"geometry":{"type":"Point","coordinates":[9.857278842,56.07789406]}},{"type":"Feature","properties":{"CountryName":"Denmark","Type of Animal":"Pork"},"geometry":{"type":"Point","coordinates":[9.766872171,56.53713795]}},{"type":"Feature","properties":{"CountryName":"Denmark","Type of Animal":"Pork"},"geometry":{"type":"Point","coordinates":[9.77508607,56.46704565]}},{"type":"Feature","properties":{"CountryName":"Denmark","Type of Animal":"Pork"},"geometry":{"type":"Point","coordinates":[9.651504196,56.48566605]}},{"type":"Feature","properties":{"CountryName":"Denmark","Type of Animal":"Pork"},"geometry":{"type":"Point","coordinates":[9.395642071,56.59793834]}},{"type":"Feature","properties":{"CountryName":"Denmark","Type of Animal":"Pork"},"geometry":{"type":"Point","coordinates":[9.872909875,56.02843713]}},{"type":"Feature","properties":{"CountryName":"Denmark","Type of Animal":"Pork"},"geometry":{"type":"Point","coordinates":[11.64681833,55.51263592]}},{"type":"Feature","properties":{"CountryName":"Denmark","Type of Animal":"Pork"},"geometry":{"type":"Point","coordinates":[8.840303066,55.87701361]}},{"type":"Feature","properties":{"CountryName":"Denmark","Type of Animal":"Pork"},"geometry":{"type":"Point","coordinates":[10.06428448,55.49299897]}},{"type":"Feature","properties":{"CountryName":"Denmark","Type of Animal":"Pork"},"geometry":{"type":"Point","coordinates":[10.23039516,55.48570748]}},{"type":"Feature","properties":{"CountryName":"Denmark","Type of Animal":"Chicken"},"geometry":{"type":"Point","coordinates":[9.533515214,56.66170085]}},{"type":"Feature","properties":{"CountryName":"Denmark","Type of Animal":"Pork"},"geometry":{"type":"Point","coordinates":[9.600189863,56.5826866]}},{"type":"Feature","properties":{"CountryName":"Denmark","Type of Animal":"Pork"},"geometry":{"type":"Point","coordinates":[8.316787882,56.20995687]}},{"type":"Feature","properties":{"CountryName":"Denmark","Type of Animal":"Pork"},"geometry":{"type":"Point","coordinates":[9.375838715,56.59368038]}},{"type":"Feature","properties":{"CountryName":"Denmark","Type of Animal":"Pork"},"geometry":{"type":"Point","coordinates":[8.34061835,56.06372302]}},{"type":"Feature","properties":{"CountryName":"Denmark","Type of Animal":"Pork"},"geometry":{"type":"Point","coordinates":[8.307636645,56.16907107]}},{"type":"Feature","properties":{"CountryName":"Denmark","Type of Animal":"Pork"},"geometry":{"type":"Point","coordinates":[8.515267665,56.03025419]}},{"type":"Feature","properties":{"CountryName":"Denmark","Type of Animal":"Pork"},"geometry":{"type":"Point","coordinates":[8.341704092,56.14874312]}},{"type":"Feature","properties":{"CountryName":"Denmark","Type of Animal":"Pork"},"geometry":{"type":"Point","coordinates":[8.494576474,56.05375494]}},{"type":"Feature","properties":{"CountryName":"Denmark","Type of Animal":"Pork"},"geometry":{"type":"Point","coordinates":[9.203393258,56.3587643]}},{"type":"Feature","properties":{"CountryName":"Denmark","Type of Animal":"Pork"},"geometry":{"type":"Point","coordinates":[11.99067458,55.34702931]}},{"type":"Feature","properties":{"CountryName":"Denmark","Type of Animal":"Pork"},"geometry":{"type":"Point","coordinates":[12.03609065,55.33379252]}},{"type":"Feature","properties":{"CountryName":"Denmark","Type of Animal":"Pork"},"geometry":{"type":"Point","coordinates":[12.09166317,55.36513514]}},{"type":"Feature","properties":{"CountryName":"Denmark","Type of Animal":"Pork"},"geometry":{"type":"Point","coordinates":[8.576210512,56.12194277]}},{"type":"Feature","properties":{"CountryName":"Denmark","Type of Animal":"Pork"},"geometry":{"type":"Point","coordinates":[8.69607351,56.68901937]}},{"type":"Feature","properties":{"CountryName":"Denmark","Type of Animal":"Pork"},"geometry":{"type":"Point","coordinates":[8.740435319,56.13236028]}},{"type":"Feature","properties":{"CountryName":"Denmark","Type of Animal":"Pork"},"geometry":{"type":"Point","coordinates":[8.715788253,56.69310618]}},{"type":"Feature","properties":{"CountryName":"Denmark","Type of Animal":"Pork"},"geometry":{"type":"Point","coordinates":[8.594467459,56.7771825]}},{"type":"Feature","properties":{"CountryName":"Denmark","Type of Animal":"Pork"},"geometry":{"type":"Point","coordinates":[8.346487741,55.98645968]}},{"type":"Feature","properties":{"CountryName":"Denmark","Type of Animal":"Pork"},"geometry":{"type":"Point","coordinates":[9.704714212,56.35879855]}},{"type":"Feature","properties":{"CountryName":"Denmark","Type of Animal":"Chicken"},"geometry":{"type":"Point","coordinates":[9.9876371,56.33482721]}},{"type":"Feature","properties":{"CountryName":"Denmark","Type of Animal":"Pork"},"geometry":{"type":"Point","coordinates":[8.362598117,56.52886714]}},{"type":"Feature","properties":{"CountryName":"Denmark","Type of Animal":"Pork"},"geometry":{"type":"Point","coordinates":[8.739758972,55.84703901]}},{"type":"Feature","properties":{"CountryName":"Denmark","Type of Animal":"Pork"},"geometry":{"type":"Point","coordinates":[10.08167864,57.2470892]}},{"type":"Feature","properties":{"CountryName":"Denmark","Type of Animal":"Pork"},"geometry":{"type":"Point","coordinates":[10.31113115,57.25056145]}},{"type":"Feature","properties":{"CountryName":"Denmark","Type of Animal":"Pork"},"geometry":{"type":"Point","coordinates":[14.78354842,55.16577576]}},{"type":"Feature","properties":{"CountryName":"Denmark","Type of Animal":"Pork"},"geometry":{"type":"Point","coordinates":[14.8182145,55.0569087]}},{"type":"Feature","properties":{"CountryName":"Denmark","Type of Animal":"Pork"},"geometry":{"type":"Point","coordinates":[14.76623205,55.21947301]}},{"type":"Feature","properties":{"CountryName":"Denmark","Type of Animal":"Pork"},"geometry":{"type":"Point","coordinates":[14.78354842,55.16577576]}},{"type":"Feature","properties":{"CountryName":"Denmark","Type of Animal":"Pork"},"geometry":{"type":"Point","coordinates":[9.239218865,56.08518012]}},{"type":"Feature","properties":{"CountryName":"Denmark","Type of Animal":"Pork"},"geometry":{"type":"Point","coordinates":[9.22478234,55.191441]}},{"type":"Feature","properties":{"CountryName":"Denmark","Type of Animal":"Pork"},"geometry":{"type":"Point","coordinates":[14.86113299,55.23243645]}},{"type":"Feature","properties":{"CountryName":"Denmark","Type of Animal":"Pork"},"geometry":{"type":"Point","coordinates":[9.509875136,54.99115678]}},{"type":"Feature","properties":{"CountryName":"Denmark","Type of Animal":"Pork"},"geometry":{"type":"Point","coordinates":[8.426087556,56.0687531]}},{"type":"Feature","properties":{"CountryName":"Denmark","Type of Animal":"Pork"},"geometry":{"type":"Point","coordinates":[8.509938604,56.20542172]}},{"type":"Feature","properties":{"CountryName":"Denmark","Type of Animal":"Pork"},"geometry":{"type":"Point","coordinates":[14.8659116,55.22115034]}},{"type":"Feature","properties":{"CountryName":"Denmark","Type of Animal":"Pork"},"geometry":{"type":"Point","coordinates":[14.98967585,55.17946841]}},{"type":"Feature","properties":{"CountryName":"Denmark","Type of Animal":"Pork"},"geometry":{"type":"Point","coordinates":[15.06943396,55.0583805]}},{"type":"Feature","properties":{"CountryName":"Denmark","Type of Animal":"Pork"},"geometry":{"type":"Point","coordinates":[15.01095204,55.02034154]}},{"type":"Feature","properties":{"CountryName":"Denmark","Type of Animal":"Pork"},"geometry":{"type":"Point","coordinates":[14.87230074,55.08058944]}},{"type":"Feature","properties":{"CountryName":"Denmark","Type of Animal":"Pork"},"geometry":{"type":"Point","coordinates":[8.509670625,56.38819512]}},{"type":"Feature","properties":{"CountryName":"Denmark","Type of Animal":"Pork"},"geometry":{"type":"Point","coordinates":[8.812260977,56.37943008]}},{"type":"Feature","properties":{"CountryName":"Denmark","Type of Animal":"Pork"},"geometry":{"type":"Point","coordinates":[14.90846305,55.03734494]}},{"type":"Feature","properties":{"CountryName":"Denmark","Type of Animal":"Pork"},"geometry":{"type":"Point","coordinates":[14.74030736,55.23414019]}},{"type":"Feature","properties":{"CountryName":"Denmark","Type of Animal":"Pork"},"geometry":{"type":"Point","coordinates":[15.00145451,55.06257036]}},{"type":"Feature","properties":{"CountryName":"Denmark","Type of Animal":"Pork"},"geometry":{"type":"Point","coordinates":[14.96410968,55.04237304]}},{"type":"Feature","properties":{"CountryName":"Denmark","Type of Animal":"Pork"},"geometry":{"type":"Point","coordinates":[15.00872853,55.12725199]}},{"type":"Feature","properties":{"CountryName":"Denmark","Type of Animal":"Pork"},"geometry":{"type":"Point","coordinates":[14.77616321,55.1793212]}},{"type":"Feature","properties":{"CountryName":"Denmark","Type of Animal":"Pork"},"geometry":{"type":"Point","coordinates":[14.78474599,55.06958418]}},{"type":"Feature","properties":{"CountryName":"Denmark","Type of Animal":"Pork"},"geometry":{"type":"Point","coordinates":[14.81260565,55.10307267]}},{"type":"Feature","properties":{"CountryName":"Denmark","Type of Animal":"Chicken"},"geometry":{"type":"Point","coordinates":[9.613719743,57.12143676]}},{"type":"Feature","properties":{"CountryName":"Denmark","Type of Animal":"Pork"},"geometry":{"type":"Point","coordinates":[9.689501522,57.25207574]}},{"type":"Feature","properties":{"CountryName":"Denmark","Type of Animal":"Pork"},"geometry":{"type":"Point","coordinates":[14.81309323,55.24132407]}},{"type":"Feature","properties":{"CountryName":"Denmark","Type of Animal":"Pork"},"geometry":{"type":"Point","coordinates":[8.597998659,56.32118241]}},{"type":"Feature","properties":{"CountryName":"Denmark","Type of Animal":"Pork"},"geometry":{"type":"Point","coordinates":[14.74496085,55.14025589]}},{"type":"Feature","properties":{"CountryName":"Denmark","Type of Animal":"Pork"},"geometry":{"type":"Point","coordinates":[15.12262517,55.09369369]}},{"type":"Feature","properties":{"CountryName":"Denmark","Type of Animal":"Pork"},"geometry":{"type":"Point","coordinates":[14.77616321,55.1793212]}},{"type":"Feature","properties":{"CountryName":"Denmark","Type of Animal":"Pork"},"geometry":{"type":"Point","coordinates":[8.235272525,56.24479778]}},{"type":"Feature","properties":{"CountryName":"Denmark","Type of Animal":"Pork"},"geometry":{"type":"Point","coordinates":[8.324186832,56.14311644]}},{"type":"Feature","properties":{"CountryName":"Denmark","Type of Animal":"Pork"},"geometry":{"type":"Point","coordinates":[9.362206688,55.47740556]}},{"type":"Feature","properties":{"CountryName":"Denmark","Type of Animal":"Pork"},"geometry":{"type":"Point","coordinates":[8.660165568,56.01182922]}},{"type":"Feature","properties":{"CountryName":"Denmark","Type of Animal":"Pork"},"geometry":{"type":"Point","coordinates":[8.534453404,56.85058848]}},{"type":"Feature","properties":{"CountryName":"Denmark","Type of Animal":"Pork"},"geometry":{"type":"Point","coordinates":[8.372867801,56.32872994]}},{"type":"Feature","properties":{"CountryName":"Denmark","Type of Animal":"Pork"},"geometry":{"type":"Point","coordinates":[9.430555684,55.44657668]}},{"type":"Feature","properties":{"CountryName":"Denmark","Type of Animal":"Chicken"},"geometry":{"type":"Point","coordinates":[8.775975071,56.44459572]}},{"type":"Feature","properties":{"CountryName":"Denmark","Type of Animal":"Pork"},"geometry":{"type":"Point","coordinates":[8.311308692,56.06796001]}},{"type":"Feature","properties":{"CountryName":"Denmark","Type of Animal":"Pork"},"geometry":{"type":"Point","coordinates":[8.412024281,56.12093963]}},{"type":"Feature","properties":{"CountryName":"Denmark","Type of Animal":"Pork"},"geometry":{"type":"Point","coordinates":[10.19164031,55.24593607]}},{"type":"Feature","properties":{"CountryName":"Denmark","Type of Animal":"Pork"},"geometry":{"type":"Point","coordinates":[8.859135575,56.44399526]}},{"type":"Feature","properties":{"CountryName":"Denmark","Type of Animal":"Pork"},"geometry":{"type":"Point","coordinates":[8.712023422,56.9929789]}},{"type":"Feature","properties":{"CountryName":"Denmark","Type of Animal":"Chicken"},"geometry":{"type":"Point","coordinates":[8.577481016,55.82829537]}},{"type":"Feature","properties":{"CountryName":"Denmark","Type of Animal":"Chicken"},"geometry":{"type":"Point","coordinates":[8.79313036,55.60951791]}},{"type":"Feature","properties":{"CountryName":"Denmark","Type of Animal":"Pork"},"geometry":{"type":"Point","coordinates":[8.281989288,55.75608708]}},{"type":"Feature","properties":{"CountryName":"Denmark","Type of Animal":"Pork"},"geometry":{"type":"Point","coordinates":[8.352771922,55.66940908]}},{"type":"Feature","properties":{"CountryName":"Denmark","Type of Animal":"Pork"},"geometry":{"type":"Point","coordinates":[8.713114671,55.81480321]}},{"type":"Feature","properties":{"CountryName":"Denmark","Type of Animal":"Pork"},"geometry":{"type":"Point","coordinates":[8.419772999,55.65903708]}},{"type":"Feature","properties":{"CountryName":"Denmark","Type of Animal":"Pork"},"geometry":{"type":"Point","coordinates":[8.558457087,55.82432607]}},{"type":"Feature","properties":{"CountryName":"Denmark","Type of Animal":"Pork"},"geometry":{"type":"Point","coordinates":[8.594551656,55.61100188]}},{"type":"Feature","properties":{"CountryName":"Denmark","Type of Animal":"Chicken"},"geometry":{"type":"Point","coordinates":[8.705845189,55.80738793]}},{"type":"Feature","properties":{"CountryName":"Denmark","Type of Animal":"Pork"},"geometry":{"type":"Point","coordinates":[10.18110882,55.31576236]}},{"type":"Feature","properties":{"CountryName":"Denmark","Type of Animal":"Pork"},"geometry":{"type":"Point","coordinates":[8.693366863,55.71107696]}},{"type":"Feature","properties":{"CountryName":"Denmark","Type of Animal":"Pork"},"geometry":{"type":"Point","coordinates":[8.605093154,55.77601503]}},{"type":"Feature","properties":{"CountryName":"Denmark","Type of Animal":"Pork"},"geometry":{"type":"Point","coordinates":[8.532552099,55.8019986]}},{"type":"Feature","properties":{"CountryName":"Denmark","Type of Animal":"Chicken"},"geometry":{"type":"Point","coordinates":[10.06987072,55.36387001]}},{"type":"Feature","properties":{"CountryName":"Denmark","Type of Animal":"Pork"},"geometry":{"type":"Point","coordinates":[8.497202069,56.49074863]}},{"type":"Feature","properties":{"CountryName":"Denmark","Type of Animal":"Pork"},"geometry":{"type":"Point","coordinates":[10.89731503,55.03917246]}},{"type":"Feature","properties":{"CountryName":"Denmark","Type of Animal":"Pork"},"geometry":{"type":"Point","coordinates":[10.57581529,54.99729244]}},{"type":"Feature","properties":{"CountryName":"Denmark","Type of Animal":"Pork"},"geometry":{"type":"Point","coordinates":[8.994264405,57.02730503]}},{"type":"Feature","properties":{"CountryName":"Denmark","Type of Animal":"Pork"},"geometry":{"type":"Point","coordinates":[8.794130613,56.82637473]}},{"type":"Feature","properties":{"CountryName":"Denmark","Type of Animal":"Pork"},"geometry":{"type":"Point","coordinates":[10.19602287,57.38969693]}},{"type":"Feature","properties":{"CountryName":"Denmark","Type of Animal":"Pork"},"geometry":{"type":"Point","coordinates":[9.620657686,54.97992136]}},{"type":"Feature","properties":{"CountryName":"Denmark","Type of Animal":"Pork"},"geometry":{"type":"Point","coordinates":[9.062995656,55.27202967]}},{"type":"Feature","properties":{"CountryName":"Denmark","Type of Animal":"Pork"},"geometry":{"type":"Point","coordinates":[8.697423689,56.71128036]}},{"type":"Feature","properties":{"CountryName":"Denmark","Type of Animal":"Pork"},"geometry":{"type":"Point","coordinates":[9.562253342,56.65723911]}},{"type":"Feature","properties":{"CountryName":"Denmark","Type of Animal":"Pork"},"geometry":{"type":"Point","coordinates":[8.609324535,56.74036098]}},{"type":"Feature","properties":{"CountryName":"Denmark","Type of Animal":"Pork"},"geometry":{"type":"Point","coordinates":[9.637561632,54.96602433]}},{"type":"Feature","properties":{"CountryName":"Denmark","Type of Animal":"Pork"},"geometry":{"type":"Point","coordinates":[10.17279709,56.78422776]}},{"type":"Feature","properties":{"CountryName":"Denmark","Type of Animal":"Pork"},"geometry":{"type":"Point","coordinates":[10.23496124,56.75890856]}},{"type":"Feature","properties":{"CountryName":"Denmark","Type of Animal":"Pork"},"geometry":{"type":"Point","coordinates":[9.386659359,55.44849254]}},{"type":"Feature","properties":{"CountryName":"Denmark","Type of Animal":"Chicken"},"geometry":{"type":"Point","coordinates":[10.21169394,56.78095453]}},{"type":"Feature","properties":{"CountryName":"Denmark","Type of Animal":"Pork"},"geometry":{"type":"Point","coordinates":[9.840525453,56.68559843]}},{"type":"Feature","properties":{"CountryName":"Denmark","Type of Animal":"Pork"},"geometry":{"type":"Point","coordinates":[10.14796679,55.54924906]}},{"type":"Feature","properties":{"CountryName":"Denmark","Type of Animal":"Pork"},"geometry":{"type":"Point","coordinates":[12.09874326,55.5554242]}},{"type":"Feature","properties":{"CountryName":"Denmark","Type of Animal":"Pork"},"geometry":{"type":"Point","coordinates":[12.05537696,55.53469053]}},{"type":"Feature","properties":{"CountryName":"Denmark","Type of Animal":"Chicken"},"geometry":{"type":"Point","coordinates":[9.870938044,56.60500094]}},{"type":"Feature","properties":{"CountryName":"Denmark","Type of Animal":"Pork"},"geometry":{"type":"Point","coordinates":[9.714337654,56.78161462]}},{"type":"Feature","properties":{"CountryName":"Denmark","Type of Animal":"Pork"},"geometry":{"type":"Point","coordinates":[9.581763426,55.39209988]}},{"type":"Feature","properties":{"CountryName":"Denmark","Type of Animal":"Chicken"},"geometry":{"type":"Point","coordinates":[8.971950483,55.35298534]}},{"type":"Feature","properties":{"CountryName":"Denmark","Type of Animal":"Pork"},"geometry":{"type":"Point","coordinates":[9.896139192,57.4664445]}},{"type":"Feature","properties":{"CountryName":"Denmark","Type of Animal":"Pork"},"geometry":{"type":"Point","coordinates":[9.067623956,55.34332096]}},{"type":"Feature","properties":{"CountryName":"Denmark","Type of Animal":"Pork"},"geometry":{"type":"Point","coordinates":[8.938180486,55.39732429]}},{"type":"Feature","properties":{"CountryName":"Denmark","Type of Animal":"Pork"},"geometry":{"type":"Point","coordinates":[8.963163501,55.38721083]}},{"type":"Feature","properties":{"CountryName":"Denmark","Type of Animal":"Pork"},"geometry":{"type":"Point","coordinates":[9.181988421,55.37798672]}},{"type":"Feature","properties":{"CountryName":"Denmark","Type of Animal":"Pork"},"geometry":{"type":"Point","coordinates":[9.11036324,55.40202161]}},{"type":"Feature","properties":{"CountryName":"Denmark","Type of Animal":"Chicken"},"geometry":{"type":"Point","coordinates":[9.015174434,55.40394661]}},{"type":"Feature","properties":{"CountryName":"Denmark","Type of Animal":"Pork"},"geometry":{"type":"Point","coordinates":[9.146459804,55.32036177]}},{"type":"Feature","properties":{"CountryName":"Denmark","Type of Animal":"Pork"},"geometry":{"type":"Point","coordinates":[9.124682902,55.32415823]}},{"type":"Feature","properties":{"CountryName":"Denmark","Type of Animal":"Pork"},"geometry":{"type":"Point","coordinates":[11.51352718,55.6853946]}},{"type":"Feature","properties":{"CountryName":"Denmark","Type of Animal":"Pork"},"geometry":{"type":"Point","coordinates":[11.73921957,55.65368765]}},{"type":"Feature","properties":{"CountryName":"Denmark","Type of Animal":"Pork"},"geometry":{"type":"Point","coordinates":[11.76956298,55.55730646]}},{"type":"Feature","properties":{"CountryName":"Denmark","Type of Animal":"Pork"},"geometry":{"type":"Point","coordinates":[11.55606006,55.76714997]}},{"type":"Feature","properties":{"CountryName":"Denmark","Type of Animal":"Pork"},"geometry":{"type":"Point","coordinates":[11.796766,55.59549684]}},{"type":"Feature","properties":{"CountryName":"Denmark","Type of Animal":"Pork"},"geometry":{"type":"Point","coordinates":[11.4230683,55.60795151]}},{"type":"Feature","properties":{"CountryName":"Denmark","Type of Animal":"Pork"},"geometry":{"type":"Point","coordinates":[11.51606708,55.68880386]}},{"type":"Feature","properties":{"CountryName":"Denmark","Type of Animal":"Pork"},"geometry":{"type":"Point","coordinates":[8.589497488,56.0361489]}},{"type":"Feature","properties":{"CountryName":"Denmark","Type of Animal":"Pork"},"geometry":{"type":"Point","coordinates":[11.4089565,55.7048279]}},{"type":"Feature","properties":{"CountryName":"Denmark","Type of Animal":"Pork"},"geometry":{"type":"Point","coordinates":[8.271531319,56.54585529]}},{"type":"Feature","properties":{"CountryName":"Denmark","Type of Animal":"Pork"},"geometry":{"type":"Point","coordinates":[9.642131455,56.88063117]}},{"type":"Feature","properties":{"CountryName":"Denmark","Type of Animal":"Pork"},"geometry":{"type":"Point","coordinates":[8.720046818,56.71226148]}},{"type":"Feature","properties":{"CountryName":"Denmark","Type of Animal":"Pork"},"geometry":{"type":"Point","coordinates":[10.28829834,57.4014596]}},{"type":"Feature","properties":{"CountryName":"Denmark","Type of Animal":"Chicken"},"geometry":{"type":"Point","coordinates":[9.599533812,54.99480902]}},{"type":"Feature","properties":{"CountryName":"Denmark","Type of Animal":"Pork"},"geometry":{"type":"Point","coordinates":[9.142022759,55.09193315]}},{"type":"Feature","properties":{"CountryName":"Denmark","Type of Animal":"Pork"},"geometry":{"type":"Point","coordinates":[9.854429594,55.50221501]}},{"type":"Feature","properties":{"CountryName":"Denmark","Type of Animal":"Pork"},"geometry":{"type":"Point","coordinates":[9.558268173,55.01983846]}},{"type":"Feature","properties":{"CountryName":"Denmark","Type of Animal":"Pork"},"geometry":{"type":"Point","coordinates":[9.405422555,55.00972282]}},{"type":"Feature","properties":{"CountryName":"Denmark","Type of Animal":"Pork"},"geometry":{"type":"Point","coordinates":[10.09739082,57.39375672]}},{"type":"Feature","properties":{"CountryName":"Denmark","Type of Animal":"Pork"},"geometry":{"type":"Point","coordinates":[8.725687837,56.879919]}},{"type":"Feature","properties":{"CountryName":"Denmark","Type of Animal":"Pork"},"geometry":{"type":"Point","coordinates":[10.15964227,57.33033394]}},{"type":"Feature","properties":{"CountryName":"Denmark","Type of Animal":"Pork"},"geometry":{"type":"Point","coordinates":[10.08662417,57.39960451]}},{"type":"Feature","properties":{"CountryName":"Denmark","Type of Animal":"Pork"},"geometry":{"type":"Point","coordinates":[9.255100159,55.49020297]}},{"type":"Feature","properties":{"CountryName":"Denmark","Type of Animal":"Pork"},"geometry":{"type":"Point","coordinates":[9.937286487,56.82558555]}},{"type":"Feature","properties":{"CountryName":"Denmark","Type of Animal":"Pork"},"geometry":{"type":"Point","coordinates":[9.223793179,55.0284146]}},{"type":"Feature","properties":{"CountryName":"Denmark","Type of Animal":"Pork"},"geometry":{"type":"Point","coordinates":[9.710697302,56.76532847]}},{"type":"Feature","properties":{"CountryName":"Denmark","Type of Animal":"Pork"},"geometry":{"type":"Point","coordinates":[8.43741145,56.78364384]}},{"type":"Feature","properties":{"CountryName":"Denmark","Type of Animal":"Pork"},"geometry":{"type":"Point","coordinates":[9.381690152,55.14897197]}},{"type":"Feature","properties":{"CountryName":"Denmark","Type of Animal":"Pork"},"geometry":{"type":"Point","coordinates":[10.02762979,56.94628175]}},{"type":"Feature","properties":{"CountryName":"Denmark","Type of Animal":"Chicken"},"geometry":{"type":"Point","coordinates":[9.959329442,56.86720729]}},{"type":"Feature","properties":{"CountryName":"Denmark","Type of Animal":"Chicken"},"geometry":{"type":"Point","coordinates":[9.14908117,55.60604987]}},{"type":"Feature","properties":{"CountryName":"Denmark","Type of Animal":"Chicken"},"geometry":{"type":"Point","coordinates":[9.23575958,55.49303211]}},{"type":"Feature","properties":{"CountryName":"Denmark","Type of Animal":"Pork"},"geometry":{"type":"Point","coordinates":[9.606925284,55.95131533]}},{"type":"Feature","properties":{"CountryName":"Denmark","Type of Animal":"Pork"},"geometry":{"type":"Point","coordinates":[8.469107486,56.70375639]}},{"type":"Feature","properties":{"CountryName":"Denmark","Type of Animal":"Pork"},"geometry":{"type":"Point","coordinates":[8.531130817,55.99050924]}},{"type":"Feature","properties":{"CountryName":"Denmark","Type of Animal":"Pork"},"geometry":{"type":"Point","coordinates":[9.992881441,55.31155088]}},{"type":"Feature","properties":{"CountryName":"Denmark","Type of Animal":"Pork"},"geometry":{"type":"Point","coordinates":[9.980068351,55.28123866]}},{"type":"Feature","properties":{"CountryName":"Denmark","Type of Animal":"Pork"},"geometry":{"type":"Point","coordinates":[9.83167225,56.85453842]}},{"type":"Feature","properties":{"CountryName":"Denmark","Type of Animal":"Pork"},"geometry":{"type":"Point","coordinates":[10.16140364,55.27608832]}},{"type":"Feature","properties":{"CountryName":"Denmark","Type of Animal":"Pork"},"geometry":{"type":"Point","coordinates":[9.84021159,57.34306124]}},{"type":"Feature","properties":{"CountryName":"Denmark","Type of Animal":"Pork"},"geometry":{"type":"Point","coordinates":[10.14531219,55.2837854]}},{"type":"Feature","properties":{"CountryName":"Denmark","Type of Animal":"Pork"},"geometry":{"type":"Point","coordinates":[9.994878951,56.94860006]}},{"type":"Feature","properties":{"CountryName":"Denmark","Type of Animal":"Pork"},"geometry":{"type":"Point","coordinates":[9.874824411,56.95079279]}},{"type":"Feature","properties":{"CountryName":"Denmark","Type of Animal":"Pork"},"geometry":{"type":"Point","coordinates":[8.241887311,56.46703383]}},{"type":"Feature","properties":{"CountryName":"Denmark","Type of Animal":"Pork"},"geometry":{"type":"Point","coordinates":[10.36856564,57.35760132]}},{"type":"Feature","properties":{"CountryName":"Denmark","Type of Animal":"Pork"},"geometry":{"type":"Point","coordinates":[9.683882402,56.83786147]}},{"type":"Feature","properties":{"CountryName":"Denmark","Type of Animal":"Pork"},"geometry":{"type":"Point","coordinates":[10.34276877,57.3747589]}},{"type":"Feature","properties":{"CountryName":"Denmark","Type of Animal":"Pork"},"geometry":{"type":"Point","coordinates":[9.243163541,55.5018542]}},{"type":"Feature","properties":{"CountryName":"Denmark","Type of Animal":"Pork"},"geometry":{"type":"Point","coordinates":[10.33100036,57.30532687]}},{"type":"Feature","properties":{"CountryName":"Denmark","Type of Animal":"Pork"},"geometry":{"type":"Point","coordinates":[9.755035348,56.87790441]}},{"type":"Feature","properties":{"CountryName":"Denmark","Type of Animal":"Pork"},"geometry":{"type":"Point","coordinates":[10.4247976,57.38341252]}},{"type":"Feature","properties":{"CountryName":"Denmark","Type of Animal":"Pork"},"geometry":{"type":"Point","coordinates":[10.38200506,57.27298694]}},{"type":"Feature","properties":{"CountryName":"Denmark","Type of Animal":"Pork"},"geometry":{"type":"Point","coordinates":[10.39012325,57.3704936]}},{"type":"Feature","properties":{"CountryName":"Denmark","Type of Animal":"Pork"},"geometry":{"type":"Point","coordinates":[10.47475122,57.37054263]}},{"type":"Feature","properties":{"CountryName":"Denmark","Type of Animal":"Pork"},"geometry":{"type":"Point","coordinates":[9.83167225,56.85453842]}},{"type":"Feature","properties":{"CountryName":"Denmark","Type of Animal":"Pork"},"geometry":{"type":"Point","coordinates":[8.961064084,55.58636044]}},{"type":"Feature","properties":{"CountryName":"Denmark","Type of Animal":"Pork"},"geometry":{"type":"Point","coordinates":[10.01134306,55.25420337]}},{"type":"Feature","properties":{"CountryName":"Denmark","Type of Animal":"Pork"},"geometry":{"type":"Point","coordinates":[9.102539686,55.34097398]}},{"type":"Feature","properties":{"CountryName":"Denmark","Type of Animal":"Pork"},"geometry":{"type":"Point","coordinates":[8.837878239,56.90033374]}},{"type":"Feature","properties":{"CountryName":"Denmark","Type of Animal":"Pork"},"geometry":{"type":"Point","coordinates":[8.797731278,56.7997685]}},{"type":"Feature","properties":{"CountryName":"Denmark","Type of Animal":"Chicken"},"geometry":{"type":"Point","coordinates":[8.845455914,56.91187536]}},{"type":"Feature","properties":{"CountryName":"Denmark","Type of Animal":"Pork"},"geometry":{"type":"Point","coordinates":[8.600449876,56.78438218]}},{"type":"Feature","properties":{"CountryName":"Denmark","Type of Animal":"Pork"},"geometry":{"type":"Point","coordinates":[8.847597079,56.90365823]}},{"type":"Feature","properties":{"CountryName":"Denmark","Type of Animal":"Pork"},"geometry":{"type":"Point","coordinates":[8.654447612,56.72003408]}},{"type":"Feature","properties":{"CountryName":"Denmark","Type of Animal":"Pork"},"geometry":{"type":"Point","coordinates":[9.283659299,54.91400801]}},{"type":"Feature","properties":{"CountryName":"Denmark","Type of Animal":"Pork"},"geometry":{"type":"Point","coordinates":[8.704484719,56.29557361]}},{"type":"Feature","properties":{"CountryName":"Denmark","Type of Animal":"Pork"},"geometry":{"type":"Point","coordinates":[8.762807267,56.42240959]}},{"type":"Feature","properties":{"CountryName":"Denmark","Type of Animal":"Pork"},"geometry":{"type":"Point","coordinates":[8.802834958,56.81564725]}},{"type":"Feature","properties":{"CountryName":"Denmark","Type of Animal":"Pork"},"geometry":{"type":"Point","coordinates":[8.769411864,56.85296798]}},{"type":"Feature","properties":{"CountryName":"Denmark","Type of Animal":"Chicken"},"geometry":{"type":"Point","coordinates":[8.630753867,56.39275654]}},{"type":"Feature","properties":{"CountryName":"Denmark","Type of Animal":"Pork"},"geometry":{"type":"Point","coordinates":[8.772349433,56.75327958]}},{"type":"Feature","properties":{"CountryName":"Denmark","Type of Animal":"Pork"},"geometry":{"type":"Point","coordinates":[8.647862211,56.32340527]}},{"type":"Feature","properties":{"CountryName":"Denmark","Type of Animal":"Chicken"},"geometry":{"type":"Point","coordinates":[8.755404161,56.46217378]}},{"type":"Feature","properties":{"CountryName":"Denmark","Type of Animal":"Pork"},"geometry":{"type":"Point","coordinates":[9.125907311,55.53238757]}},{"type":"Feature","properties":{"CountryName":"Denmark","Type of Animal":"Pork"},"geometry":{"type":"Point","coordinates":[8.270312397,56.23163139]}},{"type":"Feature","properties":{"CountryName":"Denmark","Type of Animal":"Pork"},"geometry":{"type":"Point","coordinates":[9.163048036,55.60548236]}},{"type":"Feature","properties":{"CountryName":"Denmark","Type of Animal":"Pork"},"geometry":{"type":"Point","coordinates":[8.210061547,56.59281651]}},{"type":"Feature","properties":{"CountryName":"Denmark","Type of Animal":"Pork"},"geometry":{"type":"Point","coordinates":[9.23011601,55.52791345]}},{"type":"Feature","properties":{"CountryName":"Denmark","Type of Animal":"Pork"},"geometry":{"type":"Point","coordinates":[10.23128142,56.3094053]}},{"type":"Feature","properties":{"CountryName":"Denmark","Type of Animal":"Pork"},"geometry":{"type":"Point","coordinates":[10.25751162,56.3083915]}},{"type":"Feature","properties":{"CountryName":"Denmark","Type of Animal":"Pork"},"geometry":{"type":"Point","coordinates":[9.310507469,57.11123083]}},{"type":"Feature","properties":{"CountryName":"Denmark","Type of Animal":"Pork"},"geometry":{"type":"Point","coordinates":[10.21724275,56.3208565]}},{"type":"Feature","properties":{"CountryName":"Denmark","Type of Animal":"Pork"},"geometry":{"type":"Point","coordinates":[8.876173762,56.89068607]}},{"type":"Feature","properties":{"CountryName":"Denmark","Type of Animal":"Pork"},"geometry":{"type":"Point","coordinates":[8.729280714,56.74100732]}},{"type":"Feature","properties":{"CountryName":"Denmark","Type of Animal":"Pork"},"geometry":{"type":"Point","coordinates":[8.656344891,56.71281523]}},{"type":"Feature","properties":{"CountryName":"Denmark","Type of Animal":"Pork"},"geometry":{"type":"Point","coordinates":[10.15214043,56.04676049]}},{"type":"Feature","properties":{"CountryName":"Denmark","Type of Animal":"Pork"},"geometry":{"type":"Point","coordinates":[10.19289892,56.28387639]}},{"type":"Feature","properties":{"CountryName":"Denmark","Type of Animal":"Pork"},"geometry":{"type":"Point","coordinates":[9.738381181,57.27752801]}},{"type":"Feature","properties":{"CountryName":"Denmark","Type of Animal":"Pork"},"geometry":{"type":"Point","coordinates":[9.193033716,57.04653476]}},{"type":"Feature","properties":{"CountryName":"Denmark","Type of Animal":"Pork"},"geometry":{"type":"Point","coordinates":[9.284045719,54.85300298]}},{"type":"Feature","properties":{"CountryName":"Denmark","Type of Animal":"Chicken"},"geometry":{"type":"Point","coordinates":[9.519382478,57.14133569]}},{"type":"Feature","properties":{"CountryName":"Denmark","Type of Animal":"Pork"},"geometry":{"type":"Point","coordinates":[9.342423335,54.91987912]}},{"type":"Feature","properties":{"CountryName":"Denmark","Type of Animal":"Chicken"},"geometry":{"type":"Point","coordinates":[9.139293912,57.04656742]}},{"type":"Feature","properties":{"CountryName":"Denmark","Type of Animal":"Pork"},"geometry":{"type":"Point","coordinates":[9.772135981,57.28003231]}},{"type":"Feature","properties":{"CountryName":"Denmark","Type of Animal":"Pork"},"geometry":{"type":"Point","coordinates":[10.15855305,55.4538028]}},{"type":"Feature","properties":{"CountryName":"Denmark","Type of Animal":"Chicken"},"geometry":{"type":"Point","coordinates":[9.225976421,57.07669896]}},{"type":"Feature","properties":{"CountryName":"Denmark","Type of Animal":"Pork"},"geometry":{"type":"Point","coordinates":[9.506855459,54.96219937]}},{"type":"Feature","properties":{"CountryName":"Denmark","Type of Animal":"Pork"},"geometry":{"type":"Point","coordinates":[11.94575647,55.76694536]}},{"type":"Feature","properties":{"CountryName":"Denmark","Type of Animal":"Pork"},"geometry":{"type":"Point","coordinates":[9.010078345,55.57838263]}},{"type":"Feature","properties":{"CountryName":"Denmark","Type of Animal":"Pork"},"geometry":{"type":"Point","coordinates":[9.213690242,55.03996472]}},{"type":"Feature","properties":{"CountryName":"Denmark","Type of Animal":"Pork"},"geometry":{"type":"Point","coordinates":[10.20339645,55.21511454]}},{"type":"Feature","properties":{"CountryName":"Denmark","Type of Animal":"Pork"},"geometry":{"type":"Point","coordinates":[8.952928122,56.10546828]}},{"type":"Feature","properties":{"CountryName":"Denmark","Type of Animal":"Pork"},"geometry":{"type":"Point","coordinates":[9.246440411,54.83737855]}},{"type":"Feature","properties":{"CountryName":"Denmark","Type of Animal":"Pork"},"geometry":{"type":"Point","coordinates":[8.751240406,56.70877699]}},{"type":"Feature","properties":{"CountryName":"Denmark","Type of Animal":"Pork"},"geometry":{"type":"Point","coordinates":[9.585945187,55.0173333]}},{"type":"Feature","properties":{"CountryName":"Denmark","Type of Animal":"Chicken"},"geometry":{"type":"Point","coordinates":[9.292255682,55.1267042]}},{"type":"Feature","properties":{"CountryName":"Denmark","Type of Animal":"Pork"},"geometry":{"type":"Point","coordinates":[8.959506332,55.55412463]}},{"type":"Feature","properties":{"CountryName":"Denmark","Type of Animal":"Pork"},"geometry":{"type":"Point","coordinates":[9.066159975,55.53092212]}},{"type":"Feature","properties":{"CountryName":"Denmark","Type of Animal":"Pork"},"geometry":{"type":"Point","coordinates":[9.005344168,55.44671522]}},{"type":"Feature","properties":{"CountryName":"Denmark","Type of Animal":"Pork"},"geometry":{"type":"Point","coordinates":[9.710145604,56.73688851]}},{"type":"Feature","properties":{"CountryName":"Denmark","Type of Animal":"Pork"},"geometry":{"type":"Point","coordinates":[9.685878839,56.72049096]}},{"type":"Feature","properties":{"CountryName":"Denmark","Type of Animal":"Pork"},"geometry":{"type":"Point","coordinates":[9.51247665,54.96832525]}},{"type":"Feature","properties":{"CountryName":"Denmark","Type of Animal":"Pork"},"geometry":{"type":"Point","coordinates":[9.433069202,55.14660812]}},{"type":"Feature","properties":{"CountryName":"Denmark","Type of Animal":"Pork"},"geometry":{"type":"Point","coordinates":[10.55017957,55.78202399]}},{"type":"Feature","properties":{"CountryName":"Denmark","Type of Animal":"Pork"},"geometry":{"type":"Point","coordinates":[8.731987381,56.74949568]}},{"type":"Feature","properties":{"CountryName":"Denmark","Type of Animal":"Pork"},"geometry":{"type":"Point","coordinates":[10.60803031,55.78020413]}},{"type":"Feature","properties":{"CountryName":"Denmark","Type of Animal":"Pork"},"geometry":{"type":"Point","coordinates":[10.60395429,55.8482188]}},{"type":"Feature","properties":{"CountryName":"Denmark","Type of Animal":"Pork"},"geometry":{"type":"Point","coordinates":[8.80337769,57.04274664]}},{"type":"Feature","properties":{"CountryName":"Denmark","Type of Animal":"Pork"},"geometry":{"type":"Point","coordinates":[11.67452884,54.7402931]}},{"type":"Feature","properties":{"CountryName":"Denmark","Type of Animal":"Pork"},"geometry":{"type":"Point","coordinates":[9.042856844,54.95157619]}},{"type":"Feature","properties":{"CountryName":"Denmark","Type of Animal":"Pork"},"geometry":{"type":"Point","coordinates":[9.880558929,57.38607448]}},{"type":"Feature","properties":{"CountryName":"Denmark","Type of Animal":"Chicken"},"geometry":{"type":"Point","coordinates":[9.242226032,54.85836947]}},{"type":"Feature","properties":{"CountryName":"Denmark","Type of Animal":"Pork"},"geometry":{"type":"Point","coordinates":[10.74148317,56.48575493]}},{"type":"Feature","properties":{"CountryName":"Denmark","Type of Animal":"Chicken"},"geometry":{"type":"Point","coordinates":[9.562480789,54.98152954]}},{"type":"Feature","properties":{"CountryName":"Denmark","Type of Animal":"Pork"},"geometry":{"type":"Point","coordinates":[9.580895369,54.97933762]}},{"type":"Feature","properties":{"CountryName":"Denmark","Type of Animal":"Pork"},"geometry":{"type":"Point","coordinates":[9.335269281,54.81131165]}},{"type":"Feature","properties":{"CountryName":"Denmark","Type of Animal":"Pork"},"geometry":{"type":"Point","coordinates":[11.64557614,54.68310846]}},{"type":"Feature","properties":{"CountryName":"Denmark","Type of Animal":"Pork"},"geometry":{"type":"Point","coordinates":[8.723867983,56.80995508]}},{"type":"Feature","properties":{"CountryName":"Denmark","Type of Animal":"Pork"},"geometry":{"type":"Point","coordinates":[8.748357783,56.80354579]}},{"type":"Feature","properties":{"CountryName":"Denmark","Type of Animal":"Chicken"},"geometry":{"type":"Point","coordinates":[10.58820325,55.17080415]}},{"type":"Feature","properties":{"CountryName":"Denmark","Type of Animal":"Pork"},"geometry":{"type":"Point","coordinates":[8.547302946,55.74665955]}},{"type":"Feature","properties":{"CountryName":"Denmark","Type of Animal":"Pork"},"geometry":{"type":"Point","coordinates":[11.66646191,54.89280048]}},{"type":"Feature","properties":{"CountryName":"Denmark","Type of Animal":"Pork"},"geometry":{"type":"Point","coordinates":[11.64519975,54.8995559]}},{"type":"Feature","properties":{"CountryName":"Denmark","Type of Animal":"Pork"},"geometry":{"type":"Point","coordinates":[11.70317201,54.81090387]}},{"type":"Feature","properties":{"CountryName":"Denmark","Type of Animal":"Pork"},"geometry":{"type":"Point","coordinates":[9.821886175,55.73544611]}},{"type":"Feature","properties":{"CountryName":"Denmark","Type of Animal":"Pork"},"geometry":{"type":"Point","coordinates":[8.76944225,56.81007265]}},{"type":"Feature","properties":{"CountryName":"Denmark","Type of Animal":"Pork"},"geometry":{"type":"Point","coordinates":[9.111371428,55.021755]}},{"type":"Feature","properties":{"CountryName":"Denmark","Type of Animal":"Pork"},"geometry":{"type":"Point","coordinates":[8.675957828,56.83374202]}},{"type":"Feature","properties":{"CountryName":"Denmark","Type of Animal":"Pork"},"geometry":{"type":"Point","coordinates":[8.776962351,56.73065984]}},{"type":"Feature","properties":{"CountryName":"Denmark","Type of Animal":"Chicken"},"geometry":{"type":"Point","coordinates":[8.539311978,56.42622535]}},{"type":"Feature","properties":{"CountryName":"Denmark","Type of Animal":"Pork"},"geometry":{"type":"Point","coordinates":[9.185008858,55.08227124]}},{"type":"Feature","properties":{"CountryName":"Denmark","Type of Animal":"Pork"},"geometry":{"type":"Point","coordinates":[9.707860507,56.69250917]}},{"type":"Feature","properties":{"CountryName":"Denmark","Type of Animal":"Pork"},"geometry":{"type":"Point","coordinates":[9.976444811,56.82255544]}},{"type":"Feature","properties":{"CountryName":"Denmark","Type of Animal":"Pork"},"geometry":{"type":"Point","coordinates":[9.762944187,56.86608679]}},{"type":"Feature","properties":{"CountryName":"Denmark","Type of Animal":"Pork"},"geometry":{"type":"Point","coordinates":[9.773893049,56.81848495]}},{"type":"Feature","properties":{"CountryName":"Denmark","Type of Animal":"Pork"},"geometry":{"type":"Point","coordinates":[10.00990397,55.27387491]}},{"type":"Feature","properties":{"CountryName":"Denmark","Type of Animal":"Pork"},"geometry":{"type":"Point","coordinates":[9.778936642,56.83581071]}},{"type":"Feature","properties":{"CountryName":"Denmark","Type of Animal":"Pork"},"geometry":{"type":"Point","coordinates":[8.349043411,56.76120584]}},{"type":"Feature","properties":{"CountryName":"Denmark","Type of Animal":"Pork"},"geometry":{"type":"Point","coordinates":[8.40228465,56.76807086]}},{"type":"Feature","properties":{"CountryName":"Denmark","Type of Animal":"Pork"},"geometry":{"type":"Point","coordinates":[9.636574561,56.81205802]}},{"type":"Feature","properties":{"CountryName":"Denmark","Type of Animal":"Pork"},"geometry":{"type":"Point","coordinates":[9.670996399,56.84102609]}},{"type":"Feature","properties":{"CountryName":"Denmark","Type of Animal":"Pork"},"geometry":{"type":"Point","coordinates":[9.681031032,56.81961997]}},{"type":"Feature","properties":{"CountryName":"Denmark","Type of Animal":"Pork"},"geometry":{"type":"Point","coordinates":[11.23327113,54.80674691]}},{"type":"Feature","properties":{"CountryName":"Denmark","Type of Animal":"Pork"},"geometry":{"type":"Point","coordinates":[9.653923443,56.63514466]}},{"type":"Feature","properties":{"CountryName":"Denmark","Type of Animal":"Pork"},"geometry":{"type":"Point","coordinates":[11.25511413,54.7767228]}},{"type":"Feature","properties":{"CountryName":"Denmark","Type of Animal":"Pork"},"geometry":{"type":"Point","coordinates":[11.62017568,55.4753115]}},{"type":"Feature","properties":{"CountryName":"Denmark","Type of Animal":"Pork"},"geometry":{"type":"Point","coordinates":[11.29902815,54.85833944]}},{"type":"Feature","properties":{"CountryName":"Denmark","Type of Animal":"Pork"},"geometry":{"type":"Point","coordinates":[8.71196333,56.7367892]}},{"type":"Feature","properties":{"CountryName":"Denmark","Type of Animal":"Pork"},"geometry":{"type":"Point","coordinates":[11.04203084,54.88694155]}},{"type":"Feature","properties":{"CountryName":"Denmark","Type of Animal":"Pork"},"geometry":{"type":"Point","coordinates":[11.24800823,54.83244458]}},{"type":"Feature","properties":{"CountryName":"Denmark","Type of Animal":"Pork"},"geometry":{"type":"Point","coordinates":[11.0997773,54.88482214]}},{"type":"Feature","properties":{"CountryName":"Denmark","Type of Animal":"Pork"},"geometry":{"type":"Point","coordinates":[11.47825333,54.71945042]}},{"type":"Feature","properties":{"CountryName":"Denmark","Type of Animal":"Pork"},"geometry":{"type":"Point","coordinates":[11.32941226,54.80910156]}},{"type":"Feature","properties":{"CountryName":"Denmark","Type of Animal":"Pork"},"geometry":{"type":"Point","coordinates":[10.08920772,55.22477303]}},{"type":"Feature","properties":{"CountryName":"Denmark","Type of Animal":"Pork"},"geometry":{"type":"Point","coordinates":[8.88385715,55.34856713]}},{"type":"Feature","properties":{"CountryName":"Denmark","Type of Animal":"Pork"},"geometry":{"type":"Point","coordinates":[10.63489422,55.48134334]}},{"type":"Feature","properties":{"CountryName":"Denmark","Type of Animal":"Pork"},"geometry":{"type":"Point","coordinates":[8.889849412,55.43491076]}},{"type":"Feature","properties":{"CountryName":"Denmark","Type of Animal":"Pork"},"geometry":{"type":"Point","coordinates":[8.890287951,55.42904981]}},{"type":"Feature","properties":{"CountryName":"Denmark","Type of Animal":"Pork"},"geometry":{"type":"Point","coordinates":[10.28889015,56.36669632]}},{"type":"Feature","properties":{"CountryName":"Denmark","Type of Animal":"Pork"},"geometry":{"type":"Point","coordinates":[9.951510909,56.93235255]}},{"type":"Feature","properties":{"CountryName":"Denmark","Type of Animal":"Pork"},"geometry":{"type":"Point","coordinates":[10.32161847,56.37487229]}},{"type":"Feature","properties":{"CountryName":"Denmark","Type of Animal":"Pork"},"geometry":{"type":"Point","coordinates":[14.78303473,55.1469336]}},{"type":"Feature","properties":{"CountryName":"Denmark","Type of Animal":"Pork"},"geometry":{"type":"Point","coordinates":[15.01476455,55.03492768]}},{"type":"Feature","properties":{"CountryName":"Denmark","Type of Animal":"Pork"},"geometry":{"type":"Point","coordinates":[10.68662182,56.33185221]}},{"type":"Feature","properties":{"CountryName":"Denmark","Type of Animal":"Pork"},"geometry":{"type":"Point","coordinates":[14.94083013,55.0396826]}},{"type":"Feature","properties":{"CountryName":"Denmark","Type of Animal":"Chicken"},"geometry":{"type":"Point","coordinates":[10.32918958,56.33280953]}},{"type":"Feature","properties":{"CountryName":"Denmark","Type of Animal":"Pork"},"geometry":{"type":"Point","coordinates":[14.79449658,55.21578743]}},{"type":"Feature","properties":{"CountryName":"Denmark","Type of Animal":"Pork"},"geometry":{"type":"Point","coordinates":[14.70624505,55.08949855]}},{"type":"Feature","properties":{"CountryName":"Denmark","Type of Animal":"Pork"},"geometry":{"type":"Point","coordinates":[15.00707092,55.02340912]}},{"type":"Feature","properties":{"CountryName":"Denmark","Type of Animal":"Pork"},"geometry":{"type":"Point","coordinates":[10.61198021,55.51103248]}},{"type":"Feature","properties":{"CountryName":"Denmark","Type of Animal":"Pork"},"geometry":{"type":"Point","coordinates":[14.98687054,55.17897102]}},{"type":"Feature","properties":{"CountryName":"Denmark","Type of Animal":"Pork"},"geometry":{"type":"Point","coordinates":[14.96962194,55.0490677]}},{"type":"Feature","properties":{"CountryName":"Denmark","Type of Animal":"Pork"},"geometry":{"type":"Point","coordinates":[15.05204242,55.0308767]}},{"type":"Feature","properties":{"CountryName":"Denmark","Type of Animal":"Pork"},"geometry":{"type":"Point","coordinates":[14.96410968,55.04237304]}},{"type":"Feature","properties":{"CountryName":"Denmark","Type of Animal":"Pork"},"geometry":{"type":"Point","coordinates":[14.71874294,55.19386665]}},{"type":"Feature","properties":{"CountryName":"Denmark","Type of Animal":"Pork"},"geometry":{"type":"Point","coordinates":[9.974310854,57.3502554]}},{"type":"Feature","properties":{"CountryName":"Denmark","Type of Animal":"Pork"},"geometry":{"type":"Point","coordinates":[10.03999792,57.43797254]}},{"type":"Feature","properties":{"CountryName":"Denmark","Type of Animal":"Chicken"},"geometry":{"type":"Point","coordinates":[10.04665508,57.43174244]}},{"type":"Feature","properties":{"CountryName":"Denmark","Type of Animal":"Pork"},"geometry":{"type":"Point","coordinates":[9.906252759,57.42385507]}},{"type":"Feature","properties":{"CountryName":"Denmark","Type of Animal":"Pork"},"geometry":{"type":"Point","coordinates":[9.897241779,57.49217658]}},{"type":"Feature","properties":{"CountryName":"Denmark","Type of Animal":"Chicken"},"geometry":{"type":"Point","coordinates":[9.882083158,57.3532612]}},{"type":"Feature","properties":{"CountryName":"Denmark","Type of Animal":"Pork"},"geometry":{"type":"Point","coordinates":[10.04305485,57.413326]}},{"type":"Feature","properties":{"CountryName":"Denmark","Type of Animal":"Pork"},"geometry":{"type":"Point","coordinates":[10.06354879,57.51435494]}},{"type":"Feature","properties":{"CountryName":"Denmark","Type of Animal":"Chicken"},"geometry":{"type":"Point","coordinates":[9.9493792,57.44477365]}},{"type":"Feature","properties":{"CountryName":"Denmark","Type of Animal":"Pork"},"geometry":{"type":"Point","coordinates":[9.867326921,57.38448551]}},{"type":"Feature","properties":{"CountryName":"Denmark","Type of Animal":"Pork"},"geometry":{"type":"Point","coordinates":[10.02807352,57.55568035]}},{"type":"Feature","properties":{"CountryName":"Denmark","Type of Animal":"Pork"},"geometry":{"type":"Point","coordinates":[11.77404589,54.73528135]}},{"type":"Feature","properties":{"CountryName":"Denmark","Type of Animal":"Pork"},"geometry":{"type":"Point","coordinates":[9.808466822,57.3331589]}},{"type":"Feature","properties":{"CountryName":"Denmark","Type of Animal":"Chicken"},"geometry":{"type":"Point","coordinates":[10.05119452,57.56444837]}},{"type":"Feature","properties":{"CountryName":"Denmark","Type of Animal":"Pork"},"geometry":{"type":"Point","coordinates":[12.03027237,54.87899502]}},{"type":"Feature","properties":{"CountryName":"Denmark","Type of Animal":"Pork"},"geometry":{"type":"Point","coordinates":[11.97276245,54.78326082]}},{"type":"Feature","properties":{"CountryName":"Denmark","Type of Animal":"Pork"},"geometry":{"type":"Point","coordinates":[11.80987393,54.76459404]}},{"type":"Feature","properties":{"CountryName":"Denmark","Type of Animal":"Pork"},"geometry":{"type":"Point","coordinates":[10.26580041,57.51733913]}},{"type":"Feature","properties":{"CountryName":"Denmark","Type of Animal":"Chicken"},"geometry":{"type":"Point","coordinates":[10.40361773,55.27951579]}},{"type":"Feature","properties":{"CountryName":"Denmark","Type of Animal":"Pork"},"geometry":{"type":"Point","coordinates":[11.77414979,54.65540117]}},{"type":"Feature","properties":{"CountryName":"Denmark","Type of Animal":"Pork"},"geometry":{"type":"Point","coordinates":[11.61664629,54.67202924]}},{"type":"Feature","properties":{"CountryName":"Denmark","Type of Animal":"Pork"},"geometry":{"type":"Point","coordinates":[11.5982473,54.67682445]}},{"type":"Feature","properties":{"CountryName":"Denmark","Type of Animal":"Pork"},"geometry":{"type":"Point","coordinates":[12.11339894,54.86747966]}},{"type":"Feature","properties":{"CountryName":"Denmark","Type of Animal":"Pork"},"geometry":{"type":"Point","coordinates":[11.75822269,54.72367993]}},{"type":"Feature","properties":{"CountryName":"Denmark","Type of Animal":"Pork"},"geometry":{"type":"Point","coordinates":[11.98677706,54.84440876]}},{"type":"Feature","properties":{"CountryName":"Denmark","Type of Animal":"Pork"},"geometry":{"type":"Point","coordinates":[11.66400089,54.75884518]}},{"type":"Feature","properties":{"CountryName":"Denmark","Type of Animal":"Chicken"},"geometry":{"type":"Point","coordinates":[11.95251135,54.76055443]}},{"type":"Feature","properties":{"CountryName":"Denmark","Type of Animal":"Pork"},"geometry":{"type":"Point","coordinates":[9.298064665,55.57406699]}},{"type":"Feature","properties":{"CountryName":"Denmark","Type of Animal":"Pork"},"geometry":{"type":"Point","coordinates":[9.439489663,55.56884117]}},{"type":"Feature","properties":{"CountryName":"Denmark","Type of Animal":"Pork"},"geometry":{"type":"Point","coordinates":[9.291109322,55.53907727]}},{"type":"Feature","properties":{"CountryName":"Denmark","Type of Animal":"Pork"},"geometry":{"type":"Point","coordinates":[9.521401039,55.41171907]}},{"type":"Feature","properties":{"CountryName":"Denmark","Type of Animal":"Chicken"},"geometry":{"type":"Point","coordinates":[9.597791448,55.38798472]}},{"type":"Feature","properties":{"CountryName":"Denmark","Type of Animal":"Chicken"},"geometry":{"type":"Point","coordinates":[9.280677287,55.55015019]}},{"type":"Feature","properties":{"CountryName":"Denmark","Type of Animal":"Pork"},"geometry":{"type":"Point","coordinates":[10.36238636,55.30342079]}},{"type":"Feature","properties":{"CountryName":"Denmark","Type of Animal":"Pork"},"geometry":{"type":"Point","coordinates":[9.852549691,56.4111855]}},{"type":"Feature","properties":{"CountryName":"Denmark","Type of Animal":"Pork"},"geometry":{"type":"Point","coordinates":[10.3472454,55.48844142]}},{"type":"Feature","properties":{"CountryName":"Denmark","Type of Animal":"Pork"},"geometry":{"type":"Point","coordinates":[10.33475688,55.47170131]}},{"type":"Feature","properties":{"CountryName":"Denmark","Type of Animal":"Pork"},"geometry":{"type":"Point","coordinates":[10.11884604,55.52514052]}},{"type":"Feature","properties":{"CountryName":"Denmark","Type of Animal":"Pork"},"geometry":{"type":"Point","coordinates":[10.05664516,55.49880068]}},{"type":"Feature","properties":{"CountryName":"Denmark","Type of Animal":"Pork"},"geometry":{"type":"Point","coordinates":[10.37284107,55.59680721]}},{"type":"Feature","properties":{"CountryName":"Denmark","Type of Animal":"Pork"},"geometry":{"type":"Point","coordinates":[10.23712166,55.47364961]}},{"type":"Feature","properties":{"CountryName":"Denmark","Type of Animal":"Pork"},"geometry":{"type":"Point","coordinates":[10.4326309,55.52039803]}},{"type":"Feature","properties":{"CountryName":"Denmark","Type of Animal":"Pork"},"geometry":{"type":"Point","coordinates":[9.794558007,56.75697265]}},{"type":"Feature","properties":{"CountryName":"Denmark","Type of Animal":"Pork"},"geometry":{"type":"Point","coordinates":[12.20352009,55.3303255]}},{"type":"Feature","properties":{"CountryName":"Denmark","Type of Animal":"Pork"},"geometry":{"type":"Point","coordinates":[10.01659564,56.64300213]}},{"type":"Feature","properties":{"CountryName":"Denmark","Type of Animal":"Pork"},"geometry":{"type":"Point","coordinates":[8.882971566,55.53872037]}},{"type":"Feature","properties":{"CountryName":"Denmark","Type of Animal":"Chicken"},"geometry":{"type":"Point","coordinates":[9.239643128,55.5647435]}},{"type":"Feature","properties":{"CountryName":"Denmark","Type of Animal":"Pork"},"geometry":{"type":"Point","coordinates":[9.727054069,55.65051333]}},{"type":"Feature","properties":{"CountryName":"Denmark","Type of Animal":"Pork"},"geometry":{"type":"Point","coordinates":[10.88747828,56.46183438]}},{"type":"Feature","properties":{"CountryName":"Denmark","Type of Animal":"Pork"},"geometry":{"type":"Point","coordinates":[10.34775055,55.19058483]}},{"type":"Feature","properties":{"CountryName":"Denmark","Type of Animal":"Pork"},"geometry":{"type":"Point","coordinates":[10.18865524,55.12307483]}},{"type":"Feature","properties":{"CountryName":"Denmark","Type of Animal":"Pork"},"geometry":{"type":"Point","coordinates":[8.905840605,56.56770766]}},{"type":"Feature","properties":{"CountryName":"Denmark","Type of Animal":"Pork"},"geometry":{"type":"Point","coordinates":[9.863533276,55.90803857]}},{"type":"Feature","properties":{"CountryName":"Denmark","Type of Animal":"Chicken"},"geometry":{"type":"Point","coordinates":[8.954609617,55.42974896]}},{"type":"Feature","properties":{"CountryName":"Denmark","Type of Animal":"Pork"},"geometry":{"type":"Point","coordinates":[10.57153162,55.16983278]}},{"type":"Feature","properties":{"CountryName":"Denmark","Type of Animal":"Pork"},"geometry":{"type":"Point","coordinates":[8.646655588,55.98080114]}},{"type":"Feature","properties":{"CountryName":"Denmark","Type of Animal":"Pork"},"geometry":{"type":"Point","coordinates":[9.827659904,56.62414217]}},{"type":"Feature","properties":{"CountryName":"Denmark","Type of Animal":"Chicken"},"geometry":{"type":"Point","coordinates":[10.04625919,56.7900219]}},{"type":"Feature","properties":{"CountryName":"Denmark","Type of Animal":"Pork"},"geometry":{"type":"Point","coordinates":[10.10933216,56.75842925]}},{"type":"Feature","properties":{"CountryName":"Denmark","Type of Animal":"Chicken"},"geometry":{"type":"Point","coordinates":[9.862020002,56.69765318]}},{"type":"Feature","properties":{"CountryName":"Denmark","Type of Animal":"Pork"},"geometry":{"type":"Point","coordinates":[9.897491918,56.72666516]}},{"type":"Feature","properties":{"CountryName":"Denmark","Type of Animal":"Pork"},"geometry":{"type":"Point","coordinates":[9.791605502,56.60753665]}},{"type":"Feature","properties":{"CountryName":"Denmark","Type of Animal":"Pork"},"geometry":{"type":"Point","coordinates":[9.741679645,56.59285098]}},{"type":"Feature","properties":{"CountryName":"Denmark","Type of Animal":"Pork"},"geometry":{"type":"Point","coordinates":[10.78724824,54.86195541]}},{"type":"Feature","properties":{"CountryName":"Denmark","Type of Animal":"Chicken"},"geometry":{"type":"Point","coordinates":[9.782299067,56.58775948]}},{"type":"Feature","properties":{"CountryName":"Denmark","Type of Animal":"Pork"},"geometry":{"type":"Point","coordinates":[10.40275028,55.0594677]}},{"type":"Feature","properties":{"CountryName":"Denmark","Type of Animal":"Pork"},"geometry":{"type":"Point","coordinates":[10.66431847,54.8382555]}},{"type":"Feature","properties":{"CountryName":"Denmark","Type of Animal":"Pork"},"geometry":{"type":"Point","coordinates":[10.44473211,55.10285608]}},{"type":"Feature","properties":{"CountryName":"Denmark","Type of Animal":"Pork"},"geometry":{"type":"Point","coordinates":[10.27094637,54.93335946]}},{"type":"Feature","properties":{"CountryName":"Denmark","Type of Animal":"Pork"},"geometry":{"type":"Point","coordinates":[9.150377125,55.43420362]}},{"type":"Feature","properties":{"CountryName":"Denmark","Type of Animal":"Pork"},"geometry":{"type":"Point","coordinates":[8.456567763,56.83309597]}},{"type":"Feature","properties":{"CountryName":"Denmark","Type of Animal":"Pork"},"geometry":{"type":"Point","coordinates":[9.114920729,55.33605108]}},{"type":"Feature","properties":{"CountryName":"Denmark","Type of Animal":"Pork"},"geometry":{"type":"Point","coordinates":[8.383985302,56.7199859]}},{"type":"Feature","properties":{"CountryName":"Denmark","Type of Animal":"Pork"},"geometry":{"type":"Point","coordinates":[9.47855537,55.82773093]}},{"type":"Feature","properties":{"CountryName":"Denmark","Type of Animal":"Pork"},"geometry":{"type":"Point","coordinates":[9.550451957,55.5815848]}},{"type":"Feature","properties":{"CountryName":"Denmark","Type of Animal":"Pork"},"geometry":{"type":"Point","coordinates":[9.369329275,55.63413625]}},{"type":"Feature","properties":{"CountryName":"Denmark","Type of Animal":"Pork"},"geometry":{"type":"Point","coordinates":[8.450724894,56.77124805]}},{"type":"Feature","properties":{"CountryName":"Denmark","Type of Animal":"Pork"},"geometry":{"type":"Point","coordinates":[8.901380843,56.9964725]}},{"type":"Feature","properties":{"CountryName":"Denmark","Type of Animal":"Pork"},"geometry":{"type":"Point","coordinates":[8.392534977,56.76200105]}},{"type":"Feature","properties":{"CountryName":"Denmark","Type of Animal":"Pork"},"geometry":{"type":"Point","coordinates":[8.539728855,56.84233294]}},{"type":"Feature","properties":{"CountryName":"Denmark","Type of Animal":"Pork"},"geometry":{"type":"Point","coordinates":[8.446184555,56.75957062]}},{"type":"Feature","properties":{"CountryName":"Denmark","Type of Animal":"Pork"},"geometry":{"type":"Point","coordinates":[8.705687523,56.98176437]}},{"type":"Feature","properties":{"CountryName":"Denmark","Type of Animal":"Pork"},"geometry":{"type":"Point","coordinates":[9.089592106,55.35320751]}},{"type":"Feature","properties":{"CountryName":"Denmark","Type of Animal":"Pork"},"geometry":{"type":"Point","coordinates":[8.704573053,57.08184798]}},{"type":"Feature","properties":{"CountryName":"Denmark","Type of Animal":"Pork"},"geometry":{"type":"Point","coordinates":[10.03666147,55.2299429]}},{"type":"Feature","properties":{"CountryName":"Denmark","Type of Animal":"Pork"},"geometry":{"type":"Point","coordinates":[9.252004426,55.38915009]}},{"type":"Feature","properties":{"CountryName":"Denmark","Type of Animal":"Chicken"},"geometry":{"type":"Point","coordinates":[9.532583548,55.62856513]}},{"type":"Feature","properties":{"CountryName":"Denmark","Type of Animal":"Pork"},"geometry":{"type":"Point","coordinates":[8.951399033,55.40936075]}},{"type":"Feature","properties":{"CountryName":"Denmark","Type of Animal":"Pork"},"geometry":{"type":"Point","coordinates":[9.138524544,55.31455845]}},{"type":"Feature","properties":{"CountryName":"Denmark","Type of Animal":"Pork"},"geometry":{"type":"Point","coordinates":[9.528589558,55.60384501]}},{"type":"Feature","properties":{"CountryName":"Denmark","Type of Animal":"Pork"},"geometry":{"type":"Point","coordinates":[9.567555898,55.59967341]}},{"type":"Feature","properties":{"CountryName":"Denmark","Type of Animal":"Chicken"},"geometry":{"type":"Point","coordinates":[9.601404706,55.82202406]}},{"type":"Feature","properties":{"CountryName":"Denmark","Type of Animal":"Chicken"},"geometry":{"type":"Point","coordinates":[9.688307698,55.74415132]}},{"type":"Feature","properties":{"CountryName":"Denmark","Type of Animal":"Chicken"},"geometry":{"type":"Point","coordinates":[9.624449717,55.78397294]}},{"type":"Feature","properties":{"CountryName":"Denmark","Type of Animal":"Pork"},"geometry":{"type":"Point","coordinates":[9.826600402,55.71570743]}},{"type":"Feature","properties":{"CountryName":"Denmark","Type of Animal":"Pork"},"geometry":{"type":"Point","coordinates":[9.55552706,55.81584086]}},{"type":"Feature","properties":{"CountryName":"Denmark","Type of Animal":"Pork"},"geometry":{"type":"Point","coordinates":[9.366804103,55.60826521]}},{"type":"Feature","properties":{"CountryName":"Denmark","Type of Animal":"Pork"},"geometry":{"type":"Point","coordinates":[9.416914892,55.61188959]}},{"type":"Feature","properties":{"CountryName":"Denmark","Type of Animal":"Pork"},"geometry":{"type":"Point","coordinates":[9.563232445,55.82921172]}},{"type":"Feature","properties":{"CountryName":"Denmark","Type of Animal":"Pork"},"geometry":{"type":"Point","coordinates":[9.488395658,55.83533185]}},{"type":"Feature","properties":{"CountryName":"Denmark","Type of Animal":"Pork"},"geometry":{"type":"Point","coordinates":[9.678260224,55.87576441]}},{"type":"Feature","properties":{"CountryName":"Denmark","Type of Animal":"Pork"},"geometry":{"type":"Point","coordinates":[9.357335847,55.64368422]}},{"type":"Feature","properties":{"CountryName":"Denmark","Type of Animal":"Pork"},"geometry":{"type":"Point","coordinates":[9.240223474,56.15579482]}},{"type":"Feature","properties":{"CountryName":"Denmark","Type of Animal":"Pork"},"geometry":{"type":"Point","coordinates":[9.130907507,55.79184502]}},{"type":"Feature","properties":{"CountryName":"Denmark","Type of Animal":"Pork"},"geometry":{"type":"Point","coordinates":[9.149679258,55.87442806]}},{"type":"Feature","properties":{"CountryName":"Denmark","Type of Animal":"Pork"},"geometry":{"type":"Point","coordinates":[9.415444745,55.58957826]}},{"type":"Feature","properties":{"CountryName":"Denmark","Type of Animal":"Pork"},"geometry":{"type":"Point","coordinates":[9.149123028,55.79910611]}},{"type":"Feature","properties":{"CountryName":"Denmark","Type of Animal":"Pork"},"geometry":{"type":"Point","coordinates":[9.120153741,55.85570859]}},{"type":"Feature","properties":{"CountryName":"Denmark","Type of Animal":"Chicken"},"geometry":{"type":"Point","coordinates":[9.281378267,55.88949904]}},{"type":"Feature","properties":{"CountryName":"Denmark","Type of Animal":"Pork"},"geometry":{"type":"Point","coordinates":[9.12621595,55.85350987]}},{"type":"Feature","properties":{"CountryName":"Denmark","Type of Animal":"Pork"},"geometry":{"type":"Point","coordinates":[9.246955538,55.75609245]}},{"type":"Feature","properties":{"CountryName":"Denmark","Type of Animal":"Pork"},"geometry":{"type":"Point","coordinates":[9.226501952,55.77469452]}},{"type":"Feature","properties":{"CountryName":"Denmark","Type of Animal":"Pork"},"geometry":{"type":"Point","coordinates":[9.98663164,57.10679989]}},{"type":"Feature","properties":{"CountryName":"Denmark","Type of Animal":"Pork"},"geometry":{"type":"Point","coordinates":[8.989457887,55.43370375]}},{"type":"Feature","properties":{"CountryName":"Denmark","Type of Animal":"Pork"},"geometry":{"type":"Point","coordinates":[9.217204042,55.81771748]}},{"type":"Feature","properties":{"CountryName":"Denmark","Type of Animal":"Pork"},"geometry":{"type":"Point","coordinates":[10.29710612,57.10612173]}},{"type":"Feature","properties":{"CountryName":"Denmark","Type of Animal":"Chicken"},"geometry":{"type":"Point","coordinates":[9.440563129,56.99396431]}},{"type":"Feature","properties":{"CountryName":"Denmark","Type of Animal":"Chicken"},"geometry":{"type":"Point","coordinates":[10.29069171,57.00852334]}},{"type":"Feature","properties":{"CountryName":"Denmark","Type of Animal":"Chicken"},"geometry":{"type":"Point","coordinates":[9.432340006,56.99437281]}},{"type":"Feature","properties":{"CountryName":"Denmark","Type of Animal":"Pork"},"geometry":{"type":"Point","coordinates":[9.347343462,55.85883418]}},{"type":"Feature","properties":{"CountryName":"Denmark","Type of Animal":"Pork"},"geometry":{"type":"Point","coordinates":[9.10913214,55.82959084]}},{"type":"Feature","properties":{"CountryName":"Denmark","Type of Animal":"Pork"},"geometry":{"type":"Point","coordinates":[9.120153741,55.85570859]}},{"type":"Feature","properties":{"CountryName":"Denmark","Type of Animal":"Pork"},"geometry":{"type":"Point","coordinates":[9.356627005,55.79642107]}},{"type":"Feature","properties":{"CountryName":"Denmark","Type of Animal":"Chicken"},"geometry":{"type":"Point","coordinates":[9.465258118,55.74853875]}},{"type":"Feature","properties":{"CountryName":"Denmark","Type of Animal":"Pork"},"geometry":{"type":"Point","coordinates":[9.388303133,55.76762146]}},{"type":"Feature","properties":{"CountryName":"Denmark","Type of Animal":"Pork"},"geometry":{"type":"Point","coordinates":[9.760753581,56.35066597]}},{"type":"Feature","properties":{"CountryName":"Denmark","Type of Animal":"Chicken"},"geometry":{"type":"Point","coordinates":[9.236594476,55.49562002]}},{"type":"Feature","properties":{"CountryName":"Denmark","Type of Animal":"Chicken"},"geometry":{"type":"Point","coordinates":[9.021289824,55.37581515]}},{"type":"Feature","properties":{"CountryName":"Denmark","Type of Animal":"Pork"},"geometry":{"type":"Point","coordinates":[10.12448334,56.3080443]}},{"type":"Feature","properties":{"CountryName":"Denmark","Type of Animal":"Pork"},"geometry":{"type":"Point","coordinates":[9.058177332,55.67609961]}},{"type":"Feature","properties":{"CountryName":"Denmark","Type of Animal":"Pork"},"geometry":{"type":"Point","coordinates":[9.040843402,55.73143499]}},{"type":"Feature","properties":{"CountryName":"Denmark","Type of Animal":"Pork"},"geometry":{"type":"Point","coordinates":[8.879986259,55.72994117]}},{"type":"Feature","properties":{"CountryName":"Denmark","Type of Animal":"Pork"},"geometry":{"type":"Point","coordinates":[9.09542257,57.08683224]}},{"type":"Feature","properties":{"CountryName":"Denmark","Type of Animal":"Pork"},"geometry":{"type":"Point","coordinates":[8.796106115,55.78729346]}},{"type":"Feature","properties":{"CountryName":"Denmark","Type of Animal":"Pork"},"geometry":{"type":"Point","coordinates":[9.98450025,56.348689]}},{"type":"Feature","properties":{"CountryName":"Denmark","Type of Animal":"Pork"},"geometry":{"type":"Point","coordinates":[10.09756764,56.35189938]}},{"type":"Feature","properties":{"CountryName":"Denmark","Type of Animal":"Pork"},"geometry":{"type":"Point","coordinates":[10.34786647,55.24829045]}},{"type":"Feature","properties":{"CountryName":"Denmark","Type of Animal":"Pork"},"geometry":{"type":"Point","coordinates":[11.24004167,54.81051765]}},{"type":"Feature","properties":{"CountryName":"Denmark","Type of Animal":"Pork"},"geometry":{"type":"Point","coordinates":[9.718824214,56.3422935]}},{"type":"Feature","properties":{"CountryName":"Denmark","Type of Animal":"Pork"},"geometry":{"type":"Point","coordinates":[10.0040504,56.30438565]}},{"type":"Feature","properties":{"CountryName":"Denmark","Type of Animal":"Pork"},"geometry":{"type":"Point","coordinates":[10.14522475,56.31246905]}},{"type":"Feature","properties":{"CountryName":"Denmark","Type of Animal":"Pork"},"geometry":{"type":"Point","coordinates":[9.8012472,56.22964087]}},{"type":"Feature","properties":{"CountryName":"Denmark","Type of Animal":"Chicken"},"geometry":{"type":"Point","coordinates":[10.17206706,55.11666897]}},{"type":"Feature","properties":{"CountryName":"Denmark","Type of Animal":"Pork"},"geometry":{"type":"Point","coordinates":[9.534647835,55.19389655]}},{"type":"Feature","properties":{"CountryName":"Denmark","Type of Animal":"Pork"},"geometry":{"type":"Point","coordinates":[10.48304472,55.28265139]}},{"type":"Feature","properties":{"CountryName":"Denmark","Type of Animal":"Chicken"},"geometry":{"type":"Point","coordinates":[11.44102277,54.85389158]}},{"type":"Feature","properties":{"CountryName":"Denmark","Type of Animal":"Pork"},"geometry":{"type":"Point","coordinates":[11.19816119,54.89271403]}},{"type":"Feature","properties":{"CountryName":"Denmark","Type of Animal":"Pork"},"geometry":{"type":"Point","coordinates":[11.29587434,54.80545352]}},{"type":"Feature","properties":{"CountryName":"Denmark","Type of Animal":"Pork"},"geometry":{"type":"Point","coordinates":[11.33006248,54.83495391]}},{"type":"Feature","properties":{"CountryName":"Denmark","Type of Animal":"Pork"},"geometry":{"type":"Point","coordinates":[11.33006248,54.83495391]}},{"type":"Feature","properties":{"CountryName":"Denmark","Type of Animal":"Pork"},"geometry":{"type":"Point","coordinates":[10.24379115,56.26364378]}},{"type":"Feature","properties":{"CountryName":"Denmark","Type of Animal":"Pork"},"geometry":{"type":"Point","coordinates":[8.260199746,56.52785657]}},{"type":"Feature","properties":{"CountryName":"Denmark","Type of Animal":"Pork"},"geometry":{"type":"Point","coordinates":[11.33536506,54.73212697]}},{"type":"Feature","properties":{"CountryName":"Denmark","Type of Animal":"Chicken"},"geometry":{"type":"Point","coordinates":[9.032799525,55.3309958]}},{"type":"Feature","properties":{"CountryName":"Denmark","Type of Animal":"Chicken"},"geometry":{"type":"Point","coordinates":[9.080912331,55.54646954]}},{"type":"Feature","properties":{"CountryName":"Denmark","Type of Animal":"Chicken"},"geometry":{"type":"Point","coordinates":[8.816132748,55.55668199]}},{"type":"Feature","properties":{"CountryName":"Denmark","Type of Animal":"Pork"},"geometry":{"type":"Point","coordinates":[8.889125503,55.77443212]}},{"type":"Feature","properties":{"CountryName":"Denmark","Type of Animal":"Pork"},"geometry":{"type":"Point","coordinates":[9.230096835,55.54921496]}},{"type":"Feature","properties":{"CountryName":"Denmark","Type of Animal":"Pork"},"geometry":{"type":"Point","coordinates":[10.40175077,57.38058362]}},{"type":"Feature","properties":{"CountryName":"Denmark","Type of Animal":"Pork"},"geometry":{"type":"Point","coordinates":[8.724706459,56.97880049]}},{"type":"Feature","properties":{"CountryName":"Denmark","Type of Animal":"Pork"},"geometry":{"type":"Point","coordinates":[9.172870669,55.35394337]}},{"type":"Feature","properties":{"CountryName":"Denmark","Type of Animal":"Pork"},"geometry":{"type":"Point","coordinates":[9.214219378,55.44949505]}},{"type":"Feature","properties":{"CountryName":"Denmark","Type of Animal":"Pork"},"geometry":{"type":"Point","coordinates":[8.409782717,56.5279553]}},{"type":"Feature","properties":{"CountryName":"Denmark","Type of Animal":"Pork"},"geometry":{"type":"Point","coordinates":[8.784257077,57.0071167]}},{"type":"Feature","properties":{"CountryName":"Denmark","Type of Animal":"Pork"},"geometry":{"type":"Point","coordinates":[9.992231669,56.26032988]}},{"type":"Feature","properties":{"CountryName":"Denmark","Type of Animal":"Pork"},"geometry":{"type":"Point","coordinates":[8.691968893,56.98878203]}},{"type":"Feature","properties":{"CountryName":"Denmark","Type of Animal":"Pork"},"geometry":{"type":"Point","coordinates":[8.498116527,56.69060445]}},{"type":"Feature","properties":{"CountryName":"Denmark","Type of Animal":"Pork"},"geometry":{"type":"Point","coordinates":[10.24186343,57.0657326]}},{"type":"Feature","properties":{"CountryName":"Denmark","Type of Animal":"Pork"},"geometry":{"type":"Point","coordinates":[9.808656962,56.21544934]}},{"type":"Feature","properties":{"CountryName":"Denmark","Type of Animal":"Pork"},"geometry":{"type":"Point","coordinates":[12.01883417,55.7949437]}},{"type":"Feature","properties":{"CountryName":"Denmark","Type of Animal":"Pork"},"geometry":{"type":"Point","coordinates":[8.229231821,56.50137619]}},{"type":"Feature","properties":{"CountryName":"Denmark","Type of Animal":"Pork"},"geometry":{"type":"Point","coordinates":[11.92811502,55.77063196]}},{"type":"Feature","properties":{"CountryName":"Denmark","Type of Animal":"Chicken"},"geometry":{"type":"Point","coordinates":[9.925390138,56.31382564]}},{"type":"Feature","properties":{"CountryName":"Denmark","Type of Animal":"Chicken"},"geometry":{"type":"Point","coordinates":[9.92382738,56.2651828]}},{"type":"Feature","properties":{"CountryName":"Denmark","Type of Animal":"Pork"},"geometry":{"type":"Point","coordinates":[9.819175051,56.3506107]}},{"type":"Feature","properties":{"CountryName":"Denmark","Type of Animal":"Pork"},"geometry":{"type":"Point","coordinates":[8.664864559,56.98439469]}},{"type":"Feature","properties":{"CountryName":"Denmark","Type of Animal":"Pork"},"geometry":{"type":"Point","coordinates":[8.628883249,56.95573589]}},{"type":"Feature","properties":{"CountryName":"Denmark","Type of Animal":"Pork"},"geometry":{"type":"Point","coordinates":[9.932594048,56.36467021]}},{"type":"Feature","properties":{"CountryName":"Denmark","Type of Animal":"Pork"},"geometry":{"type":"Point","coordinates":[9.828119154,56.4164985]}},{"type":"Feature","properties":{"CountryName":"Denmark","Type of Animal":"Chicken"},"geometry":{"type":"Point","coordinates":[8.261429402,56.45928374]}},{"type":"Feature","properties":{"CountryName":"Denmark","Type of Animal":"Pork"},"geometry":{"type":"Point","coordinates":[9.869981587,56.30661246]}},{"type":"Feature","properties":{"CountryName":"Denmark","Type of Animal":"Pork"},"geometry":{"type":"Point","coordinates":[9.24146672,56.29571602]}},{"type":"Feature","properties":{"CountryName":"Denmark","Type of Animal":"Pork"},"geometry":{"type":"Point","coordinates":[10.19942132,56.37203479]}},{"type":"Feature","properties":{"CountryName":"Denmark","Type of Animal":"Pork"},"geometry":{"type":"Point","coordinates":[9.20405409,56.40033435]}},{"type":"Feature","properties":{"CountryName":"Denmark","Type of Animal":"Chicken"},"geometry":{"type":"Point","coordinates":[9.055705117,56.39930805]}},{"type":"Feature","properties":{"CountryName":"Denmark","Type of Animal":"Chicken"},"geometry":{"type":"Point","coordinates":[9.129453836,56.32258783]}},{"type":"Feature","properties":{"CountryName":"Denmark","Type of Animal":"Chicken"},"geometry":{"type":"Point","coordinates":[9.067356449,56.49557589]}},{"type":"Feature","properties":{"CountryName":"Denmark","Type of Animal":"Chicken"},"geometry":{"type":"Point","coordinates":[9.099902761,56.36150545]}},{"type":"Feature","properties":{"CountryName":"Denmark","Type of Animal":"Pork"},"geometry":{"type":"Point","coordinates":[9.514461443,56.36261363]}},{"type":"Feature","properties":{"CountryName":"Denmark","Type of Animal":"Pork"},"geometry":{"type":"Point","coordinates":[9.458722789,56.39261027]}},{"type":"Feature","properties":{"CountryName":"Denmark","Type of Animal":"Pork"},"geometry":{"type":"Point","coordinates":[10.20352923,55.28082274]}},{"type":"Feature","properties":{"CountryName":"Denmark","Type of Animal":"Pork"},"geometry":{"type":"Point","coordinates":[9.494823882,56.36085002]}},{"type":"Feature","properties":{"CountryName":"Denmark","Type of Animal":"Pork"},"geometry":{"type":"Point","coordinates":[9.186662416,56.49242981]}},{"type":"Feature","properties":{"CountryName":"Denmark","Type of Animal":"Pork"},"geometry":{"type":"Point","coordinates":[9.115072374,56.49741685]}},{"type":"Feature","properties":{"CountryName":"Denmark","Type of Animal":"Pork"},"geometry":{"type":"Point","coordinates":[9.276611437,56.4844985]}},{"type":"Feature","properties":{"CountryName":"Denmark","Type of Animal":"Pork"},"geometry":{"type":"Point","coordinates":[10.05070202,55.35469363]}},{"type":"Feature","properties":{"CountryName":"Denmark","Type of Animal":"Pork"},"geometry":{"type":"Point","coordinates":[10.24857587,55.29653555]}},{"type":"Feature","properties":{"CountryName":"Denmark","Type of Animal":"Pork"},"geometry":{"type":"Point","coordinates":[10.07458679,55.25628527]}},{"type":"Feature","properties":{"CountryName":"Denmark","Type of Animal":"Pork"},"geometry":{"type":"Point","coordinates":[10.03869853,55.25229191]}},{"type":"Feature","properties":{"CountryName":"Denmark","Type of Animal":"Chicken"},"geometry":{"type":"Point","coordinates":[10.04659992,55.34348778]}},{"type":"Feature","properties":{"CountryName":"Denmark","Type of Animal":"Pork"},"geometry":{"type":"Point","coordinates":[10.075104,55.29360266]}},{"type":"Feature","properties":{"CountryName":"Denmark","Type of Animal":"Pork"},"geometry":{"type":"Point","coordinates":[10.05543625,55.26769375]}},{"type":"Feature","properties":{"CountryName":"Denmark","Type of Animal":"Pork"},"geometry":{"type":"Point","coordinates":[10.00693322,55.23723307]}},{"type":"Feature","properties":{"CountryName":"Denmark","Type of Animal":"Pork"},"geometry":{"type":"Point","coordinates":[9.951813134,55.24420024]}},{"type":"Feature","properties":{"CountryName":"Denmark","Type of Animal":"Pork"},"geometry":{"type":"Point","coordinates":[10.04880762,55.19600948]}},{"type":"Feature","properties":{"CountryName":"Denmark","Type of Animal":"Pork"},"geometry":{"type":"Point","coordinates":[10.08978942,55.26100983]}},{"type":"Feature","properties":{"CountryName":"Denmark","Type of Animal":"Pork"},"geometry":{"type":"Point","coordinates":[9.947075767,55.24767738]}},{"type":"Feature","properties":{"CountryName":"Denmark","Type of Animal":"Pork"},"geometry":{"type":"Point","coordinates":[10.2038111,55.31294073]}},{"type":"Feature","properties":{"CountryName":"Denmark","Type of Animal":"Chicken"},"geometry":{"type":"Point","coordinates":[10.12730406,55.35851228]}},{"type":"Feature","properties":{"CountryName":"Denmark","Type of Animal":"Pork"},"geometry":{"type":"Point","coordinates":[10.22341948,55.32843521]}},{"type":"Feature","properties":{"CountryName":"Denmark","Type of Animal":"Pork"},"geometry":{"type":"Point","coordinates":[9.971638126,55.27011572]}},{"type":"Feature","properties":{"CountryName":"Denmark","Type of Animal":"Pork"},"geometry":{"type":"Point","coordinates":[9.971086922,55.31961102]}},{"type":"Feature","properties":{"CountryName":"Denmark","Type of Animal":"Pork"},"geometry":{"type":"Point","coordinates":[9.73422252,56.50627614]}},{"type":"Feature","properties":{"CountryName":"Denmark","Type of Animal":"Pork"},"geometry":{"type":"Point","coordinates":[9.363348911,56.51897378]}},{"type":"Feature","properties":{"CountryName":"Denmark","Type of Animal":"Pork"},"geometry":{"type":"Point","coordinates":[9.55000183,56.57352614]}},{"type":"Feature","properties":{"CountryName":"Denmark","Type of Animal":"Pork"},"geometry":{"type":"Point","coordinates":[9.059764132,56.42593701]}},{"type":"Feature","properties":{"CountryName":"Denmark","Type of Animal":"Chicken"},"geometry":{"type":"Point","coordinates":[9.658679244,56.52685392]}},{"type":"Feature","properties":{"CountryName":"Denmark","Type of Animal":"Pork"},"geometry":{"type":"Point","coordinates":[9.582256568,56.5826006]}},{"type":"Feature","properties":{"CountryName":"Denmark","Type of Animal":"Pork"},"geometry":{"type":"Point","coordinates":[9.541481969,56.58661262]}},{"type":"Feature","properties":{"CountryName":"Denmark","Type of Animal":"Pork"},"geometry":{"type":"Point","coordinates":[9.217034267,56.46106542]}},{"type":"Feature","properties":{"CountryName":"Denmark","Type of Animal":"Pork"},"geometry":{"type":"Point","coordinates":[9.165344226,56.46807692]}},{"type":"Feature","properties":{"CountryName":"Denmark","Type of Animal":"Chicken"},"geometry":{"type":"Point","coordinates":[9.089554015,56.4985095]}},{"type":"Feature","properties":{"CountryName":"Denmark","Type of Animal":"Pork"},"geometry":{"type":"Point","coordinates":[9.555085736,56.46581947]}},{"type":"Feature","properties":{"CountryName":"Denmark","Type of Animal":"Pork"},"geometry":{"type":"Point","coordinates":[9.729376578,56.4058776]}},{"type":"Feature","properties":{"CountryName":"Denmark","Type of Animal":"Pork"},"geometry":{"type":"Point","coordinates":[9.510893427,56.68085207]}},{"type":"Feature","properties":{"CountryName":"Denmark","Type of Animal":"Pork"},"geometry":{"type":"Point","coordinates":[9.577120134,56.62251745]}},{"type":"Feature","properties":{"CountryName":"Denmark","Type of Animal":"Pork"},"geometry":{"type":"Point","coordinates":[9.664816694,56.6183419]}},{"type":"Feature","properties":{"CountryName":"Denmark","Type of Animal":"Pork"},"geometry":{"type":"Point","coordinates":[9.610940959,56.58382171]}},{"type":"Feature","properties":{"CountryName":"Denmark","Type of Animal":"Pork"},"geometry":{"type":"Point","coordinates":[9.506715201,56.44512485]}},{"type":"Feature","properties":{"CountryName":"Denmark","Type of Animal":"Pork"},"geometry":{"type":"Point","coordinates":[9.313569442,56.5860372]}},{"type":"Feature","properties":{"CountryName":"Denmark","Type of Animal":"Pork"},"geometry":{"type":"Point","coordinates":[9.681724001,56.41885885]}},{"type":"Feature","properties":{"CountryName":"Denmark","Type of Animal":"Pork"},"geometry":{"type":"Point","coordinates":[9.702822663,56.35365792]}},{"type":"Feature","properties":{"CountryName":"Denmark","Type of Animal":"Pork"},"geometry":{"type":"Point","coordinates":[9.05362237,56.45572009]}},{"type":"Feature","properties":{"CountryName":"Denmark","Type of Animal":"Pork"},"geometry":{"type":"Point","coordinates":[8.837194256,56.26083609]}},{"type":"Feature","properties":{"CountryName":"Denmark","Type of Animal":"Chicken"},"geometry":{"type":"Point","coordinates":[9.084618198,56.52161962]}},{"type":"Feature","properties":{"CountryName":"Denmark","Type of Animal":"Chicken"},"geometry":{"type":"Point","coordinates":[9.092047283,56.46807059]}},{"type":"Feature","properties":{"CountryName":"Denmark","Type of Animal":"Pork"},"geometry":{"type":"Point","coordinates":[9.032199208,56.25944842]}},{"type":"Feature","properties":{"CountryName":"Denmark","Type of Animal":"Chicken"},"geometry":{"type":"Point","coordinates":[9.077492596,56.09580919]}},{"type":"Feature","properties":{"CountryName":"Denmark","Type of Animal":"Pork"},"geometry":{"type":"Point","coordinates":[9.476972864,56.3427544]}},{"type":"Feature","properties":{"CountryName":"Denmark","Type of Animal":"Pork"},"geometry":{"type":"Point","coordinates":[9.328348908,56.42564549]}},{"type":"Feature","properties":{"CountryName":"Denmark","Type of Animal":"Pork"},"geometry":{"type":"Point","coordinates":[9.551662647,56.3646407]}},{"type":"Feature","properties":{"CountryName":"Denmark","Type of Animal":"Pork"},"geometry":{"type":"Point","coordinates":[9.599948428,56.41417943]}},{"type":"Feature","properties":{"CountryName":"Denmark","Type of Animal":"Pork"},"geometry":{"type":"Point","coordinates":[8.609579853,56.17015345]}},{"type":"Feature","properties":{"CountryName":"Denmark","Type of Animal":"Pork"},"geometry":{"type":"Point","coordinates":[8.647550942,56.16676033]}},{"type":"Feature","properties":{"CountryName":"Denmark","Type of Animal":"Pork"},"geometry":{"type":"Point","coordinates":[9.506184543,56.34097792]}},{"type":"Feature","properties":{"CountryName":"Denmark","Type of Animal":"Chicken"},"geometry":{"type":"Point","coordinates":[9.347953554,56.89929264]}},{"type":"Feature","properties":{"CountryName":"Denmark","Type of Animal":"Chicken"},"geometry":{"type":"Point","coordinates":[9.39657339,56.69260848]}},{"type":"Feature","properties":{"CountryName":"Denmark","Type of Animal":"Chicken"},"geometry":{"type":"Point","coordinates":[9.336303383,56.9904163]}},{"type":"Feature","properties":{"CountryName":"Denmark","Type of Animal":"Pork"},"geometry":{"type":"Point","coordinates":[9.368392704,56.97519347]}},{"type":"Feature","properties":{"CountryName":"Denmark","Type of Animal":"Pork"},"geometry":{"type":"Point","coordinates":[9.488315762,56.7756448]}},{"type":"Feature","properties":{"CountryName":"Denmark","Type of Animal":"Pork"},"geometry":{"type":"Point","coordinates":[9.315767164,56.4994661]}},{"type":"Feature","properties":{"CountryName":"Denmark","Type of Animal":"Pork"},"geometry":{"type":"Point","coordinates":[11.10047807,55.69838538]}},{"type":"Feature","properties":{"CountryName":"Denmark","Type of Animal":"Pork"},"geometry":{"type":"Point","coordinates":[9.326027235,56.85639967]}},{"type":"Feature","properties":{"CountryName":"Denmark","Type of Animal":"Chicken"},"geometry":{"type":"Point","coordinates":[9.415393162,56.76416273]}},{"type":"Feature","properties":{"CountryName":"Denmark","Type of Animal":"Chicken"},"geometry":{"type":"Point","coordinates":[9.509122603,56.82309078]}},{"type":"Feature","properties":{"CountryName":"Denmark","Type of Animal":"Pork"},"geometry":{"type":"Point","coordinates":[9.237380498,56.94373449]}},{"type":"Feature","properties":{"CountryName":"Denmark","Type of Animal":"Pork"},"geometry":{"type":"Point","coordinates":[9.341380074,56.97512364]}},{"type":"Feature","properties":{"CountryName":"Denmark","Type of Animal":"Pork"},"geometry":{"type":"Point","coordinates":[9.356959763,56.7498244]}},{"type":"Feature","properties":{"CountryName":"Denmark","Type of Animal":"Chicken"},"geometry":{"type":"Point","coordinates":[9.475948427,56.80807053]}},{"type":"Feature","properties":{"CountryName":"Denmark","Type of Animal":"Pork"},"geometry":{"type":"Point","coordinates":[11.24550168,55.65770629]}},{"type":"Feature","properties":{"CountryName":"Denmark","Type of Animal":"Pork"},"geometry":{"type":"Point","coordinates":[11.2354259,55.63490588]}},{"type":"Feature","properties":{"CountryName":"Denmark","Type of Animal":"Pork"},"geometry":{"type":"Point","coordinates":[11.7920113,55.33621434]}},{"type":"Feature","properties":{"CountryName":"Denmark","Type of Animal":"Pork"},"geometry":{"type":"Point","coordinates":[11.24043599,55.55477126]}},{"type":"Feature","properties":{"CountryName":"Denmark","Type of Animal":"Pork"},"geometry":{"type":"Point","coordinates":[11.32777093,55.56456311]}},{"type":"Feature","properties":{"CountryName":"Denmark","Type of Animal":"Pork"},"geometry":{"type":"Point","coordinates":[11.18582927,55.5316085]}},{"type":"Feature","properties":{"CountryName":"Denmark","Type of Animal":"Pork"},"geometry":{"type":"Point","coordinates":[11.35033239,55.73692007]}},{"type":"Feature","properties":{"CountryName":"Denmark","Type of Animal":"Pork"},"geometry":{"type":"Point","coordinates":[11.32686803,55.71266088]}},{"type":"Feature","properties":{"CountryName":"Denmark","Type of Animal":"Pork"},"geometry":{"type":"Point","coordinates":[11.16008072,55.51570181]}},{"type":"Feature","properties":{"CountryName":"Denmark","Type of Animal":"Pork"},"geometry":{"type":"Point","coordinates":[11.16981636,55.57878294]}},{"type":"Feature","properties":{"CountryName":"Denmark","Type of Animal":"Pork"},"geometry":{"type":"Point","coordinates":[8.578221966,55.78674801]}},{"type":"Feature","properties":{"CountryName":"Denmark","Type of Animal":"Pork"},"geometry":{"type":"Point","coordinates":[8.641941153,55.7683037]}},{"type":"Feature","properties":{"CountryName":"Denmark","Type of Animal":"Pork"},"geometry":{"type":"Point","coordinates":[11.33869103,55.71979154]}},{"type":"Feature","properties":{"CountryName":"Denmark","Type of Animal":"Pork"},"geometry":{"type":"Point","coordinates":[11.39264364,55.72975823]}},{"type":"Feature","properties":{"CountryName":"Denmark","Type of Animal":"Pork"},"geometry":{"type":"Point","coordinates":[11.26548021,55.62955909]}},{"type":"Feature","properties":{"CountryName":"Denmark","Type of Animal":"Pork"},"geometry":{"type":"Point","coordinates":[11.03397198,55.71212323]}},{"type":"Feature","properties":{"CountryName":"Denmark","Type of Animal":"Pork"},"geometry":{"type":"Point","coordinates":[11.36269594,55.71677662]}},{"type":"Feature","properties":{"CountryName":"Denmark","Type of Animal":"Pork"},"geometry":{"type":"Point","coordinates":[8.657664559,55.82236949]}},{"type":"Feature","properties":{"CountryName":"Denmark","Type of Animal":"Pork"},"geometry":{"type":"Point","coordinates":[8.660169934,55.83586456]}},{"type":"Feature","properties":{"CountryName":"Denmark","Type of Animal":"Chicken"},"geometry":{"type":"Point","coordinates":[8.830317451,56.63195125]}},{"type":"Feature","properties":{"CountryName":"Denmark","Type of Animal":"Pork"},"geometry":{"type":"Point","coordinates":[8.952864416,56.6484697]}},{"type":"Feature","properties":{"CountryName":"Denmark","Type of Animal":"Pork"},"geometry":{"type":"Point","coordinates":[9.028357807,56.70508789]}},{"type":"Feature","properties":{"CountryName":"Denmark","Type of Animal":"Pork"},"geometry":{"type":"Point","coordinates":[8.748356777,56.61865125]}},{"type":"Feature","properties":{"CountryName":"Denmark","Type of Animal":"Pork"},"geometry":{"type":"Point","coordinates":[9.20154909,56.58616068]}},{"type":"Feature","properties":{"CountryName":"Denmark","Type of Animal":"Pork"},"geometry":{"type":"Point","coordinates":[9.019208954,56.75854065]}},{"type":"Feature","properties":{"CountryName":"Denmark","Type of Animal":"Pork"},"geometry":{"type":"Point","coordinates":[8.757077146,56.6086055]}},{"type":"Feature","properties":{"CountryName":"Denmark","Type of Animal":"Pork"},"geometry":{"type":"Point","coordinates":[8.802150994,56.59501003]}},{"type":"Feature","properties":{"CountryName":"Denmark","Type of Animal":"Pork"},"geometry":{"type":"Point","coordinates":[9.057756717,56.67377813]}},{"type":"Feature","properties":{"CountryName":"Denmark","Type of Animal":"Chicken"},"geometry":{"type":"Point","coordinates":[9.073248973,56.64333341]}},{"type":"Feature","properties":{"CountryName":"Denmark","Type of Animal":"Pork"},"geometry":{"type":"Point","coordinates":[8.957184822,56.58274047]}},{"type":"Feature","properties":{"CountryName":"Denmark","Type of Animal":"Pork"},"geometry":{"type":"Point","coordinates":[9.079528454,56.74677281]}},{"type":"Feature","properties":{"CountryName":"Denmark","Type of Animal":"Pork"},"geometry":{"type":"Point","coordinates":[8.937909383,56.72916849]}},{"type":"Feature","properties":{"CountryName":"Denmark","Type of Animal":"Chicken"},"geometry":{"type":"Point","coordinates":[8.792353117,56.58410847]}},{"type":"Feature","properties":{"CountryName":"Denmark","Type of Animal":"Pork"},"geometry":{"type":"Point","coordinates":[8.999658411,56.76755048]}},{"type":"Feature","properties":{"CountryName":"Denmark","Type of Animal":"Chicken"},"geometry":{"type":"Point","coordinates":[8.772586986,56.6067743]}},{"type":"Feature","properties":{"CountryName":"Denmark","Type of Animal":"Pork"},"geometry":{"type":"Point","coordinates":[8.877809589,56.57850168]}},{"type":"Feature","properties":{"CountryName":"Denmark","Type of Animal":"Pork"},"geometry":{"type":"Point","coordinates":[8.952593144,56.58558802]}},{"type":"Feature","properties":{"CountryName":"Denmark","Type of Animal":"Pork"},"geometry":{"type":"Point","coordinates":[9.019436536,56.73144961]}},{"type":"Feature","properties":{"CountryName":"Denmark","Type of Animal":"Pork"},"geometry":{"type":"Point","coordinates":[8.843818396,56.62203877]}},{"type":"Feature","properties":{"CountryName":"Denmark","Type of Animal":"Pork"},"geometry":{"type":"Point","coordinates":[9.059495895,56.7946753]}},{"type":"Feature","properties":{"CountryName":"Denmark","Type of Animal":"Pork"},"geometry":{"type":"Point","coordinates":[8.814575709,56.61062778]}},{"type":"Feature","properties":{"CountryName":"Denmark","Type of Animal":"Pork"},"geometry":{"type":"Point","coordinates":[9.208065293,56.554554]}},{"type":"Feature","properties":{"CountryName":"Denmark","Type of Animal":"Pork"},"geometry":{"type":"Point","coordinates":[9.040268851,56.72105862]}},{"type":"Feature","properties":{"CountryName":"Denmark","Type of Animal":"Pork"},"geometry":{"type":"Point","coordinates":[8.786750602,56.62804625]}},{"type":"Feature","properties":{"CountryName":"Denmark","Type of Animal":"Pork"},"geometry":{"type":"Point","coordinates":[8.875058003,56.72846911]}},{"type":"Feature","properties":{"CountryName":"Denmark","Type of Animal":"Pork"},"geometry":{"type":"Point","coordinates":[8.883883404,56.6419364]}},{"type":"Feature","properties":{"CountryName":"Denmark","Type of Animal":"Pork"},"geometry":{"type":"Point","coordinates":[8.978197226,56.61582033]}},{"type":"Feature","properties":{"CountryName":"Denmark","Type of Animal":"Pork"},"geometry":{"type":"Point","coordinates":[9.021901021,56.72101846]}},{"type":"Feature","properties":{"CountryName":"Denmark","Type of Animal":"Chicken"},"geometry":{"type":"Point","coordinates":[9.011181418,56.76291156]}},{"type":"Feature","properties":{"CountryName":"Denmark","Type of Animal":"Pork"},"geometry":{"type":"Point","coordinates":[9.12968408,56.72322765]}},{"type":"Feature","properties":{"CountryName":"Denmark","Type of Animal":"Pork"},"geometry":{"type":"Point","coordinates":[9.055842344,56.7758765]}},{"type":"Feature","properties":{"CountryName":"Denmark","Type of Animal":"Pork"},"geometry":{"type":"Point","coordinates":[8.850282452,56.62628251]}},{"type":"Feature","properties":{"CountryName":"Denmark","Type of Animal":"Pork"},"geometry":{"type":"Point","coordinates":[8.788732606,56.62967772]}},{"type":"Feature","properties":{"CountryName":"Denmark","Type of Animal":"Pork"},"geometry":{"type":"Point","coordinates":[10.04440333,56.30610378]}},{"type":"Feature","properties":{"CountryName":"Denmark","Type of Animal":"Pork"},"geometry":{"type":"Point","coordinates":[9.068988531,56.70768301]}},{"type":"Feature","properties":{"CountryName":"Denmark","Type of Animal":"Pork"},"geometry":{"type":"Point","coordinates":[8.656403123,55.56209605]}},{"type":"Feature","properties":{"CountryName":"Denmark","Type of Animal":"Pork"},"geometry":{"type":"Point","coordinates":[8.225422927,56.53105583]}},{"type":"Feature","properties":{"CountryName":"Denmark","Type of Animal":"Chicken"},"geometry":{"type":"Point","coordinates":[8.801690926,55.65665302]}},{"type":"Feature","properties":{"CountryName":"Denmark","Type of Animal":"Pork"},"geometry":{"type":"Point","coordinates":[8.191860421,56.60644673]}},{"type":"Feature","properties":{"CountryName":"Denmark","Type of Animal":"Pork"},"geometry":{"type":"Point","coordinates":[8.993652506,55.577225]}},{"type":"Feature","properties":{"CountryName":"Denmark","Type of Animal":"Pork"},"geometry":{"type":"Point","coordinates":[8.487599299,55.68753708]}},{"type":"Feature","properties":{"CountryName":"Denmark","Type of Animal":"Pork"},"geometry":{"type":"Point","coordinates":[10.1122744,55.99737825]}},{"type":"Feature","properties":{"CountryName":"Denmark","Type of Animal":"Pork"},"geometry":{"type":"Point","coordinates":[10.23343718,55.9144423]}},{"type":"Feature","properties":{"CountryName":"Denmark","Type of Animal":"Pork"},"geometry":{"type":"Point","coordinates":[10.23603477,55.9377414]}},{"type":"Feature","properties":{"CountryName":"Denmark","Type of Animal":"Pork"},"geometry":{"type":"Point","coordinates":[10.02286931,55.91806074]}},{"type":"Feature","properties":{"CountryName":"Denmark","Type of Animal":"Pork"},"geometry":{"type":"Point","coordinates":[10.1213406,55.88793371]}},{"type":"Feature","properties":{"CountryName":"Denmark","Type of Animal":"Pork"},"geometry":{"type":"Point","coordinates":[10.22285251,55.97631614]}},{"type":"Feature","properties":{"CountryName":"Denmark","Type of Animal":"Pork"},"geometry":{"type":"Point","coordinates":[10.07072742,55.95244823]}},{"type":"Feature","properties":{"CountryName":"Denmark","Type of Animal":"Pork"},"geometry":{"type":"Point","coordinates":[10.5404453,56.25731456]}},{"type":"Feature","properties":{"CountryName":"Denmark","Type of Animal":"Pork"},"geometry":{"type":"Point","coordinates":[10.65954246,56.39630358]}},{"type":"Feature","properties":{"CountryName":"Denmark","Type of Animal":"Pork"},"geometry":{"type":"Point","coordinates":[10.61751611,56.3889081]}},{"type":"Feature","properties":{"CountryName":"Denmark","Type of Animal":"Pork"},"geometry":{"type":"Point","coordinates":[10.78132508,56.27833592]}},{"type":"Feature","properties":{"CountryName":"Denmark","Type of Animal":"Pork"},"geometry":{"type":"Point","coordinates":[8.926363049,55.11470252]}},{"type":"Feature","properties":{"CountryName":"Denmark","Type of Animal":"Pork"},"geometry":{"type":"Point","coordinates":[8.656040607,57.00667612]}},{"type":"Feature","properties":{"CountryName":"Denmark","Type of Animal":"Pork"},"geometry":{"type":"Point","coordinates":[10.1903507,55.2777706]}},{"type":"Feature","properties":{"CountryName":"Denmark","Type of Animal":"Pork"},"geometry":{"type":"Point","coordinates":[8.773840923,55.05570843]}},{"type":"Feature","properties":{"CountryName":"Denmark","Type of Animal":"Pork"},"geometry":{"type":"Point","coordinates":[8.882776114,55.17160685]}},{"type":"Feature","properties":{"CountryName":"Denmark","Type of Animal":"Pork"},"geometry":{"type":"Point","coordinates":[10.07367943,55.29345371]}},{"type":"Feature","properties":{"CountryName":"Denmark","Type of Animal":"Pork"},"geometry":{"type":"Point","coordinates":[8.162428094,56.49467081]}},{"type":"Feature","properties":{"CountryName":"Denmark","Type of Animal":"Pork"},"geometry":{"type":"Point","coordinates":[8.13621774,56.45672414]}},{"type":"Feature","properties":{"CountryName":"Denmark","Type of Animal":"Pork"},"geometry":{"type":"Point","coordinates":[10.13852824,56.04107319]}},{"type":"Feature","properties":{"CountryName":"Denmark","Type of Animal":"Pork"},"geometry":{"type":"Point","coordinates":[8.838290615,55.08091377]}},{"type":"Feature","properties":{"CountryName":"Denmark","Type of Animal":"Pork"},"geometry":{"type":"Point","coordinates":[10.56445116,55.38802191]}},{"type":"Feature","properties":{"CountryName":"Denmark","Type of Animal":"Pork"},"geometry":{"type":"Point","coordinates":[10.62074528,55.37694093]}},{"type":"Feature","properties":{"CountryName":"Denmark","Type of Animal":"Pork"},"geometry":{"type":"Point","coordinates":[10.68875316,55.50959552]}},{"type":"Feature","properties":{"CountryName":"Denmark","Type of Animal":"Chicken"},"geometry":{"type":"Point","coordinates":[9.043163167,55.91885464]}},{"type":"Feature","properties":{"CountryName":"Denmark","Type of Animal":"Chicken"},"geometry":{"type":"Point","coordinates":[8.905059931,55.24323053]}},{"type":"Feature","properties":{"CountryName":"Denmark","Type of Animal":"Pork"},"geometry":{"type":"Point","coordinates":[10.8984709,56.44155695]}},{"type":"Feature","properties":{"CountryName":"Denmark","Type of Animal":"Pork"},"geometry":{"type":"Point","coordinates":[9.00793733,55.13762144]}},{"type":"Feature","properties":{"CountryName":"Denmark","Type of Animal":"Chicken"},"geometry":{"type":"Point","coordinates":[8.884170897,54.9153872]}},{"type":"Feature","properties":{"CountryName":"Denmark","Type of Animal":"Pork"},"geometry":{"type":"Point","coordinates":[8.424281741,55.98593816]}},{"type":"Feature","properties":{"CountryName":"Denmark","Type of Animal":"Pork"},"geometry":{"type":"Point","coordinates":[8.747688166,55.07308249]}},{"type":"Feature","properties":{"CountryName":"Denmark","Type of Animal":"Pork"},"geometry":{"type":"Point","coordinates":[9.090585487,55.06672228]}},{"type":"Feature","properties":{"CountryName":"Denmark","Type of Animal":"Pork"},"geometry":{"type":"Point","coordinates":[8.846466161,55.05455459]}},{"type":"Feature","properties":{"CountryName":"Denmark","Type of Animal":"Chicken"},"geometry":{"type":"Point","coordinates":[8.79543561,54.92214496]}},{"type":"Feature","properties":{"CountryName":"Denmark","Type of Animal":"Pork"},"geometry":{"type":"Point","coordinates":[8.211619339,56.42581005]}},{"type":"Feature","properties":{"CountryName":"Denmark","Type of Animal":"Pork"},"geometry":{"type":"Point","coordinates":[8.362663109,56.56467618]}},{"type":"Feature","properties":{"CountryName":"Denmark","Type of Animal":"Pork"},"geometry":{"type":"Point","coordinates":[8.219756512,56.51190557]}},{"type":"Feature","properties":{"CountryName":"Denmark","Type of Animal":"Pork"},"geometry":{"type":"Point","coordinates":[8.213102136,56.4533826]}},{"type":"Feature","properties":{"CountryName":"Denmark","Type of Animal":"Pork"},"geometry":{"type":"Point","coordinates":[9.896643888,56.1783446]}},{"type":"Feature","properties":{"CountryName":"Denmark","Type of Animal":"Pork"},"geometry":{"type":"Point","coordinates":[8.583666949,56.19711763]}},{"type":"Feature","properties":{"CountryName":"Denmark","Type of Animal":"Pork"},"geometry":{"type":"Point","coordinates":[8.972634618,56.19716242]}},{"type":"Feature","properties":{"CountryName":"Denmark","Type of Animal":"Pork"},"geometry":{"type":"Point","coordinates":[8.906680958,56.12277085]}},{"type":"Feature","properties":{"CountryName":"Denmark","Type of Animal":"Pork"},"geometry":{"type":"Point","coordinates":[10.7776935,55.24700344]}},{"type":"Feature","properties":{"CountryName":"Denmark","Type of Animal":"Pork"},"geometry":{"type":"Point","coordinates":[10.13228075,56.27994253]}},{"type":"Feature","properties":{"CountryName":"Denmark","Type of Animal":"Pork"},"geometry":{"type":"Point","coordinates":[9.801211608,56.91982567]}},{"type":"Feature","properties":{"CountryName":"Denmark","Type of Animal":"Pork"},"geometry":{"type":"Point","coordinates":[9.539174769,56.89905269]}},{"type":"Feature","properties":{"CountryName":"Denmark","Type of Animal":"Pork"},"geometry":{"type":"Point","coordinates":[9.183776348,55.6452808]}},{"type":"Feature","properties":{"CountryName":"Denmark","Type of Animal":"Pork"},"geometry":{"type":"Point","coordinates":[9.002342996,55.20309256]}},{"type":"Feature","properties":{"CountryName":"Denmark","Type of Animal":"Pork"},"geometry":{"type":"Point","coordinates":[8.527155762,56.62071863]}},{"type":"Feature","properties":{"CountryName":"Denmark","Type of Animal":"Pork"},"geometry":{"type":"Point","coordinates":[8.4357556,56.10469932]}},{"type":"Feature","properties":{"CountryName":"Denmark","Type of Animal":"Pork"},"geometry":{"type":"Point","coordinates":[10.92149587,56.45012416]}},{"type":"Feature","properties":{"CountryName":"Denmark","Type of Animal":"Pork"},"geometry":{"type":"Point","coordinates":[9.899366218,55.35534611]}},{"type":"Feature","properties":{"CountryName":"Denmark","Type of Animal":"Pork"},"geometry":{"type":"Point","coordinates":[9.922675974,55.39691678]}},{"type":"Feature","properties":{"CountryName":"Denmark","Type of Animal":"Pork"},"geometry":{"type":"Point","coordinates":[9.941518724,55.42114045]}},{"type":"Feature","properties":{"CountryName":"Denmark","Type of Animal":"Pork"},"geometry":{"type":"Point","coordinates":[9.960043403,55.44378673]}},{"type":"Feature","properties":{"CountryName":"Denmark","Type of Animal":"Pork"},"geometry":{"type":"Point","coordinates":[9.029986701,55.15653792]}},{"type":"Feature","properties":{"CountryName":"Denmark","Type of Animal":"Chicken"},"geometry":{"type":"Point","coordinates":[9.34361785,56.97703497]}},{"type":"Feature","properties":{"CountryName":"Denmark","Type of Animal":"Pork"},"geometry":{"type":"Point","coordinates":[10.11427963,56.01743795]}},{"type":"Feature","properties":{"CountryName":"Denmark","Type of Animal":"Pork"},"geometry":{"type":"Point","coordinates":[8.456391094,55.8065248]}},{"type":"Feature","properties":{"CountryName":"Denmark","Type of Animal":"Chicken"},"geometry":{"type":"Point","coordinates":[8.781512102,55.5313341]}},{"type":"Feature","properties":{"CountryName":"Denmark","Type of Animal":"Pork"},"geometry":{"type":"Point","coordinates":[10.18253253,57.26269867]}},{"type":"Feature","properties":{"CountryName":"Denmark","Type of Animal":"Pork"},"geometry":{"type":"Point","coordinates":[8.822535586,55.44763136]}},{"type":"Feature","properties":{"CountryName":"Denmark","Type of Animal":"Pork"},"geometry":{"type":"Point","coordinates":[10.16787432,57.27811361]}},{"type":"Feature","properties":{"CountryName":"Denmark","Type of Animal":"Pork"},"geometry":{"type":"Point","coordinates":[9.980379366,56.81712829]}},{"type":"Feature","properties":{"CountryName":"Denmark","Type of Animal":"Pork"},"geometry":{"type":"Point","coordinates":[9.883875241,57.37644307]}},{"type":"Feature","properties":{"CountryName":"Denmark","Type of Animal":"Pork"},"geometry":{"type":"Point","coordinates":[9.186395507,55.16553773]}},{"type":"Feature","properties":{"CountryName":"Denmark","Type of Animal":"Pork"},"geometry":{"type":"Point","coordinates":[8.983395136,55.67848739]}},{"type":"Feature","properties":{"CountryName":"Denmark","Type of Animal":"Pork"},"geometry":{"type":"Point","coordinates":[8.970779543,55.70485655]}},{"type":"Feature","properties":{"CountryName":"Denmark","Type of Animal":"Chicken"},"geometry":{"type":"Point","coordinates":[9.103501801,55.62044748]}},{"type":"Feature","properties":{"CountryName":"Denmark","Type of Animal":"Pork"},"geometry":{"type":"Point","coordinates":[9.080037123,55.77851337]}},{"type":"Feature","properties":{"CountryName":"Denmark","Type of Animal":"Chicken"},"geometry":{"type":"Point","coordinates":[9.270910276,55.88820359]}},{"type":"Feature","properties":{"CountryName":"Denmark","Type of Animal":"Pork"},"geometry":{"type":"Point","coordinates":[9.477811966,55.60067105]}},{"type":"Feature","properties":{"CountryName":"Denmark","Type of Animal":"Pork"},"geometry":{"type":"Point","coordinates":[9.501683867,54.99550249]}},{"type":"Feature","properties":{"CountryName":"Denmark","Type of Animal":"Pork"},"geometry":{"type":"Point","coordinates":[9.534201795,55.59383446]}},{"type":"Feature","properties":{"CountryName":"Denmark","Type of Animal":"Chicken"},"geometry":{"type":"Point","coordinates":[10.10420459,57.32581883]}},{"type":"Feature","properties":{"CountryName":"Denmark","Type of Animal":"Pork"},"geometry":{"type":"Point","coordinates":[10.04036267,56.92689482]}},{"type":"Feature","properties":{"CountryName":"Denmark","Type of Animal":"Chicken"},"geometry":{"type":"Point","coordinates":[10.27386978,57.48262156]}},{"type":"Feature","properties":{"CountryName":"Denmark","Type of Animal":"Chicken"},"geometry":{"type":"Point","coordinates":[11.9606744,55.09723656]}},{"type":"Feature","properties":{"CountryName":"Denmark","Type of Animal":"Pork"},"geometry":{"type":"Point","coordinates":[10.33578236,57.10491233]}},{"type":"Feature","properties":{"CountryName":"Denmark","Type of Animal":"Pork"},"geometry":{"type":"Point","coordinates":[9.109362602,56.35743534]}},{"type":"Feature","properties":{"CountryName":"Denmark","Type of Animal":"Pork"},"geometry":{"type":"Point","coordinates":[9.329937389,55.76120634]}},{"type":"Feature","properties":{"CountryName":"Denmark","Type of Animal":"Chicken"},"geometry":{"type":"Point","coordinates":[9.991424315,56.96282713]}},{"type":"Feature","properties":{"CountryName":"Denmark","Type of Animal":"Chicken"},"geometry":{"type":"Point","coordinates":[9.469317557,55.74173932]}},{"type":"Feature","properties":{"CountryName":"Denmark","Type of Animal":"Pork"},"geometry":{"type":"Point","coordinates":[9.397130995,55.12899618]}},{"type":"Feature","properties":{"CountryName":"Denmark","Type of Animal":"Pork"},"geometry":{"type":"Point","coordinates":[9.333664152,56.93188447]}},{"type":"Feature","properties":{"CountryName":"Denmark","Type of Animal":"Pork"},"geometry":{"type":"Point","coordinates":[11.90073748,54.69192861]}},{"type":"Feature","properties":{"CountryName":"Denmark","Type of Animal":"Pork"},"geometry":{"type":"Point","coordinates":[11.97480645,54.89560735]}},{"type":"Feature","properties":{"CountryName":"Denmark","Type of Animal":"Pork"},"geometry":{"type":"Point","coordinates":[11.65997973,54.85362407]}},{"type":"Feature","properties":{"CountryName":"Denmark","Type of Animal":"Pork"},"geometry":{"type":"Point","coordinates":[11.94628146,54.81279747]}},{"type":"Feature","properties":{"CountryName":"Denmark","Type of Animal":"Pork"},"geometry":{"type":"Point","coordinates":[10.8262902,54.96436529]}},{"type":"Feature","properties":{"CountryName":"Denmark","Type of Animal":"Chicken"},"geometry":{"type":"Point","coordinates":[12.04119262,54.8251345]}},{"type":"Feature","properties":{"CountryName":"Denmark","Type of Animal":"Pork"},"geometry":{"type":"Point","coordinates":[9.991964458,55.91134761]}},{"type":"Feature","properties":{"CountryName":"Denmark","Type of Animal":"Pork"},"geometry":{"type":"Point","coordinates":[9.616015326,56.02881678]}},{"type":"Feature","properties":{"CountryName":"Denmark","Type of Animal":"Pork"},"geometry":{"type":"Point","coordinates":[8.26857744,56.27629932]}},{"type":"Feature","properties":{"CountryName":"Denmark","Type of Animal":"Pork"},"geometry":{"type":"Point","coordinates":[10.1942854,55.86138268]}},{"type":"Feature","properties":{"CountryName":"Denmark","Type of Animal":"Chicken"},"geometry":{"type":"Point","coordinates":[9.447304992,55.29463119]}},{"type":"Feature","properties":{"CountryName":"Denmark","Type of Animal":"Pork"},"geometry":{"type":"Point","coordinates":[10.16500286,57.25914902]}},{"type":"Feature","properties":{"CountryName":"Denmark","Type of Animal":"Pork"},"geometry":{"type":"Point","coordinates":[10.4166476,57.29587573]}},{"type":"Feature","properties":{"CountryName":"Denmark","Type of Animal":"Pork"},"geometry":{"type":"Point","coordinates":[10.35328553,57.34280273]}},{"type":"Feature","properties":{"CountryName":"Denmark","Type of Animal":"Pork"},"geometry":{"type":"Point","coordinates":[9.391600172,55.19802022]}},{"type":"Feature","properties":{"CountryName":"Denmark","Type of Animal":"Pork"},"geometry":{"type":"Point","coordinates":[10.19452458,55.92872434]}},{"type":"Feature","properties":{"CountryName":"Denmark","Type of Animal":"Pork"},"geometry":{"type":"Point","coordinates":[9.502765863,56.8885151]}},{"type":"Feature","properties":{"CountryName":"Denmark","Type of Animal":"Pork"},"geometry":{"type":"Point","coordinates":[8.20240056,56.56180373]}},{"type":"Feature","properties":{"CountryName":"Denmark","Type of Animal":"Pork"},"geometry":{"type":"Point","coordinates":[8.571992888,55.9443798]}},{"type":"Feature","properties":{"CountryName":"Denmark","Type of Animal":"Pork"},"geometry":{"type":"Point","coordinates":[11.23202903,54.79884551]}},{"type":"Feature","properties":{"CountryName":"Denmark","Type of Animal":"Pork"},"geometry":{"type":"Point","coordinates":[8.222556174,56.5999274]}},{"type":"Feature","properties":{"CountryName":"Denmark","Type of Animal":"Pork"},"geometry":{"type":"Point","coordinates":[11.47031123,54.80941938]}},{"type":"Feature","properties":{"CountryName":"Denmark","Type of Animal":"Pork"},"geometry":{"type":"Point","coordinates":[11.75680448,54.72400511]}},{"type":"Feature","properties":{"CountryName":"Denmark","Type of Animal":"Pork"},"geometry":{"type":"Point","coordinates":[10.20349448,57.05413241]}},{"type":"Feature","properties":{"CountryName":"Denmark","Type of Animal":"Pork"},"geometry":{"type":"Point","coordinates":[9.414244892,56.1593195]}},{"type":"Feature","properties":{"CountryName":"Denmark","Type of Animal":"Pork"},"geometry":{"type":"Point","coordinates":[9.467793658,56.23915981]}},{"type":"Feature","properties":{"CountryName":"Denmark","Type of Animal":"Pork"},"geometry":{"type":"Point","coordinates":[10.18832351,56.95999155]}},{"type":"Feature","properties":{"CountryName":"Denmark","Type of Animal":"Chicken"},"geometry":{"type":"Point","coordinates":[9.857404466,57.37735886]}},{"type":"Feature","properties":{"CountryName":"Denmark","Type of Animal":"Pork"},"geometry":{"type":"Point","coordinates":[10.56445116,55.38802191]}},{"type":"Feature","properties":{"CountryName":"Denmark","Type of Animal":"Chicken"},"geometry":{"type":"Point","coordinates":[9.330049502,54.82216334]}},{"type":"Feature","properties":{"CountryName":"Denmark","Type of Animal":"Pork"},"geometry":{"type":"Point","coordinates":[9.315530078,56.3045131]}},{"type":"Feature","properties":{"CountryName":"Denmark","Type of Animal":"Pork"},"geometry":{"type":"Point","coordinates":[10.25280752,55.26650889]}},{"type":"Feature","properties":{"CountryName":"Denmark","Type of Animal":"Pork"},"geometry":{"type":"Point","coordinates":[10.3825817,55.54978357]}},{"type":"Feature","properties":{"CountryName":"Denmark","Type of Animal":"Pork"},"geometry":{"type":"Point","coordinates":[8.560485133,56.4068556]}},{"type":"Feature","properties":{"CountryName":"Denmark","Type of Animal":"Chicken"},"geometry":{"type":"Point","coordinates":[9.654178912,55.56607152]}},{"type":"Feature","properties":{"CountryName":"Denmark","Type of Animal":"Pork"},"geometry":{"type":"Point","coordinates":[9.324385977,56.95951485]}},{"type":"Feature","properties":{"CountryName":"Denmark","Type of Animal":"Pork"},"geometry":{"type":"Point","coordinates":[9.898189127,57.14014577]}},{"type":"Feature","properties":{"CountryName":"Denmark","Type of Animal":"Pork"},"geometry":{"type":"Point","coordinates":[10.52524424,55.19360338]}},{"type":"Feature","properties":{"CountryName":"Denmark","Type of Animal":"Pork"},"geometry":{"type":"Point","coordinates":[9.699018438,54.93099858]}},{"type":"Feature","properties":{"CountryName":"Denmark","Type of Animal":"Pork"},"geometry":{"type":"Point","coordinates":[9.802195167,57.12111841]}},{"type":"Feature","properties":{"CountryName":"Denmark","Type of Animal":"Pork"},"geometry":{"type":"Point","coordinates":[8.960827792,55.97407676]}},{"type":"Feature","properties":{"CountryName":"Denmark","Type of Animal":"Pork"},"geometry":{"type":"Point","coordinates":[9.492554414,56.68114219]}},{"type":"Feature","properties":{"CountryName":"Denmark","Type of Animal":"Pork"},"geometry":{"type":"Point","coordinates":[10.1664922,57.35937552]}},{"type":"Feature","properties":{"CountryName":"Denmark","Type of Animal":"Chicken"},"geometry":{"type":"Point","coordinates":[10.0966874,57.4081252]}},{"type":"Feature","properties":{"CountryName":"Denmark","Type of Animal":"Pork"},"geometry":{"type":"Point","coordinates":[9.941412339,57.18335955]}},{"type":"Feature","properties":{"CountryName":"Denmark","Type of Animal":"Pork"},"geometry":{"type":"Point","coordinates":[10.07882047,56.993412]}},{"type":"Feature","properties":{"CountryName":"Denmark","Type of Animal":"Pork"},"geometry":{"type":"Point","coordinates":[8.799004068,55.02243663]}},{"type":"Feature","properties":{"CountryName":"Denmark","Type of Animal":"Pork"},"geometry":{"type":"Point","coordinates":[9.512277712,56.94230156]}},{"type":"Feature","properties":{"CountryName":"Denmark","Type of Animal":"Pork"},"geometry":{"type":"Point","coordinates":[9.72533378,54.84433267]}},{"type":"Feature","properties":{"CountryName":"Denmark","Type of Animal":"Pork"},"geometry":{"type":"Point","coordinates":[10.64001803,55.2276768]}},{"type":"Feature","properties":{"CountryName":"Denmark","Type of Animal":"Pork"},"geometry":{"type":"Point","coordinates":[8.673104225,56.42481467]}},{"type":"Feature","properties":{"CountryName":"Denmark","Type of Animal":"Pork"},"geometry":{"type":"Point","coordinates":[9.721451172,57.17830163]}},{"type":"Feature","properties":{"CountryName":"Denmark","Type of Animal":"Pork"},"geometry":{"type":"Point","coordinates":[8.643945032,56.42742409]}},{"type":"Feature","properties":{"CountryName":"Denmark","Type of Animal":"Pork"},"geometry":{"type":"Point","coordinates":[8.601925133,56.42913211]}},{"type":"Feature","properties":{"CountryName":"Denmark","Type of Animal":"Pork"},"geometry":{"type":"Point","coordinates":[8.541947425,56.45574377]}},{"type":"Feature","properties":{"CountryName":"Denmark","Type of Animal":"Pork"},"geometry":{"type":"Point","coordinates":[9.506117894,56.74709995]}},{"type":"Feature","properties":{"CountryName":"Denmark","Type of Animal":"Pork"},"geometry":{"type":"Point","coordinates":[9.919887444,56.87985814]}},{"type":"Feature","properties":{"CountryName":"Denmark","Type of Animal":"Pork"},"geometry":{"type":"Point","coordinates":[8.817667685,56.50741251]}},{"type":"Feature","properties":{"CountryName":"Denmark","Type of Animal":"Pork"},"geometry":{"type":"Point","coordinates":[8.754130252,56.01543272]}},{"type":"Feature","properties":{"CountryName":"Denmark","Type of Animal":"Chicken"},"geometry":{"type":"Point","coordinates":[9.035001808,55.98325429]}},{"type":"Feature","properties":{"CountryName":"Denmark","Type of Animal":"Chicken"},"geometry":{"type":"Point","coordinates":[9.191530543,56.2118723]}},{"type":"Feature","properties":{"CountryName":"Denmark","Type of Animal":"Pork"},"geometry":{"type":"Point","coordinates":[8.377101897,55.80616011]}},{"type":"Feature","properties":{"CountryName":"Denmark","Type of Animal":"Pork"},"geometry":{"type":"Point","coordinates":[8.424777247,55.82948223]}},{"type":"Feature","properties":{"CountryName":"Denmark","Type of Animal":"Pork"},"geometry":{"type":"Point","coordinates":[11.10503566,54.76033123]}},{"type":"Feature","properties":{"CountryName":"Denmark","Type of Animal":"Chicken"},"geometry":{"type":"Point","coordinates":[8.953913148,56.23258541]}},{"type":"Feature","properties":{"CountryName":"Denmark","Type of Animal":"Pork"},"geometry":{"type":"Point","coordinates":[12.3138707,54.96632835]}},{"type":"Feature","properties":{"CountryName":"Denmark","Type of Animal":"Chicken"},"geometry":{"type":"Point","coordinates":[9.386982685,56.95953964]}},{"type":"Feature","properties":{"CountryName":"Denmark","Type of Animal":"Pork"},"geometry":{"type":"Point","coordinates":[9.286286681,56.73716122]}},{"type":"Feature","properties":{"CountryName":"Denmark","Type of Animal":"Pork"},"geometry":{"type":"Point","coordinates":[11.81320825,55.58595626]}},{"type":"Feature","properties":{"CountryName":"Denmark","Type of Animal":"Pork"},"geometry":{"type":"Point","coordinates":[9.903207442,56.5018781]}},{"type":"Feature","properties":{"CountryName":"Denmark","Type of Animal":"Chicken"},"geometry":{"type":"Point","coordinates":[9.682761021,55.2475152]}},{"type":"Feature","properties":{"CountryName":"Denmark","Type of Animal":"Pork"},"geometry":{"type":"Point","coordinates":[8.944083458,55.93748011]}},{"type":"Feature","properties":{"CountryName":"Denmark","Type of Animal":"Pork"},"geometry":{"type":"Point","coordinates":[8.923951733,54.99748321]}},{"type":"Feature","properties":{"CountryName":"Denmark","Type of Animal":"Pork"},"geometry":{"type":"Point","coordinates":[8.763951584,55.0453512]}},{"type":"Feature","properties":{"CountryName":"Denmark","Type of Animal":"Pork"},"geometry":{"type":"Point","coordinates":[9.88772506,55.37168458]}},{"type":"Feature","properties":{"CountryName":"Denmark","Type of Animal":"Pork"},"geometry":{"type":"Point","coordinates":[8.816026887,56.04281661]}},{"type":"Feature","properties":{"CountryName":"Denmark","Type of Animal":"Pork"},"geometry":{"type":"Point","coordinates":[9.513030649,54.9237188]}},{"type":"Feature","properties":{"CountryName":"Denmark","Type of Animal":"Pork"},"geometry":{"type":"Point","coordinates":[11.48301452,55.70257742]}},{"type":"Feature","properties":{"CountryName":"Denmark","Type of Animal":"Pork"},"geometry":{"type":"Point","coordinates":[15.02992043,55.03932811]}},{"type":"Feature","properties":{"CountryName":"Denmark","Type of Animal":"Pork"},"geometry":{"type":"Point","coordinates":[8.362605322,56.12673164]}},{"type":"Feature","properties":{"CountryName":"Denmark","Type of Animal":"Pork"},"geometry":{"type":"Point","coordinates":[8.412063741,56.10076912]}},{"type":"Feature","properties":{"CountryName":"Denmark","Type of Animal":"Pork"},"geometry":{"type":"Point","coordinates":[9.25580859,54.91100602]}},{"type":"Feature","properties":{"CountryName":"Denmark","Type of Animal":"Chicken"},"geometry":{"type":"Point","coordinates":[9.342993757,54.86813598]}},{"type":"Feature","properties":{"CountryName":"Denmark","Type of Animal":"Pork"},"geometry":{"type":"Point","coordinates":[9.541629882,54.95978197]}},{"type":"Feature","properties":{"CountryName":"Denmark","Type of Animal":"Chicken"},"geometry":{"type":"Point","coordinates":[9.203103439,54.97529852]}},{"type":"Feature","properties":{"CountryName":"Denmark","Type of Animal":"Pork"},"geometry":{"type":"Point","coordinates":[10.65489347,55.16591291]}},{"type":"Feature","properties":{"CountryName":"Denmark","Type of Animal":"Pork"},"geometry":{"type":"Point","coordinates":[10.28367291,57.12314247]}},{"type":"Feature","properties":{"CountryName":"Denmark","Type of Animal":"Chicken"},"geometry":{"type":"Point","coordinates":[9.126716373,55.13707722]}},{"type":"Feature","properties":{"CountryName":"Denmark","Type of Animal":"Pork"},"geometry":{"type":"Point","coordinates":[9.549093349,55.94579814]}},{"type":"Feature","properties":{"CountryName":"Denmark","Type of Animal":"Pork"},"geometry":{"type":"Point","coordinates":[10.78704077,55.16898492]}},{"type":"Feature","properties":{"CountryName":"Denmark","Type of Animal":"Pork"},"geometry":{"type":"Point","coordinates":[9.045500042,56.19667568]}},{"type":"Feature","properties":{"CountryName":"Denmark","Type of Animal":"Pork"},"geometry":{"type":"Point","coordinates":[9.325891577,56.97665981]}},{"type":"Feature","properties":{"CountryName":"Denmark","Type of Animal":"Pork"},"geometry":{"type":"Point","coordinates":[11.54143612,55.60536678]}},{"type":"Feature","properties":{"CountryName":"Denmark","Type of Animal":"Pork"},"geometry":{"type":"Point","coordinates":[11.64834907,55.61085482]}},{"type":"Feature","properties":{"CountryName":"Denmark","Type of Animal":"Pork"},"geometry":{"type":"Point","coordinates":[11.7868274,55.54553332]}},{"type":"Feature","properties":{"CountryName":"Denmark","Type of Animal":"Pork"},"geometry":{"type":"Point","coordinates":[9.869684826,56.53703151]}},{"type":"Feature","properties":{"CountryName":"Denmark","Type of Animal":"Pork"},"geometry":{"type":"Point","coordinates":[9.33051929,56.25978934]}},{"type":"Feature","properties":{"CountryName":"Denmark","Type of Animal":"Pork"},"geometry":{"type":"Point","coordinates":[9.234692893,54.91303305]}},{"type":"Feature","properties":{"CountryName":"Denmark","Type of Animal":"Pork"},"geometry":{"type":"Point","coordinates":[10.30685841,55.3140374]}},{"type":"Feature","properties":{"CountryName":"Denmark","Type of Animal":"Pork"},"geometry":{"type":"Point","coordinates":[9.248615247,56.36541723]}},{"type":"Feature","properties":{"CountryName":"Denmark","Type of Animal":"Pork"},"geometry":{"type":"Point","coordinates":[10.45684424,56.37793659]}},{"type":"Feature","properties":{"CountryName":"Denmark","Type of Animal":"Pork"},"geometry":{"type":"Point","coordinates":[9.00203021,56.29913575]}},{"type":"Feature","properties":{"CountryName":"Denmark","Type of Animal":"Chicken"},"geometry":{"type":"Point","coordinates":[9.428362396,56.79734503]}},{"type":"Feature","properties":{"CountryName":"Denmark","Type of Animal":"Pork"},"geometry":{"type":"Point","coordinates":[8.789490401,55.88940589]}},{"type":"Feature","properties":{"CountryName":"Denmark","Type of Animal":"Pork"},"geometry":{"type":"Point","coordinates":[9.072815918,55.10245825]}},{"type":"Feature","properties":{"CountryName":"Denmark","Type of Animal":"Pork"},"geometry":{"type":"Point","coordinates":[9.227697569,55.12871842]}},{"type":"Feature","properties":{"CountryName":"Denmark","Type of Animal":"Pork"},"geometry":{"type":"Point","coordinates":[9.031418152,55.2152401]}},{"type":"Feature","properties":{"CountryName":"Denmark","Type of Animal":"Chicken"},"geometry":{"type":"Point","coordinates":[8.778092203,54.9469971]}},{"type":"Feature","properties":{"CountryName":"Denmark","Type of Animal":"Pork"},"geometry":{"type":"Point","coordinates":[8.861400635,55.20379798]}},{"type":"Feature","properties":{"CountryName":"Denmark","Type of Animal":"Pork"},"geometry":{"type":"Point","coordinates":[8.649283078,55.0507009]}},{"type":"Feature","properties":{"CountryName":"Denmark","Type of Animal":"Pork"},"geometry":{"type":"Point","coordinates":[9.068107662,55.02534578]}},{"type":"Feature","properties":{"CountryName":"Denmark","Type of Animal":"Pork"},"geometry":{"type":"Point","coordinates":[8.751847548,55.97574382]}},{"type":"Feature","properties":{"CountryName":"Denmark","Type of Animal":"Pork"},"geometry":{"type":"Point","coordinates":[8.194002654,56.48295283]}},{"type":"Feature","properties":{"CountryName":"Denmark","Type of Animal":"Pork"},"geometry":{"type":"Point","coordinates":[9.286634834,56.37155707]}},{"type":"Feature","properties":{"CountryName":"Denmark","Type of Animal":"Pork"},"geometry":{"type":"Point","coordinates":[9.745427645,55.92926677]}},{"type":"Feature","properties":{"CountryName":"Denmark","Type of Animal":"Chicken"},"geometry":{"type":"Point","coordinates":[10.25194239,57.40902956]}},{"type":"Feature","properties":{"CountryName":"Denmark","Type of Animal":"Pork"},"geometry":{"type":"Point","coordinates":[9.778229182,55.97538544]}},{"type":"Feature","properties":{"CountryName":"Denmark","Type of Animal":"Pork"},"geometry":{"type":"Point","coordinates":[8.854917606,56.13974801]}},{"type":"Feature","properties":{"CountryName":"Denmark","Type of Animal":"Pork"},"geometry":{"type":"Point","coordinates":[8.716351518,56.20275535]}},{"type":"Feature","properties":{"CountryName":"Denmark","Type of Animal":"Pork"},"geometry":{"type":"Point","coordinates":[9.261928793,56.93691338]}},{"type":"Feature","properties":{"CountryName":"Denmark","Type of Animal":"Pork"},"geometry":{"type":"Point","coordinates":[9.904648406,55.95000055]}},{"type":"Feature","properties":{"CountryName":"Denmark","Type of Animal":"Pork"},"geometry":{"type":"Point","coordinates":[12.46931592,54.98082206]}},{"type":"Feature","properties":{"CountryName":"Denmark","Type of Animal":"Pork"},"geometry":{"type":"Point","coordinates":[9.724757183,56.19431245]}},{"type":"Feature","properties":{"CountryName":"Denmark","Type of Animal":"Pork"},"geometry":{"type":"Point","coordinates":[11.46701462,55.59385928]}},{"type":"Feature","properties":{"CountryName":"Denmark","Type of Animal":"Chicken"},"geometry":{"type":"Point","coordinates":[9.866426735,56.97316416]}},{"type":"Feature","properties":{"CountryName":"Denmark","Type of Animal":"Pork"},"geometry":{"type":"Point","coordinates":[8.39339359,56.11924332]}},{"type":"Feature","properties":{"CountryName":"Denmark","Type of Animal":"Pork"},"geometry":{"type":"Point","coordinates":[8.99758528,55.53087085]}},{"type":"Feature","properties":{"CountryName":"Denmark","Type of Animal":"Chicken"},"geometry":{"type":"Point","coordinates":[9.162725577,55.13628196]}},{"type":"Feature","properties":{"CountryName":"Denmark","Type of Animal":"Pork"},"geometry":{"type":"Point","coordinates":[9.338305864,55.21422806]}},{"type":"Feature","properties":{"CountryName":"Denmark","Type of Animal":"Pork"},"geometry":{"type":"Point","coordinates":[12.36400608,55.26952715]}},{"type":"Feature","properties":{"CountryName":"Denmark","Type of Animal":"Pork"},"geometry":{"type":"Point","coordinates":[11.6417331,55.53482248]}},{"type":"Feature","properties":{"CountryName":"Denmark","Type of Animal":"Pork"},"geometry":{"type":"Point","coordinates":[9.481564141,55.19359072]}},{"type":"Feature","properties":{"CountryName":"Denmark","Type of Animal":"Pork"},"geometry":{"type":"Point","coordinates":[8.892932754,56.14138645]}},{"type":"Feature","properties":{"CountryName":"Denmark","Type of Animal":"Pork"},"geometry":{"type":"Point","coordinates":[8.703147747,56.24279066]}},{"type":"Feature","properties":{"CountryName":"Denmark","Type of Animal":"Pork"},"geometry":{"type":"Point","coordinates":[8.874660165,56.05997008]}},{"type":"Feature","properties":{"CountryName":"Denmark","Type of Animal":"Chicken"},"geometry":{"type":"Point","coordinates":[9.834768087,57.30534788]}},{"type":"Feature","properties":{"CountryName":"Denmark","Type of Animal":"Pork"},"geometry":{"type":"Point","coordinates":[9.621579162,56.57919824]}},{"type":"Feature","properties":{"CountryName":"Denmark","Type of Animal":"Pork"},"geometry":{"type":"Point","coordinates":[8.463571217,55.77322382]}},{"type":"Feature","properties":{"CountryName":"Denmark","Type of Animal":"Pork"},"geometry":{"type":"Point","coordinates":[9.980379366,56.81712829]}},{"type":"Feature","properties":{"CountryName":"Denmark","Type of Animal":"Pork"},"geometry":{"type":"Point","coordinates":[9.984216527,55.99747303]}},{"type":"Feature","properties":{"CountryName":"Denmark","Type of Animal":"Pork"},"geometry":{"type":"Point","coordinates":[9.298118937,55.86271699]}},{"type":"Feature","properties":{"CountryName":"Denmark","Type of Animal":"Pork"},"geometry":{"type":"Point","coordinates":[8.650553766,56.69434863]}},{"type":"Feature","properties":{"CountryName":"Denmark","Type of Animal":"Pork"},"geometry":{"type":"Point","coordinates":[10.08859745,57.37496277]}},{"type":"Feature","properties":{"CountryName":"Denmark","Type of Animal":"Pork"},"geometry":{"type":"Point","coordinates":[9.785232919,56.84198402]}},{"type":"Feature","properties":{"CountryName":"Denmark","Type of Animal":"Pork"},"geometry":{"type":"Point","coordinates":[8.150404441,56.12664525]}},{"type":"Feature","properties":{"CountryName":"Denmark","Type of Animal":"Chicken"},"geometry":{"type":"Point","coordinates":[9.691777586,56.71379597]}},{"type":"Feature","properties":{"CountryName":"Denmark","Type of Animal":"Pork"},"geometry":{"type":"Point","coordinates":[9.865865942,57.38679315]}},{"type":"Feature","properties":{"CountryName":"Denmark","Type of Animal":"Pork"},"geometry":{"type":"Point","coordinates":[10.00512552,57.40901785]}},{"type":"Feature","properties":{"CountryName":"Denmark","Type of Animal":"Pork"},"geometry":{"type":"Point","coordinates":[11.78583474,54.67434584]}},{"type":"Feature","properties":{"CountryName":"Denmark","Type of Animal":"Pork"},"geometry":{"type":"Point","coordinates":[11.27898893,54.85985424]}},{"type":"Feature","properties":{"CountryName":"Denmark","Type of Animal":"Pork"},"geometry":{"type":"Point","coordinates":[11.21044036,55.36461474]}},{"type":"Feature","properties":{"CountryName":"Denmark","Type of Animal":"Pork"},"geometry":{"type":"Point","coordinates":[11.07376168,54.89959641]}},{"type":"Feature","properties":{"CountryName":"Denmark","Type of Animal":"Pork"},"geometry":{"type":"Point","coordinates":[9.792273168,55.74592802]}},{"type":"Feature","properties":{"CountryName":"Denmark","Type of Animal":"Pork"},"geometry":{"type":"Point","coordinates":[9.296654866,56.02098103]}},{"type":"Feature","properties":{"CountryName":"Denmark","Type of Animal":"Chicken"},"geometry":{"type":"Point","coordinates":[9.151234451,55.16595997]}},{"type":"Feature","properties":{"CountryName":"Denmark","Type of Animal":"Chicken"},"geometry":{"type":"Point","coordinates":[9.270012068,55.19257417]}},{"type":"Feature","properties":{"CountryName":"Denmark","Type of Animal":"Chicken"},"geometry":{"type":"Point","coordinates":[8.599935976,56.39399264]}},{"type":"Feature","properties":{"CountryName":"Denmark","Type of Animal":"Pork"},"geometry":{"type":"Point","coordinates":[8.686382223,56.39394234]}},{"type":"Feature","properties":{"CountryName":"Denmark","Type of Animal":"Pork"},"geometry":{"type":"Point","coordinates":[8.65287916,56.3207928]}},{"type":"Feature","properties":{"CountryName":"Denmark","Type of Animal":"Pork"},"geometry":{"type":"Point","coordinates":[8.272602599,56.23063956]}},{"type":"Feature","properties":{"CountryName":"Denmark","Type of Animal":"Pork"},"geometry":{"type":"Point","coordinates":[8.295358367,56.23684213]}},{"type":"Feature","properties":{"CountryName":"Denmark","Type of Animal":"Pork"},"geometry":{"type":"Point","coordinates":[8.447709683,56.3739053]}},{"type":"Feature","properties":{"CountryName":"Denmark","Type of Animal":"Chicken"},"geometry":{"type":"Point","coordinates":[8.782194955,56.46000976]}},{"type":"Feature","properties":{"CountryName":"Denmark","Type of Animal":"Pork"},"geometry":{"type":"Point","coordinates":[8.951691695,56.38734397]}},{"type":"Feature","properties":{"CountryName":"Denmark","Type of Animal":"Pork"},"geometry":{"type":"Point","coordinates":[8.979756365,56.48361014]}},{"type":"Feature","properties":{"CountryName":"Denmark","Type of Animal":"Chicken"},"geometry":{"type":"Point","coordinates":[8.795589183,56.42841043]}},{"type":"Feature","properties":{"CountryName":"Denmark","Type of Animal":"Pork"},"geometry":{"type":"Point","coordinates":[8.932586733,56.48328669]}},{"type":"Feature","properties":{"CountryName":"Denmark","Type of Animal":"Chicken"},"geometry":{"type":"Point","coordinates":[8.756630336,55.53562534]}},{"type":"Feature","properties":{"CountryName":"Denmark","Type of Animal":"Pork"},"geometry":{"type":"Point","coordinates":[11.30945172,55.3801092]}},{"type":"Feature","properties":{"CountryName":"Denmark","Type of Animal":"Pork"},"geometry":{"type":"Point","coordinates":[10.5632834,55.12922771]}},{"type":"Feature","properties":{"CountryName":"Denmark","Type of Animal":"Chicken"},"geometry":{"type":"Point","coordinates":[8.422762465,56.7715506]}},{"type":"Feature","properties":{"CountryName":"Denmark","Type of Animal":"Pork"},"geometry":{"type":"Point","coordinates":[9.099251607,55.02842027]}},{"type":"Feature","properties":{"CountryName":"Denmark","Type of Animal":"Pork"},"geometry":{"type":"Point","coordinates":[9.319503373,55.04205442]}},{"type":"Feature","properties":{"CountryName":"Denmark","Type of Animal":"Pork"},"geometry":{"type":"Point","coordinates":[9.628779541,55.22410422]}},{"type":"Feature","properties":{"CountryName":"Denmark","Type of Animal":"Pork"},"geometry":{"type":"Point","coordinates":[14.96053748,55.18901547]}},{"type":"Feature","properties":{"CountryName":"Denmark","Type of Animal":"Pork"},"geometry":{"type":"Point","coordinates":[11.97936796,55.36163696]}},{"type":"Feature","properties":{"CountryName":"Denmark","Type of Animal":"Pork"},"geometry":{"type":"Point","coordinates":[12.18631784,55.26352714]}},{"type":"Feature","properties":{"CountryName":"Denmark","Type of Animal":"Pork"},"geometry":{"type":"Point","coordinates":[8.337228841,56.74536413]}},{"type":"Feature","properties":{"CountryName":"Denmark","Type of Animal":"Pork"},"geometry":{"type":"Point","coordinates":[10.82199686,56.36242383]}},{"type":"Feature","properties":{"CountryName":"Denmark","Type of Animal":"Chicken"},"geometry":{"type":"Point","coordinates":[11.78342727,55.35082558]}},{"type":"Feature","properties":{"CountryName":"Denmark","Type of Animal":"Pork"},"geometry":{"type":"Point","coordinates":[8.378939511,56.40817782]}},{"type":"Feature","properties":{"CountryName":"Denmark","Type of Animal":"Pork"},"geometry":{"type":"Point","coordinates":[8.19265322,56.13823521]}},{"type":"Feature","properties":{"CountryName":"Denmark","Type of Animal":"Pork"},"geometry":{"type":"Point","coordinates":[8.360810621,56.14014796]}},{"type":"Feature","properties":{"CountryName":"Denmark","Type of Animal":"Pork"},"geometry":{"type":"Point","coordinates":[8.271979769,56.14989002]}},{"type":"Feature","properties":{"CountryName":"Denmark","Type of Animal":"Pork"},"geometry":{"type":"Point","coordinates":[11.87719035,54.87677455]}},{"type":"Feature","properties":{"CountryName":"Denmark","Type of Animal":"Pork"},"geometry":{"type":"Point","coordinates":[10.32604347,55.30285811]}},{"type":"Feature","properties":{"CountryName":"Denmark","Type of Animal":"Pork"},"geometry":{"type":"Point","coordinates":[9.843958953,55.4448661]}},{"type":"Feature","properties":{"CountryName":"Denmark","Type of Animal":"Chicken"},"geometry":{"type":"Point","coordinates":[8.609394703,56.27859571]}},{"type":"Feature","properties":{"CountryName":"Denmark","Type of Animal":"Pork"},"geometry":{"type":"Point","coordinates":[10.18654058,57.32897807]}},{"type":"Feature","properties":{"CountryName":"Denmark","Type of Animal":"Pork"},"geometry":{"type":"Point","coordinates":[10.12036265,57.45541007]}},{"type":"Feature","properties":{"CountryName":"Denmark","Type of Animal":"Pork"},"geometry":{"type":"Point","coordinates":[9.800241056,57.26137984]}},{"type":"Feature","properties":{"CountryName":"Denmark","Type of Animal":"Pork"},"geometry":{"type":"Point","coordinates":[9.469341426,55.94226479]}},{"type":"Feature","properties":{"CountryName":"Denmark","Type of Animal":"Pork"},"geometry":{"type":"Point","coordinates":[9.510932278,55.92132069]}},{"type":"Feature","properties":{"CountryName":"Denmark","Type of Animal":"Pork"},"geometry":{"type":"Point","coordinates":[8.356622148,55.86932936]}},{"type":"Feature","properties":{"CountryName":"Denmark","Type of Animal":"Pork"},"geometry":{"type":"Point","coordinates":[9.218659761,55.24260249]}},{"type":"Feature","properties":{"CountryName":"Denmark","Type of Animal":"Pork"},"geometry":{"type":"Point","coordinates":[9.922142791,57.49185807]}},{"type":"Feature","properties":{"CountryName":"Denmark","Type of Animal":"Pork"},"geometry":{"type":"Point","coordinates":[9.249459113,55.25704175]}},{"type":"Feature","properties":{"CountryName":"Denmark","Type of Animal":"Pork"},"geometry":{"type":"Point","coordinates":[8.818164406,55.47332798]}},{"type":"Feature","properties":{"CountryName":"Denmark","Type of Animal":"Pork"},"geometry":{"type":"Point","coordinates":[9.272820367,56.1219223]}},{"type":"Feature","properties":{"CountryName":"Denmark","Type of Animal":"Pork"},"geometry":{"type":"Point","coordinates":[8.57608888,55.8752503]}},{"type":"Feature","properties":{"CountryName":"Denmark","Type of Animal":"Pork"},"geometry":{"type":"Point","coordinates":[8.191984157,56.10595797]}},{"type":"Feature","properties":{"CountryName":"Denmark","Type of Animal":"Pork"},"geometry":{"type":"Point","coordinates":[9.014699482,55.3176968]}},{"type":"Feature","properties":{"CountryName":"Denmark","Type of Animal":"Pork"},"geometry":{"type":"Point","coordinates":[10.02065293,57.39676613]}},{"type":"Feature","properties":{"CountryName":"Denmark","Type of Animal":"Pork"},"geometry":{"type":"Point","coordinates":[10.07823145,57.49224699]}},{"type":"Feature","properties":{"CountryName":"Denmark","Type of Animal":"Pork"},"geometry":{"type":"Point","coordinates":[9.519077487,55.89454619]}},{"type":"Feature","properties":{"CountryName":"Denmark","Type of Animal":"Pork"},"geometry":{"type":"Point","coordinates":[12.25336078,54.9632022]}},{"type":"Feature","properties":{"CountryName":"Denmark","Type of Animal":"Pork"},"geometry":{"type":"Point","coordinates":[9.834771575,55.73315847]}},{"type":"Feature","properties":{"CountryName":"Denmark","Type of Animal":"Pork"},"geometry":{"type":"Point","coordinates":[11.91993203,55.10313123]}},{"type":"Feature","properties":{"CountryName":"Denmark","Type of Animal":"Pork"},"geometry":{"type":"Point","coordinates":[10.81105024,56.48495266]}},{"type":"Feature","properties":{"CountryName":"Denmark","Type of Animal":"Chicken"},"geometry":{"type":"Point","coordinates":[8.601328351,56.45148496]}},{"type":"Feature","properties":{"CountryName":"Denmark","Type of Animal":"Pork"},"geometry":{"type":"Point","coordinates":[10.75571128,56.35518913]}},{"type":"Feature","properties":{"CountryName":"Denmark","Type of Animal":"Chicken"},"geometry":{"type":"Point","coordinates":[8.645918317,55.67300887]}},{"type":"Feature","properties":{"CountryName":"Denmark","Type of Animal":"Chicken"},"geometry":{"type":"Point","coordinates":[9.648324898,55.92661601]}},{"type":"Feature","properties":{"CountryName":"Denmark","Type of Animal":"Pork"},"geometry":{"type":"Point","coordinates":[10.91050804,56.45130926]}},{"type":"Feature","properties":{"CountryName":"Denmark","Type of Animal":"Pork"},"geometry":{"type":"Point","coordinates":[9.883395685,55.92193597]}},{"type":"Feature","properties":{"CountryName":"Denmark","Type of Animal":"Pork"},"geometry":{"type":"Point","coordinates":[9.881190423,57.26784217]}},{"type":"Feature","properties":{"CountryName":"Denmark","Type of Animal":"Pork"},"geometry":{"type":"Point","coordinates":[9.351847955,55.48588095]}},{"type":"Feature","properties":{"CountryName":"Denmark","Type of Animal":"Chicken"},"geometry":{"type":"Point","coordinates":[9.669921932,55.24388193]}},{"type":"Feature","properties":{"CountryName":"Denmark","Type of Animal":"Pork"},"geometry":{"type":"Point","coordinates":[9.5765781,55.32839287]}},{"type":"Feature","properties":{"CountryName":"Denmark","Type of Animal":"Pork"},"geometry":{"type":"Point","coordinates":[9.288894086,55.0456421]}},{"type":"Feature","properties":{"CountryName":"Denmark","Type of Animal":"Pork"},"geometry":{"type":"Point","coordinates":[9.334400183,54.92431669]}},{"type":"Feature","properties":{"CountryName":"Denmark","Type of Animal":"Pork"},"geometry":{"type":"Point","coordinates":[8.250123822,56.42471673]}},{"type":"Feature","properties":{"CountryName":"Denmark","Type of Animal":"Pork"},"geometry":{"type":"Point","coordinates":[9.129695597,55.02623652]}},{"type":"Feature","properties":{"CountryName":"Denmark","Type of Animal":"Pork"},"geometry":{"type":"Point","coordinates":[11.83865534,55.10333566]}},{"type":"Feature","properties":{"CountryName":"Denmark","Type of Animal":"Pork"},"geometry":{"type":"Point","coordinates":[8.286405957,56.437964]}},{"type":"Feature","properties":{"CountryName":"Denmark","Type of Animal":"Pork"},"geometry":{"type":"Point","coordinates":[9.251092113,55.15257201]}},{"type":"Feature","properties":{"CountryName":"Denmark","Type of Animal":"Pork"},"geometry":{"type":"Point","coordinates":[9.346452431,55.2892691]}},{"type":"Feature","properties":{"CountryName":"Denmark","Type of Animal":"Pork"},"geometry":{"type":"Point","coordinates":[10.42895819,57.29774693]}},{"type":"Feature","properties":{"CountryName":"Denmark","Type of Animal":"Pork"},"geometry":{"type":"Point","coordinates":[8.373815423,56.77501815]}},{"type":"Feature","properties":{"CountryName":"Denmark","Type of Animal":"Pork"},"geometry":{"type":"Point","coordinates":[8.289647843,56.16313669]}},{"type":"Feature","properties":{"CountryName":"Denmark","Type of Animal":"Chicken"},"geometry":{"type":"Point","coordinates":[8.455529277,56.50880799]}},{"type":"Feature","properties":{"CountryName":"Denmark","Type of Animal":"Pork"},"geometry":{"type":"Point","coordinates":[8.828690706,57.01353931]}},{"type":"Feature","properties":{"CountryName":"Denmark","Type of Animal":"Pork"},"geometry":{"type":"Point","coordinates":[9.111118962,55.05154532]}},{"type":"Feature","properties":{"CountryName":"Denmark","Type of Animal":"Pork"},"geometry":{"type":"Point","coordinates":[10.10266239,57.32819876]}},{"type":"Feature","properties":{"CountryName":"Denmark","Type of Animal":"Pork"},"geometry":{"type":"Point","coordinates":[8.353821545,56.53105776]}},{"type":"Feature","properties":{"CountryName":"Denmark","Type of Animal":"Pork"},"geometry":{"type":"Point","coordinates":[9.033585948,56.07987298]}},{"type":"Feature","properties":{"CountryName":"Denmark","Type of Animal":"Pork"},"geometry":{"type":"Point","coordinates":[9.752891773,57.36305301]}},{"type":"Feature","properties":{"CountryName":"Denmark","Type of Animal":"Pork"},"geometry":{"type":"Point","coordinates":[9.81240161,57.33923193]}},{"type":"Feature","properties":{"CountryName":"Denmark","Type of Animal":"Pork"},"geometry":{"type":"Point","coordinates":[9.27913313,55.40878092]}},{"type":"Feature","properties":{"CountryName":"Denmark","Type of Animal":"Pork"},"geometry":{"type":"Point","coordinates":[8.839230185,56.22983532]}},{"type":"Feature","properties":{"CountryName":"Denmark","Type of Animal":"Pork"},"geometry":{"type":"Point","coordinates":[11.77954432,54.94723224]}},{"type":"Feature","properties":{"CountryName":"Denmark","Type of Animal":"Pork"},"geometry":{"type":"Point","coordinates":[11.90477305,54.8756845]}},{"type":"Feature","properties":{"CountryName":"Denmark","Type of Animal":"Pork"},"geometry":{"type":"Point","coordinates":[12.0024621,55.57696321]}},{"type":"Feature","properties":{"CountryName":"Denmark","Type of Animal":"Pork"},"geometry":{"type":"Point","coordinates":[9.688141272,54.98629391]}},{"type":"Feature","properties":{"CountryName":"Denmark","Type of Animal":"Pork"},"geometry":{"type":"Point","coordinates":[9.74789294,54.85094886]}},{"type":"Feature","properties":{"CountryName":"Denmark","Type of Animal":"Pork"},"geometry":{"type":"Point","coordinates":[11.60142596,55.31688631]}},{"type":"Feature","properties":{"CountryName":"Denmark","Type of Animal":"Pork"},"geometry":{"type":"Point","coordinates":[9.721998304,54.88263678]}},{"type":"Feature","properties":{"CountryName":"Denmark","Type of Animal":"Chicken"},"geometry":{"type":"Point","coordinates":[9.439662236,56.98088905]}},{"type":"Feature","properties":{"CountryName":"Denmark","Type of Animal":"Chicken"},"geometry":{"type":"Point","coordinates":[9.689637074,54.96306799]}},{"type":"Feature","properties":{"CountryName":"Denmark","Type of Animal":"Pork"},"geometry":{"type":"Point","coordinates":[9.969404463,54.89766215]}},{"type":"Feature","properties":{"CountryName":"Denmark","Type of Animal":"Pork"},"geometry":{"type":"Point","coordinates":[9.833391092,57.41503495]}},{"type":"Feature","properties":{"CountryName":"Denmark","Type of Animal":"Pork"},"geometry":{"type":"Point","coordinates":[9.632342553,56.22866092]}},{"type":"Feature","properties":{"CountryName":"Denmark","Type of Animal":"Pork"},"geometry":{"type":"Point","coordinates":[9.762642114,56.21774163]}},{"type":"Feature","properties":{"CountryName":"Denmark","Type of Animal":"Pork"},"geometry":{"type":"Point","coordinates":[9.874166662,56.1703561]}},{"type":"Feature","properties":{"CountryName":"Denmark","Type of Animal":"Pork"},"geometry":{"type":"Point","coordinates":[8.486490471,56.01969204]}},{"type":"Feature","properties":{"CountryName":"Denmark","Type of Animal":"Pork"},"geometry":{"type":"Point","coordinates":[8.447154244,56.09019029]}},{"type":"Feature","properties":{"CountryName":"Denmark","Type of Animal":"Pork"},"geometry":{"type":"Point","coordinates":[8.406540204,55.95279015]}},{"type":"Feature","properties":{"CountryName":"Denmark","Type of Animal":"Pork"},"geometry":{"type":"Point","coordinates":[9.918316828,57.33730374]}},{"type":"Feature","properties":{"CountryName":"Denmark","Type of Animal":"Pork"},"geometry":{"type":"Point","coordinates":[11.96842466,55.38230887]}},{"type":"Feature","properties":{"CountryName":"Denmark","Type of Animal":"Pork"},"geometry":{"type":"Point","coordinates":[8.864092844,56.90384175]}},{"type":"Feature","properties":{"CountryName":"Denmark","Type of Animal":"Pork"},"geometry":{"type":"Point","coordinates":[9.387687961,55.45326777]}},{"type":"Feature","properties":{"CountryName":"Denmark","Type of Animal":"Pork"},"geometry":{"type":"Point","coordinates":[12.06010828,54.86201849]}},{"type":"Feature","properties":{"CountryName":"Denmark","Type of Animal":"Pork"},"geometry":{"type":"Point","coordinates":[15.02166057,55.02979245]}},{"type":"Feature","properties":{"CountryName":"Denmark","Type of Animal":"Pork"},"geometry":{"type":"Point","coordinates":[10.35193718,57.43899864]}},{"type":"Feature","properties":{"CountryName":"Denmark","Type of Animal":"Pork"},"geometry":{"type":"Point","coordinates":[10.26269787,57.3965916]}},{"type":"Feature","properties":{"CountryName":"Denmark","Type of Animal":"Pork"},"geometry":{"type":"Point","coordinates":[8.678748622,56.79160453]}},{"type":"Feature","properties":{"CountryName":"Denmark","Type of Animal":"Pork"},"geometry":{"type":"Point","coordinates":[9.668435071,54.93622949]}},{"type":"Feature","properties":{"CountryName":"Denmark","Type of Animal":"Pork"},"geometry":{"type":"Point","coordinates":[10.34107431,55.21519683]}},{"type":"Feature","properties":{"CountryName":"Denmark","Type of Animal":"Pork"},"geometry":{"type":"Point","coordinates":[10.27570936,57.41889749]}},{"type":"Feature","properties":{"CountryName":"Denmark","Type of Animal":"Pork"},"geometry":{"type":"Point","coordinates":[9.71831559,57.24011157]}},{"type":"Feature","properties":{"CountryName":"Denmark","Type of Animal":"Chicken"},"geometry":{"type":"Point","coordinates":[9.827261911,55.5185642]}},{"type":"Feature","properties":{"CountryName":"Denmark","Type of Animal":"Pork"},"geometry":{"type":"Point","coordinates":[8.570016582,56.0004879]}},{"type":"Feature","properties":{"CountryName":"Denmark","Type of Animal":"Chicken"},"geometry":{"type":"Point","coordinates":[10.39163205,57.43592578]}},{"type":"Feature","properties":{"CountryName":"Denmark","Type of Animal":"Pork"},"geometry":{"type":"Point","coordinates":[8.559997563,56.00289225]}},{"type":"Feature","properties":{"CountryName":"Denmark","Type of Animal":"Pork"},"geometry":{"type":"Point","coordinates":[8.723412088,56.32257703]}},{"type":"Feature","properties":{"CountryName":"Denmark","Type of Animal":"Chicken"},"geometry":{"type":"Point","coordinates":[8.815722674,56.43912729]}},{"type":"Feature","properties":{"CountryName":"Denmark","Type of Animal":"Pork"},"geometry":{"type":"Point","coordinates":[8.709642747,56.46026819]}},{"type":"Feature","properties":{"CountryName":"Denmark","Type of Animal":"Pork"},"geometry":{"type":"Point","coordinates":[8.663902325,56.68469638]}},{"type":"Feature","properties":{"CountryName":"Denmark","Type of Animal":"Pork"},"geometry":{"type":"Point","coordinates":[8.79861209,56.88008288]}},{"type":"Feature","properties":{"CountryName":"Denmark","Type of Animal":"Pork"},"geometry":{"type":"Point","coordinates":[10.23039516,55.48570748]}},{"type":"Feature","properties":{"CountryName":"Denmark","Type of Animal":"Pork"},"geometry":{"type":"Point","coordinates":[9.917975423,56.87930971]}},{"type":"Feature","properties":{"CountryName":"Denmark","Type of Animal":"Pork"},"geometry":{"type":"Point","coordinates":[9.222915163,55.07709176]}},{"type":"Feature","properties":{"CountryName":"Denmark","Type of Animal":"Pork"},"geometry":{"type":"Point","coordinates":[10.08094229,56.85455037]}},{"type":"Feature","properties":{"CountryName":"Denmark","Type of Animal":"Pork"},"geometry":{"type":"Point","coordinates":[10.00998345,56.89590349]}},{"type":"Feature","properties":{"CountryName":"Denmark","Type of Animal":"Pork"},"geometry":{"type":"Point","coordinates":[9.83167225,56.85453842]}},{"type":"Feature","properties":{"CountryName":"Denmark","Type of Animal":"Pork"},"geometry":{"type":"Point","coordinates":[11.00502426,54.77012682]}},{"type":"Feature","properties":{"CountryName":"Denmark","Type of Animal":"Pork"},"geometry":{"type":"Point","coordinates":[11.33283813,54.852052]}},{"type":"Feature","properties":{"CountryName":"Denmark","Type of Animal":"Pork"},"geometry":{"type":"Point","coordinates":[8.397514986,56.50861811]}},{"type":"Feature","properties":{"CountryName":"Denmark","Type of Animal":"Pork"},"geometry":{"type":"Point","coordinates":[9.837761443,55.46614236]}},{"type":"Feature","properties":{"CountryName":"Denmark","Type of Animal":"Pork"},"geometry":{"type":"Point","coordinates":[9.674191359,56.7567722]}},{"type":"Feature","properties":{"CountryName":"Denmark","Type of Animal":"Pork"},"geometry":{"type":"Point","coordinates":[9.600069158,55.55654549]}},{"type":"Feature","properties":{"CountryName":"Denmark","Type of Animal":"Pork"},"geometry":{"type":"Point","coordinates":[14.89128312,55.08346836]}},{"type":"Feature","properties":{"CountryName":"Denmark","Type of Animal":"Pork"},"geometry":{"type":"Point","coordinates":[14.83880285,55.0920054]}},{"type":"Feature","properties":{"CountryName":"Denmark","Type of Animal":"Pork"},"geometry":{"type":"Point","coordinates":[9.975768111,57.35611655]}},{"type":"Feature","properties":{"CountryName":"Denmark","Type of Animal":"Pork"},"geometry":{"type":"Point","coordinates":[10.13596277,57.51629056]}},{"type":"Feature","properties":{"CountryName":"Denmark","Type of Animal":"Pork"},"geometry":{"type":"Point","coordinates":[10.05562699,57.56901419]}},{"type":"Feature","properties":{"CountryName":"Denmark","Type of Animal":"Chicken"},"geometry":{"type":"Point","coordinates":[9.538603863,55.54095965]}},{"type":"Feature","properties":{"CountryName":"Denmark","Type of Animal":"Pork"},"geometry":{"type":"Point","coordinates":[9.4038436,55.36664059]}},{"type":"Feature","properties":{"CountryName":"Denmark","Type of Animal":"Pork"},"geometry":{"type":"Point","coordinates":[10.31477912,55.54343518]}},{"type":"Feature","properties":{"CountryName":"Denmark","Type of Animal":"Pork"},"geometry":{"type":"Point","coordinates":[10.08777554,55.48778045]}},{"type":"Feature","properties":{"CountryName":"Denmark","Type of Animal":"Pork"},"geometry":{"type":"Point","coordinates":[9.644578724,55.57017739]}},{"type":"Feature","properties":{"CountryName":"Denmark","Type of Animal":"Pork"},"geometry":{"type":"Point","coordinates":[10.23450695,55.23508056]}},{"type":"Feature","properties":{"CountryName":"Denmark","Type of Animal":"Pork"},"geometry":{"type":"Point","coordinates":[8.524691664,56.51302983]}},{"type":"Feature","properties":{"CountryName":"Denmark","Type of Animal":"Pork"},"geometry":{"type":"Point","coordinates":[10.53763294,55.30858725]}},{"type":"Feature","properties":{"CountryName":"Denmark","Type of Animal":"Pork"},"geometry":{"type":"Point","coordinates":[9.757990709,56.59358651]}},{"type":"Feature","properties":{"CountryName":"Denmark","Type of Animal":"Pork"},"geometry":{"type":"Point","coordinates":[10.56019593,55.20421551]}},{"type":"Feature","properties":{"CountryName":"Denmark","Type of Animal":"Pork"},"geometry":{"type":"Point","coordinates":[10.39373599,55.24939946]}},{"type":"Feature","properties":{"CountryName":"Denmark","Type of Animal":"Pork"},"geometry":{"type":"Point","coordinates":[9.703140683,56.62819961]}},{"type":"Feature","properties":{"CountryName":"Denmark","Type of Animal":"Pork"},"geometry":{"type":"Point","coordinates":[9.971799083,57.19399438]}},{"type":"Feature","properties":{"CountryName":"Denmark","Type of Animal":"Pork"},"geometry":{"type":"Point","coordinates":[9.7887986,56.68256059]}},{"type":"Feature","properties":{"CountryName":"Denmark","Type of Animal":"Pork"},"geometry":{"type":"Point","coordinates":[9.79197286,56.61929021]}},{"type":"Feature","properties":{"CountryName":"Denmark","Type of Animal":"Pork"},"geometry":{"type":"Point","coordinates":[9.739650164,56.60143245]}},{"type":"Feature","properties":{"CountryName":"Denmark","Type of Animal":"Chicken"},"geometry":{"type":"Point","coordinates":[9.430018473,55.79537496]}},{"type":"Feature","properties":{"CountryName":"Denmark","Type of Animal":"Pork"},"geometry":{"type":"Point","coordinates":[10.7319527,54.88408702]}},{"type":"Feature","properties":{"CountryName":"Denmark","Type of Animal":"Pork"},"geometry":{"type":"Point","coordinates":[9.60915045,55.61504933]}},{"type":"Feature","properties":{"CountryName":"Denmark","Type of Animal":"Pork"},"geometry":{"type":"Point","coordinates":[9.423647475,55.83117783]}},{"type":"Feature","properties":{"CountryName":"Denmark","Type of Animal":"Pork"},"geometry":{"type":"Point","coordinates":[8.328681784,56.73453812]}},{"type":"Feature","properties":{"CountryName":"Denmark","Type of Animal":"Pork"},"geometry":{"type":"Point","coordinates":[9.853069031,55.78986798]}},{"type":"Feature","properties":{"CountryName":"Denmark","Type of Animal":"Chicken"},"geometry":{"type":"Point","coordinates":[9.642536774,55.8034834]}},{"type":"Feature","properties":{"CountryName":"Denmark","Type of Animal":"Pork"},"geometry":{"type":"Point","coordinates":[9.527231716,55.8111984]}},{"type":"Feature","properties":{"CountryName":"Denmark","Type of Animal":"Pork"},"geometry":{"type":"Point","coordinates":[9.855685765,55.71854867]}},{"type":"Feature","properties":{"CountryName":"Denmark","Type of Animal":"Pork"},"geometry":{"type":"Point","coordinates":[8.590226732,55.97059927]}},{"type":"Feature","properties":{"CountryName":"Denmark","Type of Animal":"Pork"},"geometry":{"type":"Point","coordinates":[9.431316119,55.89534311]}},{"type":"Feature","properties":{"CountryName":"Denmark","Type of Animal":"Chicken"},"geometry":{"type":"Point","coordinates":[9.628771936,55.78482753]}},{"type":"Feature","properties":{"CountryName":"Denmark","Type of Animal":"Pork"},"geometry":{"type":"Point","coordinates":[9.864878466,55.76712]}},{"type":"Feature","properties":{"CountryName":"Denmark","Type of Animal":"Pork"},"geometry":{"type":"Point","coordinates":[9.847352447,55.77920869]}},{"type":"Feature","properties":{"CountryName":"Denmark","Type of Animal":"Pork"},"geometry":{"type":"Point","coordinates":[9.91833208,55.73663968]}},{"type":"Feature","properties":{"CountryName":"Denmark","Type of Animal":"Pork"},"geometry":{"type":"Point","coordinates":[9.796071342,55.70174036]}},{"type":"Feature","properties":{"CountryName":"Denmark","Type of Animal":"Pork"},"geometry":{"type":"Point","coordinates":[9.756350109,55.7029236]}},{"type":"Feature","properties":{"CountryName":"Denmark","Type of Animal":"Pork"},"geometry":{"type":"Point","coordinates":[9.461606632,55.83692404]}},{"type":"Feature","properties":{"CountryName":"Denmark","Type of Animal":"Pork"},"geometry":{"type":"Point","coordinates":[9.801626832,55.71914796]}},{"type":"Feature","properties":{"CountryName":"Denmark","Type of Animal":"Pork"},"geometry":{"type":"Point","coordinates":[9.820316866,55.70541698]}},{"type":"Feature","properties":{"CountryName":"Denmark","Type of Animal":"Pork"},"geometry":{"type":"Point","coordinates":[10.19732286,55.90447147]}},{"type":"Feature","properties":{"CountryName":"Denmark","Type of Animal":"Pork"},"geometry":{"type":"Point","coordinates":[9.557205666,55.94403235]}},{"type":"Feature","properties":{"CountryName":"Denmark","Type of Animal":"Pork"},"geometry":{"type":"Point","coordinates":[11.15592093,55.62324569]}},{"type":"Feature","properties":{"CountryName":"Denmark","Type of Animal":"Pork"},"geometry":{"type":"Point","coordinates":[9.594967301,55.78002914]}},{"type":"Feature","properties":{"CountryName":"Denmark","Type of Animal":"Pork"},"geometry":{"type":"Point","coordinates":[9.236733157,55.69283942]}},{"type":"Feature","properties":{"CountryName":"Denmark","Type of Animal":"Pork"},"geometry":{"type":"Point","coordinates":[9.942552159,55.91942952]}},{"type":"Feature","properties":{"CountryName":"Denmark","Type of Animal":"Pork"},"geometry":{"type":"Point","coordinates":[10.35479445,57.49238474]}},{"type":"Feature","properties":{"CountryName":"Denmark","Type of Animal":"Pork"},"geometry":{"type":"Point","coordinates":[8.548122081,55.94176868]}},{"type":"Feature","properties":{"CountryName":"Denmark","Type of Animal":"Pork"},"geometry":{"type":"Point","coordinates":[9.831291465,55.53080953]}},{"type":"Feature","properties":{"CountryName":"Denmark","Type of Animal":"Pork"},"geometry":{"type":"Point","coordinates":[9.190659167,55.71671392]}},{"type":"Feature","properties":{"CountryName":"Denmark","Type of Animal":"Pork"},"geometry":{"type":"Point","coordinates":[9.97564219,57.04426267]}},{"type":"Feature","properties":{"CountryName":"Denmark","Type of Animal":"Pork"},"geometry":{"type":"Point","coordinates":[9.209161237,55.81221529]}},{"type":"Feature","properties":{"CountryName":"Denmark","Type of Animal":"Chicken"},"geometry":{"type":"Point","coordinates":[9.94359069,55.91107186]}},{"type":"Feature","properties":{"CountryName":"Denmark","Type of Animal":"Chicken"},"geometry":{"type":"Point","coordinates":[9.272728673,55.90030004]}},{"type":"Feature","properties":{"CountryName":"Denmark","Type of Animal":"Pork"},"geometry":{"type":"Point","coordinates":[9.468701556,55.6438923]}},{"type":"Feature","properties":{"CountryName":"Denmark","Type of Animal":"Pork"},"geometry":{"type":"Point","coordinates":[8.462786489,56.74156148]}},{"type":"Feature","properties":{"CountryName":"Denmark","Type of Animal":"Chicken"},"geometry":{"type":"Point","coordinates":[9.636363623,55.75359787]}},{"type":"Feature","properties":{"CountryName":"Denmark","Type of Animal":"Pork"},"geometry":{"type":"Point","coordinates":[11.95346352,55.49138266]}},{"type":"Feature","properties":{"CountryName":"Denmark","Type of Animal":"Pork"},"geometry":{"type":"Point","coordinates":[9.364008602,55.7592838]}},{"type":"Feature","properties":{"CountryName":"Denmark","Type of Animal":"Pork"},"geometry":{"type":"Point","coordinates":[9.623694349,56.00840849]}},{"type":"Feature","properties":{"CountryName":"Denmark","Type of Animal":"Pork"},"geometry":{"type":"Point","coordinates":[9.510382768,55.97812233]}},{"type":"Feature","properties":{"CountryName":"Denmark","Type of Animal":"Pork"},"geometry":{"type":"Point","coordinates":[10.30922097,55.4595333]}},{"type":"Feature","properties":{"CountryName":"Denmark","Type of Animal":"Pork"},"geometry":{"type":"Point","coordinates":[10.17670448,56.31893448]}},{"type":"Feature","properties":{"CountryName":"Denmark","Type of Animal":"Pork"},"geometry":{"type":"Point","coordinates":[9.750839079,56.39248092]}},{"type":"Feature","properties":{"CountryName":"Denmark","Type of Animal":"Pork"},"geometry":{"type":"Point","coordinates":[9.767270022,56.33552504]}},{"type":"Feature","properties":{"CountryName":"Denmark","Type of Animal":"Pork"},"geometry":{"type":"Point","coordinates":[9.929078266,56.37718556]}},{"type":"Feature","properties":{"CountryName":"Denmark","Type of Animal":"Pork"},"geometry":{"type":"Point","coordinates":[9.83537252,56.42479046]}},{"type":"Feature","properties":{"CountryName":"Denmark","Type of Animal":"Pork"},"geometry":{"type":"Point","coordinates":[9.375475418,56.85163471]}},{"type":"Feature","properties":{"CountryName":"Denmark","Type of Animal":"Pork"},"geometry":{"type":"Point","coordinates":[9.564905066,55.94668305]}},{"type":"Feature","properties":{"CountryName":"Denmark","Type of Animal":"Pork"},"geometry":{"type":"Point","coordinates":[10.5165002,55.19896205]}},{"type":"Feature","properties":{"CountryName":"Denmark","Type of Animal":"Pork"},"geometry":{"type":"Point","coordinates":[10.56790473,55.3420612]}},{"type":"Feature","properties":{"CountryName":"Denmark","Type of Animal":"Pork"},"geometry":{"type":"Point","coordinates":[8.604592486,55.96561526]}},{"type":"Feature","properties":{"CountryName":"Denmark","Type of Animal":"Pork"},"geometry":{"type":"Point","coordinates":[9.373485262,57.03857188]}},{"type":"Feature","properties":{"CountryName":"Denmark","Type of Animal":"Chicken"},"geometry":{"type":"Point","coordinates":[9.906447109,55.81051563]}},{"type":"Feature","properties":{"CountryName":"Denmark","Type of Animal":"Pork"},"geometry":{"type":"Point","coordinates":[8.200669344,56.53308161]}},{"type":"Feature","properties":{"CountryName":"Denmark","Type of Animal":"Chicken"},"geometry":{"type":"Point","coordinates":[9.857656184,54.96230609]}},{"type":"Feature","properties":{"CountryName":"Denmark","Type of Animal":"Pork"},"geometry":{"type":"Point","coordinates":[9.951425488,57.18792236]}},{"type":"Feature","properties":{"CountryName":"Denmark","Type of Animal":"Pork"},"geometry":{"type":"Point","coordinates":[9.485256706,56.91380488]}},{"type":"Feature","properties":{"CountryName":"Denmark","Type of Animal":"Chicken"},"geometry":{"type":"Point","coordinates":[9.71312437,55.01545533]}},{"type":"Feature","properties":{"CountryName":"Denmark","Type of Animal":"Pork"},"geometry":{"type":"Point","coordinates":[9.713314385,54.98088675]}},{"type":"Feature","properties":{"CountryName":"Denmark","Type of Animal":"Pork"},"geometry":{"type":"Point","coordinates":[8.616130288,55.98805785]}},{"type":"Feature","properties":{"CountryName":"Denmark","Type of Animal":"Pork"},"geometry":{"type":"Point","coordinates":[11.80992018,55.3553065]}},{"type":"Feature","properties":{"CountryName":"Denmark","Type of Animal":"Pork"},"geometry":{"type":"Point","coordinates":[10.67667857,54.82813735]}},{"type":"Feature","properties":{"CountryName":"Denmark","Type of Animal":"Pork"},"geometry":{"type":"Point","coordinates":[9.478939591,55.49038402]}},{"type":"Feature","properties":{"CountryName":"Denmark","Type of Animal":"Pork"},"geometry":{"type":"Point","coordinates":[9.992119515,55.4413785]}},{"type":"Feature","properties":{"CountryName":"Denmark","Type of Animal":"Pork"},"geometry":{"type":"Point","coordinates":[10.01573238,55.48390859]}},{"type":"Feature","properties":{"CountryName":"Denmark","Type of Animal":"Pork"},"geometry":{"type":"Point","coordinates":[8.831178251,55.93640865]}},{"type":"Feature","properties":{"CountryName":"Denmark","Type of Animal":"Pork"},"geometry":{"type":"Point","coordinates":[9.496287787,56.73311661]}},{"type":"Feature","properties":{"CountryName":"Denmark","Type of Animal":"Pork"},"geometry":{"type":"Point","coordinates":[8.827462878,56.24741566]}},{"type":"Feature","properties":{"CountryName":"Denmark","Type of Animal":"Pork"},"geometry":{"type":"Point","coordinates":[8.805202515,56.19064684]}},{"type":"Feature","properties":{"CountryName":"Denmark","Type of Animal":"Pork"},"geometry":{"type":"Point","coordinates":[9.998933118,56.29553133]}},{"type":"Feature","properties":{"CountryName":"Denmark","Type of Animal":"Pork"},"geometry":{"type":"Point","coordinates":[9.967185614,57.21746601]}},{"type":"Feature","properties":{"CountryName":"Denmark","Type of Animal":"Pork"},"geometry":{"type":"Point","coordinates":[10.06130076,56.35269942]}},{"type":"Feature","properties":{"CountryName":"Denmark","Type of Animal":"Pork"},"geometry":{"type":"Point","coordinates":[8.795181527,55.97777532]}},{"type":"Feature","properties":{"CountryName":"Denmark","Type of Animal":"Pork"},"geometry":{"type":"Point","coordinates":[10.22506392,55.93068138]}},{"type":"Feature","properties":{"CountryName":"Denmark","Type of Animal":"Pork"},"geometry":{"type":"Point","coordinates":[10.20325431,55.99330607]}},{"type":"Feature","properties":{"CountryName":"Denmark","Type of Animal":"Pork"},"geometry":{"type":"Point","coordinates":[10.08655021,57.29944849]}},{"type":"Feature","properties":{"CountryName":"Denmark","Type of Animal":"Pork"},"geometry":{"type":"Point","coordinates":[9.109362602,56.35743534]}},{"type":"Feature","properties":{"CountryName":"Denmark","Type of Animal":"Chicken"},"geometry":{"type":"Point","coordinates":[8.601952419,56.27702567]}},{"type":"Feature","properties":{"CountryName":"Denmark","Type of Animal":"Pork"},"geometry":{"type":"Point","coordinates":[9.993745183,57.25823642]}},{"type":"Feature","properties":{"CountryName":"Denmark","Type of Animal":"Pork"},"geometry":{"type":"Point","coordinates":[10.00042018,57.19821063]}},{"type":"Feature","properties":{"CountryName":"Denmark","Type of Animal":"Pork"},"geometry":{"type":"Point","coordinates":[10.13470561,57.32584733]}},{"type":"Feature","properties":{"CountryName":"Denmark","Type of Animal":"Pork"},"geometry":{"type":"Point","coordinates":[10.17517672,55.38102272]}},{"type":"Feature","properties":{"CountryName":"Denmark","Type of Animal":"Pork"},"geometry":{"type":"Point","coordinates":[9.934593047,57.21907794]}},{"type":"Feature","properties":{"CountryName":"Denmark","Type of Animal":"Chicken"},"geometry":{"type":"Point","coordinates":[9.827309455,57.28465508]}},{"type":"Feature","properties":{"CountryName":"Denmark","Type of Animal":"Chicken"},"geometry":{"type":"Point","coordinates":[10.38159512,57.16791103]}},{"type":"Feature","properties":{"CountryName":"Denmark","Type of Animal":"Pork"},"geometry":{"type":"Point","coordinates":[10.34780959,57.08319847]}},{"type":"Feature","properties":{"CountryName":"Denmark","Type of Animal":"Pork"},"geometry":{"type":"Point","coordinates":[10.39401483,57.20900054]}},{"type":"Feature","properties":{"CountryName":"Denmark","Type of Animal":"Pork"},"geometry":{"type":"Point","coordinates":[10.23621539,56.80160606]}},{"type":"Feature","properties":{"CountryName":"Denmark","Type of Animal":"Pork"},"geometry":{"type":"Point","coordinates":[9.141454205,57.05872201]}},{"type":"Feature","properties":{"CountryName":"Denmark","Type of Animal":"Pork"},"geometry":{"type":"Point","coordinates":[9.343260816,56.4966032]}},{"type":"Feature","properties":{"CountryName":"Denmark","Type of Animal":"Pork"},"geometry":{"type":"Point","coordinates":[10.39388319,57.17008826]}},{"type":"Feature","properties":{"CountryName":"Denmark","Type of Animal":"Pork"},"geometry":{"type":"Point","coordinates":[10.07610452,57.18045114]}},{"type":"Feature","properties":{"CountryName":"Denmark","Type of Animal":"Pork"},"geometry":{"type":"Point","coordinates":[10.36302995,57.17788724]}},{"type":"Feature","properties":{"CountryName":"Denmark","Type of Animal":"Pork"},"geometry":{"type":"Point","coordinates":[10.07894191,57.18695465]}},{"type":"Feature","properties":{"CountryName":"Denmark","Type of Animal":"Pork"},"geometry":{"type":"Point","coordinates":[9.1944593,56.89433459]}},{"type":"Feature","properties":{"CountryName":"Denmark","Type of Animal":"Pork"},"geometry":{"type":"Point","coordinates":[9.249611868,56.86279672]}},{"type":"Feature","properties":{"CountryName":"Denmark","Type of Animal":"Pork"},"geometry":{"type":"Point","coordinates":[9.426851823,56.85252187]}},{"type":"Feature","properties":{"CountryName":"Denmark","Type of Animal":"Pork"},"geometry":{"type":"Point","coordinates":[9.351800681,56.78561175]}},{"type":"Feature","properties":{"CountryName":"Denmark","Type of Animal":"Chicken"},"geometry":{"type":"Point","coordinates":[9.240538951,56.92332783]}},{"type":"Feature","properties":{"CountryName":"Denmark","Type of Animal":"Pork"},"geometry":{"type":"Point","coordinates":[9.418629163,56.85905963]}},{"type":"Feature","properties":{"CountryName":"Denmark","Type of Animal":"Chicken"},"geometry":{"type":"Point","coordinates":[9.420794401,56.85157686]}},{"type":"Feature","properties":{"CountryName":"Denmark","Type of Animal":"Pork"},"geometry":{"type":"Point","coordinates":[9.286450885,56.92837502]}},{"type":"Feature","properties":{"CountryName":"Denmark","Type of Animal":"Chicken"},"geometry":{"type":"Point","coordinates":[9.357315871,56.69185355]}},{"type":"Feature","properties":{"CountryName":"Denmark","Type of Animal":"Pork"},"geometry":{"type":"Point","coordinates":[9.347845531,56.78176463]}},{"type":"Feature","properties":{"CountryName":"Denmark","Type of Animal":"Chicken"},"geometry":{"type":"Point","coordinates":[9.424489158,56.68698775]}},{"type":"Feature","properties":{"CountryName":"Denmark","Type of Animal":"Chicken"},"geometry":{"type":"Point","coordinates":[9.383519155,56.83136815]}},{"type":"Feature","properties":{"CountryName":"Denmark","Type of Animal":"Pork"},"geometry":{"type":"Point","coordinates":[10.23923111,57.17397236]}},{"type":"Feature","properties":{"CountryName":"Denmark","Type of Animal":"Chicken"},"geometry":{"type":"Point","coordinates":[9.58799366,55.62535904]}},{"type":"Feature","properties":{"CountryName":"Denmark","Type of Animal":"Pork"},"geometry":{"type":"Point","coordinates":[11.07611589,55.70774088]}},{"type":"Feature","properties":{"CountryName":"Denmark","Type of Animal":"Pork"},"geometry":{"type":"Point","coordinates":[9.323464239,56.93304168]}},{"type":"Feature","properties":{"CountryName":"Denmark","Type of Animal":"Pork"},"geometry":{"type":"Point","coordinates":[9.28941032,56.95963963]}},{"type":"Feature","properties":{"CountryName":"Denmark","Type of Animal":"Pork"},"geometry":{"type":"Point","coordinates":[8.879216376,56.26962126]}},{"type":"Feature","properties":{"CountryName":"Denmark","Type of Animal":"Pork"},"geometry":{"type":"Point","coordinates":[8.887630867,56.02224261]}},{"type":"Feature","properties":{"CountryName":"Denmark","Type of Animal":"Chicken"},"geometry":{"type":"Point","coordinates":[8.806840144,56.28962965]}},{"type":"Feature","properties":{"CountryName":"Denmark","Type of Animal":"Pork"},"geometry":{"type":"Point","coordinates":[9.02241458,56.70455455]}},{"type":"Feature","properties":{"CountryName":"Denmark","Type of Animal":"Pork"},"geometry":{"type":"Point","coordinates":[8.815161286,56.22511533]}},{"type":"Feature","properties":{"CountryName":"Denmark","Type of Animal":"Pork"},"geometry":{"type":"Point","coordinates":[9.083045372,56.15954725]}},{"type":"Feature","properties":{"CountryName":"Denmark","Type of Animal":"Pork"},"geometry":{"type":"Point","coordinates":[8.644566467,56.2458669]}},{"type":"Feature","properties":{"CountryName":"Denmark","Type of Animal":"Pork"},"geometry":{"type":"Point","coordinates":[8.753384344,56.23045537]}},{"type":"Feature","properties":{"CountryName":"Denmark","Type of Animal":"Pork"},"geometry":{"type":"Point","coordinates":[9.141646666,56.04128402]}},{"type":"Feature","properties":{"CountryName":"Denmark","Type of Animal":"Pork"},"geometry":{"type":"Point","coordinates":[9.100282336,56.08465889]}},{"type":"Feature","properties":{"CountryName":"Denmark","Type of Animal":"Pork"},"geometry":{"type":"Point","coordinates":[8.772695914,55.98629907]}},{"type":"Feature","properties":{"CountryName":"Denmark","Type of Animal":"Pork"},"geometry":{"type":"Point","coordinates":[8.912831929,56.10516023]}},{"type":"Feature","properties":{"CountryName":"Denmark","Type of Animal":"Pork"},"geometry":{"type":"Point","coordinates":[9.011968311,56.0252833]}},{"type":"Feature","properties":{"CountryName":"Denmark","Type of Animal":"Pork"},"geometry":{"type":"Point","coordinates":[9.060514797,56.08438084]}},{"type":"Feature","properties":{"CountryName":"Denmark","Type of Animal":"Pork"},"geometry":{"type":"Point","coordinates":[8.943740939,56.21577629]}},{"type":"Feature","properties":{"CountryName":"Denmark","Type of Animal":"Pork"},"geometry":{"type":"Point","coordinates":[9.10064046,56.11280144]}},{"type":"Feature","properties":{"CountryName":"Denmark","Type of Animal":"Pork"},"geometry":{"type":"Point","coordinates":[9.085117412,56.15849634]}},{"type":"Feature","properties":{"CountryName":"Denmark","Type of Animal":"Pork"},"geometry":{"type":"Point","coordinates":[9.152845586,55.17525892]}},{"type":"Feature","properties":{"CountryName":"Denmark","Type of Animal":"Pork"},"geometry":{"type":"Point","coordinates":[8.982826094,55.92616873]}},{"type":"Feature","properties":{"CountryName":"Denmark","Type of Animal":"Pork"},"geometry":{"type":"Point","coordinates":[8.585863518,56.16892182]}},{"type":"Feature","properties":{"CountryName":"Denmark","Type of Animal":"Pork"},"geometry":{"type":"Point","coordinates":[9.245532959,55.28127727]}},{"type":"Feature","properties":{"CountryName":"Denmark","Type of Animal":"Pork"},"geometry":{"type":"Point","coordinates":[10.32507232,57.26316071]}},{"type":"Feature","properties":{"CountryName":"Denmark","Type of Animal":"Pork"},"geometry":{"type":"Point","coordinates":[10.71166477,56.45340483]}},{"type":"Feature","properties":{"CountryName":"Denmark","Type of Animal":"Pork"},"geometry":{"type":"Point","coordinates":[10.07116543,55.85665757]}},{"type":"Feature","properties":{"CountryName":"Denmark","Type of Animal":"Chicken"},"geometry":{"type":"Point","coordinates":[9.276199993,54.89662642]}},{"type":"Feature","properties":{"CountryName":"Denmark","Type of Animal":"Pork"},"geometry":{"type":"Point","coordinates":[10.50984454,56.28950559]}},{"type":"Feature","properties":{"CountryName":"Denmark","Type of Animal":"Chicken"},"geometry":{"type":"Point","coordinates":[8.2253298,56.42590134]}},{"type":"Feature","properties":{"CountryName":"Denmark","Type of Animal":"Chicken"},"geometry":{"type":"Point","coordinates":[8.904287944,55.22008606]}},{"type":"Feature","properties":{"CountryName":"Denmark","Type of Animal":"Pork"},"geometry":{"type":"Point","coordinates":[8.754498832,55.03156948]}},{"type":"Feature","properties":{"CountryName":"Denmark","Type of Animal":"Pork"},"geometry":{"type":"Point","coordinates":[9.1319653,55.14810907]}},{"type":"Feature","properties":{"CountryName":"Denmark","Type of Animal":"Pork"},"geometry":{"type":"Point","coordinates":[8.998536551,55.14361495]}},{"type":"Feature","properties":{"CountryName":"Denmark","Type of Animal":"Pork"},"geometry":{"type":"Point","coordinates":[8.674099889,55.05651576]}},{"type":"Feature","properties":{"CountryName":"Denmark","Type of Animal":"Pork"},"geometry":{"type":"Point","coordinates":[9.801408261,57.11799478]}},{"type":"Feature","properties":{"CountryName":"Denmark","Type of Animal":"Chicken"},"geometry":{"type":"Point","coordinates":[9.071081841,56.44825292]}},{"type":"Feature","properties":{"CountryName":"Denmark","Type of Animal":"Pork"},"geometry":{"type":"Point","coordinates":[8.548992631,56.91860745]}},{"type":"Feature","properties":{"CountryName":"Denmark","Type of Animal":"Chicken"},"geometry":{"type":"Point","coordinates":[9.202262448,55.91349298]}},{"type":"Feature","properties":{"CountryName":"Denmark","Type of Animal":"Pork"},"geometry":{"type":"Point","coordinates":[10.25324818,56.45922645]}},{"type":"Feature","properties":{"CountryName":"Denmark","Type of Animal":"Chicken"},"geometry":{"type":"Point","coordinates":[8.915796125,55.23403529]}},{"type":"Feature","properties":{"CountryName":"Denmark","Type of Animal":"Pork"},"geometry":{"type":"Point","coordinates":[10.19884638,57.09831339]}},{"type":"Feature","properties":{"CountryName":"Denmark","Type of Animal":"Pork"},"geometry":{"type":"Point","coordinates":[10.44631406,57.26448711]}},{"type":"Feature","properties":{"CountryName":"Denmark","Type of Animal":"Pork"},"geometry":{"type":"Point","coordinates":[15.00455733,55.16243361]}},{"type":"Feature","properties":{"CountryName":"Denmark","Type of Animal":"Pork"},"geometry":{"type":"Point","coordinates":[9.684280701,56.93939298]}},{"type":"Feature","properties":{"CountryName":"Denmark","Type of Animal":"Pork"},"geometry":{"type":"Point","coordinates":[9.187104739,54.91715268]}},{"type":"Feature","properties":{"CountryName":"Denmark","Type of Animal":"Chicken"},"geometry":{"type":"Point","coordinates":[9.041829897,56.7462046]}},{"type":"Feature","properties":{"CountryName":"Denmark","Type of Animal":"Pork"},"geometry":{"type":"Point","coordinates":[11.41598237,55.21979664]}},{"type":"Feature","properties":{"CountryName":"Denmark","Type of Animal":"Pork"},"geometry":{"type":"Point","coordinates":[11.73321162,55.36129572]}},{"type":"Feature","properties":{"CountryName":"Denmark","Type of Animal":"Chicken"},"geometry":{"type":"Point","coordinates":[9.441280526,55.27659214]}},{"type":"Feature","properties":{"CountryName":"Denmark","Type of Animal":"Pork"},"geometry":{"type":"Point","coordinates":[10.28306943,56.35093828]}},{"type":"Feature","properties":{"CountryName":"Denmark","Type of Animal":"Pork"},"geometry":{"type":"Point","coordinates":[9.538303558,54.95834549]}},{"type":"Feature","properties":{"CountryName":"Denmark","Type of Animal":"Pork"},"geometry":{"type":"Point","coordinates":[8.466441741,56.79480842]}},{"type":"Feature","properties":{"CountryName":"Denmark","Type of Animal":"Pork"},"geometry":{"type":"Point","coordinates":[9.84557026,56.56378841]}},{"type":"Feature","properties":{"CountryName":"Denmark","Type of Animal":"Pork"},"geometry":{"type":"Point","coordinates":[8.980895791,56.59104731]}},{"type":"Feature","properties":{"CountryName":"Denmark","Type of Animal":"Pork"},"geometry":{"type":"Point","coordinates":[8.849384768,55.15306561]}},{"type":"Feature","properties":{"CountryName":"Denmark","Type of Animal":"Pork"},"geometry":{"type":"Point","coordinates":[11.90607801,55.4065198]}},{"type":"Feature","properties":{"CountryName":"Denmark","Type of Animal":"Chicken"},"geometry":{"type":"Point","coordinates":[9.183445984,55.92581858]}},{"type":"Feature","properties":{"CountryName":"Denmark","Type of Animal":"Pork"},"geometry":{"type":"Point","coordinates":[9.683882402,56.83786147]}},{"type":"Feature","properties":{"CountryName":"Denmark","Type of Animal":"Chicken"},"geometry":{"type":"Point","coordinates":[9.235404588,55.49258369]}},{"type":"Feature","properties":{"CountryName":"Denmark","Type of Animal":"Pork"},"geometry":{"type":"Point","coordinates":[10.62366268,56.40509954]}},{"type":"Feature","properties":{"CountryName":"Denmark","Type of Animal":"Pork"},"geometry":{"type":"Point","coordinates":[9.074521399,56.76007183]}},{"type":"Feature","properties":{"CountryName":"Denmark","Type of Animal":"Pork"},"geometry":{"type":"Point","coordinates":[11.97612433,54.78568974]}},{"type":"Feature","properties":{"CountryName":"Denmark","Type of Animal":"Pork"},"geometry":{"type":"Point","coordinates":[10.16502075,55.28888975]}},{"type":"Feature","properties":{"CountryName":"Denmark","Type of Animal":"Pork"},"geometry":{"type":"Point","coordinates":[10.09934956,57.39625997]}},{"type":"Feature","properties":{"CountryName":"Denmark","Type of Animal":"Pork"},"geometry":{"type":"Point","coordinates":[9.375475418,56.85163471]}},{"type":"Feature","properties":{"CountryName":"Denmark","Type of Animal":"Pork"},"geometry":{"type":"Point","coordinates":[9.618767158,55.23099685]}},{"type":"Feature","properties":{"CountryName":"Denmark","Type of Animal":"Pork"},"geometry":{"type":"Point","coordinates":[12.25550863,55.87823501]}},{"type":"Feature","properties":{"CountryName":"Denmark","Type of Animal":"Pork"},"geometry":{"type":"Point","coordinates":[9.853069031,55.78986798]}},{"type":"Feature","properties":{"CountryName":"Denmark","Type of Animal":"Pork"},"geometry":{"type":"Point","coordinates":[10.2916153,55.28295519]}}]}