{"type":"FeatureCollection","features":[{"type":"Feature","properties":{"CountryName":"Greece","Type of Animal":"Chicken"},"geometry":{"type":"Point","coordinates":[23.76846,37.99336]}},{"type":"Feature","properties":{"CountryName":"Greece","Type of Animal":"Chicken"},"geometry":{"type":"Point","coordinates":[23.72467,38.25813]}},{"type":"Feature","properties":{"CountryName":"Greece","Type of Animal":"Chicken"},"geometry":{"type":"Point","coordinates":[23.37498,38.37319]}},{"type":"Feature","properties":{"CountryName":"Greece","Type of Animal":"Chicken"},"geometry":{"type":"Point","coordinates":[23.61146,38.3358]}},{"type":"Feature","properties":{"CountryName":"Greece","Type of Animal":"Chicken"},"geometry":{"type":"Point","coordinates":[25.94319,40.90123]}},{"type":"Feature","properties":{"CountryName":"Greece","Type of Animal":"Chicken"},"geometry":{"type":"Point","coordinates":[23.46426,38.41643]}},{"type":"Feature","properties":{"CountryName":"Greece","Type of Animal":"Chicken"},"geometry":{"type":"Point","coordinates":[24.98425,34.96449]}},{"type":"Feature","properties":{"CountryName":"Greece","Type of Animal":"Chicken"},"geometry":{"type":"Point","coordinates":[23.32718,38.38863]}},{"type":"Feature","properties":{"CountryName":"Greece","Type of Animal":"Chicken"},"geometry":{"type":"Point","coordinates":[23.73669,38.51319]}},{"type":"Feature","properties":{"CountryName":"Greece","Type of Animal":"Chicken"},"geometry":{"type":"Point","coordinates":[23.79272,38.59502]}},{"type":"Feature","properties":{"CountryName":"Greece","Type of Animal":"Chicken"},"geometry":{"type":"Point","coordinates":[23.80034,38.59446]}},{"type":"Feature","properties":{"CountryName":"Greece","Type of Animal":"Chicken"},"geometry":{"type":"Point","coordinates":[23.74195,38.51277]}},{"type":"Feature","properties":{"CountryName":"Greece","Type of Animal":"Chicken"},"geometry":{"type":"Point","coordinates":[23.36166,38.41272]}},{"type":"Feature","properties":{"CountryName":"Greece","Type of Animal":"Chicken"},"geometry":{"type":"Point","coordinates":[23.35167,38.40177]}},{"type":"Feature","properties":{"CountryName":"Greece","Type of Animal":"Chicken"},"geometry":{"type":"Point","coordinates":[23.71223,38.54741]}},{"type":"Feature","properties":{"CountryName":"Greece","Type of Animal":"Pork"},"geometry":{"type":"Point","coordinates":[22.38343,40.60906]}},{"type":"Feature","properties":{"CountryName":"Greece","Type of Animal":"Chicken"},"geometry":{"type":"Point","coordinates":[22.84639,40.68408]}},{"type":"Feature","properties":{"CountryName":"Greece","Type of Animal":"Chicken"},"geometry":{"type":"Point","coordinates":[22.95898,37.91081]}},{"type":"Feature","properties":{"CountryName":"Greece","Type of Animal":"Chicken"},"geometry":{"type":"Point","coordinates":[22.86451,37.81]}},{"type":"Feature","properties":{"CountryName":"Greece","Type of Animal":"Chicken"},"geometry":{"type":"Point","coordinates":[24.93751,41.09235]}},{"type":"Feature","properties":{"CountryName":"Greece","Type of Animal":"Chicken"},"geometry":{"type":"Point","coordinates":[22.56857,40.2269]}},{"type":"Feature","properties":{"CountryName":"Greece","Type of Animal":"Chicken"},"geometry":{"type":"Point","coordinates":[22.54872,40.2268]}},{"type":"Feature","properties":{"CountryName":"Greece","Type of Animal":"Chicken"},"geometry":{"type":"Point","coordinates":[22.56645,40.32604]}},{"type":"Feature","properties":{"CountryName":"Greece","Type of Animal":"Chicken"},"geometry":{"type":"Point","coordinates":[22.5661,40.33367]}},{"type":"Feature","properties":{"CountryName":"Greece","Type of Animal":"Chicken"},"geometry":{"type":"Point","coordinates":[22.52322,40.24407]}},{"type":"Feature","properties":{"CountryName":"Greece","Type of Animal":"Chicken"},"geometry":{"type":"Point","coordinates":[24.64784,35.37153]}},{"type":"Feature","properties":{"CountryName":"Greece","Type of Animal":"Chicken"},"geometry":{"type":"Point","coordinates":[23.21979,40.45772]}},{"type":"Feature","properties":{"CountryName":"Greece","Type of Animal":"Pork"},"geometry":{"type":"Point","coordinates":[20.88229,39.17678]}},{"type":"Feature","properties":{"CountryName":"Greece","Type of Animal":"Pork"},"geometry":{"type":"Point","coordinates":[22.72366,37.33048]}},{"type":"Feature","properties":{"CountryName":"Greece","Type of Animal":"Pork"},"geometry":{"type":"Point","coordinates":[23.69023,38.52044]}},{"type":"Feature","properties":{"CountryName":"Greece","Type of Animal":"Pork"},"geometry":{"type":"Point","coordinates":[24.62882,35.39506]}},{"type":"Feature","properties":{"CountryName":"Greece","Type of Animal":"Chicken"},"geometry":{"type":"Point","coordinates":[23.68128,38.28985]}},{"type":"Feature","properties":{"CountryName":"Greece","Type of Animal":"Chicken"},"geometry":{"type":"Point","coordinates":[23.27116,38.06846]}},{"type":"Feature","properties":{"CountryName":"Greece","Type of Animal":"Chicken"},"geometry":{"type":"Point","coordinates":[20.95821,39.11492]}},{"type":"Feature","properties":{"CountryName":"Greece","Type of Animal":"Chicken"},"geometry":{"type":"Point","coordinates":[20.91649,39.11674]}},{"type":"Feature","properties":{"CountryName":"Greece","Type of Animal":"Chicken"},"geometry":{"type":"Point","coordinates":[21.05018,39.13068]}},{"type":"Feature","properties":{"CountryName":"Greece","Type of Animal":"Chicken"},"geometry":{"type":"Point","coordinates":[20.72998,39.71816]}},{"type":"Feature","properties":{"CountryName":"Greece","Type of Animal":"Chicken"},"geometry":{"type":"Point","coordinates":[20.84911,39.20691]}},{"type":"Feature","properties":{"CountryName":"Greece","Type of Animal":"Chicken"},"geometry":{"type":"Point","coordinates":[22.56554,40.32628]}},{"type":"Feature","properties":{"CountryName":"Greece","Type of Animal":"Chicken"},"geometry":{"type":"Point","coordinates":[22.55219,40.31924]}},{"type":"Feature","properties":{"CountryName":"Greece","Type of Animal":"Chicken"},"geometry":{"type":"Point","coordinates":[22.58503,40.39437]}},{"type":"Feature","properties":{"CountryName":"Greece","Type of Animal":"Chicken"},"geometry":{"type":"Point","coordinates":[21.08615,39.06762]}},{"type":"Feature","properties":{"CountryName":"Greece","Type of Animal":"Chicken"},"geometry":{"type":"Point","coordinates":[20.91838,39.22881]}},{"type":"Feature","properties":{"CountryName":"Greece","Type of Animal":"Chicken"},"geometry":{"type":"Point","coordinates":[20.76017,39.72271]}},{"type":"Feature","properties":{"CountryName":"Greece","Type of Animal":"Chicken"},"geometry":{"type":"Point","coordinates":[20.72128,39.77444]}},{"type":"Feature","properties":{"CountryName":"Greece","Type of Animal":"Chicken"},"geometry":{"type":"Point","coordinates":[20.71346,39.76607]}},{"type":"Feature","properties":{"CountryName":"Greece","Type of Animal":"Chicken"},"geometry":{"type":"Point","coordinates":[20.64484,40.00378]}},{"type":"Feature","properties":{"CountryName":"Greece","Type of Animal":"Chicken"},"geometry":{"type":"Point","coordinates":[20.86238,39.12114]}},{"type":"Feature","properties":{"CountryName":"Greece","Type of Animal":"Chicken"},"geometry":{"type":"Point","coordinates":[20.84918,39.20632]}},{"type":"Feature","properties":{"CountryName":"Greece","Type of Animal":"Chicken"},"geometry":{"type":"Point","coordinates":[23.67712,38.27974]}},{"type":"Feature","properties":{"CountryName":"Greece","Type of Animal":"Chicken"},"geometry":{"type":"Point","coordinates":[23.72387,38.54651]}},{"type":"Feature","properties":{"CountryName":"Greece","Type of Animal":"Chicken"},"geometry":{"type":"Point","coordinates":[23.75329,38.5201]}},{"type":"Feature","properties":{"CountryName":"Greece","Type of Animal":"Chicken"},"geometry":{"type":"Point","coordinates":[23.7533,38.52011]}},{"type":"Feature","properties":{"CountryName":"Greece","Type of Animal":"Chicken"},"geometry":{"type":"Point","coordinates":[22.30673,40.27423]}},{"type":"Feature","properties":{"CountryName":"Greece","Type of Animal":"Chicken"},"geometry":{"type":"Point","coordinates":[22.9142,40.81804]}},{"type":"Feature","properties":{"CountryName":"Greece","Type of Animal":"Chicken"},"geometry":{"type":"Point","coordinates":[22.88522,40.71087]}},{"type":"Feature","properties":{"CountryName":"Greece","Type of Animal":"Chicken"},"geometry":{"type":"Point","coordinates":[22.86056,40.71318]}},{"type":"Feature","properties":{"CountryName":"Greece","Type of Animal":"Chicken"},"geometry":{"type":"Point","coordinates":[22.58532,40.40051]}},{"type":"Feature","properties":{"CountryName":"Greece","Type of Animal":"Chicken"},"geometry":{"type":"Point","coordinates":[22.49196,40.25008]}},{"type":"Feature","properties":{"CountryName":"Greece","Type of Animal":"Chicken"},"geometry":{"type":"Point","coordinates":[22.55893,40.29912]}},{"type":"Feature","properties":{"CountryName":"Hungary","Type of Animal":"Pork"},"geometry":{"type":"Point","coordinates":[16.99181,46.9714]}},{"type":"Feature","properties":{"CountryName":"Hungary","Type of Animal":"Pork"},"geometry":{"type":"Point","coordinates":[16.953305,46.659176]}},{"type":"Feature","properties":{"CountryName":"Hungary","Type of Animal":"Chicken"},"geometry":{"type":"Point","coordinates":[20.830355,46.456402]}},{"type":"Feature","properties":{"CountryName":"Hungary","Type of Animal":"Pork"},"geometry":{"type":"Point","coordinates":[21.717379,47.144708]}},{"type":"Feature","properties":{"CountryName":"Hungary","Type of Animal":"Pork"},"geometry":{"type":"Point","coordinates":[21.1828,47.403632]}},{"type":"Feature","properties":{"CountryName":"Hungary","Type of Animal":"Pork"},"geometry":{"type":"Point","coordinates":[20.858202,46.335084]}},{"type":"Feature","properties":{"CountryName":"Hungary","Type of Animal":"Pork"},"geometry":{"type":"Point","coordinates":[20.858202,46.335084]}},{"type":"Feature","properties":{"CountryName":"Hungary","Type of Animal":"Pork"},"geometry":{"type":"Point","coordinates":[20.917255,46.317645]}},{"type":"Feature","properties":{"CountryName":"Hungary","Type of Animal":"Pork"},"geometry":{"type":"Point","coordinates":[20.741478,46.363288]}},{"type":"Feature","properties":{"CountryName":"Hungary","Type of Animal":"Chicken"},"geometry":{"type":"Point","coordinates":[19.772097,46.304132]}},{"type":"Feature","properties":{"CountryName":"Hungary","Type of Animal":"Pork"},"geometry":{"type":"Point","coordinates":[21.110219,47.428791]}},{"type":"Feature","properties":{"CountryName":"Hungary","Type of Animal":"Pork"},"geometry":{"type":"Point","coordinates":[21.007335,46.505748]}},{"type":"Feature","properties":{"CountryName":"Hungary","Type of Animal":"Pork"},"geometry":{"type":"Point","coordinates":[20.387633,47.115384]}},{"type":"Feature","properties":{"CountryName":"Hungary","Type of Animal":"Pork"},"geometry":{"type":"Point","coordinates":[20.859332,47.282579]}},{"type":"Feature","properties":{"CountryName":"Hungary","Type of Animal":"Chicken"},"geometry":{"type":"Point","coordinates":[22.005441,48.184296]}},{"type":"Feature","properties":{"CountryName":"Hungary","Type of Animal":"Chicken"},"geometry":{"type":"Point","coordinates":[22.018494,48.191875]}},{"type":"Feature","properties":{"CountryName":"Hungary","Type of Animal":"Pork"},"geometry":{"type":"Point","coordinates":[22.359102,47.909181]}},{"type":"Feature","properties":{"CountryName":"Hungary","Type of Animal":"Pork"},"geometry":{"type":"Point","coordinates":[22.43495,47.95592]}},{"type":"Feature","properties":{"CountryName":"Hungary","Type of Animal":"Pork"},"geometry":{"type":"Point","coordinates":[21.660123,47.923425]}},{"type":"Feature","properties":{"CountryName":"Hungary","Type of Animal":"Pork"},"geometry":{"type":"Point","coordinates":[21.564189,47.032765]}},{"type":"Feature","properties":{"CountryName":"Hungary","Type of Animal":"Pork"},"geometry":{"type":"Point","coordinates":[21.54608,47.363464]}},{"type":"Feature","properties":{"CountryName":"Hungary","Type of Animal":"Pork"},"geometry":{"type":"Point","coordinates":[21.227195,47.468029]}},{"type":"Feature","properties":{"CountryName":"Hungary","Type of Animal":"Chicken"},"geometry":{"type":"Point","coordinates":[21.312726,47.63735]}},{"type":"Feature","properties":{"CountryName":"Hungary","Type of Animal":"Pork"},"geometry":{"type":"Point","coordinates":[19.204822,46.013281]}},{"type":"Feature","properties":{"CountryName":"Hungary","Type of Animal":"Chicken"},"geometry":{"type":"Point","coordinates":[21.005466,46.6993]}},{"type":"Feature","properties":{"CountryName":"Hungary","Type of Animal":"Pork"},"geometry":{"type":"Point","coordinates":[20.886927,46.449881]}},{"type":"Feature","properties":{"CountryName":"Hungary","Type of Animal":"Chicken"},"geometry":{"type":"Point","coordinates":[18.638869,46.113781]}},{"type":"Feature","properties":{"CountryName":"Hungary","Type of Animal":"Pork"},"geometry":{"type":"Point","coordinates":[18.455409,45.819233]}},{"type":"Feature","properties":{"CountryName":"Hungary","Type of Animal":"Pork"},"geometry":{"type":"Point","coordinates":[20.695004,46.655969]}},{"type":"Feature","properties":{"CountryName":"Hungary","Type of Animal":"Pork"},"geometry":{"type":"Point","coordinates":[20.458449,46.578897]}},{"type":"Feature","properties":{"CountryName":"Hungary","Type of Animal":"Pork"},"geometry":{"type":"Point","coordinates":[20.458449,46.578897]}},{"type":"Feature","properties":{"CountryName":"Hungary","Type of Animal":"Pork"},"geometry":{"type":"Point","coordinates":[20.25318,46.689409]}},{"type":"Feature","properties":{"CountryName":"Hungary","Type of Animal":"Pork"},"geometry":{"type":"Point","coordinates":[20.25318,46.689409]}},{"type":"Feature","properties":{"CountryName":"Hungary","Type of Animal":"Pork"},"geometry":{"type":"Point","coordinates":[18.373752,46.132689]}},{"type":"Feature","properties":{"CountryName":"Hungary","Type of Animal":"Chicken"},"geometry":{"type":"Point","coordinates":[21.355225,47.333784]}},{"type":"Feature","properties":{"CountryName":"Hungary","Type of Animal":"Pork"},"geometry":{"type":"Point","coordinates":[18.962892,46.436997]}},{"type":"Feature","properties":{"CountryName":"Hungary","Type of Animal":"Pork"},"geometry":{"type":"Point","coordinates":[20.102246,47.502604]}},{"type":"Feature","properties":{"CountryName":"Hungary","Type of Animal":"Pork"},"geometry":{"type":"Point","coordinates":[20.752076,46.980522]}},{"type":"Feature","properties":{"CountryName":"Hungary","Type of Animal":"Pork"},"geometry":{"type":"Point","coordinates":[19.534022,46.425695]}},{"type":"Feature","properties":{"CountryName":"Hungary","Type of Animal":"Chicken"},"geometry":{"type":"Point","coordinates":[19.397232,46.227029]}},{"type":"Feature","properties":{"CountryName":"Hungary","Type of Animal":"Chicken"},"geometry":{"type":"Point","coordinates":[22.055563,48.162724]}},{"type":"Feature","properties":{"CountryName":"Hungary","Type of Animal":"Chicken"},"geometry":{"type":"Point","coordinates":[22.439735,48.233582]}},{"type":"Feature","properties":{"CountryName":"Hungary","Type of Animal":"Chicken"},"geometry":{"type":"Point","coordinates":[22.088795,48.00582]}},{"type":"Feature","properties":{"CountryName":"Hungary","Type of Animal":"Chicken"},"geometry":{"type":"Point","coordinates":[22.510658,47.913136]}},{"type":"Feature","properties":{"CountryName":"Hungary","Type of Animal":"Pork"},"geometry":{"type":"Point","coordinates":[18.67793,45.971893]}},{"type":"Feature","properties":{"CountryName":"Hungary","Type of Animal":"Pork"},"geometry":{"type":"Point","coordinates":[18.909946,45.985598]}},{"type":"Feature","properties":{"CountryName":"Hungary","Type of Animal":"Pork"},"geometry":{"type":"Point","coordinates":[18.909402,45.986254]}},{"type":"Feature","properties":{"CountryName":"Hungary","Type of Animal":"Pork"},"geometry":{"type":"Point","coordinates":[19.136833,46.132143]}},{"type":"Feature","properties":{"CountryName":"Hungary","Type of Animal":"Chicken"},"geometry":{"type":"Point","coordinates":[18.619623,46.077546]}},{"type":"Feature","properties":{"CountryName":"Hungary","Type of Animal":"Pork"},"geometry":{"type":"Point","coordinates":[16.770508,46.76476]}},{"type":"Feature","properties":{"CountryName":"Hungary","Type of Animal":"Pork"},"geometry":{"type":"Point","coordinates":[20.731333,46.820595]}},{"type":"Feature","properties":{"CountryName":"Hungary","Type of Animal":"Pork"},"geometry":{"type":"Point","coordinates":[21.034576,46.648149]}},{"type":"Feature","properties":{"CountryName":"Hungary","Type of Animal":"Pork"},"geometry":{"type":"Point","coordinates":[21.19319,47.086864]}},{"type":"Feature","properties":{"CountryName":"Hungary","Type of Animal":"Pork"},"geometry":{"type":"Point","coordinates":[18.447649,45.858035]}},{"type":"Feature","properties":{"CountryName":"Hungary","Type of Animal":"Chicken"},"geometry":{"type":"Point","coordinates":[21.271116,47.330618]}},{"type":"Feature","properties":{"CountryName":"Hungary","Type of Animal":"Chicken"},"geometry":{"type":"Point","coordinates":[18.719206,46.058407]}},{"type":"Feature","properties":{"CountryName":"Hungary","Type of Animal":"Pork"},"geometry":{"type":"Point","coordinates":[18.24699,46.298729]}},{"type":"Feature","properties":{"CountryName":"Hungary","Type of Animal":"Pork"},"geometry":{"type":"Point","coordinates":[21.619429,48.017849]}},{"type":"Feature","properties":{"CountryName":"Hungary","Type of Animal":"Pork"},"geometry":{"type":"Point","coordinates":[18.22979,45.960653]}},{"type":"Feature","properties":{"CountryName":"Hungary","Type of Animal":"Pork"},"geometry":{"type":"Point","coordinates":[18.547992,45.908436]}},{"type":"Feature","properties":{"CountryName":"Hungary","Type of Animal":"Chicken"},"geometry":{"type":"Point","coordinates":[17.209716,47.60988]}},{"type":"Feature","properties":{"CountryName":"Hungary","Type of Animal":"Pork"},"geometry":{"type":"Point","coordinates":[18.014946,47.733195]}},{"type":"Feature","properties":{"CountryName":"Hungary","Type of Animal":"Pork"},"geometry":{"type":"Point","coordinates":[18.01483,47.732996]}},{"type":"Feature","properties":{"CountryName":"Hungary","Type of Animal":"Pork"},"geometry":{"type":"Point","coordinates":[18.014697,47.732995]}},{"type":"Feature","properties":{"CountryName":"Hungary","Type of Animal":"Pork"},"geometry":{"type":"Point","coordinates":[20.12313,46.679046]}},{"type":"Feature","properties":{"CountryName":"Hungary","Type of Animal":"Pork"},"geometry":{"type":"Point","coordinates":[20.12313,46.679046]}},{"type":"Feature","properties":{"CountryName":"Hungary","Type of Animal":"Pork"},"geometry":{"type":"Point","coordinates":[18.653753,46.098362]}},{"type":"Feature","properties":{"CountryName":"Hungary","Type of Animal":"Pork"},"geometry":{"type":"Point","coordinates":[17.327868,47.566652]}},{"type":"Feature","properties":{"CountryName":"Hungary","Type of Animal":"Pork"},"geometry":{"type":"Point","coordinates":[18.169133,47.676865]}},{"type":"Feature","properties":{"CountryName":"Hungary","Type of Animal":"Pork"},"geometry":{"type":"Point","coordinates":[18.169133,47.676865]}},{"type":"Feature","properties":{"CountryName":"Hungary","Type of Animal":"Chicken"},"geometry":{"type":"Point","coordinates":[18.6424,47.615181]}},{"type":"Feature","properties":{"CountryName":"Hungary","Type of Animal":"Chicken"},"geometry":{"type":"Point","coordinates":[17.926415,47.62979]}},{"type":"Feature","properties":{"CountryName":"Hungary","Type of Animal":"Pork"},"geometry":{"type":"Point","coordinates":[17.828123,46.029934]}},{"type":"Feature","properties":{"CountryName":"Hungary","Type of Animal":"Pork"},"geometry":{"type":"Point","coordinates":[18.614728,45.994497]}},{"type":"Feature","properties":{"CountryName":"Hungary","Type of Animal":"Pork"},"geometry":{"type":"Point","coordinates":[18.30072,46.503135]}},{"type":"Feature","properties":{"CountryName":"Hungary","Type of Animal":"Pork"},"geometry":{"type":"Point","coordinates":[18.229572,46.421441]}},{"type":"Feature","properties":{"CountryName":"Hungary","Type of Animal":"Pork"},"geometry":{"type":"Point","coordinates":[21.349004,47.476254]}},{"type":"Feature","properties":{"CountryName":"Hungary","Type of Animal":"Pork"},"geometry":{"type":"Point","coordinates":[22.490706,47.976473]}},{"type":"Feature","properties":{"CountryName":"Hungary","Type of Animal":"Pork"},"geometry":{"type":"Point","coordinates":[18.741994,46.087051]}},{"type":"Feature","properties":{"CountryName":"Hungary","Type of Animal":"Chicken"},"geometry":{"type":"Point","coordinates":[21.619214,48.146358]}},{"type":"Feature","properties":{"CountryName":"Hungary","Type of Animal":"Pork"},"geometry":{"type":"Point","coordinates":[18.038729,45.99812]}},{"type":"Feature","properties":{"CountryName":"Hungary","Type of Animal":"Pork"},"geometry":{"type":"Point","coordinates":[20.542896,46.662069]}},{"type":"Feature","properties":{"CountryName":"Hungary","Type of Animal":"Pork"},"geometry":{"type":"Point","coordinates":[20.542896,46.662069]}},{"type":"Feature","properties":{"CountryName":"Hungary","Type of Animal":"Pork"},"geometry":{"type":"Point","coordinates":[18.164216,46.429315]}},{"type":"Feature","properties":{"CountryName":"Hungary","Type of Animal":"Pork"},"geometry":{"type":"Point","coordinates":[20.439606,46.941768]}},{"type":"Feature","properties":{"CountryName":"Hungary","Type of Animal":"Pork"},"geometry":{"type":"Point","coordinates":[21.308919,46.935505]}},{"type":"Feature","properties":{"CountryName":"Hungary","Type of Animal":"Chicken"},"geometry":{"type":"Point","coordinates":[20.460432,46.362259]}},{"type":"Feature","properties":{"CountryName":"Hungary","Type of Animal":"Chicken"},"geometry":{"type":"Point","coordinates":[20.580461,46.896326]}},{"type":"Feature","properties":{"CountryName":"Hungary","Type of Animal":"Chicken"},"geometry":{"type":"Point","coordinates":[20.594543,46.886238]}},{"type":"Feature","properties":{"CountryName":"Hungary","Type of Animal":"Pork"},"geometry":{"type":"Point","coordinates":[21.246762,47.10542]}},{"type":"Feature","properties":{"CountryName":"Hungary","Type of Animal":"Pork"},"geometry":{"type":"Point","coordinates":[21.350502,46.893913]}},{"type":"Feature","properties":{"CountryName":"Hungary","Type of Animal":"Pork"},"geometry":{"type":"Point","coordinates":[19.365393,46.088551]}},{"type":"Feature","properties":{"CountryName":"Hungary","Type of Animal":"Pork"},"geometry":{"type":"Point","coordinates":[20.141888,47.370914]}},{"type":"Feature","properties":{"CountryName":"Hungary","Type of Animal":"Pork"},"geometry":{"type":"Point","coordinates":[21.011938,46.75688]}},{"type":"Feature","properties":{"CountryName":"Hungary","Type of Animal":"Pork"},"geometry":{"type":"Point","coordinates":[20.273936,46.409693]}},{"type":"Feature","properties":{"CountryName":"Hungary","Type of Animal":"Pork"},"geometry":{"type":"Point","coordinates":[20.273936,46.409693]}},{"type":"Feature","properties":{"CountryName":"Hungary","Type of Animal":"Pork"},"geometry":{"type":"Point","coordinates":[20.855107,46.61718]}},{"type":"Feature","properties":{"CountryName":"Hungary","Type of Animal":"Pork"},"geometry":{"type":"Point","coordinates":[21.41117,47.903522]}},{"type":"Feature","properties":{"CountryName":"Hungary","Type of Animal":"Pork"},"geometry":{"type":"Point","coordinates":[20.626465,46.856108]}},{"type":"Feature","properties":{"CountryName":"Hungary","Type of Animal":"Pork"},"geometry":{"type":"Point","coordinates":[20.895432,46.731738]}},{"type":"Feature","properties":{"CountryName":"Hungary","Type of Animal":"Chicken"},"geometry":{"type":"Point","coordinates":[21.352679,47.299189]}},{"type":"Feature","properties":{"CountryName":"Hungary","Type of Animal":"Pork"},"geometry":{"type":"Point","coordinates":[19.765765,46.830592]}},{"type":"Feature","properties":{"CountryName":"Hungary","Type of Animal":"Pork"},"geometry":{"type":"Point","coordinates":[19.768338,46.826977]}},{"type":"Feature","properties":{"CountryName":"Hungary","Type of Animal":"Pork"},"geometry":{"type":"Point","coordinates":[19.047914,46.31508]}},{"type":"Feature","properties":{"CountryName":"Hungary","Type of Animal":"Chicken"},"geometry":{"type":"Point","coordinates":[22.324717,48.18341]}},{"type":"Feature","properties":{"CountryName":"Hungary","Type of Animal":"Pork"},"geometry":{"type":"Point","coordinates":[21.390613,47.715793]}},{"type":"Feature","properties":{"CountryName":"Hungary","Type of Animal":"Chicken"},"geometry":{"type":"Point","coordinates":[21.408489,47.710634]}},{"type":"Feature","properties":{"CountryName":"Hungary","Type of Animal":"Pork"},"geometry":{"type":"Point","coordinates":[21.170999,47.342868]}},{"type":"Feature","properties":{"CountryName":"Hungary","Type of Animal":"Pork"},"geometry":{"type":"Point","coordinates":[17.749881,47.615096]}},{"type":"Feature","properties":{"CountryName":"Hungary","Type of Animal":"Pork"},"geometry":{"type":"Point","coordinates":[21.280712,47.383228]}},{"type":"Feature","properties":{"CountryName":"Hungary","Type of Animal":"Pork"},"geometry":{"type":"Point","coordinates":[20.708272,46.532818]}},{"type":"Feature","properties":{"CountryName":"Hungary","Type of Animal":"Pork"},"geometry":{"type":"Point","coordinates":[20.708272,46.532818]}},{"type":"Feature","properties":{"CountryName":"Hungary","Type of Animal":"Pork"},"geometry":{"type":"Point","coordinates":[18.736554,46.755931]}},{"type":"Feature","properties":{"CountryName":"Hungary","Type of Animal":"Pork"},"geometry":{"type":"Point","coordinates":[17.346428,47.279802]}},{"type":"Feature","properties":{"CountryName":"Hungary","Type of Animal":"Pork"},"geometry":{"type":"Point","coordinates":[20.477223,46.302215]}},{"type":"Feature","properties":{"CountryName":"Hungary","Type of Animal":"Pork"},"geometry":{"type":"Point","coordinates":[20.477223,46.302215]}},{"type":"Feature","properties":{"CountryName":"Hungary","Type of Animal":"Chicken"},"geometry":{"type":"Point","coordinates":[21.478168,47.864988]}},{"type":"Feature","properties":{"CountryName":"Hungary","Type of Animal":"Pork"},"geometry":{"type":"Point","coordinates":[21.504215,47.739265]}},{"type":"Feature","properties":{"CountryName":"Hungary","Type of Animal":"Pork"},"geometry":{"type":"Point","coordinates":[19.251868,46.120191]}},{"type":"Feature","properties":{"CountryName":"Hungary","Type of Animal":"Pork"},"geometry":{"type":"Point","coordinates":[19.251868,46.120191]}},{"type":"Feature","properties":{"CountryName":"Hungary","Type of Animal":"Pork"},"geometry":{"type":"Point","coordinates":[20.138355,47.201371]}},{"type":"Feature","properties":{"CountryName":"Hungary","Type of Animal":"Pork"},"geometry":{"type":"Point","coordinates":[19.352378,46.096279]}},{"type":"Feature","properties":{"CountryName":"Hungary","Type of Animal":"Pork"},"geometry":{"type":"Point","coordinates":[19.352378,46.096279]}},{"type":"Feature","properties":{"CountryName":"Hungary","Type of Animal":"Pork"},"geometry":{"type":"Point","coordinates":[20.407693,46.685551]}},{"type":"Feature","properties":{"CountryName":"Hungary","Type of Animal":"Pork"},"geometry":{"type":"Point","coordinates":[20.410999,46.687041]}},{"type":"Feature","properties":{"CountryName":"Hungary","Type of Animal":"Chicken"},"geometry":{"type":"Point","coordinates":[19.618305,46.769352]}},{"type":"Feature","properties":{"CountryName":"Hungary","Type of Animal":"Pork"},"geometry":{"type":"Point","coordinates":[19.249566,46.165966]}},{"type":"Feature","properties":{"CountryName":"Hungary","Type of Animal":"Pork"},"geometry":{"type":"Point","coordinates":[21.235173,47.115631]}},{"type":"Feature","properties":{"CountryName":"Hungary","Type of Animal":"Chicken"},"geometry":{"type":"Point","coordinates":[18.81858,46.897956]}},{"type":"Feature","properties":{"CountryName":"Hungary","Type of Animal":"Pork"},"geometry":{"type":"Point","coordinates":[21.15694,46.802888]}},{"type":"Feature","properties":{"CountryName":"Hungary","Type of Animal":"Chicken"},"geometry":{"type":"Point","coordinates":[21.972196,48.086515]}},{"type":"Feature","properties":{"CountryName":"Hungary","Type of Animal":"Chicken"},"geometry":{"type":"Point","coordinates":[18.154962,47.725652]}},{"type":"Feature","properties":{"CountryName":"Hungary","Type of Animal":"Chicken"},"geometry":{"type":"Point","coordinates":[19.891222,46.679528]}},{"type":"Feature","properties":{"CountryName":"Hungary","Type of Animal":"Pork"},"geometry":{"type":"Point","coordinates":[21.5399,47.351718]}},{"type":"Feature","properties":{"CountryName":"Hungary","Type of Animal":"Chicken"},"geometry":{"type":"Point","coordinates":[22.005441,48.184296]}},{"type":"Feature","properties":{"CountryName":"Hungary","Type of Animal":"Pork"},"geometry":{"type":"Point","coordinates":[20.250218,46.938314]}},{"type":"Feature","properties":{"CountryName":"Hungary","Type of Animal":"Pork"},"geometry":{"type":"Point","coordinates":[21.10152,46.332996]}},{"type":"Feature","properties":{"CountryName":"Hungary","Type of Animal":"Chicken"},"geometry":{"type":"Point","coordinates":[20.411372,47.001498]}},{"type":"Feature","properties":{"CountryName":"Hungary","Type of Animal":"Pork"},"geometry":{"type":"Point","coordinates":[19.290544,46.348852]}},{"type":"Feature","properties":{"CountryName":"Hungary","Type of Animal":"Pork"},"geometry":{"type":"Point","coordinates":[19.290544,46.348852]}},{"type":"Feature","properties":{"CountryName":"Hungary","Type of Animal":"Pork"},"geometry":{"type":"Point","coordinates":[21.439903,47.396948]}},{"type":"Feature","properties":{"CountryName":"Hungary","Type of Animal":"Pork"},"geometry":{"type":"Point","coordinates":[21.437493,47.388458]}},{"type":"Feature","properties":{"CountryName":"Hungary","Type of Animal":"Chicken"},"geometry":{"type":"Point","coordinates":[19.610592,46.782993]}},{"type":"Feature","properties":{"CountryName":"Hungary","Type of Animal":"Chicken"},"geometry":{"type":"Point","coordinates":[18.740224,46.123191]}},{"type":"Feature","properties":{"CountryName":"Hungary","Type of Animal":"Chicken"},"geometry":{"type":"Point","coordinates":[20.119111,46.35169]}},{"type":"Feature","properties":{"CountryName":"Hungary","Type of Animal":"Pork"},"geometry":{"type":"Point","coordinates":[20.140851,46.29975]}},{"type":"Feature","properties":{"CountryName":"Hungary","Type of Animal":"Pork"},"geometry":{"type":"Point","coordinates":[20.140851,46.29975]}},{"type":"Feature","properties":{"CountryName":"Hungary","Type of Animal":"Chicken"},"geometry":{"type":"Point","coordinates":[19.997704,46.485548]}},{"type":"Feature","properties":{"CountryName":"Hungary","Type of Animal":"Pork"},"geometry":{"type":"Point","coordinates":[18.086525,46.472521]}},{"type":"Feature","properties":{"CountryName":"Hungary","Type of Animal":"Chicken"},"geometry":{"type":"Point","coordinates":[19.743719,46.575954]}},{"type":"Feature","properties":{"CountryName":"Hungary","Type of Animal":"Chicken"},"geometry":{"type":"Point","coordinates":[17.158092,47.027725]}},{"type":"Feature","properties":{"CountryName":"Hungary","Type of Animal":"Chicken"},"geometry":{"type":"Point","coordinates":[17.261145,47.1729]}},{"type":"Feature","properties":{"CountryName":"Hungary","Type of Animal":"Chicken"},"geometry":{"type":"Point","coordinates":[20.074054,46.226353]}},{"type":"Feature","properties":{"CountryName":"Hungary","Type of Animal":"Pork"},"geometry":{"type":"Point","coordinates":[18.697606,46.813059]}},{"type":"Feature","properties":{"CountryName":"Hungary","Type of Animal":"Pork"},"geometry":{"type":"Point","coordinates":[18.349809,46.528432]}},{"type":"Feature","properties":{"CountryName":"Hungary","Type of Animal":"Pork"},"geometry":{"type":"Point","coordinates":[18.732394,47.291823]}},{"type":"Feature","properties":{"CountryName":"Hungary","Type of Animal":"Chicken"},"geometry":{"type":"Point","coordinates":[20.640799,46.547805]}},{"type":"Feature","properties":{"CountryName":"Hungary","Type of Animal":"Chicken"},"geometry":{"type":"Point","coordinates":[21.354664,47.573352]}},{"type":"Feature","properties":{"CountryName":"Hungary","Type of Animal":"Chicken"},"geometry":{"type":"Point","coordinates":[21.463396,47.00164]}},{"type":"Feature","properties":{"CountryName":"Hungary","Type of Animal":"Chicken"},"geometry":{"type":"Point","coordinates":[21.555912,47.676264]}},{"type":"Feature","properties":{"CountryName":"Hungary","Type of Animal":"Chicken"},"geometry":{"type":"Point","coordinates":[17.283168,47.065717]}},{"type":"Feature","properties":{"CountryName":"Hungary","Type of Animal":"Pork"},"geometry":{"type":"Point","coordinates":[18.508252,46.771044]}},{"type":"Feature","properties":{"CountryName":"Hungary","Type of Animal":"Pork"},"geometry":{"type":"Point","coordinates":[21.239957,48.075609]}},{"type":"Feature","properties":{"CountryName":"Hungary","Type of Animal":"Pork"},"geometry":{"type":"Point","coordinates":[18.465862,46.803113]}},{"type":"Feature","properties":{"CountryName":"Hungary","Type of Animal":"Pork"},"geometry":{"type":"Point","coordinates":[18.356976,46.920174]}},{"type":"Feature","properties":{"CountryName":"Hungary","Type of Animal":"Pork"},"geometry":{"type":"Point","coordinates":[18.702213,46.95215]}},{"type":"Feature","properties":{"CountryName":"Hungary","Type of Animal":"Pork"},"geometry":{"type":"Point","coordinates":[21.019881,47.675967]}},{"type":"Feature","properties":{"CountryName":"Hungary","Type of Animal":"Pork"},"geometry":{"type":"Point","coordinates":[18.322453,46.851678]}},{"type":"Feature","properties":{"CountryName":"Hungary","Type of Animal":"Pork"},"geometry":{"type":"Point","coordinates":[17.415068,47.353145]}},{"type":"Feature","properties":{"CountryName":"Hungary","Type of Animal":"Chicken"},"geometry":{"type":"Point","coordinates":[17.101384,47.776846]}},{"type":"Feature","properties":{"CountryName":"Hungary","Type of Animal":"Pork"},"geometry":{"type":"Point","coordinates":[20.132108,47.648242]}},{"type":"Feature","properties":{"CountryName":"Hungary","Type of Animal":"Pork"},"geometry":{"type":"Point","coordinates":[18.20032,47.716998]}},{"type":"Feature","properties":{"CountryName":"Hungary","Type of Animal":"Pork"},"geometry":{"type":"Point","coordinates":[18.697923,46.186928]}},{"type":"Feature","properties":{"CountryName":"Hungary","Type of Animal":"Pork"},"geometry":{"type":"Point","coordinates":[18.55275,46.749008]}},{"type":"Feature","properties":{"CountryName":"Hungary","Type of Animal":"Chicken"},"geometry":{"type":"Point","coordinates":[21.393262,47.874031]}},{"type":"Feature","properties":{"CountryName":"Hungary","Type of Animal":"Chicken"},"geometry":{"type":"Point","coordinates":[22.020124,48.196153]}},{"type":"Feature","properties":{"CountryName":"Hungary","Type of Animal":"Chicken"},"geometry":{"type":"Point","coordinates":[16.648482,46.956392]}},{"type":"Feature","properties":{"CountryName":"Hungary","Type of Animal":"Chicken"},"geometry":{"type":"Point","coordinates":[22.195838,48.085903]}},{"type":"Feature","properties":{"CountryName":"Hungary","Type of Animal":"Pork"},"geometry":{"type":"Point","coordinates":[21.455302,47.652872]}},{"type":"Feature","properties":{"CountryName":"Hungary","Type of Animal":"Chicken"},"geometry":{"type":"Point","coordinates":[21.360927,47.539897]}},{"type":"Feature","properties":{"CountryName":"Hungary","Type of Animal":"Chicken"},"geometry":{"type":"Point","coordinates":[21.352029,47.525983]}},{"type":"Feature","properties":{"CountryName":"Hungary","Type of Animal":"Chicken"},"geometry":{"type":"Point","coordinates":[21.493264,47.381454]}},{"type":"Feature","properties":{"CountryName":"Hungary","Type of Animal":"Chicken"},"geometry":{"type":"Point","coordinates":[21.437926,47.597027]}},{"type":"Feature","properties":{"CountryName":"Hungary","Type of Animal":"Chicken"},"geometry":{"type":"Point","coordinates":[21.638436,47.46321]}},{"type":"Feature","properties":{"CountryName":"Hungary","Type of Animal":"Chicken"},"geometry":{"type":"Point","coordinates":[16.867919,47.39577]}},{"type":"Feature","properties":{"CountryName":"Hungary","Type of Animal":"Chicken"},"geometry":{"type":"Point","coordinates":[21.430268,47.019885]}},{"type":"Feature","properties":{"CountryName":"Hungary","Type of Animal":"Chicken"},"geometry":{"type":"Point","coordinates":[21.536501,47.648049]}},{"type":"Feature","properties":{"CountryName":"Hungary","Type of Animal":"Chicken"},"geometry":{"type":"Point","coordinates":[21.361305,47.25878]}},{"type":"Feature","properties":{"CountryName":"Hungary","Type of Animal":"Pork"},"geometry":{"type":"Point","coordinates":[16.879672,46.400884]}},{"type":"Feature","properties":{"CountryName":"Hungary","Type of Animal":"Chicken"},"geometry":{"type":"Point","coordinates":[19.630028,47.099744]}},{"type":"Feature","properties":{"CountryName":"Hungary","Type of Animal":"Chicken"},"geometry":{"type":"Point","coordinates":[20.543628,47.25746]}},{"type":"Feature","properties":{"CountryName":"Hungary","Type of Animal":"Pork"},"geometry":{"type":"Point","coordinates":[20.628148,47.3174]}},{"type":"Feature","properties":{"CountryName":"Hungary","Type of Animal":"Chicken"},"geometry":{"type":"Point","coordinates":[19.491973,46.927957]}},{"type":"Feature","properties":{"CountryName":"Hungary","Type of Animal":"Pork"},"geometry":{"type":"Point","coordinates":[22.243354,47.960098]}},{"type":"Feature","properties":{"CountryName":"Hungary","Type of Animal":"Pork"},"geometry":{"type":"Point","coordinates":[19.078301,46.751074]}},{"type":"Feature","properties":{"CountryName":"Hungary","Type of Animal":"Pork"},"geometry":{"type":"Point","coordinates":[21.125683,47.343533]}},{"type":"Feature","properties":{"CountryName":"Hungary","Type of Animal":"Chicken"},"geometry":{"type":"Point","coordinates":[22.380264,47.844934]}},{"type":"Feature","properties":{"CountryName":"Hungary","Type of Animal":"Pork"},"geometry":{"type":"Point","coordinates":[21.812542,47.38959]}},{"type":"Feature","properties":{"CountryName":"Hungary","Type of Animal":"Pork"},"geometry":{"type":"Point","coordinates":[18.401905,47.296637]}},{"type":"Feature","properties":{"CountryName":"Hungary","Type of Animal":"Pork"},"geometry":{"type":"Point","coordinates":[21.404515,47.520198]}},{"type":"Feature","properties":{"CountryName":"Hungary","Type of Animal":"Pork"},"geometry":{"type":"Point","coordinates":[20.95298,47.226258]}},{"type":"Feature","properties":{"CountryName":"Hungary","Type of Animal":"Chicken"},"geometry":{"type":"Point","coordinates":[21.347831,47.305477]}},{"type":"Feature","properties":{"CountryName":"Hungary","Type of Animal":"Chicken"},"geometry":{"type":"Point","coordinates":[19.786431,47.809466]}},{"type":"Feature","properties":{"CountryName":"Hungary","Type of Animal":"Chicken"},"geometry":{"type":"Point","coordinates":[21.662857,47.77125]}},{"type":"Feature","properties":{"CountryName":"Hungary","Type of Animal":"Pork"},"geometry":{"type":"Point","coordinates":[21.528196,47.814611]}},{"type":"Feature","properties":{"CountryName":"Hungary","Type of Animal":"Pork"},"geometry":{"type":"Point","coordinates":[21.393848,47.395466]}},{"type":"Feature","properties":{"CountryName":"Hungary","Type of Animal":"Pork"},"geometry":{"type":"Point","coordinates":[21.531896,47.45328]}},{"type":"Feature","properties":{"CountryName":"Hungary","Type of Animal":"Chicken"},"geometry":{"type":"Point","coordinates":[20.916883,47.518734]}},{"type":"Feature","properties":{"CountryName":"Hungary","Type of Animal":"Pork"},"geometry":{"type":"Point","coordinates":[20.919633,46.66945]}},{"type":"Feature","properties":{"CountryName":"Hungary","Type of Animal":"Pork"},"geometry":{"type":"Point","coordinates":[21.414432,47.405924]}},{"type":"Feature","properties":{"CountryName":"Hungary","Type of Animal":"Chicken"},"geometry":{"type":"Point","coordinates":[21.007351,46.697882]}},{"type":"Feature","properties":{"CountryName":"Hungary","Type of Animal":"Chicken"},"geometry":{"type":"Point","coordinates":[21.508371,47.461263]}},{"type":"Feature","properties":{"CountryName":"Hungary","Type of Animal":"Chicken"},"geometry":{"type":"Point","coordinates":[21.345089,47.826236]}},{"type":"Feature","properties":{"CountryName":"Hungary","Type of Animal":"Pork"},"geometry":{"type":"Point","coordinates":[20.730855,46.987585]}},{"type":"Feature","properties":{"CountryName":"Hungary","Type of Animal":"Pork"},"geometry":{"type":"Point","coordinates":[20.73862,46.985329]}},{"type":"Feature","properties":{"CountryName":"Hungary","Type of Animal":"Pork"},"geometry":{"type":"Point","coordinates":[21.079459,46.854439]}},{"type":"Feature","properties":{"CountryName":"Hungary","Type of Animal":"Chicken"},"geometry":{"type":"Point","coordinates":[19.855,46.558303]}},{"type":"Feature","properties":{"CountryName":"Hungary","Type of Animal":"Chicken"},"geometry":{"type":"Point","coordinates":[19.754332,46.758693]}},{"type":"Feature","properties":{"CountryName":"Hungary","Type of Animal":"Chicken"},"geometry":{"type":"Point","coordinates":[20.965631,46.524829]}},{"type":"Feature","properties":{"CountryName":"Hungary","Type of Animal":"Pork"},"geometry":{"type":"Point","coordinates":[21.201722,47.995201]}},{"type":"Feature","properties":{"CountryName":"Hungary","Type of Animal":"Chicken"},"geometry":{"type":"Point","coordinates":[20.965533,46.529051]}},{"type":"Feature","properties":{"CountryName":"Hungary","Type of Animal":"Pork"},"geometry":{"type":"Point","coordinates":[20.537742,46.305435]}},{"type":"Feature","properties":{"CountryName":"Hungary","Type of Animal":"Chicken"},"geometry":{"type":"Point","coordinates":[16.941195,47.325534]}},{"type":"Feature","properties":{"CountryName":"Hungary","Type of Animal":"Chicken"},"geometry":{"type":"Point","coordinates":[17.778293,47.660138]}},{"type":"Feature","properties":{"CountryName":"Hungary","Type of Animal":"Chicken"},"geometry":{"type":"Point","coordinates":[17.781127,47.659126]}},{"type":"Feature","properties":{"CountryName":"Hungary","Type of Animal":"Chicken"},"geometry":{"type":"Point","coordinates":[17.714635,47.690097]}},{"type":"Feature","properties":{"CountryName":"Hungary","Type of Animal":"Chicken"},"geometry":{"type":"Point","coordinates":[17.714635,47.690097]}},{"type":"Feature","properties":{"CountryName":"Hungary","Type of Animal":"Chicken"},"geometry":{"type":"Point","coordinates":[17.165223,47.107711]}},{"type":"Feature","properties":{"CountryName":"Hungary","Type of Animal":"Chicken"},"geometry":{"type":"Point","coordinates":[19.362054,46.204589]}},{"type":"Feature","properties":{"CountryName":"Hungary","Type of Animal":"Chicken"},"geometry":{"type":"Point","coordinates":[19.197288,46.407694]}},{"type":"Feature","properties":{"CountryName":"Hungary","Type of Animal":"Chicken"},"geometry":{"type":"Point","coordinates":[19.590138,47.064766]}},{"type":"Feature","properties":{"CountryName":"Hungary","Type of Animal":"Pork"},"geometry":{"type":"Point","coordinates":[21.381103,47.528215]}},{"type":"Feature","properties":{"CountryName":"Hungary","Type of Animal":"Pork"},"geometry":{"type":"Point","coordinates":[18.79775,46.491591]}},{"type":"Feature","properties":{"CountryName":"Hungary","Type of Animal":"Chicken"},"geometry":{"type":"Point","coordinates":[17.289913,47.128437]}},{"type":"Feature","properties":{"CountryName":"Hungary","Type of Animal":"Chicken"},"geometry":{"type":"Point","coordinates":[18.105341,45.954574]}},{"type":"Feature","properties":{"CountryName":"Hungary","Type of Animal":"Chicken"},"geometry":{"type":"Point","coordinates":[18.586556,46.159961]}},{"type":"Feature","properties":{"CountryName":"Hungary","Type of Animal":"Chicken"},"geometry":{"type":"Point","coordinates":[17.560389,46.336358]}},{"type":"Feature","properties":{"CountryName":"Hungary","Type of Animal":"Chicken"},"geometry":{"type":"Point","coordinates":[18.212801,46.007757]}},{"type":"Feature","properties":{"CountryName":"Hungary","Type of Animal":"Chicken"},"geometry":{"type":"Point","coordinates":[18.146319,45.933411]}},{"type":"Feature","properties":{"CountryName":"Hungary","Type of Animal":"Pork"},"geometry":{"type":"Point","coordinates":[18.092764,45.899501]}},{"type":"Feature","properties":{"CountryName":"Hungary","Type of Animal":"Chicken"},"geometry":{"type":"Point","coordinates":[18.248578,45.935555]}},{"type":"Feature","properties":{"CountryName":"Hungary","Type of Animal":"Chicken"},"geometry":{"type":"Point","coordinates":[17.987918,45.948603]}},{"type":"Feature","properties":{"CountryName":"Hungary","Type of Animal":"Chicken"},"geometry":{"type":"Point","coordinates":[16.694016,47.113199]}},{"type":"Feature","properties":{"CountryName":"Hungary","Type of Animal":"Pork"},"geometry":{"type":"Point","coordinates":[19.053874,46.32601]}},{"type":"Feature","properties":{"CountryName":"Hungary","Type of Animal":"Chicken"},"geometry":{"type":"Point","coordinates":[18.49225,47.209978]}},{"type":"Feature","properties":{"CountryName":"Hungary","Type of Animal":"Chicken"},"geometry":{"type":"Point","coordinates":[19.475007,46.926285]}},{"type":"Feature","properties":{"CountryName":"Hungary","Type of Animal":"Chicken"},"geometry":{"type":"Point","coordinates":[16.425895,46.848551]}},{"type":"Feature","properties":{"CountryName":"Hungary","Type of Animal":"Pork"},"geometry":{"type":"Point","coordinates":[17.617685,47.416319]}},{"type":"Feature","properties":{"CountryName":"Hungary","Type of Animal":"Chicken"},"geometry":{"type":"Point","coordinates":[16.939929,47.374138]}},{"type":"Feature","properties":{"CountryName":"Hungary","Type of Animal":"Chicken"},"geometry":{"type":"Point","coordinates":[17.49219,47.207085]}},{"type":"Feature","properties":{"CountryName":"Hungary","Type of Animal":"Chicken"},"geometry":{"type":"Point","coordinates":[17.490291,47.20203]}},{"type":"Feature","properties":{"CountryName":"Hungary","Type of Animal":"Pork"},"geometry":{"type":"Point","coordinates":[18.950165,45.958789]}},{"type":"Feature","properties":{"CountryName":"Hungary","Type of Animal":"Pork"},"geometry":{"type":"Point","coordinates":[18.950165,45.958789]}},{"type":"Feature","properties":{"CountryName":"Hungary","Type of Animal":"Pork"},"geometry":{"type":"Point","coordinates":[20.759107,47.231202]}},{"type":"Feature","properties":{"CountryName":"Hungary","Type of Animal":"Pork"},"geometry":{"type":"Point","coordinates":[21.600078,47.142828]}},{"type":"Feature","properties":{"CountryName":"Hungary","Type of Animal":"Chicken"},"geometry":{"type":"Point","coordinates":[17.57848,47.290906]}},{"type":"Feature","properties":{"CountryName":"Hungary","Type of Animal":"Chicken"},"geometry":{"type":"Point","coordinates":[18.24035,46.017432]}},{"type":"Feature","properties":{"CountryName":"Hungary","Type of Animal":"Pork"},"geometry":{"type":"Point","coordinates":[20.705353,47.228895]}},{"type":"Feature","properties":{"CountryName":"Hungary","Type of Animal":"Chicken"},"geometry":{"type":"Point","coordinates":[21.861023,47.741888]}},{"type":"Feature","properties":{"CountryName":"Hungary","Type of Animal":"Chicken"},"geometry":{"type":"Point","coordinates":[22.549176,48.156916]}},{"type":"Feature","properties":{"CountryName":"Hungary","Type of Animal":"Chicken"},"geometry":{"type":"Point","coordinates":[22.298304,48.140443]}},{"type":"Feature","properties":{"CountryName":"Hungary","Type of Animal":"Pork"},"geometry":{"type":"Point","coordinates":[20.611242,47.656695]}},{"type":"Feature","properties":{"CountryName":"Hungary","Type of Animal":"Pork"},"geometry":{"type":"Point","coordinates":[18.367111,45.944166]}},{"type":"Feature","properties":{"CountryName":"Hungary","Type of Animal":"Pork"},"geometry":{"type":"Point","coordinates":[20.592202,47.429899]}},{"type":"Feature","properties":{"CountryName":"Hungary","Type of Animal":"Pork"},"geometry":{"type":"Point","coordinates":[17.432623,46.017187]}},{"type":"Feature","properties":{"CountryName":"Hungary","Type of Animal":"Chicken"},"geometry":{"type":"Point","coordinates":[21.150131,47.984809]}},{"type":"Feature","properties":{"CountryName":"Hungary","Type of Animal":"Pork"},"geometry":{"type":"Point","coordinates":[20.709923,47.464186]}},{"type":"Feature","properties":{"CountryName":"Hungary","Type of Animal":"Pork"},"geometry":{"type":"Point","coordinates":[20.411372,47.001498]}},{"type":"Feature","properties":{"CountryName":"Hungary","Type of Animal":"Pork"},"geometry":{"type":"Point","coordinates":[21.146782,46.322228]}},{"type":"Feature","properties":{"CountryName":"Hungary","Type of Animal":"Pork"},"geometry":{"type":"Point","coordinates":[20.838707,47.332524]}},{"type":"Feature","properties":{"CountryName":"Hungary","Type of Animal":"Chicken"},"geometry":{"type":"Point","coordinates":[17.71441,47.688988]}},{"type":"Feature","properties":{"CountryName":"Hungary","Type of Animal":"Chicken"},"geometry":{"type":"Point","coordinates":[16.862259,47.146457]}},{"type":"Feature","properties":{"CountryName":"Hungary","Type of Animal":"Chicken"},"geometry":{"type":"Point","coordinates":[19.345347,46.276781]}},{"type":"Feature","properties":{"CountryName":"Hungary","Type of Animal":"Chicken"},"geometry":{"type":"Point","coordinates":[18.043781,47.555659]}},{"type":"Feature","properties":{"CountryName":"Hungary","Type of Animal":"Pork"},"geometry":{"type":"Point","coordinates":[18.019539,47.61943]}},{"type":"Feature","properties":{"CountryName":"Hungary","Type of Animal":"Chicken"},"geometry":{"type":"Point","coordinates":[18.021234,47.564438]}},{"type":"Feature","properties":{"CountryName":"Hungary","Type of Animal":"Chicken"},"geometry":{"type":"Point","coordinates":[17.924782,47.47254]}},{"type":"Feature","properties":{"CountryName":"Hungary","Type of Animal":"Chicken"},"geometry":{"type":"Point","coordinates":[17.93781,47.473836]}},{"type":"Feature","properties":{"CountryName":"Hungary","Type of Animal":"Chicken"},"geometry":{"type":"Point","coordinates":[18.0442,47.533597]}},{"type":"Feature","properties":{"CountryName":"Hungary","Type of Animal":"Pork"},"geometry":{"type":"Point","coordinates":[17.952978,47.611064]}},{"type":"Feature","properties":{"CountryName":"Hungary","Type of Animal":"Chicken"},"geometry":{"type":"Point","coordinates":[17.970324,47.523674]}},{"type":"Feature","properties":{"CountryName":"Hungary","Type of Animal":"Pork"},"geometry":{"type":"Point","coordinates":[17.367833,47.632116]}},{"type":"Feature","properties":{"CountryName":"Hungary","Type of Animal":"Pork"},"geometry":{"type":"Point","coordinates":[17.071431,47.346195]}},{"type":"Feature","properties":{"CountryName":"Hungary","Type of Animal":"Pork"},"geometry":{"type":"Point","coordinates":[17.071431,47.346195]}},{"type":"Feature","properties":{"CountryName":"Hungary","Type of Animal":"Chicken"},"geometry":{"type":"Point","coordinates":[17.588336,47.559444]}},{"type":"Feature","properties":{"CountryName":"Hungary","Type of Animal":"Pork"},"geometry":{"type":"Point","coordinates":[17.491363,47.535236]}},{"type":"Feature","properties":{"CountryName":"Hungary","Type of Animal":"Chicken"},"geometry":{"type":"Point","coordinates":[19.817802,46.528874]}},{"type":"Feature","properties":{"CountryName":"Hungary","Type of Animal":"Chicken"},"geometry":{"type":"Point","coordinates":[20.052411,46.632748]}},{"type":"Feature","properties":{"CountryName":"Hungary","Type of Animal":"Pork"},"geometry":{"type":"Point","coordinates":[19.248643,46.298314]}},{"type":"Feature","properties":{"CountryName":"Hungary","Type of Animal":"Pork"},"geometry":{"type":"Point","coordinates":[19.259902,46.289865]}},{"type":"Feature","properties":{"CountryName":"Hungary","Type of Animal":"Pork"},"geometry":{"type":"Point","coordinates":[18.292942,46.431454]}},{"type":"Feature","properties":{"CountryName":"Hungary","Type of Animal":"Pork"},"geometry":{"type":"Point","coordinates":[19.704946,47.109171]}},{"type":"Feature","properties":{"CountryName":"Hungary","Type of Animal":"Chicken"},"geometry":{"type":"Point","coordinates":[19.746655,46.473252]}},{"type":"Feature","properties":{"CountryName":"Hungary","Type of Animal":"Chicken"},"geometry":{"type":"Point","coordinates":[16.984277,47.400057]}},{"type":"Feature","properties":{"CountryName":"Hungary","Type of Animal":"Pork"},"geometry":{"type":"Point","coordinates":[19.028225,46.788302]}},{"type":"Feature","properties":{"CountryName":"Hungary","Type of Animal":"Chicken"},"geometry":{"type":"Point","coordinates":[22.143539,48.031243]}},{"type":"Feature","properties":{"CountryName":"Hungary","Type of Animal":"Chicken"},"geometry":{"type":"Point","coordinates":[21.970346,48.022334]}},{"type":"Feature","properties":{"CountryName":"Hungary","Type of Animal":"Chicken"},"geometry":{"type":"Point","coordinates":[21.532603,48.162412]}},{"type":"Feature","properties":{"CountryName":"Hungary","Type of Animal":"Pork"},"geometry":{"type":"Point","coordinates":[18.850624,46.998697]}},{"type":"Feature","properties":{"CountryName":"Hungary","Type of Animal":"Pork"},"geometry":{"type":"Point","coordinates":[18.875248,46.995742]}},{"type":"Feature","properties":{"CountryName":"Hungary","Type of Animal":"Chicken"},"geometry":{"type":"Point","coordinates":[22.272249,47.925457]}},{"type":"Feature","properties":{"CountryName":"Hungary","Type of Animal":"Chicken"},"geometry":{"type":"Point","coordinates":[22.110901,47.842633]}},{"type":"Feature","properties":{"CountryName":"Hungary","Type of Animal":"Pork"},"geometry":{"type":"Point","coordinates":[20.287302,46.952592]}},{"type":"Feature","properties":{"CountryName":"Hungary","Type of Animal":"Pork"},"geometry":{"type":"Point","coordinates":[20.649176,47.351829]}},{"type":"Feature","properties":{"CountryName":"Hungary","Type of Animal":"Pork"},"geometry":{"type":"Point","coordinates":[19.415133,46.221287]}},{"type":"Feature","properties":{"CountryName":"Hungary","Type of Animal":"Pork"},"geometry":{"type":"Point","coordinates":[22.257157,48.115688]}},{"type":"Feature","properties":{"CountryName":"Hungary","Type of Animal":"Chicken"},"geometry":{"type":"Point","coordinates":[16.988073,47.362701]}},{"type":"Feature","properties":{"CountryName":"Hungary","Type of Animal":"Chicken"},"geometry":{"type":"Point","coordinates":[16.993466,47.369798]}},{"type":"Feature","properties":{"CountryName":"Hungary","Type of Animal":"Chicken"},"geometry":{"type":"Point","coordinates":[16.738489,47.327381]}},{"type":"Feature","properties":{"CountryName":"Hungary","Type of Animal":"Pork"},"geometry":{"type":"Point","coordinates":[17.305088,47.637493]}},{"type":"Feature","properties":{"CountryName":"Hungary","Type of Animal":"Chicken"},"geometry":{"type":"Point","coordinates":[16.929402,47.222679]}},{"type":"Feature","properties":{"CountryName":"Hungary","Type of Animal":"Chicken"},"geometry":{"type":"Point","coordinates":[17.048881,47.073019]}},{"type":"Feature","properties":{"CountryName":"Hungary","Type of Animal":"Chicken"},"geometry":{"type":"Point","coordinates":[16.679071,46.980692]}},{"type":"Feature","properties":{"CountryName":"Hungary","Type of Animal":"Pork"},"geometry":{"type":"Point","coordinates":[17.694252,45.970925]}},{"type":"Feature","properties":{"CountryName":"Hungary","Type of Animal":"Pork"},"geometry":{"type":"Point","coordinates":[18.836489,46.713286]}},{"type":"Feature","properties":{"CountryName":"Hungary","Type of Animal":"Pork"},"geometry":{"type":"Point","coordinates":[17.216697,47.518625]}},{"type":"Feature","properties":{"CountryName":"Hungary","Type of Animal":"Chicken"},"geometry":{"type":"Point","coordinates":[20.640906,46.67902]}},{"type":"Feature","properties":{"CountryName":"Hungary","Type of Animal":"Pork"},"geometry":{"type":"Point","coordinates":[18.776143,47.191123]}},{"type":"Feature","properties":{"CountryName":"Hungary","Type of Animal":"Chicken"},"geometry":{"type":"Point","coordinates":[21.074454,48.092573]}},{"type":"Feature","properties":{"CountryName":"Hungary","Type of Animal":"Chicken"},"geometry":{"type":"Point","coordinates":[21.064198,48.145654]}},{"type":"Feature","properties":{"CountryName":"Hungary","Type of Animal":"Pork"},"geometry":{"type":"Point","coordinates":[17.342946,46.409926]}},{"type":"Feature","properties":{"CountryName":"Hungary","Type of Animal":"Pork"},"geometry":{"type":"Point","coordinates":[21.210206,48.362944]}},{"type":"Feature","properties":{"CountryName":"Hungary","Type of Animal":"Pork"},"geometry":{"type":"Point","coordinates":[21.257472,46.550036]}},{"type":"Feature","properties":{"CountryName":"Hungary","Type of Animal":"Pork"},"geometry":{"type":"Point","coordinates":[19.678407,47.874563]}},{"type":"Feature","properties":{"CountryName":"Hungary","Type of Animal":"Pork"},"geometry":{"type":"Point","coordinates":[18.160739,47.570137]}},{"type":"Feature","properties":{"CountryName":"Hungary","Type of Animal":"Chicken"},"geometry":{"type":"Point","coordinates":[20.647867,47.845108]}},{"type":"Feature","properties":{"CountryName":"Hungary","Type of Animal":"Chicken"},"geometry":{"type":"Point","coordinates":[17.497966,47.727052]}},{"type":"Feature","properties":{"CountryName":"Hungary","Type of Animal":"Pork"},"geometry":{"type":"Point","coordinates":[18.222523,47.625214]}},{"type":"Feature","properties":{"CountryName":"Hungary","Type of Animal":"Pork"},"geometry":{"type":"Point","coordinates":[19.972432,47.658596]}},{"type":"Feature","properties":{"CountryName":"Hungary","Type of Animal":"Chicken"},"geometry":{"type":"Point","coordinates":[17.500824,47.327538]}},{"type":"Feature","properties":{"CountryName":"Hungary","Type of Animal":"Pork"},"geometry":{"type":"Point","coordinates":[18.163295,46.340161]}},{"type":"Feature","properties":{"CountryName":"Hungary","Type of Animal":"Chicken"},"geometry":{"type":"Point","coordinates":[18.73052,47.658469]}},{"type":"Feature","properties":{"CountryName":"Hungary","Type of Animal":"Chicken"},"geometry":{"type":"Point","coordinates":[18.71949,47.631769]}},{"type":"Feature","properties":{"CountryName":"Hungary","Type of Animal":"Chicken"},"geometry":{"type":"Point","coordinates":[18.612216,47.599214]}},{"type":"Feature","properties":{"CountryName":"Hungary","Type of Animal":"Chicken"},"geometry":{"type":"Point","coordinates":[18.650289,47.618654]}},{"type":"Feature","properties":{"CountryName":"Hungary","Type of Animal":"Chicken"},"geometry":{"type":"Point","coordinates":[19.518463,46.929821]}},{"type":"Feature","properties":{"CountryName":"Hungary","Type of Animal":"Pork"},"geometry":{"type":"Point","coordinates":[17.245678,47.848522]}},{"type":"Feature","properties":{"CountryName":"Hungary","Type of Animal":"Pork"},"geometry":{"type":"Point","coordinates":[17.245678,47.848522]}},{"type":"Feature","properties":{"CountryName":"Hungary","Type of Animal":"Pork"},"geometry":{"type":"Point","coordinates":[17.33906,47.46384]}},{"type":"Feature","properties":{"CountryName":"Hungary","Type of Animal":"Pork"},"geometry":{"type":"Point","coordinates":[17.436509,47.396994]}},{"type":"Feature","properties":{"CountryName":"Hungary","Type of Animal":"Chicken"},"geometry":{"type":"Point","coordinates":[17.414381,47.821261]}},{"type":"Feature","properties":{"CountryName":"Hungary","Type of Animal":"Chicken"},"geometry":{"type":"Point","coordinates":[17.383687,47.813214]}},{"type":"Feature","properties":{"CountryName":"Hungary","Type of Animal":"Chicken"},"geometry":{"type":"Point","coordinates":[18.235689,45.987171]}},{"type":"Feature","properties":{"CountryName":"Hungary","Type of Animal":"Chicken"},"geometry":{"type":"Point","coordinates":[19.423364,46.984535]}},{"type":"Feature","properties":{"CountryName":"Hungary","Type of Animal":"Pork"},"geometry":{"type":"Point","coordinates":[20.497403,47.520987]}},{"type":"Feature","properties":{"CountryName":"Hungary","Type of Animal":"Pork"},"geometry":{"type":"Point","coordinates":[20.427565,47.599154]}},{"type":"Feature","properties":{"CountryName":"Hungary","Type of Animal":"Pork"},"geometry":{"type":"Point","coordinates":[22.206293,48.057702]}},{"type":"Feature","properties":{"CountryName":"Hungary","Type of Animal":"Chicken"},"geometry":{"type":"Point","coordinates":[19.003535,46.303548]}},{"type":"Feature","properties":{"CountryName":"Hungary","Type of Animal":"Pork"},"geometry":{"type":"Point","coordinates":[17.804049,46.556319]}},{"type":"Feature","properties":{"CountryName":"Hungary","Type of Animal":"Chicken"},"geometry":{"type":"Point","coordinates":[16.768682,47.275798]}},{"type":"Feature","properties":{"CountryName":"Hungary","Type of Animal":"Pork"},"geometry":{"type":"Point","coordinates":[17.840745,47.460283]}},{"type":"Feature","properties":{"CountryName":"Hungary","Type of Animal":"Pork"},"geometry":{"type":"Point","coordinates":[17.840745,47.460283]}},{"type":"Feature","properties":{"CountryName":"Hungary","Type of Animal":"Chicken"},"geometry":{"type":"Point","coordinates":[16.958382,47.056103]}},{"type":"Feature","properties":{"CountryName":"Hungary","Type of Animal":"Pork"},"geometry":{"type":"Point","coordinates":[18.40878,45.898731]}},{"type":"Feature","properties":{"CountryName":"Hungary","Type of Animal":"Chicken"},"geometry":{"type":"Point","coordinates":[16.285766,46.978604]}},{"type":"Feature","properties":{"CountryName":"Hungary","Type of Animal":"Chicken"},"geometry":{"type":"Point","coordinates":[16.812608,47.062202]}},{"type":"Feature","properties":{"CountryName":"Hungary","Type of Animal":"Chicken"},"geometry":{"type":"Point","coordinates":[16.814317,47.035201]}},{"type":"Feature","properties":{"CountryName":"Hungary","Type of Animal":"Pork"},"geometry":{"type":"Point","coordinates":[18.337125,46.038391]}},{"type":"Feature","properties":{"CountryName":"Hungary","Type of Animal":"Chicken"},"geometry":{"type":"Point","coordinates":[19.403206,46.349544]}},{"type":"Feature","properties":{"CountryName":"Hungary","Type of Animal":"Pork"},"geometry":{"type":"Point","coordinates":[18.791784,47.119276]}},{"type":"Feature","properties":{"CountryName":"Hungary","Type of Animal":"Chicken"},"geometry":{"type":"Point","coordinates":[18.583024,45.856287]}},{"type":"Feature","properties":{"CountryName":"Hungary","Type of Animal":"Chicken"},"geometry":{"type":"Point","coordinates":[18.578888,45.862675]}},{"type":"Feature","properties":{"CountryName":"Hungary","Type of Animal":"Chicken"},"geometry":{"type":"Point","coordinates":[21.014549,47.201625]}},{"type":"Feature","properties":{"CountryName":"Hungary","Type of Animal":"Chicken"},"geometry":{"type":"Point","coordinates":[17.46991,47.083445]}},{"type":"Feature","properties":{"CountryName":"Hungary","Type of Animal":"Pork"},"geometry":{"type":"Point","coordinates":[17.892923,46.057304]}},{"type":"Feature","properties":{"CountryName":"Hungary","Type of Animal":"Chicken"},"geometry":{"type":"Point","coordinates":[21.209802,47.99417]}},{"type":"Feature","properties":{"CountryName":"Hungary","Type of Animal":"Pork"},"geometry":{"type":"Point","coordinates":[18.325298,46.039953]}},{"type":"Feature","properties":{"CountryName":"Hungary","Type of Animal":"Chicken"},"geometry":{"type":"Point","coordinates":[19.518542,46.931341]}},{"type":"Feature","properties":{"CountryName":"Hungary","Type of Animal":"Chicken"},"geometry":{"type":"Point","coordinates":[17.159177,46.709294]}},{"type":"Feature","properties":{"CountryName":"Hungary","Type of Animal":"Chicken"},"geometry":{"type":"Point","coordinates":[21.456085,47.65632]}},{"type":"Feature","properties":{"CountryName":"Hungary","Type of Animal":"Pork"},"geometry":{"type":"Point","coordinates":[18.060061,46.488397]}},{"type":"Feature","properties":{"CountryName":"Hungary","Type of Animal":"Chicken"},"geometry":{"type":"Point","coordinates":[17.21031,46.986402]}},{"type":"Feature","properties":{"CountryName":"Hungary","Type of Animal":"Pork"},"geometry":{"type":"Point","coordinates":[20.61616,46.599698]}},{"type":"Feature","properties":{"CountryName":"Hungary","Type of Animal":"Chicken"},"geometry":{"type":"Point","coordinates":[16.90751,46.427802]}},{"type":"Feature","properties":{"CountryName":"Hungary","Type of Animal":"Chicken"},"geometry":{"type":"Point","coordinates":[18.044701,45.96056]}},{"type":"Feature","properties":{"CountryName":"Hungary","Type of Animal":"Chicken"},"geometry":{"type":"Point","coordinates":[18.101168,45.94234]}},{"type":"Feature","properties":{"CountryName":"Hungary","Type of Animal":"Chicken"},"geometry":{"type":"Point","coordinates":[18.124225,45.943846]}},{"type":"Feature","properties":{"CountryName":"Hungary","Type of Animal":"Chicken"},"geometry":{"type":"Point","coordinates":[21.944352,48.061481]}},{"type":"Feature","properties":{"CountryName":"Hungary","Type of Animal":"Pork"},"geometry":{"type":"Point","coordinates":[18.637476,46.114919]}},{"type":"Feature","properties":{"CountryName":"Hungary","Type of Animal":"Pork"},"geometry":{"type":"Point","coordinates":[18.117799,46.456877]}},{"type":"Feature","properties":{"CountryName":"Hungary","Type of Animal":"Chicken"},"geometry":{"type":"Point","coordinates":[21.416805,47.863773]}},{"type":"Feature","properties":{"CountryName":"Hungary","Type of Animal":"Pork"},"geometry":{"type":"Point","coordinates":[19.18309,46.215848]}},{"type":"Feature","properties":{"CountryName":"Hungary","Type of Animal":"Chicken"},"geometry":{"type":"Point","coordinates":[21.65645,47.379725]}},{"type":"Feature","properties":{"CountryName":"Hungary","Type of Animal":"Chicken"},"geometry":{"type":"Point","coordinates":[21.338307,47.296624]}},{"type":"Feature","properties":{"CountryName":"Hungary","Type of Animal":"Pork"},"geometry":{"type":"Point","coordinates":[18.127529,47.075045]}},{"type":"Feature","properties":{"CountryName":"Hungary","Type of Animal":"Chicken"},"geometry":{"type":"Point","coordinates":[18.801436,46.39482]}},{"type":"Feature","properties":{"CountryName":"Hungary","Type of Animal":"Chicken"},"geometry":{"type":"Point","coordinates":[18.275419,47.162582]}},{"type":"Feature","properties":{"CountryName":"Hungary","Type of Animal":"Pork"},"geometry":{"type":"Point","coordinates":[18.749273,46.251388]}},{"type":"Feature","properties":{"CountryName":"Hungary","Type of Animal":"Chicken"},"geometry":{"type":"Point","coordinates":[19.135222,46.257689]}},{"type":"Feature","properties":{"CountryName":"Hungary","Type of Animal":"Pork"},"geometry":{"type":"Point","coordinates":[20.914865,47.971925]}},{"type":"Feature","properties":{"CountryName":"Hungary","Type of Animal":"Pork"},"geometry":{"type":"Point","coordinates":[20.768998,48.190951]}},{"type":"Feature","properties":{"CountryName":"Hungary","Type of Animal":"Pork"},"geometry":{"type":"Point","coordinates":[21.768135,47.845321]}},{"type":"Feature","properties":{"CountryName":"Hungary","Type of Animal":"Pork"},"geometry":{"type":"Point","coordinates":[21.766781,47.844993]}},{"type":"Feature","properties":{"CountryName":"Hungary","Type of Animal":"Chicken"},"geometry":{"type":"Point","coordinates":[18.199394,47.663526]}},{"type":"Feature","properties":{"CountryName":"Hungary","Type of Animal":"Chicken"},"geometry":{"type":"Point","coordinates":[18.198878,47.658351]}},{"type":"Feature","properties":{"CountryName":"Hungary","Type of Animal":"Chicken"},"geometry":{"type":"Point","coordinates":[18.19386,47.661561]}},{"type":"Feature","properties":{"CountryName":"Hungary","Type of Animal":"Chicken"},"geometry":{"type":"Point","coordinates":[21.006654,46.80767]}},{"type":"Feature","properties":{"CountryName":"Hungary","Type of Animal":"Pork"},"geometry":{"type":"Point","coordinates":[18.039564,45.996931]}},{"type":"Feature","properties":{"CountryName":"Hungary","Type of Animal":"Chicken"},"geometry":{"type":"Point","coordinates":[16.73596,47.067346]}},{"type":"Feature","properties":{"CountryName":"Hungary","Type of Animal":"Pork"},"geometry":{"type":"Point","coordinates":[18.667971,45.942318]}},{"type":"Feature","properties":{"CountryName":"Hungary","Type of Animal":"Chicken"},"geometry":{"type":"Point","coordinates":[17.904424,47.649184]}},{"type":"Feature","properties":{"CountryName":"Hungary","Type of Animal":"Pork"},"geometry":{"type":"Point","coordinates":[18.61059,46.843119]}},{"type":"Feature","properties":{"CountryName":"Hungary","Type of Animal":"Pork"},"geometry":{"type":"Point","coordinates":[18.704788,46.516194]}},{"type":"Feature","properties":{"CountryName":"Hungary","Type of Animal":"Pork"},"geometry":{"type":"Point","coordinates":[20.628233,46.66462]}},{"type":"Feature","properties":{"CountryName":"Hungary","Type of Animal":"Chicken"},"geometry":{"type":"Point","coordinates":[21.315239,47.942816]}},{"type":"Feature","properties":{"CountryName":"Hungary","Type of Animal":"Chicken"},"geometry":{"type":"Point","coordinates":[18.558095,46.265282]}},{"type":"Feature","properties":{"CountryName":"Hungary","Type of Animal":"Chicken"},"geometry":{"type":"Point","coordinates":[21.325057,47.948122]}},{"type":"Feature","properties":{"CountryName":"Hungary","Type of Animal":"Chicken"},"geometry":{"type":"Point","coordinates":[18.904438,47.151578]}},{"type":"Feature","properties":{"CountryName":"Hungary","Type of Animal":"Chicken"},"geometry":{"type":"Point","coordinates":[21.474426,47.668814]}},{"type":"Feature","properties":{"CountryName":"Hungary","Type of Animal":"Chicken"},"geometry":{"type":"Point","coordinates":[21.389589,47.9228]}},{"type":"Feature","properties":{"CountryName":"Hungary","Type of Animal":"Chicken"},"geometry":{"type":"Point","coordinates":[18.974121,47.26102]}},{"type":"Feature","properties":{"CountryName":"Hungary","Type of Animal":"Pork"},"geometry":{"type":"Point","coordinates":[20.39955,46.756916]}},{"type":"Feature","properties":{"CountryName":"Hungary","Type of Animal":"Pork"},"geometry":{"type":"Point","coordinates":[20.776634,46.428316]}},{"type":"Feature","properties":{"CountryName":"Hungary","Type of Animal":"Pork"},"geometry":{"type":"Point","coordinates":[20.776634,46.428316]}},{"type":"Feature","properties":{"CountryName":"Hungary","Type of Animal":"Chicken"},"geometry":{"type":"Point","coordinates":[20.053527,47.287149]}},{"type":"Feature","properties":{"CountryName":"Hungary","Type of Animal":"Chicken"},"geometry":{"type":"Point","coordinates":[20.594965,46.554379]}},{"type":"Feature","properties":{"CountryName":"Hungary","Type of Animal":"Pork"},"geometry":{"type":"Point","coordinates":[20.283893,46.873834]}},{"type":"Feature","properties":{"CountryName":"Hungary","Type of Animal":"Chicken"},"geometry":{"type":"Point","coordinates":[21.056059,46.509096]}},{"type":"Feature","properties":{"CountryName":"Hungary","Type of Animal":"Pork"},"geometry":{"type":"Point","coordinates":[17.963773,46.736818]}},{"type":"Feature","properties":{"CountryName":"Hungary","Type of Animal":"Chicken"},"geometry":{"type":"Point","coordinates":[18.46089,45.991331]}},{"type":"Feature","properties":{"CountryName":"Hungary","Type of Animal":"Pork"},"geometry":{"type":"Point","coordinates":[20.686136,46.49085]}},{"type":"Feature","properties":{"CountryName":"Hungary","Type of Animal":"Pork"},"geometry":{"type":"Point","coordinates":[20.686136,46.49085]}},{"type":"Feature","properties":{"CountryName":"Hungary","Type of Animal":"Chicken"},"geometry":{"type":"Point","coordinates":[20.857692,47.496735]}},{"type":"Feature","properties":{"CountryName":"Hungary","Type of Animal":"Chicken"},"geometry":{"type":"Point","coordinates":[20.893037,46.453057]}},{"type":"Feature","properties":{"CountryName":"Hungary","Type of Animal":"Pork"},"geometry":{"type":"Point","coordinates":[22.293707,47.931809]}},{"type":"Feature","properties":{"CountryName":"Hungary","Type of Animal":"Chicken"},"geometry":{"type":"Point","coordinates":[17.847275,47.522747]}},{"type":"Feature","properties":{"CountryName":"Hungary","Type of Animal":"Chicken"},"geometry":{"type":"Point","coordinates":[18.963372,46.25617]}},{"type":"Feature","properties":{"CountryName":"Hungary","Type of Animal":"Chicken"},"geometry":{"type":"Point","coordinates":[19.410617,47.23166]}},{"type":"Feature","properties":{"CountryName":"Hungary","Type of Animal":"Chicken"},"geometry":{"type":"Point","coordinates":[21.032637,47.963877]}},{"type":"Feature","properties":{"CountryName":"Hungary","Type of Animal":"Chicken"},"geometry":{"type":"Point","coordinates":[18.296434,47.526062]}},{"type":"Feature","properties":{"CountryName":"Hungary","Type of Animal":"Pork"},"geometry":{"type":"Point","coordinates":[17.970351,47.540613]}},{"type":"Feature","properties":{"CountryName":"Hungary","Type of Animal":"Pork"},"geometry":{"type":"Point","coordinates":[18.033574,45.843294]}},{"type":"Feature","properties":{"CountryName":"Hungary","Type of Animal":"Pork"},"geometry":{"type":"Point","coordinates":[21.265622,47.203722]}},{"type":"Feature","properties":{"CountryName":"Hungary","Type of Animal":"Chicken"},"geometry":{"type":"Point","coordinates":[18.439363,47.160602]}},{"type":"Feature","properties":{"CountryName":"Hungary","Type of Animal":"Chicken"},"geometry":{"type":"Point","coordinates":[21.96178,48.148174]}},{"type":"Feature","properties":{"CountryName":"Hungary","Type of Animal":"Chicken"},"geometry":{"type":"Point","coordinates":[18.654684,46.018105]}},{"type":"Feature","properties":{"CountryName":"Hungary","Type of Animal":"Chicken"},"geometry":{"type":"Point","coordinates":[18.606849,45.995186]}},{"type":"Feature","properties":{"CountryName":"Hungary","Type of Animal":"Pork"},"geometry":{"type":"Point","coordinates":[17.302332,46.265784]}},{"type":"Feature","properties":{"CountryName":"Hungary","Type of Animal":"Chicken"},"geometry":{"type":"Point","coordinates":[21.072669,47.553896]}},{"type":"Feature","properties":{"CountryName":"Hungary","Type of Animal":"Chicken"},"geometry":{"type":"Point","coordinates":[18.151634,47.513721]}},{"type":"Feature","properties":{"CountryName":"Hungary","Type of Animal":"Pork"},"geometry":{"type":"Point","coordinates":[17.904185,47.64669]}},{"type":"Feature","properties":{"CountryName":"Hungary","Type of Animal":"Chicken"},"geometry":{"type":"Point","coordinates":[22.156371,47.802342]}},{"type":"Feature","properties":{"CountryName":"Hungary","Type of Animal":"Pork"},"geometry":{"type":"Point","coordinates":[17.961744,45.851291]}},{"type":"Feature","properties":{"CountryName":"Hungary","Type of Animal":"Pork"},"geometry":{"type":"Point","coordinates":[18.229275,46.490792]}},{"type":"Feature","properties":{"CountryName":"Hungary","Type of Animal":"Pork"},"geometry":{"type":"Point","coordinates":[20.171392,46.900701]}},{"type":"Feature","properties":{"CountryName":"Hungary","Type of Animal":"Chicken"},"geometry":{"type":"Point","coordinates":[17.175227,47.625746]}},{"type":"Feature","properties":{"CountryName":"Hungary","Type of Animal":"Chicken"},"geometry":{"type":"Point","coordinates":[20.764376,46.424651]}},{"type":"Feature","properties":{"CountryName":"Hungary","Type of Animal":"Chicken"},"geometry":{"type":"Point","coordinates":[20.372879,46.991956]}},{"type":"Feature","properties":{"CountryName":"Hungary","Type of Animal":"Chicken"},"geometry":{"type":"Point","coordinates":[21.160659,46.427908]}},{"type":"Feature","properties":{"CountryName":"Hungary","Type of Animal":"Chicken"},"geometry":{"type":"Point","coordinates":[17.879586,47.635533]}},{"type":"Feature","properties":{"CountryName":"Hungary","Type of Animal":"Chicken"},"geometry":{"type":"Point","coordinates":[17.881895,47.635556]}},{"type":"Feature","properties":{"CountryName":"Hungary","Type of Animal":"Chicken"},"geometry":{"type":"Point","coordinates":[17.976577,47.684489]}},{"type":"Feature","properties":{"CountryName":"Hungary","Type of Animal":"Chicken"},"geometry":{"type":"Point","coordinates":[17.992035,47.687545]}},{"type":"Feature","properties":{"CountryName":"Hungary","Type of Animal":"Chicken"},"geometry":{"type":"Point","coordinates":[17.986836,47.686382]}},{"type":"Feature","properties":{"CountryName":"Hungary","Type of Animal":"Chicken"},"geometry":{"type":"Point","coordinates":[17.995648,47.690709]}},{"type":"Feature","properties":{"CountryName":"Hungary","Type of Animal":"Chicken"},"geometry":{"type":"Point","coordinates":[20.836521,46.451922]}},{"type":"Feature","properties":{"CountryName":"Hungary","Type of Animal":"Pork"},"geometry":{"type":"Point","coordinates":[21.136106,46.342494]}},{"type":"Feature","properties":{"CountryName":"Hungary","Type of Animal":"Pork"},"geometry":{"type":"Point","coordinates":[20.888786,46.599586]}},{"type":"Feature","properties":{"CountryName":"Hungary","Type of Animal":"Chicken"},"geometry":{"type":"Point","coordinates":[21.188148,47.129361]}},{"type":"Feature","properties":{"CountryName":"Hungary","Type of Animal":"Chicken"},"geometry":{"type":"Point","coordinates":[21.423377,46.656327]}},{"type":"Feature","properties":{"CountryName":"Hungary","Type of Animal":"Chicken"},"geometry":{"type":"Point","coordinates":[19.470942,46.562635]}},{"type":"Feature","properties":{"CountryName":"Hungary","Type of Animal":"Pork"},"geometry":{"type":"Point","coordinates":[19.718176,46.483626]}},{"type":"Feature","properties":{"CountryName":"Hungary","Type of Animal":"Pork"},"geometry":{"type":"Point","coordinates":[17.315026,47.44214]}},{"type":"Feature","properties":{"CountryName":"Hungary","Type of Animal":"Chicken"},"geometry":{"type":"Point","coordinates":[22.288609,47.782556]}},{"type":"Feature","properties":{"CountryName":"Hungary","Type of Animal":"Pork"},"geometry":{"type":"Point","coordinates":[17.300509,46.254347]}},{"type":"Feature","properties":{"CountryName":"Hungary","Type of Animal":"Chicken"},"geometry":{"type":"Point","coordinates":[22.188798,48.239915]}},{"type":"Feature","properties":{"CountryName":"Hungary","Type of Animal":"Chicken"},"geometry":{"type":"Point","coordinates":[20.094181,46.624822]}},{"type":"Feature","properties":{"CountryName":"Hungary","Type of Animal":"Chicken"},"geometry":{"type":"Point","coordinates":[16.993207,46.948748]}},{"type":"Feature","properties":{"CountryName":"Hungary","Type of Animal":"Chicken"},"geometry":{"type":"Point","coordinates":[18.695188,47.598535]}},{"type":"Feature","properties":{"CountryName":"Hungary","Type of Animal":"Chicken"},"geometry":{"type":"Point","coordinates":[17.745415,47.684528]}},{"type":"Feature","properties":{"CountryName":"Hungary","Type of Animal":"Chicken"},"geometry":{"type":"Point","coordinates":[18.429593,47.163725]}},{"type":"Feature","properties":{"CountryName":"Hungary","Type of Animal":"Chicken"},"geometry":{"type":"Point","coordinates":[17.612709,47.394954]}},{"type":"Feature","properties":{"CountryName":"Hungary","Type of Animal":"Chicken"},"geometry":{"type":"Point","coordinates":[18.42679,47.041006]}},{"type":"Feature","properties":{"CountryName":"Hungary","Type of Animal":"Pork"},"geometry":{"type":"Point","coordinates":[20.345233,47.077357]}},{"type":"Feature","properties":{"CountryName":"Hungary","Type of Animal":"Pork"},"geometry":{"type":"Point","coordinates":[17.326192,47.408658]}},{"type":"Feature","properties":{"CountryName":"Hungary","Type of Animal":"Chicken"},"geometry":{"type":"Point","coordinates":[19.421078,47.177159]}},{"type":"Feature","properties":{"CountryName":"Hungary","Type of Animal":"Chicken"},"geometry":{"type":"Point","coordinates":[21.138467,46.771075]}},{"type":"Feature","properties":{"CountryName":"Hungary","Type of Animal":"Chicken"},"geometry":{"type":"Point","coordinates":[22.463295,48.124409]}},{"type":"Feature","properties":{"CountryName":"Hungary","Type of Animal":"Chicken"},"geometry":{"type":"Point","coordinates":[16.815461,47.032388]}},{"type":"Feature","properties":{"CountryName":"Hungary","Type of Animal":"Chicken"},"geometry":{"type":"Point","coordinates":[16.954505,46.467811]}},{"type":"Feature","properties":{"CountryName":"Hungary","Type of Animal":"Pork"},"geometry":{"type":"Point","coordinates":[16.622771,47.319138]}},{"type":"Feature","properties":{"CountryName":"Hungary","Type of Animal":"Pork"},"geometry":{"type":"Point","coordinates":[17.119196,46.32227]}},{"type":"Feature","properties":{"CountryName":"Hungary","Type of Animal":"Chicken"},"geometry":{"type":"Point","coordinates":[16.8101,46.987547]}},{"type":"Feature","properties":{"CountryName":"Hungary","Type of Animal":"Chicken"},"geometry":{"type":"Point","coordinates":[21.870355,47.988183]}},{"type":"Feature","properties":{"CountryName":"Hungary","Type of Animal":"Chicken"},"geometry":{"type":"Point","coordinates":[22.230579,48.049509]}},{"type":"Feature","properties":{"CountryName":"Hungary","Type of Animal":"Chicken"},"geometry":{"type":"Point","coordinates":[16.630188,46.482798]}},{"type":"Feature","properties":{"CountryName":"Hungary","Type of Animal":"Chicken"},"geometry":{"type":"Point","coordinates":[18.588435,47.456013]}},{"type":"Feature","properties":{"CountryName":"Hungary","Type of Animal":"Chicken"},"geometry":{"type":"Point","coordinates":[19.609973,47.080566]}},{"type":"Feature","properties":{"CountryName":"Hungary","Type of Animal":"Pork"},"geometry":{"type":"Point","coordinates":[17.957427,47.626884]}},{"type":"Feature","properties":{"CountryName":"Hungary","Type of Animal":"Pork"},"geometry":{"type":"Point","coordinates":[21.901877,48.219166]}},{"type":"Feature","properties":{"CountryName":"Hungary","Type of Animal":"Chicken"},"geometry":{"type":"Point","coordinates":[19.318716,46.506614]}},{"type":"Feature","properties":{"CountryName":"Hungary","Type of Animal":"Chicken"},"geometry":{"type":"Point","coordinates":[21.025033,46.569782]}},{"type":"Feature","properties":{"CountryName":"Hungary","Type of Animal":"Chicken"},"geometry":{"type":"Point","coordinates":[20.898305,47.891676]}},{"type":"Feature","properties":{"CountryName":"Hungary","Type of Animal":"Chicken"},"geometry":{"type":"Point","coordinates":[20.921349,48.043624]}},{"type":"Feature","properties":{"CountryName":"Hungary","Type of Animal":"Chicken"},"geometry":{"type":"Point","coordinates":[18.236266,46.342167]}},{"type":"Feature","properties":{"CountryName":"Hungary","Type of Animal":"Chicken"},"geometry":{"type":"Point","coordinates":[22.230713,48.233994]}},{"type":"Feature","properties":{"CountryName":"Hungary","Type of Animal":"Pork"},"geometry":{"type":"Point","coordinates":[18.864323,46.479934]}},{"type":"Feature","properties":{"CountryName":"Hungary","Type of Animal":"Chicken"},"geometry":{"type":"Point","coordinates":[20.941258,48.186642]}},{"type":"Feature","properties":{"CountryName":"Hungary","Type of Animal":"Chicken"},"geometry":{"type":"Point","coordinates":[21.381333,47.839972]}},{"type":"Feature","properties":{"CountryName":"Hungary","Type of Animal":"Chicken"},"geometry":{"type":"Point","coordinates":[21.555803,48.157112]}},{"type":"Feature","properties":{"CountryName":"Hungary","Type of Animal":"Chicken"},"geometry":{"type":"Point","coordinates":[21.189497,47.02762]}},{"type":"Feature","properties":{"CountryName":"Hungary","Type of Animal":"Chicken"},"geometry":{"type":"Point","coordinates":[19.957828,48.026616]}},{"type":"Feature","properties":{"CountryName":"Hungary","Type of Animal":"Chicken"},"geometry":{"type":"Point","coordinates":[21.215053,47.993776]}},{"type":"Feature","properties":{"CountryName":"Hungary","Type of Animal":"Chicken"},"geometry":{"type":"Point","coordinates":[22.176205,47.992237]}},{"type":"Feature","properties":{"CountryName":"Hungary","Type of Animal":"Chicken"},"geometry":{"type":"Point","coordinates":[19.527339,46.932618]}},{"type":"Feature","properties":{"CountryName":"Hungary","Type of Animal":"Pork"},"geometry":{"type":"Point","coordinates":[18.589717,45.888672]}},{"type":"Feature","properties":{"CountryName":"Hungary","Type of Animal":"Pork"},"geometry":{"type":"Point","coordinates":[22.055884,47.775272]}},{"type":"Feature","properties":{"CountryName":"Hungary","Type of Animal":"Chicken"},"geometry":{"type":"Point","coordinates":[19.476577,46.602017]}},{"type":"Feature","properties":{"CountryName":"Hungary","Type of Animal":"Pork"},"geometry":{"type":"Point","coordinates":[20.966975,47.95466]}},{"type":"Feature","properties":{"CountryName":"Hungary","Type of Animal":"Chicken"},"geometry":{"type":"Point","coordinates":[19.724361,46.584446]}},{"type":"Feature","properties":{"CountryName":"Hungary","Type of Animal":"Chicken"},"geometry":{"type":"Point","coordinates":[21.276702,46.909599]}},{"type":"Feature","properties":{"CountryName":"Hungary","Type of Animal":"Chicken"},"geometry":{"type":"Point","coordinates":[18.448373,46.10473]}},{"type":"Feature","properties":{"CountryName":"Hungary","Type of Animal":"Pork"},"geometry":{"type":"Point","coordinates":[20.45776,46.579491]}},{"type":"Feature","properties":{"CountryName":"Hungary","Type of Animal":"Pork"},"geometry":{"type":"Point","coordinates":[19.620148,46.696474]}},{"type":"Feature","properties":{"CountryName":"Hungary","Type of Animal":"Pork"},"geometry":{"type":"Point","coordinates":[17.326192,47.408658]}},{"type":"Feature","properties":{"CountryName":"Hungary","Type of Animal":"Chicken"},"geometry":{"type":"Point","coordinates":[21.639502,47.916283]}},{"type":"Feature","properties":{"CountryName":"Hungary","Type of Animal":"Pork"},"geometry":{"type":"Point","coordinates":[18.049614,47.489512]}},{"type":"Feature","properties":{"CountryName":"Hungary","Type of Animal":"Chicken"},"geometry":{"type":"Point","coordinates":[19.464784,46.59786]}},{"type":"Feature","properties":{"CountryName":"Hungary","Type of Animal":"Chicken"},"geometry":{"type":"Point","coordinates":[22.092913,48.052026]}},{"type":"Feature","properties":{"CountryName":"Hungary","Type of Animal":"Chicken"},"geometry":{"type":"Point","coordinates":[16.746712,46.985658]}},{"type":"Feature","properties":{"CountryName":"Hungary","Type of Animal":"Chicken"},"geometry":{"type":"Point","coordinates":[21.169303,46.526442]}},{"type":"Feature","properties":{"CountryName":"Hungary","Type of Animal":"Chicken"},"geometry":{"type":"Point","coordinates":[20.378205,46.994638]}},{"type":"Feature","properties":{"CountryName":"Hungary","Type of Animal":"Pork"},"geometry":{"type":"Point","coordinates":[17.794443,47.571626]}},{"type":"Feature","properties":{"CountryName":"Hungary","Type of Animal":"Chicken"},"geometry":{"type":"Point","coordinates":[21.609429,48.150802]}},{"type":"Feature","properties":{"CountryName":"Hungary","Type of Animal":"Chicken"},"geometry":{"type":"Point","coordinates":[16.819273,46.459233]}},{"type":"Feature","properties":{"CountryName":"Hungary","Type of Animal":"Pork"},"geometry":{"type":"Point","coordinates":[19.227572,46.570991]}},{"type":"Feature","properties":{"CountryName":"Hungary","Type of Animal":"Chicken"},"geometry":{"type":"Point","coordinates":[19.527113,46.936748]}},{"type":"Feature","properties":{"CountryName":"Hungary","Type of Animal":"Chicken"},"geometry":{"type":"Point","coordinates":[19.439245,46.614197]}},{"type":"Feature","properties":{"CountryName":"Hungary","Type of Animal":"Chicken"},"geometry":{"type":"Point","coordinates":[19.651767,47.089439]}},{"type":"Feature","properties":{"CountryName":"Hungary","Type of Animal":"Pork"},"geometry":{"type":"Point","coordinates":[19.054751,46.04545]}},{"type":"Feature","properties":{"CountryName":"Hungary","Type of Animal":"Pork"},"geometry":{"type":"Point","coordinates":[18.927592,46.523326]}},{"type":"Feature","properties":{"CountryName":"Hungary","Type of Animal":"Pork"},"geometry":{"type":"Point","coordinates":[17.1402,46.37895]}},{"type":"Feature","properties":{"CountryName":"Hungary","Type of Animal":"Pork"},"geometry":{"type":"Point","coordinates":[18.475702,47.420634]}},{"type":"Feature","properties":{"CountryName":"Hungary","Type of Animal":"Chicken"},"geometry":{"type":"Point","coordinates":[18.135253,46.851303]}},{"type":"Feature","properties":{"CountryName":"Hungary","Type of Animal":"Pork"},"geometry":{"type":"Point","coordinates":[22.04746,47.917155]}},{"type":"Feature","properties":{"CountryName":"Hungary","Type of Animal":"Chicken"},"geometry":{"type":"Point","coordinates":[19.462208,46.926728]}},{"type":"Feature","properties":{"CountryName":"Hungary","Type of Animal":"Chicken"},"geometry":{"type":"Point","coordinates":[22.062247,48.353502]}},{"type":"Feature","properties":{"CountryName":"Hungary","Type of Animal":"Chicken"},"geometry":{"type":"Point","coordinates":[22.090613,47.978683]}},{"type":"Feature","properties":{"CountryName":"Hungary","Type of Animal":"Chicken"},"geometry":{"type":"Point","coordinates":[22.097239,47.976683]}},{"type":"Feature","properties":{"CountryName":"Hungary","Type of Animal":"Chicken"},"geometry":{"type":"Point","coordinates":[22.087632,47.98183]}},{"type":"Feature","properties":{"CountryName":"Hungary","Type of Animal":"Chicken"},"geometry":{"type":"Point","coordinates":[21.694437,48.102271]}},{"type":"Feature","properties":{"CountryName":"Hungary","Type of Animal":"Chicken"},"geometry":{"type":"Point","coordinates":[21.70048,48.103304]}},{"type":"Feature","properties":{"CountryName":"Hungary","Type of Animal":"Chicken"},"geometry":{"type":"Point","coordinates":[21.691456,48.092999]}},{"type":"Feature","properties":{"CountryName":"Hungary","Type of Animal":"Chicken"},"geometry":{"type":"Point","coordinates":[21.277421,46.930968]}},{"type":"Feature","properties":{"CountryName":"Hungary","Type of Animal":"Chicken"},"geometry":{"type":"Point","coordinates":[19.384334,46.341838]}},{"type":"Feature","properties":{"CountryName":"Hungary","Type of Animal":"Chicken"},"geometry":{"type":"Point","coordinates":[21.622708,47.036412]}},{"type":"Feature","properties":{"CountryName":"Hungary","Type of Animal":"Chicken"},"geometry":{"type":"Point","coordinates":[19.421856,47.192152]}},{"type":"Feature","properties":{"CountryName":"Hungary","Type of Animal":"Chicken"},"geometry":{"type":"Point","coordinates":[21.108183,48.062494]}},{"type":"Feature","properties":{"CountryName":"Hungary","Type of Animal":"Pork"},"geometry":{"type":"Point","coordinates":[21.093434,48.176279]}},{"type":"Feature","properties":{"CountryName":"Hungary","Type of Animal":"Chicken"},"geometry":{"type":"Point","coordinates":[21.994737,47.978954]}},{"type":"Feature","properties":{"CountryName":"Hungary","Type of Animal":"Chicken"},"geometry":{"type":"Point","coordinates":[21.992809,47.972784]}},{"type":"Feature","properties":{"CountryName":"Hungary","Type of Animal":"Chicken"},"geometry":{"type":"Point","coordinates":[18.906057,47.143115]}},{"type":"Feature","properties":{"CountryName":"Hungary","Type of Animal":"Chicken"},"geometry":{"type":"Point","coordinates":[20.22296,46.254587]}},{"type":"Feature","properties":{"CountryName":"Hungary","Type of Animal":"Chicken"},"geometry":{"type":"Point","coordinates":[21.71126,48.237266]}},{"type":"Feature","properties":{"CountryName":"Hungary","Type of Animal":"Chicken"},"geometry":{"type":"Point","coordinates":[19.317893,46.824382]}},{"type":"Feature","properties":{"CountryName":"Hungary","Type of Animal":"Pork"},"geometry":{"type":"Point","coordinates":[22.213521,47.975585]}},{"type":"Feature","properties":{"CountryName":"Hungary","Type of Animal":"Pork"},"geometry":{"type":"Point","coordinates":[18.582882,46.457121]}},{"type":"Feature","properties":{"CountryName":"Hungary","Type of Animal":"Chicken"},"geometry":{"type":"Point","coordinates":[20.676353,47.76465]}},{"type":"Feature","properties":{"CountryName":"Hungary","Type of Animal":"Pork"},"geometry":{"type":"Point","coordinates":[21.600117,47.401922]}},{"type":"Feature","properties":{"CountryName":"Hungary","Type of Animal":"Chicken"},"geometry":{"type":"Point","coordinates":[21.647168,48.41962]}},{"type":"Feature","properties":{"CountryName":"Hungary","Type of Animal":"Chicken"},"geometry":{"type":"Point","coordinates":[19.942034,47.737143]}},{"type":"Feature","properties":{"CountryName":"Hungary","Type of Animal":"Chicken"},"geometry":{"type":"Point","coordinates":[21.730205,48.121313]}},{"type":"Feature","properties":{"CountryName":"Hungary","Type of Animal":"Pork"},"geometry":{"type":"Point","coordinates":[20.379103,46.941968]}},{"type":"Feature","properties":{"CountryName":"Hungary","Type of Animal":"Chicken"},"geometry":{"type":"Point","coordinates":[20.125004,47.109671]}},{"type":"Feature","properties":{"CountryName":"Hungary","Type of Animal":"Chicken"},"geometry":{"type":"Point","coordinates":[22.184775,48.091152]}},{"type":"Feature","properties":{"CountryName":"Hungary","Type of Animal":"Chicken"},"geometry":{"type":"Point","coordinates":[17.97154,47.621242]}},{"type":"Feature","properties":{"CountryName":"Hungary","Type of Animal":"Chicken"},"geometry":{"type":"Point","coordinates":[21.698238,48.137825]}},{"type":"Feature","properties":{"CountryName":"Hungary","Type of Animal":"Chicken"},"geometry":{"type":"Point","coordinates":[22.664752,47.946048]}},{"type":"Feature","properties":{"CountryName":"Hungary","Type of Animal":"Chicken"},"geometry":{"type":"Point","coordinates":[20.042606,46.959682]}},{"type":"Feature","properties":{"CountryName":"Hungary","Type of Animal":"Pork"},"geometry":{"type":"Point","coordinates":[18.316497,46.692396]}},{"type":"Feature","properties":{"CountryName":"Hungary","Type of Animal":"Chicken"},"geometry":{"type":"Point","coordinates":[21.169828,47.972495]}},{"type":"Feature","properties":{"CountryName":"Hungary","Type of Animal":"Chicken"},"geometry":{"type":"Point","coordinates":[19.129743,46.262353]}},{"type":"Feature","properties":{"CountryName":"Hungary","Type of Animal":"Chicken"},"geometry":{"type":"Point","coordinates":[19.714849,46.483159]}},{"type":"Feature","properties":{"CountryName":"Hungary","Type of Animal":"Chicken"},"geometry":{"type":"Point","coordinates":[22.086823,48.073613]}},{"type":"Feature","properties":{"CountryName":"Hungary","Type of Animal":"Chicken"},"geometry":{"type":"Point","coordinates":[22.081723,48.073197]}},{"type":"Feature","properties":{"CountryName":"Hungary","Type of Animal":"Pork"},"geometry":{"type":"Point","coordinates":[17.300588,47.573962]}},{"type":"Feature","properties":{"CountryName":"Hungary","Type of Animal":"Chicken"},"geometry":{"type":"Point","coordinates":[21.484938,46.728384]}},{"type":"Feature","properties":{"CountryName":"Hungary","Type of Animal":"Chicken"},"geometry":{"type":"Point","coordinates":[22.352363,47.825225]}},{"type":"Feature","properties":{"CountryName":"Hungary","Type of Animal":"Pork"},"geometry":{"type":"Point","coordinates":[19.722994,47.650803]}},{"type":"Feature","properties":{"CountryName":"Hungary","Type of Animal":"Chicken"},"geometry":{"type":"Point","coordinates":[18.236424,46.342933]}},{"type":"Feature","properties":{"CountryName":"Hungary","Type of Animal":"Chicken"},"geometry":{"type":"Point","coordinates":[16.796662,47.436953]}},{"type":"Feature","properties":{"CountryName":"Hungary","Type of Animal":"Chicken"},"geometry":{"type":"Point","coordinates":[20.574313,46.663423]}},{"type":"Feature","properties":{"CountryName":"Hungary","Type of Animal":"Chicken"},"geometry":{"type":"Point","coordinates":[18.573477,45.855752]}},{"type":"Feature","properties":{"CountryName":"Hungary","Type of Animal":"Chicken"},"geometry":{"type":"Point","coordinates":[18.573477,45.855752]}},{"type":"Feature","properties":{"CountryName":"Hungary","Type of Animal":"Pork"},"geometry":{"type":"Point","coordinates":[18.83344,47.122807]}},{"type":"Feature","properties":{"CountryName":"Hungary","Type of Animal":"Chicken"},"geometry":{"type":"Point","coordinates":[21.041052,46.598244]}},{"type":"Feature","properties":{"CountryName":"Hungary","Type of Animal":"Chicken"},"geometry":{"type":"Point","coordinates":[19.252769,46.89653]}},{"type":"Feature","properties":{"CountryName":"Hungary","Type of Animal":"Chicken"},"geometry":{"type":"Point","coordinates":[21.11914,46.520901]}},{"type":"Feature","properties":{"CountryName":"Hungary","Type of Animal":"Pork"},"geometry":{"type":"Point","coordinates":[21.665879,47.377198]}},{"type":"Feature","properties":{"CountryName":"Hungary","Type of Animal":"Chicken"},"geometry":{"type":"Point","coordinates":[18.150987,46.905443]}},{"type":"Feature","properties":{"CountryName":"Hungary","Type of Animal":"Pork"},"geometry":{"type":"Point","coordinates":[18.652105,46.090215]}},{"type":"Feature","properties":{"CountryName":"Hungary","Type of Animal":"Chicken"},"geometry":{"type":"Point","coordinates":[22.491594,47.992038]}},{"type":"Feature","properties":{"CountryName":"Hungary","Type of Animal":"Chicken"},"geometry":{"type":"Point","coordinates":[19.716902,46.505881]}},{"type":"Feature","properties":{"CountryName":"Hungary","Type of Animal":"Chicken"},"geometry":{"type":"Point","coordinates":[17.363775,47.678011]}},{"type":"Feature","properties":{"CountryName":"Hungary","Type of Animal":"Chicken"},"geometry":{"type":"Point","coordinates":[22.078669,47.983297]}},{"type":"Feature","properties":{"CountryName":"Hungary","Type of Animal":"Chicken"},"geometry":{"type":"Point","coordinates":[22.097149,47.985973]}},{"type":"Feature","properties":{"CountryName":"Hungary","Type of Animal":"Chicken"},"geometry":{"type":"Point","coordinates":[22.109894,48.08443]}},{"type":"Feature","properties":{"CountryName":"Hungary","Type of Animal":"Pork"},"geometry":{"type":"Point","coordinates":[17.986948,47.50859]}},{"type":"Feature","properties":{"CountryName":"Hungary","Type of Animal":"Chicken"},"geometry":{"type":"Point","coordinates":[22.144354,48.105002]}},{"type":"Feature","properties":{"CountryName":"Hungary","Type of Animal":"Chicken"},"geometry":{"type":"Point","coordinates":[21.216003,46.561052]}},{"type":"Feature","properties":{"CountryName":"Hungary","Type of Animal":"Chicken"},"geometry":{"type":"Point","coordinates":[19.618905,47.075979]}},{"type":"Feature","properties":{"CountryName":"Hungary","Type of Animal":"Chicken"},"geometry":{"type":"Point","coordinates":[17.724911,47.455674]}},{"type":"Feature","properties":{"CountryName":"Hungary","Type of Animal":"Pork"},"geometry":{"type":"Point","coordinates":[19.928478,47.098279]}},{"type":"Feature","properties":{"CountryName":"Hungary","Type of Animal":"Pork"},"geometry":{"type":"Point","coordinates":[18.077417,47.492475]}},{"type":"Feature","properties":{"CountryName":"Hungary","Type of Animal":"Chicken"},"geometry":{"type":"Point","coordinates":[18.260475,47.669427]}},{"type":"Feature","properties":{"CountryName":"Hungary","Type of Animal":"Chicken"},"geometry":{"type":"Point","coordinates":[18.702728,47.401345]}},{"type":"Feature","properties":{"CountryName":"Ireland","Type of Animal":"Pork"},"geometry":{"type":"Point","coordinates":[-7.070475,53.916202]}},{"type":"Feature","properties":{"CountryName":"Ireland","Type of Animal":"Pork"},"geometry":{"type":"Point","coordinates":[-7.529406,52.56724]}},{"type":"Feature","properties":{"CountryName":"Ireland","Type of Animal":"Pork"},"geometry":{"type":"Point","coordinates":[-9.329015,52.562186]}},{"type":"Feature","properties":{"CountryName":"Ireland","Type of Animal":"Pork"},"geometry":{"type":"Point","coordinates":[-6.653918,52.815859]}},{"type":"Feature","properties":{"CountryName":"Ireland","Type of Animal":"Pork"},"geometry":{"type":"Point","coordinates":[-7.60996,54.07152]}},{"type":"Feature","properties":{"CountryName":"Ireland","Type of Animal":"Pork"},"geometry":{"type":"Point","coordinates":[-8.468422,52.083304]}},{"type":"Feature","properties":{"CountryName":"Ireland","Type of Animal":"Pork"},"geometry":{"type":"Point","coordinates":[-8.228408,51.889947]}},{"type":"Feature","properties":{"CountryName":"Ireland","Type of Animal":"Pork"},"geometry":{"type":"Point","coordinates":[-8.346087,52.271038]}},{"type":"Feature","properties":{"CountryName":"Ireland","Type of Animal":"Pork"},"geometry":{"type":"Point","coordinates":[-8.003895,52.838591]}},{"type":"Feature","properties":{"CountryName":"Ireland","Type of Animal":"Pork"},"geometry":{"type":"Point","coordinates":[-8.5345,54.123174]}},{"type":"Feature","properties":{"CountryName":"Ireland","Type of Animal":"Pork"},"geometry":{"type":"Point","coordinates":[-7.217577,53.553561]}},{"type":"Feature","properties":{"CountryName":"Ireland","Type of Animal":"Pork"},"geometry":{"type":"Point","coordinates":[-8.499532,52.201678]}},{"type":"Feature","properties":{"CountryName":"Ireland","Type of Animal":"Chicken"},"geometry":{"type":"Point","coordinates":[-7.793767,52.13837]}},{"type":"Feature","properties":{"CountryName":"Ireland","Type of Animal":"Pork"},"geometry":{"type":"Point","coordinates":[-8.352247,52.266419]}},{"type":"Feature","properties":{"CountryName":"Ireland","Type of Animal":"Pork"},"geometry":{"type":"Point","coordinates":[-8.13959,52.40883]}},{"type":"Feature","properties":{"CountryName":"Ireland","Type of Animal":"Pork"},"geometry":{"type":"Point","coordinates":[-8.258505,52.243907]}},{"type":"Feature","properties":{"CountryName":"Ireland","Type of Animal":"Pork"},"geometry":{"type":"Point","coordinates":[-7.678387,53.640945]}},{"type":"Feature","properties":{"CountryName":"Ireland","Type of Animal":"Pork"},"geometry":{"type":"Point","coordinates":[-7.226596,52.174622]}},{"type":"Feature","properties":{"CountryName":"Ireland","Type of Animal":"Pork"},"geometry":{"type":"Point","coordinates":[-8.082834,52.875224]}},{"type":"Feature","properties":{"CountryName":"Ireland","Type of Animal":"Pork"},"geometry":{"type":"Point","coordinates":[-7.747294,53.16056]}},{"type":"Feature","properties":{"CountryName":"Ireland","Type of Animal":"Pork"},"geometry":{"type":"Point","coordinates":[-8.35853,52.233572]}},{"type":"Feature","properties":{"CountryName":"Ireland","Type of Animal":"Pork"},"geometry":{"type":"Point","coordinates":[-7.728031,52.219468]}},{"type":"Feature","properties":{"CountryName":"Ireland","Type of Animal":"Pork"},"geometry":{"type":"Point","coordinates":[-7.353344,52.720945]}},{"type":"Feature","properties":{"CountryName":"Ireland","Type of Animal":"Pork"},"geometry":{"type":"Point","coordinates":[-8.734775,52.459049]}},{"type":"Feature","properties":{"CountryName":"Ireland","Type of Animal":"Pork"},"geometry":{"type":"Point","coordinates":[-7.470947,53.162807]}},{"type":"Feature","properties":{"CountryName":"Ireland","Type of Animal":"Pork"},"geometry":{"type":"Point","coordinates":[-6.93676,53.073906]}},{"type":"Feature","properties":{"CountryName":"Ireland","Type of Animal":"Chicken"},"geometry":{"type":"Point","coordinates":[-6.959878,54.345794]}},{"type":"Feature","properties":{"CountryName":"Ireland","Type of Animal":"Chicken"},"geometry":{"type":"Point","coordinates":[-7.018529,54.339943]}},{"type":"Feature","properties":{"CountryName":"Ireland","Type of Animal":"Pork"},"geometry":{"type":"Point","coordinates":[-7.260017,53.870307]}},{"type":"Feature","properties":{"CountryName":"Ireland","Type of Animal":"Pork"},"geometry":{"type":"Point","coordinates":[-6.440898,52.303813]}},{"type":"Feature","properties":{"CountryName":"Ireland","Type of Animal":"Pork"},"geometry":{"type":"Point","coordinates":[-7.292926,53.3445]}},{"type":"Feature","properties":{"CountryName":"Ireland","Type of Animal":"Pork"},"geometry":{"type":"Point","coordinates":[-6.457977,53.716973]}},{"type":"Feature","properties":{"CountryName":"Ireland","Type of Animal":"Pork"},"geometry":{"type":"Point","coordinates":[-7.268393,53.739661]}},{"type":"Feature","properties":{"CountryName":"Ireland","Type of Animal":"Pork"},"geometry":{"type":"Point","coordinates":[-7.506205,53.151987]}},{"type":"Feature","properties":{"CountryName":"Ireland","Type of Animal":"Pork"},"geometry":{"type":"Point","coordinates":[-8.034317,53.068428]}},{"type":"Feature","properties":{"CountryName":"Ireland","Type of Animal":"Pork"},"geometry":{"type":"Point","coordinates":[-8.577864,52.183149]}},{"type":"Feature","properties":{"CountryName":"Ireland","Type of Animal":"Pork"},"geometry":{"type":"Point","coordinates":[-7.761235,52.104006]}},{"type":"Feature","properties":{"CountryName":"Ireland","Type of Animal":"Pork"},"geometry":{"type":"Point","coordinates":[-7.628311,54.089708]}},{"type":"Feature","properties":{"CountryName":"Ireland","Type of Animal":"Pork"},"geometry":{"type":"Point","coordinates":[-7.362943,53.829821]}},{"type":"Feature","properties":{"CountryName":"Ireland","Type of Animal":"Pork"},"geometry":{"type":"Point","coordinates":[-6.561434,52.38443]}},{"type":"Feature","properties":{"CountryName":"Ireland","Type of Animal":"Pork"},"geometry":{"type":"Point","coordinates":[-7.80749,52.352922]}},{"type":"Feature","properties":{"CountryName":"Ireland","Type of Animal":"Pork"},"geometry":{"type":"Point","coordinates":[-6.535996,53.608169]}},{"type":"Feature","properties":{"CountryName":"Ireland","Type of Animal":"Pork"},"geometry":{"type":"Point","coordinates":[-7.242024,53.827051]}},{"type":"Feature","properties":{"CountryName":"Ireland","Type of Animal":"Pork"},"geometry":{"type":"Point","coordinates":[-7.328497,53.89247]}},{"type":"Feature","properties":{"CountryName":"Ireland","Type of Animal":"Pork"},"geometry":{"type":"Point","coordinates":[-7.603473,52.687476]}},{"type":"Feature","properties":{"CountryName":"Ireland","Type of Animal":"Pork"},"geometry":{"type":"Point","coordinates":[-7.319982,53.864211]}},{"type":"Feature","properties":{"CountryName":"Ireland","Type of Animal":"Pork"},"geometry":{"type":"Point","coordinates":[-8.028485,52.887712]}},{"type":"Feature","properties":{"CountryName":"Ireland","Type of Animal":"Pork"},"geometry":{"type":"Point","coordinates":[-7.310826,53.867331]}},{"type":"Feature","properties":{"CountryName":"Ireland","Type of Animal":"Pork"},"geometry":{"type":"Point","coordinates":[-6.674877,52.80071]}},{"type":"Feature","properties":{"CountryName":"Ireland","Type of Animal":"Pork"},"geometry":{"type":"Point","coordinates":[-7.581308,53.74438]}},{"type":"Feature","properties":{"CountryName":"Ireland","Type of Animal":"Pork"},"geometry":{"type":"Point","coordinates":[-8.042622,52.423723]}},{"type":"Feature","properties":{"CountryName":"Ireland","Type of Animal":"Pork"},"geometry":{"type":"Point","coordinates":[-7.436057,53.917695]}},{"type":"Feature","properties":{"CountryName":"Ireland","Type of Animal":"Pork"},"geometry":{"type":"Point","coordinates":[-8.25119,52.283716]}},{"type":"Feature","properties":{"CountryName":"Ireland","Type of Animal":"Pork"},"geometry":{"type":"Point","coordinates":[-7.802087,52.448637]}},{"type":"Feature","properties":{"CountryName":"Ireland","Type of Animal":"Pork"},"geometry":{"type":"Point","coordinates":[-8.145327,52.428557]}},{"type":"Feature","properties":{"CountryName":"Ireland","Type of Animal":"Pork"},"geometry":{"type":"Point","coordinates":[-8.114997,53.824129]}},{"type":"Feature","properties":{"CountryName":"Ireland","Type of Animal":"Pork"},"geometry":{"type":"Point","coordinates":[-7.376388,53.956059]}},{"type":"Feature","properties":{"CountryName":"Ireland","Type of Animal":"Pork"},"geometry":{"type":"Point","coordinates":[-7.396442,53.784695]}},{"type":"Feature","properties":{"CountryName":"Ireland","Type of Animal":"Pork"},"geometry":{"type":"Point","coordinates":[-7.861978,52.363594]}},{"type":"Feature","properties":{"CountryName":"Ireland","Type of Animal":"Pork"},"geometry":{"type":"Point","coordinates":[-9.277308,53.807145]}},{"type":"Feature","properties":{"CountryName":"Ireland","Type of Animal":"Pork"},"geometry":{"type":"Point","coordinates":[-7.374089,52.323167]}},{"type":"Feature","properties":{"CountryName":"Ireland","Type of Animal":"Pork"},"geometry":{"type":"Point","coordinates":[-7.160339,53.985325]}},{"type":"Feature","properties":{"CountryName":"Ireland","Type of Animal":"Pork"},"geometry":{"type":"Point","coordinates":[-9.428179,52.291283]}},{"type":"Feature","properties":{"CountryName":"Ireland","Type of Animal":"Pork"},"geometry":{"type":"Point","coordinates":[-7.255263,53.829003]}},{"type":"Feature","properties":{"CountryName":"Ireland","Type of Animal":"Pork"},"geometry":{"type":"Point","coordinates":[-6.93967,53.892611]}},{"type":"Feature","properties":{"CountryName":"Ireland","Type of Animal":"Pork"},"geometry":{"type":"Point","coordinates":[-7.676129,53.755815]}},{"type":"Feature","properties":{"CountryName":"Ireland","Type of Animal":"Pork"},"geometry":{"type":"Point","coordinates":[-7.110812,53.212517]}},{"type":"Feature","properties":{"CountryName":"Ireland","Type of Animal":"Pork"},"geometry":{"type":"Point","coordinates":[-7.487006,54.118763]}},{"type":"Feature","properties":{"CountryName":"Ireland","Type of Animal":"Pork"},"geometry":{"type":"Point","coordinates":[-6.504451,53.758796]}},{"type":"Feature","properties":{"CountryName":"Ireland","Type of Animal":"Pork"},"geometry":{"type":"Point","coordinates":[-8.785938,51.646022]}},{"type":"Feature","properties":{"CountryName":"Ireland","Type of Animal":"Pork"},"geometry":{"type":"Point","coordinates":[-6.968305,53.878683]}},{"type":"Feature","properties":{"CountryName":"Ireland","Type of Animal":"Pork"},"geometry":{"type":"Point","coordinates":[-7.243401,53.786082]}},{"type":"Feature","properties":{"CountryName":"Ireland","Type of Animal":"Pork"},"geometry":{"type":"Point","coordinates":[-7.200109,53.409254]}},{"type":"Feature","properties":{"CountryName":"Ireland","Type of Animal":"Pork"},"geometry":{"type":"Point","coordinates":[-7.805216,51.950849]}},{"type":"Feature","properties":{"CountryName":"Ireland","Type of Animal":"Pork"},"geometry":{"type":"Point","coordinates":[-7.107323,53.874704]}},{"type":"Feature","properties":{"CountryName":"Ireland","Type of Animal":"Pork"},"geometry":{"type":"Point","coordinates":[-9.166122,51.608034]}},{"type":"Feature","properties":{"CountryName":"Ireland","Type of Animal":"Pork"},"geometry":{"type":"Point","coordinates":[-8.776837,51.792177]}},{"type":"Feature","properties":{"CountryName":"Ireland","Type of Animal":"Pork"},"geometry":{"type":"Point","coordinates":[-8.887613,51.82107]}},{"type":"Feature","properties":{"CountryName":"Ireland","Type of Animal":"Pork"},"geometry":{"type":"Point","coordinates":[-7.176952,53.903574]}},{"type":"Feature","properties":{"CountryName":"Ireland","Type of Animal":"Pork"},"geometry":{"type":"Point","coordinates":[-7.119361,53.326866]}},{"type":"Feature","properties":{"CountryName":"Ireland","Type of Animal":"Pork"},"geometry":{"type":"Point","coordinates":[-7.37031,53.840866]}},{"type":"Feature","properties":{"CountryName":"Ireland","Type of Animal":"Pork"},"geometry":{"type":"Point","coordinates":[-7.228944,53.838872]}},{"type":"Feature","properties":{"CountryName":"Ireland","Type of Animal":"Pork"},"geometry":{"type":"Point","coordinates":[-7.338493,52.211007]}},{"type":"Feature","properties":{"CountryName":"Ireland","Type of Animal":"Pork"},"geometry":{"type":"Point","coordinates":[-6.922299,54.223388]}},{"type":"Feature","properties":{"CountryName":"Ireland","Type of Animal":"Pork"},"geometry":{"type":"Point","coordinates":[-7.337988,53.578341]}},{"type":"Feature","properties":{"CountryName":"Ireland","Type of Animal":"Pork"},"geometry":{"type":"Point","coordinates":[-6.965315,53.249279]}},{"type":"Feature","properties":{"CountryName":"Ireland","Type of Animal":"Pork"},"geometry":{"type":"Point","coordinates":[-8.052121,52.289372]}},{"type":"Feature","properties":{"CountryName":"Ireland","Type of Animal":"Pork"},"geometry":{"type":"Point","coordinates":[-7.962509,53.823261]}},{"type":"Feature","properties":{"CountryName":"Ireland","Type of Animal":"Pork"},"geometry":{"type":"Point","coordinates":[-9.448345,51.919042]}},{"type":"Feature","properties":{"CountryName":"Ireland","Type of Animal":"Pork"},"geometry":{"type":"Point","coordinates":[-7.28185,52.897224]}},{"type":"Feature","properties":{"CountryName":"Ireland","Type of Animal":"Pork"},"geometry":{"type":"Point","coordinates":[-7.151132,53.529253]}},{"type":"Feature","properties":{"CountryName":"Ireland","Type of Animal":"Pork"},"geometry":{"type":"Point","coordinates":[-7.348205,52.349016]}},{"type":"Feature","properties":{"CountryName":"Ireland","Type of Animal":"Pork"},"geometry":{"type":"Point","coordinates":[-9.712137,52.410448]}},{"type":"Feature","properties":{"CountryName":"Ireland","Type of Animal":"Pork"},"geometry":{"type":"Point","coordinates":[-8.039444,51.941442]}},{"type":"Feature","properties":{"CountryName":"Ireland","Type of Animal":"Pork"},"geometry":{"type":"Point","coordinates":[-7.552593,53.748067]}},{"type":"Feature","properties":{"CountryName":"Ireland","Type of Animal":"Pork"},"geometry":{"type":"Point","coordinates":[-7.027939,52.709404]}},{"type":"Feature","properties":{"CountryName":"Ireland","Type of Animal":"Chicken"},"geometry":{"type":"Point","coordinates":[-7.057092,54.119333]}},{"type":"Feature","properties":{"CountryName":"Ireland","Type of Animal":"Chicken"},"geometry":{"type":"Point","coordinates":[-7.195879,54.197495]}},{"type":"Feature","properties":{"CountryName":"Ireland","Type of Animal":"Chicken"},"geometry":{"type":"Point","coordinates":[-7.097687,54.24561]}},{"type":"Feature","properties":{"CountryName":"Ireland","Type of Animal":"Chicken"},"geometry":{"type":"Point","coordinates":[-7.196685,54.190664]}},{"type":"Feature","properties":{"CountryName":"Ireland","Type of Animal":"Chicken"},"geometry":{"type":"Point","coordinates":[-7.099067,54.210448]}},{"type":"Feature","properties":{"CountryName":"Ireland","Type of Animal":"Chicken"},"geometry":{"type":"Point","coordinates":[-6.706761,54.022502]}},{"type":"Feature","properties":{"CountryName":"Ireland","Type of Animal":"Chicken"},"geometry":{"type":"Point","coordinates":[-7.047282,54.341224]}},{"type":"Feature","properties":{"CountryName":"Ireland","Type of Animal":"Chicken"},"geometry":{"type":"Point","coordinates":[-7.053143,54.359139]}},{"type":"Feature","properties":{"CountryName":"Ireland","Type of Animal":"Pork"},"geometry":{"type":"Point","coordinates":[-7.070944,52.874546]}},{"type":"Feature","properties":{"CountryName":"Ireland","Type of Animal":"Chicken"},"geometry":{"type":"Point","coordinates":[-6.991617,54.335795]}},{"type":"Feature","properties":{"CountryName":"Ireland","Type of Animal":"Chicken"},"geometry":{"type":"Point","coordinates":[-6.996453,54.31837]}},{"type":"Feature","properties":{"CountryName":"Ireland","Type of Animal":"Chicken"},"geometry":{"type":"Point","coordinates":[-7.065714,54.302082]}},{"type":"Feature","properties":{"CountryName":"Ireland","Type of Animal":"Chicken"},"geometry":{"type":"Point","coordinates":[-7.109726,54.195155]}},{"type":"Feature","properties":{"CountryName":"Ireland","Type of Animal":"Chicken"},"geometry":{"type":"Point","coordinates":[-7.005802,54.304118]}},{"type":"Feature","properties":{"CountryName":"Ireland","Type of Animal":"Chicken"},"geometry":{"type":"Point","coordinates":[-7.033265,54.264336]}},{"type":"Feature","properties":{"CountryName":"Ireland","Type of Animal":"Chicken"},"geometry":{"type":"Point","coordinates":[-7.082025,54.285614]}},{"type":"Feature","properties":{"CountryName":"Ireland","Type of Animal":"Chicken"},"geometry":{"type":"Point","coordinates":[-6.999739,54.308344]}},{"type":"Feature","properties":{"CountryName":"Ireland","Type of Animal":"Chicken"},"geometry":{"type":"Point","coordinates":[-6.960079,54.187325]}},{"type":"Feature","properties":{"CountryName":"Ireland","Type of Animal":"Chicken"},"geometry":{"type":"Point","coordinates":[-7.117765,54.308188]}},{"type":"Feature","properties":{"CountryName":"Ireland","Type of Animal":"Chicken"},"geometry":{"type":"Point","coordinates":[-7.217286,54.197376]}},{"type":"Feature","properties":{"CountryName":"Ireland","Type of Animal":"Chicken"},"geometry":{"type":"Point","coordinates":[-6.712792,54.141298]}},{"type":"Feature","properties":{"CountryName":"Ireland","Type of Animal":"Chicken"},"geometry":{"type":"Point","coordinates":[-6.873987,54.182284]}},{"type":"Feature","properties":{"CountryName":"Ireland","Type of Animal":"Chicken"},"geometry":{"type":"Point","coordinates":[-6.570208,54.003929]}},{"type":"Feature","properties":{"CountryName":"Ireland","Type of Animal":"Chicken"},"geometry":{"type":"Point","coordinates":[-6.872746,54.172156]}},{"type":"Feature","properties":{"CountryName":"Ireland","Type of Animal":"Chicken"},"geometry":{"type":"Point","coordinates":[-7.030915,54.159077]}},{"type":"Feature","properties":{"CountryName":"Ireland","Type of Animal":"Chicken"},"geometry":{"type":"Point","coordinates":[-7.159607,54.109365]}},{"type":"Feature","properties":{"CountryName":"Ireland","Type of Animal":"Pork"},"geometry":{"type":"Point","coordinates":[-7.108654,53.498269]}},{"type":"Feature","properties":{"CountryName":"Ireland","Type of Animal":"Chicken"},"geometry":{"type":"Point","coordinates":[-6.922299,54.275146]}},{"type":"Feature","properties":{"CountryName":"Ireland","Type of Animal":"Chicken"},"geometry":{"type":"Point","coordinates":[-7.009713,53.999352]}},{"type":"Feature","properties":{"CountryName":"Ireland","Type of Animal":"Chicken"},"geometry":{"type":"Point","coordinates":[-7.332572,54.108769]}},{"type":"Feature","properties":{"CountryName":"Ireland","Type of Animal":"Chicken"},"geometry":{"type":"Point","coordinates":[-7.058248,54.363267]}},{"type":"Feature","properties":{"CountryName":"Ireland","Type of Animal":"Chicken"},"geometry":{"type":"Point","coordinates":[-6.9065,54.166798]}},{"type":"Feature","properties":{"CountryName":"Ireland","Type of Animal":"Chicken"},"geometry":{"type":"Point","coordinates":[-6.669781,54.100157]}},{"type":"Feature","properties":{"CountryName":"Ireland","Type of Animal":"Chicken"},"geometry":{"type":"Point","coordinates":[-7.104086,54.149214]}},{"type":"Feature","properties":{"CountryName":"Ireland","Type of Animal":"Chicken"},"geometry":{"type":"Point","coordinates":[-7.105481,54.316362]}},{"type":"Feature","properties":{"CountryName":"Ireland","Type of Animal":"Chicken"},"geometry":{"type":"Point","coordinates":[-7.045712,54.338669]}},{"type":"Feature","properties":{"CountryName":"Ireland","Type of Animal":"Chicken"},"geometry":{"type":"Point","coordinates":[-7.162896,54.153258]}},{"type":"Feature","properties":{"CountryName":"Ireland","Type of Animal":"Chicken"},"geometry":{"type":"Point","coordinates":[-6.468125,53.648643]}},{"type":"Feature","properties":{"CountryName":"Ireland","Type of Animal":"Pork"},"geometry":{"type":"Point","coordinates":[-7.2649,53.647142]}},{"type":"Feature","properties":{"CountryName":"Ireland","Type of Animal":"Pork"},"geometry":{"type":"Point","coordinates":[-9.085137,51.655728]}},{"type":"Feature","properties":{"CountryName":"Ireland","Type of Animal":"Chicken"},"geometry":{"type":"Point","coordinates":[-8.310823,52.15927]}},{"type":"Feature","properties":{"CountryName":"Ireland","Type of Animal":"Pork"},"geometry":{"type":"Point","coordinates":[-7.277316,53.657685]}},{"type":"Feature","properties":{"CountryName":"Ireland","Type of Animal":"Chicken"},"geometry":{"type":"Point","coordinates":[-7.828586,52.134615]}},{"type":"Feature","properties":{"CountryName":"Ireland","Type of Animal":"Chicken"},"geometry":{"type":"Point","coordinates":[-7.776126,52.117515]}},{"type":"Feature","properties":{"CountryName":"Ireland","Type of Animal":"Chicken"},"geometry":{"type":"Point","coordinates":[-8.372232,52.144587]}},{"type":"Feature","properties":{"CountryName":"Ireland","Type of Animal":"Chicken"},"geometry":{"type":"Point","coordinates":[-7.680144,52.066095]}},{"type":"Feature","properties":{"CountryName":"Ireland","Type of Animal":"Chicken"},"geometry":{"type":"Point","coordinates":[-9.022992,52.401982]}},{"type":"Feature","properties":{"CountryName":"Ireland","Type of Animal":"Chicken"},"geometry":{"type":"Point","coordinates":[-9.152959,52.599393]}},{"type":"Feature","properties":{"CountryName":"Ireland","Type of Animal":"Chicken"},"geometry":{"type":"Point","coordinates":[-9.032675,52.377462]}},{"type":"Feature","properties":{"CountryName":"Ireland","Type of Animal":"Chicken"},"geometry":{"type":"Point","coordinates":[-9.021625,52.389879]}},{"type":"Feature","properties":{"CountryName":"Ireland","Type of Animal":"Chicken"},"geometry":{"type":"Point","coordinates":[-9.092538,52.451587]}},{"type":"Feature","properties":{"CountryName":"Ireland","Type of Animal":"Chicken"},"geometry":{"type":"Point","coordinates":[-9.090047,52.378026]}},{"type":"Feature","properties":{"CountryName":"Ireland","Type of Animal":"Chicken"},"geometry":{"type":"Point","coordinates":[-9.080835,52.398286]}},{"type":"Feature","properties":{"CountryName":"Ireland","Type of Animal":"Chicken"},"geometry":{"type":"Point","coordinates":[-6.86024,54.193133]}},{"type":"Feature","properties":{"CountryName":"Ireland","Type of Animal":"Chicken"},"geometry":{"type":"Point","coordinates":[-8.853122,53.765071]}},{"type":"Feature","properties":{"CountryName":"Ireland","Type of Animal":"Chicken"},"geometry":{"type":"Point","coordinates":[-8.85374,53.75743]}},{"type":"Feature","properties":{"CountryName":"Ireland","Type of Animal":"Chicken"},"geometry":{"type":"Point","coordinates":[-7.13696,54.239609]}},{"type":"Feature","properties":{"CountryName":"Ireland","Type of Animal":"Pork"},"geometry":{"type":"Point","coordinates":[-8.309206,52.36221]}},{"type":"Feature","properties":{"CountryName":"Ireland","Type of Animal":"Chicken"},"geometry":{"type":"Point","coordinates":[-7.16375,54.194384]}},{"type":"Feature","properties":{"CountryName":"Ireland","Type of Animal":"Chicken"},"geometry":{"type":"Point","coordinates":[-6.59085,53.627868]}},{"type":"Feature","properties":{"CountryName":"Ireland","Type of Animal":"Chicken"},"geometry":{"type":"Point","coordinates":[-6.682543,54.14602]}},{"type":"Feature","properties":{"CountryName":"Ireland","Type of Animal":"Chicken"},"geometry":{"type":"Point","coordinates":[-8.787241,53.725756]}},{"type":"Feature","properties":{"CountryName":"Ireland","Type of Animal":"Pork"},"geometry":{"type":"Point","coordinates":[-7.145776,54.065928]}},{"type":"Feature","properties":{"CountryName":"Ireland","Type of Animal":"Chicken"},"geometry":{"type":"Point","coordinates":[-9.064615,51.648806]}},{"type":"Feature","properties":{"CountryName":"Ireland","Type of Animal":"Chicken"},"geometry":{"type":"Point","coordinates":[-7.227936,54.205521]}},{"type":"Feature","properties":{"CountryName":"Ireland","Type of Animal":"Chicken"},"geometry":{"type":"Point","coordinates":[-6.909221,54.218141]}},{"type":"Feature","properties":{"CountryName":"Ireland","Type of Animal":"Chicken"},"geometry":{"type":"Point","coordinates":[-7.011981,54.344372]}},{"type":"Feature","properties":{"CountryName":"Ireland","Type of Animal":"Chicken"},"geometry":{"type":"Point","coordinates":[-7.136873,54.212198]}},{"type":"Feature","properties":{"CountryName":"Ireland","Type of Animal":"Chicken"},"geometry":{"type":"Point","coordinates":[-6.9174,54.221943]}},{"type":"Feature","properties":{"CountryName":"Ireland","Type of Animal":"Chicken"},"geometry":{"type":"Point","coordinates":[-6.317169,53.753104]}},{"type":"Feature","properties":{"CountryName":"Ireland","Type of Animal":"Chicken"},"geometry":{"type":"Point","coordinates":[-6.570728,53.858711]}},{"type":"Feature","properties":{"CountryName":"Ireland","Type of Animal":"Chicken"},"geometry":{"type":"Point","coordinates":[-6.792221,54.112536]}},{"type":"Feature","properties":{"CountryName":"Ireland","Type of Animal":"Chicken"},"geometry":{"type":"Point","coordinates":[-6.997243,54.354124]}},{"type":"Feature","properties":{"CountryName":"Ireland","Type of Animal":"Pork"},"geometry":{"type":"Point","coordinates":[-7.272337,53.379966]}},{"type":"Feature","properties":{"CountryName":"Ireland","Type of Animal":"Chicken"},"geometry":{"type":"Point","coordinates":[-6.994858,54.303147]}},{"type":"Feature","properties":{"CountryName":"Ireland","Type of Animal":"Chicken"},"geometry":{"type":"Point","coordinates":[-7.054387,54.221937]}},{"type":"Feature","properties":{"CountryName":"Ireland","Type of Animal":"Chicken"},"geometry":{"type":"Point","coordinates":[-8.67451,51.766699]}},{"type":"Feature","properties":{"CountryName":"Ireland","Type of Animal":"Chicken"},"geometry":{"type":"Point","coordinates":[-8.473536,51.708021]}},{"type":"Feature","properties":{"CountryName":"Ireland","Type of Animal":"Chicken"},"geometry":{"type":"Point","coordinates":[-8.960505,51.62292]}},{"type":"Feature","properties":{"CountryName":"Ireland","Type of Animal":"Chicken"},"geometry":{"type":"Point","coordinates":[-6.703564,54.084516]}},{"type":"Feature","properties":{"CountryName":"Ireland","Type of Animal":"Pork"},"geometry":{"type":"Point","coordinates":[-7.053077,54.233615]}},{"type":"Feature","properties":{"CountryName":"Ireland","Type of Animal":"Chicken"},"geometry":{"type":"Point","coordinates":[-7.038279,54.235546]}},{"type":"Feature","properties":{"CountryName":"Ireland","Type of Animal":"Chicken"},"geometry":{"type":"Point","coordinates":[-7.167573,54.10934]}},{"type":"Feature","properties":{"CountryName":"Ireland","Type of Animal":"Chicken"},"geometry":{"type":"Point","coordinates":[-6.468618,53.705959]}},{"type":"Feature","properties":{"CountryName":"Ireland","Type of Animal":"Chicken"},"geometry":{"type":"Point","coordinates":[-9.348866,52.343667]}},{"type":"Feature","properties":{"CountryName":"Ireland","Type of Animal":"Pork"},"geometry":{"type":"Point","coordinates":[-7.048501,54.061775]}},{"type":"Feature","properties":{"CountryName":"Ireland","Type of Animal":"Chicken"},"geometry":{"type":"Point","coordinates":[-6.900603,54.050783]}},{"type":"Feature","properties":{"CountryName":"Ireland","Type of Animal":"Chicken"},"geometry":{"type":"Point","coordinates":[-7.191336,54.19158]}},{"type":"Feature","properties":{"CountryName":"Ireland","Type of Animal":"Chicken"},"geometry":{"type":"Point","coordinates":[-7.024524,54.232228]}},{"type":"Feature","properties":{"CountryName":"Ireland","Type of Animal":"Pork"},"geometry":{"type":"Point","coordinates":[-7.109872,52.67111]}},{"type":"Feature","properties":{"CountryName":"Ireland","Type of Animal":"Chicken"},"geometry":{"type":"Point","coordinates":[-8.604581,53.60325]}},{"type":"Feature","properties":{"CountryName":"Ireland","Type of Animal":"Pork"},"geometry":{"type":"Point","coordinates":[-7.515776,53.729506]}},{"type":"Feature","properties":{"CountryName":"Ireland","Type of Animal":"Chicken"},"geometry":{"type":"Point","coordinates":[-7.31444,54.161431]}},{"type":"Feature","properties":{"CountryName":"Ireland","Type of Animal":"Pork"},"geometry":{"type":"Point","coordinates":[-7.559767,54.86609]}},{"type":"Feature","properties":{"CountryName":"Ireland","Type of Animal":"Chicken"},"geometry":{"type":"Point","coordinates":[-8.923776,53.841915]}},{"type":"Feature","properties":{"CountryName":"Ireland","Type of Animal":"Pork"},"geometry":{"type":"Point","coordinates":[-6.564269,53.9957]}},{"type":"Feature","properties":{"CountryName":"Ireland","Type of Animal":"Pork"},"geometry":{"type":"Point","coordinates":[-7.114845,53.523661]}},{"type":"Feature","properties":{"CountryName":"Ireland","Type of Animal":"Chicken"},"geometry":{"type":"Point","coordinates":[-6.988457,54.180757]}},{"type":"Feature","properties":{"CountryName":"Ireland","Type of Animal":"Pork"},"geometry":{"type":"Point","coordinates":[-7.507731,53.234074]}},{"type":"Feature","properties":{"CountryName":"Ireland","Type of Animal":"Pork"},"geometry":{"type":"Point","coordinates":[-9.188354,53.644882]}},{"type":"Feature","properties":{"CountryName":"Ireland","Type of Animal":"Pork"},"geometry":{"type":"Point","coordinates":[-9.469931,51.646544]}},{"type":"Feature","properties":{"CountryName":"Ireland","Type of Animal":"Pork"},"geometry":{"type":"Point","coordinates":[-7.0821,53.570855]}},{"type":"Feature","properties":{"CountryName":"Ireland","Type of Animal":"Pork"},"geometry":{"type":"Point","coordinates":[-7.984438,52.268165]}},{"type":"Feature","properties":{"CountryName":"Ireland","Type of Animal":"Pork"},"geometry":{"type":"Point","coordinates":[-6.503521,53.935631]}},{"type":"Feature","properties":{"CountryName":"Ireland","Type of Animal":"Pork"},"geometry":{"type":"Point","coordinates":[-7.346294,53.943977]}},{"type":"Feature","properties":{"CountryName":"Ireland","Type of Animal":"Chicken"},"geometry":{"type":"Point","coordinates":[-7.020582,54.195353]}},{"type":"Feature","properties":{"CountryName":"Ireland","Type of Animal":"Chicken"},"geometry":{"type":"Point","coordinates":[-7.128718,54.144534]}},{"type":"Feature","properties":{"CountryName":"Ireland","Type of Animal":"Chicken"},"geometry":{"type":"Point","coordinates":[-7.183209,54.163989]}},{"type":"Feature","properties":{"CountryName":"Ireland","Type of Animal":"Chicken"},"geometry":{"type":"Point","coordinates":[-6.993096,54.307328]}},{"type":"Feature","properties":{"CountryName":"Ireland","Type of Animal":"Chicken"},"geometry":{"type":"Point","coordinates":[-7.131246,54.13926]}},{"type":"Feature","properties":{"CountryName":"Ireland","Type of Animal":"Chicken"},"geometry":{"type":"Point","coordinates":[-6.988697,54.209814]}},{"type":"Feature","properties":{"CountryName":"Ireland","Type of Animal":"Chicken"},"geometry":{"type":"Point","coordinates":[-7.131412,54.28244]}},{"type":"Feature","properties":{"CountryName":"Ireland","Type of Animal":"Chicken"},"geometry":{"type":"Point","coordinates":[-6.988714,54.340065]}},{"type":"Feature","properties":{"CountryName":"Ireland","Type of Animal":"Pork"},"geometry":{"type":"Point","coordinates":[-8.91305,52.85644]}},{"type":"Feature","properties":{"CountryName":"Ireland","Type of Animal":"Chicken"},"geometry":{"type":"Point","coordinates":[-7.206654,54.091726]}},{"type":"Feature","properties":{"CountryName":"Ireland","Type of Animal":"Chicken"},"geometry":{"type":"Point","coordinates":[-6.86824,54.206505]}},{"type":"Feature","properties":{"CountryName":"Ireland","Type of Animal":"Chicken"},"geometry":{"type":"Point","coordinates":[-6.969518,54.275828]}},{"type":"Feature","properties":{"CountryName":"Ireland","Type of Animal":"Chicken"},"geometry":{"type":"Point","coordinates":[-7.055488,54.308569]}},{"type":"Feature","properties":{"CountryName":"Ireland","Type of Animal":"Chicken"},"geometry":{"type":"Point","coordinates":[-9.168864,52.399299]}},{"type":"Feature","properties":{"CountryName":"Ireland","Type of Animal":"Chicken"},"geometry":{"type":"Point","coordinates":[-7.167709,54.203179]}},{"type":"Feature","properties":{"CountryName":"Ireland","Type of Animal":"Chicken"},"geometry":{"type":"Point","coordinates":[-7.171427,54.06485]}},{"type":"Feature","properties":{"CountryName":"Ireland","Type of Animal":"Chicken"},"geometry":{"type":"Point","coordinates":[-7.020043,54.344159]}},{"type":"Feature","properties":{"CountryName":"Ireland","Type of Animal":"Chicken"},"geometry":{"type":"Point","coordinates":[-7.197352,54.116712]}},{"type":"Feature","properties":{"CountryName":"Ireland","Type of Animal":"Chicken"},"geometry":{"type":"Point","coordinates":[-7.18959,54.13991]}},{"type":"Feature","properties":{"CountryName":"Ireland","Type of Animal":"Chicken"},"geometry":{"type":"Point","coordinates":[-6.959886408,54.19373082]}},{"type":"Feature","properties":{"CountryName":"Ireland","Type of Animal":"Chicken"},"geometry":{"type":"Point","coordinates":[-6.981299,53.967094]}},{"type":"Feature","properties":{"CountryName":"Ireland","Type of Animal":"Chicken"},"geometry":{"type":"Point","coordinates":[-6.910297,54.33144]}},{"type":"Feature","properties":{"CountryName":"Ireland","Type of Animal":"Pork"},"geometry":{"type":"Point","coordinates":[-9.31082647,52.36134155]}},{"type":"Feature","properties":{"CountryName":"Ireland","Type of Animal":"Chicken"},"geometry":{"type":"Point","coordinates":[-6.993255,54.030454]}},{"type":"Feature","properties":{"CountryName":"Ireland","Type of Animal":"Chicken"},"geometry":{"type":"Point","coordinates":[-7.079772,54.315019]}},{"type":"Feature","properties":{"CountryName":"Ireland","Type of Animal":"Chicken"},"geometry":{"type":"Point","coordinates":[-7.069335,54.211039]}},{"type":"Feature","properties":{"CountryName":"Ireland","Type of Animal":"Chicken"},"geometry":{"type":"Point","coordinates":[-7.131393,54.220585]}},{"type":"Feature","properties":{"CountryName":"Ireland","Type of Animal":"Chicken"},"geometry":{"type":"Point","coordinates":[-8.955608582,52.33953203]}},{"type":"Feature","properties":{"CountryName":"Ireland","Type of Animal":"Chicken"},"geometry":{"type":"Point","coordinates":[-7.438157,53.86901]}},{"type":"Feature","properties":{"CountryName":"Ireland","Type of Animal":"Chicken"},"geometry":{"type":"Point","coordinates":[-7.154691,54.032363]}},{"type":"Feature","properties":{"CountryName":"Ireland","Type of Animal":"Chicken"},"geometry":{"type":"Point","coordinates":[-6.904474,54.192412]}},{"type":"Feature","properties":{"CountryName":"Ireland","Type of Animal":"Chicken"},"geometry":{"type":"Point","coordinates":[-6.910297,54.33144]}},{"type":"Feature","properties":{"CountryName":"Ireland","Type of Animal":"Chicken"},"geometry":{"type":"Point","coordinates":[-7.139099,54.108124]}},{"type":"Feature","properties":{"CountryName":"Ireland","Type of Animal":"Chicken"},"geometry":{"type":"Point","coordinates":[-7.1545815,54.27041375]}},{"type":"Feature","properties":{"CountryName":"Ireland","Type of Animal":"Chicken"},"geometry":{"type":"Point","coordinates":[-6.92377,54.215747]}},{"type":"Feature","properties":{"CountryName":"Ireland","Type of Animal":"Chicken"},"geometry":{"type":"Point","coordinates":[-7.034168,54.132465]}},{"type":"Feature","properties":{"CountryName":"Ireland","Type of Animal":"Chicken"},"geometry":{"type":"Point","coordinates":[-7.142472,54.137994]}},{"type":"Feature","properties":{"CountryName":"Ireland","Type of Animal":"Chicken"},"geometry":{"type":"Point","coordinates":[-8.990542185,52.37593597]}},{"type":"Feature","properties":{"CountryName":"Ireland","Type of Animal":"Chicken"},"geometry":{"type":"Point","coordinates":[-6.90346,54.296628]}},{"type":"Feature","properties":{"CountryName":"Ireland","Type of Animal":"Pork"},"geometry":{"type":"Point","coordinates":[-7.92663064,53.70042829]}},{"type":"Feature","properties":{"CountryName":"Ireland","Type of Animal":"Chicken"},"geometry":{"type":"Point","coordinates":[-7.035424,54.056028]}},{"type":"Feature","properties":{"CountryName":"Ireland","Type of Animal":"Chicken"},"geometry":{"type":"Point","coordinates":[-6.855887,54.228121]}},{"type":"Feature","properties":{"CountryName":"Ireland","Type of Animal":"Chicken"},"geometry":{"type":"Point","coordinates":[-7.075563,54.133141]}},{"type":"Feature","properties":{"CountryName":"Ireland","Type of Animal":"Chicken"},"geometry":{"type":"Point","coordinates":[-6.6317,54.031446]}},{"type":"Feature","properties":{"CountryName":"Ireland","Type of Animal":"Chicken"},"geometry":{"type":"Point","coordinates":[-6.334465,53.519961]}},{"type":"Feature","properties":{"CountryName":"Ireland","Type of Animal":"Chicken"},"geometry":{"type":"Point","coordinates":[-6.906003,54.332192]}},{"type":"Feature","properties":{"CountryName":"Ireland","Type of Animal":"Chicken"},"geometry":{"type":"Point","coordinates":[-6.975013,54.196671]}},{"type":"Feature","properties":{"CountryName":"Ireland","Type of Animal":"Pork"},"geometry":{"type":"Point","coordinates":[-7.431957,52.327316]}},{"type":"Feature","properties":{"CountryName":"Ireland","Type of Animal":"Chicken"},"geometry":{"type":"Point","coordinates":[-6.915841,54.184312]}},{"type":"Feature","properties":{"CountryName":"Ireland","Type of Animal":"Chicken"},"geometry":{"type":"Point","coordinates":[-7.057519771,54.34668637]}},{"type":"Feature","properties":{"CountryName":"Ireland","Type of Animal":"Chicken"},"geometry":{"type":"Point","coordinates":[-6.855607,54.22439]}},{"type":"Feature","properties":{"CountryName":"Ireland","Type of Animal":"Chicken"},"geometry":{"type":"Point","coordinates":[-6.986932,54.316225]}},{"type":"Feature","properties":{"CountryName":"Ireland","Type of Animal":"Chicken"},"geometry":{"type":"Point","coordinates":[-6.556127,53.619061]}},{"type":"Feature","properties":{"CountryName":"Ireland","Type of Animal":"Chicken"},"geometry":{"type":"Point","coordinates":[-6.996276,54.169611]}},{"type":"Feature","properties":{"CountryName":"Ireland","Type of Animal":"Chicken"},"geometry":{"type":"Point","coordinates":[-7.046762,54.248686]}},{"type":"Feature","properties":{"CountryName":"Ireland","Type of Animal":"Chicken"},"geometry":{"type":"Point","coordinates":[-7.159182,54.171784]}},{"type":"Feature","properties":{"CountryName":"Ireland","Type of Animal":"Chicken"},"geometry":{"type":"Point","coordinates":[-6.796158,54.02566]}},{"type":"Feature","properties":{"CountryName":"Ireland","Type of Animal":"Chicken"},"geometry":{"type":"Point","coordinates":[-7.088569,54.151847]}},{"type":"Feature","properties":{"CountryName":"Ireland","Type of Animal":"Chicken"},"geometry":{"type":"Point","coordinates":[-6.333331,53.805501]}},{"type":"Feature","properties":{"CountryName":"Ireland","Type of Animal":"Chicken"},"geometry":{"type":"Point","coordinates":[-6.731790772,54.16650418]}},{"type":"Feature","properties":{"CountryName":"Ireland","Type of Animal":"Chicken"},"geometry":{"type":"Point","coordinates":[-7.128882,54.116954]}},{"type":"Feature","properties":{"CountryName":"Ireland","Type of Animal":"Chicken"},"geometry":{"type":"Point","coordinates":[-6.94024019,54.28605025]}},{"type":"Feature","properties":{"CountryName":"Ireland","Type of Animal":"Chicken"},"geometry":{"type":"Point","coordinates":[-7.01597697,54.38175086]}},{"type":"Feature","properties":{"CountryName":"Ireland","Type of Animal":"Chicken"},"geometry":{"type":"Point","coordinates":[-7.087746027,54.10993822]}},{"type":"Feature","properties":{"CountryName":"Ireland","Type of Animal":"Chicken"},"geometry":{"type":"Point","coordinates":[-6.891185827,54.18861583]}},{"type":"Feature","properties":{"CountryName":"Ireland","Type of Animal":"Chicken"},"geometry":{"type":"Point","coordinates":[-7.044954682,54.12699957]}},{"type":"Feature","properties":{"CountryName":"Ireland","Type of Animal":"Chicken"},"geometry":{"type":"Point","coordinates":[-6.822952737,54.18757288]}},{"type":"Feature","properties":{"CountryName":"Ireland","Type of Animal":"Chicken"},"geometry":{"type":"Point","coordinates":[-6.877786502,54.29860186]}},{"type":"Feature","properties":{"CountryName":"Ireland","Type of Animal":"Chicken"},"geometry":{"type":"Point","coordinates":[-6.99625536,54.27159784]}},{"type":"Feature","properties":{"CountryName":"Ireland","Type of Animal":"Chicken"},"geometry":{"type":"Point","coordinates":[-9.04182111,52.40856632]}},{"type":"Feature","properties":{"CountryName":"Ireland","Type of Animal":"Chicken"},"geometry":{"type":"Point","coordinates":[-6.98902919,54.30215499]}},{"type":"Feature","properties":{"CountryName":"Ireland","Type of Animal":"Chicken"},"geometry":{"type":"Point","coordinates":[-7.2165605,53.99177834]}},{"type":"Feature","properties":{"CountryName":"Ireland","Type of Animal":"Chicken"},"geometry":{"type":"Point","coordinates":[-9.020387655,52.36096172]}},{"type":"Feature","properties":{"CountryName":"Ireland","Type of Animal":"Chicken"},"geometry":{"type":"Point","coordinates":[-6.89755766,54.16970813]}},{"type":"Feature","properties":{"CountryName":"Ireland","Type of Animal":"Chicken"},"geometry":{"type":"Point","coordinates":[-6.97663365,53.94479998]}},{"type":"Feature","properties":{"CountryName":"Ireland","Type of Animal":"Chicken"},"geometry":{"type":"Point","coordinates":[-6.798613,54.18858985]}},{"type":"Feature","properties":{"CountryName":"Ireland","Type of Animal":"Chicken"},"geometry":{"type":"Point","coordinates":[-6.88397978,53.98057774]}},{"type":"Feature","properties":{"CountryName":"Ireland","Type of Animal":"Chicken"},"geometry":{"type":"Point","coordinates":[-6.96558722,54.12072785]}},{"type":"Feature","properties":{"CountryName":"Ireland","Type of Animal":"Chicken"},"geometry":{"type":"Point","coordinates":[-6.93743042,54.10221735]}},{"type":"Feature","properties":{"CountryName":"Ireland","Type of Animal":"Chicken"},"geometry":{"type":"Point","coordinates":[-6.91016309,54.17714508]}},{"type":"Feature","properties":{"CountryName":"Ireland","Type of Animal":"Chicken"},"geometry":{"type":"Point","coordinates":[-7.18278822,54.29314887]}},{"type":"Feature","properties":{"CountryName":"Ireland","Type of Animal":"Chicken"},"geometry":{"type":"Point","coordinates":[-7.16065052,54.12883221]}},{"type":"Feature","properties":{"CountryName":"Ireland","Type of Animal":"Chicken"},"geometry":{"type":"Point","coordinates":[-6.99056362,54.20679299]}},{"type":"Feature","properties":{"CountryName":"Ireland","Type of Animal":"Chicken"},"geometry":{"type":"Point","coordinates":[-6.72772832,53.73609101]}},{"type":"Feature","properties":{"CountryName":"Ireland","Type of Animal":"Chicken"},"geometry":{"type":"Point","coordinates":[-6.97717363,54.31192842]}},{"type":"Feature","properties":{"CountryName":"Ireland","Type of Animal":"Chicken"},"geometry":{"type":"Point","coordinates":[-6.90177756,54.17167832]}},{"type":"Feature","properties":{"CountryName":"Latvia","Type of Animal":"Chicken"},"geometry":{"type":"Point","coordinates":[24.233618,56.419447]}},{"type":"Feature","properties":{"CountryName":"Latvia","Type of Animal":"Pork"},"geometry":{"type":"Point","coordinates":[26.836106,56.103611]}},{"type":"Feature","properties":{"CountryName":"Latvia","Type of Animal":"Pork"},"geometry":{"type":"Point","coordinates":[24.788565,57.194377]}},{"type":"Feature","properties":{"CountryName":"Latvia","Type of Animal":"Pork"},"geometry":{"type":"Point","coordinates":[23.384964,56.724014]}},{"type":"Feature","properties":{"CountryName":"Latvia","Type of Animal":"Pork"},"geometry":{"type":"Point","coordinates":[25.523865,57.32123]}},{"type":"Feature","properties":{"CountryName":"Latvia","Type of Animal":"Pork"},"geometry":{"type":"Point","coordinates":[24.806107,57.023333]}},{"type":"Feature","properties":{"CountryName":"Latvia","Type of Animal":"Pork"},"geometry":{"type":"Point","coordinates":[23.31039618,56.53445461]}},{"type":"Feature","properties":{"CountryName":"Latvia","Type of Animal":"Pork"},"geometry":{"type":"Point","coordinates":[22.908248,56.4779]}},{"type":"Feature","properties":{"CountryName":"Latvia","Type of Animal":"Pork"},"geometry":{"type":"Point","coordinates":[21.523206,56.812255]}},{"type":"Feature","properties":{"CountryName":"Latvia","Type of Animal":"Pork"},"geometry":{"type":"Point","coordinates":[21.526096,56.825569]}},{"type":"Feature","properties":{"CountryName":"Latvia","Type of Animal":"Pork"},"geometry":{"type":"Point","coordinates":[22.981617,56.544608]}},{"type":"Feature","properties":{"CountryName":"Latvia","Type of Animal":"Pork"},"geometry":{"type":"Point","coordinates":[24.176674,56.363829]}},{"type":"Feature","properties":{"CountryName":"Latvia","Type of Animal":"Pork"},"geometry":{"type":"Point","coordinates":[22.394165,57.25333]}},{"type":"Feature","properties":{"CountryName":"Latvia","Type of Animal":"Pork"},"geometry":{"type":"Point","coordinates":[21.798061,56.390003]}},{"type":"Feature","properties":{"CountryName":"Latvia","Type of Animal":"Chicken"},"geometry":{"type":"Point","coordinates":[27.092494,57.418054]}},{"type":"Feature","properties":{"CountryName":"Latvia","Type of Animal":"Chicken"},"geometry":{"type":"Point","coordinates":[24.229169,56.593336]}},{"type":"Feature","properties":{"CountryName":"Latvia","Type of Animal":"Chicken"},"geometry":{"type":"Point","coordinates":[26.190501,56.846942]}},{"type":"Feature","properties":{"CountryName":"Latvia","Type of Animal":"Chicken"},"geometry":{"type":"Point","coordinates":[24.197981,56.829155]}},{"type":"Feature","properties":{"CountryName":"Latvia","Type of Animal":"Pork"},"geometry":{"type":"Point","coordinates":[24.278892,56.931945]}},{"type":"Feature","properties":{"CountryName":"Latvia","Type of Animal":"Pork"},"geometry":{"type":"Point","coordinates":[22.46501609,56.67389]}},{"type":"Feature","properties":{"CountryName":"Latvia","Type of Animal":"Chicken"},"geometry":{"type":"Point","coordinates":[26.503061,55.840836]}},{"type":"Feature","properties":{"CountryName":"Latvia","Type of Animal":"Pork"},"geometry":{"type":"Point","coordinates":[22.4844,56.698565]}},{"type":"Feature","properties":{"CountryName":"Latvia","Type of Animal":"Pork"},"geometry":{"type":"Point","coordinates":[21.892484,56.657044]}},{"type":"Feature","properties":{"CountryName":"Latvia","Type of Animal":"Pork"},"geometry":{"type":"Point","coordinates":[25.645562,56.568887]}},{"type":"Feature","properties":{"CountryName":"Latvia","Type of Animal":"Pork"},"geometry":{"type":"Point","coordinates":[24.418681,56.907799]}},{"type":"Feature","properties":{"CountryName":"Latvia","Type of Animal":"Pork"},"geometry":{"type":"Point","coordinates":[21.011948,56.395556]}},{"type":"Feature","properties":{"CountryName":"Latvia","Type of Animal":"Pork"},"geometry":{"type":"Point","coordinates":[25.363897,57.86889]}},{"type":"Feature","properties":{"CountryName":"Latvia","Type of Animal":"Pork"},"geometry":{"type":"Point","coordinates":[24.177774,56.301107]}},{"type":"Feature","properties":{"CountryName":"Latvia","Type of Animal":"Pork"},"geometry":{"type":"Point","coordinates":[23.028618,56.925554]}},{"type":"Feature","properties":{"CountryName":"Latvia","Type of Animal":"Pork"},"geometry":{"type":"Point","coordinates":[24.47695,56.287504]}},{"type":"Feature","properties":{"CountryName":"Latvia","Type of Animal":"Pork"},"geometry":{"type":"Point","coordinates":[25.093892,56.844447]}},{"type":"Feature","properties":{"CountryName":"Latvia","Type of Animal":"Pork"},"geometry":{"type":"Point","coordinates":[25.738062,56.39306]}},{"type":"Feature","properties":{"CountryName":"Lithuania","Type of Animal":"Chicken"},"geometry":{"type":"Point","coordinates":[22.507485,55.420568]}},{"type":"Feature","properties":{"CountryName":"Lithuania","Type of Animal":"Pork"},"geometry":{"type":"Point","coordinates":[21.534257,55.373623]}},{"type":"Feature","properties":{"CountryName":"Lithuania","Type of Animal":"Pork"},"geometry":{"type":"Point","coordinates":[21.805904,55.882637]}},{"type":"Feature","properties":{"CountryName":"Lithuania","Type of Animal":"Pork"},"geometry":{"type":"Point","coordinates":[23.460925,55.006758]}},{"type":"Feature","properties":{"CountryName":"Lithuania","Type of Animal":"Pork"},"geometry":{"type":"Point","coordinates":[26.194591,55.448691]}},{"type":"Feature","properties":{"CountryName":"Lithuania","Type of Animal":"Pork"},"geometry":{"type":"Point","coordinates":[23.3783,54.503172]}},{"type":"Feature","properties":{"CountryName":"Lithuania","Type of Animal":"Pork"},"geometry":{"type":"Point","coordinates":[22.781151,56.172055]}},{"type":"Feature","properties":{"CountryName":"Lithuania","Type of Animal":"Pork"},"geometry":{"type":"Point","coordinates":[23.987151,56.062165]}},{"type":"Feature","properties":{"CountryName":"Lithuania","Type of Animal":"Pork"},"geometry":{"type":"Point","coordinates":[23.636851,56.265436]}},{"type":"Feature","properties":{"CountryName":"Lithuania","Type of Animal":"Pork"},"geometry":{"type":"Point","coordinates":[23.773735,55.715537]}},{"type":"Feature","properties":{"CountryName":"Lithuania","Type of Animal":"Pork"},"geometry":{"type":"Point","coordinates":[23.154281,55.623266]}},{"type":"Feature","properties":{"CountryName":"Lithuania","Type of Animal":"Pork"},"geometry":{"type":"Point","coordinates":[24.049112,55.558483]}},{"type":"Feature","properties":{"CountryName":"Lithuania","Type of Animal":"Pork"},"geometry":{"type":"Point","coordinates":[24.417736,56.250249]}},{"type":"Feature","properties":{"CountryName":"Lithuania","Type of Animal":"Pork"},"geometry":{"type":"Point","coordinates":[23.402437,55.67033]}},{"type":"Feature","properties":{"CountryName":"Lithuania","Type of Animal":"Chicken"},"geometry":{"type":"Point","coordinates":[24.77487,54.140679]}},{"type":"Feature","properties":{"CountryName":"Lithuania","Type of Animal":"Chicken"},"geometry":{"type":"Point","coordinates":[22.918542,55.96755]}},{"type":"Feature","properties":{"CountryName":"Lithuania","Type of Animal":"Pork"},"geometry":{"type":"Point","coordinates":[25.508648,55.272308]}},{"type":"Feature","properties":{"CountryName":"Lithuania","Type of Animal":"Chicken"},"geometry":{"type":"Point","coordinates":[22.491433,55.988685]}},{"type":"Feature","properties":{"CountryName":"Lithuania","Type of Animal":"Chicken"},"geometry":{"type":"Point","coordinates":[21.784201,55.927913]}},{"type":"Feature","properties":{"CountryName":"Lithuania","Type of Animal":"Chicken"},"geometry":{"type":"Point","coordinates":[21.78807,55.92765]}},{"type":"Feature","properties":{"CountryName":"Lithuania","Type of Animal":"Chicken"},"geometry":{"type":"Point","coordinates":[21.779037,55.926393]}},{"type":"Feature","properties":{"CountryName":"Lithuania","Type of Animal":"Chicken"},"geometry":{"type":"Point","coordinates":[21.786312,55.928783]}},{"type":"Feature","properties":{"CountryName":"Lithuania","Type of Animal":"Pork"},"geometry":{"type":"Point","coordinates":[23.231683,55.330149]}},{"type":"Feature","properties":{"CountryName":"Lithuania","Type of Animal":"Pork"},"geometry":{"type":"Point","coordinates":[25.361444,55.661395]}},{"type":"Feature","properties":{"CountryName":"Lithuania","Type of Animal":"Pork"},"geometry":{"type":"Point","coordinates":[24.726717,56.389168]}},{"type":"Feature","properties":{"CountryName":"Lithuania","Type of Animal":"Pork"},"geometry":{"type":"Point","coordinates":[24.339198,55.135462]}},{"type":"Feature","properties":{"CountryName":"Lithuania","Type of Animal":"Pork"},"geometry":{"type":"Point","coordinates":[24.176399,55.117675]}},{"type":"Feature","properties":{"CountryName":"Lithuania","Type of Animal":"Pork"},"geometry":{"type":"Point","coordinates":[22.723428,55.111924]}},{"type":"Feature","properties":{"CountryName":"Lithuania","Type of Animal":"Pork"},"geometry":{"type":"Point","coordinates":[22.731149,55.150403]}},{"type":"Feature","properties":{"CountryName":"Lithuania","Type of Animal":"Chicken"},"geometry":{"type":"Point","coordinates":[24.453166,54.818861]}},{"type":"Feature","properties":{"CountryName":"Lithuania","Type of Animal":"Chicken"},"geometry":{"type":"Point","coordinates":[24.493224,54.972207]}},{"type":"Feature","properties":{"CountryName":"Lithuania","Type of Animal":"Chicken"},"geometry":{"type":"Point","coordinates":[24.402952,54.863235]}},{"type":"Feature","properties":{"CountryName":"Lithuania","Type of Animal":"Chicken"},"geometry":{"type":"Point","coordinates":[24.584085,54.821527]}},{"type":"Feature","properties":{"CountryName":"Lithuania","Type of Animal":"Chicken"},"geometry":{"type":"Point","coordinates":[24.522454,54.958988]}},{"type":"Feature","properties":{"CountryName":"Lithuania","Type of Animal":"Chicken"},"geometry":{"type":"Point","coordinates":[21.580865,55.2329]}},{"type":"Feature","properties":{"CountryName":"Lithuania","Type of Animal":"Chicken"},"geometry":{"type":"Point","coordinates":[24.380824,54.861674]}},{"type":"Feature","properties":{"CountryName":"Lithuania","Type of Animal":"Chicken"},"geometry":{"type":"Point","coordinates":[24.247398,54.845371]}},{"type":"Feature","properties":{"CountryName":"Lithuania","Type of Animal":"Chicken"},"geometry":{"type":"Point","coordinates":[24.359358,54.76017]}},{"type":"Feature","properties":{"CountryName":"Lithuania","Type of Animal":"Chicken"},"geometry":{"type":"Point","coordinates":[24.578952,54.9071]}},{"type":"Feature","properties":{"CountryName":"Lithuania","Type of Animal":"Chicken"},"geometry":{"type":"Point","coordinates":[24.326364,54.794099]}},{"type":"Feature","properties":{"CountryName":"Lithuania","Type of Animal":"Chicken"},"geometry":{"type":"Point","coordinates":[24.722537,54.898772]}},{"type":"Feature","properties":{"CountryName":"Lithuania","Type of Animal":"Chicken"},"geometry":{"type":"Point","coordinates":[24.379035,54.861729]}},{"type":"Feature","properties":{"CountryName":"Lithuania","Type of Animal":"Pork"},"geometry":{"type":"Point","coordinates":[22.977252,55.669654]}},{"type":"Feature","properties":{"CountryName":"Lithuania","Type of Animal":"Pork"},"geometry":{"type":"Point","coordinates":[21.387623,55.587894]}},{"type":"Feature","properties":{"CountryName":"Lithuania","Type of Animal":"Chicken"},"geometry":{"type":"Point","coordinates":[21.842028,56.287432]}},{"type":"Feature","properties":{"CountryName":"Lithuania","Type of Animal":"Pork"},"geometry":{"type":"Point","coordinates":[24.91306,55.768826]}},{"type":"Feature","properties":{"CountryName":"Lithuania","Type of Animal":"Chicken"},"geometry":{"type":"Point","coordinates":[24.233553,55.897041]}},{"type":"Feature","properties":{"CountryName":"Lithuania","Type of Animal":"Pork"},"geometry":{"type":"Point","coordinates":[23.609611,55.82534]}},{"type":"Feature","properties":{"CountryName":"Lithuania","Type of Animal":"Pork"},"geometry":{"type":"Point","coordinates":[25.469808,56.026999]}},{"type":"Feature","properties":{"CountryName":"Lithuania","Type of Animal":"Chicken"},"geometry":{"type":"Point","coordinates":[23.392659,55.955093]}},{"type":"Feature","properties":{"CountryName":"Lithuania","Type of Animal":"Chicken"},"geometry":{"type":"Point","coordinates":[21.402042,55.502927]}},{"type":"Feature","properties":{"CountryName":"Lithuania","Type of Animal":"Pork"},"geometry":{"type":"Point","coordinates":[26.031774,55.193316]}},{"type":"Feature","properties":{"CountryName":"Lithuania","Type of Animal":"Pork"},"geometry":{"type":"Point","coordinates":[22.355098,56.012485]}},{"type":"Feature","properties":{"CountryName":"Lithuania","Type of Animal":"Chicken"},"geometry":{"type":"Point","coordinates":[24.79946,54.807728]}},{"type":"Feature","properties":{"CountryName":"Lithuania","Type of Animal":"Chicken"},"geometry":{"type":"Point","coordinates":[24.79948,54.807728]}},{"type":"Feature","properties":{"CountryName":"Lithuania","Type of Animal":"Chicken"},"geometry":{"type":"Point","coordinates":[24.844346,55.286116]}},{"type":"Feature","properties":{"CountryName":"Lithuania","Type of Animal":"Pork"},"geometry":{"type":"Point","coordinates":[24.661446,54.359434]}},{"type":"Feature","properties":{"CountryName":"Lithuania","Type of Animal":"Chicken"},"geometry":{"type":"Point","coordinates":[24.218994,54.513135]}},{"type":"Feature","properties":{"CountryName":"Lithuania","Type of Animal":"Chicken"},"geometry":{"type":"Point","coordinates":[24.448207,54.902456]}},{"type":"Feature","properties":{"CountryName":"Lithuania","Type of Animal":"Chicken"},"geometry":{"type":"Point","coordinates":[25.325787,54.591957]}},{"type":"Feature","properties":{"CountryName":"Lithuania","Type of Animal":"Chicken"},"geometry":{"type":"Point","coordinates":[24.972146,54.983992]}},{"type":"Feature","properties":{"CountryName":"Lithuania","Type of Animal":"Pork"},"geometry":{"type":"Point","coordinates":[25.430032,54.892765]}},{"type":"Feature","properties":{"CountryName":"Lithuania","Type of Animal":"Chicken"},"geometry":{"type":"Point","coordinates":[26.277866,55.74139]}},{"type":"Feature","properties":{"CountryName":"Lithuania","Type of Animal":"Pork"},"geometry":{"type":"Point","coordinates":[21.159952,55.722277]}},{"type":"Feature","properties":{"CountryName":"Lithuania","Type of Animal":"Pork"},"geometry":{"type":"Point","coordinates":[24.237716,55.232432]}},{"type":"Feature","properties":{"CountryName":"Lithuania","Type of Animal":"Chicken"},"geometry":{"type":"Point","coordinates":[25.615241,55.910925]}},{"type":"Feature","properties":{"CountryName":"Lithuania","Type of Animal":"Pork"},"geometry":{"type":"Point","coordinates":[25.508706,55.271462]}},{"type":"Feature","properties":{"CountryName":"Lithuania","Type of Animal":"Pork"},"geometry":{"type":"Point","coordinates":[22.20979,55.443703]}},{"type":"Feature","properties":{"CountryName":"Lithuania","Type of Animal":"Chicken"},"geometry":{"type":"Point","coordinates":[22.240293,56.007783]}},{"type":"Feature","properties":{"CountryName":"Lithuania","Type of Animal":"Chicken"},"geometry":{"type":"Point","coordinates":[24.115253,54.378305]}},{"type":"Feature","properties":{"CountryName":"Lithuania","Type of Animal":"Chicken"},"geometry":{"type":"Point","coordinates":[24.428923,55.681197]}},{"type":"Feature","properties":{"CountryName":"Lithuania","Type of Animal":"Chicken"},"geometry":{"type":"Point","coordinates":[24.79947,54.807728]}},{"type":"Feature","properties":{"CountryName":"Lithuania","Type of Animal":"Pork"},"geometry":{"type":"Point","coordinates":[25.455553,55.312451]}},{"type":"Feature","properties":{"CountryName":"Lithuania","Type of Animal":"Pork"},"geometry":{"type":"Point","coordinates":[25.37873,54.434118]}},{"type":"Feature","properties":{"CountryName":"Lithuania","Type of Animal":"Pork"},"geometry":{"type":"Point","coordinates":[24.250302,54.213442]}},{"type":"Feature","properties":{"CountryName":"Lithuania","Type of Animal":"Pork"},"geometry":{"type":"Point","coordinates":[24.193789,54.285453]}},{"type":"Feature","properties":{"CountryName":"Lithuania","Type of Animal":"Chicken"},"geometry":{"type":"Point","coordinates":[25.520046,55.138675]}},{"type":"Feature","properties":{"CountryName":"Lithuania","Type of Animal":"Chicken"},"geometry":{"type":"Point","coordinates":[24.751267,54.947358]}},{"type":"Feature","properties":{"CountryName":"Lithuania","Type of Animal":"Pork"},"geometry":{"type":"Point","coordinates":[25.009639,55.543112]}},{"type":"Feature","properties":{"CountryName":"Lithuania","Type of Animal":"Chicken"},"geometry":{"type":"Point","coordinates":[24.773557,54.793048]}},{"type":"Feature","properties":{"CountryName":"Lithuania","Type of Animal":"Chicken"},"geometry":{"type":"Point","coordinates":[23.446625,56.325775]}},{"type":"Feature","properties":{"CountryName":"Lithuania","Type of Animal":"Pork"},"geometry":{"type":"Point","coordinates":[23.734055,55.619505]}},{"type":"Feature","properties":{"CountryName":"Lithuania","Type of Animal":"Chicken"},"geometry":{"type":"Point","coordinates":[23.930701,54.21978]}},{"type":"Feature","properties":{"CountryName":"Lithuania","Type of Animal":"Pork"},"geometry":{"type":"Point","coordinates":[23.165175,54.705848]}},{"type":"Feature","properties":{"CountryName":"Lithuania","Type of Animal":"Chicken"},"geometry":{"type":"Point","coordinates":[24.56635,55.487939]}},{"type":"Feature","properties":{"CountryName":"Lithuania","Type of Animal":"Chicken"},"geometry":{"type":"Point","coordinates":[21.776245,55.929577]}},{"type":"Feature","properties":{"CountryName":"Lithuania","Type of Animal":"Chicken"},"geometry":{"type":"Point","coordinates":[24.385665,54.391247]}},{"type":"Feature","properties":{"CountryName":"Lithuania","Type of Animal":"Pork"},"geometry":{"type":"Point","coordinates":[23.610666,55.851569]}},{"type":"Feature","properties":{"CountryName":"Lithuania","Type of Animal":"Pork"},"geometry":{"type":"Point","coordinates":[25.388054,54.370727]}},{"type":"Feature","properties":{"CountryName":"Lithuania","Type of Animal":"Chicken"},"geometry":{"type":"Point","coordinates":[24.721103,54.19085]}},{"type":"Feature","properties":{"CountryName":"Lithuania","Type of Animal":"Chicken"},"geometry":{"type":"Point","coordinates":[23.929701,54.220594]}},{"type":"Feature","properties":{"CountryName":"Luxembourg","Type of Animal":"Pork"},"geometry":{"type":"Point","coordinates":[6.16334,49.7961]}},{"type":"Feature","properties":{"CountryName":"Luxembourg","Type of Animal":"Pork"},"geometry":{"type":"Point","coordinates":[6.33014,49.62567]}},{"type":"Feature","properties":{"CountryName":"Luxembourg","Type of Animal":"Pork"},"geometry":{"type":"Point","coordinates":[6.01139,49.86098]}},{"type":"Feature","properties":{"CountryName":"Luxembourg","Type of Animal":"Pork"},"geometry":{"type":"Point","coordinates":[6.23773,49.7754]}},{"type":"Feature","properties":{"CountryName":"Luxembourg","Type of Animal":"Pork"},"geometry":{"type":"Point","coordinates":[6.12786,49.92563]}},{"type":"Feature","properties":{"CountryName":"Luxembourg","Type of Animal":"Pork"},"geometry":{"type":"Point","coordinates":[5.87017,50.03906]}},{"type":"Feature","properties":{"CountryName":"Luxembourg","Type of Animal":"Chicken"},"geometry":{"type":"Point","coordinates":[6.10446,49.91381]}},{"type":"Feature","properties":{"CountryName":"Luxembourg","Type of Animal":"Pork"},"geometry":{"type":"Point","coordinates":[6.11246,50.11908]}},{"type":"Feature","properties":{"CountryName":"Luxembourg","Type of Animal":"Pork"},"geometry":{"type":"Point","coordinates":[6.07115,50.02664]}},{"type":"Feature","properties":{"CountryName":"Luxembourg","Type of Animal":"Pork"},"geometry":{"type":"Point","coordinates":[5.85638,49.81157]}},{"type":"Feature","properties":{"CountryName":"Netherlands","Type of Animal":"Pork"},"geometry":{"type":"Point","coordinates":[5.5958,51.7115]}},{"type":"Feature","properties":{"CountryName":"Netherlands","Type of Animal":"Chicken"},"geometry":{"type":"Point","coordinates":[5.47382,51.67784]}},{"type":"Feature","properties":{"CountryName":"Netherlands","Type of Animal":"Chicken"},"geometry":{"type":"Point","coordinates":[5.51141,51.66449]}},{"type":"Feature","properties":{"CountryName":"Netherlands","Type of Animal":"Chicken"},"geometry":{"type":"Point","coordinates":[6.05473,51.30583]}},{"type":"Feature","properties":{"CountryName":"Netherlands","Type of Animal":"Chicken"},"geometry":{"type":"Point","coordinates":[6.96145,52.71717]}},{"type":"Feature","properties":{"CountryName":"Netherlands","Type of Animal":"Pork"},"geometry":{"type":"Point","coordinates":[5.50458,51.70183]}},{"type":"Feature","properties":{"CountryName":"Netherlands","Type of Animal":"Chicken"},"geometry":{"type":"Point","coordinates":[5.65551,51.74471]}},{"type":"Feature","properties":{"CountryName":"Netherlands","Type of Animal":"Chicken"},"geometry":{"type":"Point","coordinates":[5.65414,51.75068]}},{"type":"Feature","properties":{"CountryName":"Netherlands","Type of Animal":"Chicken"},"geometry":{"type":"Point","coordinates":[5.47551,51.66304]}},{"type":"Feature","properties":{"CountryName":"Netherlands","Type of Animal":"Chicken"},"geometry":{"type":"Point","coordinates":[6.27497,53.05862]}},{"type":"Feature","properties":{"CountryName":"Netherlands","Type of Animal":"Chicken"},"geometry":{"type":"Point","coordinates":[6.94919,52.64785]}},{"type":"Feature","properties":{"CountryName":"Netherlands","Type of Animal":"Chicken"},"geometry":{"type":"Point","coordinates":[5.69495,51.71897]}},{"type":"Feature","properties":{"CountryName":"Netherlands","Type of Animal":"Chicken"},"geometry":{"type":"Point","coordinates":[5.51225,51.7036]}},{"type":"Feature","properties":{"CountryName":"Netherlands","Type of Animal":"Pork"},"geometry":{"type":"Point","coordinates":[5.53906,51.70534]}},{"type":"Feature","properties":{"CountryName":"Netherlands","Type of Animal":"Pork"},"geometry":{"type":"Point","coordinates":[5.51269,51.69371]}},{"type":"Feature","properties":{"CountryName":"Netherlands","Type of Animal":"Chicken"},"geometry":{"type":"Point","coordinates":[6.85408,52.70232]}},{"type":"Feature","properties":{"CountryName":"Netherlands","Type of Animal":"Chicken"},"geometry":{"type":"Point","coordinates":[5.50949,51.66751]}},{"type":"Feature","properties":{"CountryName":"Netherlands","Type of Animal":"Pork"},"geometry":{"type":"Point","coordinates":[7.02946,52.82483]}},{"type":"Feature","properties":{"CountryName":"Netherlands","Type of Animal":"Pork"},"geometry":{"type":"Point","coordinates":[6.88293,52.68277]}},{"type":"Feature","properties":{"CountryName":"Netherlands","Type of Animal":"Pork"},"geometry":{"type":"Point","coordinates":[5.52299,51.64144]}},{"type":"Feature","properties":{"CountryName":"Netherlands","Type of Animal":"Pork"},"geometry":{"type":"Point","coordinates":[5.93679,51.49681]}},{"type":"Feature","properties":{"CountryName":"Netherlands","Type of Animal":"Chicken"},"geometry":{"type":"Point","coordinates":[5.69238,51.70663]}},{"type":"Feature","properties":{"CountryName":"Netherlands","Type of Animal":"Pork"},"geometry":{"type":"Point","coordinates":[4.93836,52.06291]}},{"type":"Feature","properties":{"CountryName":"Netherlands","Type of Animal":"Pork"},"geometry":{"type":"Point","coordinates":[5.51387,51.70266]}},{"type":"Feature","properties":{"CountryName":"Netherlands","Type of Animal":"Pork"},"geometry":{"type":"Point","coordinates":[5.49092,51.63564]}},{"type":"Feature","properties":{"CountryName":"Netherlands","Type of Animal":"Chicken"},"geometry":{"type":"Point","coordinates":[7.00136,52.86442]}},{"type":"Feature","properties":{"CountryName":"Netherlands","Type of Animal":"Pork"},"geometry":{"type":"Point","coordinates":[5.52053,51.62274]}},{"type":"Feature","properties":{"CountryName":"Netherlands","Type of Animal":"Pork"},"geometry":{"type":"Point","coordinates":[5.96744,51.50017]}},{"type":"Feature","properties":{"CountryName":"Netherlands","Type of Animal":"Pork"},"geometry":{"type":"Point","coordinates":[5.66174,51.75195]}},{"type":"Feature","properties":{"CountryName":"Netherlands","Type of Animal":"Pork"},"geometry":{"type":"Point","coordinates":[6.07434,51.30757]}},{"type":"Feature","properties":{"CountryName":"Netherlands","Type of Animal":"Pork"},"geometry":{"type":"Point","coordinates":[5.67894,51.27135]}},{"type":"Feature","properties":{"CountryName":"Netherlands","Type of Animal":"Pork"},"geometry":{"type":"Point","coordinates":[5.52571,51.63381]}},{"type":"Feature","properties":{"CountryName":"Netherlands","Type of Animal":"Pork"},"geometry":{"type":"Point","coordinates":[5.51308,51.64799]}},{"type":"Feature","properties":{"CountryName":"Netherlands","Type of Animal":"Chicken"},"geometry":{"type":"Point","coordinates":[5.53943,51.68052]}},{"type":"Feature","properties":{"CountryName":"Netherlands","Type of Animal":"Pork"},"geometry":{"type":"Point","coordinates":[6.02596,51.35203]}},{"type":"Feature","properties":{"CountryName":"Netherlands","Type of Animal":"Chicken"},"geometry":{"type":"Point","coordinates":[5.52513,51.63404]}},{"type":"Feature","properties":{"CountryName":"Netherlands","Type of Animal":"Chicken"},"geometry":{"type":"Point","coordinates":[5.48653,51.67607]}},{"type":"Feature","properties":{"CountryName":"Netherlands","Type of Animal":"Chicken"},"geometry":{"type":"Point","coordinates":[5.52687,51.67416]}},{"type":"Feature","properties":{"CountryName":"Netherlands","Type of Animal":"Chicken"},"geometry":{"type":"Point","coordinates":[5.62571,53.21719]}},{"type":"Feature","properties":{"CountryName":"Netherlands","Type of Animal":"Pork"},"geometry":{"type":"Point","coordinates":[6.85465,52.71896]}},{"type":"Feature","properties":{"CountryName":"Netherlands","Type of Animal":"Pork"},"geometry":{"type":"Point","coordinates":[6.70731,52.22801]}},{"type":"Feature","properties":{"CountryName":"Netherlands","Type of Animal":"Chicken"},"geometry":{"type":"Point","coordinates":[5.95443,51.27716]}},{"type":"Feature","properties":{"CountryName":"Netherlands","Type of Animal":"Chicken"},"geometry":{"type":"Point","coordinates":[5.41678,52.85831]}},{"type":"Feature","properties":{"CountryName":"Netherlands","Type of Animal":"Chicken"},"geometry":{"type":"Point","coordinates":[5.46556,52.95711]}},{"type":"Feature","properties":{"CountryName":"Netherlands","Type of Animal":"Chicken"},"geometry":{"type":"Point","coordinates":[5.51208,52.95486]}},{"type":"Feature","properties":{"CountryName":"Netherlands","Type of Animal":"Chicken"},"geometry":{"type":"Point","coordinates":[5.39944,52.89604]}},{"type":"Feature","properties":{"CountryName":"Netherlands","Type of Animal":"Chicken"},"geometry":{"type":"Point","coordinates":[5.97371,51.37306]}},{"type":"Feature","properties":{"CountryName":"Netherlands","Type of Animal":"Pork"},"geometry":{"type":"Point","coordinates":[5.76424,51.35358]}},{"type":"Feature","properties":{"CountryName":"Netherlands","Type of Animal":"Pork"},"geometry":{"type":"Point","coordinates":[5.90588,51.28498]}},{"type":"Feature","properties":{"CountryName":"Netherlands","Type of Animal":"Chicken"},"geometry":{"type":"Point","coordinates":[5.98149,51.26933]}},{"type":"Feature","properties":{"CountryName":"Netherlands","Type of Animal":"Pork"},"geometry":{"type":"Point","coordinates":[5.89624,51.2898]}},{"type":"Feature","properties":{"CountryName":"Netherlands","Type of Animal":"Chicken"},"geometry":{"type":"Point","coordinates":[6.92317,52.72701]}},{"type":"Feature","properties":{"CountryName":"Netherlands","Type of Animal":"Pork"},"geometry":{"type":"Point","coordinates":[3.80233,51.21949]}},{"type":"Feature","properties":{"CountryName":"Netherlands","Type of Animal":"Pork"},"geometry":{"type":"Point","coordinates":[4.90044,51.43369]}},{"type":"Feature","properties":{"CountryName":"Netherlands","Type of Animal":"Pork"},"geometry":{"type":"Point","coordinates":[6.61174,52.71177]}},{"type":"Feature","properties":{"CountryName":"Netherlands","Type of Animal":"Chicken"},"geometry":{"type":"Point","coordinates":[6.42674,52.73859]}},{"type":"Feature","properties":{"CountryName":"Netherlands","Type of Animal":"Pork"},"geometry":{"type":"Point","coordinates":[4.84603,51.42972]}},{"type":"Feature","properties":{"CountryName":"Netherlands","Type of Animal":"Pork"},"geometry":{"type":"Point","coordinates":[4.97148,51.66171]}},{"type":"Feature","properties":{"CountryName":"Netherlands","Type of Animal":"Chicken"},"geometry":{"type":"Point","coordinates":[4.96918,51.4455]}},{"type":"Feature","properties":{"CountryName":"Netherlands","Type of Animal":"Pork"},"geometry":{"type":"Point","coordinates":[4.96839,51.45407]}},{"type":"Feature","properties":{"CountryName":"Netherlands","Type of Animal":"Chicken"},"geometry":{"type":"Point","coordinates":[4.86475,51.46164]}},{"type":"Feature","properties":{"CountryName":"Netherlands","Type of Animal":"Pork"},"geometry":{"type":"Point","coordinates":[5.94433,51.41979]}},{"type":"Feature","properties":{"CountryName":"Netherlands","Type of Animal":"Chicken"},"geometry":{"type":"Point","coordinates":[4.83491,51.43936]}},{"type":"Feature","properties":{"CountryName":"Netherlands","Type of Animal":"Chicken"},"geometry":{"type":"Point","coordinates":[6.15017,53.19974]}},{"type":"Feature","properties":{"CountryName":"Netherlands","Type of Animal":"Chicken"},"geometry":{"type":"Point","coordinates":[5.50701,51.72764]}},{"type":"Feature","properties":{"CountryName":"Netherlands","Type of Animal":"Chicken"},"geometry":{"type":"Point","coordinates":[5.53943,51.68052]}},{"type":"Feature","properties":{"CountryName":"Netherlands","Type of Animal":"Chicken"},"geometry":{"type":"Point","coordinates":[5.62112,51.35055]}},{"type":"Feature","properties":{"CountryName":"Netherlands","Type of Animal":"Chicken"},"geometry":{"type":"Point","coordinates":[5.56281,51.3294]}},{"type":"Feature","properties":{"CountryName":"Netherlands","Type of Animal":"Pork"},"geometry":{"type":"Point","coordinates":[5.57448,51.33953]}},{"type":"Feature","properties":{"CountryName":"Netherlands","Type of Animal":"Pork"},"geometry":{"type":"Point","coordinates":[5.63458,51.3414]}},{"type":"Feature","properties":{"CountryName":"Netherlands","Type of Animal":"Chicken"},"geometry":{"type":"Point","coordinates":[5.60956,51.33438]}},{"type":"Feature","properties":{"CountryName":"Netherlands","Type of Animal":"Chicken"},"geometry":{"type":"Point","coordinates":[6.61901,52.21888]}},{"type":"Feature","properties":{"CountryName":"Netherlands","Type of Animal":"Chicken"},"geometry":{"type":"Point","coordinates":[5.64775,51.93235]}},{"type":"Feature","properties":{"CountryName":"Netherlands","Type of Animal":"Chicken"},"geometry":{"type":"Point","coordinates":[5.97873,51.35397]}},{"type":"Feature","properties":{"CountryName":"Netherlands","Type of Animal":"Chicken"},"geometry":{"type":"Point","coordinates":[5.96952,51.3133]}},{"type":"Feature","properties":{"CountryName":"Netherlands","Type of Animal":"Pork"},"geometry":{"type":"Point","coordinates":[5.95718,51.32891]}},{"type":"Feature","properties":{"CountryName":"Netherlands","Type of Animal":"Pork"},"geometry":{"type":"Point","coordinates":[5.96395,51.3037]}},{"type":"Feature","properties":{"CountryName":"Netherlands","Type of Animal":"Chicken"},"geometry":{"type":"Point","coordinates":[5.48709,51.67516]}},{"type":"Feature","properties":{"CountryName":"Netherlands","Type of Animal":"Pork"},"geometry":{"type":"Point","coordinates":[6.61493,52.7359]}},{"type":"Feature","properties":{"CountryName":"Netherlands","Type of Animal":"Pork"},"geometry":{"type":"Point","coordinates":[5.21514,51.52811]}},{"type":"Feature","properties":{"CountryName":"Netherlands","Type of Animal":"Chicken"},"geometry":{"type":"Point","coordinates":[5.68343,51.70712]}},{"type":"Feature","properties":{"CountryName":"Netherlands","Type of Animal":"Pork"},"geometry":{"type":"Point","coordinates":[5.63434,52.80097]}},{"type":"Feature","properties":{"CountryName":"Netherlands","Type of Animal":"Chicken"},"geometry":{"type":"Point","coordinates":[6.78041,53.06331]}},{"type":"Feature","properties":{"CountryName":"Netherlands","Type of Animal":"Pork"},"geometry":{"type":"Point","coordinates":[5.21514,51.52811]}},{"type":"Feature","properties":{"CountryName":"Netherlands","Type of Animal":"Chicken"},"geometry":{"type":"Point","coordinates":[6.92705,53.24493]}},{"type":"Feature","properties":{"CountryName":"Netherlands","Type of Animal":"Chicken"},"geometry":{"type":"Point","coordinates":[6.86175,53.36365]}},{"type":"Feature","properties":{"CountryName":"Netherlands","Type of Animal":"Chicken"},"geometry":{"type":"Point","coordinates":[6.8338,53.37243]}},{"type":"Feature","properties":{"CountryName":"Netherlands","Type of Animal":"Pork"},"geometry":{"type":"Point","coordinates":[5.65315,51.75657]}},{"type":"Feature","properties":{"CountryName":"Netherlands","Type of Animal":"Pork"},"geometry":{"type":"Point","coordinates":[6.14789,52.46164]}},{"type":"Feature","properties":{"CountryName":"Netherlands","Type of Animal":"Pork"},"geometry":{"type":"Point","coordinates":[6.29785,52.43767]}},{"type":"Feature","properties":{"CountryName":"Netherlands","Type of Animal":"Chicken"},"geometry":{"type":"Point","coordinates":[6.91201,53.29588]}},{"type":"Feature","properties":{"CountryName":"Netherlands","Type of Animal":"Chicken"},"geometry":{"type":"Point","coordinates":[6.87075,53.35437]}},{"type":"Feature","properties":{"CountryName":"Netherlands","Type of Animal":"Chicken"},"geometry":{"type":"Point","coordinates":[7.01367,53.26912]}},{"type":"Feature","properties":{"CountryName":"Netherlands","Type of Animal":"Chicken"},"geometry":{"type":"Point","coordinates":[5.96691,51.80414]}},{"type":"Feature","properties":{"CountryName":"Netherlands","Type of Animal":"Pork"},"geometry":{"type":"Point","coordinates":[5.16046,51.46738]}},{"type":"Feature","properties":{"CountryName":"Netherlands","Type of Animal":"Chicken"},"geometry":{"type":"Point","coordinates":[5.84944,52.79211]}},{"type":"Feature","properties":{"CountryName":"Netherlands","Type of Animal":"Chicken"},"geometry":{"type":"Point","coordinates":[5.68922,51.39409]}},{"type":"Feature","properties":{"CountryName":"Netherlands","Type of Animal":"Chicken"},"geometry":{"type":"Point","coordinates":[6.5171,52.81802]}},{"type":"Feature","properties":{"CountryName":"Netherlands","Type of Animal":"Pork"},"geometry":{"type":"Point","coordinates":[5.5967,52.75915]}},{"type":"Feature","properties":{"CountryName":"Netherlands","Type of Animal":"Chicken"},"geometry":{"type":"Point","coordinates":[4.01939,51.25665]}},{"type":"Feature","properties":{"CountryName":"Netherlands","Type of Animal":"Pork"},"geometry":{"type":"Point","coordinates":[3.98942,51.26502]}},{"type":"Feature","properties":{"CountryName":"Netherlands","Type of Animal":"Chicken"},"geometry":{"type":"Point","coordinates":[5.58557,51.91697]}},{"type":"Feature","properties":{"CountryName":"Netherlands","Type of Animal":"Chicken"},"geometry":{"type":"Point","coordinates":[5.01344,51.52206]}},{"type":"Feature","properties":{"CountryName":"Netherlands","Type of Animal":"Chicken"},"geometry":{"type":"Point","coordinates":[5.58115,52.18442]}},{"type":"Feature","properties":{"CountryName":"Netherlands","Type of Animal":"Pork"},"geometry":{"type":"Point","coordinates":[5.81143,51.72675]}},{"type":"Feature","properties":{"CountryName":"Netherlands","Type of Animal":"Chicken"},"geometry":{"type":"Point","coordinates":[5.61273,52.13737]}},{"type":"Feature","properties":{"CountryName":"Netherlands","Type of Animal":"Chicken"},"geometry":{"type":"Point","coordinates":[5.84644,51.69306]}},{"type":"Feature","properties":{"CountryName":"Netherlands","Type of Animal":"Chicken"},"geometry":{"type":"Point","coordinates":[5.66003,52.15922]}},{"type":"Feature","properties":{"CountryName":"Netherlands","Type of Animal":"Pork"},"geometry":{"type":"Point","coordinates":[5.80239,51.72197]}},{"type":"Feature","properties":{"CountryName":"Netherlands","Type of Animal":"Chicken"},"geometry":{"type":"Point","coordinates":[5.67949,52.18457]}},{"type":"Feature","properties":{"CountryName":"Netherlands","Type of Animal":"Pork"},"geometry":{"type":"Point","coordinates":[5.86211,51.71048]}},{"type":"Feature","properties":{"CountryName":"Netherlands","Type of Animal":"Chicken"},"geometry":{"type":"Point","coordinates":[5.51636,52.16854]}},{"type":"Feature","properties":{"CountryName":"Netherlands","Type of Animal":"Chicken"},"geometry":{"type":"Point","coordinates":[5.61216,52.14767]}},{"type":"Feature","properties":{"CountryName":"Netherlands","Type of Animal":"Chicken"},"geometry":{"type":"Point","coordinates":[5.64021,52.14016]}},{"type":"Feature","properties":{"CountryName":"Netherlands","Type of Animal":"Chicken"},"geometry":{"type":"Point","coordinates":[5.55003,52.13758]}},{"type":"Feature","properties":{"CountryName":"Netherlands","Type of Animal":"Chicken"},"geometry":{"type":"Point","coordinates":[5.64285,52.14751]}},{"type":"Feature","properties":{"CountryName":"Netherlands","Type of Animal":"Pork"},"geometry":{"type":"Point","coordinates":[5.86485,51.6998]}},{"type":"Feature","properties":{"CountryName":"Netherlands","Type of Animal":"Pork"},"geometry":{"type":"Point","coordinates":[5.54685,51.65744]}},{"type":"Feature","properties":{"CountryName":"Netherlands","Type of Animal":"Chicken"},"geometry":{"type":"Point","coordinates":[6.1159,52.39098]}},{"type":"Feature","properties":{"CountryName":"Netherlands","Type of Animal":"Chicken"},"geometry":{"type":"Point","coordinates":[5.77848,51.7918]}},{"type":"Feature","properties":{"CountryName":"Netherlands","Type of Animal":"Chicken"},"geometry":{"type":"Point","coordinates":[5.33001,51.41022]}},{"type":"Feature","properties":{"CountryName":"Netherlands","Type of Animal":"Chicken"},"geometry":{"type":"Point","coordinates":[5.3944,51.38437]}},{"type":"Feature","properties":{"CountryName":"Netherlands","Type of Animal":"Chicken"},"geometry":{"type":"Point","coordinates":[5.33454,51.40749]}},{"type":"Feature","properties":{"CountryName":"Netherlands","Type of Animal":"Chicken"},"geometry":{"type":"Point","coordinates":[3.56895,51.55595]}},{"type":"Feature","properties":{"CountryName":"Netherlands","Type of Animal":"Chicken"},"geometry":{"type":"Point","coordinates":[3.56533,51.54119]}},{"type":"Feature","properties":{"CountryName":"Netherlands","Type of Animal":"Pork"},"geometry":{"type":"Point","coordinates":[3.51362,51.54517]}},{"type":"Feature","properties":{"CountryName":"Netherlands","Type of Animal":"Pork"},"geometry":{"type":"Point","coordinates":[3.53595,51.50562]}},{"type":"Feature","properties":{"CountryName":"Netherlands","Type of Animal":"Chicken"},"geometry":{"type":"Point","coordinates":[3.51826,51.51547]}},{"type":"Feature","properties":{"CountryName":"Netherlands","Type of Animal":"Pork"},"geometry":{"type":"Point","coordinates":[5.70574,51.78583]}},{"type":"Feature","properties":{"CountryName":"Netherlands","Type of Animal":"Pork"},"geometry":{"type":"Point","coordinates":[5.65678,51.80631]}},{"type":"Feature","properties":{"CountryName":"Netherlands","Type of Animal":"Chicken"},"geometry":{"type":"Point","coordinates":[5.72439,51.78874]}},{"type":"Feature","properties":{"CountryName":"Netherlands","Type of Animal":"Pork"},"geometry":{"type":"Point","coordinates":[4.86877,51.46356]}},{"type":"Feature","properties":{"CountryName":"Netherlands","Type of Animal":"Pork"},"geometry":{"type":"Point","coordinates":[4.89309,51.43056]}},{"type":"Feature","properties":{"CountryName":"Netherlands","Type of Animal":"Pork"},"geometry":{"type":"Point","coordinates":[4.91113,51.45841]}},{"type":"Feature","properties":{"CountryName":"Netherlands","Type of Animal":"Pork"},"geometry":{"type":"Point","coordinates":[4.88719,51.44401]}},{"type":"Feature","properties":{"CountryName":"Netherlands","Type of Animal":"Pork"},"geometry":{"type":"Point","coordinates":[6.16465,52.82097]}},{"type":"Feature","properties":{"CountryName":"Netherlands","Type of Animal":"Chicken"},"geometry":{"type":"Point","coordinates":[6.28441,52.91719]}},{"type":"Feature","properties":{"CountryName":"Netherlands","Type of Animal":"Pork"},"geometry":{"type":"Point","coordinates":[5.25077,51.99648]}},{"type":"Feature","properties":{"CountryName":"Netherlands","Type of Animal":"Pork"},"geometry":{"type":"Point","coordinates":[5.23689,51.35353]}},{"type":"Feature","properties":{"CountryName":"Netherlands","Type of Animal":"Pork"},"geometry":{"type":"Point","coordinates":[5.23166,51.35852]}},{"type":"Feature","properties":{"CountryName":"Netherlands","Type of Animal":"Chicken"},"geometry":{"type":"Point","coordinates":[5.23587,51.35359]}},{"type":"Feature","properties":{"CountryName":"Netherlands","Type of Animal":"Chicken"},"geometry":{"type":"Point","coordinates":[5.27296,51.35506]}},{"type":"Feature","properties":{"CountryName":"Netherlands","Type of Animal":"Chicken"},"geometry":{"type":"Point","coordinates":[5.20368,51.37561]}},{"type":"Feature","properties":{"CountryName":"Netherlands","Type of Animal":"Chicken"},"geometry":{"type":"Point","coordinates":[5.27745,51.40366]}},{"type":"Feature","properties":{"CountryName":"Netherlands","Type of Animal":"Chicken"},"geometry":{"type":"Point","coordinates":[5.21968,51.40048]}},{"type":"Feature","properties":{"CountryName":"Netherlands","Type of Animal":"Chicken"},"geometry":{"type":"Point","coordinates":[5.26346,51.40581]}},{"type":"Feature","properties":{"CountryName":"Netherlands","Type of Animal":"Chicken"},"geometry":{"type":"Point","coordinates":[5.25434,51.34901]}},{"type":"Feature","properties":{"CountryName":"Netherlands","Type of Animal":"Pork"},"geometry":{"type":"Point","coordinates":[5.24399,51.37459]}},{"type":"Feature","properties":{"CountryName":"Netherlands","Type of Animal":"Pork"},"geometry":{"type":"Point","coordinates":[5.27507,51.39015]}},{"type":"Feature","properties":{"CountryName":"Netherlands","Type of Animal":"Pork"},"geometry":{"type":"Point","coordinates":[5.27277,51.38908]}},{"type":"Feature","properties":{"CountryName":"Netherlands","Type of Animal":"Pork"},"geometry":{"type":"Point","coordinates":[5.21874,51.4043]}},{"type":"Feature","properties":{"CountryName":"Netherlands","Type of Animal":"Pork"},"geometry":{"type":"Point","coordinates":[5.24074,51.3802]}},{"type":"Feature","properties":{"CountryName":"Netherlands","Type of Animal":"Pork"},"geometry":{"type":"Point","coordinates":[5.24037,51.382]}},{"type":"Feature","properties":{"CountryName":"Netherlands","Type of Animal":"Pork"},"geometry":{"type":"Point","coordinates":[5.27961,51.37965]}},{"type":"Feature","properties":{"CountryName":"Netherlands","Type of Animal":"Pork"},"geometry":{"type":"Point","coordinates":[5.23421,51.42307]}},{"type":"Feature","properties":{"CountryName":"Netherlands","Type of Animal":"Pork"},"geometry":{"type":"Point","coordinates":[5.19881,51.37643]}},{"type":"Feature","properties":{"CountryName":"Netherlands","Type of Animal":"Chicken"},"geometry":{"type":"Point","coordinates":[4.82145,52.87733]}},{"type":"Feature","properties":{"CountryName":"Netherlands","Type of Animal":"Pork"},"geometry":{"type":"Point","coordinates":[6.64345,52.04658]}},{"type":"Feature","properties":{"CountryName":"Netherlands","Type of Animal":"Pork"},"geometry":{"type":"Point","coordinates":[6.59874,52.03527]}},{"type":"Feature","properties":{"CountryName":"Netherlands","Type of Animal":"Pork"},"geometry":{"type":"Point","coordinates":[5.91542,50.89802]}},{"type":"Feature","properties":{"CountryName":"Netherlands","Type of Animal":"Chicken"},"geometry":{"type":"Point","coordinates":[6.59985,53.26637]}},{"type":"Feature","properties":{"CountryName":"Netherlands","Type of Animal":"Chicken"},"geometry":{"type":"Point","coordinates":[6.57332,53.26324]}},{"type":"Feature","properties":{"CountryName":"Netherlands","Type of Animal":"Chicken"},"geometry":{"type":"Point","coordinates":[5.59072,52.29976]}},{"type":"Feature","properties":{"CountryName":"Netherlands","Type of Animal":"Chicken"},"geometry":{"type":"Point","coordinates":[5.62527,52.31786]}},{"type":"Feature","properties":{"CountryName":"Netherlands","Type of Animal":"Chicken"},"geometry":{"type":"Point","coordinates":[6.06026,51.24241]}},{"type":"Feature","properties":{"CountryName":"Netherlands","Type of Animal":"Pork"},"geometry":{"type":"Point","coordinates":[5.4629,51.76788]}},{"type":"Feature","properties":{"CountryName":"Netherlands","Type of Animal":"Chicken"},"geometry":{"type":"Point","coordinates":[5.45202,51.6951]}},{"type":"Feature","properties":{"CountryName":"Netherlands","Type of Animal":"Chicken"},"geometry":{"type":"Point","coordinates":[5.44797,51.69485]}},{"type":"Feature","properties":{"CountryName":"Netherlands","Type of Animal":"Pork"},"geometry":{"type":"Point","coordinates":[5.43963,51.75057]}},{"type":"Feature","properties":{"CountryName":"Netherlands","Type of Animal":"Pork"},"geometry":{"type":"Point","coordinates":[5.44372,51.71271]}},{"type":"Feature","properties":{"CountryName":"Netherlands","Type of Animal":"Pork"},"geometry":{"type":"Point","coordinates":[5.86712,51.32191]}},{"type":"Feature","properties":{"CountryName":"Netherlands","Type of Animal":"Chicken"},"geometry":{"type":"Point","coordinates":[5.2161,52.66029]}},{"type":"Feature","properties":{"CountryName":"Netherlands","Type of Animal":"Chicken"},"geometry":{"type":"Point","coordinates":[6.14517,53.17416]}},{"type":"Feature","properties":{"CountryName":"Netherlands","Type of Animal":"Chicken"},"geometry":{"type":"Point","coordinates":[6.10338,53.18739]}},{"type":"Feature","properties":{"CountryName":"Netherlands","Type of Animal":"Chicken"},"geometry":{"type":"Point","coordinates":[6.56614,52.89778]}},{"type":"Feature","properties":{"CountryName":"Netherlands","Type of Animal":"Chicken"},"geometry":{"type":"Point","coordinates":[5.36651,51.63443]}},{"type":"Feature","properties":{"CountryName":"Netherlands","Type of Animal":"Pork"},"geometry":{"type":"Point","coordinates":[5.44635,51.6786]}},{"type":"Feature","properties":{"CountryName":"Netherlands","Type of Animal":"Pork"},"geometry":{"type":"Point","coordinates":[5.32765,51.64402]}},{"type":"Feature","properties":{"CountryName":"Netherlands","Type of Animal":"Pork"},"geometry":{"type":"Point","coordinates":[5.42465,51.67408]}},{"type":"Feature","properties":{"CountryName":"Netherlands","Type of Animal":"Pork"},"geometry":{"type":"Point","coordinates":[5.58891,51.28276]}},{"type":"Feature","properties":{"CountryName":"Netherlands","Type of Animal":"Pork"},"geometry":{"type":"Point","coordinates":[5.5467,51.30662]}},{"type":"Feature","properties":{"CountryName":"Netherlands","Type of Animal":"Pork"},"geometry":{"type":"Point","coordinates":[5.61112,51.32189]}},{"type":"Feature","properties":{"CountryName":"Netherlands","Type of Animal":"Chicken"},"geometry":{"type":"Point","coordinates":[5.56929,51.27961]}},{"type":"Feature","properties":{"CountryName":"Netherlands","Type of Animal":"Pork"},"geometry":{"type":"Point","coordinates":[5.60446,51.32138]}},{"type":"Feature","properties":{"CountryName":"Netherlands","Type of Animal":"Pork"},"geometry":{"type":"Point","coordinates":[5.60625,51.29907]}},{"type":"Feature","properties":{"CountryName":"Netherlands","Type of Animal":"Chicken"},"geometry":{"type":"Point","coordinates":[5.64941,51.93279]}},{"type":"Feature","properties":{"CountryName":"Netherlands","Type of Animal":"Chicken"},"geometry":{"type":"Point","coordinates":[5.57852,51.92238]}},{"type":"Feature","properties":{"CountryName":"Netherlands","Type of Animal":"Chicken"},"geometry":{"type":"Point","coordinates":[5.69081,51.91437]}},{"type":"Feature","properties":{"CountryName":"Netherlands","Type of Animal":"Chicken"},"geometry":{"type":"Point","coordinates":[5.63867,51.927]}},{"type":"Feature","properties":{"CountryName":"Netherlands","Type of Animal":"Chicken"},"geometry":{"type":"Point","coordinates":[5.59802,51.91637]}},{"type":"Feature","properties":{"CountryName":"Netherlands","Type of Animal":"Chicken"},"geometry":{"type":"Point","coordinates":[5.10258,51.62947]}},{"type":"Feature","properties":{"CountryName":"Netherlands","Type of Animal":"Chicken"},"geometry":{"type":"Point","coordinates":[5.47294,51.31805]}},{"type":"Feature","properties":{"CountryName":"Netherlands","Type of Animal":"Chicken"},"geometry":{"type":"Point","coordinates":[5.426,51.29082]}},{"type":"Feature","properties":{"CountryName":"Netherlands","Type of Animal":"Pork"},"geometry":{"type":"Point","coordinates":[6.17672,53.25676]}},{"type":"Feature","properties":{"CountryName":"Netherlands","Type of Animal":"Pork"},"geometry":{"type":"Point","coordinates":[6.10606,53.1889]}},{"type":"Feature","properties":{"CountryName":"Netherlands","Type of Animal":"Chicken"},"geometry":{"type":"Point","coordinates":[6.10338,53.18739]}},{"type":"Feature","properties":{"CountryName":"Netherlands","Type of Animal":"Chicken"},"geometry":{"type":"Point","coordinates":[6.18475,53.18611]}},{"type":"Feature","properties":{"CountryName":"Netherlands","Type of Animal":"Chicken"},"geometry":{"type":"Point","coordinates":[6.11938,53.18166]}},{"type":"Feature","properties":{"CountryName":"Netherlands","Type of Animal":"Chicken"},"geometry":{"type":"Point","coordinates":[6.19903,53.21575]}},{"type":"Feature","properties":{"CountryName":"Netherlands","Type of Animal":"Chicken"},"geometry":{"type":"Point","coordinates":[6.15196,53.15239]}},{"type":"Feature","properties":{"CountryName":"Netherlands","Type of Animal":"Chicken"},"geometry":{"type":"Point","coordinates":[6.06008,52.32013]}},{"type":"Feature","properties":{"CountryName":"Netherlands","Type of Animal":"Chicken"},"geometry":{"type":"Point","coordinates":[6.06151,52.25374]}},{"type":"Feature","properties":{"CountryName":"Netherlands","Type of Animal":"Pork"},"geometry":{"type":"Point","coordinates":[6.60538,51.97044]}},{"type":"Feature","properties":{"CountryName":"Netherlands","Type of Animal":"Pork"},"geometry":{"type":"Point","coordinates":[6.64179,51.9697]}},{"type":"Feature","properties":{"CountryName":"Netherlands","Type of Animal":"Pork"},"geometry":{"type":"Point","coordinates":[6.47213,51.97909]}},{"type":"Feature","properties":{"CountryName":"Netherlands","Type of Animal":"Chicken"},"geometry":{"type":"Point","coordinates":[6.51939,51.98688]}},{"type":"Feature","properties":{"CountryName":"Netherlands","Type of Animal":"Chicken"},"geometry":{"type":"Point","coordinates":[6.68369,52.0291]}},{"type":"Feature","properties":{"CountryName":"Netherlands","Type of Animal":"Chicken"},"geometry":{"type":"Point","coordinates":[6.64135,52.04821]}},{"type":"Feature","properties":{"CountryName":"Netherlands","Type of Animal":"Pork"},"geometry":{"type":"Point","coordinates":[5.88852,51.32712]}},{"type":"Feature","properties":{"CountryName":"Netherlands","Type of Animal":"Pork"},"geometry":{"type":"Point","coordinates":[5.83442,52.85384]}},{"type":"Feature","properties":{"CountryName":"Netherlands","Type of Animal":"Chicken"},"geometry":{"type":"Point","coordinates":[5.57915,51.64656]}},{"type":"Feature","properties":{"CountryName":"Netherlands","Type of Animal":"Chicken"},"geometry":{"type":"Point","coordinates":[5.07466,51.85737]}},{"type":"Feature","properties":{"CountryName":"Netherlands","Type of Animal":"Chicken"},"geometry":{"type":"Point","coordinates":[6.39952,53.29358]}},{"type":"Feature","properties":{"CountryName":"Netherlands","Type of Animal":"Pork"},"geometry":{"type":"Point","coordinates":[5.71741,51.28105]}},{"type":"Feature","properties":{"CountryName":"Netherlands","Type of Animal":"Chicken"},"geometry":{"type":"Point","coordinates":[6.40586,53.31179]}},{"type":"Feature","properties":{"CountryName":"Netherlands","Type of Animal":"Chicken"},"geometry":{"type":"Point","coordinates":[6.34509,53.26409]}},{"type":"Feature","properties":{"CountryName":"Netherlands","Type of Animal":"Chicken"},"geometry":{"type":"Point","coordinates":[6.43582,53.26903]}},{"type":"Feature","properties":{"CountryName":"Netherlands","Type of Animal":"Chicken"},"geometry":{"type":"Point","coordinates":[6.73198,52.36695]}},{"type":"Feature","properties":{"CountryName":"Netherlands","Type of Animal":"Chicken"},"geometry":{"type":"Point","coordinates":[5.36517,51.52855]}},{"type":"Feature","properties":{"CountryName":"Netherlands","Type of Animal":"Chicken"},"geometry":{"type":"Point","coordinates":[5.40732,51.52215]}},{"type":"Feature","properties":{"CountryName":"Netherlands","Type of Animal":"Chicken"},"geometry":{"type":"Point","coordinates":[5.3555,51.51143]}},{"type":"Feature","properties":{"CountryName":"Netherlands","Type of Animal":"Chicken"},"geometry":{"type":"Point","coordinates":[5.40438,51.52492]}},{"type":"Feature","properties":{"CountryName":"Netherlands","Type of Animal":"Pork"},"geometry":{"type":"Point","coordinates":[5.40595,51.53364]}},{"type":"Feature","properties":{"CountryName":"Netherlands","Type of Animal":"Pork"},"geometry":{"type":"Point","coordinates":[5.3868,51.52844]}},{"type":"Feature","properties":{"CountryName":"Netherlands","Type of Animal":"Pork"},"geometry":{"type":"Point","coordinates":[5.39696,51.54119]}},{"type":"Feature","properties":{"CountryName":"Netherlands","Type of Animal":"Chicken"},"geometry":{"type":"Point","coordinates":[5.36433,51.52963]}},{"type":"Feature","properties":{"CountryName":"Netherlands","Type of Animal":"Pork"},"geometry":{"type":"Point","coordinates":[5.42351,51.52211]}},{"type":"Feature","properties":{"CountryName":"Netherlands","Type of Animal":"Pork"},"geometry":{"type":"Point","coordinates":[5.9599,51.30669]}},{"type":"Feature","properties":{"CountryName":"Netherlands","Type of Animal":"Chicken"},"geometry":{"type":"Point","coordinates":[6.22831,52.38336]}},{"type":"Feature","properties":{"CountryName":"Netherlands","Type of Animal":"Pork"},"geometry":{"type":"Point","coordinates":[6.2246,52.34796]}},{"type":"Feature","properties":{"CountryName":"Netherlands","Type of Animal":"Pork"},"geometry":{"type":"Point","coordinates":[6.4654,52.31577]}},{"type":"Feature","properties":{"CountryName":"Netherlands","Type of Animal":"Pork"},"geometry":{"type":"Point","coordinates":[5.95148,51.35954]}},{"type":"Feature","properties":{"CountryName":"Netherlands","Type of Animal":"Chicken"},"geometry":{"type":"Point","coordinates":[6.85997,53.02678]}},{"type":"Feature","properties":{"CountryName":"Netherlands","Type of Animal":"Chicken"},"geometry":{"type":"Point","coordinates":[5.86011,51.21164]}},{"type":"Feature","properties":{"CountryName":"Netherlands","Type of Animal":"Chicken"},"geometry":{"type":"Point","coordinates":[5.90832,51.35293]}},{"type":"Feature","properties":{"CountryName":"Netherlands","Type of Animal":"Chicken"},"geometry":{"type":"Point","coordinates":[6.28562,52.34098]}},{"type":"Feature","properties":{"CountryName":"Netherlands","Type of Animal":"Pork"},"geometry":{"type":"Point","coordinates":[6.27359,52.35817]}},{"type":"Feature","properties":{"CountryName":"Netherlands","Type of Animal":"Chicken"},"geometry":{"type":"Point","coordinates":[6.17644,52.4506]}},{"type":"Feature","properties":{"CountryName":"Netherlands","Type of Animal":"Pork"},"geometry":{"type":"Point","coordinates":[5.78669,51.61777]}},{"type":"Feature","properties":{"CountryName":"Netherlands","Type of Animal":"Pork"},"geometry":{"type":"Point","coordinates":[5.79779,51.60665]}},{"type":"Feature","properties":{"CountryName":"Netherlands","Type of Animal":"Pork"},"geometry":{"type":"Point","coordinates":[5.76562,51.62453]}},{"type":"Feature","properties":{"CountryName":"Netherlands","Type of Animal":"Pork"},"geometry":{"type":"Point","coordinates":[5.77883,51.64372]}},{"type":"Feature","properties":{"CountryName":"Netherlands","Type of Animal":"Pork"},"geometry":{"type":"Point","coordinates":[5.7859,51.63803]}},{"type":"Feature","properties":{"CountryName":"Netherlands","Type of Animal":"Pork"},"geometry":{"type":"Point","coordinates":[5.77883,51.64372]}},{"type":"Feature","properties":{"CountryName":"Netherlands","Type of Animal":"Pork"},"geometry":{"type":"Point","coordinates":[5.76331,51.63434]}},{"type":"Feature","properties":{"CountryName":"Netherlands","Type of Animal":"Pork"},"geometry":{"type":"Point","coordinates":[5.79498,51.6322]}},{"type":"Feature","properties":{"CountryName":"Netherlands","Type of Animal":"Pork"},"geometry":{"type":"Point","coordinates":[5.96097,51.3713]}},{"type":"Feature","properties":{"CountryName":"Netherlands","Type of Animal":"Chicken"},"geometry":{"type":"Point","coordinates":[5.78556,51.60053]}},{"type":"Feature","properties":{"CountryName":"Netherlands","Type of Animal":"Pork"},"geometry":{"type":"Point","coordinates":[6.34185,52.40002]}},{"type":"Feature","properties":{"CountryName":"Netherlands","Type of Animal":"Pork"},"geometry":{"type":"Point","coordinates":[6.30171,52.37311]}},{"type":"Feature","properties":{"CountryName":"Netherlands","Type of Animal":"Pork"},"geometry":{"type":"Point","coordinates":[6.3084,52.31152]}},{"type":"Feature","properties":{"CountryName":"Netherlands","Type of Animal":"Pork"},"geometry":{"type":"Point","coordinates":[5.97547,51.29515]}},{"type":"Feature","properties":{"CountryName":"Netherlands","Type of Animal":"Chicken"},"geometry":{"type":"Point","coordinates":[5.83217,51.59961]}},{"type":"Feature","properties":{"CountryName":"Netherlands","Type of Animal":"Pork"},"geometry":{"type":"Point","coordinates":[5.88761,51.61039]}},{"type":"Feature","properties":{"CountryName":"Netherlands","Type of Animal":"Chicken"},"geometry":{"type":"Point","coordinates":[5.8692,51.59269]}},{"type":"Feature","properties":{"CountryName":"Netherlands","Type of Animal":"Chicken"},"geometry":{"type":"Point","coordinates":[5.81124,51.59641]}},{"type":"Feature","properties":{"CountryName":"Netherlands","Type of Animal":"Chicken"},"geometry":{"type":"Point","coordinates":[5.82034,51.59468]}},{"type":"Feature","properties":{"CountryName":"Netherlands","Type of Animal":"Pork"},"geometry":{"type":"Point","coordinates":[5.88286,51.60464]}},{"type":"Feature","properties":{"CountryName":"Netherlands","Type of Animal":"Chicken"},"geometry":{"type":"Point","coordinates":[5.88728,51.58823]}},{"type":"Feature","properties":{"CountryName":"Netherlands","Type of Animal":"Chicken"},"geometry":{"type":"Point","coordinates":[6.24852,52.38093]}},{"type":"Feature","properties":{"CountryName":"Netherlands","Type of Animal":"Chicken"},"geometry":{"type":"Point","coordinates":[6.3311,52.42613]}},{"type":"Feature","properties":{"CountryName":"Netherlands","Type of Animal":"Pork"},"geometry":{"type":"Point","coordinates":[6.30474,52.41688]}},{"type":"Feature","properties":{"CountryName":"Netherlands","Type of Animal":"Chicken"},"geometry":{"type":"Point","coordinates":[6.31056,52.40607]}},{"type":"Feature","properties":{"CountryName":"Netherlands","Type of Animal":"Chicken"},"geometry":{"type":"Point","coordinates":[6.25591,52.3621]}},{"type":"Feature","properties":{"CountryName":"Netherlands","Type of Animal":"Chicken"},"geometry":{"type":"Point","coordinates":[6.24868,52.45563]}},{"type":"Feature","properties":{"CountryName":"Netherlands","Type of Animal":"Pork"},"geometry":{"type":"Point","coordinates":[6.29127,52.36393]}},{"type":"Feature","properties":{"CountryName":"Netherlands","Type of Animal":"Pork"},"geometry":{"type":"Point","coordinates":[6.3011,52.42647]}},{"type":"Feature","properties":{"CountryName":"Netherlands","Type of Animal":"Pork"},"geometry":{"type":"Point","coordinates":[6.26399,52.35814]}},{"type":"Feature","properties":{"CountryName":"Netherlands","Type of Animal":"Pork"},"geometry":{"type":"Point","coordinates":[5.50485,52.05935]}},{"type":"Feature","properties":{"CountryName":"Netherlands","Type of Animal":"Pork"},"geometry":{"type":"Point","coordinates":[5.55236,52.08114]}},{"type":"Feature","properties":{"CountryName":"Netherlands","Type of Animal":"Pork"},"geometry":{"type":"Point","coordinates":[5.84896,51.65293]}},{"type":"Feature","properties":{"CountryName":"Netherlands","Type of Animal":"Pork"},"geometry":{"type":"Point","coordinates":[5.86033,51.65102]}},{"type":"Feature","properties":{"CountryName":"Netherlands","Type of Animal":"Pork"},"geometry":{"type":"Point","coordinates":[5.86025,51.61542]}},{"type":"Feature","properties":{"CountryName":"Netherlands","Type of Animal":"Pork"},"geometry":{"type":"Point","coordinates":[5.92461,51.6264]}},{"type":"Feature","properties":{"CountryName":"Netherlands","Type of Animal":"Chicken"},"geometry":{"type":"Point","coordinates":[5.89062,51.63684]}},{"type":"Feature","properties":{"CountryName":"Netherlands","Type of Animal":"Chicken"},"geometry":{"type":"Point","coordinates":[5.90844,51.59264]}},{"type":"Feature","properties":{"CountryName":"Netherlands","Type of Animal":"Chicken"},"geometry":{"type":"Point","coordinates":[5.91129,51.60201]}},{"type":"Feature","properties":{"CountryName":"Netherlands","Type of Animal":"Pork"},"geometry":{"type":"Point","coordinates":[5.93263,51.60211]}},{"type":"Feature","properties":{"CountryName":"Netherlands","Type of Animal":"Chicken"},"geometry":{"type":"Point","coordinates":[5.90613,51.5921]}},{"type":"Feature","properties":{"CountryName":"Netherlands","Type of Animal":"Chicken"},"geometry":{"type":"Point","coordinates":[5.7039,51.19634]}},{"type":"Feature","properties":{"CountryName":"Netherlands","Type of Animal":"Chicken"},"geometry":{"type":"Point","coordinates":[5.718,51.20284]}},{"type":"Feature","properties":{"CountryName":"Netherlands","Type of Animal":"Chicken"},"geometry":{"type":"Point","coordinates":[5.74099,51.18761]}},{"type":"Feature","properties":{"CountryName":"Netherlands","Type of Animal":"Pork"},"geometry":{"type":"Point","coordinates":[4.80192,51.62995]}},{"type":"Feature","properties":{"CountryName":"Netherlands","Type of Animal":"Pork"},"geometry":{"type":"Point","coordinates":[5.7992,51.64177]}},{"type":"Feature","properties":{"CountryName":"Netherlands","Type of Animal":"Pork"},"geometry":{"type":"Point","coordinates":[5.85124,51.66046]}},{"type":"Feature","properties":{"CountryName":"Netherlands","Type of Animal":"Pork"},"geometry":{"type":"Point","coordinates":[5.82558,51.64199]}},{"type":"Feature","properties":{"CountryName":"Netherlands","Type of Animal":"Chicken"},"geometry":{"type":"Point","coordinates":[5.82871,51.63914]}},{"type":"Feature","properties":{"CountryName":"Netherlands","Type of Animal":"Pork"},"geometry":{"type":"Point","coordinates":[5.82277,51.64474]}},{"type":"Feature","properties":{"CountryName":"Netherlands","Type of Animal":"Chicken"},"geometry":{"type":"Point","coordinates":[5.84127,51.64523]}},{"type":"Feature","properties":{"CountryName":"Netherlands","Type of Animal":"Pork"},"geometry":{"type":"Point","coordinates":[5.84065,51.64935]}},{"type":"Feature","properties":{"CountryName":"Netherlands","Type of Animal":"Chicken"},"geometry":{"type":"Point","coordinates":[5.84331,51.67364]}},{"type":"Feature","properties":{"CountryName":"Netherlands","Type of Animal":"Pork"},"geometry":{"type":"Point","coordinates":[5.74518,51.25744]}},{"type":"Feature","properties":{"CountryName":"Netherlands","Type of Animal":"Chicken"},"geometry":{"type":"Point","coordinates":[5.72334,51.21999]}},{"type":"Feature","properties":{"CountryName":"Netherlands","Type of Animal":"Pork"},"geometry":{"type":"Point","coordinates":[5.67262,51.26819]}},{"type":"Feature","properties":{"CountryName":"Netherlands","Type of Animal":"Chicken"},"geometry":{"type":"Point","coordinates":[5.74552,51.25554]}},{"type":"Feature","properties":{"CountryName":"Netherlands","Type of Animal":"Chicken"},"geometry":{"type":"Point","coordinates":[5.68823,51.22225]}},{"type":"Feature","properties":{"CountryName":"Netherlands","Type of Animal":"Chicken"},"geometry":{"type":"Point","coordinates":[5.68994,51.21595]}},{"type":"Feature","properties":{"CountryName":"Netherlands","Type of Animal":"Pork"},"geometry":{"type":"Point","coordinates":[5.72904,51.22524]}},{"type":"Feature","properties":{"CountryName":"Netherlands","Type of Animal":"Chicken"},"geometry":{"type":"Point","coordinates":[5.77923,51.24196]}},{"type":"Feature","properties":{"CountryName":"Netherlands","Type of Animal":"Pork"},"geometry":{"type":"Point","coordinates":[5.69596,51.2745]}},{"type":"Feature","properties":{"CountryName":"Netherlands","Type of Animal":"Chicken"},"geometry":{"type":"Point","coordinates":[5.71426,51.23521]}},{"type":"Feature","properties":{"CountryName":"Netherlands","Type of Animal":"Chicken"},"geometry":{"type":"Point","coordinates":[5.68871,51.27248]}},{"type":"Feature","properties":{"CountryName":"Netherlands","Type of Animal":"Chicken"},"geometry":{"type":"Point","coordinates":[5.69075,51.21775]}},{"type":"Feature","properties":{"CountryName":"Netherlands","Type of Animal":"Chicken"},"geometry":{"type":"Point","coordinates":[5.74452,51.25334]}},{"type":"Feature","properties":{"CountryName":"Netherlands","Type of Animal":"Pork"},"geometry":{"type":"Point","coordinates":[5.76291,51.2376]}},{"type":"Feature","properties":{"CountryName":"Netherlands","Type of Animal":"Chicken"},"geometry":{"type":"Point","coordinates":[5.75576,51.24198]}},{"type":"Feature","properties":{"CountryName":"Netherlands","Type of Animal":"Chicken"},"geometry":{"type":"Point","coordinates":[5.70058,51.23818]}},{"type":"Feature","properties":{"CountryName":"Netherlands","Type of Animal":"Chicken"},"geometry":{"type":"Point","coordinates":[5.72334,51.21999]}},{"type":"Feature","properties":{"CountryName":"Netherlands","Type of Animal":"Chicken"},"geometry":{"type":"Point","coordinates":[5.88119,51.58447]}},{"type":"Feature","properties":{"CountryName":"Netherlands","Type of Animal":"Chicken"},"geometry":{"type":"Point","coordinates":[5.86668,51.57645]}},{"type":"Feature","properties":{"CountryName":"Netherlands","Type of Animal":"Chicken"},"geometry":{"type":"Point","coordinates":[5.86668,51.5657]}},{"type":"Feature","properties":{"CountryName":"Netherlands","Type of Animal":"Pork"},"geometry":{"type":"Point","coordinates":[5.8821,51.58391]}},{"type":"Feature","properties":{"CountryName":"Netherlands","Type of Animal":"Pork"},"geometry":{"type":"Point","coordinates":[6.03094,51.39946]}},{"type":"Feature","properties":{"CountryName":"Netherlands","Type of Animal":"Pork"},"geometry":{"type":"Point","coordinates":[6.39648,52.25488]}},{"type":"Feature","properties":{"CountryName":"Netherlands","Type of Animal":"Chicken"},"geometry":{"type":"Point","coordinates":[6.33842,52.29037]}},{"type":"Feature","properties":{"CountryName":"Netherlands","Type of Animal":"Pork"},"geometry":{"type":"Point","coordinates":[6.01811,51.40203]}},{"type":"Feature","properties":{"CountryName":"Netherlands","Type of Animal":"Pork"},"geometry":{"type":"Point","coordinates":[6.04814,51.42234]}},{"type":"Feature","properties":{"CountryName":"Netherlands","Type of Animal":"Chicken"},"geometry":{"type":"Point","coordinates":[6.02444,51.41574]}},{"type":"Feature","properties":{"CountryName":"Netherlands","Type of Animal":"Pork"},"geometry":{"type":"Point","coordinates":[7.09814,52.98992]}},{"type":"Feature","properties":{"CountryName":"Netherlands","Type of Animal":"Chicken"},"geometry":{"type":"Point","coordinates":[7.17077,52.97533]}},{"type":"Feature","properties":{"CountryName":"Netherlands","Type of Animal":"Chicken"},"geometry":{"type":"Point","coordinates":[7.04493,52.89672]}},{"type":"Feature","properties":{"CountryName":"Netherlands","Type of Animal":"Pork"},"geometry":{"type":"Point","coordinates":[7.08247,52.95972]}},{"type":"Feature","properties":{"CountryName":"Netherlands","Type of Animal":"Chicken"},"geometry":{"type":"Point","coordinates":[7.16797,53.02497]}},{"type":"Feature","properties":{"CountryName":"Netherlands","Type of Animal":"Chicken"},"geometry":{"type":"Point","coordinates":[4.25853,51.61717]}},{"type":"Feature","properties":{"CountryName":"Netherlands","Type of Animal":"Pork"},"geometry":{"type":"Point","coordinates":[4.29581,51.60045]}},{"type":"Feature","properties":{"CountryName":"Netherlands","Type of Animal":"Chicken"},"geometry":{"type":"Point","coordinates":[4.2003,51.61216]}},{"type":"Feature","properties":{"CountryName":"Netherlands","Type of Animal":"Pork"},"geometry":{"type":"Point","coordinates":[4.32723,51.61019]}},{"type":"Feature","properties":{"CountryName":"Netherlands","Type of Animal":"Pork"},"geometry":{"type":"Point","coordinates":[6.14104,51.45736]}},{"type":"Feature","properties":{"CountryName":"Netherlands","Type of Animal":"Pork"},"geometry":{"type":"Point","coordinates":[4.42701,51.58482]}},{"type":"Feature","properties":{"CountryName":"Netherlands","Type of Animal":"Pork"},"geometry":{"type":"Point","coordinates":[4.3827,51.57241]}},{"type":"Feature","properties":{"CountryName":"Netherlands","Type of Animal":"Pork"},"geometry":{"type":"Point","coordinates":[5.98147,51.29339]}},{"type":"Feature","properties":{"CountryName":"Netherlands","Type of Animal":"Chicken"},"geometry":{"type":"Point","coordinates":[6.01326,51.32387]}},{"type":"Feature","properties":{"CountryName":"Netherlands","Type of Animal":"Chicken"},"geometry":{"type":"Point","coordinates":[6.02249,51.32869]}},{"type":"Feature","properties":{"CountryName":"Netherlands","Type of Animal":"Pork"},"geometry":{"type":"Point","coordinates":[5.97377,51.35646]}},{"type":"Feature","properties":{"CountryName":"Netherlands","Type of Animal":"Pork"},"geometry":{"type":"Point","coordinates":[4.46647,51.50035]}},{"type":"Feature","properties":{"CountryName":"Netherlands","Type of Animal":"Pork"},"geometry":{"type":"Point","coordinates":[6.29718,51.91094]}},{"type":"Feature","properties":{"CountryName":"Netherlands","Type of Animal":"Pork"},"geometry":{"type":"Point","coordinates":[5.9542,51.32424]}},{"type":"Feature","properties":{"CountryName":"Netherlands","Type of Animal":"Pork"},"geometry":{"type":"Point","coordinates":[4.42213,51.5021]}},{"type":"Feature","properties":{"CountryName":"Netherlands","Type of Animal":"Chicken"},"geometry":{"type":"Point","coordinates":[4.42023,51.5046]}},{"type":"Feature","properties":{"CountryName":"Netherlands","Type of Animal":"Pork"},"geometry":{"type":"Point","coordinates":[4.40239,51.53036]}},{"type":"Feature","properties":{"CountryName":"Netherlands","Type of Animal":"Pork"},"geometry":{"type":"Point","coordinates":[6.00532,51.33333]}},{"type":"Feature","properties":{"CountryName":"Netherlands","Type of Animal":"Pork"},"geometry":{"type":"Point","coordinates":[5.9447,51.32624]}},{"type":"Feature","properties":{"CountryName":"Netherlands","Type of Animal":"Chicken"},"geometry":{"type":"Point","coordinates":[5.92207,51.33858]}},{"type":"Feature","properties":{"CountryName":"Netherlands","Type of Animal":"Chicken"},"geometry":{"type":"Point","coordinates":[5.93391,51.32554]}},{"type":"Feature","properties":{"CountryName":"Netherlands","Type of Animal":"Pork"},"geometry":{"type":"Point","coordinates":[5.91343,51.3259]}},{"type":"Feature","properties":{"CountryName":"Netherlands","Type of Animal":"Pork"},"geometry":{"type":"Point","coordinates":[5.91129,51.32106]}},{"type":"Feature","properties":{"CountryName":"Netherlands","Type of Animal":"Pork"},"geometry":{"type":"Point","coordinates":[5.91771,51.326]}},{"type":"Feature","properties":{"CountryName":"Netherlands","Type of Animal":"Chicken"},"geometry":{"type":"Point","coordinates":[5.91564,51.3379]}},{"type":"Feature","properties":{"CountryName":"Netherlands","Type of Animal":"Pork"},"geometry":{"type":"Point","coordinates":[5.95989,51.30668]}},{"type":"Feature","properties":{"CountryName":"Netherlands","Type of Animal":"Chicken"},"geometry":{"type":"Point","coordinates":[5.93295,51.35577]}},{"type":"Feature","properties":{"CountryName":"Netherlands","Type of Animal":"Chicken"},"geometry":{"type":"Point","coordinates":[5.21426,51.4562]}},{"type":"Feature","properties":{"CountryName":"Netherlands","Type of Animal":"Chicken"},"geometry":{"type":"Point","coordinates":[6.00828,51.33435]}},{"type":"Feature","properties":{"CountryName":"Netherlands","Type of Animal":"Chicken"},"geometry":{"type":"Point","coordinates":[5.9794,51.29096]}},{"type":"Feature","properties":{"CountryName":"Netherlands","Type of Animal":"Chicken"},"geometry":{"type":"Point","coordinates":[4.50728,51.52537]}},{"type":"Feature","properties":{"CountryName":"Netherlands","Type of Animal":"Pork"},"geometry":{"type":"Point","coordinates":[5.43304,51.8046]}},{"type":"Feature","properties":{"CountryName":"Netherlands","Type of Animal":"Pork"},"geometry":{"type":"Point","coordinates":[5.42766,51.80447]}},{"type":"Feature","properties":{"CountryName":"Netherlands","Type of Animal":"Pork"},"geometry":{"type":"Point","coordinates":[5.42949,51.78378]}},{"type":"Feature","properties":{"CountryName":"Netherlands","Type of Animal":"Pork"},"geometry":{"type":"Point","coordinates":[5.47,51.78886]}},{"type":"Feature","properties":{"CountryName":"Netherlands","Type of Animal":"Pork"},"geometry":{"type":"Point","coordinates":[5.48392,51.7874]}},{"type":"Feature","properties":{"CountryName":"Netherlands","Type of Animal":"Pork"},"geometry":{"type":"Point","coordinates":[5.4722,51.79764]}},{"type":"Feature","properties":{"CountryName":"Netherlands","Type of Animal":"Pork"},"geometry":{"type":"Point","coordinates":[5.4516,51.78997]}},{"type":"Feature","properties":{"CountryName":"Netherlands","Type of Animal":"Pork"},"geometry":{"type":"Point","coordinates":[5.45326,51.77204]}},{"type":"Feature","properties":{"CountryName":"Netherlands","Type of Animal":"Chicken"},"geometry":{"type":"Point","coordinates":[5.40507,51.78416]}},{"type":"Feature","properties":{"CountryName":"Netherlands","Type of Animal":"Chicken"},"geometry":{"type":"Point","coordinates":[5.36873,51.76602]}},{"type":"Feature","properties":{"CountryName":"Netherlands","Type of Animal":"Pork"},"geometry":{"type":"Point","coordinates":[5.4109,51.80585]}},{"type":"Feature","properties":{"CountryName":"Netherlands","Type of Animal":"Pork"},"geometry":{"type":"Point","coordinates":[5.40012,51.7863]}},{"type":"Feature","properties":{"CountryName":"Netherlands","Type of Animal":"Pork"},"geometry":{"type":"Point","coordinates":[5.37164,51.77669]}},{"type":"Feature","properties":{"CountryName":"Netherlands","Type of Animal":"Pork"},"geometry":{"type":"Point","coordinates":[5.40242,51.7909]}},{"type":"Feature","properties":{"CountryName":"Netherlands","Type of Animal":"Pork"},"geometry":{"type":"Point","coordinates":[5.38847,51.78925]}},{"type":"Feature","properties":{"CountryName":"Netherlands","Type of Animal":"Chicken"},"geometry":{"type":"Point","coordinates":[5.37681,51.76131]}},{"type":"Feature","properties":{"CountryName":"Netherlands","Type of Animal":"Chicken"},"geometry":{"type":"Point","coordinates":[5.49586,51.8228]}},{"type":"Feature","properties":{"CountryName":"Netherlands","Type of Animal":"Chicken"},"geometry":{"type":"Point","coordinates":[4.5765,51.44467]}},{"type":"Feature","properties":{"CountryName":"Netherlands","Type of Animal":"Pork"},"geometry":{"type":"Point","coordinates":[4.55534,51.47234]}},{"type":"Feature","properties":{"CountryName":"Netherlands","Type of Animal":"Chicken"},"geometry":{"type":"Point","coordinates":[4.59703,51.45311]}},{"type":"Feature","properties":{"CountryName":"Netherlands","Type of Animal":"Pork"},"geometry":{"type":"Point","coordinates":[4.56733,51.48013]}},{"type":"Feature","properties":{"CountryName":"Netherlands","Type of Animal":"Chicken"},"geometry":{"type":"Point","coordinates":[4.60239,51.45812]}},{"type":"Feature","properties":{"CountryName":"Netherlands","Type of Animal":"Pork"},"geometry":{"type":"Point","coordinates":[5.99626,51.43503]}},{"type":"Feature","properties":{"CountryName":"Netherlands","Type of Animal":"Pork"},"geometry":{"type":"Point","coordinates":[6.28888,53.07159]}},{"type":"Feature","properties":{"CountryName":"Netherlands","Type of Animal":"Chicken"},"geometry":{"type":"Point","coordinates":[6.13951,53.13066]}},{"type":"Feature","properties":{"CountryName":"Netherlands","Type of Animal":"Chicken"},"geometry":{"type":"Point","coordinates":[6.22322,53.11014]}},{"type":"Feature","properties":{"CountryName":"Netherlands","Type of Animal":"Chicken"},"geometry":{"type":"Point","coordinates":[6.09803,51.43778]}},{"type":"Feature","properties":{"CountryName":"Netherlands","Type of Animal":"Pork"},"geometry":{"type":"Point","coordinates":[6.09792,51.44443]}},{"type":"Feature","properties":{"CountryName":"Netherlands","Type of Animal":"Pork"},"geometry":{"type":"Point","coordinates":[6.10118,51.43724]}},{"type":"Feature","properties":{"CountryName":"Netherlands","Type of Animal":"Chicken"},"geometry":{"type":"Point","coordinates":[6.03575,51.4327]}},{"type":"Feature","properties":{"CountryName":"Netherlands","Type of Animal":"Chicken"},"geometry":{"type":"Point","coordinates":[5.71912,51.684]}},{"type":"Feature","properties":{"CountryName":"Netherlands","Type of Animal":"Chicken"},"geometry":{"type":"Point","coordinates":[6.08111,51.44038]}},{"type":"Feature","properties":{"CountryName":"Netherlands","Type of Animal":"Chicken"},"geometry":{"type":"Point","coordinates":[6.0431,51.47896]}},{"type":"Feature","properties":{"CountryName":"Netherlands","Type of Animal":"Pork"},"geometry":{"type":"Point","coordinates":[6.04671,51.47477]}},{"type":"Feature","properties":{"CountryName":"Netherlands","Type of Animal":"Pork"},"geometry":{"type":"Point","coordinates":[5.22578,51.45298]}},{"type":"Feature","properties":{"CountryName":"Netherlands","Type of Animal":"Chicken"},"geometry":{"type":"Point","coordinates":[6.0382,51.46717]}},{"type":"Feature","properties":{"CountryName":"Netherlands","Type of Animal":"Pork"},"geometry":{"type":"Point","coordinates":[6.01058,51.43883]}},{"type":"Feature","properties":{"CountryName":"Netherlands","Type of Animal":"Pork"},"geometry":{"type":"Point","coordinates":[6.03748,51.48026]}},{"type":"Feature","properties":{"CountryName":"Netherlands","Type of Animal":"Chicken"},"geometry":{"type":"Point","coordinates":[4.55215,51.47275]}},{"type":"Feature","properties":{"CountryName":"Netherlands","Type of Animal":"Chicken"},"geometry":{"type":"Point","coordinates":[7.04633,52.97218]}},{"type":"Feature","properties":{"CountryName":"Netherlands","Type of Animal":"Pork"},"geometry":{"type":"Point","coordinates":[6.10038,51.4654]}},{"type":"Feature","properties":{"CountryName":"Netherlands","Type of Animal":"Pork"},"geometry":{"type":"Point","coordinates":[6.11069,51.46731]}},{"type":"Feature","properties":{"CountryName":"Netherlands","Type of Animal":"Pork"},"geometry":{"type":"Point","coordinates":[6.08333,51.4797]}},{"type":"Feature","properties":{"CountryName":"Netherlands","Type of Animal":"Pork"},"geometry":{"type":"Point","coordinates":[6.09027,51.48307]}},{"type":"Feature","properties":{"CountryName":"Netherlands","Type of Animal":"Pork"},"geometry":{"type":"Point","coordinates":[6.09012,51.46077]}},{"type":"Feature","properties":{"CountryName":"Netherlands","Type of Animal":"Pork"},"geometry":{"type":"Point","coordinates":[6.11189,51.46785]}},{"type":"Feature","properties":{"CountryName":"Netherlands","Type of Animal":"Pork"},"geometry":{"type":"Point","coordinates":[5.5342,51.68326]}},{"type":"Feature","properties":{"CountryName":"Netherlands","Type of Animal":"Pork"},"geometry":{"type":"Point","coordinates":[6.00759,51.45174]}},{"type":"Feature","properties":{"CountryName":"Netherlands","Type of Animal":"Chicken"},"geometry":{"type":"Point","coordinates":[4.6788,51.50134]}},{"type":"Feature","properties":{"CountryName":"Netherlands","Type of Animal":"Chicken"},"geometry":{"type":"Point","coordinates":[6.19039,53.09469]}},{"type":"Feature","properties":{"CountryName":"Netherlands","Type of Animal":"Chicken"},"geometry":{"type":"Point","coordinates":[4.61999,51.44337]}},{"type":"Feature","properties":{"CountryName":"Netherlands","Type of Animal":"Pork"},"geometry":{"type":"Point","coordinates":[6.61422,52.3687]}},{"type":"Feature","properties":{"CountryName":"Netherlands","Type of Animal":"Pork"},"geometry":{"type":"Point","coordinates":[6.62282,51.97602]}},{"type":"Feature","properties":{"CountryName":"Netherlands","Type of Animal":"Pork"},"geometry":{"type":"Point","coordinates":[6.60139,51.98789]}},{"type":"Feature","properties":{"CountryName":"Netherlands","Type of Animal":"Chicken"},"geometry":{"type":"Point","coordinates":[5.90872,51.69969]}},{"type":"Feature","properties":{"CountryName":"Netherlands","Type of Animal":"Chicken"},"geometry":{"type":"Point","coordinates":[5.87597,51.66209]}},{"type":"Feature","properties":{"CountryName":"Netherlands","Type of Animal":"Chicken"},"geometry":{"type":"Point","coordinates":[5.87967,51.66064]}},{"type":"Feature","properties":{"CountryName":"Netherlands","Type of Animal":"Chicken"},"geometry":{"type":"Point","coordinates":[6.03589,51.56808]}},{"type":"Feature","properties":{"CountryName":"Netherlands","Type of Animal":"Pork"},"geometry":{"type":"Point","coordinates":[5.93743,51.58243]}},{"type":"Feature","properties":{"CountryName":"Netherlands","Type of Animal":"Chicken"},"geometry":{"type":"Point","coordinates":[5.87317,51.65015]}},{"type":"Feature","properties":{"CountryName":"Netherlands","Type of Animal":"Pork"},"geometry":{"type":"Point","coordinates":[5.94204,51.62793]}},{"type":"Feature","properties":{"CountryName":"Netherlands","Type of Animal":"Chicken"},"geometry":{"type":"Point","coordinates":[5.92833,51.59196]}},{"type":"Feature","properties":{"CountryName":"Netherlands","Type of Animal":"Pork"},"geometry":{"type":"Point","coordinates":[5.9249,51.59428]}},{"type":"Feature","properties":{"CountryName":"Netherlands","Type of Animal":"Pork"},"geometry":{"type":"Point","coordinates":[6.00848,51.57934]}},{"type":"Feature","properties":{"CountryName":"Netherlands","Type of Animal":"Pork"},"geometry":{"type":"Point","coordinates":[6.69675,52.01927]}},{"type":"Feature","properties":{"CountryName":"Netherlands","Type of Animal":"Pork"},"geometry":{"type":"Point","coordinates":[6.69511,52.00458]}},{"type":"Feature","properties":{"CountryName":"Netherlands","Type of Animal":"Pork"},"geometry":{"type":"Point","coordinates":[6.78273,51.94086]}},{"type":"Feature","properties":{"CountryName":"Netherlands","Type of Animal":"Chicken"},"geometry":{"type":"Point","coordinates":[6.79498,51.94369]}},{"type":"Feature","properties":{"CountryName":"Netherlands","Type of Animal":"Pork"},"geometry":{"type":"Point","coordinates":[6.77522,52.00654]}},{"type":"Feature","properties":{"CountryName":"Netherlands","Type of Animal":"Chicken"},"geometry":{"type":"Point","coordinates":[6.68391,51.99449]}},{"type":"Feature","properties":{"CountryName":"Netherlands","Type of Animal":"Chicken"},"geometry":{"type":"Point","coordinates":[5.47457,51.59543]}},{"type":"Feature","properties":{"CountryName":"Netherlands","Type of Animal":"Chicken"},"geometry":{"type":"Point","coordinates":[5.46376,51.57278]}},{"type":"Feature","properties":{"CountryName":"Netherlands","Type of Animal":"Chicken"},"geometry":{"type":"Point","coordinates":[5.51142,51.56752]}},{"type":"Feature","properties":{"CountryName":"Netherlands","Type of Animal":"Pork"},"geometry":{"type":"Point","coordinates":[5.51346,51.56704]}},{"type":"Feature","properties":{"CountryName":"Netherlands","Type of Animal":"Chicken"},"geometry":{"type":"Point","coordinates":[5.48773,51.56862]}},{"type":"Feature","properties":{"CountryName":"Netherlands","Type of Animal":"Pork"},"geometry":{"type":"Point","coordinates":[5.53735,51.56375]}},{"type":"Feature","properties":{"CountryName":"Netherlands","Type of Animal":"Pork"},"geometry":{"type":"Point","coordinates":[5.53828,51.56512]}},{"type":"Feature","properties":{"CountryName":"Netherlands","Type of Animal":"Pork"},"geometry":{"type":"Point","coordinates":[6.1189,51.96649]}},{"type":"Feature","properties":{"CountryName":"Netherlands","Type of Animal":"Pork"},"geometry":{"type":"Point","coordinates":[6.11998,51.97044]}},{"type":"Feature","properties":{"CountryName":"Netherlands","Type of Animal":"Chicken"},"geometry":{"type":"Point","coordinates":[6.0952,53.14419]}},{"type":"Feature","properties":{"CountryName":"Netherlands","Type of Animal":"Pork"},"geometry":{"type":"Point","coordinates":[5.89486,51.64757]}},{"type":"Feature","properties":{"CountryName":"Netherlands","Type of Animal":"Pork"},"geometry":{"type":"Point","coordinates":[5.23795,51.50695]}},{"type":"Feature","properties":{"CountryName":"Netherlands","Type of Animal":"Pork"},"geometry":{"type":"Point","coordinates":[4.7847,51.50398]}},{"type":"Feature","properties":{"CountryName":"Netherlands","Type of Animal":"Pork"},"geometry":{"type":"Point","coordinates":[5.52137,51.70856]}},{"type":"Feature","properties":{"CountryName":"Netherlands","Type of Animal":"Chicken"},"geometry":{"type":"Point","coordinates":[6.32225,52.03178]}},{"type":"Feature","properties":{"CountryName":"Netherlands","Type of Animal":"Pork"},"geometry":{"type":"Point","coordinates":[7.03763,52.86427]}},{"type":"Feature","properties":{"CountryName":"Netherlands","Type of Animal":"Chicken"},"geometry":{"type":"Point","coordinates":[5.53839,51.69935]}},{"type":"Feature","properties":{"CountryName":"Netherlands","Type of Animal":"Chicken"},"geometry":{"type":"Point","coordinates":[6.84304,53.21515]}},{"type":"Feature","properties":{"CountryName":"Netherlands","Type of Animal":"Chicken"},"geometry":{"type":"Point","coordinates":[5.1508,51.78216]}},{"type":"Feature","properties":{"CountryName":"Netherlands","Type of Animal":"Pork"},"geometry":{"type":"Point","coordinates":[6.74285,52.35259]}},{"type":"Feature","properties":{"CountryName":"Netherlands","Type of Animal":"Chicken"},"geometry":{"type":"Point","coordinates":[4.97817,51.51442]}},{"type":"Feature","properties":{"CountryName":"Netherlands","Type of Animal":"Chicken"},"geometry":{"type":"Point","coordinates":[5.86524,51.23625]}},{"type":"Feature","properties":{"CountryName":"Netherlands","Type of Animal":"Chicken"},"geometry":{"type":"Point","coordinates":[5.86434,51.23395]}},{"type":"Feature","properties":{"CountryName":"Netherlands","Type of Animal":"Pork"},"geometry":{"type":"Point","coordinates":[5.87875,51.23209]}},{"type":"Feature","properties":{"CountryName":"Netherlands","Type of Animal":"Pork"},"geometry":{"type":"Point","coordinates":[5.88103,51.23888]}},{"type":"Feature","properties":{"CountryName":"Netherlands","Type of Animal":"Pork"},"geometry":{"type":"Point","coordinates":[5.39556,51.5405]}},{"type":"Feature","properties":{"CountryName":"Netherlands","Type of Animal":"Pork"},"geometry":{"type":"Point","coordinates":[5.93685,51.68007]}},{"type":"Feature","properties":{"CountryName":"Netherlands","Type of Animal":"Chicken"},"geometry":{"type":"Point","coordinates":[4.75432,52.10334]}},{"type":"Feature","properties":{"CountryName":"Netherlands","Type of Animal":"Chicken"},"geometry":{"type":"Point","coordinates":[5.24699,51.78449]}},{"type":"Feature","properties":{"CountryName":"Netherlands","Type of Animal":"Pork"},"geometry":{"type":"Point","coordinates":[5.22777,51.79454]}},{"type":"Feature","properties":{"CountryName":"Netherlands","Type of Animal":"Pork"},"geometry":{"type":"Point","coordinates":[4.87729,51.49935]}},{"type":"Feature","properties":{"CountryName":"Netherlands","Type of Animal":"Pork"},"geometry":{"type":"Point","coordinates":[5.1643,51.34399]}},{"type":"Feature","properties":{"CountryName":"Netherlands","Type of Animal":"Chicken"},"geometry":{"type":"Point","coordinates":[6.01668,53.15259]}},{"type":"Feature","properties":{"CountryName":"Netherlands","Type of Animal":"Chicken"},"geometry":{"type":"Point","coordinates":[6.28864,53.20567]}},{"type":"Feature","properties":{"CountryName":"Netherlands","Type of Animal":"Chicken"},"geometry":{"type":"Point","coordinates":[6.1457,51.95935]}},{"type":"Feature","properties":{"CountryName":"Netherlands","Type of Animal":"Chicken"},"geometry":{"type":"Point","coordinates":[6.12028,51.93623]}},{"type":"Feature","properties":{"CountryName":"Netherlands","Type of Animal":"Chicken"},"geometry":{"type":"Point","coordinates":[5.20806,51.46858]}},{"type":"Feature","properties":{"CountryName":"Netherlands","Type of Animal":"Pork"},"geometry":{"type":"Point","coordinates":[4.98627,51.62662]}},{"type":"Feature","properties":{"CountryName":"Netherlands","Type of Animal":"Pork"},"geometry":{"type":"Point","coordinates":[5.69509,52.91401]}},{"type":"Feature","properties":{"CountryName":"Netherlands","Type of Animal":"Pork"},"geometry":{"type":"Point","coordinates":[5.07018,51.72807]}},{"type":"Feature","properties":{"CountryName":"Netherlands","Type of Animal":"Chicken"},"geometry":{"type":"Point","coordinates":[7.0509,52.95001]}},{"type":"Feature","properties":{"CountryName":"Netherlands","Type of Animal":"Pork"},"geometry":{"type":"Point","coordinates":[5.64238,51.60232]}},{"type":"Feature","properties":{"CountryName":"Netherlands","Type of Animal":"Pork"},"geometry":{"type":"Point","coordinates":[5.13259,51.44959]}},{"type":"Feature","properties":{"CountryName":"Netherlands","Type of Animal":"Chicken"},"geometry":{"type":"Point","coordinates":[6.4442,52.77797]}},{"type":"Feature","properties":{"CountryName":"Netherlands","Type of Animal":"Chicken"},"geometry":{"type":"Point","coordinates":[6.44419,52.77797]}},{"type":"Feature","properties":{"CountryName":"Netherlands","Type of Animal":"Chicken"},"geometry":{"type":"Point","coordinates":[6.32903,52.99232]}},{"type":"Feature","properties":{"CountryName":"Netherlands","Type of Animal":"Pork"},"geometry":{"type":"Point","coordinates":[5.54514,51.5019]}},{"type":"Feature","properties":{"CountryName":"Netherlands","Type of Animal":"Chicken"},"geometry":{"type":"Point","coordinates":[5.85151,51.2106]}},{"type":"Feature","properties":{"CountryName":"Netherlands","Type of Animal":"Pork"},"geometry":{"type":"Point","coordinates":[5.23271,51.50172]}},{"type":"Feature","properties":{"CountryName":"Netherlands","Type of Animal":"Chicken"},"geometry":{"type":"Point","coordinates":[6.31509,53.03854]}},{"type":"Feature","properties":{"CountryName":"Netherlands","Type of Animal":"Chicken"},"geometry":{"type":"Point","coordinates":[5.87242,51.25097]}},{"type":"Feature","properties":{"CountryName":"Netherlands","Type of Animal":"Chicken"},"geometry":{"type":"Point","coordinates":[5.90692,51.2504]}},{"type":"Feature","properties":{"CountryName":"Netherlands","Type of Animal":"Pork"},"geometry":{"type":"Point","coordinates":[5.85932,51.27541]}},{"type":"Feature","properties":{"CountryName":"Netherlands","Type of Animal":"Chicken"},"geometry":{"type":"Point","coordinates":[5.90631,51.24616]}},{"type":"Feature","properties":{"CountryName":"Netherlands","Type of Animal":"Pork"},"geometry":{"type":"Point","coordinates":[5.89364,51.26418]}},{"type":"Feature","properties":{"CountryName":"Netherlands","Type of Animal":"Chicken"},"geometry":{"type":"Point","coordinates":[5.87786,51.251]}},{"type":"Feature","properties":{"CountryName":"Netherlands","Type of Animal":"Chicken"},"geometry":{"type":"Point","coordinates":[5.87621,51.26789]}},{"type":"Feature","properties":{"CountryName":"Netherlands","Type of Animal":"Pork"},"geometry":{"type":"Point","coordinates":[5.1045,51.48796]}},{"type":"Feature","properties":{"CountryName":"Netherlands","Type of Animal":"Pork"},"geometry":{"type":"Point","coordinates":[5.10797,51.48122]}},{"type":"Feature","properties":{"CountryName":"Netherlands","Type of Animal":"Pork"},"geometry":{"type":"Point","coordinates":[5.1158,51.50263]}},{"type":"Feature","properties":{"CountryName":"Netherlands","Type of Animal":"Pork"},"geometry":{"type":"Point","coordinates":[5.10112,51.53118]}},{"type":"Feature","properties":{"CountryName":"Netherlands","Type of Animal":"Chicken"},"geometry":{"type":"Point","coordinates":[6.19075,53.021]}},{"type":"Feature","properties":{"CountryName":"Netherlands","Type of Animal":"Chicken"},"geometry":{"type":"Point","coordinates":[6.19399,53.01417]}},{"type":"Feature","properties":{"CountryName":"Netherlands","Type of Animal":"Chicken"},"geometry":{"type":"Point","coordinates":[4.38403,51.45063]}},{"type":"Feature","properties":{"CountryName":"Netherlands","Type of Animal":"Chicken"},"geometry":{"type":"Point","coordinates":[5.8084,51.23177]}},{"type":"Feature","properties":{"CountryName":"Netherlands","Type of Animal":"Pork"},"geometry":{"type":"Point","coordinates":[5.85066,51.22479]}},{"type":"Feature","properties":{"CountryName":"Netherlands","Type of Animal":"Chicken"},"geometry":{"type":"Point","coordinates":[5.83861,51.22883]}},{"type":"Feature","properties":{"CountryName":"Netherlands","Type of Animal":"Chicken"},"geometry":{"type":"Point","coordinates":[5.83947,51.2054]}},{"type":"Feature","properties":{"CountryName":"Netherlands","Type of Animal":"Chicken"},"geometry":{"type":"Point","coordinates":[5.84154,51.20354]}},{"type":"Feature","properties":{"CountryName":"Netherlands","Type of Animal":"Chicken"},"geometry":{"type":"Point","coordinates":[5.82948,51.23173]}},{"type":"Feature","properties":{"CountryName":"Netherlands","Type of Animal":"Pork"},"geometry":{"type":"Point","coordinates":[5.84375,51.20569]}},{"type":"Feature","properties":{"CountryName":"Netherlands","Type of Animal":"Chicken"},"geometry":{"type":"Point","coordinates":[5.8409,51.21354]}},{"type":"Feature","properties":{"CountryName":"Netherlands","Type of Animal":"Chicken"},"geometry":{"type":"Point","coordinates":[6.47343,52.67207]}},{"type":"Feature","properties":{"CountryName":"Netherlands","Type of Animal":"Chicken"},"geometry":{"type":"Point","coordinates":[6.50509,52.66063]}},{"type":"Feature","properties":{"CountryName":"Netherlands","Type of Animal":"Chicken"},"geometry":{"type":"Point","coordinates":[6.28872,52.7025]}},{"type":"Feature","properties":{"CountryName":"Netherlands","Type of Animal":"Chicken"},"geometry":{"type":"Point","coordinates":[4.78818,51.65595]}},{"type":"Feature","properties":{"CountryName":"Netherlands","Type of Animal":"Pork"},"geometry":{"type":"Point","coordinates":[4.39516,51.55707]}},{"type":"Feature","properties":{"CountryName":"Netherlands","Type of Animal":"Chicken"},"geometry":{"type":"Point","coordinates":[6.4502,52.63375]}},{"type":"Feature","properties":{"CountryName":"Netherlands","Type of Animal":"Chicken"},"geometry":{"type":"Point","coordinates":[6.47222,52.64715]}},{"type":"Feature","properties":{"CountryName":"Netherlands","Type of Animal":"Chicken"},"geometry":{"type":"Point","coordinates":[6.39437,51.99976]}},{"type":"Feature","properties":{"CountryName":"Netherlands","Type of Animal":"Chicken"},"geometry":{"type":"Point","coordinates":[6.89599,53.24578]}},{"type":"Feature","properties":{"CountryName":"Netherlands","Type of Animal":"Chicken"},"geometry":{"type":"Point","coordinates":[6.02421,51.57926]}},{"type":"Feature","properties":{"CountryName":"Netherlands","Type of Animal":"Chicken"},"geometry":{"type":"Point","coordinates":[7.0048,52.94887]}},{"type":"Feature","properties":{"CountryName":"Netherlands","Type of Animal":"Chicken"},"geometry":{"type":"Point","coordinates":[6.04331,53.35867]}},{"type":"Feature","properties":{"CountryName":"Netherlands","Type of Animal":"Chicken"},"geometry":{"type":"Point","coordinates":[5.62147,51.5959]}},{"type":"Feature","properties":{"CountryName":"Netherlands","Type of Animal":"Chicken"},"geometry":{"type":"Point","coordinates":[6.05665,53.36322]}},{"type":"Feature","properties":{"CountryName":"Netherlands","Type of Animal":"Chicken"},"geometry":{"type":"Point","coordinates":[5.97872,53.34905]}},{"type":"Feature","properties":{"CountryName":"Netherlands","Type of Animal":"Chicken"},"geometry":{"type":"Point","coordinates":[6.05335,52.76134]}},{"type":"Feature","properties":{"CountryName":"Netherlands","Type of Animal":"Chicken"},"geometry":{"type":"Point","coordinates":[6.19506,52.96667]}},{"type":"Feature","properties":{"CountryName":"Netherlands","Type of Animal":"Pork"},"geometry":{"type":"Point","coordinates":[5.55642,51.49991]}},{"type":"Feature","properties":{"CountryName":"Netherlands","Type of Animal":"Pork"},"geometry":{"type":"Point","coordinates":[5.52188,51.46844]}},{"type":"Feature","properties":{"CountryName":"Netherlands","Type of Animal":"Chicken"},"geometry":{"type":"Point","coordinates":[5.52513,51.49118]}},{"type":"Feature","properties":{"CountryName":"Netherlands","Type of Animal":"Pork"},"geometry":{"type":"Point","coordinates":[5.54451,51.51601]}},{"type":"Feature","properties":{"CountryName":"Netherlands","Type of Animal":"Chicken"},"geometry":{"type":"Point","coordinates":[5.90169,53.35544]}},{"type":"Feature","properties":{"CountryName":"Netherlands","Type of Animal":"Chicken"},"geometry":{"type":"Point","coordinates":[5.94304,51.69587]}},{"type":"Feature","properties":{"CountryName":"Netherlands","Type of Animal":"Chicken"},"geometry":{"type":"Point","coordinates":[5.90744,51.69295]}},{"type":"Feature","properties":{"CountryName":"Netherlands","Type of Animal":"Pork"},"geometry":{"type":"Point","coordinates":[5.31707,51.51695]}},{"type":"Feature","properties":{"CountryName":"Netherlands","Type of Animal":"Chicken"},"geometry":{"type":"Point","coordinates":[5.97192,53.14853]}},{"type":"Feature","properties":{"CountryName":"Netherlands","Type of Animal":"Chicken"},"geometry":{"type":"Point","coordinates":[6.32383,53.00928]}},{"type":"Feature","properties":{"CountryName":"Netherlands","Type of Animal":"Chicken"},"geometry":{"type":"Point","coordinates":[6.2956,53.01249]}},{"type":"Feature","properties":{"CountryName":"Netherlands","Type of Animal":"Pork"},"geometry":{"type":"Point","coordinates":[5.51062,51.65814]}},{"type":"Feature","properties":{"CountryName":"Netherlands","Type of Animal":"Chicken"},"geometry":{"type":"Point","coordinates":[4.28275,51.41549]}},{"type":"Feature","properties":{"CountryName":"Netherlands","Type of Animal":"Pork"},"geometry":{"type":"Point","coordinates":[4.2882,51.39209]}},{"type":"Feature","properties":{"CountryName":"Netherlands","Type of Animal":"Pork"},"geometry":{"type":"Point","coordinates":[4.28109,51.38321]}},{"type":"Feature","properties":{"CountryName":"Netherlands","Type of Animal":"Pork"},"geometry":{"type":"Point","coordinates":[4.16727,51.58557]}},{"type":"Feature","properties":{"CountryName":"Netherlands","Type of Animal":"Chicken"},"geometry":{"type":"Point","coordinates":[6.07981,52.9699]}},{"type":"Feature","properties":{"CountryName":"Netherlands","Type of Animal":"Pork"},"geometry":{"type":"Point","coordinates":[5.92409,51.57716]}},{"type":"Feature","properties":{"CountryName":"Netherlands","Type of Animal":"Pork"},"geometry":{"type":"Point","coordinates":[4.13255,51.58694]}},{"type":"Feature","properties":{"CountryName":"Netherlands","Type of Animal":"Chicken"},"geometry":{"type":"Point","coordinates":[5.58274,52.23566]}},{"type":"Feature","properties":{"CountryName":"Netherlands","Type of Animal":"Chicken"},"geometry":{"type":"Point","coordinates":[5.58087,52.25348]}},{"type":"Feature","properties":{"CountryName":"Netherlands","Type of Animal":"Chicken"},"geometry":{"type":"Point","coordinates":[5.58552,52.23014]}},{"type":"Feature","properties":{"CountryName":"Netherlands","Type of Animal":"Pork"},"geometry":{"type":"Point","coordinates":[5.56014,52.24435]}},{"type":"Feature","properties":{"CountryName":"Netherlands","Type of Animal":"Chicken"},"geometry":{"type":"Point","coordinates":[5.59017,52.23526]}},{"type":"Feature","properties":{"CountryName":"Netherlands","Type of Animal":"Chicken"},"geometry":{"type":"Point","coordinates":[5.54373,52.24716]}},{"type":"Feature","properties":{"CountryName":"Netherlands","Type of Animal":"Chicken"},"geometry":{"type":"Point","coordinates":[5.49634,52.24299]}},{"type":"Feature","properties":{"CountryName":"Netherlands","Type of Animal":"Chicken"},"geometry":{"type":"Point","coordinates":[5.51288,52.06736]}},{"type":"Feature","properties":{"CountryName":"Netherlands","Type of Animal":"Pork"},"geometry":{"type":"Point","coordinates":[5.17031,51.32799]}},{"type":"Feature","properties":{"CountryName":"Netherlands","Type of Animal":"Pork"},"geometry":{"type":"Point","coordinates":[5.14244,51.37271]}},{"type":"Feature","properties":{"CountryName":"Netherlands","Type of Animal":"Pork"},"geometry":{"type":"Point","coordinates":[5.17031,51.32799]}},{"type":"Feature","properties":{"CountryName":"Netherlands","Type of Animal":"Pork"},"geometry":{"type":"Point","coordinates":[5.16844,51.33327]}},{"type":"Feature","properties":{"CountryName":"Netherlands","Type of Animal":"Pork"},"geometry":{"type":"Point","coordinates":[5.16774,51.33551]}},{"type":"Feature","properties":{"CountryName":"Netherlands","Type of Animal":"Chicken"},"geometry":{"type":"Point","coordinates":[5.98143,53.16585]}},{"type":"Feature","properties":{"CountryName":"Netherlands","Type of Animal":"Pork"},"geometry":{"type":"Point","coordinates":[5.87225,51.67251]}},{"type":"Feature","properties":{"CountryName":"Netherlands","Type of Animal":"Pork"},"geometry":{"type":"Point","coordinates":[5.88538,51.66659]}},{"type":"Feature","properties":{"CountryName":"Netherlands","Type of Animal":"Chicken"},"geometry":{"type":"Point","coordinates":[5.90513,51.65399]}},{"type":"Feature","properties":{"CountryName":"Netherlands","Type of Animal":"Chicken"},"geometry":{"type":"Point","coordinates":[5.84157,53.34656]}},{"type":"Feature","properties":{"CountryName":"Netherlands","Type of Animal":"Chicken"},"geometry":{"type":"Point","coordinates":[6.84293,53.24331]}},{"type":"Feature","properties":{"CountryName":"Netherlands","Type of Animal":"Chicken"},"geometry":{"type":"Point","coordinates":[6.25279,52.70908]}},{"type":"Feature","properties":{"CountryName":"Netherlands","Type of Animal":"Chicken"},"geometry":{"type":"Point","coordinates":[5.22294,51.98248]}},{"type":"Feature","properties":{"CountryName":"Netherlands","Type of Animal":"Chicken"},"geometry":{"type":"Point","coordinates":[5.50185,51.573]}},{"type":"Feature","properties":{"CountryName":"Netherlands","Type of Animal":"Pork"},"geometry":{"type":"Point","coordinates":[5.52086,51.55771]}},{"type":"Feature","properties":{"CountryName":"Netherlands","Type of Animal":"Chicken"},"geometry":{"type":"Point","coordinates":[5.4302,51.56875]}},{"type":"Feature","properties":{"CountryName":"Netherlands","Type of Animal":"Pork"},"geometry":{"type":"Point","coordinates":[4.91632,51.64214]}},{"type":"Feature","properties":{"CountryName":"Netherlands","Type of Animal":"Chicken"},"geometry":{"type":"Point","coordinates":[5.46896,51.56401]}},{"type":"Feature","properties":{"CountryName":"Netherlands","Type of Animal":"Chicken"},"geometry":{"type":"Point","coordinates":[5.5173,51.55776]}},{"type":"Feature","properties":{"CountryName":"Netherlands","Type of Animal":"Chicken"},"geometry":{"type":"Point","coordinates":[5.51531,51.57803]}},{"type":"Feature","properties":{"CountryName":"Netherlands","Type of Animal":"Chicken"},"geometry":{"type":"Point","coordinates":[5.49776,51.57664]}},{"type":"Feature","properties":{"CountryName":"Netherlands","Type of Animal":"Pork"},"geometry":{"type":"Point","coordinates":[5.45392,51.59434]}},{"type":"Feature","properties":{"CountryName":"Netherlands","Type of Animal":"Chicken"},"geometry":{"type":"Point","coordinates":[5.52107,51.52995]}},{"type":"Feature","properties":{"CountryName":"Netherlands","Type of Animal":"Pork"},"geometry":{"type":"Point","coordinates":[5.52816,51.57276]}},{"type":"Feature","properties":{"CountryName":"Netherlands","Type of Animal":"Pork"},"geometry":{"type":"Point","coordinates":[5.41337,51.54207]}},{"type":"Feature","properties":{"CountryName":"Netherlands","Type of Animal":"Pork"},"geometry":{"type":"Point","coordinates":[5.67596,51.35292]}},{"type":"Feature","properties":{"CountryName":"Netherlands","Type of Animal":"Pork"},"geometry":{"type":"Point","coordinates":[5.47679,51.53916]}},{"type":"Feature","properties":{"CountryName":"Netherlands","Type of Animal":"Pork"},"geometry":{"type":"Point","coordinates":[4.36983,51.57885]}},{"type":"Feature","properties":{"CountryName":"Netherlands","Type of Animal":"Chicken"},"geometry":{"type":"Point","coordinates":[6.90555,53.13747]}},{"type":"Feature","properties":{"CountryName":"Netherlands","Type of Animal":"Chicken"},"geometry":{"type":"Point","coordinates":[5.21209,52.00256]}},{"type":"Feature","properties":{"CountryName":"Netherlands","Type of Animal":"Chicken"},"geometry":{"type":"Point","coordinates":[5.8639,52.42124]}},{"type":"Feature","properties":{"CountryName":"Netherlands","Type of Animal":"Chicken"},"geometry":{"type":"Point","coordinates":[6.97676,53.30516]}},{"type":"Feature","properties":{"CountryName":"Netherlands","Type of Animal":"Chicken"},"geometry":{"type":"Point","coordinates":[5.03568,52.25036]}},{"type":"Feature","properties":{"CountryName":"Netherlands","Type of Animal":"Pork"},"geometry":{"type":"Point","coordinates":[5.99162,51.59269]}},{"type":"Feature","properties":{"CountryName":"Netherlands","Type of Animal":"Pork"},"geometry":{"type":"Point","coordinates":[5.95198,51.61771]}},{"type":"Feature","properties":{"CountryName":"Netherlands","Type of Animal":"Pork"},"geometry":{"type":"Point","coordinates":[5.82689,51.67028]}},{"type":"Feature","properties":{"CountryName":"Netherlands","Type of Animal":"Chicken"},"geometry":{"type":"Point","coordinates":[3.77687,51.32502]}},{"type":"Feature","properties":{"CountryName":"Netherlands","Type of Animal":"Pork"},"geometry":{"type":"Point","coordinates":[6.67219,51.9336]}},{"type":"Feature","properties":{"CountryName":"Netherlands","Type of Animal":"Pork"},"geometry":{"type":"Point","coordinates":[6.28399,51.92769]}},{"type":"Feature","properties":{"CountryName":"Netherlands","Type of Animal":"Pork"},"geometry":{"type":"Point","coordinates":[4.27748,51.42504]}},{"type":"Feature","properties":{"CountryName":"Netherlands","Type of Animal":"Chicken"},"geometry":{"type":"Point","coordinates":[6.40345,52.66656]}},{"type":"Feature","properties":{"CountryName":"Netherlands","Type of Animal":"Chicken"},"geometry":{"type":"Point","coordinates":[6.42347,52.69033]}},{"type":"Feature","properties":{"CountryName":"Netherlands","Type of Animal":"Chicken"},"geometry":{"type":"Point","coordinates":[6.41428,52.6207]}},{"type":"Feature","properties":{"CountryName":"Netherlands","Type of Animal":"Chicken"},"geometry":{"type":"Point","coordinates":[6.41306,52.6213]}},{"type":"Feature","properties":{"CountryName":"Netherlands","Type of Animal":"Chicken"},"geometry":{"type":"Point","coordinates":[6.45206,52.65964]}},{"type":"Feature","properties":{"CountryName":"Netherlands","Type of Animal":"Chicken"},"geometry":{"type":"Point","coordinates":[6.41528,52.63049]}},{"type":"Feature","properties":{"CountryName":"Netherlands","Type of Animal":"Chicken"},"geometry":{"type":"Point","coordinates":[6.2843,52.01238]}},{"type":"Feature","properties":{"CountryName":"Netherlands","Type of Animal":"Chicken"},"geometry":{"type":"Point","coordinates":[5.86386,53.33244]}},{"type":"Feature","properties":{"CountryName":"Netherlands","Type of Animal":"Chicken"},"geometry":{"type":"Point","coordinates":[6.90506,53.24416]}},{"type":"Feature","properties":{"CountryName":"Netherlands","Type of Animal":"Chicken"},"geometry":{"type":"Point","coordinates":[5.58323,51.70798]}},{"type":"Feature","properties":{"CountryName":"Netherlands","Type of Animal":"Pork"},"geometry":{"type":"Point","coordinates":[4.94484,51.65019]}},{"type":"Feature","properties":{"CountryName":"Netherlands","Type of Animal":"Pork"},"geometry":{"type":"Point","coordinates":[5.74726,53.28792]}},{"type":"Feature","properties":{"CountryName":"Netherlands","Type of Animal":"Chicken"},"geometry":{"type":"Point","coordinates":[6.63455,52.60807]}},{"type":"Feature","properties":{"CountryName":"Netherlands","Type of Animal":"Chicken"},"geometry":{"type":"Point","coordinates":[6.6343,52.62606]}},{"type":"Feature","properties":{"CountryName":"Netherlands","Type of Animal":"Chicken"},"geometry":{"type":"Point","coordinates":[6.63743,52.61459]}},{"type":"Feature","properties":{"CountryName":"Netherlands","Type of Animal":"Chicken"},"geometry":{"type":"Point","coordinates":[6.64933,52.59832]}},{"type":"Feature","properties":{"CountryName":"Netherlands","Type of Animal":"Pork"},"geometry":{"type":"Point","coordinates":[6.43393,52.56068]}},{"type":"Feature","properties":{"CountryName":"Netherlands","Type of Animal":"Pork"},"geometry":{"type":"Point","coordinates":[6.36717,52.59515]}},{"type":"Feature","properties":{"CountryName":"Netherlands","Type of Animal":"Chicken"},"geometry":{"type":"Point","coordinates":[6.42652,52.60722]}},{"type":"Feature","properties":{"CountryName":"Netherlands","Type of Animal":"Pork"},"geometry":{"type":"Point","coordinates":[6.36717,52.59515]}},{"type":"Feature","properties":{"CountryName":"Netherlands","Type of Animal":"Pork"},"geometry":{"type":"Point","coordinates":[6.55446,52.49314]}},{"type":"Feature","properties":{"CountryName":"Netherlands","Type of Animal":"Pork"},"geometry":{"type":"Point","coordinates":[6.57882,52.48394]}},{"type":"Feature","properties":{"CountryName":"Netherlands","Type of Animal":"Pork"},"geometry":{"type":"Point","coordinates":[5.01215,52.02408]}},{"type":"Feature","properties":{"CountryName":"Netherlands","Type of Animal":"Pork"},"geometry":{"type":"Point","coordinates":[6.58446,52.52656]}},{"type":"Feature","properties":{"CountryName":"Netherlands","Type of Animal":"Chicken"},"geometry":{"type":"Point","coordinates":[6.60099,52.5267]}},{"type":"Feature","properties":{"CountryName":"Netherlands","Type of Animal":"Pork"},"geometry":{"type":"Point","coordinates":[6.59323,52.52168]}},{"type":"Feature","properties":{"CountryName":"Netherlands","Type of Animal":"Chicken"},"geometry":{"type":"Point","coordinates":[6.6421,52.5194]}},{"type":"Feature","properties":{"CountryName":"Netherlands","Type of Animal":"Chicken"},"geometry":{"type":"Point","coordinates":[6.58063,52.51809]}},{"type":"Feature","properties":{"CountryName":"Netherlands","Type of Animal":"Chicken"},"geometry":{"type":"Point","coordinates":[6.60684,52.50743]}},{"type":"Feature","properties":{"CountryName":"Netherlands","Type of Animal":"Pork"},"geometry":{"type":"Point","coordinates":[6.61293,52.31435]}},{"type":"Feature","properties":{"CountryName":"Netherlands","Type of Animal":"Chicken"},"geometry":{"type":"Point","coordinates":[5.78853,51.8644]}},{"type":"Feature","properties":{"CountryName":"Netherlands","Type of Animal":"Chicken"},"geometry":{"type":"Point","coordinates":[6.64257,52.30096]}},{"type":"Feature","properties":{"CountryName":"Netherlands","Type of Animal":"Chicken"},"geometry":{"type":"Point","coordinates":[6.60936,52.31408]}},{"type":"Feature","properties":{"CountryName":"Netherlands","Type of Animal":"Pork"},"geometry":{"type":"Point","coordinates":[5.5113,52.0628]}},{"type":"Feature","properties":{"CountryName":"Netherlands","Type of Animal":"Pork"},"geometry":{"type":"Point","coordinates":[5.2104,51.79134]}},{"type":"Feature","properties":{"CountryName":"Netherlands","Type of Animal":"Chicken"},"geometry":{"type":"Point","coordinates":[5.25391,51.79093]}},{"type":"Feature","properties":{"CountryName":"Netherlands","Type of Animal":"Chicken"},"geometry":{"type":"Point","coordinates":[5.25606,51.78225]}},{"type":"Feature","properties":{"CountryName":"Netherlands","Type of Animal":"Pork"},"geometry":{"type":"Point","coordinates":[6.66507,52.54518]}},{"type":"Feature","properties":{"CountryName":"Netherlands","Type of Animal":"Pork"},"geometry":{"type":"Point","coordinates":[6.64965,52.533]}},{"type":"Feature","properties":{"CountryName":"Netherlands","Type of Animal":"Chicken"},"geometry":{"type":"Point","coordinates":[6.61511,52.59166]}},{"type":"Feature","properties":{"CountryName":"Netherlands","Type of Animal":"Chicken"},"geometry":{"type":"Point","coordinates":[6.5915,52.5888]}},{"type":"Feature","properties":{"CountryName":"Netherlands","Type of Animal":"Pork"},"geometry":{"type":"Point","coordinates":[6.3431,52.46139]}},{"type":"Feature","properties":{"CountryName":"Netherlands","Type of Animal":"Pork"},"geometry":{"type":"Point","coordinates":[4.25633,51.61787]}},{"type":"Feature","properties":{"CountryName":"Netherlands","Type of Animal":"Pork"},"geometry":{"type":"Point","coordinates":[6.46316,52.57536]}},{"type":"Feature","properties":{"CountryName":"Netherlands","Type of Animal":"Pork"},"geometry":{"type":"Point","coordinates":[6.45484,52.57534]}},{"type":"Feature","properties":{"CountryName":"Netherlands","Type of Animal":"Pork"},"geometry":{"type":"Point","coordinates":[6.44622,52.57154]}},{"type":"Feature","properties":{"CountryName":"Netherlands","Type of Animal":"Chicken"},"geometry":{"type":"Point","coordinates":[6.48121,52.56896]}},{"type":"Feature","properties":{"CountryName":"Netherlands","Type of Animal":"Pork"},"geometry":{"type":"Point","coordinates":[5.90512,51.07494]}},{"type":"Feature","properties":{"CountryName":"Netherlands","Type of Animal":"Pork"},"geometry":{"type":"Point","coordinates":[7.09528,53.23312]}},{"type":"Feature","properties":{"CountryName":"Netherlands","Type of Animal":"Pork"},"geometry":{"type":"Point","coordinates":[7.08235,53.20933]}},{"type":"Feature","properties":{"CountryName":"Netherlands","Type of Animal":"Chicken"},"geometry":{"type":"Point","coordinates":[6.63334,52.56384]}},{"type":"Feature","properties":{"CountryName":"Netherlands","Type of Animal":"Chicken"},"geometry":{"type":"Point","coordinates":[6.55994,52.60049]}},{"type":"Feature","properties":{"CountryName":"Netherlands","Type of Animal":"Pork"},"geometry":{"type":"Point","coordinates":[6.55177,52.59597]}},{"type":"Feature","properties":{"CountryName":"Netherlands","Type of Animal":"Chicken"},"geometry":{"type":"Point","coordinates":[6.5484,52.60244]}},{"type":"Feature","properties":{"CountryName":"Netherlands","Type of Animal":"Chicken"},"geometry":{"type":"Point","coordinates":[6.56922,52.58351]}},{"type":"Feature","properties":{"CountryName":"Netherlands","Type of Animal":"Chicken"},"geometry":{"type":"Point","coordinates":[6.71098,52.61405]}},{"type":"Feature","properties":{"CountryName":"Netherlands","Type of Animal":"Pork"},"geometry":{"type":"Point","coordinates":[5.12722,51.40031]}},{"type":"Feature","properties":{"CountryName":"Netherlands","Type of Animal":"Pork"},"geometry":{"type":"Point","coordinates":[5.14161,51.37941]}},{"type":"Feature","properties":{"CountryName":"Netherlands","Type of Animal":"Chicken"},"geometry":{"type":"Point","coordinates":[6.64522,52.55737]}},{"type":"Feature","properties":{"CountryName":"Netherlands","Type of Animal":"Chicken"},"geometry":{"type":"Point","coordinates":[6.66375,52.57534]}},{"type":"Feature","properties":{"CountryName":"Netherlands","Type of Animal":"Pork"},"geometry":{"type":"Point","coordinates":[5.18864,51.38222]}},{"type":"Feature","properties":{"CountryName":"Netherlands","Type of Animal":"Pork"},"geometry":{"type":"Point","coordinates":[5.18869,51.39237]}},{"type":"Feature","properties":{"CountryName":"Netherlands","Type of Animal":"Pork"},"geometry":{"type":"Point","coordinates":[5.17517,51.38464]}},{"type":"Feature","properties":{"CountryName":"Netherlands","Type of Animal":"Chicken"},"geometry":{"type":"Point","coordinates":[6.69421,52.52738]}},{"type":"Feature","properties":{"CountryName":"Netherlands","Type of Animal":"Chicken"},"geometry":{"type":"Point","coordinates":[6.67007,52.50413]}},{"type":"Feature","properties":{"CountryName":"Netherlands","Type of Animal":"Pork"},"geometry":{"type":"Point","coordinates":[5.94626,51.06564]}},{"type":"Feature","properties":{"CountryName":"Netherlands","Type of Animal":"Chicken"},"geometry":{"type":"Point","coordinates":[5.93195,51.05126]}},{"type":"Feature","properties":{"CountryName":"Netherlands","Type of Animal":"Pork"},"geometry":{"type":"Point","coordinates":[5.17719,51.40921]}},{"type":"Feature","properties":{"CountryName":"Netherlands","Type of Animal":"Pork"},"geometry":{"type":"Point","coordinates":[5.18009,51.41205]}},{"type":"Feature","properties":{"CountryName":"Netherlands","Type of Animal":"Chicken"},"geometry":{"type":"Point","coordinates":[5.18593,51.40606]}},{"type":"Feature","properties":{"CountryName":"Netherlands","Type of Animal":"Chicken"},"geometry":{"type":"Point","coordinates":[6.80188,53.36808]}},{"type":"Feature","properties":{"CountryName":"Netherlands","Type of Animal":"Chicken"},"geometry":{"type":"Point","coordinates":[5.54237,52.46846]}},{"type":"Feature","properties":{"CountryName":"Netherlands","Type of Animal":"Pork"},"geometry":{"type":"Point","coordinates":[5.58014,52.5229]}},{"type":"Feature","properties":{"CountryName":"Netherlands","Type of Animal":"Chicken"},"geometry":{"type":"Point","coordinates":[5.48852,52.43436]}},{"type":"Feature","properties":{"CountryName":"Netherlands","Type of Animal":"Pork"},"geometry":{"type":"Point","coordinates":[6.67487,52.59539]}},{"type":"Feature","properties":{"CountryName":"Netherlands","Type of Animal":"Pork"},"geometry":{"type":"Point","coordinates":[6.67548,52.59584]}},{"type":"Feature","properties":{"CountryName":"Netherlands","Type of Animal":"Chicken"},"geometry":{"type":"Point","coordinates":[6.67228,52.59836]}},{"type":"Feature","properties":{"CountryName":"Netherlands","Type of Animal":"Chicken"},"geometry":{"type":"Point","coordinates":[6.68194,52.57844]}},{"type":"Feature","properties":{"CountryName":"Netherlands","Type of Animal":"Chicken"},"geometry":{"type":"Point","coordinates":[4.91562,51.97333]}},{"type":"Feature","properties":{"CountryName":"Netherlands","Type of Animal":"Chicken"},"geometry":{"type":"Point","coordinates":[6.61467,52.62315]}},{"type":"Feature","properties":{"CountryName":"Netherlands","Type of Animal":"Pork"},"geometry":{"type":"Point","coordinates":[5.64499,51.44831]}},{"type":"Feature","properties":{"CountryName":"Netherlands","Type of Animal":"Chicken"},"geometry":{"type":"Point","coordinates":[6.9378,52.84319]}},{"type":"Feature","properties":{"CountryName":"Netherlands","Type of Animal":"Chicken"},"geometry":{"type":"Point","coordinates":[6.89784,52.99647]}},{"type":"Feature","properties":{"CountryName":"Netherlands","Type of Animal":"Pork"},"geometry":{"type":"Point","coordinates":[5.64727,51.75898]}},{"type":"Feature","properties":{"CountryName":"Netherlands","Type of Animal":"Pork"},"geometry":{"type":"Point","coordinates":[4.90329,51.60849]}},{"type":"Feature","properties":{"CountryName":"Netherlands","Type of Animal":"Chicken"},"geometry":{"type":"Point","coordinates":[6.23587,52.98818]}},{"type":"Feature","properties":{"CountryName":"Netherlands","Type of Animal":"Chicken"},"geometry":{"type":"Point","coordinates":[6.58797,52.51192]}},{"type":"Feature","properties":{"CountryName":"Netherlands","Type of Animal":"Chicken"},"geometry":{"type":"Point","coordinates":[6.60514,53.34007]}},{"type":"Feature","properties":{"CountryName":"Netherlands","Type of Animal":"Pork"},"geometry":{"type":"Point","coordinates":[6.28315,52.03118]}},{"type":"Feature","properties":{"CountryName":"Netherlands","Type of Animal":"Chicken"},"geometry":{"type":"Point","coordinates":[5.74139,51.30087]}},{"type":"Feature","properties":{"CountryName":"Netherlands","Type of Animal":"Pork"},"geometry":{"type":"Point","coordinates":[5.96095,51.11108]}},{"type":"Feature","properties":{"CountryName":"Netherlands","Type of Animal":"Pork"},"geometry":{"type":"Point","coordinates":[5.23164,51.79397]}},{"type":"Feature","properties":{"CountryName":"Netherlands","Type of Animal":"Pork"},"geometry":{"type":"Point","coordinates":[6.3794,52.53962]}},{"type":"Feature","properties":{"CountryName":"Netherlands","Type of Animal":"Chicken"},"geometry":{"type":"Point","coordinates":[6.71236,52.57103]}},{"type":"Feature","properties":{"CountryName":"Netherlands","Type of Animal":"Chicken"},"geometry":{"type":"Point","coordinates":[6.75602,52.56471]}},{"type":"Feature","properties":{"CountryName":"Netherlands","Type of Animal":"Pork"},"geometry":{"type":"Point","coordinates":[6.69054,52.582]}},{"type":"Feature","properties":{"CountryName":"Netherlands","Type of Animal":"Pork"},"geometry":{"type":"Point","coordinates":[5.14302,51.33917]}},{"type":"Feature","properties":{"CountryName":"Netherlands","Type of Animal":"Pork"},"geometry":{"type":"Point","coordinates":[5.13491,51.37136]}},{"type":"Feature","properties":{"CountryName":"Netherlands","Type of Animal":"Pork"},"geometry":{"type":"Point","coordinates":[5.15696,51.37346]}},{"type":"Feature","properties":{"CountryName":"Netherlands","Type of Animal":"Chicken"},"geometry":{"type":"Point","coordinates":[5.17459,51.35139]}},{"type":"Feature","properties":{"CountryName":"Netherlands","Type of Animal":"Pork"},"geometry":{"type":"Point","coordinates":[5.1665,51.34713]}},{"type":"Feature","properties":{"CountryName":"Netherlands","Type of Animal":"Pork"},"geometry":{"type":"Point","coordinates":[5.14889,51.3609]}},{"type":"Feature","properties":{"CountryName":"Netherlands","Type of Animal":"Pork"},"geometry":{"type":"Point","coordinates":[5.15693,51.34689]}},{"type":"Feature","properties":{"CountryName":"Netherlands","Type of Animal":"Chicken"},"geometry":{"type":"Point","coordinates":[5.16097,51.32863]}},{"type":"Feature","properties":{"CountryName":"Netherlands","Type of Animal":"Pork"},"geometry":{"type":"Point","coordinates":[5.18028,51.35403]}},{"type":"Feature","properties":{"CountryName":"Netherlands","Type of Animal":"Pork"},"geometry":{"type":"Point","coordinates":[5.13411,51.35647]}},{"type":"Feature","properties":{"CountryName":"Netherlands","Type of Animal":"Chicken"},"geometry":{"type":"Point","coordinates":[5.15248,51.37275]}},{"type":"Feature","properties":{"CountryName":"Netherlands","Type of Animal":"Chicken"},"geometry":{"type":"Point","coordinates":[5.16531,51.33038]}},{"type":"Feature","properties":{"CountryName":"Netherlands","Type of Animal":"Pork"},"geometry":{"type":"Point","coordinates":[5.13104,51.34842]}},{"type":"Feature","properties":{"CountryName":"Netherlands","Type of Animal":"Pork"},"geometry":{"type":"Point","coordinates":[5.15024,51.32802]}},{"type":"Feature","properties":{"CountryName":"Netherlands","Type of Animal":"Pork"},"geometry":{"type":"Point","coordinates":[5.14317,51.32738]}},{"type":"Feature","properties":{"CountryName":"Netherlands","Type of Animal":"Chicken"},"geometry":{"type":"Point","coordinates":[5.15972,51.37224]}},{"type":"Feature","properties":{"CountryName":"Netherlands","Type of Animal":"Chicken"},"geometry":{"type":"Point","coordinates":[6.5181,52.56671]}},{"type":"Feature","properties":{"CountryName":"Netherlands","Type of Animal":"Chicken"},"geometry":{"type":"Point","coordinates":[6.57665,52.65704]}},{"type":"Feature","properties":{"CountryName":"Netherlands","Type of Animal":"Pork"},"geometry":{"type":"Point","coordinates":[5.41121,51.63281]}},{"type":"Feature","properties":{"CountryName":"Netherlands","Type of Animal":"Chicken"},"geometry":{"type":"Point","coordinates":[6.61224,52.4701]}},{"type":"Feature","properties":{"CountryName":"Netherlands","Type of Animal":"Chicken"},"geometry":{"type":"Point","coordinates":[6.61845,52.48764]}},{"type":"Feature","properties":{"CountryName":"Netherlands","Type of Animal":"Pork"},"geometry":{"type":"Point","coordinates":[6.57997,52.63613]}},{"type":"Feature","properties":{"CountryName":"Netherlands","Type of Animal":"Chicken"},"geometry":{"type":"Point","coordinates":[6.53192,52.64214]}},{"type":"Feature","properties":{"CountryName":"Netherlands","Type of Animal":"Chicken"},"geometry":{"type":"Point","coordinates":[6.57718,52.63466]}},{"type":"Feature","properties":{"CountryName":"Netherlands","Type of Animal":"Chicken"},"geometry":{"type":"Point","coordinates":[6.53192,52.64214]}},{"type":"Feature","properties":{"CountryName":"Netherlands","Type of Animal":"Pork"},"geometry":{"type":"Point","coordinates":[6.51757,52.62188]}},{"type":"Feature","properties":{"CountryName":"Netherlands","Type of Animal":"Chicken"},"geometry":{"type":"Point","coordinates":[6.52182,52.55141]}},{"type":"Feature","properties":{"CountryName":"Netherlands","Type of Animal":"Pork"},"geometry":{"type":"Point","coordinates":[5.82407,51.08793]}},{"type":"Feature","properties":{"CountryName":"Netherlands","Type of Animal":"Chicken"},"geometry":{"type":"Point","coordinates":[5.63061,52.67376]}},{"type":"Feature","properties":{"CountryName":"Netherlands","Type of Animal":"Chicken"},"geometry":{"type":"Point","coordinates":[5.4985,51.63346]}},{"type":"Feature","properties":{"CountryName":"Netherlands","Type of Animal":"Pork"},"geometry":{"type":"Point","coordinates":[6.67657,52.56449]}},{"type":"Feature","properties":{"CountryName":"Netherlands","Type of Animal":"Chicken"},"geometry":{"type":"Point","coordinates":[6.35227,52.57669]}},{"type":"Feature","properties":{"CountryName":"Netherlands","Type of Animal":"Pork"},"geometry":{"type":"Point","coordinates":[6.00867,51.11622]}},{"type":"Feature","properties":{"CountryName":"Netherlands","Type of Animal":"Chicken"},"geometry":{"type":"Point","coordinates":[6.36222,52.55633]}},{"type":"Feature","properties":{"CountryName":"Netherlands","Type of Animal":"Chicken"},"geometry":{"type":"Point","coordinates":[6.4107,52.57449]}},{"type":"Feature","properties":{"CountryName":"Netherlands","Type of Animal":"Pork"},"geometry":{"type":"Point","coordinates":[6.35977,52.56108]}},{"type":"Feature","properties":{"CountryName":"Netherlands","Type of Animal":"Pork"},"geometry":{"type":"Point","coordinates":[6.42361,52.56648]}},{"type":"Feature","properties":{"CountryName":"Netherlands","Type of Animal":"Pork"},"geometry":{"type":"Point","coordinates":[6.37166,52.56163]}},{"type":"Feature","properties":{"CountryName":"Netherlands","Type of Animal":"Chicken"},"geometry":{"type":"Point","coordinates":[6.09926,51.14639]}},{"type":"Feature","properties":{"CountryName":"Netherlands","Type of Animal":"Chicken"},"geometry":{"type":"Point","coordinates":[5.94517,53.19518]}},{"type":"Feature","properties":{"CountryName":"Netherlands","Type of Animal":"Pork"},"geometry":{"type":"Point","coordinates":[5.3412,51.89396]}},{"type":"Feature","properties":{"CountryName":"Netherlands","Type of Animal":"Pork"},"geometry":{"type":"Point","coordinates":[4.62789,52.00784]}},{"type":"Feature","properties":{"CountryName":"Netherlands","Type of Animal":"Pork"},"geometry":{"type":"Point","coordinates":[4.16349,51.74907]}},{"type":"Feature","properties":{"CountryName":"Netherlands","Type of Animal":"Pork"},"geometry":{"type":"Point","coordinates":[4.14388,51.76174]}},{"type":"Feature","properties":{"CountryName":"Netherlands","Type of Animal":"Pork"},"geometry":{"type":"Point","coordinates":[6.28646,52.05402]}},{"type":"Feature","properties":{"CountryName":"Netherlands","Type of Animal":"Pork"},"geometry":{"type":"Point","coordinates":[5.56066,51.69211]}},{"type":"Feature","properties":{"CountryName":"Netherlands","Type of Animal":"Chicken"},"geometry":{"type":"Point","coordinates":[5.88694,53.33564]}},{"type":"Feature","properties":{"CountryName":"Netherlands","Type of Animal":"Chicken"},"geometry":{"type":"Point","coordinates":[5.88817,53.33673]}},{"type":"Feature","properties":{"CountryName":"Netherlands","Type of Animal":"Chicken"},"geometry":{"type":"Point","coordinates":[6.87038,53.20677]}},{"type":"Feature","properties":{"CountryName":"Netherlands","Type of Animal":"Chicken"},"geometry":{"type":"Point","coordinates":[6.8502,53.19688]}},{"type":"Feature","properties":{"CountryName":"Netherlands","Type of Animal":"Chicken"},"geometry":{"type":"Point","coordinates":[6.83031,53.23111]}},{"type":"Feature","properties":{"CountryName":"Netherlands","Type of Animal":"Chicken"},"geometry":{"type":"Point","coordinates":[6.87854,52.99105]}},{"type":"Feature","properties":{"CountryName":"Netherlands","Type of Animal":"Pork"},"geometry":{"type":"Point","coordinates":[6.95252,52.81844]}},{"type":"Feature","properties":{"CountryName":"Netherlands","Type of Animal":"Chicken"},"geometry":{"type":"Point","coordinates":[6.74167,52.44139]}},{"type":"Feature","properties":{"CountryName":"Netherlands","Type of Animal":"Pork"},"geometry":{"type":"Point","coordinates":[6.7383,52.36331]}},{"type":"Feature","properties":{"CountryName":"Netherlands","Type of Animal":"Chicken"},"geometry":{"type":"Point","coordinates":[5.52816,51.66455]}},{"type":"Feature","properties":{"CountryName":"Netherlands","Type of Animal":"Pork"},"geometry":{"type":"Point","coordinates":[6.009,52.80549]}},{"type":"Feature","properties":{"CountryName":"Netherlands","Type of Animal":"Chicken"},"geometry":{"type":"Point","coordinates":[4.53698,52.11939]}},{"type":"Feature","properties":{"CountryName":"Netherlands","Type of Animal":"Pork"},"geometry":{"type":"Point","coordinates":[6.94851,52.69384]}},{"type":"Feature","properties":{"CountryName":"Netherlands","Type of Animal":"Chicken"},"geometry":{"type":"Point","coordinates":[5.54685,51.65744]}},{"type":"Feature","properties":{"CountryName":"Netherlands","Type of Animal":"Chicken"},"geometry":{"type":"Point","coordinates":[5.83686,53.32968]}},{"type":"Feature","properties":{"CountryName":"Netherlands","Type of Animal":"Chicken"},"geometry":{"type":"Point","coordinates":[6.9243,52.92388]}},{"type":"Feature","properties":{"CountryName":"Netherlands","Type of Animal":"Pork"},"geometry":{"type":"Point","coordinates":[5.44613,53.20796]}},{"type":"Feature","properties":{"CountryName":"Netherlands","Type of Animal":"Chicken"},"geometry":{"type":"Point","coordinates":[7.01289,52.90507]}},{"type":"Feature","properties":{"CountryName":"Netherlands","Type of Animal":"Chicken"},"geometry":{"type":"Point","coordinates":[5.12875,51.88328]}},{"type":"Feature","properties":{"CountryName":"Netherlands","Type of Animal":"Chicken"},"geometry":{"type":"Point","coordinates":[6.18938,52.062]}},{"type":"Feature","properties":{"CountryName":"Netherlands","Type of Animal":"Pork"},"geometry":{"type":"Point","coordinates":[6.79975,52.83851]}},{"type":"Feature","properties":{"CountryName":"Netherlands","Type of Animal":"Chicken"},"geometry":{"type":"Point","coordinates":[6.93701,52.91126]}},{"type":"Feature","properties":{"CountryName":"Netherlands","Type of Animal":"Pork"},"geometry":{"type":"Point","coordinates":[6.34218,52.10297]}},{"type":"Feature","properties":{"CountryName":"Netherlands","Type of Animal":"Chicken"},"geometry":{"type":"Point","coordinates":[5.85386,53.35546]}},{"type":"Feature","properties":{"CountryName":"Netherlands","Type of Animal":"Chicken"},"geometry":{"type":"Point","coordinates":[6.34188,52.06162]}},{"type":"Feature","properties":{"CountryName":"Netherlands","Type of Animal":"Chicken"},"geometry":{"type":"Point","coordinates":[6.34564,52.06408]}},{"type":"Feature","properties":{"CountryName":"Netherlands","Type of Animal":"Chicken"},"geometry":{"type":"Point","coordinates":[6.60961,52.29788]}},{"type":"Feature","properties":{"CountryName":"Netherlands","Type of Animal":"Pork"},"geometry":{"type":"Point","coordinates":[6.03937,51.30394]}},{"type":"Feature","properties":{"CountryName":"Netherlands","Type of Animal":"Pork"},"geometry":{"type":"Point","coordinates":[5.60645,51.58785]}},{"type":"Feature","properties":{"CountryName":"Netherlands","Type of Animal":"Chicken"},"geometry":{"type":"Point","coordinates":[6.5258,52.39506]}},{"type":"Feature","properties":{"CountryName":"Netherlands","Type of Animal":"Pork"},"geometry":{"type":"Point","coordinates":[6.90764,52.90639]}},{"type":"Feature","properties":{"CountryName":"Netherlands","Type of Animal":"Chicken"},"geometry":{"type":"Point","coordinates":[6.84946,52.97031]}},{"type":"Feature","properties":{"CountryName":"Netherlands","Type of Animal":"Chicken"},"geometry":{"type":"Point","coordinates":[5.63138,51.56128]}},{"type":"Feature","properties":{"CountryName":"Netherlands","Type of Animal":"Pork"},"geometry":{"type":"Point","coordinates":[5.93755,51.46408]}},{"type":"Feature","properties":{"CountryName":"Netherlands","Type of Animal":"Pork"},"geometry":{"type":"Point","coordinates":[6.70219,52.41045]}},{"type":"Feature","properties":{"CountryName":"Netherlands","Type of Animal":"Chicken"},"geometry":{"type":"Point","coordinates":[6.784,52.43987]}},{"type":"Feature","properties":{"CountryName":"Netherlands","Type of Animal":"Pork"},"geometry":{"type":"Point","coordinates":[6.7716,52.44581]}},{"type":"Feature","properties":{"CountryName":"Netherlands","Type of Animal":"Pork"},"geometry":{"type":"Point","coordinates":[5.58454,51.63936]}},{"type":"Feature","properties":{"CountryName":"Netherlands","Type of Animal":"Pork"},"geometry":{"type":"Point","coordinates":[5.89101,51.47342]}},{"type":"Feature","properties":{"CountryName":"Netherlands","Type of Animal":"Chicken"},"geometry":{"type":"Point","coordinates":[6.95396,52.93645]}},{"type":"Feature","properties":{"CountryName":"Netherlands","Type of Animal":"Pork"},"geometry":{"type":"Point","coordinates":[5.63009,51.59274]}},{"type":"Feature","properties":{"CountryName":"Netherlands","Type of Animal":"Pork"},"geometry":{"type":"Point","coordinates":[5.61694,51.56537]}},{"type":"Feature","properties":{"CountryName":"Netherlands","Type of Animal":"Pork"},"geometry":{"type":"Point","coordinates":[5.55527,51.58534]}},{"type":"Feature","properties":{"CountryName":"Netherlands","Type of Animal":"Chicken"},"geometry":{"type":"Point","coordinates":[6.53303,52.32137]}},{"type":"Feature","properties":{"CountryName":"Netherlands","Type of Animal":"Chicken"},"geometry":{"type":"Point","coordinates":[6.841,52.96455]}},{"type":"Feature","properties":{"CountryName":"Netherlands","Type of Animal":"Chicken"},"geometry":{"type":"Point","coordinates":[5.61942,51.55926]}},{"type":"Feature","properties":{"CountryName":"Netherlands","Type of Animal":"Pork"},"geometry":{"type":"Point","coordinates":[6.54261,52.35985]}},{"type":"Feature","properties":{"CountryName":"Netherlands","Type of Animal":"Chicken"},"geometry":{"type":"Point","coordinates":[5.599,51.584]}},{"type":"Feature","properties":{"CountryName":"Netherlands","Type of Animal":"Pork"},"geometry":{"type":"Point","coordinates":[5.59334,51.61158]}},{"type":"Feature","properties":{"CountryName":"Netherlands","Type of Animal":"Chicken"},"geometry":{"type":"Point","coordinates":[6.19375,52.42783]}},{"type":"Feature","properties":{"CountryName":"Netherlands","Type of Animal":"Chicken"},"geometry":{"type":"Point","coordinates":[6.98508,52.89462]}},{"type":"Feature","properties":{"CountryName":"Netherlands","Type of Animal":"Chicken"},"geometry":{"type":"Point","coordinates":[6.08424,52.33885]}},{"type":"Feature","properties":{"CountryName":"Netherlands","Type of Animal":"Chicken"},"geometry":{"type":"Point","coordinates":[5.64727,51.60133]}},{"type":"Feature","properties":{"CountryName":"Netherlands","Type of Animal":"Chicken"},"geometry":{"type":"Point","coordinates":[7.02054,52.88395]}},{"type":"Feature","properties":{"CountryName":"Netherlands","Type of Animal":"Chicken"},"geometry":{"type":"Point","coordinates":[6.93848,52.43053]}},{"type":"Feature","properties":{"CountryName":"Netherlands","Type of Animal":"Chicken"},"geometry":{"type":"Point","coordinates":[6.74659,52.92526]}},{"type":"Feature","properties":{"CountryName":"Netherlands","Type of Animal":"Chicken"},"geometry":{"type":"Point","coordinates":[6.91447,52.94865]}},{"type":"Feature","properties":{"CountryName":"Netherlands","Type of Animal":"Chicken"},"geometry":{"type":"Point","coordinates":[6.96634,52.92068]}},{"type":"Feature","properties":{"CountryName":"Netherlands","Type of Animal":"Pork"},"geometry":{"type":"Point","coordinates":[5.00867,51.51194]}},{"type":"Feature","properties":{"CountryName":"Netherlands","Type of Animal":"Pork"},"geometry":{"type":"Point","coordinates":[6.81292,52.37501]}},{"type":"Feature","properties":{"CountryName":"Netherlands","Type of Animal":"Pork"},"geometry":{"type":"Point","coordinates":[6.70447,52.40426]}},{"type":"Feature","properties":{"CountryName":"Netherlands","Type of Animal":"Chicken"},"geometry":{"type":"Point","coordinates":[4.81873,52.01719]}},{"type":"Feature","properties":{"CountryName":"Netherlands","Type of Animal":"Pork"},"geometry":{"type":"Point","coordinates":[6.69369,52.4144]}},{"type":"Feature","properties":{"CountryName":"Netherlands","Type of Animal":"Chicken"},"geometry":{"type":"Point","coordinates":[6.90467,52.91686]}},{"type":"Feature","properties":{"CountryName":"Netherlands","Type of Animal":"Chicken"},"geometry":{"type":"Point","coordinates":[6.61933,52.30601]}},{"type":"Feature","properties":{"CountryName":"Netherlands","Type of Animal":"Chicken"},"geometry":{"type":"Point","coordinates":[4.89812,51.6779]}},{"type":"Feature","properties":{"CountryName":"Netherlands","Type of Animal":"Chicken"},"geometry":{"type":"Point","coordinates":[6.73332,52.36392]}},{"type":"Feature","properties":{"CountryName":"Netherlands","Type of Animal":"Pork"},"geometry":{"type":"Point","coordinates":[4.89516,51.70549]}},{"type":"Feature","properties":{"CountryName":"Netherlands","Type of Animal":"Chicken"},"geometry":{"type":"Point","coordinates":[4.89451,51.70556]}},{"type":"Feature","properties":{"CountryName":"Netherlands","Type of Animal":"Pork"},"geometry":{"type":"Point","coordinates":[5.60434,51.62997]}},{"type":"Feature","properties":{"CountryName":"Netherlands","Type of Animal":"Pork"},"geometry":{"type":"Point","coordinates":[5.59528,51.58311]}},{"type":"Feature","properties":{"CountryName":"Netherlands","Type of Animal":"Pork"},"geometry":{"type":"Point","coordinates":[6.73277,52.36398]}},{"type":"Feature","properties":{"CountryName":"Netherlands","Type of Animal":"Pork"},"geometry":{"type":"Point","coordinates":[5.59274,51.60345]}},{"type":"Feature","properties":{"CountryName":"Netherlands","Type of Animal":"Chicken"},"geometry":{"type":"Point","coordinates":[6.67817,52.9703]}},{"type":"Feature","properties":{"CountryName":"Netherlands","Type of Animal":"Chicken"},"geometry":{"type":"Point","coordinates":[5.50648,52.21367]}},{"type":"Feature","properties":{"CountryName":"Netherlands","Type of Animal":"Chicken"},"geometry":{"type":"Point","coordinates":[5.52595,52.20178]}},{"type":"Feature","properties":{"CountryName":"Netherlands","Type of Animal":"Chicken"},"geometry":{"type":"Point","coordinates":[5.88564,51.5418]}},{"type":"Feature","properties":{"CountryName":"Netherlands","Type of Animal":"Pork"},"geometry":{"type":"Point","coordinates":[5.66407,51.61644]}},{"type":"Feature","properties":{"CountryName":"Netherlands","Type of Animal":"Chicken"},"geometry":{"type":"Point","coordinates":[5.71315,51.61509]}},{"type":"Feature","properties":{"CountryName":"Netherlands","Type of Animal":"Pork"},"geometry":{"type":"Point","coordinates":[5.88724,51.45875]}},{"type":"Feature","properties":{"CountryName":"Netherlands","Type of Animal":"Chicken"},"geometry":{"type":"Point","coordinates":[5.88694,51.50606]}},{"type":"Feature","properties":{"CountryName":"Netherlands","Type of Animal":"Chicken"},"geometry":{"type":"Point","coordinates":[5.44413,52.22853]}},{"type":"Feature","properties":{"CountryName":"Netherlands","Type of Animal":"Chicken"},"geometry":{"type":"Point","coordinates":[6.03887,51.50534]}},{"type":"Feature","properties":{"CountryName":"Netherlands","Type of Animal":"Pork"},"geometry":{"type":"Point","coordinates":[6.1046,51.33477]}},{"type":"Feature","properties":{"CountryName":"Netherlands","Type of Animal":"Chicken"},"geometry":{"type":"Point","coordinates":[5.8918,51.47663]}},{"type":"Feature","properties":{"CountryName":"Netherlands","Type of Animal":"Chicken"},"geometry":{"type":"Point","coordinates":[6.0134,51.49411]}},{"type":"Feature","properties":{"CountryName":"Netherlands","Type of Animal":"Chicken"},"geometry":{"type":"Point","coordinates":[5.49035,52.20489]}},{"type":"Feature","properties":{"CountryName":"Netherlands","Type of Animal":"Chicken"},"geometry":{"type":"Point","coordinates":[5.57336,52.18716]}},{"type":"Feature","properties":{"CountryName":"Netherlands","Type of Animal":"Pork"},"geometry":{"type":"Point","coordinates":[5.92934,51.53374]}},{"type":"Feature","properties":{"CountryName":"Netherlands","Type of Animal":"Pork"},"geometry":{"type":"Point","coordinates":[5.89069,51.54221]}},{"type":"Feature","properties":{"CountryName":"Netherlands","Type of Animal":"Pork"},"geometry":{"type":"Point","coordinates":[5.66154,51.62074]}},{"type":"Feature","properties":{"CountryName":"Netherlands","Type of Animal":"Chicken"},"geometry":{"type":"Point","coordinates":[6.7716,52.44581]}},{"type":"Feature","properties":{"CountryName":"Netherlands","Type of Animal":"Pork"},"geometry":{"type":"Point","coordinates":[5.90851,51.49461]}},{"type":"Feature","properties":{"CountryName":"Netherlands","Type of Animal":"Pork"},"geometry":{"type":"Point","coordinates":[4.5744,51.61964]}},{"type":"Feature","properties":{"CountryName":"Netherlands","Type of Animal":"Pork"},"geometry":{"type":"Point","coordinates":[5.9118,51.49521]}},{"type":"Feature","properties":{"CountryName":"Netherlands","Type of Animal":"Pork"},"geometry":{"type":"Point","coordinates":[5.90608,51.49452]}},{"type":"Feature","properties":{"CountryName":"Netherlands","Type of Animal":"Pork"},"geometry":{"type":"Point","coordinates":[5.91261,51.49535]}},{"type":"Feature","properties":{"CountryName":"Netherlands","Type of Animal":"Chicken"},"geometry":{"type":"Point","coordinates":[5.8828,51.50592]}},{"type":"Feature","properties":{"CountryName":"Netherlands","Type of Animal":"Pork"},"geometry":{"type":"Point","coordinates":[6.8036,52.32208]}},{"type":"Feature","properties":{"CountryName":"Netherlands","Type of Animal":"Chicken"},"geometry":{"type":"Point","coordinates":[5.93739,51.50897]}},{"type":"Feature","properties":{"CountryName":"Netherlands","Type of Animal":"Pork"},"geometry":{"type":"Point","coordinates":[5.99608,51.56547]}},{"type":"Feature","properties":{"CountryName":"Netherlands","Type of Animal":"Chicken"},"geometry":{"type":"Point","coordinates":[6.51779,52.47673]}},{"type":"Feature","properties":{"CountryName":"Netherlands","Type of Animal":"Pork"},"geometry":{"type":"Point","coordinates":[5.86041,51.4978]}},{"type":"Feature","properties":{"CountryName":"Netherlands","Type of Animal":"Pork"},"geometry":{"type":"Point","coordinates":[5.68622,51.61334]}},{"type":"Feature","properties":{"CountryName":"Netherlands","Type of Animal":"Chicken"},"geometry":{"type":"Point","coordinates":[6.06631,51.34867]}},{"type":"Feature","properties":{"CountryName":"Netherlands","Type of Animal":"Pork"},"geometry":{"type":"Point","coordinates":[5.99333,51.50118]}},{"type":"Feature","properties":{"CountryName":"Netherlands","Type of Animal":"Chicken"},"geometry":{"type":"Point","coordinates":[6.02742,51.48802]}},{"type":"Feature","properties":{"CountryName":"Netherlands","Type of Animal":"Chicken"},"geometry":{"type":"Point","coordinates":[5.8729,51.49477]}},{"type":"Feature","properties":{"CountryName":"Netherlands","Type of Animal":"Chicken"},"geometry":{"type":"Point","coordinates":[5.67333,51.59541]}},{"type":"Feature","properties":{"CountryName":"Netherlands","Type of Animal":"Chicken"},"geometry":{"type":"Point","coordinates":[5.9689,51.5053]}},{"type":"Feature","properties":{"CountryName":"Netherlands","Type of Animal":"Chicken"},"geometry":{"type":"Point","coordinates":[5.9689,51.5053]}},{"type":"Feature","properties":{"CountryName":"Netherlands","Type of Animal":"Pork"},"geometry":{"type":"Point","coordinates":[5.9393,51.46156]}},{"type":"Feature","properties":{"CountryName":"Netherlands","Type of Animal":"Chicken"},"geometry":{"type":"Point","coordinates":[6.02509,51.51045]}},{"type":"Feature","properties":{"CountryName":"Netherlands","Type of Animal":"Pork"},"geometry":{"type":"Point","coordinates":[5.74767,51.60306]}},{"type":"Feature","properties":{"CountryName":"Netherlands","Type of Animal":"Pork"},"geometry":{"type":"Point","coordinates":[5.9541,51.46866]}},{"type":"Feature","properties":{"CountryName":"Netherlands","Type of Animal":"Chicken"},"geometry":{"type":"Point","coordinates":[6.05547,51.49163]}},{"type":"Feature","properties":{"CountryName":"Netherlands","Type of Animal":"Pork"},"geometry":{"type":"Point","coordinates":[5.9839,51.48685]}},{"type":"Feature","properties":{"CountryName":"Netherlands","Type of Animal":"Pork"},"geometry":{"type":"Point","coordinates":[5.97013,51.49775]}},{"type":"Feature","properties":{"CountryName":"Netherlands","Type of Animal":"Pork"},"geometry":{"type":"Point","coordinates":[6.95823,52.30777]}},{"type":"Feature","properties":{"CountryName":"Netherlands","Type of Animal":"Chicken"},"geometry":{"type":"Point","coordinates":[5.93168,51.4741]}},{"type":"Feature","properties":{"CountryName":"Netherlands","Type of Animal":"Pork"},"geometry":{"type":"Point","coordinates":[5.87001,51.5423]}},{"type":"Feature","properties":{"CountryName":"Netherlands","Type of Animal":"Chicken"},"geometry":{"type":"Point","coordinates":[5.91261,51.49535]}},{"type":"Feature","properties":{"CountryName":"Netherlands","Type of Animal":"Chicken"},"geometry":{"type":"Point","coordinates":[5.9118,51.49521]}},{"type":"Feature","properties":{"CountryName":"Netherlands","Type of Animal":"Chicken"},"geometry":{"type":"Point","coordinates":[6.04547,51.50755]}},{"type":"Feature","properties":{"CountryName":"Netherlands","Type of Animal":"Pork"},"geometry":{"type":"Point","coordinates":[5.95183,51.47402]}},{"type":"Feature","properties":{"CountryName":"Netherlands","Type of Animal":"Pork"},"geometry":{"type":"Point","coordinates":[5.89291,51.50786]}},{"type":"Feature","properties":{"CountryName":"Netherlands","Type of Animal":"Pork"},"geometry":{"type":"Point","coordinates":[5.65875,51.61886]}},{"type":"Feature","properties":{"CountryName":"Netherlands","Type of Animal":"Pork"},"geometry":{"type":"Point","coordinates":[5.89015,51.50731]}},{"type":"Feature","properties":{"CountryName":"Netherlands","Type of Animal":"Pork"},"geometry":{"type":"Point","coordinates":[5.90637,51.50995]}},{"type":"Feature","properties":{"CountryName":"Netherlands","Type of Animal":"Chicken"},"geometry":{"type":"Point","coordinates":[5.93684,51.47551]}},{"type":"Feature","properties":{"CountryName":"Netherlands","Type of Animal":"Chicken"},"geometry":{"type":"Point","coordinates":[6.0475,51.50295]}},{"type":"Feature","properties":{"CountryName":"Netherlands","Type of Animal":"Chicken"},"geometry":{"type":"Point","coordinates":[5.91496,51.49406]}},{"type":"Feature","properties":{"CountryName":"Netherlands","Type of Animal":"Chicken"},"geometry":{"type":"Point","coordinates":[5.90558,51.49478]}},{"type":"Feature","properties":{"CountryName":"Netherlands","Type of Animal":"Pork"},"geometry":{"type":"Point","coordinates":[5.46472,51.83383]}},{"type":"Feature","properties":{"CountryName":"Netherlands","Type of Animal":"Chicken"},"geometry":{"type":"Point","coordinates":[5.88879,51.4649]}},{"type":"Feature","properties":{"CountryName":"Netherlands","Type of Animal":"Chicken"},"geometry":{"type":"Point","coordinates":[5.88938,51.46759]}},{"type":"Feature","properties":{"CountryName":"Netherlands","Type of Animal":"Chicken"},"geometry":{"type":"Point","coordinates":[5.91296,51.50192]}},{"type":"Feature","properties":{"CountryName":"Netherlands","Type of Animal":"Pork"},"geometry":{"type":"Point","coordinates":[6.00963,51.53983]}},{"type":"Feature","properties":{"CountryName":"Netherlands","Type of Animal":"Chicken"},"geometry":{"type":"Point","coordinates":[5.65621,51.60701]}},{"type":"Feature","properties":{"CountryName":"Netherlands","Type of Animal":"Pork"},"geometry":{"type":"Point","coordinates":[5.89539,51.54192]}},{"type":"Feature","properties":{"CountryName":"Netherlands","Type of Animal":"Pork"},"geometry":{"type":"Point","coordinates":[5.96488,51.4884]}},{"type":"Feature","properties":{"CountryName":"Netherlands","Type of Animal":"Chicken"},"geometry":{"type":"Point","coordinates":[6.71696,52.91909]}},{"type":"Feature","properties":{"CountryName":"Netherlands","Type of Animal":"Chicken"},"geometry":{"type":"Point","coordinates":[5.66942,51.63524]}},{"type":"Feature","properties":{"CountryName":"Netherlands","Type of Animal":"Chicken"},"geometry":{"type":"Point","coordinates":[6.85966,52.31379]}},{"type":"Feature","properties":{"CountryName":"Netherlands","Type of Animal":"Pork"},"geometry":{"type":"Point","coordinates":[6.92106,52.41913]}},{"type":"Feature","properties":{"CountryName":"Netherlands","Type of Animal":"Pork"},"geometry":{"type":"Point","coordinates":[5.556,52.19848]}},{"type":"Feature","properties":{"CountryName":"Netherlands","Type of Animal":"Pork"},"geometry":{"type":"Point","coordinates":[5.56342,52.18562]}},{"type":"Feature","properties":{"CountryName":"Netherlands","Type of Animal":"Pork"},"geometry":{"type":"Point","coordinates":[6.80471,52.36142]}},{"type":"Feature","properties":{"CountryName":"Netherlands","Type of Animal":"Pork"},"geometry":{"type":"Point","coordinates":[6.81085,52.35629]}},{"type":"Feature","properties":{"CountryName":"Netherlands","Type of Animal":"Chicken"},"geometry":{"type":"Point","coordinates":[6.93377,52.4026]}},{"type":"Feature","properties":{"CountryName":"Netherlands","Type of Animal":"Pork"},"geometry":{"type":"Point","coordinates":[6.83992,52.32776]}},{"type":"Feature","properties":{"CountryName":"Netherlands","Type of Animal":"Chicken"},"geometry":{"type":"Point","coordinates":[3.79239,51.5236]}},{"type":"Feature","properties":{"CountryName":"Netherlands","Type of Animal":"Chicken"},"geometry":{"type":"Point","coordinates":[6.06036,51.51183]}},{"type":"Feature","properties":{"CountryName":"Netherlands","Type of Animal":"Chicken"},"geometry":{"type":"Point","coordinates":[5.71477,51.61572]}},{"type":"Feature","properties":{"CountryName":"Netherlands","Type of Animal":"Chicken"},"geometry":{"type":"Point","coordinates":[5.19873,51.84469]}},{"type":"Feature","properties":{"CountryName":"Netherlands","Type of Animal":"Pork"},"geometry":{"type":"Point","coordinates":[5.96905,51.49489]}},{"type":"Feature","properties":{"CountryName":"Netherlands","Type of Animal":"Chicken"},"geometry":{"type":"Point","coordinates":[5.91544,51.47942]}},{"type":"Feature","properties":{"CountryName":"Netherlands","Type of Animal":"Pork"},"geometry":{"type":"Point","coordinates":[5.89067,51.4747]}},{"type":"Feature","properties":{"CountryName":"Netherlands","Type of Animal":"Pork"},"geometry":{"type":"Point","coordinates":[5.88147,51.52205]}},{"type":"Feature","properties":{"CountryName":"Netherlands","Type of Animal":"Chicken"},"geometry":{"type":"Point","coordinates":[5.19597,51.83078]}},{"type":"Feature","properties":{"CountryName":"Netherlands","Type of Animal":"Chicken"},"geometry":{"type":"Point","coordinates":[6.01613,51.51343]}},{"type":"Feature","properties":{"CountryName":"Netherlands","Type of Animal":"Chicken"},"geometry":{"type":"Point","coordinates":[6.00384,51.4978]}},{"type":"Feature","properties":{"CountryName":"Netherlands","Type of Animal":"Chicken"},"geometry":{"type":"Point","coordinates":[5.91643,51.48827]}},{"type":"Feature","properties":{"CountryName":"Netherlands","Type of Animal":"Chicken"},"geometry":{"type":"Point","coordinates":[6.04193,51.53456]}},{"type":"Feature","properties":{"CountryName":"Netherlands","Type of Animal":"Pork"},"geometry":{"type":"Point","coordinates":[5.95873,51.49843]}},{"type":"Feature","properties":{"CountryName":"Netherlands","Type of Animal":"Pork"},"geometry":{"type":"Point","coordinates":[5.99608,51.56547]}},{"type":"Feature","properties":{"CountryName":"Netherlands","Type of Animal":"Pork"},"geometry":{"type":"Point","coordinates":[5.91923,51.55055]}},{"type":"Feature","properties":{"CountryName":"Netherlands","Type of Animal":"Chicken"},"geometry":{"type":"Point","coordinates":[6.24706,53.20646]}},{"type":"Feature","properties":{"CountryName":"Netherlands","Type of Animal":"Chicken"},"geometry":{"type":"Point","coordinates":[6.90436,52.91589]}},{"type":"Feature","properties":{"CountryName":"Netherlands","Type of Animal":"Pork"},"geometry":{"type":"Point","coordinates":[5.73305,51.66146]}},{"type":"Feature","properties":{"CountryName":"Netherlands","Type of Animal":"Pork"},"geometry":{"type":"Point","coordinates":[5.74637,51.59644]}},{"type":"Feature","properties":{"CountryName":"Netherlands","Type of Animal":"Chicken"},"geometry":{"type":"Point","coordinates":[6.16914,52.36374]}},{"type":"Feature","properties":{"CountryName":"Netherlands","Type of Animal":"Chicken"},"geometry":{"type":"Point","coordinates":[5.56491,52.20027]}},{"type":"Feature","properties":{"CountryName":"Netherlands","Type of Animal":"Pork"},"geometry":{"type":"Point","coordinates":[5.90905,51.48896]}},{"type":"Feature","properties":{"CountryName":"Netherlands","Type of Animal":"Pork"},"geometry":{"type":"Point","coordinates":[5.86528,51.55738]}},{"type":"Feature","properties":{"CountryName":"Netherlands","Type of Animal":"Pork"},"geometry":{"type":"Point","coordinates":[5.71443,51.62082]}},{"type":"Feature","properties":{"CountryName":"Netherlands","Type of Animal":"Pork"},"geometry":{"type":"Point","coordinates":[5.667,51.62206]}},{"type":"Feature","properties":{"CountryName":"Netherlands","Type of Animal":"Pork"},"geometry":{"type":"Point","coordinates":[5.69868,51.60878]}},{"type":"Feature","properties":{"CountryName":"Netherlands","Type of Animal":"Chicken"},"geometry":{"type":"Point","coordinates":[5.91605,51.48857]}},{"type":"Feature","properties":{"CountryName":"Netherlands","Type of Animal":"Chicken"},"geometry":{"type":"Point","coordinates":[6.02733,51.50893]}},{"type":"Feature","properties":{"CountryName":"Netherlands","Type of Animal":"Pork"},"geometry":{"type":"Point","coordinates":[6.05196,51.51664]}},{"type":"Feature","properties":{"CountryName":"Netherlands","Type of Animal":"Chicken"},"geometry":{"type":"Point","coordinates":[5.56799,51.88705]}},{"type":"Feature","properties":{"CountryName":"Netherlands","Type of Animal":"Chicken"},"geometry":{"type":"Point","coordinates":[6.23341,51.95939]}},{"type":"Feature","properties":{"CountryName":"Netherlands","Type of Animal":"Pork"},"geometry":{"type":"Point","coordinates":[6.23359,51.96123]}},{"type":"Feature","properties":{"CountryName":"Netherlands","Type of Animal":"Pork"},"geometry":{"type":"Point","coordinates":[6.24096,51.95136]}},{"type":"Feature","properties":{"CountryName":"Netherlands","Type of Animal":"Pork"},"geometry":{"type":"Point","coordinates":[6.20682,51.94343]}},{"type":"Feature","properties":{"CountryName":"Netherlands","Type of Animal":"Pork"},"geometry":{"type":"Point","coordinates":[6.18586,51.9707]}},{"type":"Feature","properties":{"CountryName":"Netherlands","Type of Animal":"Chicken"},"geometry":{"type":"Point","coordinates":[6.39626,51.97058]}},{"type":"Feature","properties":{"CountryName":"Netherlands","Type of Animal":"Chicken"},"geometry":{"type":"Point","coordinates":[6.26666,51.94567]}},{"type":"Feature","properties":{"CountryName":"Netherlands","Type of Animal":"Chicken"},"geometry":{"type":"Point","coordinates":[5.69937,51.6312]}},{"type":"Feature","properties":{"CountryName":"Netherlands","Type of Animal":"Chicken"},"geometry":{"type":"Point","coordinates":[5.73129,51.63847]}},{"type":"Feature","properties":{"CountryName":"Netherlands","Type of Animal":"Pork"},"geometry":{"type":"Point","coordinates":[5.72156,51.51956]}},{"type":"Feature","properties":{"CountryName":"Netherlands","Type of Animal":"Pork"},"geometry":{"type":"Point","coordinates":[5.78127,51.38157]}},{"type":"Feature","properties":{"CountryName":"Netherlands","Type of Animal":"Pork"},"geometry":{"type":"Point","coordinates":[5.71083,51.49824]}},{"type":"Feature","properties":{"CountryName":"Netherlands","Type of Animal":"Pork"},"geometry":{"type":"Point","coordinates":[5.6674,51.55861]}},{"type":"Feature","properties":{"CountryName":"Netherlands","Type of Animal":"Pork"},"geometry":{"type":"Point","coordinates":[5.73042,51.53767]}},{"type":"Feature","properties":{"CountryName":"Netherlands","Type of Animal":"Pork"},"geometry":{"type":"Point","coordinates":[5.81365,51.53686]}},{"type":"Feature","properties":{"CountryName":"Netherlands","Type of Animal":"Pork"},"geometry":{"type":"Point","coordinates":[5.60202,51.84668]}},{"type":"Feature","properties":{"CountryName":"Netherlands","Type of Animal":"Pork"},"geometry":{"type":"Point","coordinates":[4.49828,51.58598]}},{"type":"Feature","properties":{"CountryName":"Netherlands","Type of Animal":"Pork"},"geometry":{"type":"Point","coordinates":[5.74948,51.59098]}},{"type":"Feature","properties":{"CountryName":"Netherlands","Type of Animal":"Pork"},"geometry":{"type":"Point","coordinates":[5.64167,51.62944]}},{"type":"Feature","properties":{"CountryName":"Netherlands","Type of Animal":"Chicken"},"geometry":{"type":"Point","coordinates":[6.33423,53.0984]}},{"type":"Feature","properties":{"CountryName":"Netherlands","Type of Animal":"Pork"},"geometry":{"type":"Point","coordinates":[5.84543,51.50612]}},{"type":"Feature","properties":{"CountryName":"Netherlands","Type of Animal":"Pork"},"geometry":{"type":"Point","coordinates":[5.71545,51.49414]}},{"type":"Feature","properties":{"CountryName":"Netherlands","Type of Animal":"Chicken"},"geometry":{"type":"Point","coordinates":[5.58288,51.87027]}},{"type":"Feature","properties":{"CountryName":"Netherlands","Type of Animal":"Pork"},"geometry":{"type":"Point","coordinates":[5.82611,51.53393]}},{"type":"Feature","properties":{"CountryName":"Netherlands","Type of Animal":"Pork"},"geometry":{"type":"Point","coordinates":[5.76402,51.59009]}},{"type":"Feature","properties":{"CountryName":"Netherlands","Type of Animal":"Chicken"},"geometry":{"type":"Point","coordinates":[5.65758,51.51236]}},{"type":"Feature","properties":{"CountryName":"Netherlands","Type of Animal":"Pork"},"geometry":{"type":"Point","coordinates":[4.58661,51.61189]}},{"type":"Feature","properties":{"CountryName":"Netherlands","Type of Animal":"Chicken"},"geometry":{"type":"Point","coordinates":[5.8002,51.37003]}},{"type":"Feature","properties":{"CountryName":"Netherlands","Type of Animal":"Chicken"},"geometry":{"type":"Point","coordinates":[5.45713,53.1212]}},{"type":"Feature","properties":{"CountryName":"Netherlands","Type of Animal":"Pork"},"geometry":{"type":"Point","coordinates":[5.77301,51.59161]}},{"type":"Feature","properties":{"CountryName":"Netherlands","Type of Animal":"Pork"},"geometry":{"type":"Point","coordinates":[6.57237,52.08096]}},{"type":"Feature","properties":{"CountryName":"Netherlands","Type of Animal":"Chicken"},"geometry":{"type":"Point","coordinates":[5.74065,51.5573]}},{"type":"Feature","properties":{"CountryName":"Netherlands","Type of Animal":"Chicken"},"geometry":{"type":"Point","coordinates":[6.33931,53.10006]}},{"type":"Feature","properties":{"CountryName":"Netherlands","Type of Animal":"Chicken"},"geometry":{"type":"Point","coordinates":[5.76526,51.37633]}},{"type":"Feature","properties":{"CountryName":"Netherlands","Type of Animal":"Chicken"},"geometry":{"type":"Point","coordinates":[6.52479,52.92933]}},{"type":"Feature","properties":{"CountryName":"Netherlands","Type of Animal":"Pork"},"geometry":{"type":"Point","coordinates":[5.76045,51.50563]}},{"type":"Feature","properties":{"CountryName":"Netherlands","Type of Animal":"Pork"},"geometry":{"type":"Point","coordinates":[5.74796,51.41796]}},{"type":"Feature","properties":{"CountryName":"Netherlands","Type of Animal":"Chicken"},"geometry":{"type":"Point","coordinates":[5.47115,53.14151]}},{"type":"Feature","properties":{"CountryName":"Netherlands","Type of Animal":"Pork"},"geometry":{"type":"Point","coordinates":[5.70925,51.64843]}},{"type":"Feature","properties":{"CountryName":"Netherlands","Type of Animal":"Chicken"},"geometry":{"type":"Point","coordinates":[5.68885,51.63757]}},{"type":"Feature","properties":{"CountryName":"Netherlands","Type of Animal":"Chicken"},"geometry":{"type":"Point","coordinates":[5.77409,51.37094]}},{"type":"Feature","properties":{"CountryName":"Netherlands","Type of Animal":"Pork"},"geometry":{"type":"Point","coordinates":[5.76542,51.37483]}},{"type":"Feature","properties":{"CountryName":"Netherlands","Type of Animal":"Chicken"},"geometry":{"type":"Point","coordinates":[5.83369,51.38731]}},{"type":"Feature","properties":{"CountryName":"Netherlands","Type of Animal":"Chicken"},"geometry":{"type":"Point","coordinates":[5.69453,51.63993]}},{"type":"Feature","properties":{"CountryName":"Netherlands","Type of Animal":"Chicken"},"geometry":{"type":"Point","coordinates":[5.84093,51.37547]}},{"type":"Feature","properties":{"CountryName":"Netherlands","Type of Animal":"Chicken"},"geometry":{"type":"Point","coordinates":[6.63426,52.43094]}},{"type":"Feature","properties":{"CountryName":"Netherlands","Type of Animal":"Chicken"},"geometry":{"type":"Point","coordinates":[6.60285,52.40377]}},{"type":"Feature","properties":{"CountryName":"Netherlands","Type of Animal":"Pork"},"geometry":{"type":"Point","coordinates":[5.59418,51.84885]}},{"type":"Feature","properties":{"CountryName":"Netherlands","Type of Animal":"Chicken"},"geometry":{"type":"Point","coordinates":[5.73212,51.58051]}},{"type":"Feature","properties":{"CountryName":"Netherlands","Type of Animal":"Chicken"},"geometry":{"type":"Point","coordinates":[5.74811,51.58852]}},{"type":"Feature","properties":{"CountryName":"Netherlands","Type of Animal":"Pork"},"geometry":{"type":"Point","coordinates":[5.83532,51.54617]}},{"type":"Feature","properties":{"CountryName":"Netherlands","Type of Animal":"Chicken"},"geometry":{"type":"Point","coordinates":[5.79082,51.58286]}},{"type":"Feature","properties":{"CountryName":"Netherlands","Type of Animal":"Pork"},"geometry":{"type":"Point","coordinates":[5.77455,51.58659]}},{"type":"Feature","properties":{"CountryName":"Netherlands","Type of Animal":"Chicken"},"geometry":{"type":"Point","coordinates":[6.81882,52.81479]}},{"type":"Feature","properties":{"CountryName":"Netherlands","Type of Animal":"Pork"},"geometry":{"type":"Point","coordinates":[5.68754,51.57406]}},{"type":"Feature","properties":{"CountryName":"Netherlands","Type of Animal":"Pork"},"geometry":{"type":"Point","coordinates":[5.64276,51.62852]}},{"type":"Feature","properties":{"CountryName":"Netherlands","Type of Animal":"Chicken"},"geometry":{"type":"Point","coordinates":[5.61617,51.68152]}},{"type":"Feature","properties":{"CountryName":"Netherlands","Type of Animal":"Chicken"},"geometry":{"type":"Point","coordinates":[6.47058,52.46346]}},{"type":"Feature","properties":{"CountryName":"Netherlands","Type of Animal":"Pork"},"geometry":{"type":"Point","coordinates":[5.74749,51.59093]}},{"type":"Feature","properties":{"CountryName":"Netherlands","Type of Animal":"Chicken"},"geometry":{"type":"Point","coordinates":[5.78139,51.58762]}},{"type":"Feature","properties":{"CountryName":"Netherlands","Type of Animal":"Chicken"},"geometry":{"type":"Point","coordinates":[6.62859,52.39311]}},{"type":"Feature","properties":{"CountryName":"Netherlands","Type of Animal":"Pork"},"geometry":{"type":"Point","coordinates":[5.81155,51.50495]}},{"type":"Feature","properties":{"CountryName":"Netherlands","Type of Animal":"Chicken"},"geometry":{"type":"Point","coordinates":[5.79177,51.51251]}},{"type":"Feature","properties":{"CountryName":"Netherlands","Type of Animal":"Chicken"},"geometry":{"type":"Point","coordinates":[5.66274,51.6368]}},{"type":"Feature","properties":{"CountryName":"Netherlands","Type of Animal":"Chicken"},"geometry":{"type":"Point","coordinates":[5.77775,51.50715]}},{"type":"Feature","properties":{"CountryName":"Netherlands","Type of Animal":"Chicken"},"geometry":{"type":"Point","coordinates":[5.76104,51.51146]}},{"type":"Feature","properties":{"CountryName":"Netherlands","Type of Animal":"Pork"},"geometry":{"type":"Point","coordinates":[5.72575,51.49536]}},{"type":"Feature","properties":{"CountryName":"Netherlands","Type of Animal":"Chicken"},"geometry":{"type":"Point","coordinates":[5.72207,51.56454]}},{"type":"Feature","properties":{"CountryName":"Netherlands","Type of Animal":"Pork"},"geometry":{"type":"Point","coordinates":[5.80572,51.21716]}},{"type":"Feature","properties":{"CountryName":"Netherlands","Type of Animal":"Chicken"},"geometry":{"type":"Point","coordinates":[5.66934,51.55636]}},{"type":"Feature","properties":{"CountryName":"Netherlands","Type of Animal":"Pork"},"geometry":{"type":"Point","coordinates":[5.83468,51.50323]}},{"type":"Feature","properties":{"CountryName":"Netherlands","Type of Animal":"Pork"},"geometry":{"type":"Point","coordinates":[5.59144,51.65782]}},{"type":"Feature","properties":{"CountryName":"Netherlands","Type of Animal":"Chicken"},"geometry":{"type":"Point","coordinates":[5.67393,52.92739]}},{"type":"Feature","properties":{"CountryName":"Netherlands","Type of Animal":"Chicken"},"geometry":{"type":"Point","coordinates":[5.7182,51.64076]}},{"type":"Feature","properties":{"CountryName":"Netherlands","Type of Animal":"Pork"},"geometry":{"type":"Point","coordinates":[5.43965,53.01638]}},{"type":"Feature","properties":{"CountryName":"Netherlands","Type of Animal":"Chicken"},"geometry":{"type":"Point","coordinates":[5.4625,53.11077]}},{"type":"Feature","properties":{"CountryName":"Netherlands","Type of Animal":"Chicken"},"geometry":{"type":"Point","coordinates":[5.80145,51.40663]}},{"type":"Feature","properties":{"CountryName":"Netherlands","Type of Animal":"Pork"},"geometry":{"type":"Point","coordinates":[5.7991,51.37201]}},{"type":"Feature","properties":{"CountryName":"Netherlands","Type of Animal":"Pork"},"geometry":{"type":"Point","coordinates":[5.77767,51.5919]}},{"type":"Feature","properties":{"CountryName":"Netherlands","Type of Animal":"Chicken"},"geometry":{"type":"Point","coordinates":[5.71523,51.42788]}},{"type":"Feature","properties":{"CountryName":"Netherlands","Type of Animal":"Chicken"},"geometry":{"type":"Point","coordinates":[5.76446,51.4914]}},{"type":"Feature","properties":{"CountryName":"Netherlands","Type of Animal":"Pork"},"geometry":{"type":"Point","coordinates":[5.73778,51.6258]}},{"type":"Feature","properties":{"CountryName":"Netherlands","Type of Animal":"Pork"},"geometry":{"type":"Point","coordinates":[4.59436,51.59131]}},{"type":"Feature","properties":{"CountryName":"Netherlands","Type of Animal":"Chicken"},"geometry":{"type":"Point","coordinates":[5.77406,51.37909]}},{"type":"Feature","properties":{"CountryName":"Netherlands","Type of Animal":"Chicken"},"geometry":{"type":"Point","coordinates":[5.71044,51.6429]}},{"type":"Feature","properties":{"CountryName":"Netherlands","Type of Animal":"Chicken"},"geometry":{"type":"Point","coordinates":[6.34479,53.17433]}},{"type":"Feature","properties":{"CountryName":"Netherlands","Type of Animal":"Chicken"},"geometry":{"type":"Point","coordinates":[5.77808,51.58024]}},{"type":"Feature","properties":{"CountryName":"Netherlands","Type of Animal":"Pork"},"geometry":{"type":"Point","coordinates":[5.77844,51.51171]}},{"type":"Feature","properties":{"CountryName":"Netherlands","Type of Animal":"Pork"},"geometry":{"type":"Point","coordinates":[5.78599,51.40042]}},{"type":"Feature","properties":{"CountryName":"Netherlands","Type of Animal":"Pork"},"geometry":{"type":"Point","coordinates":[5.80468,51.50931]}},{"type":"Feature","properties":{"CountryName":"Netherlands","Type of Animal":"Pork"},"geometry":{"type":"Point","coordinates":[6.64695,52.12969]}},{"type":"Feature","properties":{"CountryName":"Netherlands","Type of Animal":"Chicken"},"geometry":{"type":"Point","coordinates":[5.46671,53.01856]}},{"type":"Feature","properties":{"CountryName":"Netherlands","Type of Animal":"Pork"},"geometry":{"type":"Point","coordinates":[5.75605,51.49326]}},{"type":"Feature","properties":{"CountryName":"Netherlands","Type of Animal":"Pork"},"geometry":{"type":"Point","coordinates":[5.56457,51.86694]}},{"type":"Feature","properties":{"CountryName":"Netherlands","Type of Animal":"Pork"},"geometry":{"type":"Point","coordinates":[5.8179,51.50565]}},{"type":"Feature","properties":{"CountryName":"Netherlands","Type of Animal":"Pork"},"geometry":{"type":"Point","coordinates":[5.81606,51.53668]}},{"type":"Feature","properties":{"CountryName":"Netherlands","Type of Animal":"Pork"},"geometry":{"type":"Point","coordinates":[5.82979,51.53464]}},{"type":"Feature","properties":{"CountryName":"Netherlands","Type of Animal":"Pork"},"geometry":{"type":"Point","coordinates":[5.81722,51.50873]}},{"type":"Feature","properties":{"CountryName":"Netherlands","Type of Animal":"Pork"},"geometry":{"type":"Point","coordinates":[5.78629,51.3809]}},{"type":"Feature","properties":{"CountryName":"Netherlands","Type of Animal":"Chicken"},"geometry":{"type":"Point","coordinates":[5.76446,51.4914]}},{"type":"Feature","properties":{"CountryName":"Netherlands","Type of Animal":"Pork"},"geometry":{"type":"Point","coordinates":[5.81075,51.54273]}},{"type":"Feature","properties":{"CountryName":"Netherlands","Type of Animal":"Chicken"},"geometry":{"type":"Point","coordinates":[5.7914,51.50014]}},{"type":"Feature","properties":{"CountryName":"Netherlands","Type of Animal":"Pork"},"geometry":{"type":"Point","coordinates":[5.71529,51.55811]}},{"type":"Feature","properties":{"CountryName":"Netherlands","Type of Animal":"Pork"},"geometry":{"type":"Point","coordinates":[5.71205,51.53257]}},{"type":"Feature","properties":{"CountryName":"Netherlands","Type of Animal":"Chicken"},"geometry":{"type":"Point","coordinates":[5.55816,51.86616]}},{"type":"Feature","properties":{"CountryName":"Netherlands","Type of Animal":"Pork"},"geometry":{"type":"Point","coordinates":[5.84171,51.53937]}},{"type":"Feature","properties":{"CountryName":"Netherlands","Type of Animal":"Chicken"},"geometry":{"type":"Point","coordinates":[5.77665,51.58687]}},{"type":"Feature","properties":{"CountryName":"Netherlands","Type of Animal":"Pork"},"geometry":{"type":"Point","coordinates":[5.74298,51.41321]}},{"type":"Feature","properties":{"CountryName":"Netherlands","Type of Animal":"Chicken"},"geometry":{"type":"Point","coordinates":[5.61457,51.87468]}},{"type":"Feature","properties":{"CountryName":"Netherlands","Type of Animal":"Chicken"},"geometry":{"type":"Point","coordinates":[5.42137,53.09231]}},{"type":"Feature","properties":{"CountryName":"Netherlands","Type of Animal":"Pork"},"geometry":{"type":"Point","coordinates":[5.73695,51.64261]}},{"type":"Feature","properties":{"CountryName":"Netherlands","Type of Animal":"Pork"},"geometry":{"type":"Point","coordinates":[5.845,51.36906]}},{"type":"Feature","properties":{"CountryName":"Netherlands","Type of Animal":"Pork"},"geometry":{"type":"Point","coordinates":[5.75376,51.37687]}},{"type":"Feature","properties":{"CountryName":"Netherlands","Type of Animal":"Pork"},"geometry":{"type":"Point","coordinates":[5.75857,51.39]}},{"type":"Feature","properties":{"CountryName":"Netherlands","Type of Animal":"Pork"},"geometry":{"type":"Point","coordinates":[5.71286,51.56272]}},{"type":"Feature","properties":{"CountryName":"Netherlands","Type of Animal":"Chicken"},"geometry":{"type":"Point","coordinates":[6.59724,52.82607]}},{"type":"Feature","properties":{"CountryName":"Netherlands","Type of Animal":"Chicken"},"geometry":{"type":"Point","coordinates":[6.59906,52.82629]}},{"type":"Feature","properties":{"CountryName":"Netherlands","Type of Animal":"Pork"},"geometry":{"type":"Point","coordinates":[4.62535,52.16069]}},{"type":"Feature","properties":{"CountryName":"Netherlands","Type of Animal":"Chicken"},"geometry":{"type":"Point","coordinates":[5.46258,53.20737]}},{"type":"Feature","properties":{"CountryName":"Netherlands","Type of Animal":"Pork"},"geometry":{"type":"Point","coordinates":[5.20902,51.60956]}},{"type":"Feature","properties":{"CountryName":"Netherlands","Type of Animal":"Chicken"},"geometry":{"type":"Point","coordinates":[5.53055,51.40719]}},{"type":"Feature","properties":{"CountryName":"Netherlands","Type of Animal":"Chicken"},"geometry":{"type":"Point","coordinates":[5.58292,53.15797]}},{"type":"Feature","properties":{"CountryName":"Netherlands","Type of Animal":"Chicken"},"geometry":{"type":"Point","coordinates":[5.97176,53.22316]}},{"type":"Feature","properties":{"CountryName":"Netherlands","Type of Animal":"Chicken"},"geometry":{"type":"Point","coordinates":[6.6772,52.67256]}},{"type":"Feature","properties":{"CountryName":"Netherlands","Type of Animal":"Chicken"},"geometry":{"type":"Point","coordinates":[6.68628,52.18108]}},{"type":"Feature","properties":{"CountryName":"Netherlands","Type of Animal":"Pork"},"geometry":{"type":"Point","coordinates":[5.58078,51.53552]}},{"type":"Feature","properties":{"CountryName":"Netherlands","Type of Animal":"Chicken"},"geometry":{"type":"Point","coordinates":[6.64146,52.78369]}},{"type":"Feature","properties":{"CountryName":"Netherlands","Type of Animal":"Pork"},"geometry":{"type":"Point","coordinates":[6.69343,52.72915]}},{"type":"Feature","properties":{"CountryName":"Netherlands","Type of Animal":"Pork"},"geometry":{"type":"Point","coordinates":[7.03629,53.23866]}},{"type":"Feature","properties":{"CountryName":"Netherlands","Type of Animal":"Pork"},"geometry":{"type":"Point","coordinates":[6.70774,52.69292]}},{"type":"Feature","properties":{"CountryName":"Netherlands","Type of Animal":"Chicken"},"geometry":{"type":"Point","coordinates":[6.08433,51.53601]}},{"type":"Feature","properties":{"CountryName":"Netherlands","Type of Animal":"Chicken"},"geometry":{"type":"Point","coordinates":[6.09116,51.52055]}},{"type":"Feature","properties":{"CountryName":"Netherlands","Type of Animal":"Chicken"},"geometry":{"type":"Point","coordinates":[7.04699,53.20928]}},{"type":"Feature","properties":{"CountryName":"Netherlands","Type of Animal":"Pork"},"geometry":{"type":"Point","coordinates":[6.61843,52.07244]}},{"type":"Feature","properties":{"CountryName":"Netherlands","Type of Animal":"Chicken"},"geometry":{"type":"Point","coordinates":[5.78797,51.21061]}},{"type":"Feature","properties":{"CountryName":"Netherlands","Type of Animal":"Pork"},"geometry":{"type":"Point","coordinates":[6.50586,52.09871]}},{"type":"Feature","properties":{"CountryName":"Netherlands","Type of Animal":"Chicken"},"geometry":{"type":"Point","coordinates":[6.60755,52.10945]}},{"type":"Feature","properties":{"CountryName":"Netherlands","Type of Animal":"Chicken"},"geometry":{"type":"Point","coordinates":[6.53211,52.03584]}},{"type":"Feature","properties":{"CountryName":"Netherlands","Type of Animal":"Chicken"},"geometry":{"type":"Point","coordinates":[6.48126,52.0416]}},{"type":"Feature","properties":{"CountryName":"Netherlands","Type of Animal":"Chicken"},"geometry":{"type":"Point","coordinates":[5.56689,51.53136]}},{"type":"Feature","properties":{"CountryName":"Netherlands","Type of Animal":"Chicken"},"geometry":{"type":"Point","coordinates":[6.30627,52.54269]}},{"type":"Feature","properties":{"CountryName":"Netherlands","Type of Animal":"Chicken"},"geometry":{"type":"Point","coordinates":[6.42528,52.93091]}},{"type":"Feature","properties":{"CountryName":"Netherlands","Type of Animal":"Chicken"},"geometry":{"type":"Point","coordinates":[5.49356,53.21911]}},{"type":"Feature","properties":{"CountryName":"Netherlands","Type of Animal":"Chicken"},"geometry":{"type":"Point","coordinates":[6.42297,52.92812]}},{"type":"Feature","properties":{"CountryName":"Netherlands","Type of Animal":"Pork"},"geometry":{"type":"Point","coordinates":[6.08498,51.52158]}},{"type":"Feature","properties":{"CountryName":"Netherlands","Type of Animal":"Pork"},"geometry":{"type":"Point","coordinates":[6.08994,51.52081]}},{"type":"Feature","properties":{"CountryName":"Netherlands","Type of Animal":"Pork"},"geometry":{"type":"Point","coordinates":[6.62551,52.72968]}},{"type":"Feature","properties":{"CountryName":"Netherlands","Type of Animal":"Chicken"},"geometry":{"type":"Point","coordinates":[6.48173,52.8897]}},{"type":"Feature","properties":{"CountryName":"Netherlands","Type of Animal":"Pork"},"geometry":{"type":"Point","coordinates":[6.59883,52.75696]}},{"type":"Feature","properties":{"CountryName":"Netherlands","Type of Animal":"Chicken"},"geometry":{"type":"Point","coordinates":[5.14219,51.70934]}},{"type":"Feature","properties":{"CountryName":"Netherlands","Type of Animal":"Chicken"},"geometry":{"type":"Point","coordinates":[5.55861,53.21094]}},{"type":"Feature","properties":{"CountryName":"Netherlands","Type of Animal":"Chicken"},"geometry":{"type":"Point","coordinates":[5.70925,51.64843]}},{"type":"Feature","properties":{"CountryName":"Netherlands","Type of Animal":"Chicken"},"geometry":{"type":"Point","coordinates":[5.58175,53.21781]}},{"type":"Feature","properties":{"CountryName":"Netherlands","Type of Animal":"Chicken"},"geometry":{"type":"Point","coordinates":[6.42705,52.95452]}},{"type":"Feature","properties":{"CountryName":"Netherlands","Type of Animal":"Chicken"},"geometry":{"type":"Point","coordinates":[6.07862,51.50206]}},{"type":"Feature","properties":{"CountryName":"Netherlands","Type of Animal":"Chicken"},"geometry":{"type":"Point","coordinates":[5.5298,53.25752]}},{"type":"Feature","properties":{"CountryName":"Netherlands","Type of Animal":"Pork"},"geometry":{"type":"Point","coordinates":[6.61158,52.74271]}},{"type":"Feature","properties":{"CountryName":"Netherlands","Type of Animal":"Pork"},"geometry":{"type":"Point","coordinates":[6.82337,52.66965]}},{"type":"Feature","properties":{"CountryName":"Netherlands","Type of Animal":"Pork"},"geometry":{"type":"Point","coordinates":[6.30412,52.54532]}},{"type":"Feature","properties":{"CountryName":"Netherlands","Type of Animal":"Chicken"},"geometry":{"type":"Point","coordinates":[5.56761,53.24359]}},{"type":"Feature","properties":{"CountryName":"Netherlands","Type of Animal":"Pork"},"geometry":{"type":"Point","coordinates":[5.2396,51.5926]}},{"type":"Feature","properties":{"CountryName":"Netherlands","Type of Animal":"Chicken"},"geometry":{"type":"Point","coordinates":[5.80738,51.20154]}},{"type":"Feature","properties":{"CountryName":"Netherlands","Type of Animal":"Chicken"},"geometry":{"type":"Point","coordinates":[5.81381,51.20359]}},{"type":"Feature","properties":{"CountryName":"Netherlands","Type of Animal":"Pork"},"geometry":{"type":"Point","coordinates":[6.55281,52.09112]}},{"type":"Feature","properties":{"CountryName":"Netherlands","Type of Animal":"Chicken"},"geometry":{"type":"Point","coordinates":[5.81099,51.21217]}},{"type":"Feature","properties":{"CountryName":"Netherlands","Type of Animal":"Pork"},"geometry":{"type":"Point","coordinates":[6.56899,52.0336]}},{"type":"Feature","properties":{"CountryName":"Netherlands","Type of Animal":"Chicken"},"geometry":{"type":"Point","coordinates":[6.51051,52.05764]}},{"type":"Feature","properties":{"CountryName":"Netherlands","Type of Animal":"Pork"},"geometry":{"type":"Point","coordinates":[6.63911,52.06204]}},{"type":"Feature","properties":{"CountryName":"Netherlands","Type of Animal":"Chicken"},"geometry":{"type":"Point","coordinates":[5.75105,51.19423]}},{"type":"Feature","properties":{"CountryName":"Netherlands","Type of Animal":"Pork"},"geometry":{"type":"Point","coordinates":[5.17625,51.63909]}},{"type":"Feature","properties":{"CountryName":"Netherlands","Type of Animal":"Chicken"},"geometry":{"type":"Point","coordinates":[5.57127,51.51051]}},{"type":"Feature","properties":{"CountryName":"Netherlands","Type of Animal":"Pork"},"geometry":{"type":"Point","coordinates":[5.65098,51.54075]}},{"type":"Feature","properties":{"CountryName":"Netherlands","Type of Animal":"Chicken"},"geometry":{"type":"Point","coordinates":[6.61595,52.76211]}},{"type":"Feature","properties":{"CountryName":"Netherlands","Type of Animal":"Chicken"},"geometry":{"type":"Point","coordinates":[6.4517,52.97466]}},{"type":"Feature","properties":{"CountryName":"Netherlands","Type of Animal":"Chicken"},"geometry":{"type":"Point","coordinates":[6.51741,52.82402]}},{"type":"Feature","properties":{"CountryName":"Netherlands","Type of Animal":"Chicken"},"geometry":{"type":"Point","coordinates":[6.40444,52.91095]}},{"type":"Feature","properties":{"CountryName":"Netherlands","Type of Animal":"Chicken"},"geometry":{"type":"Point","coordinates":[5.16953,51.61253]}},{"type":"Feature","properties":{"CountryName":"Netherlands","Type of Animal":"Chicken"},"geometry":{"type":"Point","coordinates":[6.27268,52.53042]}},{"type":"Feature","properties":{"CountryName":"Netherlands","Type of Animal":"Pork"},"geometry":{"type":"Point","coordinates":[6.59517,52.8241]}},{"type":"Feature","properties":{"CountryName":"Netherlands","Type of Animal":"Chicken"},"geometry":{"type":"Point","coordinates":[6.70113,52.79243]}},{"type":"Feature","properties":{"CountryName":"Netherlands","Type of Animal":"Chicken"},"geometry":{"type":"Point","coordinates":[6.07498,51.5092]}},{"type":"Feature","properties":{"CountryName":"Netherlands","Type of Animal":"Pork"},"geometry":{"type":"Point","coordinates":[6.70408,52.67587]}},{"type":"Feature","properties":{"CountryName":"Netherlands","Type of Animal":"Pork"},"geometry":{"type":"Point","coordinates":[6.2932,52.43818]}},{"type":"Feature","properties":{"CountryName":"Netherlands","Type of Animal":"Chicken"},"geometry":{"type":"Point","coordinates":[6.66395,52.85042]}},{"type":"Feature","properties":{"CountryName":"Netherlands","Type of Animal":"Chicken"},"geometry":{"type":"Point","coordinates":[6.09023,51.48419]}},{"type":"Feature","properties":{"CountryName":"Netherlands","Type of Animal":"Pork"},"geometry":{"type":"Point","coordinates":[6.10433,51.50415]}},{"type":"Feature","properties":{"CountryName":"Netherlands","Type of Animal":"Pork"},"geometry":{"type":"Point","coordinates":[6.0954,51.50503]}},{"type":"Feature","properties":{"CountryName":"Netherlands","Type of Animal":"Chicken"},"geometry":{"type":"Point","coordinates":[6.71338,52.70918]}},{"type":"Feature","properties":{"CountryName":"Netherlands","Type of Animal":"Pork"},"geometry":{"type":"Point","coordinates":[5.62864,51.60507]}},{"type":"Feature","properties":{"CountryName":"Netherlands","Type of Animal":"Pork"},"geometry":{"type":"Point","coordinates":[5.64907,51.55237]}},{"type":"Feature","properties":{"CountryName":"Netherlands","Type of Animal":"Chicken"},"geometry":{"type":"Point","coordinates":[6.02879,53.27785]}},{"type":"Feature","properties":{"CountryName":"Netherlands","Type of Animal":"Chicken"},"geometry":{"type":"Point","coordinates":[5.49246,53.23405]}},{"type":"Feature","properties":{"CountryName":"Netherlands","Type of Animal":"Chicken"},"geometry":{"type":"Point","coordinates":[4.68979,52.46524]}},{"type":"Feature","properties":{"CountryName":"Netherlands","Type of Animal":"Pork"},"geometry":{"type":"Point","coordinates":[5.77981,51.50133]}},{"type":"Feature","properties":{"CountryName":"Netherlands","Type of Animal":"Pork"},"geometry":{"type":"Point","coordinates":[6.61037,52.75434]}},{"type":"Feature","properties":{"CountryName":"Netherlands","Type of Animal":"Pork"},"geometry":{"type":"Point","coordinates":[5.83062,51.54506]}},{"type":"Feature","properties":{"CountryName":"Netherlands","Type of Animal":"Pork"},"geometry":{"type":"Point","coordinates":[7.04699,53.20928]}},{"type":"Feature","properties":{"CountryName":"Netherlands","Type of Animal":"Chicken"},"geometry":{"type":"Point","coordinates":[7.05241,53.21545]}},{"type":"Feature","properties":{"CountryName":"Netherlands","Type of Animal":"Chicken"},"geometry":{"type":"Point","coordinates":[6.08318,51.49683]}},{"type":"Feature","properties":{"CountryName":"Netherlands","Type of Animal":"Chicken"},"geometry":{"type":"Point","coordinates":[6.03528,52.88869]}},{"type":"Feature","properties":{"CountryName":"Netherlands","Type of Animal":"Pork"},"geometry":{"type":"Point","coordinates":[5.59388,51.45432]}},{"type":"Feature","properties":{"CountryName":"Netherlands","Type of Animal":"Pork"},"geometry":{"type":"Point","coordinates":[6.03855,51.94844]}},{"type":"Feature","properties":{"CountryName":"Netherlands","Type of Animal":"Chicken"},"geometry":{"type":"Point","coordinates":[5.77161,51.19108]}},{"type":"Feature","properties":{"CountryName":"Netherlands","Type of Animal":"Chicken"},"geometry":{"type":"Point","coordinates":[6.63861,52.86523]}},{"type":"Feature","properties":{"CountryName":"Netherlands","Type of Animal":"Chicken"},"geometry":{"type":"Point","coordinates":[6.08366,51.49615]}},{"type":"Feature","properties":{"CountryName":"Netherlands","Type of Animal":"Chicken"},"geometry":{"type":"Point","coordinates":[5.91752,52.46248]}},{"type":"Feature","properties":{"CountryName":"Netherlands","Type of Animal":"Chicken"},"geometry":{"type":"Point","coordinates":[6.47812,52.06596]}},{"type":"Feature","properties":{"CountryName":"Netherlands","Type of Animal":"Chicken"},"geometry":{"type":"Point","coordinates":[6.60002,52.82572]}},{"type":"Feature","properties":{"CountryName":"Netherlands","Type of Animal":"Chicken"},"geometry":{"type":"Point","coordinates":[6.49061,52.43597]}},{"type":"Feature","properties":{"CountryName":"Netherlands","Type of Animal":"Pork"},"geometry":{"type":"Point","coordinates":[6.43978,52.42766]}},{"type":"Feature","properties":{"CountryName":"Netherlands","Type of Animal":"Chicken"},"geometry":{"type":"Point","coordinates":[3.73491,51.4802]}},{"type":"Feature","properties":{"CountryName":"Netherlands","Type of Animal":"Pork"},"geometry":{"type":"Point","coordinates":[6.46627,52.20636]}},{"type":"Feature","properties":{"CountryName":"Netherlands","Type of Animal":"Chicken"},"geometry":{"type":"Point","coordinates":[6.10773,52.89317]}},{"type":"Feature","properties":{"CountryName":"Netherlands","Type of Animal":"Pork"},"geometry":{"type":"Point","coordinates":[6.16222,52.54735]}},{"type":"Feature","properties":{"CountryName":"Netherlands","Type of Animal":"Pork"},"geometry":{"type":"Point","coordinates":[4.80615,51.7026]}},{"type":"Feature","properties":{"CountryName":"Netherlands","Type of Animal":"Chicken"},"geometry":{"type":"Point","coordinates":[4.81615,51.69318]}},{"type":"Feature","properties":{"CountryName":"Netherlands","Type of Animal":"Pork"},"geometry":{"type":"Point","coordinates":[4.74205,51.68851]}},{"type":"Feature","properties":{"CountryName":"Netherlands","Type of Animal":"Pork"},"geometry":{"type":"Point","coordinates":[4.73546,51.70852]}},{"type":"Feature","properties":{"CountryName":"Netherlands","Type of Animal":"Pork"},"geometry":{"type":"Point","coordinates":[4.81242,51.69126]}},{"type":"Feature","properties":{"CountryName":"Netherlands","Type of Animal":"Pork"},"geometry":{"type":"Point","coordinates":[4.76569,51.667]}},{"type":"Feature","properties":{"CountryName":"Netherlands","Type of Animal":"Chicken"},"geometry":{"type":"Point","coordinates":[5.51419,52.08736]}},{"type":"Feature","properties":{"CountryName":"Netherlands","Type of Animal":"Chicken"},"geometry":{"type":"Point","coordinates":[6.11623,52.8946]}},{"type":"Feature","properties":{"CountryName":"Netherlands","Type of Animal":"Chicken"},"geometry":{"type":"Point","coordinates":[6.47577,52.3866]}},{"type":"Feature","properties":{"CountryName":"Netherlands","Type of Animal":"Chicken"},"geometry":{"type":"Point","coordinates":[6.71958,52.19447]}},{"type":"Feature","properties":{"CountryName":"Netherlands","Type of Animal":"Chicken"},"geometry":{"type":"Point","coordinates":[6.70258,52.2133]}},{"type":"Feature","properties":{"CountryName":"Netherlands","Type of Animal":"Pork"},"geometry":{"type":"Point","coordinates":[6.58719,52.43827]}},{"type":"Feature","properties":{"CountryName":"Netherlands","Type of Animal":"Chicken"},"geometry":{"type":"Point","coordinates":[6.45438,52.45675]}},{"type":"Feature","properties":{"CountryName":"Netherlands","Type of Animal":"Chicken"},"geometry":{"type":"Point","coordinates":[6.63997,52.2019]}},{"type":"Feature","properties":{"CountryName":"Netherlands","Type of Animal":"Chicken"},"geometry":{"type":"Point","coordinates":[6.48818,52.41784]}},{"type":"Feature","properties":{"CountryName":"Netherlands","Type of Animal":"Pork"},"geometry":{"type":"Point","coordinates":[6.76703,52.17352]}},{"type":"Feature","properties":{"CountryName":"Netherlands","Type of Animal":"Pork"},"geometry":{"type":"Point","coordinates":[5.90191,51.63395]}},{"type":"Feature","properties":{"CountryName":"Netherlands","Type of Animal":"Chicken"},"geometry":{"type":"Point","coordinates":[5.04565,51.62703]}},{"type":"Feature","properties":{"CountryName":"Netherlands","Type of Animal":"Chicken"},"geometry":{"type":"Point","coordinates":[6.70986,52.23725]}},{"type":"Feature","properties":{"CountryName":"Netherlands","Type of Animal":"Chicken"},"geometry":{"type":"Point","coordinates":[6.60903,52.25652]}},{"type":"Feature","properties":{"CountryName":"Netherlands","Type of Animal":"Pork"},"geometry":{"type":"Point","coordinates":[6.67919,52.2439]}},{"type":"Feature","properties":{"CountryName":"Netherlands","Type of Animal":"Pork"},"geometry":{"type":"Point","coordinates":[6.64816,52.22407]}},{"type":"Feature","properties":{"CountryName":"Netherlands","Type of Animal":"Pork"},"geometry":{"type":"Point","coordinates":[6.65101,52.17944]}},{"type":"Feature","properties":{"CountryName":"Netherlands","Type of Animal":"Pork"},"geometry":{"type":"Point","coordinates":[6.65067,52.18676]}},{"type":"Feature","properties":{"CountryName":"Netherlands","Type of Animal":"Chicken"},"geometry":{"type":"Point","coordinates":[5.52895,52.09685]}},{"type":"Feature","properties":{"CountryName":"Netherlands","Type of Animal":"Chicken"},"geometry":{"type":"Point","coordinates":[6.48252,52.43766]}},{"type":"Feature","properties":{"CountryName":"Netherlands","Type of Animal":"Pork"},"geometry":{"type":"Point","coordinates":[6.4625,52.44306]}},{"type":"Feature","properties":{"CountryName":"Netherlands","Type of Animal":"Pork"},"geometry":{"type":"Point","coordinates":[6.65271,52.22507]}},{"type":"Feature","properties":{"CountryName":"Netherlands","Type of Animal":"Pork"},"geometry":{"type":"Point","coordinates":[6.49868,52.40935]}},{"type":"Feature","properties":{"CountryName":"Netherlands","Type of Animal":"Chicken"},"geometry":{"type":"Point","coordinates":[5.70183,52.4922]}},{"type":"Feature","properties":{"CountryName":"Netherlands","Type of Animal":"Pork"},"geometry":{"type":"Point","coordinates":[6.45167,52.39917]}},{"type":"Feature","properties":{"CountryName":"Netherlands","Type of Animal":"Pork"},"geometry":{"type":"Point","coordinates":[6.4291,52.42293]}},{"type":"Feature","properties":{"CountryName":"Netherlands","Type of Animal":"Chicken"},"geometry":{"type":"Point","coordinates":[5.67287,52.51379]}},{"type":"Feature","properties":{"CountryName":"Netherlands","Type of Animal":"Pork"},"geometry":{"type":"Point","coordinates":[6.69955,52.21903]}},{"type":"Feature","properties":{"CountryName":"Netherlands","Type of Animal":"Pork"},"geometry":{"type":"Point","coordinates":[6.6848,52.20417]}},{"type":"Feature","properties":{"CountryName":"Netherlands","Type of Animal":"Pork"},"geometry":{"type":"Point","coordinates":[6.47483,52.25066]}},{"type":"Feature","properties":{"CountryName":"Netherlands","Type of Animal":"Chicken"},"geometry":{"type":"Point","coordinates":[6.66511,52.23531]}},{"type":"Feature","properties":{"CountryName":"Netherlands","Type of Animal":"Pork"},"geometry":{"type":"Point","coordinates":[6.36336,52.37058]}},{"type":"Feature","properties":{"CountryName":"Netherlands","Type of Animal":"Pork"},"geometry":{"type":"Point","coordinates":[6.50766,52.25721]}},{"type":"Feature","properties":{"CountryName":"Netherlands","Type of Animal":"Chicken"},"geometry":{"type":"Point","coordinates":[4.79825,51.68196]}},{"type":"Feature","properties":{"CountryName":"Netherlands","Type of Animal":"Chicken"},"geometry":{"type":"Point","coordinates":[4.81543,51.69307]}},{"type":"Feature","properties":{"CountryName":"Netherlands","Type of Animal":"Pork"},"geometry":{"type":"Point","coordinates":[4.81259,51.69019]}},{"type":"Feature","properties":{"CountryName":"Netherlands","Type of Animal":"Pork"},"geometry":{"type":"Point","coordinates":[5.40762,51.73971]}},{"type":"Feature","properties":{"CountryName":"Netherlands","Type of Animal":"Chicken"},"geometry":{"type":"Point","coordinates":[4.74068,51.66709]}},{"type":"Feature","properties":{"CountryName":"Netherlands","Type of Animal":"Chicken"},"geometry":{"type":"Point","coordinates":[4.72664,51.69579]}},{"type":"Feature","properties":{"CountryName":"Netherlands","Type of Animal":"Chicken"},"geometry":{"type":"Point","coordinates":[5.02393,51.66662]}},{"type":"Feature","properties":{"CountryName":"Netherlands","Type of Animal":"Chicken"},"geometry":{"type":"Point","coordinates":[6.4849,52.21958]}},{"type":"Feature","properties":{"CountryName":"Netherlands","Type of Animal":"Pork"},"geometry":{"type":"Point","coordinates":[6.53182,52.42923]}},{"type":"Feature","properties":{"CountryName":"Netherlands","Type of Animal":"Pork"},"geometry":{"type":"Point","coordinates":[6.19897,52.56807]}},{"type":"Feature","properties":{"CountryName":"Netherlands","Type of Animal":"Chicken"},"geometry":{"type":"Point","coordinates":[6.67894,52.1306]}},{"type":"Feature","properties":{"CountryName":"Netherlands","Type of Animal":"Pork"},"geometry":{"type":"Point","coordinates":[5.03864,51.63575]}},{"type":"Feature","properties":{"CountryName":"Netherlands","Type of Animal":"Chicken"},"geometry":{"type":"Point","coordinates":[6.44453,52.22809]}},{"type":"Feature","properties":{"CountryName":"Netherlands","Type of Animal":"Chicken"},"geometry":{"type":"Point","coordinates":[5.00039,51.61978]}},{"type":"Feature","properties":{"CountryName":"Netherlands","Type of Animal":"Chicken"},"geometry":{"type":"Point","coordinates":[6.67,52.19971]}},{"type":"Feature","properties":{"CountryName":"Netherlands","Type of Animal":"Pork"},"geometry":{"type":"Point","coordinates":[4.7426,51.6726]}},{"type":"Feature","properties":{"CountryName":"Netherlands","Type of Animal":"Pork"},"geometry":{"type":"Point","coordinates":[5.96992,52.86323]}},{"type":"Feature","properties":{"CountryName":"Netherlands","Type of Animal":"Pork"},"geometry":{"type":"Point","coordinates":[6.62393,52.25225]}},{"type":"Feature","properties":{"CountryName":"Netherlands","Type of Animal":"Chicken"},"geometry":{"type":"Point","coordinates":[5.49794,52.10332]}},{"type":"Feature","properties":{"CountryName":"Netherlands","Type of Animal":"Chicken"},"geometry":{"type":"Point","coordinates":[6.64252,52.20523]}},{"type":"Feature","properties":{"CountryName":"Netherlands","Type of Animal":"Chicken"},"geometry":{"type":"Point","coordinates":[6.64315,52.20253]}},{"type":"Feature","properties":{"CountryName":"Netherlands","Type of Animal":"Chicken"},"geometry":{"type":"Point","coordinates":[3.78834,51.44597]}},{"type":"Feature","properties":{"CountryName":"Netherlands","Type of Animal":"Pork"},"geometry":{"type":"Point","coordinates":[5.23684,51.76329]}},{"type":"Feature","properties":{"CountryName":"Netherlands","Type of Animal":"Chicken"},"geometry":{"type":"Point","coordinates":[5.2542,51.76166]}},{"type":"Feature","properties":{"CountryName":"Netherlands","Type of Animal":"Pork"},"geometry":{"type":"Point","coordinates":[5.25875,51.773]}},{"type":"Feature","properties":{"CountryName":"Netherlands","Type of Animal":"Pork"},"geometry":{"type":"Point","coordinates":[5.2773,51.79421]}},{"type":"Feature","properties":{"CountryName":"Netherlands","Type of Animal":"Chicken"},"geometry":{"type":"Point","coordinates":[5.27589,51.75936]}},{"type":"Feature","properties":{"CountryName":"Netherlands","Type of Animal":"Pork"},"geometry":{"type":"Point","coordinates":[5.26707,51.76085]}},{"type":"Feature","properties":{"CountryName":"Netherlands","Type of Animal":"Pork"},"geometry":{"type":"Point","coordinates":[6.50962,52.82461]}},{"type":"Feature","properties":{"CountryName":"Netherlands","Type of Animal":"Chicken"},"geometry":{"type":"Point","coordinates":[4.51812,51.6246]}},{"type":"Feature","properties":{"CountryName":"Netherlands","Type of Animal":"Chicken"},"geometry":{"type":"Point","coordinates":[4.99793,51.90979]}},{"type":"Feature","properties":{"CountryName":"Netherlands","Type of Animal":"Chicken"},"geometry":{"type":"Point","coordinates":[5.06741,51.89334]}},{"type":"Feature","properties":{"CountryName":"Netherlands","Type of Animal":"Pork"},"geometry":{"type":"Point","coordinates":[4.14942,51.5618]}},{"type":"Feature","properties":{"CountryName":"Netherlands","Type of Animal":"Pork"},"geometry":{"type":"Point","coordinates":[4.11778,51.55235]}},{"type":"Feature","properties":{"CountryName":"Netherlands","Type of Animal":"Pork"},"geometry":{"type":"Point","coordinates":[5.21907,51.43976]}},{"type":"Feature","properties":{"CountryName":"Netherlands","Type of Animal":"Chicken"},"geometry":{"type":"Point","coordinates":[4.52047,51.78418]}},{"type":"Feature","properties":{"CountryName":"Netherlands","Type of Animal":"Chicken"},"geometry":{"type":"Point","coordinates":[4.51113,51.61916]}},{"type":"Feature","properties":{"CountryName":"Netherlands","Type of Animal":"Pork"},"geometry":{"type":"Point","coordinates":[4.51553,51.64272]}},{"type":"Feature","properties":{"CountryName":"Netherlands","Type of Animal":"Pork"},"geometry":{"type":"Point","coordinates":[4.49665,51.66845]}},{"type":"Feature","properties":{"CountryName":"Netherlands","Type of Animal":"Pork"},"geometry":{"type":"Point","coordinates":[4.5003,51.63856]}},{"type":"Feature","properties":{"CountryName":"Netherlands","Type of Animal":"Chicken"},"geometry":{"type":"Point","coordinates":[4.45637,51.64698]}},{"type":"Feature","properties":{"CountryName":"Netherlands","Type of Animal":"Pork"},"geometry":{"type":"Point","coordinates":[4.45637,51.64698]}},{"type":"Feature","properties":{"CountryName":"Netherlands","Type of Animal":"Pork"},"geometry":{"type":"Point","coordinates":[4.40584,51.66357]}},{"type":"Feature","properties":{"CountryName":"Netherlands","Type of Animal":"Pork"},"geometry":{"type":"Point","coordinates":[4.87816,51.9115]}},{"type":"Feature","properties":{"CountryName":"Netherlands","Type of Animal":"Pork"},"geometry":{"type":"Point","coordinates":[5.96515,51.26916]}},{"type":"Feature","properties":{"CountryName":"Netherlands","Type of Animal":"Chicken"},"geometry":{"type":"Point","coordinates":[4.55729,52.09536]}},{"type":"Feature","properties":{"CountryName":"Netherlands","Type of Animal":"Pork"},"geometry":{"type":"Point","coordinates":[4.13637,51.56303]}},{"type":"Feature","properties":{"CountryName":"Netherlands","Type of Animal":"Pork"},"geometry":{"type":"Point","coordinates":[6.54625,51.89906]}},{"type":"Feature","properties":{"CountryName":"Netherlands","Type of Animal":"Pork"},"geometry":{"type":"Point","coordinates":[4.12065,51.65213]}},{"type":"Feature","properties":{"CountryName":"Netherlands","Type of Animal":"Pork"},"geometry":{"type":"Point","coordinates":[6.14006,51.50175]}},{"type":"Feature","properties":{"CountryName":"Netherlands","Type of Animal":"Pork"},"geometry":{"type":"Point","coordinates":[6.10433,51.50415]}},{"type":"Feature","properties":{"CountryName":"Netherlands","Type of Animal":"Pork"},"geometry":{"type":"Point","coordinates":[4.13637,51.56303]}},{"type":"Feature","properties":{"CountryName":"Netherlands","Type of Animal":"Chicken"},"geometry":{"type":"Point","coordinates":[7.0648,53.11371]}},{"type":"Feature","properties":{"CountryName":"Netherlands","Type of Animal":"Chicken"},"geometry":{"type":"Point","coordinates":[7.12824,53.06104]}},{"type":"Feature","properties":{"CountryName":"Netherlands","Type of Animal":"Chicken"},"geometry":{"type":"Point","coordinates":[7.16438,53.08416]}},{"type":"Feature","properties":{"CountryName":"Netherlands","Type of Animal":"Chicken"},"geometry":{"type":"Point","coordinates":[7.05112,53.12953]}},{"type":"Feature","properties":{"CountryName":"Netherlands","Type of Animal":"Pork"},"geometry":{"type":"Point","coordinates":[6.68594,52.18005]}},{"type":"Feature","properties":{"CountryName":"Netherlands","Type of Animal":"Chicken"},"geometry":{"type":"Point","coordinates":[6.70613,52.16709]}},{"type":"Feature","properties":{"CountryName":"Netherlands","Type of Animal":"Chicken"},"geometry":{"type":"Point","coordinates":[5.90918,51.49519]}},{"type":"Feature","properties":{"CountryName":"Netherlands","Type of Animal":"Pork"},"geometry":{"type":"Point","coordinates":[6.51096,51.88701]}},{"type":"Feature","properties":{"CountryName":"Netherlands","Type of Animal":"Chicken"},"geometry":{"type":"Point","coordinates":[6.31925,52.27222]}},{"type":"Feature","properties":{"CountryName":"Netherlands","Type of Animal":"Chicken"},"geometry":{"type":"Point","coordinates":[6.28884,52.29595]}},{"type":"Feature","properties":{"CountryName":"Netherlands","Type of Animal":"Chicken"},"geometry":{"type":"Point","coordinates":[6.24902,52.28711]}},{"type":"Feature","properties":{"CountryName":"Netherlands","Type of Animal":"Pork"},"geometry":{"type":"Point","coordinates":[6.33681,52.27661]}},{"type":"Feature","properties":{"CountryName":"Netherlands","Type of Animal":"Chicken"},"geometry":{"type":"Point","coordinates":[6.2165,52.30245]}},{"type":"Feature","properties":{"CountryName":"Netherlands","Type of Animal":"Chicken"},"geometry":{"type":"Point","coordinates":[5.64451,52.77236]}},{"type":"Feature","properties":{"CountryName":"Netherlands","Type of Animal":"Chicken"},"geometry":{"type":"Point","coordinates":[6.82006,52.14602]}},{"type":"Feature","properties":{"CountryName":"Netherlands","Type of Animal":"Pork"},"geometry":{"type":"Point","coordinates":[6.76462,52.17899]}},{"type":"Feature","properties":{"CountryName":"Netherlands","Type of Animal":"Pork"},"geometry":{"type":"Point","coordinates":[4.23969,51.85713]}},{"type":"Feature","properties":{"CountryName":"Netherlands","Type of Animal":"Chicken"},"geometry":{"type":"Point","coordinates":[5.92131,52.49614]}},{"type":"Feature","properties":{"CountryName":"Netherlands","Type of Animal":"Chicken"},"geometry":{"type":"Point","coordinates":[6.00154,52.55574]}},{"type":"Feature","properties":{"CountryName":"Netherlands","Type of Animal":"Chicken"},"geometry":{"type":"Point","coordinates":[5.53893,51.85391]}},{"type":"Feature","properties":{"CountryName":"Netherlands","Type of Animal":"Pork"},"geometry":{"type":"Point","coordinates":[5.5531,51.86772]}},{"type":"Feature","properties":{"CountryName":"Netherlands","Type of Animal":"Pork"},"geometry":{"type":"Point","coordinates":[5.53327,51.86402]}},{"type":"Feature","properties":{"CountryName":"Netherlands","Type of Animal":"Chicken"},"geometry":{"type":"Point","coordinates":[5.53567,51.86356]}},{"type":"Feature","properties":{"CountryName":"Netherlands","Type of Animal":"Chicken"},"geometry":{"type":"Point","coordinates":[6.52537,51.91025]}},{"type":"Feature","properties":{"CountryName":"Netherlands","Type of Animal":"Chicken"},"geometry":{"type":"Point","coordinates":[6.00399,52.5508]}},{"type":"Feature","properties":{"CountryName":"Netherlands","Type of Animal":"Pork"},"geometry":{"type":"Point","coordinates":[5.45591,51.86482]}},{"type":"Feature","properties":{"CountryName":"Netherlands","Type of Animal":"Chicken"},"geometry":{"type":"Point","coordinates":[6.51847,51.88614]}},{"type":"Feature","properties":{"CountryName":"Netherlands","Type of Animal":"Chicken"},"geometry":{"type":"Point","coordinates":[6.51963,51.933]}},{"type":"Feature","properties":{"CountryName":"Netherlands","Type of Animal":"Chicken"},"geometry":{"type":"Point","coordinates":[6.60805,51.94185]}},{"type":"Feature","properties":{"CountryName":"Netherlands","Type of Animal":"Pork"},"geometry":{"type":"Point","coordinates":[6.55843,51.9202]}},{"type":"Feature","properties":{"CountryName":"Netherlands","Type of Animal":"Chicken"},"geometry":{"type":"Point","coordinates":[6.54155,51.89647]}},{"type":"Feature","properties":{"CountryName":"Netherlands","Type of Animal":"Pork"},"geometry":{"type":"Point","coordinates":[6.60024,51.90345]}},{"type":"Feature","properties":{"CountryName":"Netherlands","Type of Animal":"Pork"},"geometry":{"type":"Point","coordinates":[3.9279,51.67069]}},{"type":"Feature","properties":{"CountryName":"Netherlands","Type of Animal":"Pork"},"geometry":{"type":"Point","coordinates":[5.50229,51.86019]}},{"type":"Feature","properties":{"CountryName":"Netherlands","Type of Animal":"Pork"},"geometry":{"type":"Point","coordinates":[5.96854,51.72014]}},{"type":"Feature","properties":{"CountryName":"Netherlands","Type of Animal":"Chicken"},"geometry":{"type":"Point","coordinates":[5.9839,51.71864]}},{"type":"Feature","properties":{"CountryName":"Netherlands","Type of Animal":"Chicken"},"geometry":{"type":"Point","coordinates":[5.6975,52.81677]}},{"type":"Feature","properties":{"CountryName":"Netherlands","Type of Animal":"Chicken"},"geometry":{"type":"Point","coordinates":[5.83936,52.7736]}},{"type":"Feature","properties":{"CountryName":"Netherlands","Type of Animal":"Pork"},"geometry":{"type":"Point","coordinates":[5.93204,52.64611]}},{"type":"Feature","properties":{"CountryName":"Netherlands","Type of Animal":"Chicken"},"geometry":{"type":"Point","coordinates":[5.68742,52.72882]}},{"type":"Feature","properties":{"CountryName":"Netherlands","Type of Animal":"Chicken"},"geometry":{"type":"Point","coordinates":[5.64474,52.73103]}},{"type":"Feature","properties":{"CountryName":"Netherlands","Type of Animal":"Chicken"},"geometry":{"type":"Point","coordinates":[5.6511,52.68716]}},{"type":"Feature","properties":{"CountryName":"Netherlands","Type of Animal":"Pork"},"geometry":{"type":"Point","coordinates":[6.62336,51.95844]}},{"type":"Feature","properties":{"CountryName":"Netherlands","Type of Animal":"Pork"},"geometry":{"type":"Point","coordinates":[5.22503,51.46376]}},{"type":"Feature","properties":{"CountryName":"Netherlands","Type of Animal":"Chicken"},"geometry":{"type":"Point","coordinates":[4.86795,51.55683]}},{"type":"Feature","properties":{"CountryName":"Netherlands","Type of Animal":"Chicken"},"geometry":{"type":"Point","coordinates":[5.21273,51.44262]}},{"type":"Feature","properties":{"CountryName":"Netherlands","Type of Animal":"Chicken"},"geometry":{"type":"Point","coordinates":[5.25299,51.52167]}},{"type":"Feature","properties":{"CountryName":"Netherlands","Type of Animal":"Chicken"},"geometry":{"type":"Point","coordinates":[5.10813,51.58721]}},{"type":"Feature","properties":{"CountryName":"Netherlands","Type of Animal":"Chicken"},"geometry":{"type":"Point","coordinates":[5.08853,52.77526]}},{"type":"Feature","properties":{"CountryName":"Netherlands","Type of Animal":"Chicken"},"geometry":{"type":"Point","coordinates":[5.05738,52.84055]}},{"type":"Feature","properties":{"CountryName":"Netherlands","Type of Animal":"Chicken"},"geometry":{"type":"Point","coordinates":[4.93557,52.8201]}},{"type":"Feature","properties":{"CountryName":"Netherlands","Type of Animal":"Chicken"},"geometry":{"type":"Point","coordinates":[4.98021,52.76961]}},{"type":"Feature","properties":{"CountryName":"Netherlands","Type of Animal":"Chicken"},"geometry":{"type":"Point","coordinates":[5.00381,52.77259]}},{"type":"Feature","properties":{"CountryName":"Netherlands","Type of Animal":"Chicken"},"geometry":{"type":"Point","coordinates":[5.03509,52.79288]}},{"type":"Feature","properties":{"CountryName":"Netherlands","Type of Animal":"Pork"},"geometry":{"type":"Point","coordinates":[5.28245,51.53665]}},{"type":"Feature","properties":{"CountryName":"Netherlands","Type of Animal":"Chicken"},"geometry":{"type":"Point","coordinates":[4.90046,51.54634]}},{"type":"Feature","properties":{"CountryName":"Netherlands","Type of Animal":"Chicken"},"geometry":{"type":"Point","coordinates":[4.94002,51.60093]}},{"type":"Feature","properties":{"CountryName":"Netherlands","Type of Animal":"Chicken"},"geometry":{"type":"Point","coordinates":[5.99807,50.8427]}},{"type":"Feature","properties":{"CountryName":"Netherlands","Type of Animal":"Pork"},"geometry":{"type":"Point","coordinates":[5.69989,51.64816]}},{"type":"Feature","properties":{"CountryName":"Netherlands","Type of Animal":"Pork"},"geometry":{"type":"Point","coordinates":[5.57469,51.6521]}},{"type":"Feature","properties":{"CountryName":"Netherlands","Type of Animal":"Chicken"},"geometry":{"type":"Point","coordinates":[6.75743,53.13804]}},{"type":"Feature","properties":{"CountryName":"Netherlands","Type of Animal":"Pork"},"geometry":{"type":"Point","coordinates":[6.11228,51.35571]}},{"type":"Feature","properties":{"CountryName":"Netherlands","Type of Animal":"Chicken"},"geometry":{"type":"Point","coordinates":[5.53815,51.6727]}},{"type":"Feature","properties":{"CountryName":"Netherlands","Type of Animal":"Chicken"},"geometry":{"type":"Point","coordinates":[6.11711,53.29535]}},{"type":"Feature","properties":{"CountryName":"Netherlands","Type of Animal":"Chicken"},"geometry":{"type":"Point","coordinates":[6.75339,53.1163]}},{"type":"Feature","properties":{"CountryName":"Netherlands","Type of Animal":"Pork"},"geometry":{"type":"Point","coordinates":[6.1246,51.49625]}},{"type":"Feature","properties":{"CountryName":"Netherlands","Type of Animal":"Chicken"},"geometry":{"type":"Point","coordinates":[5.27784,51.52432]}},{"type":"Feature","properties":{"CountryName":"Netherlands","Type of Animal":"Chicken"},"geometry":{"type":"Point","coordinates":[7.01607,53.01467]}},{"type":"Feature","properties":{"CountryName":"Netherlands","Type of Animal":"Chicken"},"geometry":{"type":"Point","coordinates":[7.01052,52.95567]}},{"type":"Feature","properties":{"CountryName":"Netherlands","Type of Animal":"Chicken"},"geometry":{"type":"Point","coordinates":[7.08831,53.15349]}},{"type":"Feature","properties":{"CountryName":"Netherlands","Type of Animal":"Chicken"},"geometry":{"type":"Point","coordinates":[7.08266,53.16149]}},{"type":"Feature","properties":{"CountryName":"Netherlands","Type of Animal":"Pork"},"geometry":{"type":"Point","coordinates":[7.12406,53.22424]}},{"type":"Feature","properties":{"CountryName":"Netherlands","Type of Animal":"Pork"},"geometry":{"type":"Point","coordinates":[7.11668,53.22606]}},{"type":"Feature","properties":{"CountryName":"Netherlands","Type of Animal":"Chicken"},"geometry":{"type":"Point","coordinates":[7.1,53.2315]}},{"type":"Feature","properties":{"CountryName":"Netherlands","Type of Animal":"Chicken"},"geometry":{"type":"Point","coordinates":[7.17688,53.19706]}},{"type":"Feature","properties":{"CountryName":"Netherlands","Type of Animal":"Chicken"},"geometry":{"type":"Point","coordinates":[7.19832,53.21618]}},{"type":"Feature","properties":{"CountryName":"Netherlands","Type of Animal":"Chicken"},"geometry":{"type":"Point","coordinates":[7.1497,53.1865]}},{"type":"Feature","properties":{"CountryName":"Netherlands","Type of Animal":"Pork"},"geometry":{"type":"Point","coordinates":[7.12418,53.16712]}},{"type":"Feature","properties":{"CountryName":"Netherlands","Type of Animal":"Pork"},"geometry":{"type":"Point","coordinates":[6.32583,52.49685]}},{"type":"Feature","properties":{"CountryName":"Netherlands","Type of Animal":"Pork"},"geometry":{"type":"Point","coordinates":[5.58509,51.27081]}},{"type":"Feature","properties":{"CountryName":"Netherlands","Type of Animal":"Pork"},"geometry":{"type":"Point","coordinates":[5.59824,51.2627]}},{"type":"Feature","properties":{"CountryName":"Netherlands","Type of Animal":"Chicken"},"geometry":{"type":"Point","coordinates":[6.55913,52.08112]}},{"type":"Feature","properties":{"CountryName":"Netherlands","Type of Animal":"Pork"},"geometry":{"type":"Point","coordinates":[5.62695,51.32781]}},{"type":"Feature","properties":{"CountryName":"Netherlands","Type of Animal":"Pork"},"geometry":{"type":"Point","coordinates":[6.55918,52.0609]}},{"type":"Feature","properties":{"CountryName":"Netherlands","Type of Animal":"Pork"},"geometry":{"type":"Point","coordinates":[5.03426,51.49516]}},{"type":"Feature","properties":{"CountryName":"Netherlands","Type of Animal":"Pork"},"geometry":{"type":"Point","coordinates":[5.66431,51.62121]}},{"type":"Feature","properties":{"CountryName":"Netherlands","Type of Animal":"Pork"},"geometry":{"type":"Point","coordinates":[5.28596,51.43525]}},{"type":"Feature","properties":{"CountryName":"Netherlands","Type of Animal":"Chicken"},"geometry":{"type":"Point","coordinates":[6.68943,52.39193]}},{"type":"Feature","properties":{"CountryName":"Netherlands","Type of Animal":"Pork"},"geometry":{"type":"Point","coordinates":[6.64031,52.39379]}},{"type":"Feature","properties":{"CountryName":"Netherlands","Type of Animal":"Pork"},"geometry":{"type":"Point","coordinates":[6.68943,52.39193]}},{"type":"Feature","properties":{"CountryName":"Netherlands","Type of Animal":"Pork"},"geometry":{"type":"Point","coordinates":[6.62812,52.31379]}},{"type":"Feature","properties":{"CountryName":"Netherlands","Type of Animal":"Chicken"},"geometry":{"type":"Point","coordinates":[5.28222,51.53131]}},{"type":"Feature","properties":{"CountryName":"Netherlands","Type of Animal":"Chicken"},"geometry":{"type":"Point","coordinates":[5.18464,51.45318]}},{"type":"Feature","properties":{"CountryName":"Netherlands","Type of Animal":"Pork"},"geometry":{"type":"Point","coordinates":[5.13726,51.51305]}},{"type":"Feature","properties":{"CountryName":"Netherlands","Type of Animal":"Chicken"},"geometry":{"type":"Point","coordinates":[5.2045,51.8444]}},{"type":"Feature","properties":{"CountryName":"Netherlands","Type of Animal":"Chicken"},"geometry":{"type":"Point","coordinates":[5.75976,51.69114]}},{"type":"Feature","properties":{"CountryName":"Netherlands","Type of Animal":"Chicken"},"geometry":{"type":"Point","coordinates":[5.73962,51.68707]}},{"type":"Feature","properties":{"CountryName":"Netherlands","Type of Animal":"Chicken"},"geometry":{"type":"Point","coordinates":[5.78168,51.65053]}},{"type":"Feature","properties":{"CountryName":"Netherlands","Type of Animal":"Chicken"},"geometry":{"type":"Point","coordinates":[5.77748,51.69963]}},{"type":"Feature","properties":{"CountryName":"Netherlands","Type of Animal":"Pork"},"geometry":{"type":"Point","coordinates":[5.71763,51.54637]}},{"type":"Feature","properties":{"CountryName":"Netherlands","Type of Animal":"Chicken"},"geometry":{"type":"Point","coordinates":[5.73567,51.69426]}},{"type":"Feature","properties":{"CountryName":"Netherlands","Type of Animal":"Pork"},"geometry":{"type":"Point","coordinates":[5.75702,51.66264]}},{"type":"Feature","properties":{"CountryName":"Netherlands","Type of Animal":"Pork"},"geometry":{"type":"Point","coordinates":[5.79012,51.6905]}},{"type":"Feature","properties":{"CountryName":"Netherlands","Type of Animal":"Chicken"},"geometry":{"type":"Point","coordinates":[5.78742,51.69537]}},{"type":"Feature","properties":{"CountryName":"Netherlands","Type of Animal":"Pork"},"geometry":{"type":"Point","coordinates":[5.78742,51.69537]}},{"type":"Feature","properties":{"CountryName":"Netherlands","Type of Animal":"Pork"},"geometry":{"type":"Point","coordinates":[5.77197,51.57965]}},{"type":"Feature","properties":{"CountryName":"Netherlands","Type of Animal":"Chicken"},"geometry":{"type":"Point","coordinates":[5.75887,51.66514]}},{"type":"Feature","properties":{"CountryName":"Netherlands","Type of Animal":"Chicken"},"geometry":{"type":"Point","coordinates":[5.71407,51.71285]}},{"type":"Feature","properties":{"CountryName":"Netherlands","Type of Animal":"Chicken"},"geometry":{"type":"Point","coordinates":[5.76141,51.69851]}},{"type":"Feature","properties":{"CountryName":"Netherlands","Type of Animal":"Pork"},"geometry":{"type":"Point","coordinates":[5.70983,51.70666]}},{"type":"Feature","properties":{"CountryName":"Netherlands","Type of Animal":"Chicken"},"geometry":{"type":"Point","coordinates":[5.36899,51.30756]}},{"type":"Feature","properties":{"CountryName":"Netherlands","Type of Animal":"Pork"},"geometry":{"type":"Point","coordinates":[5.31626,51.28049]}},{"type":"Feature","properties":{"CountryName":"Netherlands","Type of Animal":"Pork"},"geometry":{"type":"Point","coordinates":[5.3323,51.28912]}},{"type":"Feature","properties":{"CountryName":"Netherlands","Type of Animal":"Chicken"},"geometry":{"type":"Point","coordinates":[5.32472,51.27258]}},{"type":"Feature","properties":{"CountryName":"Netherlands","Type of Animal":"Chicken"},"geometry":{"type":"Point","coordinates":[5.33873,51.3107]}},{"type":"Feature","properties":{"CountryName":"Netherlands","Type of Animal":"Chicken"},"geometry":{"type":"Point","coordinates":[5.37337,51.30344]}},{"type":"Feature","properties":{"CountryName":"Netherlands","Type of Animal":"Pork"},"geometry":{"type":"Point","coordinates":[5.40284,51.3286]}},{"type":"Feature","properties":{"CountryName":"Netherlands","Type of Animal":"Chicken"},"geometry":{"type":"Point","coordinates":[5.37916,51.35323]}},{"type":"Feature","properties":{"CountryName":"Netherlands","Type of Animal":"Chicken"},"geometry":{"type":"Point","coordinates":[5.33319,51.27871]}},{"type":"Feature","properties":{"CountryName":"Netherlands","Type of Animal":"Chicken"},"geometry":{"type":"Point","coordinates":[5.3105,51.3161]}},{"type":"Feature","properties":{"CountryName":"Netherlands","Type of Animal":"Chicken"},"geometry":{"type":"Point","coordinates":[5.31095,51.28264]}},{"type":"Feature","properties":{"CountryName":"Netherlands","Type of Animal":"Pork"},"geometry":{"type":"Point","coordinates":[5.25524,51.28716]}},{"type":"Feature","properties":{"CountryName":"Netherlands","Type of Animal":"Chicken"},"geometry":{"type":"Point","coordinates":[5.25122,51.27957]}},{"type":"Feature","properties":{"CountryName":"Netherlands","Type of Animal":"Pork"},"geometry":{"type":"Point","coordinates":[5.38736,51.31318]}},{"type":"Feature","properties":{"CountryName":"Netherlands","Type of Animal":"Chicken"},"geometry":{"type":"Point","coordinates":[5.34841,51.29801]}},{"type":"Feature","properties":{"CountryName":"Netherlands","Type of Animal":"Pork"},"geometry":{"type":"Point","coordinates":[6.18243,51.48103]}},{"type":"Feature","properties":{"CountryName":"Netherlands","Type of Animal":"Chicken"},"geometry":{"type":"Point","coordinates":[5.57783,51.65985]}},{"type":"Feature","properties":{"CountryName":"Netherlands","Type of Animal":"Pork"},"geometry":{"type":"Point","coordinates":[5.86728,51.1241]}},{"type":"Feature","properties":{"CountryName":"Netherlands","Type of Animal":"Pork"},"geometry":{"type":"Point","coordinates":[5.9083,51.07601]}},{"type":"Feature","properties":{"CountryName":"Netherlands","Type of Animal":"Pork"},"geometry":{"type":"Point","coordinates":[5.91686,51.49647]}},{"type":"Feature","properties":{"CountryName":"Netherlands","Type of Animal":"Pork"},"geometry":{"type":"Point","coordinates":[6.11662,51.93728]}},{"type":"Feature","properties":{"CountryName":"Netherlands","Type of Animal":"Chicken"},"geometry":{"type":"Point","coordinates":[6.00939,51.20693]}},{"type":"Feature","properties":{"CountryName":"Netherlands","Type of Animal":"Chicken"},"geometry":{"type":"Point","coordinates":[5.27784,51.52432]}},{"type":"Feature","properties":{"CountryName":"Netherlands","Type of Animal":"Pork"},"geometry":{"type":"Point","coordinates":[5.26482,51.54381]}},{"type":"Feature","properties":{"CountryName":"Netherlands","Type of Animal":"Pork"},"geometry":{"type":"Point","coordinates":[4.75505,52.19716]}},{"type":"Feature","properties":{"CountryName":"Netherlands","Type of Animal":"Pork"},"geometry":{"type":"Point","coordinates":[3.57938,51.35134]}},{"type":"Feature","properties":{"CountryName":"Netherlands","Type of Animal":"Pork"},"geometry":{"type":"Point","coordinates":[5.17003,51.51956]}},{"type":"Feature","properties":{"CountryName":"Netherlands","Type of Animal":"Pork"},"geometry":{"type":"Point","coordinates":[3.47012,51.31363]}},{"type":"Feature","properties":{"CountryName":"Netherlands","Type of Animal":"Chicken"},"geometry":{"type":"Point","coordinates":[5.21582,51.53863]}},{"type":"Feature","properties":{"CountryName":"Netherlands","Type of Animal":"Pork"},"geometry":{"type":"Point","coordinates":[5.21514,51.52811]}},{"type":"Feature","properties":{"CountryName":"Netherlands","Type of Animal":"Chicken"},"geometry":{"type":"Point","coordinates":[5.17607,51.53218]}},{"type":"Feature","properties":{"CountryName":"Netherlands","Type of Animal":"Pork"},"geometry":{"type":"Point","coordinates":[5.17568,51.52364]}},{"type":"Feature","properties":{"CountryName":"Netherlands","Type of Animal":"Chicken"},"geometry":{"type":"Point","coordinates":[6.5196,53.01194]}},{"type":"Feature","properties":{"CountryName":"Netherlands","Type of Animal":"Chicken"},"geometry":{"type":"Point","coordinates":[6.55528,52.97529]}},{"type":"Feature","properties":{"CountryName":"Netherlands","Type of Animal":"Chicken"},"geometry":{"type":"Point","coordinates":[6.50112,52.99441]}},{"type":"Feature","properties":{"CountryName":"Netherlands","Type of Animal":"Pork"},"geometry":{"type":"Point","coordinates":[5.28297,51.48669]}},{"type":"Feature","properties":{"CountryName":"Netherlands","Type of Animal":"Pork"},"geometry":{"type":"Point","coordinates":[4.55883,51.5938]}},{"type":"Feature","properties":{"CountryName":"Netherlands","Type of Animal":"Chicken"},"geometry":{"type":"Point","coordinates":[4.57222,51.62592]}},{"type":"Feature","properties":{"CountryName":"Netherlands","Type of Animal":"Pork"},"geometry":{"type":"Point","coordinates":[4.51444,51.58314]}},{"type":"Feature","properties":{"CountryName":"Netherlands","Type of Animal":"Pork"},"geometry":{"type":"Point","coordinates":[5.72364,51.34609]}},{"type":"Feature","properties":{"CountryName":"Netherlands","Type of Animal":"Chicken"},"geometry":{"type":"Point","coordinates":[5.57957,51.94624]}},{"type":"Feature","properties":{"CountryName":"Netherlands","Type of Animal":"Chicken"},"geometry":{"type":"Point","coordinates":[5.72534,51.33006]}},{"type":"Feature","properties":{"CountryName":"Netherlands","Type of Animal":"Pork"},"geometry":{"type":"Point","coordinates":[5.26154,51.52997]}},{"type":"Feature","properties":{"CountryName":"Netherlands","Type of Animal":"Pork"},"geometry":{"type":"Point","coordinates":[5.35769,52.37544]}},{"type":"Feature","properties":{"CountryName":"Netherlands","Type of Animal":"Chicken"},"geometry":{"type":"Point","coordinates":[5.41363,52.36638]}},{"type":"Feature","properties":{"CountryName":"Netherlands","Type of Animal":"Chicken"},"geometry":{"type":"Point","coordinates":[5.39296,52.324]}},{"type":"Feature","properties":{"CountryName":"Netherlands","Type of Animal":"Chicken"},"geometry":{"type":"Point","coordinates":[5.29167,51.52649]}},{"type":"Feature","properties":{"CountryName":"Netherlands","Type of Animal":"Pork"},"geometry":{"type":"Point","coordinates":[5.89515,51.4741]}},{"type":"Feature","properties":{"CountryName":"Netherlands","Type of Animal":"Chicken"},"geometry":{"type":"Point","coordinates":[5.69186,51.38042]}},{"type":"Feature","properties":{"CountryName":"Netherlands","Type of Animal":"Chicken"},"geometry":{"type":"Point","coordinates":[5.68714,51.37805]}},{"type":"Feature","properties":{"CountryName":"Netherlands","Type of Animal":"Pork"},"geometry":{"type":"Point","coordinates":[5.70043,51.32799]}},{"type":"Feature","properties":{"CountryName":"Netherlands","Type of Animal":"Pork"},"geometry":{"type":"Point","coordinates":[5.67724,51.38549]}},{"type":"Feature","properties":{"CountryName":"Netherlands","Type of Animal":"Chicken"},"geometry":{"type":"Point","coordinates":[5.68922,51.39409]}},{"type":"Feature","properties":{"CountryName":"Netherlands","Type of Animal":"Chicken"},"geometry":{"type":"Point","coordinates":[5.6856,51.3936]}},{"type":"Feature","properties":{"CountryName":"Netherlands","Type of Animal":"Pork"},"geometry":{"type":"Point","coordinates":[5.75913,51.33331]}},{"type":"Feature","properties":{"CountryName":"Netherlands","Type of Animal":"Pork"},"geometry":{"type":"Point","coordinates":[5.69531,51.35938]}},{"type":"Feature","properties":{"CountryName":"Netherlands","Type of Animal":"Pork"},"geometry":{"type":"Point","coordinates":[5.68882,51.3631]}},{"type":"Feature","properties":{"CountryName":"Netherlands","Type of Animal":"Pork"},"geometry":{"type":"Point","coordinates":[5.72743,51.35435]}},{"type":"Feature","properties":{"CountryName":"Netherlands","Type of Animal":"Chicken"},"geometry":{"type":"Point","coordinates":[5.74648,51.33047]}},{"type":"Feature","properties":{"CountryName":"Netherlands","Type of Animal":"Pork"},"geometry":{"type":"Point","coordinates":[5.66788,51.45149]}},{"type":"Feature","properties":{"CountryName":"Netherlands","Type of Animal":"Pork"},"geometry":{"type":"Point","coordinates":[5.69081,51.35578]}},{"type":"Feature","properties":{"CountryName":"Netherlands","Type of Animal":"Chicken"},"geometry":{"type":"Point","coordinates":[5.67523,51.35982]}},{"type":"Feature","properties":{"CountryName":"Netherlands","Type of Animal":"Pork"},"geometry":{"type":"Point","coordinates":[5.68266,51.35752]}},{"type":"Feature","properties":{"CountryName":"Netherlands","Type of Animal":"Pork"},"geometry":{"type":"Point","coordinates":[5.65472,51.41503]}},{"type":"Feature","properties":{"CountryName":"Netherlands","Type of Animal":"Chicken"},"geometry":{"type":"Point","coordinates":[5.72165,51.34807]}},{"type":"Feature","properties":{"CountryName":"Netherlands","Type of Animal":"Chicken"},"geometry":{"type":"Point","coordinates":[5.69192,51.41125]}},{"type":"Feature","properties":{"CountryName":"Netherlands","Type of Animal":"Pork"},"geometry":{"type":"Point","coordinates":[5.68765,51.43832]}},{"type":"Feature","properties":{"CountryName":"Netherlands","Type of Animal":"Chicken"},"geometry":{"type":"Point","coordinates":[5.75245,51.3468]}},{"type":"Feature","properties":{"CountryName":"Netherlands","Type of Animal":"Chicken"},"geometry":{"type":"Point","coordinates":[5.75178,51.34672]}},{"type":"Feature","properties":{"CountryName":"Netherlands","Type of Animal":"Chicken"},"geometry":{"type":"Point","coordinates":[5.75178,51.34672]}},{"type":"Feature","properties":{"CountryName":"Netherlands","Type of Animal":"Pork"},"geometry":{"type":"Point","coordinates":[5.71594,51.3524]}},{"type":"Feature","properties":{"CountryName":"Netherlands","Type of Animal":"Pork"},"geometry":{"type":"Point","coordinates":[5.68048,51.35205]}},{"type":"Feature","properties":{"CountryName":"Netherlands","Type of Animal":"Pork"},"geometry":{"type":"Point","coordinates":[5.25351,51.51755]}},{"type":"Feature","properties":{"CountryName":"Netherlands","Type of Animal":"Chicken"},"geometry":{"type":"Point","coordinates":[5.68114,51.41004]}},{"type":"Feature","properties":{"CountryName":"Netherlands","Type of Animal":"Pork"},"geometry":{"type":"Point","coordinates":[5.723,51.37566]}},{"type":"Feature","properties":{"CountryName":"Netherlands","Type of Animal":"Pork"},"geometry":{"type":"Point","coordinates":[5.7459,51.34782]}},{"type":"Feature","properties":{"CountryName":"Netherlands","Type of Animal":"Pork"},"geometry":{"type":"Point","coordinates":[5.72869,51.34949]}},{"type":"Feature","properties":{"CountryName":"Netherlands","Type of Animal":"Chicken"},"geometry":{"type":"Point","coordinates":[5.7145,51.40162]}},{"type":"Feature","properties":{"CountryName":"Netherlands","Type of Animal":"Pork"},"geometry":{"type":"Point","coordinates":[5.68916,51.42834]}},{"type":"Feature","properties":{"CountryName":"Netherlands","Type of Animal":"Chicken"},"geometry":{"type":"Point","coordinates":[5.71454,51.36965]}},{"type":"Feature","properties":{"CountryName":"Netherlands","Type of Animal":"Chicken"},"geometry":{"type":"Point","coordinates":[6.47719,53.02909]}},{"type":"Feature","properties":{"CountryName":"Netherlands","Type of Animal":"Chicken"},"geometry":{"type":"Point","coordinates":[5.33176,51.4973]}},{"type":"Feature","properties":{"CountryName":"Netherlands","Type of Animal":"Pork"},"geometry":{"type":"Point","coordinates":[5.23374,51.4822]}},{"type":"Feature","properties":{"CountryName":"Netherlands","Type of Animal":"Chicken"},"geometry":{"type":"Point","coordinates":[5.25613,51.53791]}},{"type":"Feature","properties":{"CountryName":"Netherlands","Type of Animal":"Chicken"},"geometry":{"type":"Point","coordinates":[5.28776,51.53359]}},{"type":"Feature","properties":{"CountryName":"Netherlands","Type of Animal":"Chicken"},"geometry":{"type":"Point","coordinates":[5.28776,51.53359]}},{"type":"Feature","properties":{"CountryName":"Netherlands","Type of Animal":"Pork"},"geometry":{"type":"Point","coordinates":[5.28395,51.49619]}},{"type":"Feature","properties":{"CountryName":"Netherlands","Type of Animal":"Pork"},"geometry":{"type":"Point","coordinates":[5.31419,51.50017]}},{"type":"Feature","properties":{"CountryName":"Netherlands","Type of Animal":"Pork"},"geometry":{"type":"Point","coordinates":[5.25895,51.53323]}},{"type":"Feature","properties":{"CountryName":"Netherlands","Type of Animal":"Pork"},"geometry":{"type":"Point","coordinates":[5.22491,51.4325]}},{"type":"Feature","properties":{"CountryName":"Netherlands","Type of Animal":"Chicken"},"geometry":{"type":"Point","coordinates":[6.50692,53.10934]}},{"type":"Feature","properties":{"CountryName":"Netherlands","Type of Animal":"Chicken"},"geometry":{"type":"Point","coordinates":[6.54677,53.07522]}},{"type":"Feature","properties":{"CountryName":"Netherlands","Type of Animal":"Pork"},"geometry":{"type":"Point","coordinates":[5.95165,51.4753]}},{"type":"Feature","properties":{"CountryName":"Netherlands","Type of Animal":"Pork"},"geometry":{"type":"Point","coordinates":[5.74199,52.83148]}},{"type":"Feature","properties":{"CountryName":"Netherlands","Type of Animal":"Pork"},"geometry":{"type":"Point","coordinates":[5.22885,51.42761]}},{"type":"Feature","properties":{"CountryName":"Netherlands","Type of Animal":"Pork"},"geometry":{"type":"Point","coordinates":[7.14105,53.02412]}},{"type":"Feature","properties":{"CountryName":"Netherlands","Type of Animal":"Chicken"},"geometry":{"type":"Point","coordinates":[5.96251,51.78075]}},{"type":"Feature","properties":{"CountryName":"Netherlands","Type of Animal":"Chicken"},"geometry":{"type":"Point","coordinates":[5.95649,51.7859]}},{"type":"Feature","properties":{"CountryName":"Netherlands","Type of Animal":"Chicken"},"geometry":{"type":"Point","coordinates":[5.98471,51.77016]}},{"type":"Feature","properties":{"CountryName":"Netherlands","Type of Animal":"Chicken"},"geometry":{"type":"Point","coordinates":[6.82296,53.30876]}},{"type":"Feature","properties":{"CountryName":"Netherlands","Type of Animal":"Chicken"},"geometry":{"type":"Point","coordinates":[5.95498,51.77787]}},{"type":"Feature","properties":{"CountryName":"Netherlands","Type of Animal":"Chicken"},"geometry":{"type":"Point","coordinates":[6.02899,52.27024]}},{"type":"Feature","properties":{"CountryName":"Netherlands","Type of Animal":"Chicken"},"geometry":{"type":"Point","coordinates":[6.05045,52.14715]}},{"type":"Feature","properties":{"CountryName":"Netherlands","Type of Animal":"Pork"},"geometry":{"type":"Point","coordinates":[6.73421,52.42955]}},{"type":"Feature","properties":{"CountryName":"Netherlands","Type of Animal":"Chicken"},"geometry":{"type":"Point","coordinates":[6.8086,52.41489]}},{"type":"Feature","properties":{"CountryName":"Netherlands","Type of Animal":"Chicken"},"geometry":{"type":"Point","coordinates":[6.12378,53.19233]}},{"type":"Feature","properties":{"CountryName":"Netherlands","Type of Animal":"Chicken"},"geometry":{"type":"Point","coordinates":[6.45512,53.05594]}},{"type":"Feature","properties":{"CountryName":"Netherlands","Type of Animal":"Pork"},"geometry":{"type":"Point","coordinates":[5.57589,51.6452]}},{"type":"Feature","properties":{"CountryName":"Netherlands","Type of Animal":"Pork"},"geometry":{"type":"Point","coordinates":[5.51224,51.6692]}},{"type":"Feature","properties":{"CountryName":"Netherlands","Type of Animal":"Pork"},"geometry":{"type":"Point","coordinates":[6.74129,52.4381]}},{"type":"Feature","properties":{"CountryName":"Netherlands","Type of Animal":"Chicken"},"geometry":{"type":"Point","coordinates":[5.56456,52.50028]}},{"type":"Feature","properties":{"CountryName":"Netherlands","Type of Animal":"Chicken"},"geometry":{"type":"Point","coordinates":[6.05957,51.4961]}},{"type":"Feature","properties":{"CountryName":"Netherlands","Type of Animal":"Chicken"},"geometry":{"type":"Point","coordinates":[6.90147,53.17511]}},{"type":"Feature","properties":{"CountryName":"Netherlands","Type of Animal":"Chicken"},"geometry":{"type":"Point","coordinates":[5.67968,52.65586]}},{"type":"Feature","properties":{"CountryName":"Netherlands","Type of Animal":"Pork"},"geometry":{"type":"Point","coordinates":[6.90049,53.17957]}},{"type":"Feature","properties":{"CountryName":"Netherlands","Type of Animal":"Chicken"},"geometry":{"type":"Point","coordinates":[5.54943,52.20269]}},{"type":"Feature","properties":{"CountryName":"Netherlands","Type of Animal":"Chicken"},"geometry":{"type":"Point","coordinates":[4.85619,52.68146]}},{"type":"Feature","properties":{"CountryName":"Netherlands","Type of Animal":"Chicken"},"geometry":{"type":"Point","coordinates":[4.82612,52.69846]}},{"type":"Feature","properties":{"CountryName":"Netherlands","Type of Animal":"Chicken"},"geometry":{"type":"Point","coordinates":[4.86765,52.7002]}},{"type":"Feature","properties":{"CountryName":"Netherlands","Type of Animal":"Chicken"},"geometry":{"type":"Point","coordinates":[6.82465,53.13871]}},{"type":"Feature","properties":{"CountryName":"Netherlands","Type of Animal":"Chicken"},"geometry":{"type":"Point","coordinates":[6.26756,52.53648]}},{"type":"Feature","properties":{"CountryName":"Netherlands","Type of Animal":"Pork"},"geometry":{"type":"Point","coordinates":[6.33324,52.4647]}},{"type":"Feature","properties":{"CountryName":"Netherlands","Type of Animal":"Chicken"},"geometry":{"type":"Point","coordinates":[6.29777,52.59163]}},{"type":"Feature","properties":{"CountryName":"Netherlands","Type of Animal":"Chicken"},"geometry":{"type":"Point","coordinates":[6.27448,52.57385]}},{"type":"Feature","properties":{"CountryName":"Netherlands","Type of Animal":"Pork"},"geometry":{"type":"Point","coordinates":[6.19728,52.51136]}},{"type":"Feature","properties":{"CountryName":"Netherlands","Type of Animal":"Pork"},"geometry":{"type":"Point","coordinates":[6.22422,52.52058]}},{"type":"Feature","properties":{"CountryName":"Netherlands","Type of Animal":"Pork"},"geometry":{"type":"Point","coordinates":[6.28497,52.45025]}},{"type":"Feature","properties":{"CountryName":"Netherlands","Type of Animal":"Pork"},"geometry":{"type":"Point","coordinates":[6.29824,52.38031]}},{"type":"Feature","properties":{"CountryName":"Netherlands","Type of Animal":"Pork"},"geometry":{"type":"Point","coordinates":[6.33366,52.44304]}},{"type":"Feature","properties":{"CountryName":"Netherlands","Type of Animal":"Chicken"},"geometry":{"type":"Point","coordinates":[5.90627,52.45845]}},{"type":"Feature","properties":{"CountryName":"Netherlands","Type of Animal":"Chicken"},"geometry":{"type":"Point","coordinates":[5.8959,52.47517]}},{"type":"Feature","properties":{"CountryName":"Netherlands","Type of Animal":"Chicken"},"geometry":{"type":"Point","coordinates":[6.73762,52.36766]}},{"type":"Feature","properties":{"CountryName":"Netherlands","Type of Animal":"Pork"},"geometry":{"type":"Point","coordinates":[6.3767,53.12284]}},{"type":"Feature","properties":{"CountryName":"Netherlands","Type of Animal":"Chicken"},"geometry":{"type":"Point","coordinates":[6.45987,53.04278]}},{"type":"Feature","properties":{"CountryName":"Netherlands","Type of Animal":"Pork"},"geometry":{"type":"Point","coordinates":[6.94249,53.05338]}},{"type":"Feature","properties":{"CountryName":"Netherlands","Type of Animal":"Pork"},"geometry":{"type":"Point","coordinates":[5.8154,51.27397]}},{"type":"Feature","properties":{"CountryName":"Netherlands","Type of Animal":"Pork"},"geometry":{"type":"Point","coordinates":[5.74183,51.30388]}},{"type":"Feature","properties":{"CountryName":"Netherlands","Type of Animal":"Chicken"},"geometry":{"type":"Point","coordinates":[5.74148,51.29615]}},{"type":"Feature","properties":{"CountryName":"Netherlands","Type of Animal":"Pork"},"geometry":{"type":"Point","coordinates":[5.72119,51.3058]}},{"type":"Feature","properties":{"CountryName":"Netherlands","Type of Animal":"Chicken"},"geometry":{"type":"Point","coordinates":[5.75722,51.32774]}},{"type":"Feature","properties":{"CountryName":"Netherlands","Type of Animal":"Chicken"},"geometry":{"type":"Point","coordinates":[5.75722,51.32774]}},{"type":"Feature","properties":{"CountryName":"Netherlands","Type of Animal":"Pork"},"geometry":{"type":"Point","coordinates":[4.97183,51.47186]}},{"type":"Feature","properties":{"CountryName":"Netherlands","Type of Animal":"Pork"},"geometry":{"type":"Point","coordinates":[4.98594,51.51225]}},{"type":"Feature","properties":{"CountryName":"Netherlands","Type of Animal":"Chicken"},"geometry":{"type":"Point","coordinates":[7.0655,53.29391]}},{"type":"Feature","properties":{"CountryName":"Netherlands","Type of Animal":"Pork"},"geometry":{"type":"Point","coordinates":[4.97261,51.48067]}},{"type":"Feature","properties":{"CountryName":"Netherlands","Type of Animal":"Pork"},"geometry":{"type":"Point","coordinates":[4.75735,51.50496]}},{"type":"Feature","properties":{"CountryName":"Netherlands","Type of Animal":"Pork"},"geometry":{"type":"Point","coordinates":[4.83767,52.11578]}},{"type":"Feature","properties":{"CountryName":"Netherlands","Type of Animal":"Chicken"},"geometry":{"type":"Point","coordinates":[5.19628,51.83225]}},{"type":"Feature","properties":{"CountryName":"Netherlands","Type of Animal":"Pork"},"geometry":{"type":"Point","coordinates":[5.23029,51.38492]}},{"type":"Feature","properties":{"CountryName":"Netherlands","Type of Animal":"Pork"},"geometry":{"type":"Point","coordinates":[5.22789,51.34395]}},{"type":"Feature","properties":{"CountryName":"Netherlands","Type of Animal":"Pork"},"geometry":{"type":"Point","coordinates":[5.24565,51.35763]}},{"type":"Feature","properties":{"CountryName":"Netherlands","Type of Animal":"Pork"},"geometry":{"type":"Point","coordinates":[5.19875,51.37644]}},{"type":"Feature","properties":{"CountryName":"Netherlands","Type of Animal":"Pork"},"geometry":{"type":"Point","coordinates":[5.19976,51.38185]}},{"type":"Feature","properties":{"CountryName":"Netherlands","Type of Animal":"Pork"},"geometry":{"type":"Point","coordinates":[4.81148,51.63235]}},{"type":"Feature","properties":{"CountryName":"Netherlands","Type of Animal":"Chicken"},"geometry":{"type":"Point","coordinates":[5.89555,51.51014]}},{"type":"Feature","properties":{"CountryName":"Netherlands","Type of Animal":"Pork"},"geometry":{"type":"Point","coordinates":[5.7826,51.74015]}},{"type":"Feature","properties":{"CountryName":"Netherlands","Type of Animal":"Chicken"},"geometry":{"type":"Point","coordinates":[6.34923,53.12361]}},{"type":"Feature","properties":{"CountryName":"Netherlands","Type of Animal":"Chicken"},"geometry":{"type":"Point","coordinates":[6.04265,53.23926]}},{"type":"Feature","properties":{"CountryName":"Netherlands","Type of Animal":"Pork"},"geometry":{"type":"Point","coordinates":[5.75722,51.32774]}},{"type":"Feature","properties":{"CountryName":"Netherlands","Type of Animal":"Pork"},"geometry":{"type":"Point","coordinates":[5.75722,51.32774]}},{"type":"Feature","properties":{"CountryName":"Netherlands","Type of Animal":"Chicken"},"geometry":{"type":"Point","coordinates":[5.75886,51.30359]}},{"type":"Feature","properties":{"CountryName":"Netherlands","Type of Animal":"Pork"},"geometry":{"type":"Point","coordinates":[5.75722,51.32774]}},{"type":"Feature","properties":{"CountryName":"Netherlands","Type of Animal":"Chicken"},"geometry":{"type":"Point","coordinates":[5.76362,51.30831]}},{"type":"Feature","properties":{"CountryName":"Netherlands","Type of Animal":"Pork"},"geometry":{"type":"Point","coordinates":[5.7273,51.29826]}},{"type":"Feature","properties":{"CountryName":"Netherlands","Type of Animal":"Chicken"},"geometry":{"type":"Point","coordinates":[5.72733,51.29729]}},{"type":"Feature","properties":{"CountryName":"Netherlands","Type of Animal":"Pork"},"geometry":{"type":"Point","coordinates":[5.76937,51.28734]}},{"type":"Feature","properties":{"CountryName":"Netherlands","Type of Animal":"Chicken"},"geometry":{"type":"Point","coordinates":[5.7787,51.30583]}},{"type":"Feature","properties":{"CountryName":"Netherlands","Type of Animal":"Pork"},"geometry":{"type":"Point","coordinates":[5.75206,51.32838]}},{"type":"Feature","properties":{"CountryName":"Netherlands","Type of Animal":"Chicken"},"geometry":{"type":"Point","coordinates":[5.75206,51.32838]}},{"type":"Feature","properties":{"CountryName":"Netherlands","Type of Animal":"Chicken"},"geometry":{"type":"Point","coordinates":[5.81557,51.24592]}},{"type":"Feature","properties":{"CountryName":"Netherlands","Type of Animal":"Pork"},"geometry":{"type":"Point","coordinates":[5.77088,51.26918]}},{"type":"Feature","properties":{"CountryName":"Netherlands","Type of Animal":"Pork"},"geometry":{"type":"Point","coordinates":[5.77525,51.27114]}},{"type":"Feature","properties":{"CountryName":"Netherlands","Type of Animal":"Pork"},"geometry":{"type":"Point","coordinates":[5.76714,51.27791]}},{"type":"Feature","properties":{"CountryName":"Netherlands","Type of Animal":"Pork"},"geometry":{"type":"Point","coordinates":[5.78063,51.31391]}},{"type":"Feature","properties":{"CountryName":"Netherlands","Type of Animal":"Pork"},"geometry":{"type":"Point","coordinates":[5.78063,51.31391]}},{"type":"Feature","properties":{"CountryName":"Netherlands","Type of Animal":"Chicken"},"geometry":{"type":"Point","coordinates":[5.72275,51.31016]}},{"type":"Feature","properties":{"CountryName":"Netherlands","Type of Animal":"Pork"},"geometry":{"type":"Point","coordinates":[5.73407,51.30219]}},{"type":"Feature","properties":{"CountryName":"Netherlands","Type of Animal":"Chicken"},"geometry":{"type":"Point","coordinates":[5.77344,51.29461]}},{"type":"Feature","properties":{"CountryName":"Netherlands","Type of Animal":"Pork"},"geometry":{"type":"Point","coordinates":[5.769,51.29435]}},{"type":"Feature","properties":{"CountryName":"Netherlands","Type of Animal":"Chicken"},"geometry":{"type":"Point","coordinates":[5.76398,51.29482]}},{"type":"Feature","properties":{"CountryName":"Netherlands","Type of Animal":"Pork"},"geometry":{"type":"Point","coordinates":[5.7257,51.29449]}},{"type":"Feature","properties":{"CountryName":"Netherlands","Type of Animal":"Chicken"},"geometry":{"type":"Point","coordinates":[5.77919,51.27922]}},{"type":"Feature","properties":{"CountryName":"Netherlands","Type of Animal":"Pork"},"geometry":{"type":"Point","coordinates":[5.79398,51.29849]}},{"type":"Feature","properties":{"CountryName":"Netherlands","Type of Animal":"Chicken"},"geometry":{"type":"Point","coordinates":[5.77592,51.29999]}},{"type":"Feature","properties":{"CountryName":"Netherlands","Type of Animal":"Pork"},"geometry":{"type":"Point","coordinates":[5.70599,51.28438]}},{"type":"Feature","properties":{"CountryName":"Netherlands","Type of Animal":"Chicken"},"geometry":{"type":"Point","coordinates":[5.80138,51.27698]}},{"type":"Feature","properties":{"CountryName":"Netherlands","Type of Animal":"Pork"},"geometry":{"type":"Point","coordinates":[5.76488,51.26443]}},{"type":"Feature","properties":{"CountryName":"Netherlands","Type of Animal":"Pork"},"geometry":{"type":"Point","coordinates":[5.77151,51.30378]}},{"type":"Feature","properties":{"CountryName":"Netherlands","Type of Animal":"Chicken"},"geometry":{"type":"Point","coordinates":[5.76657,51.3028]}},{"type":"Feature","properties":{"CountryName":"Netherlands","Type of Animal":"Chicken"},"geometry":{"type":"Point","coordinates":[6.00806,52.36179]}},{"type":"Feature","properties":{"CountryName":"Netherlands","Type of Animal":"Chicken"},"geometry":{"type":"Point","coordinates":[5.8074,51.30779]}},{"type":"Feature","properties":{"CountryName":"Netherlands","Type of Animal":"Chicken"},"geometry":{"type":"Point","coordinates":[5.77861,51.31185]}},{"type":"Feature","properties":{"CountryName":"Netherlands","Type of Animal":"Chicken"},"geometry":{"type":"Point","coordinates":[5.83769,51.26871]}},{"type":"Feature","properties":{"CountryName":"Netherlands","Type of Animal":"Chicken"},"geometry":{"type":"Point","coordinates":[5.79183,51.31504]}},{"type":"Feature","properties":{"CountryName":"Netherlands","Type of Animal":"Pork"},"geometry":{"type":"Point","coordinates":[5.7506,51.27077]}},{"type":"Feature","properties":{"CountryName":"Netherlands","Type of Animal":"Chicken"},"geometry":{"type":"Point","coordinates":[6.00909,52.36046]}},{"type":"Feature","properties":{"CountryName":"Netherlands","Type of Animal":"Chicken"},"geometry":{"type":"Point","coordinates":[5.74972,51.26763]}},{"type":"Feature","properties":{"CountryName":"Netherlands","Type of Animal":"Chicken"},"geometry":{"type":"Point","coordinates":[5.79634,51.30657]}},{"type":"Feature","properties":{"CountryName":"Netherlands","Type of Animal":"Chicken"},"geometry":{"type":"Point","coordinates":[5.79634,51.30657]}},{"type":"Feature","properties":{"CountryName":"Netherlands","Type of Animal":"Chicken"},"geometry":{"type":"Point","coordinates":[5.76532,51.26632]}},{"type":"Feature","properties":{"CountryName":"Netherlands","Type of Animal":"Pork"},"geometry":{"type":"Point","coordinates":[5.69739,51.28477]}},{"type":"Feature","properties":{"CountryName":"Netherlands","Type of Animal":"Chicken"},"geometry":{"type":"Point","coordinates":[5.78465,51.2979]}},{"type":"Feature","properties":{"CountryName":"Netherlands","Type of Animal":"Chicken"},"geometry":{"type":"Point","coordinates":[5.80629,51.29665]}},{"type":"Feature","properties":{"CountryName":"Netherlands","Type of Animal":"Pork"},"geometry":{"type":"Point","coordinates":[5.75328,51.31939]}},{"type":"Feature","properties":{"CountryName":"Netherlands","Type of Animal":"Pork"},"geometry":{"type":"Point","coordinates":[5.82071,51.3197]}},{"type":"Feature","properties":{"CountryName":"Netherlands","Type of Animal":"Chicken"},"geometry":{"type":"Point","coordinates":[6.01418,52.36295]}},{"type":"Feature","properties":{"CountryName":"Netherlands","Type of Animal":"Chicken"},"geometry":{"type":"Point","coordinates":[6.01546,52.29362]}},{"type":"Feature","properties":{"CountryName":"Netherlands","Type of Animal":"Pork"},"geometry":{"type":"Point","coordinates":[5.29832,51.5895]}},{"type":"Feature","properties":{"CountryName":"Netherlands","Type of Animal":"Pork"},"geometry":{"type":"Point","coordinates":[5.29066,51.59121]}},{"type":"Feature","properties":{"CountryName":"Netherlands","Type of Animal":"Pork"},"geometry":{"type":"Point","coordinates":[5.35223,51.5664]}},{"type":"Feature","properties":{"CountryName":"Netherlands","Type of Animal":"Pork"},"geometry":{"type":"Point","coordinates":[6.01978,52.33953]}},{"type":"Feature","properties":{"CountryName":"Netherlands","Type of Animal":"Chicken"},"geometry":{"type":"Point","coordinates":[5.45023,52.11099]}},{"type":"Feature","properties":{"CountryName":"Netherlands","Type of Animal":"Chicken"},"geometry":{"type":"Point","coordinates":[5.7455,53.15174]}},{"type":"Feature","properties":{"CountryName":"Netherlands","Type of Animal":"Chicken"},"geometry":{"type":"Point","coordinates":[5.44768,52.07039]}},{"type":"Feature","properties":{"CountryName":"Netherlands","Type of Animal":"Chicken"},"geometry":{"type":"Point","coordinates":[5.95517,52.3359]}},{"type":"Feature","properties":{"CountryName":"Netherlands","Type of Animal":"Chicken"},"geometry":{"type":"Point","coordinates":[5.91315,52.31908]}},{"type":"Feature","properties":{"CountryName":"Netherlands","Type of Animal":"Pork"},"geometry":{"type":"Point","coordinates":[5.4123,52.07724]}},{"type":"Feature","properties":{"CountryName":"Netherlands","Type of Animal":"Chicken"},"geometry":{"type":"Point","coordinates":[5.4496,52.04604]}},{"type":"Feature","properties":{"CountryName":"Netherlands","Type of Animal":"Chicken"},"geometry":{"type":"Point","coordinates":[6.05289,52.35579]}},{"type":"Feature","properties":{"CountryName":"Netherlands","Type of Animal":"Chicken"},"geometry":{"type":"Point","coordinates":[5.9713,52.33564]}},{"type":"Feature","properties":{"CountryName":"Netherlands","Type of Animal":"Chicken"},"geometry":{"type":"Point","coordinates":[5.47608,52.09438]}},{"type":"Feature","properties":{"CountryName":"Netherlands","Type of Animal":"Pork"},"geometry":{"type":"Point","coordinates":[5.45007,52.07192]}},{"type":"Feature","properties":{"CountryName":"Netherlands","Type of Animal":"Chicken"},"geometry":{"type":"Point","coordinates":[5.47608,52.09438]}},{"type":"Feature","properties":{"CountryName":"Netherlands","Type of Animal":"Pork"},"geometry":{"type":"Point","coordinates":[5.39116,52.22806]}},{"type":"Feature","properties":{"CountryName":"Netherlands","Type of Animal":"Pork"},"geometry":{"type":"Point","coordinates":[5.47897,52.15388]}},{"type":"Feature","properties":{"CountryName":"Netherlands","Type of Animal":"Pork"},"geometry":{"type":"Point","coordinates":[5.78721,51.73654]}},{"type":"Feature","properties":{"CountryName":"Netherlands","Type of Animal":"Pork"},"geometry":{"type":"Point","coordinates":[5.73585,51.74182]}},{"type":"Feature","properties":{"CountryName":"Netherlands","Type of Animal":"Chicken"},"geometry":{"type":"Point","coordinates":[6.73516,52.46549]}},{"type":"Feature","properties":{"CountryName":"Netherlands","Type of Animal":"Chicken"},"geometry":{"type":"Point","coordinates":[5.98291,51.88797]}},{"type":"Feature","properties":{"CountryName":"Netherlands","Type of Animal":"Chicken"},"geometry":{"type":"Point","coordinates":[6.46249,52.16687]}},{"type":"Feature","properties":{"CountryName":"Netherlands","Type of Animal":"Chicken"},"geometry":{"type":"Point","coordinates":[6.46701,52.17686]}},{"type":"Feature","properties":{"CountryName":"Netherlands","Type of Animal":"Chicken"},"geometry":{"type":"Point","coordinates":[6.45662,52.16902]}},{"type":"Feature","properties":{"CountryName":"Netherlands","Type of Animal":"Chicken"},"geometry":{"type":"Point","coordinates":[6.35602,52.21483]}},{"type":"Feature","properties":{"CountryName":"Netherlands","Type of Animal":"Pork"},"geometry":{"type":"Point","coordinates":[6.36856,52.21275]}},{"type":"Feature","properties":{"CountryName":"Netherlands","Type of Animal":"Chicken"},"geometry":{"type":"Point","coordinates":[6.35255,52.19643]}},{"type":"Feature","properties":{"CountryName":"Netherlands","Type of Animal":"Chicken"},"geometry":{"type":"Point","coordinates":[6.48218,52.10865]}},{"type":"Feature","properties":{"CountryName":"Netherlands","Type of Animal":"Pork"},"geometry":{"type":"Point","coordinates":[6.44511,52.11502]}},{"type":"Feature","properties":{"CountryName":"Netherlands","Type of Animal":"Pork"},"geometry":{"type":"Point","coordinates":[6.3731,52.17197]}},{"type":"Feature","properties":{"CountryName":"Netherlands","Type of Animal":"Pork"},"geometry":{"type":"Point","coordinates":[6.331,52.22183]}},{"type":"Feature","properties":{"CountryName":"Netherlands","Type of Animal":"Chicken"},"geometry":{"type":"Point","coordinates":[6.71212,52.44822]}},{"type":"Feature","properties":{"CountryName":"Netherlands","Type of Animal":"Pork"},"geometry":{"type":"Point","coordinates":[6.71878,52.41039]}},{"type":"Feature","properties":{"CountryName":"Netherlands","Type of Animal":"Pork"},"geometry":{"type":"Point","coordinates":[5.80897,51.7606]}},{"type":"Feature","properties":{"CountryName":"Netherlands","Type of Animal":"Chicken"},"geometry":{"type":"Point","coordinates":[6.30686,51.90314]}},{"type":"Feature","properties":{"CountryName":"Netherlands","Type of Animal":"Pork"},"geometry":{"type":"Point","coordinates":[5.82801,51.49554]}},{"type":"Feature","properties":{"CountryName":"Netherlands","Type of Animal":"Pork"},"geometry":{"type":"Point","coordinates":[5.81047,51.43776]}},{"type":"Feature","properties":{"CountryName":"Netherlands","Type of Animal":"Pork"},"geometry":{"type":"Point","coordinates":[5.79151,51.4896]}},{"type":"Feature","properties":{"CountryName":"Netherlands","Type of Animal":"Chicken"},"geometry":{"type":"Point","coordinates":[5.82908,51.46159]}},{"type":"Feature","properties":{"CountryName":"Netherlands","Type of Animal":"Pork"},"geometry":{"type":"Point","coordinates":[5.92817,51.5277]}},{"type":"Feature","properties":{"CountryName":"Netherlands","Type of Animal":"Chicken"},"geometry":{"type":"Point","coordinates":[6.08915,51.51893]}},{"type":"Feature","properties":{"CountryName":"Netherlands","Type of Animal":"Chicken"},"geometry":{"type":"Point","coordinates":[6.35473,52.08127]}},{"type":"Feature","properties":{"CountryName":"Netherlands","Type of Animal":"Pork"},"geometry":{"type":"Point","coordinates":[5.57497,52.25667]}},{"type":"Feature","properties":{"CountryName":"Netherlands","Type of Animal":"Pork"},"geometry":{"type":"Point","coordinates":[5.89391,51.48263]}},{"type":"Feature","properties":{"CountryName":"Netherlands","Type of Animal":"Chicken"},"geometry":{"type":"Point","coordinates":[6.57607,52.48175]}},{"type":"Feature","properties":{"CountryName":"Netherlands","Type of Animal":"Pork"},"geometry":{"type":"Point","coordinates":[5.78472,51.58748]}},{"type":"Feature","properties":{"CountryName":"Netherlands","Type of Animal":"Pork"},"geometry":{"type":"Point","coordinates":[5.81082,51.55308]}},{"type":"Feature","properties":{"CountryName":"Netherlands","Type of Animal":"Pork"},"geometry":{"type":"Point","coordinates":[5.43779,51.79096]}},{"type":"Feature","properties":{"CountryName":"Netherlands","Type of Animal":"Pork"},"geometry":{"type":"Point","coordinates":[5.51224,51.6692]}},{"type":"Feature","properties":{"CountryName":"Netherlands","Type of Animal":"Pork"},"geometry":{"type":"Point","coordinates":[5.71785,51.53765]}},{"type":"Feature","properties":{"CountryName":"Netherlands","Type of Animal":"Pork"},"geometry":{"type":"Point","coordinates":[5.84119,51.5048]}},{"type":"Feature","properties":{"CountryName":"Netherlands","Type of Animal":"Pork"},"geometry":{"type":"Point","coordinates":[5.75609,51.52487]}},{"type":"Feature","properties":{"CountryName":"Netherlands","Type of Animal":"Pork"},"geometry":{"type":"Point","coordinates":[6.5004,52.44728]}},{"type":"Feature","properties":{"CountryName":"Netherlands","Type of Animal":"Pork"},"geometry":{"type":"Point","coordinates":[5.51521,51.69715]}},{"type":"Feature","properties":{"CountryName":"Netherlands","Type of Animal":"Pork"},"geometry":{"type":"Point","coordinates":[5.82343,51.50018]}},{"type":"Feature","properties":{"CountryName":"Netherlands","Type of Animal":"Pork"},"geometry":{"type":"Point","coordinates":[5.76138,51.58948]}},{"type":"Feature","properties":{"CountryName":"Netherlands","Type of Animal":"Pork"},"geometry":{"type":"Point","coordinates":[5.82709,51.53559]}},{"type":"Feature","properties":{"CountryName":"Netherlands","Type of Animal":"Pork"},"geometry":{"type":"Point","coordinates":[5.74483,51.55852]}},{"type":"Feature","properties":{"CountryName":"Netherlands","Type of Animal":"Pork"},"geometry":{"type":"Point","coordinates":[5.71763,51.54637]}},{"type":"Feature","properties":{"CountryName":"Netherlands","Type of Animal":"Pork"},"geometry":{"type":"Point","coordinates":[5.7858,51.5112]}},{"type":"Feature","properties":{"CountryName":"Netherlands","Type of Animal":"Pork"},"geometry":{"type":"Point","coordinates":[5.78641,51.4987]}},{"type":"Feature","properties":{"CountryName":"Netherlands","Type of Animal":"Pork"},"geometry":{"type":"Point","coordinates":[5.15427,51.3716]}},{"type":"Feature","properties":{"CountryName":"Netherlands","Type of Animal":"Pork"},"geometry":{"type":"Point","coordinates":[5.14312,51.33436]}},{"type":"Feature","properties":{"CountryName":"Netherlands","Type of Animal":"Pork"},"geometry":{"type":"Point","coordinates":[5.23172,51.484]}},{"type":"Feature","properties":{"CountryName":"Netherlands","Type of Animal":"Pork"},"geometry":{"type":"Point","coordinates":[5.2825,51.50311]}},{"type":"Feature","properties":{"CountryName":"Netherlands","Type of Animal":"Chicken"},"geometry":{"type":"Point","coordinates":[5.7957,51.47512]}},{"type":"Feature","properties":{"CountryName":"Netherlands","Type of Animal":"Pork"},"geometry":{"type":"Point","coordinates":[5.81529,51.49177]}},{"type":"Feature","properties":{"CountryName":"Netherlands","Type of Animal":"Pork"},"geometry":{"type":"Point","coordinates":[5.82843,51.48057]}},{"type":"Feature","properties":{"CountryName":"Netherlands","Type of Animal":"Pork"},"geometry":{"type":"Point","coordinates":[5.80967,51.47579]}},{"type":"Feature","properties":{"CountryName":"Netherlands","Type of Animal":"Pork"},"geometry":{"type":"Point","coordinates":[5.81714,51.47468]}},{"type":"Feature","properties":{"CountryName":"Netherlands","Type of Animal":"Pork"},"geometry":{"type":"Point","coordinates":[5.73824,51.47126]}},{"type":"Feature","properties":{"CountryName":"Netherlands","Type of Animal":"Pork"},"geometry":{"type":"Point","coordinates":[5.81354,51.49006]}},{"type":"Feature","properties":{"CountryName":"Netherlands","Type of Animal":"Pork"},"geometry":{"type":"Point","coordinates":[5.82526,51.4511]}},{"type":"Feature","properties":{"CountryName":"Netherlands","Type of Animal":"Pork"},"geometry":{"type":"Point","coordinates":[5.8292,51.4412]}},{"type":"Feature","properties":{"CountryName":"Netherlands","Type of Animal":"Pork"},"geometry":{"type":"Point","coordinates":[5.81047,51.43776]}},{"type":"Feature","properties":{"CountryName":"Netherlands","Type of Animal":"Pork"},"geometry":{"type":"Point","coordinates":[5.82102,51.44033]}},{"type":"Feature","properties":{"CountryName":"Netherlands","Type of Animal":"Pork"},"geometry":{"type":"Point","coordinates":[5.86406,51.44636]}},{"type":"Feature","properties":{"CountryName":"Netherlands","Type of Animal":"Pork"},"geometry":{"type":"Point","coordinates":[5.83791,51.47856]}},{"type":"Feature","properties":{"CountryName":"Netherlands","Type of Animal":"Pork"},"geometry":{"type":"Point","coordinates":[5.83887,51.47052]}},{"type":"Feature","properties":{"CountryName":"Netherlands","Type of Animal":"Pork"},"geometry":{"type":"Point","coordinates":[5.84784,51.47318]}},{"type":"Feature","properties":{"CountryName":"Netherlands","Type of Animal":"Pork"},"geometry":{"type":"Point","coordinates":[5.83141,51.46168]}},{"type":"Feature","properties":{"CountryName":"Netherlands","Type of Animal":"Pork"},"geometry":{"type":"Point","coordinates":[5.83141,51.46168]}},{"type":"Feature","properties":{"CountryName":"Netherlands","Type of Animal":"Pork"},"geometry":{"type":"Point","coordinates":[5.81577,51.46677]}},{"type":"Feature","properties":{"CountryName":"Netherlands","Type of Animal":"Pork"},"geometry":{"type":"Point","coordinates":[5.83687,51.46058]}},{"type":"Feature","properties":{"CountryName":"Netherlands","Type of Animal":"Pork"},"geometry":{"type":"Point","coordinates":[5.86124,51.39649]}},{"type":"Feature","properties":{"CountryName":"Netherlands","Type of Animal":"Pork"},"geometry":{"type":"Point","coordinates":[5.81613,51.4283]}},{"type":"Feature","properties":{"CountryName":"Netherlands","Type of Animal":"Pork"},"geometry":{"type":"Point","coordinates":[5.83525,51.4201]}},{"type":"Feature","properties":{"CountryName":"Netherlands","Type of Animal":"Chicken"},"geometry":{"type":"Point","coordinates":[5.87125,51.39524]}},{"type":"Feature","properties":{"CountryName":"Netherlands","Type of Animal":"Pork"},"geometry":{"type":"Point","coordinates":[5.84678,51.38791]}},{"type":"Feature","properties":{"CountryName":"Netherlands","Type of Animal":"Pork"},"geometry":{"type":"Point","coordinates":[5.85842,51.38769]}},{"type":"Feature","properties":{"CountryName":"Netherlands","Type of Animal":"Chicken"},"geometry":{"type":"Point","coordinates":[5.86787,51.38352]}},{"type":"Feature","properties":{"CountryName":"Netherlands","Type of Animal":"Chicken"},"geometry":{"type":"Point","coordinates":[5.91387,51.38727]}},{"type":"Feature","properties":{"CountryName":"Netherlands","Type of Animal":"Pork"},"geometry":{"type":"Point","coordinates":[5.37825,51.65533]}},{"type":"Feature","properties":{"CountryName":"Netherlands","Type of Animal":"Pork"},"geometry":{"type":"Point","coordinates":[5.42711,51.67438]}},{"type":"Feature","properties":{"CountryName":"Netherlands","Type of Animal":"Chicken"},"geometry":{"type":"Point","coordinates":[5.68899,51.94437]}},{"type":"Feature","properties":{"CountryName":"Netherlands","Type of Animal":"Chicken"},"geometry":{"type":"Point","coordinates":[5.77996,51.93574]}},{"type":"Feature","properties":{"CountryName":"Netherlands","Type of Animal":"Pork"},"geometry":{"type":"Point","coordinates":[5.93416,51.47464]}},{"type":"Feature","properties":{"CountryName":"Netherlands","Type of Animal":"Pork"},"geometry":{"type":"Point","coordinates":[4.97919,51.71044]}},{"type":"Feature","properties":{"CountryName":"Netherlands","Type of Animal":"Chicken"},"geometry":{"type":"Point","coordinates":[5.89097,51.92547]}},{"type":"Feature","properties":{"CountryName":"Netherlands","Type of Animal":"Chicken"},"geometry":{"type":"Point","coordinates":[5.75901,51.89896]}},{"type":"Feature","properties":{"CountryName":"Netherlands","Type of Animal":"Chicken"},"geometry":{"type":"Point","coordinates":[4.97974,51.47233]}},{"type":"Feature","properties":{"CountryName":"Netherlands","Type of Animal":"Pork"},"geometry":{"type":"Point","coordinates":[6.01496,51.4674]}},{"type":"Feature","properties":{"CountryName":"Netherlands","Type of Animal":"Pork"},"geometry":{"type":"Point","coordinates":[5.20213,51.4667]}},{"type":"Feature","properties":{"CountryName":"Netherlands","Type of Animal":"Chicken"},"geometry":{"type":"Point","coordinates":[6.36842,52.23306]}},{"type":"Feature","properties":{"CountryName":"Netherlands","Type of Animal":"Pork"},"geometry":{"type":"Point","coordinates":[5.75905,51.90363]}},{"type":"Feature","properties":{"CountryName":"Netherlands","Type of Animal":"Pork"},"geometry":{"type":"Point","coordinates":[5.16003,51.56999]}},{"type":"Feature","properties":{"CountryName":"Netherlands","Type of Animal":"Pork"},"geometry":{"type":"Point","coordinates":[5.87932,51.59765]}},{"type":"Feature","properties":{"CountryName":"Netherlands","Type of Animal":"Pork"},"geometry":{"type":"Point","coordinates":[5.3472,51.29976]}},{"type":"Feature","properties":{"CountryName":"Netherlands","Type of Animal":"Pork"},"geometry":{"type":"Point","coordinates":[5.14312,51.33436]}},{"type":"Feature","properties":{"CountryName":"Netherlands","Type of Animal":"Pork"},"geometry":{"type":"Point","coordinates":[5.14312,51.33436]}},{"type":"Feature","properties":{"CountryName":"Netherlands","Type of Animal":"Pork"},"geometry":{"type":"Point","coordinates":[5.28209,51.5346]}},{"type":"Feature","properties":{"CountryName":"Netherlands","Type of Animal":"Pork"},"geometry":{"type":"Point","coordinates":[5.24414,51.47314]}},{"type":"Feature","properties":{"CountryName":"Netherlands","Type of Animal":"Pork"},"geometry":{"type":"Point","coordinates":[5.79398,51.29849]}},{"type":"Feature","properties":{"CountryName":"Netherlands","Type of Animal":"Pork"},"geometry":{"type":"Point","coordinates":[5.48459,51.71345]}},{"type":"Feature","properties":{"CountryName":"Netherlands","Type of Animal":"Pork"},"geometry":{"type":"Point","coordinates":[5.5087,51.64062]}},{"type":"Feature","properties":{"CountryName":"Netherlands","Type of Animal":"Chicken"},"geometry":{"type":"Point","coordinates":[6.22269,52.37331]}},{"type":"Feature","properties":{"CountryName":"Netherlands","Type of Animal":"Pork"},"geometry":{"type":"Point","coordinates":[5.52406,51.65732]}},{"type":"Feature","properties":{"CountryName":"Netherlands","Type of Animal":"Pork"},"geometry":{"type":"Point","coordinates":[5.49593,51.67784]}},{"type":"Feature","properties":{"CountryName":"Netherlands","Type of Animal":"Pork"},"geometry":{"type":"Point","coordinates":[5.97389,51.50815]}},{"type":"Feature","properties":{"CountryName":"Netherlands","Type of Animal":"Pork"},"geometry":{"type":"Point","coordinates":[5.13402,51.60481]}},{"type":"Feature","properties":{"CountryName":"Netherlands","Type of Animal":"Pork"},"geometry":{"type":"Point","coordinates":[5.66682,51.25545]}},{"type":"Feature","properties":{"CountryName":"Netherlands","Type of Animal":"Chicken"},"geometry":{"type":"Point","coordinates":[5.7644,51.22443]}},{"type":"Feature","properties":{"CountryName":"Netherlands","Type of Animal":"Chicken"},"geometry":{"type":"Point","coordinates":[5.73671,51.19701]}},{"type":"Feature","properties":{"CountryName":"Netherlands","Type of Animal":"Pork"},"geometry":{"type":"Point","coordinates":[6.56113,52.12982]}},{"type":"Feature","properties":{"CountryName":"Netherlands","Type of Animal":"Pork"},"geometry":{"type":"Point","coordinates":[5.53587,51.59978]}},{"type":"Feature","properties":{"CountryName":"Netherlands","Type of Animal":"Pork"},"geometry":{"type":"Point","coordinates":[5.61065,51.56748]}},{"type":"Feature","properties":{"CountryName":"Netherlands","Type of Animal":"Pork"},"geometry":{"type":"Point","coordinates":[6.90796,53.10387]}},{"type":"Feature","properties":{"CountryName":"Netherlands","Type of Animal":"Pork"},"geometry":{"type":"Point","coordinates":[5.63167,51.59396]}},{"type":"Feature","properties":{"CountryName":"Netherlands","Type of Animal":"Pork"},"geometry":{"type":"Point","coordinates":[4.17621,51.73483]}},{"type":"Feature","properties":{"CountryName":"Netherlands","Type of Animal":"Chicken"},"geometry":{"type":"Point","coordinates":[6.8883,53.0758]}},{"type":"Feature","properties":{"CountryName":"Netherlands","Type of Animal":"Pork"},"geometry":{"type":"Point","coordinates":[6.9176,53.04544]}},{"type":"Feature","properties":{"CountryName":"Netherlands","Type of Animal":"Chicken"},"geometry":{"type":"Point","coordinates":[6.8541,53.06385]}},{"type":"Feature","properties":{"CountryName":"Netherlands","Type of Animal":"Pork"},"geometry":{"type":"Point","coordinates":[5.61314,51.58087]}},{"type":"Feature","properties":{"CountryName":"Netherlands","Type of Animal":"Chicken"},"geometry":{"type":"Point","coordinates":[5.7222,51.36003]}},{"type":"Feature","properties":{"CountryName":"Netherlands","Type of Animal":"Pork"},"geometry":{"type":"Point","coordinates":[6.42912,51.87058]}},{"type":"Feature","properties":{"CountryName":"Netherlands","Type of Animal":"Pork"},"geometry":{"type":"Point","coordinates":[6.33912,51.86863]}},{"type":"Feature","properties":{"CountryName":"Netherlands","Type of Animal":"Pork"},"geometry":{"type":"Point","coordinates":[6.96028,53.09566]}},{"type":"Feature","properties":{"CountryName":"Netherlands","Type of Animal":"Chicken"},"geometry":{"type":"Point","coordinates":[6.9176,53.04544]}},{"type":"Feature","properties":{"CountryName":"Netherlands","Type of Animal":"Chicken"},"geometry":{"type":"Point","coordinates":[6.00707,51.32164]}},{"type":"Feature","properties":{"CountryName":"Netherlands","Type of Animal":"Pork"},"geometry":{"type":"Point","coordinates":[6.32969,51.89667]}},{"type":"Feature","properties":{"CountryName":"Netherlands","Type of Animal":"Pork"},"geometry":{"type":"Point","coordinates":[6.21242,51.45188]}},{"type":"Feature","properties":{"CountryName":"Netherlands","Type of Animal":"Pork"},"geometry":{"type":"Point","coordinates":[5.96939,51.31366]}},{"type":"Feature","properties":{"CountryName":"Netherlands","Type of Animal":"Pork"},"geometry":{"type":"Point","coordinates":[6.39747,51.91309]}},{"type":"Feature","properties":{"CountryName":"Netherlands","Type of Animal":"Pork"},"geometry":{"type":"Point","coordinates":[6.96028,53.09566]}},{"type":"Feature","properties":{"CountryName":"Netherlands","Type of Animal":"Pork"},"geometry":{"type":"Point","coordinates":[4.78801,51.50585]}},{"type":"Feature","properties":{"CountryName":"Netherlands","Type of Animal":"Pork"},"geometry":{"type":"Point","coordinates":[6.31129,51.85672]}},{"type":"Feature","properties":{"CountryName":"Netherlands","Type of Animal":"Pork"},"geometry":{"type":"Point","coordinates":[6.89125,53.08981]}},{"type":"Feature","properties":{"CountryName":"Netherlands","Type of Animal":"Pork"},"geometry":{"type":"Point","coordinates":[5.94963,51.35142]}},{"type":"Feature","properties":{"CountryName":"Netherlands","Type of Animal":"Pork"},"geometry":{"type":"Point","coordinates":[5.95786,51.321]}},{"type":"Feature","properties":{"CountryName":"Netherlands","Type of Animal":"Chicken"},"geometry":{"type":"Point","coordinates":[4.83434,51.49843]}},{"type":"Feature","properties":{"CountryName":"Netherlands","Type of Animal":"Chicken"},"geometry":{"type":"Point","coordinates":[6.34189,51.88974]}},{"type":"Feature","properties":{"CountryName":"Netherlands","Type of Animal":"Pork"},"geometry":{"type":"Point","coordinates":[6.43483,51.86278]}},{"type":"Feature","properties":{"CountryName":"Netherlands","Type of Animal":"Chicken"},"geometry":{"type":"Point","coordinates":[6.42076,51.96484]}},{"type":"Feature","properties":{"CountryName":"Netherlands","Type of Animal":"Chicken"},"geometry":{"type":"Point","coordinates":[6.43936,51.91425]}},{"type":"Feature","properties":{"CountryName":"Netherlands","Type of Animal":"Pork"},"geometry":{"type":"Point","coordinates":[6.9167,53.06711]}},{"type":"Feature","properties":{"CountryName":"Netherlands","Type of Animal":"Pork"},"geometry":{"type":"Point","coordinates":[5.43745,51.74449]}},{"type":"Feature","properties":{"CountryName":"Netherlands","Type of Animal":"Pork"},"geometry":{"type":"Point","coordinates":[5.88825,51.46036]}},{"type":"Feature","properties":{"CountryName":"Netherlands","Type of Animal":"Pork"},"geometry":{"type":"Point","coordinates":[5.43963,51.75057]}},{"type":"Feature","properties":{"CountryName":"Netherlands","Type of Animal":"Pork"},"geometry":{"type":"Point","coordinates":[5.60679,51.64164]}},{"type":"Feature","properties":{"CountryName":"Netherlands","Type of Animal":"Chicken"},"geometry":{"type":"Point","coordinates":[6.83737,52.17142]}},{"type":"Feature","properties":{"CountryName":"Netherlands","Type of Animal":"Chicken"},"geometry":{"type":"Point","coordinates":[6.24596,52.54707]}},{"type":"Feature","properties":{"CountryName":"Netherlands","Type of Animal":"Pork"},"geometry":{"type":"Point","coordinates":[5.73405,51.66824]}},{"type":"Feature","properties":{"CountryName":"Netherlands","Type of Animal":"Chicken"},"geometry":{"type":"Point","coordinates":[6.13257,53.20755]}},{"type":"Feature","properties":{"CountryName":"Netherlands","Type of Animal":"Pork"},"geometry":{"type":"Point","coordinates":[5.41513,51.6439]}},{"type":"Feature","properties":{"CountryName":"Netherlands","Type of Animal":"Chicken"},"geometry":{"type":"Point","coordinates":[5.84935,51.46657]}},{"type":"Feature","properties":{"CountryName":"Netherlands","Type of Animal":"Pork"},"geometry":{"type":"Point","coordinates":[5.78071,51.47283]}},{"type":"Feature","properties":{"CountryName":"Netherlands","Type of Animal":"Pork"},"geometry":{"type":"Point","coordinates":[5.58454,51.64123]}},{"type":"Feature","properties":{"CountryName":"Netherlands","Type of Animal":"Pork"},"geometry":{"type":"Point","coordinates":[5.9396,51.68411]}},{"type":"Feature","properties":{"CountryName":"Netherlands","Type of Animal":"Pork"},"geometry":{"type":"Point","coordinates":[5.95013,51.49686]}},{"type":"Feature","properties":{"CountryName":"Netherlands","Type of Animal":"Pork"},"geometry":{"type":"Point","coordinates":[6.3204,51.88221]}},{"type":"Feature","properties":{"CountryName":"Netherlands","Type of Animal":"Pork"},"geometry":{"type":"Point","coordinates":[5.89322,51.47934]}},{"type":"Feature","properties":{"CountryName":"Netherlands","Type of Animal":"Chicken"},"geometry":{"type":"Point","coordinates":[6.00956,51.67211]}},{"type":"Feature","properties":{"CountryName":"Netherlands","Type of Animal":"Pork"},"geometry":{"type":"Point","coordinates":[5.98098,51.7198]}},{"type":"Feature","properties":{"CountryName":"Netherlands","Type of Animal":"Chicken"},"geometry":{"type":"Point","coordinates":[6.02214,51.66233]}},{"type":"Feature","properties":{"CountryName":"Netherlands","Type of Animal":"Pork"},"geometry":{"type":"Point","coordinates":[5.99985,51.71341]}},{"type":"Feature","properties":{"CountryName":"Netherlands","Type of Animal":"Chicken"},"geometry":{"type":"Point","coordinates":[5.99497,51.93132]}},{"type":"Feature","properties":{"CountryName":"Netherlands","Type of Animal":"Pork"},"geometry":{"type":"Point","coordinates":[5.92457,51.57338]}},{"type":"Feature","properties":{"CountryName":"Netherlands","Type of Animal":"Pork"},"geometry":{"type":"Point","coordinates":[5.2209,51.53081]}},{"type":"Feature","properties":{"CountryName":"Netherlands","Type of Animal":"Pork"},"geometry":{"type":"Point","coordinates":[5.76678,51.3553]}},{"type":"Feature","properties":{"CountryName":"Netherlands","Type of Animal":"Chicken"},"geometry":{"type":"Point","coordinates":[5.18725,51.54559]}},{"type":"Feature","properties":{"CountryName":"Netherlands","Type of Animal":"Pork"},"geometry":{"type":"Point","coordinates":[5.17568,51.52364]}},{"type":"Feature","properties":{"CountryName":"Netherlands","Type of Animal":"Chicken"},"geometry":{"type":"Point","coordinates":[6.16491,52.59948]}},{"type":"Feature","properties":{"CountryName":"Netherlands","Type of Animal":"Chicken"},"geometry":{"type":"Point","coordinates":[6.037,51.9702]}},{"type":"Feature","properties":{"CountryName":"Netherlands","Type of Animal":"Pork"},"geometry":{"type":"Point","coordinates":[5.15441,51.56781]}},{"type":"Feature","properties":{"CountryName":"Netherlands","Type of Animal":"Chicken"},"geometry":{"type":"Point","coordinates":[5.77505,51.37636]}},{"type":"Feature","properties":{"CountryName":"Netherlands","Type of Animal":"Chicken"},"geometry":{"type":"Point","coordinates":[5.77672,51.37666]}},{"type":"Feature","properties":{"CountryName":"Netherlands","Type of Animal":"Pork"},"geometry":{"type":"Point","coordinates":[5.17568,51.52364]}},{"type":"Feature","properties":{"CountryName":"Netherlands","Type of Animal":"Pork"},"geometry":{"type":"Point","coordinates":[5.17787,51.51798]}},{"type":"Feature","properties":{"CountryName":"Netherlands","Type of Animal":"Chicken"},"geometry":{"type":"Point","coordinates":[5.44197,51.53272]}},{"type":"Feature","properties":{"CountryName":"Netherlands","Type of Animal":"Chicken"},"geometry":{"type":"Point","coordinates":[6.03805,51.94292]}},{"type":"Feature","properties":{"CountryName":"Netherlands","Type of Animal":"Pork"},"geometry":{"type":"Point","coordinates":[5.90236,51.48764]}},{"type":"Feature","properties":{"CountryName":"Netherlands","Type of Animal":"Pork"},"geometry":{"type":"Point","coordinates":[5.78014,51.40703]}},{"type":"Feature","properties":{"CountryName":"Netherlands","Type of Animal":"Pork"},"geometry":{"type":"Point","coordinates":[5.92814,51.57848]}},{"type":"Feature","properties":{"CountryName":"Netherlands","Type of Animal":"Pork"},"geometry":{"type":"Point","coordinates":[6.06972,51.28021]}},{"type":"Feature","properties":{"CountryName":"Netherlands","Type of Animal":"Pork"},"geometry":{"type":"Point","coordinates":[5.76075,51.3733]}},{"type":"Feature","properties":{"CountryName":"Netherlands","Type of Animal":"Chicken"},"geometry":{"type":"Point","coordinates":[5.77003,51.34972]}},{"type":"Feature","properties":{"CountryName":"Netherlands","Type of Animal":"Chicken"},"geometry":{"type":"Point","coordinates":[5.77718,51.38035]}},{"type":"Feature","properties":{"CountryName":"Netherlands","Type of Animal":"Pork"},"geometry":{"type":"Point","coordinates":[6.06972,51.28021]}},{"type":"Feature","properties":{"CountryName":"Netherlands","Type of Animal":"Chicken"},"geometry":{"type":"Point","coordinates":[5.44912,51.52397]}},{"type":"Feature","properties":{"CountryName":"Netherlands","Type of Animal":"Chicken"},"geometry":{"type":"Point","coordinates":[5.57422,53.18996]}},{"type":"Feature","properties":{"CountryName":"Netherlands","Type of Animal":"Pork"},"geometry":{"type":"Point","coordinates":[5.76453,51.37922]}},{"type":"Feature","properties":{"CountryName":"Netherlands","Type of Animal":"Chicken"},"geometry":{"type":"Point","coordinates":[5.56983,52.21723]}},{"type":"Feature","properties":{"CountryName":"Netherlands","Type of Animal":"Pork"},"geometry":{"type":"Point","coordinates":[5.56114,52.27898]}},{"type":"Feature","properties":{"CountryName":"Netherlands","Type of Animal":"Pork"},"geometry":{"type":"Point","coordinates":[6.17154,51.97898]}},{"type":"Feature","properties":{"CountryName":"Netherlands","Type of Animal":"Pork"},"geometry":{"type":"Point","coordinates":[6.68635,51.9908]}},{"type":"Feature","properties":{"CountryName":"Netherlands","Type of Animal":"Pork"},"geometry":{"type":"Point","coordinates":[6.03652,51.51609]}},{"type":"Feature","properties":{"CountryName":"Netherlands","Type of Animal":"Pork"},"geometry":{"type":"Point","coordinates":[6.55306,52.40783]}},{"type":"Feature","properties":{"CountryName":"Netherlands","Type of Animal":"Chicken"},"geometry":{"type":"Point","coordinates":[6.59543,52.27995]}},{"type":"Feature","properties":{"CountryName":"Netherlands","Type of Animal":"Chicken"},"geometry":{"type":"Point","coordinates":[4.35171,51.61178]}},{"type":"Feature","properties":{"CountryName":"Netherlands","Type of Animal":"Pork"},"geometry":{"type":"Point","coordinates":[4.86423,51.52958]}},{"type":"Feature","properties":{"CountryName":"Netherlands","Type of Animal":"Chicken"},"geometry":{"type":"Point","coordinates":[4.94913,51.46755]}},{"type":"Feature","properties":{"CountryName":"Netherlands","Type of Animal":"Chicken"},"geometry":{"type":"Point","coordinates":[4.98186,51.46039]}},{"type":"Feature","properties":{"CountryName":"Netherlands","Type of Animal":"Chicken"},"geometry":{"type":"Point","coordinates":[4.60233,51.5736]}},{"type":"Feature","properties":{"CountryName":"Netherlands","Type of Animal":"Pork"},"geometry":{"type":"Point","coordinates":[4.72087,51.54701]}},{"type":"Feature","properties":{"CountryName":"Netherlands","Type of Animal":"Pork"},"geometry":{"type":"Point","coordinates":[6.19179,52.43843]}},{"type":"Feature","properties":{"CountryName":"Netherlands","Type of Animal":"Pork"},"geometry":{"type":"Point","coordinates":[6.29894,52.32871]}},{"type":"Feature","properties":{"CountryName":"Netherlands","Type of Animal":"Pork"},"geometry":{"type":"Point","coordinates":[6.3109,52.40978]}},{"type":"Feature","properties":{"CountryName":"Netherlands","Type of Animal":"Pork"},"geometry":{"type":"Point","coordinates":[4.47842,51.58034]}},{"type":"Feature","properties":{"CountryName":"Netherlands","Type of Animal":"Pork"},"geometry":{"type":"Point","coordinates":[4.4035,51.66217]}},{"type":"Feature","properties":{"CountryName":"Netherlands","Type of Animal":"Pork"},"geometry":{"type":"Point","coordinates":[5.70421,52.83076]}},{"type":"Feature","properties":{"CountryName":"Netherlands","Type of Animal":"Pork"},"geometry":{"type":"Point","coordinates":[5.8416,51.64663]}},{"type":"Feature","properties":{"CountryName":"Netherlands","Type of Animal":"Pork"},"geometry":{"type":"Point","coordinates":[4.73433,51.5107]}},{"type":"Feature","properties":{"CountryName":"Netherlands","Type of Animal":"Pork"},"geometry":{"type":"Point","coordinates":[6.74984,52.45471]}},{"type":"Feature","properties":{"CountryName":"Netherlands","Type of Animal":"Pork"},"geometry":{"type":"Point","coordinates":[6.69921,52.45207]}},{"type":"Feature","properties":{"CountryName":"Netherlands","Type of Animal":"Pork"},"geometry":{"type":"Point","coordinates":[5.4792,51.76828]}},{"type":"Feature","properties":{"CountryName":"Netherlands","Type of Animal":"Pork"},"geometry":{"type":"Point","coordinates":[5.4792,51.76828]}},{"type":"Feature","properties":{"CountryName":"Netherlands","Type of Animal":"Pork"},"geometry":{"type":"Point","coordinates":[5.5414,51.79543]}},{"type":"Feature","properties":{"CountryName":"Netherlands","Type of Animal":"Chicken"},"geometry":{"type":"Point","coordinates":[5.78218,51.93996]}},{"type":"Feature","properties":{"CountryName":"Netherlands","Type of Animal":"Pork"},"geometry":{"type":"Point","coordinates":[5.61939,51.816]}},{"type":"Feature","properties":{"CountryName":"Netherlands","Type of Animal":"Pork"},"geometry":{"type":"Point","coordinates":[5.62312,51.78058]}},{"type":"Feature","properties":{"CountryName":"Netherlands","Type of Animal":"Chicken"},"geometry":{"type":"Point","coordinates":[5.66557,51.7794]}},{"type":"Feature","properties":{"CountryName":"Netherlands","Type of Animal":"Chicken"},"geometry":{"type":"Point","coordinates":[5.5553,51.74186]}},{"type":"Feature","properties":{"CountryName":"Netherlands","Type of Animal":"Chicken"},"geometry":{"type":"Point","coordinates":[5.63322,51.79952]}},{"type":"Feature","properties":{"CountryName":"Netherlands","Type of Animal":"Chicken"},"geometry":{"type":"Point","coordinates":[5.55857,52.091]}},{"type":"Feature","properties":{"CountryName":"Netherlands","Type of Animal":"Pork"},"geometry":{"type":"Point","coordinates":[6.00552,51.46098]}},{"type":"Feature","properties":{"CountryName":"Netherlands","Type of Animal":"Pork"},"geometry":{"type":"Point","coordinates":[5.12425,51.49657]}},{"type":"Feature","properties":{"CountryName":"Netherlands","Type of Animal":"Chicken"},"geometry":{"type":"Point","coordinates":[5.55787,52.0885]}},{"type":"Feature","properties":{"CountryName":"Netherlands","Type of Animal":"Chicken"},"geometry":{"type":"Point","coordinates":[5.57304,52.11107]}},{"type":"Feature","properties":{"CountryName":"Netherlands","Type of Animal":"Chicken"},"geometry":{"type":"Point","coordinates":[5.60999,52.08521]}},{"type":"Feature","properties":{"CountryName":"Netherlands","Type of Animal":"Pork"},"geometry":{"type":"Point","coordinates":[5.64344,51.99792]}},{"type":"Feature","properties":{"CountryName":"Netherlands","Type of Animal":"Chicken"},"geometry":{"type":"Point","coordinates":[5.73312,52.12222]}},{"type":"Feature","properties":{"CountryName":"Netherlands","Type of Animal":"Pork"},"geometry":{"type":"Point","coordinates":[5.56503,52.09077]}},{"type":"Feature","properties":{"CountryName":"Netherlands","Type of Animal":"Pork"},"geometry":{"type":"Point","coordinates":[5.57665,52.06685]}},{"type":"Feature","properties":{"CountryName":"Netherlands","Type of Animal":"Chicken"},"geometry":{"type":"Point","coordinates":[5.68275,52.1228]}},{"type":"Feature","properties":{"CountryName":"Netherlands","Type of Animal":"Chicken"},"geometry":{"type":"Point","coordinates":[5.63453,52.0111]}},{"type":"Feature","properties":{"CountryName":"Netherlands","Type of Animal":"Chicken"},"geometry":{"type":"Point","coordinates":[5.63453,52.0111]}},{"type":"Feature","properties":{"CountryName":"Netherlands","Type of Animal":"Chicken"},"geometry":{"type":"Point","coordinates":[5.63453,52.0111]}},{"type":"Feature","properties":{"CountryName":"Netherlands","Type of Animal":"Chicken"},"geometry":{"type":"Point","coordinates":[5.55781,52.09806]}},{"type":"Feature","properties":{"CountryName":"Netherlands","Type of Animal":"Pork"},"geometry":{"type":"Point","coordinates":[5.55781,52.09806]}},{"type":"Feature","properties":{"CountryName":"Netherlands","Type of Animal":"Pork"},"geometry":{"type":"Point","coordinates":[5.72036,52.13331]}},{"type":"Feature","properties":{"CountryName":"Netherlands","Type of Animal":"Chicken"},"geometry":{"type":"Point","coordinates":[5.60127,52.12279]}},{"type":"Feature","properties":{"CountryName":"Netherlands","Type of Animal":"Pork"},"geometry":{"type":"Point","coordinates":[5.57727,52.04204]}},{"type":"Feature","properties":{"CountryName":"Netherlands","Type of Animal":"Chicken"},"geometry":{"type":"Point","coordinates":[5.62776,52.10594]}},{"type":"Feature","properties":{"CountryName":"Netherlands","Type of Animal":"Chicken"},"geometry":{"type":"Point","coordinates":[5.60062,52.10869]}},{"type":"Feature","properties":{"CountryName":"Netherlands","Type of Animal":"Chicken"},"geometry":{"type":"Point","coordinates":[5.75798,52.10911]}},{"type":"Feature","properties":{"CountryName":"Netherlands","Type of Animal":"Chicken"},"geometry":{"type":"Point","coordinates":[5.60707,52.05502]}},{"type":"Feature","properties":{"CountryName":"Netherlands","Type of Animal":"Chicken"},"geometry":{"type":"Point","coordinates":[5.72234,52.14234]}},{"type":"Feature","properties":{"CountryName":"Netherlands","Type of Animal":"Chicken"},"geometry":{"type":"Point","coordinates":[6.91864,53.01136]}},{"type":"Feature","properties":{"CountryName":"Netherlands","Type of Animal":"Pork"},"geometry":{"type":"Point","coordinates":[5.57175,51.62022]}},{"type":"Feature","properties":{"CountryName":"Netherlands","Type of Animal":"Pork"},"geometry":{"type":"Point","coordinates":[5.58042,51.75845]}},{"type":"Feature","properties":{"CountryName":"Netherlands","Type of Animal":"Pork"},"geometry":{"type":"Point","coordinates":[5.68266,51.35752]}},{"type":"Feature","properties":{"CountryName":"Netherlands","Type of Animal":"Pork"},"geometry":{"type":"Point","coordinates":[6.05518,51.51095]}},{"type":"Feature","properties":{"CountryName":"Netherlands","Type of Animal":"Chicken"},"geometry":{"type":"Point","coordinates":[6.56332,52.62784]}},{"type":"Feature","properties":{"CountryName":"Netherlands","Type of Animal":"Chicken"},"geometry":{"type":"Point","coordinates":[5.52014,52.38509]}},{"type":"Feature","properties":{"CountryName":"Netherlands","Type of Animal":"Pork"},"geometry":{"type":"Point","coordinates":[5.79539,51.60042]}},{"type":"Feature","properties":{"CountryName":"Netherlands","Type of Animal":"Chicken"},"geometry":{"type":"Point","coordinates":[6.55826,52.64839]}},{"type":"Feature","properties":{"CountryName":"Netherlands","Type of Animal":"Pork"},"geometry":{"type":"Point","coordinates":[6.29307,52.30674]}},{"type":"Feature","properties":{"CountryName":"Netherlands","Type of Animal":"Pork"},"geometry":{"type":"Point","coordinates":[5.85003,51.55792]}},{"type":"Feature","properties":{"CountryName":"Netherlands","Type of Animal":"Chicken"},"geometry":{"type":"Point","coordinates":[5.22524,51.49143]}},{"type":"Feature","properties":{"CountryName":"Netherlands","Type of Animal":"Chicken"},"geometry":{"type":"Point","coordinates":[5.54371,51.86448]}},{"type":"Feature","properties":{"CountryName":"Netherlands","Type of Animal":"Chicken"},"geometry":{"type":"Point","coordinates":[5.69139,52.74579]}},{"type":"Feature","properties":{"CountryName":"Netherlands","Type of Animal":"Pork"},"geometry":{"type":"Point","coordinates":[5.25351,51.51755]}},{"type":"Feature","properties":{"CountryName":"Netherlands","Type of Animal":"Pork"},"geometry":{"type":"Point","coordinates":[5.20853,51.47356]}},{"type":"Feature","properties":{"CountryName":"Netherlands","Type of Animal":"Chicken"},"geometry":{"type":"Point","coordinates":[6.94088,53.28339]}},{"type":"Feature","properties":{"CountryName":"Netherlands","Type of Animal":"Chicken"},"geometry":{"type":"Point","coordinates":[5.16479,51.59301]}},{"type":"Feature","properties":{"CountryName":"Netherlands","Type of Animal":"Pork"},"geometry":{"type":"Point","coordinates":[7.11932,52.89771]}},{"type":"Feature","properties":{"CountryName":"Netherlands","Type of Animal":"Pork"},"geometry":{"type":"Point","coordinates":[5.32381,51.51806]}},{"type":"Feature","properties":{"CountryName":"Netherlands","Type of Animal":"Chicken"},"geometry":{"type":"Point","coordinates":[5.78063,51.31391]}},{"type":"Feature","properties":{"CountryName":"Netherlands","Type of Animal":"Chicken"},"geometry":{"type":"Point","coordinates":[6.78991,53.40404]}},{"type":"Feature","properties":{"CountryName":"Netherlands","Type of Animal":"Chicken"},"geometry":{"type":"Point","coordinates":[4.04637,51.47229]}},{"type":"Feature","properties":{"CountryName":"Netherlands","Type of Animal":"Chicken"},"geometry":{"type":"Point","coordinates":[4.03926,51.44497]}},{"type":"Feature","properties":{"CountryName":"Netherlands","Type of Animal":"Pork"},"geometry":{"type":"Point","coordinates":[5.88257,51.65402]}},{"type":"Feature","properties":{"CountryName":"Netherlands","Type of Animal":"Pork"},"geometry":{"type":"Point","coordinates":[6.46474,52.70356]}},{"type":"Feature","properties":{"CountryName":"Netherlands","Type of Animal":"Pork"},"geometry":{"type":"Point","coordinates":[6.04511,51.5022]}},{"type":"Feature","properties":{"CountryName":"Netherlands","Type of Animal":"Pork"},"geometry":{"type":"Point","coordinates":[6.80395,52.33884]}},{"type":"Feature","properties":{"CountryName":"Netherlands","Type of Animal":"Chicken"},"geometry":{"type":"Point","coordinates":[5.82302,51.44836]}},{"type":"Feature","properties":{"CountryName":"Netherlands","Type of Animal":"Pork"},"geometry":{"type":"Point","coordinates":[6.07618,51.64189]}},{"type":"Feature","properties":{"CountryName":"Netherlands","Type of Animal":"Pork"},"geometry":{"type":"Point","coordinates":[6.08574,51.65334]}},{"type":"Feature","properties":{"CountryName":"Netherlands","Type of Animal":"Pork"},"geometry":{"type":"Point","coordinates":[5.82931,51.44297]}},{"type":"Feature","properties":{"CountryName":"Netherlands","Type of Animal":"Pork"},"geometry":{"type":"Point","coordinates":[5.42237,52.08371]}},{"type":"Feature","properties":{"CountryName":"Netherlands","Type of Animal":"Pork"},"geometry":{"type":"Point","coordinates":[6.24943,52.27201]}},{"type":"Feature","properties":{"CountryName":"Netherlands","Type of Animal":"Pork"},"geometry":{"type":"Point","coordinates":[5.8238,51.43313]}},{"type":"Feature","properties":{"CountryName":"Netherlands","Type of Animal":"Chicken"},"geometry":{"type":"Point","coordinates":[6.27634,52.23316]}},{"type":"Feature","properties":{"CountryName":"Netherlands","Type of Animal":"Pork"},"geometry":{"type":"Point","coordinates":[6.17207,51.53962]}},{"type":"Feature","properties":{"CountryName":"Netherlands","Type of Animal":"Pork"},"geometry":{"type":"Point","coordinates":[5.83563,51.46598]}},{"type":"Feature","properties":{"CountryName":"Netherlands","Type of Animal":"Pork"},"geometry":{"type":"Point","coordinates":[5.85127,51.45791]}},{"type":"Feature","properties":{"CountryName":"Netherlands","Type of Animal":"Pork"},"geometry":{"type":"Point","coordinates":[5.85339,51.45791]}},{"type":"Feature","properties":{"CountryName":"Netherlands","Type of Animal":"Pork"},"geometry":{"type":"Point","coordinates":[6.27538,51.92747]}},{"type":"Feature","properties":{"CountryName":"Netherlands","Type of Animal":"Pork"},"geometry":{"type":"Point","coordinates":[5.82211,51.54226]}},{"type":"Feature","properties":{"CountryName":"Netherlands","Type of Animal":"Pork"},"geometry":{"type":"Point","coordinates":[5.75846,51.4445]}},{"type":"Feature","properties":{"CountryName":"Netherlands","Type of Animal":"Pork"},"geometry":{"type":"Point","coordinates":[5.5022,51.64296]}},{"type":"Feature","properties":{"CountryName":"Netherlands","Type of Animal":"Chicken"},"geometry":{"type":"Point","coordinates":[6.60072,51.97948]}},{"type":"Feature","properties":{"CountryName":"Netherlands","Type of Animal":"Pork"},"geometry":{"type":"Point","coordinates":[6.07652,51.63204]}},{"type":"Feature","properties":{"CountryName":"Netherlands","Type of Animal":"Pork"},"geometry":{"type":"Point","coordinates":[5.23681,51.46998]}},{"type":"Feature","properties":{"CountryName":"Netherlands","Type of Animal":"Pork"},"geometry":{"type":"Point","coordinates":[6.89236,52.35426]}},{"type":"Feature","properties":{"CountryName":"Netherlands","Type of Animal":"Pork"},"geometry":{"type":"Point","coordinates":[5.82386,51.44378]}},{"type":"Feature","properties":{"CountryName":"Netherlands","Type of Animal":"Pork"},"geometry":{"type":"Point","coordinates":[6.63555,52.25787]}},{"type":"Feature","properties":{"CountryName":"Netherlands","Type of Animal":"Pork"},"geometry":{"type":"Point","coordinates":[5.7957,51.47512]}},{"type":"Feature","properties":{"CountryName":"Netherlands","Type of Animal":"Pork"},"geometry":{"type":"Point","coordinates":[5.86406,51.44636]}},{"type":"Feature","properties":{"CountryName":"Netherlands","Type of Animal":"Pork"},"geometry":{"type":"Point","coordinates":[5.86084,51.45097]}},{"type":"Feature","properties":{"CountryName":"Netherlands","Type of Animal":"Pork"},"geometry":{"type":"Point","coordinates":[5.8552,51.49386]}},{"type":"Feature","properties":{"CountryName":"Netherlands","Type of Animal":"Chicken"},"geometry":{"type":"Point","coordinates":[6.43394,52.23654]}},{"type":"Feature","properties":{"CountryName":"Netherlands","Type of Animal":"Pork"},"geometry":{"type":"Point","coordinates":[5.89555,51.51014]}},{"type":"Feature","properties":{"CountryName":"Netherlands","Type of Animal":"Pork"},"geometry":{"type":"Point","coordinates":[6.60763,52.22796]}},{"type":"Feature","properties":{"CountryName":"Netherlands","Type of Animal":"Pork"},"geometry":{"type":"Point","coordinates":[6.53742,52.26938]}},{"type":"Feature","properties":{"CountryName":"Netherlands","Type of Animal":"Pork"},"geometry":{"type":"Point","coordinates":[6.86645,52.39301]}},{"type":"Feature","properties":{"CountryName":"Netherlands","Type of Animal":"Pork"},"geometry":{"type":"Point","coordinates":[5.68608,51.18982]}},{"type":"Feature","properties":{"CountryName":"Netherlands","Type of Animal":"Pork"},"geometry":{"type":"Point","coordinates":[6.68567,52.21129]}},{"type":"Feature","properties":{"CountryName":"Netherlands","Type of Animal":"Pork"},"geometry":{"type":"Point","coordinates":[6.29246,51.91664]}},{"type":"Feature","properties":{"CountryName":"Netherlands","Type of Animal":"Pork"},"geometry":{"type":"Point","coordinates":[5.83889,51.43951]}},{"type":"Feature","properties":{"CountryName":"Netherlands","Type of Animal":"Pork"},"geometry":{"type":"Point","coordinates":[5.77881,51.45234]}},{"type":"Feature","properties":{"CountryName":"Netherlands","Type of Animal":"Pork"},"geometry":{"type":"Point","coordinates":[5.1535,51.46454]}},{"type":"Feature","properties":{"CountryName":"Netherlands","Type of Animal":"Chicken"},"geometry":{"type":"Point","coordinates":[6.51338,52.01433]}},{"type":"Feature","properties":{"CountryName":"Netherlands","Type of Animal":"Pork"},"geometry":{"type":"Point","coordinates":[5.71743,51.24139]}},{"type":"Feature","properties":{"CountryName":"Netherlands","Type of Animal":"Pork"},"geometry":{"type":"Point","coordinates":[6.59281,52.03701]}},{"type":"Feature","properties":{"CountryName":"Netherlands","Type of Animal":"Pork"},"geometry":{"type":"Point","coordinates":[6.6307,52.02627]}},{"type":"Feature","properties":{"CountryName":"Netherlands","Type of Animal":"Pork"},"geometry":{"type":"Point","coordinates":[5.18039,51.469]}},{"type":"Feature","properties":{"CountryName":"Netherlands","Type of Animal":"Chicken"},"geometry":{"type":"Point","coordinates":[5.87866,51.35956]}},{"type":"Feature","properties":{"CountryName":"Netherlands","Type of Animal":"Chicken"},"geometry":{"type":"Point","coordinates":[5.75365,51.4797]}},{"type":"Feature","properties":{"CountryName":"Netherlands","Type of Animal":"Chicken"},"geometry":{"type":"Point","coordinates":[7.02278,53.13347]}},{"type":"Feature","properties":{"CountryName":"Netherlands","Type of Animal":"Pork"},"geometry":{"type":"Point","coordinates":[5.47134,51.72459]}},{"type":"Feature","properties":{"CountryName":"Netherlands","Type of Animal":"Pork"},"geometry":{"type":"Point","coordinates":[5.48134,51.75534]}},{"type":"Feature","properties":{"CountryName":"Netherlands","Type of Animal":"Pork"},"geometry":{"type":"Point","coordinates":[5.43339,51.7373]}},{"type":"Feature","properties":{"CountryName":"Netherlands","Type of Animal":"Pork"},"geometry":{"type":"Point","coordinates":[5.81157,51.50949]}},{"type":"Feature","properties":{"CountryName":"Netherlands","Type of Animal":"Pork"},"geometry":{"type":"Point","coordinates":[5.63474,51.78549]}},{"type":"Feature","properties":{"CountryName":"Netherlands","Type of Animal":"Pork"},"geometry":{"type":"Point","coordinates":[5.82403,51.66737]}},{"type":"Feature","properties":{"CountryName":"Netherlands","Type of Animal":"Chicken"},"geometry":{"type":"Point","coordinates":[5.94637,51.13228]}},{"type":"Feature","properties":{"CountryName":"Netherlands","Type of Animal":"Chicken"},"geometry":{"type":"Point","coordinates":[6.03923,52.27334]}},{"type":"Feature","properties":{"CountryName":"Netherlands","Type of Animal":"Chicken"},"geometry":{"type":"Point","coordinates":[5.72922,53.26881]}},{"type":"Feature","properties":{"CountryName":"Netherlands","Type of Animal":"Chicken"},"geometry":{"type":"Point","coordinates":[5.64618,51.96101]}},{"type":"Feature","properties":{"CountryName":"Netherlands","Type of Animal":"Pork"},"geometry":{"type":"Point","coordinates":[5.75081,51.62205]}},{"type":"Feature","properties":{"CountryName":"Netherlands","Type of Animal":"Pork"},"geometry":{"type":"Point","coordinates":[5.61424,51.54105]}},{"type":"Feature","properties":{"CountryName":"Netherlands","Type of Animal":"Chicken"},"geometry":{"type":"Point","coordinates":[6.49562,52.33216]}},{"type":"Feature","properties":{"CountryName":"Netherlands","Type of Animal":"Pork"},"geometry":{"type":"Point","coordinates":[6.72362,51.9075]}},{"type":"Feature","properties":{"CountryName":"Netherlands","Type of Animal":"Chicken"},"geometry":{"type":"Point","coordinates":[6.58593,52.30732]}},{"type":"Feature","properties":{"CountryName":"Netherlands","Type of Animal":"Pork"},"geometry":{"type":"Point","coordinates":[5.9028,51.62786]}},{"type":"Feature","properties":{"CountryName":"Netherlands","Type of Animal":"Chicken"},"geometry":{"type":"Point","coordinates":[5.72954,53.28773]}},{"type":"Feature","properties":{"CountryName":"Netherlands","Type of Animal":"Pork"},"geometry":{"type":"Point","coordinates":[5.89525,51.48308]}},{"type":"Feature","properties":{"CountryName":"Netherlands","Type of Animal":"Pork"},"geometry":{"type":"Point","coordinates":[5.54985,51.55356]}},{"type":"Feature","properties":{"CountryName":"Netherlands","Type of Animal":"Pork"},"geometry":{"type":"Point","coordinates":[5.7471,51.59042]}},{"type":"Feature","properties":{"CountryName":"Netherlands","Type of Animal":"Pork"},"geometry":{"type":"Point","coordinates":[5.62753,51.54677]}},{"type":"Feature","properties":{"CountryName":"Netherlands","Type of Animal":"Pork"},"geometry":{"type":"Point","coordinates":[5.54978,51.73702]}},{"type":"Feature","properties":{"CountryName":"Netherlands","Type of Animal":"Chicken"},"geometry":{"type":"Point","coordinates":[5.58999,52.1789]}},{"type":"Feature","properties":{"CountryName":"Netherlands","Type of Animal":"Pork"},"geometry":{"type":"Point","coordinates":[6.32253,52.15982]}},{"type":"Feature","properties":{"CountryName":"Netherlands","Type of Animal":"Pork"},"geometry":{"type":"Point","coordinates":[5.93593,51.08352]}},{"type":"Feature","properties":{"CountryName":"Netherlands","Type of Animal":"Pork"},"geometry":{"type":"Point","coordinates":[5.68537,51.70547]}},{"type":"Feature","properties":{"CountryName":"Netherlands","Type of Animal":"Pork"},"geometry":{"type":"Point","coordinates":[5.66124,51.71285]}},{"type":"Feature","properties":{"CountryName":"Netherlands","Type of Animal":"Pork"},"geometry":{"type":"Point","coordinates":[4.87155,51.56961]}},{"type":"Feature","properties":{"CountryName":"Netherlands","Type of Animal":"Pork"},"geometry":{"type":"Point","coordinates":[6.54494,52.44009]}},{"type":"Feature","properties":{"CountryName":"Netherlands","Type of Animal":"Chicken"},"geometry":{"type":"Point","coordinates":[5.60889,51.62735]}},{"type":"Feature","properties":{"CountryName":"Netherlands","Type of Animal":"Pork"},"geometry":{"type":"Point","coordinates":[6.35015,52.3718]}},{"type":"Feature","properties":{"CountryName":"Netherlands","Type of Animal":"Pork"},"geometry":{"type":"Point","coordinates":[6.17778,52.36257]}},{"type":"Feature","properties":{"CountryName":"Netherlands","Type of Animal":"Chicken"},"geometry":{"type":"Point","coordinates":[6.37428,52.35876]}},{"type":"Feature","properties":{"CountryName":"Netherlands","Type of Animal":"Pork"},"geometry":{"type":"Point","coordinates":[7.13051,53.23333]}},{"type":"Feature","properties":{"CountryName":"Netherlands","Type of Animal":"Pork"},"geometry":{"type":"Point","coordinates":[4.89288,51.55856]}},{"type":"Feature","properties":{"CountryName":"Netherlands","Type of Animal":"Pork"},"geometry":{"type":"Point","coordinates":[5.84603,51.4841]}},{"type":"Feature","properties":{"CountryName":"Netherlands","Type of Animal":"Pork"},"geometry":{"type":"Point","coordinates":[6.22144,52.40059]}},{"type":"Feature","properties":{"CountryName":"Netherlands","Type of Animal":"Pork"},"geometry":{"type":"Point","coordinates":[5.78328,51.23839]}},{"type":"Feature","properties":{"CountryName":"Netherlands","Type of Animal":"Pork"},"geometry":{"type":"Point","coordinates":[5.23238,51.50162]}},{"type":"Feature","properties":{"CountryName":"Netherlands","Type of Animal":"Pork"},"geometry":{"type":"Point","coordinates":[6.73421,52.42955]}},{"type":"Feature","properties":{"CountryName":"Netherlands","Type of Animal":"Chicken"},"geometry":{"type":"Point","coordinates":[3.99504,51.46091]}},{"type":"Feature","properties":{"CountryName":"Netherlands","Type of Animal":"Pork"},"geometry":{"type":"Point","coordinates":[5.91711,51.30815]}},{"type":"Feature","properties":{"CountryName":"Netherlands","Type of Animal":"Pork"},"geometry":{"type":"Point","coordinates":[5.79245,51.22263]}},{"type":"Feature","properties":{"CountryName":"Netherlands","Type of Animal":"Pork"},"geometry":{"type":"Point","coordinates":[5.80401,51.21918]}},{"type":"Feature","properties":{"CountryName":"Netherlands","Type of Animal":"Pork"},"geometry":{"type":"Point","coordinates":[6.71258,52.46853]}},{"type":"Feature","properties":{"CountryName":"Netherlands","Type of Animal":"Chicken"},"geometry":{"type":"Point","coordinates":[5.56418,52.16007]}},{"type":"Feature","properties":{"CountryName":"Netherlands","Type of Animal":"Chicken"},"geometry":{"type":"Point","coordinates":[5.6739,52.15464]}},{"type":"Feature","properties":{"CountryName":"Netherlands","Type of Animal":"Chicken"},"geometry":{"type":"Point","coordinates":[5.5562,52.15977]}},{"type":"Feature","properties":{"CountryName":"Netherlands","Type of Animal":"Pork"},"geometry":{"type":"Point","coordinates":[5.57218,52.18442]}},{"type":"Feature","properties":{"CountryName":"Netherlands","Type of Animal":"Chicken"},"geometry":{"type":"Point","coordinates":[5.65245,52.15892]}},{"type":"Feature","properties":{"CountryName":"Netherlands","Type of Animal":"Chicken"},"geometry":{"type":"Point","coordinates":[5.65845,52.14334]}},{"type":"Feature","properties":{"CountryName":"Netherlands","Type of Animal":"Chicken"},"geometry":{"type":"Point","coordinates":[5.55339,52.12719]}},{"type":"Feature","properties":{"CountryName":"Netherlands","Type of Animal":"Chicken"},"geometry":{"type":"Point","coordinates":[5.55339,52.12719]}},{"type":"Feature","properties":{"CountryName":"Netherlands","Type of Animal":"Pork"},"geometry":{"type":"Point","coordinates":[5.81005,51.48549]}},{"type":"Feature","properties":{"CountryName":"Netherlands","Type of Animal":"Chicken"},"geometry":{"type":"Point","coordinates":[5.86178,51.46642]}},{"type":"Feature","properties":{"CountryName":"Netherlands","Type of Animal":"Pork"},"geometry":{"type":"Point","coordinates":[5.5479,51.65612]}},{"type":"Feature","properties":{"CountryName":"Netherlands","Type of Animal":"Pork"},"geometry":{"type":"Point","coordinates":[5.55731,51.69782]}},{"type":"Feature","properties":{"CountryName":"Netherlands","Type of Animal":"Pork"},"geometry":{"type":"Point","coordinates":[6.59358,51.9685]}},{"type":"Feature","properties":{"CountryName":"Netherlands","Type of Animal":"Pork"},"geometry":{"type":"Point","coordinates":[6.51571,51.9273]}},{"type":"Feature","properties":{"CountryName":"Netherlands","Type of Animal":"Pork"},"geometry":{"type":"Point","coordinates":[7.07894,53.23236]}},{"type":"Feature","properties":{"CountryName":"Netherlands","Type of Animal":"Pork"},"geometry":{"type":"Point","coordinates":[6.20902,52.6692]}},{"type":"Feature","properties":{"CountryName":"Netherlands","Type of Animal":"Pork"},"geometry":{"type":"Point","coordinates":[5.81529,51.49177]}},{"type":"Feature","properties":{"CountryName":"Netherlands","Type of Animal":"Chicken"},"geometry":{"type":"Point","coordinates":[6.53086,52.67463]}},{"type":"Feature","properties":{"CountryName":"Netherlands","Type of Animal":"Pork"},"geometry":{"type":"Point","coordinates":[6.38844,52.43306]}},{"type":"Feature","properties":{"CountryName":"Netherlands","Type of Animal":"Pork"},"geometry":{"type":"Point","coordinates":[7.03561,52.95615]}},{"type":"Feature","properties":{"CountryName":"Netherlands","Type of Animal":"Pork"},"geometry":{"type":"Point","coordinates":[6.21747,52.35745]}},{"type":"Feature","properties":{"CountryName":"Netherlands","Type of Animal":"Pork"},"geometry":{"type":"Point","coordinates":[6.24198,52.357]}},{"type":"Feature","properties":{"CountryName":"Netherlands","Type of Animal":"Pork"},"geometry":{"type":"Point","coordinates":[5.10684,51.40134]}},{"type":"Feature","properties":{"CountryName":"Netherlands","Type of Animal":"Pork"},"geometry":{"type":"Point","coordinates":[6.07566,51.94975]}},{"type":"Feature","properties":{"CountryName":"Netherlands","Type of Animal":"Pork"},"geometry":{"type":"Point","coordinates":[5.19166,51.39297]}},{"type":"Feature","properties":{"CountryName":"Netherlands","Type of Animal":"Pork"},"geometry":{"type":"Point","coordinates":[5.18458,51.34865]}},{"type":"Feature","properties":{"CountryName":"Netherlands","Type of Animal":"Chicken"},"geometry":{"type":"Point","coordinates":[3.76617,51.49701]}},{"type":"Feature","properties":{"CountryName":"Netherlands","Type of Animal":"Pork"},"geometry":{"type":"Point","coordinates":[4.6245,51.59589]}},{"type":"Feature","properties":{"CountryName":"Netherlands","Type of Animal":"Pork"},"geometry":{"type":"Point","coordinates":[6.49285,52.66825]}},{"type":"Feature","properties":{"CountryName":"Netherlands","Type of Animal":"Chicken"},"geometry":{"type":"Point","coordinates":[6.38106,52.76675]}},{"type":"Feature","properties":{"CountryName":"Netherlands","Type of Animal":"Pork"},"geometry":{"type":"Point","coordinates":[6.3268,52.55652]}},{"type":"Feature","properties":{"CountryName":"Netherlands","Type of Animal":"Chicken"},"geometry":{"type":"Point","coordinates":[5.82441,51.96057]}},{"type":"Feature","properties":{"CountryName":"Netherlands","Type of Animal":"Pork"},"geometry":{"type":"Point","coordinates":[5.93416,51.47464]}},{"type":"Feature","properties":{"CountryName":"Netherlands","Type of Animal":"Pork"},"geometry":{"type":"Point","coordinates":[6.46729,52.09629]}},{"type":"Feature","properties":{"CountryName":"Netherlands","Type of Animal":"Pork"},"geometry":{"type":"Point","coordinates":[6.80041,52.38437]}},{"type":"Feature","properties":{"CountryName":"Netherlands","Type of Animal":"Pork"},"geometry":{"type":"Point","coordinates":[5.92295,51.30444]}},{"type":"Feature","properties":{"CountryName":"Netherlands","Type of Animal":"Pork"},"geometry":{"type":"Point","coordinates":[5.86847,51.50817]}},{"type":"Feature","properties":{"CountryName":"Netherlands","Type of Animal":"Pork"},"geometry":{"type":"Point","coordinates":[5.89525,51.48308]}},{"type":"Feature","properties":{"CountryName":"Netherlands","Type of Animal":"Pork"},"geometry":{"type":"Point","coordinates":[4.92488,52.02645]}},{"type":"Feature","properties":{"CountryName":"Netherlands","Type of Animal":"Chicken"},"geometry":{"type":"Point","coordinates":[5.76672,51.43512]}},{"type":"Feature","properties":{"CountryName":"Netherlands","Type of Animal":"Chicken"},"geometry":{"type":"Point","coordinates":[6.59807,53.4161]}},{"type":"Feature","properties":{"CountryName":"Netherlands","Type of Animal":"Chicken"},"geometry":{"type":"Point","coordinates":[6.59807,53.4161]}},{"type":"Feature","properties":{"CountryName":"Netherlands","Type of Animal":"Chicken"},"geometry":{"type":"Point","coordinates":[6.6294,53.40698]}},{"type":"Feature","properties":{"CountryName":"Netherlands","Type of Animal":"Chicken"},"geometry":{"type":"Point","coordinates":[6.67089,53.45405]}},{"type":"Feature","properties":{"CountryName":"Netherlands","Type of Animal":"Chicken"},"geometry":{"type":"Point","coordinates":[6.60517,53.36939]}},{"type":"Feature","properties":{"CountryName":"Netherlands","Type of Animal":"Pork"},"geometry":{"type":"Point","coordinates":[6.46411,52.07996]}},{"type":"Feature","properties":{"CountryName":"Netherlands","Type of Animal":"Pork"},"geometry":{"type":"Point","coordinates":[6.37284,52.2721]}},{"type":"Feature","properties":{"CountryName":"Netherlands","Type of Animal":"Pork"},"geometry":{"type":"Point","coordinates":[6.34125,52.27851]}},{"type":"Feature","properties":{"CountryName":"Netherlands","Type of Animal":"Pork"},"geometry":{"type":"Point","coordinates":[6.65498,52.22668]}},{"type":"Feature","properties":{"CountryName":"Netherlands","Type of Animal":"Chicken"},"geometry":{"type":"Point","coordinates":[6.69341,52.19937]}},{"type":"Feature","properties":{"CountryName":"Netherlands","Type of Animal":"Pork"},"geometry":{"type":"Point","coordinates":[6.69393,52.24304]}},{"type":"Feature","properties":{"CountryName":"Netherlands","Type of Animal":"Pork"},"geometry":{"type":"Point","coordinates":[6.43426,52.24618]}},{"type":"Feature","properties":{"CountryName":"Netherlands","Type of Animal":"Pork"},"geometry":{"type":"Point","coordinates":[6.65139,52.23414]}},{"type":"Feature","properties":{"CountryName":"Netherlands","Type of Animal":"Pork"},"geometry":{"type":"Point","coordinates":[5.7471,51.59046]}},{"type":"Feature","properties":{"CountryName":"Netherlands","Type of Animal":"Pork"},"geometry":{"type":"Point","coordinates":[5.55751,51.67739]}},{"type":"Feature","properties":{"CountryName":"Netherlands","Type of Animal":"Chicken"},"geometry":{"type":"Point","coordinates":[5.56923,51.6409]}},{"type":"Feature","properties":{"CountryName":"Netherlands","Type of Animal":"Pork"},"geometry":{"type":"Point","coordinates":[6.59159,51.94733]}},{"type":"Feature","properties":{"CountryName":"Netherlands","Type of Animal":"Pork"},"geometry":{"type":"Point","coordinates":[6.50038,51.88313]}},{"type":"Feature","properties":{"CountryName":"Netherlands","Type of Animal":"Pork"},"geometry":{"type":"Point","coordinates":[6.10025,51.44456]}},{"type":"Feature","properties":{"CountryName":"Netherlands","Type of Animal":"Pork"},"geometry":{"type":"Point","coordinates":[6.06041,51.47373]}},{"type":"Feature","properties":{"CountryName":"Netherlands","Type of Animal":"Pork"},"geometry":{"type":"Point","coordinates":[6.08913,51.48017]}},{"type":"Feature","properties":{"CountryName":"Netherlands","Type of Animal":"Pork"},"geometry":{"type":"Point","coordinates":[6.03757,51.43957]}},{"type":"Feature","properties":{"CountryName":"Netherlands","Type of Animal":"Chicken"},"geometry":{"type":"Point","coordinates":[5.18114,51.5276]}},{"type":"Feature","properties":{"CountryName":"Netherlands","Type of Animal":"Pork"},"geometry":{"type":"Point","coordinates":[5.99118,51.43778]}},{"type":"Feature","properties":{"CountryName":"Netherlands","Type of Animal":"Pork"},"geometry":{"type":"Point","coordinates":[5.11787,51.39961]}},{"type":"Feature","properties":{"CountryName":"Netherlands","Type of Animal":"Pork"},"geometry":{"type":"Point","coordinates":[5.8263,51.54366]}},{"type":"Feature","properties":{"CountryName":"Netherlands","Type of Animal":"Chicken"},"geometry":{"type":"Point","coordinates":[6.66642,52.09193]}},{"type":"Feature","properties":{"CountryName":"Netherlands","Type of Animal":"Pork"},"geometry":{"type":"Point","coordinates":[6.7042,52.08929]}},{"type":"Feature","properties":{"CountryName":"Netherlands","Type of Animal":"Pork"},"geometry":{"type":"Point","coordinates":[6.53713,52.15952]}},{"type":"Feature","properties":{"CountryName":"Netherlands","Type of Animal":"Pork"},"geometry":{"type":"Point","coordinates":[5.81081,51.55311]}},{"type":"Feature","properties":{"CountryName":"Netherlands","Type of Animal":"Pork"},"geometry":{"type":"Point","coordinates":[5.43788,51.7444]}},{"type":"Feature","properties":{"CountryName":"Netherlands","Type of Animal":"Pork"},"geometry":{"type":"Point","coordinates":[5.45088,51.72012]}},{"type":"Feature","properties":{"CountryName":"Netherlands","Type of Animal":"Pork"},"geometry":{"type":"Point","coordinates":[6.04529,52.17015]}},{"type":"Feature","properties":{"CountryName":"Netherlands","Type of Animal":"Pork"},"geometry":{"type":"Point","coordinates":[5.77646,51.58665]}},{"type":"Feature","properties":{"CountryName":"Netherlands","Type of Animal":"Pork"},"geometry":{"type":"Point","coordinates":[5.52408,51.65735]}},{"type":"Feature","properties":{"CountryName":"Netherlands","Type of Animal":"Pork"},"geometry":{"type":"Point","coordinates":[5.47485,51.67516]}},{"type":"Feature","properties":{"CountryName":"Netherlands","Type of Animal":"Pork"},"geometry":{"type":"Point","coordinates":[6.29576,52.42401]}},{"type":"Feature","properties":{"CountryName":"Netherlands","Type of Animal":"Pork"},"geometry":{"type":"Point","coordinates":[6.33361,52.44305]}},{"type":"Feature","properties":{"CountryName":"Netherlands","Type of Animal":"Pork"},"geometry":{"type":"Point","coordinates":[5.98855,51.59911]}},{"type":"Feature","properties":{"CountryName":"Netherlands","Type of Animal":"Pork"},"geometry":{"type":"Point","coordinates":[5.97747,51.62714]}},{"type":"Feature","properties":{"CountryName":"Netherlands","Type of Animal":"Pork"},"geometry":{"type":"Point","coordinates":[5.86891,51.50933]}},{"type":"Feature","properties":{"CountryName":"Netherlands","Type of Animal":"Chicken"},"geometry":{"type":"Point","coordinates":[6.24635,52.52843]}},{"type":"Feature","properties":{"CountryName":"Netherlands","Type of Animal":"Pork"},"geometry":{"type":"Point","coordinates":[5.82778,51.53501]}},{"type":"Feature","properties":{"CountryName":"Netherlands","Type of Animal":"Pork"},"geometry":{"type":"Point","coordinates":[6.82051,52.41243]}},{"type":"Feature","properties":{"CountryName":"Netherlands","Type of Animal":"Chicken"},"geometry":{"type":"Point","coordinates":[5.75172,51.3467]}},{"type":"Feature","properties":{"CountryName":"Netherlands","Type of Animal":"Pork"},"geometry":{"type":"Point","coordinates":[5.5735,51.92474]}},{"type":"Feature","properties":{"CountryName":"Netherlands","Type of Animal":"Pork"},"geometry":{"type":"Point","coordinates":[5.76865,51.49579]}},{"type":"Feature","properties":{"CountryName":"Netherlands","Type of Animal":"Pork"},"geometry":{"type":"Point","coordinates":[5.65585,51.75256]}},{"type":"Feature","properties":{"CountryName":"Netherlands","Type of Animal":"Pork"},"geometry":{"type":"Point","coordinates":[5.72505,51.37036]}},{"type":"Feature","properties":{"CountryName":"Netherlands","Type of Animal":"Pork"},"geometry":{"type":"Point","coordinates":[5.66304,51.75098]}},{"type":"Feature","properties":{"CountryName":"Netherlands","Type of Animal":"Pork"},"geometry":{"type":"Point","coordinates":[5.86294,51.6175]}},{"type":"Feature","properties":{"CountryName":"Netherlands","Type of Animal":"Pork"},"geometry":{"type":"Point","coordinates":[5.77646,51.58665]}},{"type":"Feature","properties":{"CountryName":"Netherlands","Type of Animal":"Pork"},"geometry":{"type":"Point","coordinates":[5.81491,51.5418]}},{"type":"Feature","properties":{"CountryName":"Netherlands","Type of Animal":"Pork"},"geometry":{"type":"Point","coordinates":[5.77079,51.43935]}},{"type":"Feature","properties":{"CountryName":"Netherlands","Type of Animal":"Pork"},"geometry":{"type":"Point","coordinates":[4.89773,52.16385]}},{"type":"Feature","properties":{"CountryName":"Netherlands","Type of Animal":"Pork"},"geometry":{"type":"Point","coordinates":[5.46255,52.08685]}},{"type":"Feature","properties":{"CountryName":"Netherlands","Type of Animal":"Pork"},"geometry":{"type":"Point","coordinates":[5.95264,51.44772]}},{"type":"Feature","properties":{"CountryName":"Netherlands","Type of Animal":"Pork"},"geometry":{"type":"Point","coordinates":[5.81221,51.19089]}},{"type":"Feature","properties":{"CountryName":"Netherlands","Type of Animal":"Pork"},"geometry":{"type":"Point","coordinates":[5.83385,51.21589]}},{"type":"Feature","properties":{"CountryName":"Netherlands","Type of Animal":"Pork"},"geometry":{"type":"Point","coordinates":[5.8421,51.22849]}},{"type":"Feature","properties":{"CountryName":"Netherlands","Type of Animal":"Pork"},"geometry":{"type":"Point","coordinates":[5.76333,51.21261]}},{"type":"Feature","properties":{"CountryName":"Netherlands","Type of Animal":"Pork"},"geometry":{"type":"Point","coordinates":[5.82712,51.5356]}},{"type":"Feature","properties":{"CountryName":"Netherlands","Type of Animal":"Pork"},"geometry":{"type":"Point","coordinates":[6.61922,51.9114]}},{"type":"Feature","properties":{"CountryName":"Netherlands","Type of Animal":"Pork"},"geometry":{"type":"Point","coordinates":[5.88071,51.4787]}},{"type":"Feature","properties":{"CountryName":"Netherlands","Type of Animal":"Pork"},"geometry":{"type":"Point","coordinates":[5.74691,51.58346]}},{"type":"Feature","properties":{"CountryName":"Netherlands","Type of Animal":"Pork"},"geometry":{"type":"Point","coordinates":[5.75783,51.47489]}},{"type":"Feature","properties":{"CountryName":"Netherlands","Type of Animal":"Pork"},"geometry":{"type":"Point","coordinates":[5.87067,51.541]}},{"type":"Feature","properties":{"CountryName":"Netherlands","Type of Animal":"Pork"},"geometry":{"type":"Point","coordinates":[5.41843,51.73983]}},{"type":"Feature","properties":{"CountryName":"Netherlands","Type of Animal":"Pork"},"geometry":{"type":"Point","coordinates":[6.84952,52.66156]}},{"type":"Feature","properties":{"CountryName":"Netherlands","Type of Animal":"Pork"},"geometry":{"type":"Point","coordinates":[5.91661,51.46499]}},{"type":"Feature","properties":{"CountryName":"Netherlands","Type of Animal":"Pork"},"geometry":{"type":"Point","coordinates":[5.78954,51.47973]}},{"type":"Feature","properties":{"CountryName":"Netherlands","Type of Animal":"Pork"},"geometry":{"type":"Point","coordinates":[5.61422,51.33519]}},{"type":"Feature","properties":{"CountryName":"Netherlands","Type of Animal":"Pork"},"geometry":{"type":"Point","coordinates":[5.66587,51.66869]}},{"type":"Feature","properties":{"CountryName":"Netherlands","Type of Animal":"Pork"},"geometry":{"type":"Point","coordinates":[5.7238,51.67249]}},{"type":"Feature","properties":{"CountryName":"Netherlands","Type of Animal":"Pork"},"geometry":{"type":"Point","coordinates":[6.47726,52.15508]}},{"type":"Feature","properties":{"CountryName":"Netherlands","Type of Animal":"Pork"},"geometry":{"type":"Point","coordinates":[5.97602,51.49466]}},{"type":"Feature","properties":{"CountryName":"Netherlands","Type of Animal":"Pork"},"geometry":{"type":"Point","coordinates":[6.03626,51.49866]}},{"type":"Feature","properties":{"CountryName":"Netherlands","Type of Animal":"Pork"},"geometry":{"type":"Point","coordinates":[5.19735,51.38342]}},{"type":"Feature","properties":{"CountryName":"Netherlands","Type of Animal":"Chicken"},"geometry":{"type":"Point","coordinates":[5.68036,51.50098]}},{"type":"Feature","properties":{"CountryName":"Netherlands","Type of Animal":"Chicken"},"geometry":{"type":"Point","coordinates":[6.30871,52.57094]}},{"type":"Feature","properties":{"CountryName":"Netherlands","Type of Animal":"Pork"},"geometry":{"type":"Point","coordinates":[5.77524,51.27115]}},{"type":"Feature","properties":{"CountryName":"Netherlands","Type of Animal":"Pork"},"geometry":{"type":"Point","coordinates":[5.57025,51.41852]}},{"type":"Feature","properties":{"CountryName":"Netherlands","Type of Animal":"Pork"},"geometry":{"type":"Point","coordinates":[5.36596,52.21354]}},{"type":"Feature","properties":{"CountryName":"Netherlands","Type of Animal":"Chicken"},"geometry":{"type":"Point","coordinates":[5.95828,52.32671]}},{"type":"Feature","properties":{"CountryName":"Netherlands","Type of Animal":"Chicken"},"geometry":{"type":"Point","coordinates":[6.03664,52.27181]}},{"type":"Feature","properties":{"CountryName":"Netherlands","Type of Animal":"Pork"},"geometry":{"type":"Point","coordinates":[5.9919,52.31216]}},{"type":"Feature","properties":{"CountryName":"Netherlands","Type of Animal":"Pork"},"geometry":{"type":"Point","coordinates":[6.03001,52.32368]}},{"type":"Feature","properties":{"CountryName":"Netherlands","Type of Animal":"Pork"},"geometry":{"type":"Point","coordinates":[6.6421,52.23551]}},{"type":"Feature","properties":{"CountryName":"Netherlands","Type of Animal":"Pork"},"geometry":{"type":"Point","coordinates":[6.53807,52.25728]}},{"type":"Feature","properties":{"CountryName":"Netherlands","Type of Animal":"Pork"},"geometry":{"type":"Point","coordinates":[5.50006,52.06209]}},{"type":"Feature","properties":{"CountryName":"Netherlands","Type of Animal":"Chicken"},"geometry":{"type":"Point","coordinates":[6.02207,52.32155]}},{"type":"Feature","properties":{"CountryName":"Netherlands","Type of Animal":"Pork"},"geometry":{"type":"Point","coordinates":[6.11876,51.49237]}},{"type":"Feature","properties":{"CountryName":"Netherlands","Type of Animal":"Pork"},"geometry":{"type":"Point","coordinates":[6.07352,51.50928]}},{"type":"Feature","properties":{"CountryName":"Netherlands","Type of Animal":"Pork"},"geometry":{"type":"Point","coordinates":[6.02376,51.38881]}},{"type":"Feature","properties":{"CountryName":"Netherlands","Type of Animal":"Pork"},"geometry":{"type":"Point","coordinates":[6.04371,51.39826]}},{"type":"Feature","properties":{"CountryName":"Netherlands","Type of Animal":"Pork"},"geometry":{"type":"Point","coordinates":[6.08201,51.44069]}},{"type":"Feature","properties":{"CountryName":"Netherlands","Type of Animal":"Pork"},"geometry":{"type":"Point","coordinates":[5.97404,51.51078]}},{"type":"Feature","properties":{"CountryName":"Netherlands","Type of Animal":"Pork"},"geometry":{"type":"Point","coordinates":[4.93582,51.95427]}},{"type":"Feature","properties":{"CountryName":"Netherlands","Type of Animal":"Pork"},"geometry":{"type":"Point","coordinates":[5.97491,51.4719]}},{"type":"Feature","properties":{"CountryName":"Netherlands","Type of Animal":"Pork"},"geometry":{"type":"Point","coordinates":[5.98755,51.4759]}},{"type":"Feature","properties":{"CountryName":"Netherlands","Type of Animal":"Pork"},"geometry":{"type":"Point","coordinates":[5.95016,51.49685]}},{"type":"Feature","properties":{"CountryName":"Netherlands","Type of Animal":"Pork"},"geometry":{"type":"Point","coordinates":[5.96775,51.49878]}},{"type":"Feature","properties":{"CountryName":"Netherlands","Type of Animal":"Pork"},"geometry":{"type":"Point","coordinates":[6.00377,51.47956]}},{"type":"Feature","properties":{"CountryName":"Netherlands","Type of Animal":"Pork"},"geometry":{"type":"Point","coordinates":[5.92603,51.52762]}},{"type":"Feature","properties":{"CountryName":"Netherlands","Type of Animal":"Pork"},"geometry":{"type":"Point","coordinates":[5.52689,51.91885]}},{"type":"Feature","properties":{"CountryName":"Netherlands","Type of Animal":"Pork"},"geometry":{"type":"Point","coordinates":[5.99291,51.55917]}},{"type":"Feature","properties":{"CountryName":"Netherlands","Type of Animal":"Chicken"},"geometry":{"type":"Point","coordinates":[5.88874,51.45554]}},{"type":"Feature","properties":{"CountryName":"Netherlands","Type of Animal":"Pork"},"geometry":{"type":"Point","coordinates":[5.89551,51.51009]}},{"type":"Feature","properties":{"CountryName":"Netherlands","Type of Animal":"Pork"},"geometry":{"type":"Point","coordinates":[6.0412,52.18301]}},{"type":"Feature","properties":{"CountryName":"Netherlands","Type of Animal":"Chicken"},"geometry":{"type":"Point","coordinates":[5.72734,51.29132]}},{"type":"Feature","properties":{"CountryName":"Netherlands","Type of Animal":"Pork"},"geometry":{"type":"Point","coordinates":[6.69155,52.24216]}},{"type":"Feature","properties":{"CountryName":"Netherlands","Type of Animal":"Pork"},"geometry":{"type":"Point","coordinates":[6.0018,51.38722]}},{"type":"Feature","properties":{"CountryName":"Netherlands","Type of Animal":"Pork"},"geometry":{"type":"Point","coordinates":[6.3302,52.31182]}},{"type":"Feature","properties":{"CountryName":"Netherlands","Type of Animal":"Pork"},"geometry":{"type":"Point","coordinates":[5.85068,51.39731]}},{"type":"Feature","properties":{"CountryName":"Netherlands","Type of Animal":"Pork"},"geometry":{"type":"Point","coordinates":[5.83936,51.40698]}},{"type":"Feature","properties":{"CountryName":"Netherlands","Type of Animal":"Pork"},"geometry":{"type":"Point","coordinates":[5.84711,51.65833]}},{"type":"Feature","properties":{"CountryName":"Netherlands","Type of Animal":"Chicken"},"geometry":{"type":"Point","coordinates":[5.73446,51.31582]}},{"type":"Feature","properties":{"CountryName":"Netherlands","Type of Animal":"Pork"},"geometry":{"type":"Point","coordinates":[6.33107,52.46431]}},{"type":"Feature","properties":{"CountryName":"Netherlands","Type of Animal":"Chicken"},"geometry":{"type":"Point","coordinates":[6.32922,52.49494]}},{"type":"Feature","properties":{"CountryName":"Netherlands","Type of Animal":"Chicken"},"geometry":{"type":"Point","coordinates":[6.19511,52.57721]}},{"type":"Feature","properties":{"CountryName":"Netherlands","Type of Animal":"Chicken"},"geometry":{"type":"Point","coordinates":[6.51637,51.88819]}},{"type":"Feature","properties":{"CountryName":"Netherlands","Type of Animal":"Pork"},"geometry":{"type":"Point","coordinates":[6.39085,52.53971]}},{"type":"Feature","properties":{"CountryName":"Netherlands","Type of Animal":"Chicken"},"geometry":{"type":"Point","coordinates":[6.38702,52.51915]}},{"type":"Feature","properties":{"CountryName":"Netherlands","Type of Animal":"Pork"},"geometry":{"type":"Point","coordinates":[6.38758,52.43253]}},{"type":"Feature","properties":{"CountryName":"Netherlands","Type of Animal":"Pork"},"geometry":{"type":"Point","coordinates":[6.35756,52.58718]}},{"type":"Feature","properties":{"CountryName":"Netherlands","Type of Animal":"Pork"},"geometry":{"type":"Point","coordinates":[6.07676,51.96362]}},{"type":"Feature","properties":{"CountryName":"Netherlands","Type of Animal":"Pork"},"geometry":{"type":"Point","coordinates":[5.83841,51.43756]}},{"type":"Feature","properties":{"CountryName":"Netherlands","Type of Animal":"Pork"},"geometry":{"type":"Point","coordinates":[4.90593,51.92298]}},{"type":"Feature","properties":{"CountryName":"Netherlands","Type of Animal":"Pork"},"geometry":{"type":"Point","coordinates":[6.83524,52.32723]}},{"type":"Feature","properties":{"CountryName":"Netherlands","Type of Animal":"Pork"},"geometry":{"type":"Point","coordinates":[6.97746,52.41974]}},{"type":"Feature","properties":{"CountryName":"Netherlands","Type of Animal":"Pork"},"geometry":{"type":"Point","coordinates":[5.68562,51.50392]}},{"type":"Feature","properties":{"CountryName":"Netherlands","Type of Animal":"Pork"},"geometry":{"type":"Point","coordinates":[5.6763,51.39262]}},{"type":"Feature","properties":{"CountryName":"Netherlands","Type of Animal":"Pork"},"geometry":{"type":"Point","coordinates":[5.52262,51.71546]}},{"type":"Feature","properties":{"CountryName":"Netherlands","Type of Animal":"Chicken"},"geometry":{"type":"Point","coordinates":[5.64324,51.36087]}},{"type":"Feature","properties":{"CountryName":"Netherlands","Type of Animal":"Pork"},"geometry":{"type":"Point","coordinates":[5.80233,51.43933]}},{"type":"Feature","properties":{"CountryName":"Netherlands","Type of Animal":"Pork"},"geometry":{"type":"Point","coordinates":[5.87168,51.49872]}},{"type":"Feature","properties":{"CountryName":"Netherlands","Type of Animal":"Chicken"},"geometry":{"type":"Point","coordinates":[5.63991,51.35496]}},{"type":"Feature","properties":{"CountryName":"Netherlands","Type of Animal":"Pork"},"geometry":{"type":"Point","coordinates":[5.54112,51.33152]}},{"type":"Feature","properties":{"CountryName":"Netherlands","Type of Animal":"Pork"},"geometry":{"type":"Point","coordinates":[5.57587,51.34163]}},{"type":"Feature","properties":{"CountryName":"Netherlands","Type of Animal":"Chicken"},"geometry":{"type":"Point","coordinates":[5.9132,51.49512]}},{"type":"Feature","properties":{"CountryName":"Netherlands","Type of Animal":"Chicken"},"geometry":{"type":"Point","coordinates":[5.73925,51.33997]}},{"type":"Feature","properties":{"CountryName":"Netherlands","Type of Animal":"Pork"},"geometry":{"type":"Point","coordinates":[5.89007,51.45316]}},{"type":"Feature","properties":{"CountryName":"Netherlands","Type of Animal":"Pork"},"geometry":{"type":"Point","coordinates":[5.59749,51.46703]}},{"type":"Feature","properties":{"CountryName":"Netherlands","Type of Animal":"Pork"},"geometry":{"type":"Point","coordinates":[5.13435,51.47683]}},{"type":"Feature","properties":{"CountryName":"Netherlands","Type of Animal":"Pork"},"geometry":{"type":"Point","coordinates":[5.85776,51.47289]}},{"type":"Feature","properties":{"CountryName":"Netherlands","Type of Animal":"Chicken"},"geometry":{"type":"Point","coordinates":[5.33618,51.50534]}},{"type":"Feature","properties":{"CountryName":"Netherlands","Type of Animal":"Pork"},"geometry":{"type":"Point","coordinates":[5.75433,51.43746]}},{"type":"Feature","properties":{"CountryName":"Netherlands","Type of Animal":"Chicken"},"geometry":{"type":"Point","coordinates":[5.55598,51.92652]}},{"type":"Feature","properties":{"CountryName":"Netherlands","Type of Animal":"Chicken"},"geometry":{"type":"Point","coordinates":[5.74855,51.59086]}},{"type":"Feature","properties":{"CountryName":"Netherlands","Type of Animal":"Pork"},"geometry":{"type":"Point","coordinates":[5.83799,51.533]}},{"type":"Feature","properties":{"CountryName":"Netherlands","Type of Animal":"Chicken"},"geometry":{"type":"Point","coordinates":[5.90309,51.5632]}},{"type":"Feature","properties":{"CountryName":"Netherlands","Type of Animal":"Pork"},"geometry":{"type":"Point","coordinates":[5.98107,52.25227]}},{"type":"Feature","properties":{"CountryName":"Netherlands","Type of Animal":"Pork"},"geometry":{"type":"Point","coordinates":[6.33714,51.96862]}},{"type":"Feature","properties":{"CountryName":"Netherlands","Type of Animal":"Pork"},"geometry":{"type":"Point","coordinates":[6.6625,52.20448]}},{"type":"Feature","properties":{"CountryName":"Netherlands","Type of Animal":"Pork"},"geometry":{"type":"Point","coordinates":[6.5291,52.60735]}},{"type":"Feature","properties":{"CountryName":"Netherlands","Type of Animal":"Chicken"},"geometry":{"type":"Point","coordinates":[6.52745,52.60868]}},{"type":"Feature","properties":{"CountryName":"Netherlands","Type of Animal":"Pork"},"geometry":{"type":"Point","coordinates":[6.57062,52.07937]}},{"type":"Feature","properties":{"CountryName":"Netherlands","Type of Animal":"Chicken"},"geometry":{"type":"Point","coordinates":[6.55768,52.04539]}},{"type":"Feature","properties":{"CountryName":"Netherlands","Type of Animal":"Pork"},"geometry":{"type":"Point","coordinates":[6.47687,52.61905]}},{"type":"Feature","properties":{"CountryName":"Netherlands","Type of Animal":"Chicken"},"geometry":{"type":"Point","coordinates":[6.00386,51.49828]}},{"type":"Feature","properties":{"CountryName":"Netherlands","Type of Animal":"Chicken"},"geometry":{"type":"Point","coordinates":[6.45964,52.07304]}},{"type":"Feature","properties":{"CountryName":"Netherlands","Type of Animal":"Pork"},"geometry":{"type":"Point","coordinates":[5.86464,51.5736]}},{"type":"Feature","properties":{"CountryName":"Netherlands","Type of Animal":"Pork"},"geometry":{"type":"Point","coordinates":[5.80138,51.64822]}},{"type":"Feature","properties":{"CountryName":"Netherlands","Type of Animal":"Pork"},"geometry":{"type":"Point","coordinates":[6.57212,52.08656]}},{"type":"Feature","properties":{"CountryName":"Netherlands","Type of Animal":"Pork"},"geometry":{"type":"Point","coordinates":[5.92693,51.47204]}},{"type":"Feature","properties":{"CountryName":"Netherlands","Type of Animal":"Pork"},"geometry":{"type":"Point","coordinates":[6.62585,52.20222]}},{"type":"Feature","properties":{"CountryName":"Netherlands","Type of Animal":"Pork"},"geometry":{"type":"Point","coordinates":[6.6174,52.12216]}},{"type":"Feature","properties":{"CountryName":"Netherlands","Type of Animal":"Pork"},"geometry":{"type":"Point","coordinates":[6.47303,52.1914]}},{"type":"Feature","properties":{"CountryName":"Netherlands","Type of Animal":"Chicken"},"geometry":{"type":"Point","coordinates":[6.46142,52.20203]}},{"type":"Feature","properties":{"CountryName":"Netherlands","Type of Animal":"Chicken"},"geometry":{"type":"Point","coordinates":[5.4427,52.10453]}},{"type":"Feature","properties":{"CountryName":"Netherlands","Type of Animal":"Pork"},"geometry":{"type":"Point","coordinates":[6.64978,52.20185]}},{"type":"Feature","properties":{"CountryName":"Netherlands","Type of Animal":"Pork"},"geometry":{"type":"Point","coordinates":[6.54234,52.24683]}},{"type":"Feature","properties":{"CountryName":"Netherlands","Type of Animal":"Pork"},"geometry":{"type":"Point","coordinates":[5.7183,51.55836]}},{"type":"Feature","properties":{"CountryName":"Netherlands","Type of Animal":"Pork"},"geometry":{"type":"Point","coordinates":[5.73793,51.48655]}},{"type":"Feature","properties":{"CountryName":"Netherlands","Type of Animal":"Pork"},"geometry":{"type":"Point","coordinates":[6.48794,51.87338]}},{"type":"Feature","properties":{"CountryName":"Netherlands","Type of Animal":"Pork"},"geometry":{"type":"Point","coordinates":[5.90043,51.58911]}},{"type":"Feature","properties":{"CountryName":"Netherlands","Type of Animal":"Pork"},"geometry":{"type":"Point","coordinates":[5.78181,51.60221]}},{"type":"Feature","properties":{"CountryName":"Netherlands","Type of Animal":"Pork"},"geometry":{"type":"Point","coordinates":[6.69078,52.18343]}},{"type":"Feature","properties":{"CountryName":"Netherlands","Type of Animal":"Pork"},"geometry":{"type":"Point","coordinates":[6.67904,52.15899]}},{"type":"Feature","properties":{"CountryName":"Netherlands","Type of Animal":"Pork"},"geometry":{"type":"Point","coordinates":[6.65718,52.18435]}},{"type":"Feature","properties":{"CountryName":"Netherlands","Type of Animal":"Pork"},"geometry":{"type":"Point","coordinates":[4.70296,51.49478]}},{"type":"Feature","properties":{"CountryName":"Netherlands","Type of Animal":"Pork"},"geometry":{"type":"Point","coordinates":[5.53775,51.57754]}},{"type":"Feature","properties":{"CountryName":"Netherlands","Type of Animal":"Pork"},"geometry":{"type":"Point","coordinates":[5.58732,51.62961]}},{"type":"Feature","properties":{"CountryName":"Netherlands","Type of Animal":"Pork"},"geometry":{"type":"Point","coordinates":[6.20996,52.38971]}},{"type":"Feature","properties":{"CountryName":"Netherlands","Type of Animal":"Pork"},"geometry":{"type":"Point","coordinates":[6.21341,52.39541]}},{"type":"Feature","properties":{"CountryName":"Netherlands","Type of Animal":"Pork"},"geometry":{"type":"Point","coordinates":[6.16056,52.36349]}},{"type":"Feature","properties":{"CountryName":"Netherlands","Type of Animal":"Pork"},"geometry":{"type":"Point","coordinates":[6.19163,52.38266]}},{"type":"Feature","properties":{"CountryName":"Netherlands","Type of Animal":"Chicken"},"geometry":{"type":"Point","coordinates":[7.04146,53.00294]}},{"type":"Feature","properties":{"CountryName":"Netherlands","Type of Animal":"Pork"},"geometry":{"type":"Point","coordinates":[5.87908,51.4786]}},{"type":"Feature","properties":{"CountryName":"Netherlands","Type of Animal":"Pork"},"geometry":{"type":"Point","coordinates":[4.99588,51.46827]}},{"type":"Feature","properties":{"CountryName":"Netherlands","Type of Animal":"Pork"},"geometry":{"type":"Point","coordinates":[4.79429,51.5033]}},{"type":"Feature","properties":{"CountryName":"Netherlands","Type of Animal":"Chicken"},"geometry":{"type":"Point","coordinates":[6.41632,52.69172]}},{"type":"Feature","properties":{"CountryName":"Netherlands","Type of Animal":"Pork"},"geometry":{"type":"Point","coordinates":[6.52792,52.07707]}},{"type":"Feature","properties":{"CountryName":"Netherlands","Type of Animal":"Chicken"},"geometry":{"type":"Point","coordinates":[6.52448,52.07271]}},{"type":"Feature","properties":{"CountryName":"Netherlands","Type of Animal":"Pork"},"geometry":{"type":"Point","coordinates":[6.27079,52.04225]}},{"type":"Feature","properties":{"CountryName":"Netherlands","Type of Animal":"Pork"},"geometry":{"type":"Point","coordinates":[6.29332,52.00406]}},{"type":"Feature","properties":{"CountryName":"Netherlands","Type of Animal":"Pork"},"geometry":{"type":"Point","coordinates":[6.35488,51.98468]}},{"type":"Feature","properties":{"CountryName":"Netherlands","Type of Animal":"Pork"},"geometry":{"type":"Point","coordinates":[6.19017,52.03335]}},{"type":"Feature","properties":{"CountryName":"Netherlands","Type of Animal":"Pork"},"geometry":{"type":"Point","coordinates":[6.1702,52.01138]}},{"type":"Feature","properties":{"CountryName":"Netherlands","Type of Animal":"Pork"},"geometry":{"type":"Point","coordinates":[6.27334,52.03582]}},{"type":"Feature","properties":{"CountryName":"Netherlands","Type of Animal":"Chicken"},"geometry":{"type":"Point","coordinates":[6.8954,53.24021]}},{"type":"Feature","properties":{"CountryName":"Netherlands","Type of Animal":"Pork"},"geometry":{"type":"Point","coordinates":[6.78253,53.2208]}},{"type":"Feature","properties":{"CountryName":"Netherlands","Type of Animal":"Pork"},"geometry":{"type":"Point","coordinates":[5.2935,51.52391]}},{"type":"Feature","properties":{"CountryName":"Netherlands","Type of Animal":"Pork"},"geometry":{"type":"Point","coordinates":[5.59249,51.64284]}},{"type":"Feature","properties":{"CountryName":"Netherlands","Type of Animal":"Chicken"},"geometry":{"type":"Point","coordinates":[6.69709,52.23825]}},{"type":"Feature","properties":{"CountryName":"Netherlands","Type of Animal":"Pork"},"geometry":{"type":"Point","coordinates":[6.69947,52.21887]}},{"type":"Feature","properties":{"CountryName":"Netherlands","Type of Animal":"Pork"},"geometry":{"type":"Point","coordinates":[4.8489,51.5575]}},{"type":"Feature","properties":{"CountryName":"Netherlands","Type of Animal":"Chicken"},"geometry":{"type":"Point","coordinates":[5.63099,52.67379]}},{"type":"Feature","properties":{"CountryName":"Netherlands","Type of Animal":"Chicken"},"geometry":{"type":"Point","coordinates":[4.16983,51.74396]}},{"type":"Feature","properties":{"CountryName":"Netherlands","Type of Animal":"Pork"},"geometry":{"type":"Point","coordinates":[5.7159,51.49512]}},{"type":"Feature","properties":{"CountryName":"Netherlands","Type of Animal":"Chicken"},"geometry":{"type":"Point","coordinates":[6.86621,52.9931]}},{"type":"Feature","properties":{"CountryName":"Netherlands","Type of Animal":"Pork"},"geometry":{"type":"Point","coordinates":[7.06239,52.8573]}},{"type":"Feature","properties":{"CountryName":"Netherlands","Type of Animal":"Pork"},"geometry":{"type":"Point","coordinates":[5.91661,51.62561]}},{"type":"Feature","properties":{"CountryName":"Netherlands","Type of Animal":"Pork"},"geometry":{"type":"Point","coordinates":[5.73328,51.48702]}},{"type":"Feature","properties":{"CountryName":"Netherlands","Type of Animal":"Pork"},"geometry":{"type":"Point","coordinates":[5.74756,51.33214]}},{"type":"Feature","properties":{"CountryName":"Netherlands","Type of Animal":"Chicken"},"geometry":{"type":"Point","coordinates":[5.88848,51.50307]}},{"type":"Feature","properties":{"CountryName":"Netherlands","Type of Animal":"Pork"},"geometry":{"type":"Point","coordinates":[6.35814,52.35845]}},{"type":"Feature","properties":{"CountryName":"Netherlands","Type of Animal":"Chicken"},"geometry":{"type":"Point","coordinates":[6.10001,51.90852]}},{"type":"Feature","properties":{"CountryName":"Netherlands","Type of Animal":"Chicken"},"geometry":{"type":"Point","coordinates":[6.42894,52.43759]}},{"type":"Feature","properties":{"CountryName":"Netherlands","Type of Animal":"Pork"},"geometry":{"type":"Point","coordinates":[5.8385,51.45822]}},{"type":"Feature","properties":{"CountryName":"Netherlands","Type of Animal":"Pork"},"geometry":{"type":"Point","coordinates":[5.98989,51.50109]}},{"type":"Feature","properties":{"CountryName":"Netherlands","Type of Animal":"Pork"},"geometry":{"type":"Point","coordinates":[5.92318,51.47624]}},{"type":"Feature","properties":{"CountryName":"Netherlands","Type of Animal":"Pork"},"geometry":{"type":"Point","coordinates":[4.87471,52.18145]}},{"type":"Feature","properties":{"CountryName":"Netherlands","Type of Animal":"Pork"},"geometry":{"type":"Point","coordinates":[6.29534,52.08035]}},{"type":"Feature","properties":{"CountryName":"Netherlands","Type of Animal":"Chicken"},"geometry":{"type":"Point","coordinates":[4.9104,52.22508]}},{"type":"Feature","properties":{"CountryName":"Netherlands","Type of Animal":"Chicken"},"geometry":{"type":"Point","coordinates":[5.43742,52.08588]}},{"type":"Feature","properties":{"CountryName":"Netherlands","Type of Animal":"Pork"},"geometry":{"type":"Point","coordinates":[5.69821,51.90833]}},{"type":"Feature","properties":{"CountryName":"Netherlands","Type of Animal":"Pork"},"geometry":{"type":"Point","coordinates":[6.45701,52.05223]}},{"type":"Feature","properties":{"CountryName":"Netherlands","Type of Animal":"Chicken"},"geometry":{"type":"Point","coordinates":[5.47248,52.0975]}},{"type":"Feature","properties":{"CountryName":"Netherlands","Type of Animal":"Pork"},"geometry":{"type":"Point","coordinates":[6.72226,52.09875]}},{"type":"Feature","properties":{"CountryName":"Netherlands","Type of Animal":"Pork"},"geometry":{"type":"Point","coordinates":[6.27007,52.03835]}},{"type":"Feature","properties":{"CountryName":"Netherlands","Type of Animal":"Chicken"},"geometry":{"type":"Point","coordinates":[5.87282,51.23752]}},{"type":"Feature","properties":{"CountryName":"Netherlands","Type of Animal":"Pork"},"geometry":{"type":"Point","coordinates":[5.7855,51.48387]}},{"type":"Feature","properties":{"CountryName":"Netherlands","Type of Animal":"Pork"},"geometry":{"type":"Point","coordinates":[5.87639,51.36876]}},{"type":"Feature","properties":{"CountryName":"Netherlands","Type of Animal":"Pork"},"geometry":{"type":"Point","coordinates":[5.86325,51.45723]}},{"type":"Feature","properties":{"CountryName":"Netherlands","Type of Animal":"Pork"},"geometry":{"type":"Point","coordinates":[6.5889,52.04956]}},{"type":"Feature","properties":{"CountryName":"Netherlands","Type of Animal":"Pork"},"geometry":{"type":"Point","coordinates":[6.00916,51.48098]}},{"type":"Feature","properties":{"CountryName":"Netherlands","Type of Animal":"Pork"},"geometry":{"type":"Point","coordinates":[5.87466,51.25554]}},{"type":"Feature","properties":{"CountryName":"Netherlands","Type of Animal":"Chicken"},"geometry":{"type":"Point","coordinates":[5.89704,51.23525]}},{"type":"Feature","properties":{"CountryName":"Netherlands","Type of Animal":"Pork"},"geometry":{"type":"Point","coordinates":[5.84097,51.24307]}},{"type":"Feature","properties":{"CountryName":"Netherlands","Type of Animal":"Chicken"},"geometry":{"type":"Point","coordinates":[5.87275,51.26591]}},{"type":"Feature","properties":{"CountryName":"Netherlands","Type of Animal":"Chicken"},"geometry":{"type":"Point","coordinates":[6.28665,52.53947]}},{"type":"Feature","properties":{"CountryName":"Netherlands","Type of Animal":"Chicken"},"geometry":{"type":"Point","coordinates":[5.91891,51.62811]}},{"type":"Feature","properties":{"CountryName":"Netherlands","Type of Animal":"Chicken"},"geometry":{"type":"Point","coordinates":[5.88436,51.23486]}},{"type":"Feature","properties":{"CountryName":"Netherlands","Type of Animal":"Pork"},"geometry":{"type":"Point","coordinates":[5.85937,51.39965]}},{"type":"Feature","properties":{"CountryName":"Netherlands","Type of Animal":"Pork"},"geometry":{"type":"Point","coordinates":[5.80595,51.21668]}},{"type":"Feature","properties":{"CountryName":"Netherlands","Type of Animal":"Pork"},"geometry":{"type":"Point","coordinates":[4.62754,51.4925]}},{"type":"Feature","properties":{"CountryName":"Netherlands","Type of Animal":"Pork"},"geometry":{"type":"Point","coordinates":[5.62266,51.6034]}},{"type":"Feature","properties":{"CountryName":"Netherlands","Type of Animal":"Pork"},"geometry":{"type":"Point","coordinates":[5.61968,51.56639]}},{"type":"Feature","properties":{"CountryName":"Netherlands","Type of Animal":"Pork"},"geometry":{"type":"Point","coordinates":[6.09874,51.5112]}},{"type":"Feature","properties":{"CountryName":"Netherlands","Type of Animal":"Pork"},"geometry":{"type":"Point","coordinates":[6.02724,51.38991]}},{"type":"Feature","properties":{"CountryName":"Netherlands","Type of Animal":"Chicken"},"geometry":{"type":"Point","coordinates":[6.12672,51.49298]}},{"type":"Feature","properties":{"CountryName":"Netherlands","Type of Animal":"Pork"},"geometry":{"type":"Point","coordinates":[6.1277,51.49732]}},{"type":"Feature","properties":{"CountryName":"Netherlands","Type of Animal":"Pork"},"geometry":{"type":"Point","coordinates":[5.95501,51.40024]}},{"type":"Feature","properties":{"CountryName":"Netherlands","Type of Animal":"Pork"},"geometry":{"type":"Point","coordinates":[6.0164,51.40176]}},{"type":"Feature","properties":{"CountryName":"Netherlands","Type of Animal":"Pork"},"geometry":{"type":"Point","coordinates":[6.09038,51.50263]}},{"type":"Feature","properties":{"CountryName":"Netherlands","Type of Animal":"Pork"},"geometry":{"type":"Point","coordinates":[6.0431,51.47896]}},{"type":"Feature","properties":{"CountryName":"Netherlands","Type of Animal":"Chicken"},"geometry":{"type":"Point","coordinates":[5.69955,51.36355]}},{"type":"Feature","properties":{"CountryName":"Netherlands","Type of Animal":"Pork"},"geometry":{"type":"Point","coordinates":[5.82246,51.29958]}},{"type":"Feature","properties":{"CountryName":"Netherlands","Type of Animal":"Chicken"},"geometry":{"type":"Point","coordinates":[5.73967,51.30486]}},{"type":"Feature","properties":{"CountryName":"Netherlands","Type of Animal":"Chicken"},"geometry":{"type":"Point","coordinates":[5.73148,51.29691]}},{"type":"Feature","properties":{"CountryName":"Netherlands","Type of Animal":"Pork"},"geometry":{"type":"Point","coordinates":[5.79295,51.31181]}},{"type":"Feature","properties":{"CountryName":"Netherlands","Type of Animal":"Pork"},"geometry":{"type":"Point","coordinates":[5.72178,51.2875]}},{"type":"Feature","properties":{"CountryName":"Netherlands","Type of Animal":"Pork"},"geometry":{"type":"Point","coordinates":[5.77749,51.31386]}},{"type":"Feature","properties":{"CountryName":"Netherlands","Type of Animal":"Pork"},"geometry":{"type":"Point","coordinates":[5.77808,51.29057]}},{"type":"Feature","properties":{"CountryName":"Netherlands","Type of Animal":"Chicken"},"geometry":{"type":"Point","coordinates":[5.81051,51.24263]}},{"type":"Feature","properties":{"CountryName":"Netherlands","Type of Animal":"Chicken"},"geometry":{"type":"Point","coordinates":[5.80113,51.27875]}},{"type":"Feature","properties":{"CountryName":"Netherlands","Type of Animal":"Pork"},"geometry":{"type":"Point","coordinates":[5.77382,51.30154]}},{"type":"Feature","properties":{"CountryName":"Netherlands","Type of Animal":"Pork"},"geometry":{"type":"Point","coordinates":[5.75645,51.29872]}},{"type":"Feature","properties":{"CountryName":"Netherlands","Type of Animal":"Pork"},"geometry":{"type":"Point","coordinates":[5.73518,51.29707]}},{"type":"Feature","properties":{"CountryName":"Netherlands","Type of Animal":"Chicken"},"geometry":{"type":"Point","coordinates":[5.79898,51.31854]}},{"type":"Feature","properties":{"CountryName":"Netherlands","Type of Animal":"Pork"},"geometry":{"type":"Point","coordinates":[5.7973,51.29644]}},{"type":"Feature","properties":{"CountryName":"Netherlands","Type of Animal":"Pork"},"geometry":{"type":"Point","coordinates":[5.38864,52.20734]}},{"type":"Feature","properties":{"CountryName":"Netherlands","Type of Animal":"Pork"},"geometry":{"type":"Point","coordinates":[5.34137,51.51868]}},{"type":"Feature","properties":{"CountryName":"Netherlands","Type of Animal":"Pork"},"geometry":{"type":"Point","coordinates":[5.82217,51.6645]}},{"type":"Feature","properties":{"CountryName":"Netherlands","Type of Animal":"Chicken"},"geometry":{"type":"Point","coordinates":[6.30462,52.54134]}},{"type":"Feature","properties":{"CountryName":"Netherlands","Type of Animal":"Pork"},"geometry":{"type":"Point","coordinates":[6.55397,52.08491]}},{"type":"Feature","properties":{"CountryName":"Netherlands","Type of Animal":"Pork"},"geometry":{"type":"Point","coordinates":[5.95505,52.3074]}},{"type":"Feature","properties":{"CountryName":"Netherlands","Type of Animal":"Chicken"},"geometry":{"type":"Point","coordinates":[5.73527,51.29942]}},{"type":"Feature","properties":{"CountryName":"Netherlands","Type of Animal":"Pork"},"geometry":{"type":"Point","coordinates":[5.87268,51.5798]}},{"type":"Feature","properties":{"CountryName":"Netherlands","Type of Animal":"Pork"},"geometry":{"type":"Point","coordinates":[6.33118,52.68879]}},{"type":"Feature","properties":{"CountryName":"Netherlands","Type of Animal":"Pork"},"geometry":{"type":"Point","coordinates":[5.81601,51.66279]}},{"type":"Feature","properties":{"CountryName":"Netherlands","Type of Animal":"Chicken"},"geometry":{"type":"Point","coordinates":[6.51572,52.63081]}},{"type":"Feature","properties":{"CountryName":"Netherlands","Type of Animal":"Chicken"},"geometry":{"type":"Point","coordinates":[6.39789,52.00151]}},{"type":"Feature","properties":{"CountryName":"Netherlands","Type of Animal":"Chicken"},"geometry":{"type":"Point","coordinates":[6.46846,52.64265]}},{"type":"Feature","properties":{"CountryName":"Netherlands","Type of Animal":"Pork"},"geometry":{"type":"Point","coordinates":[5.86273,51.57047]}},{"type":"Feature","properties":{"CountryName":"Netherlands","Type of Animal":"Chicken"},"geometry":{"type":"Point","coordinates":[6.48136,52.68349]}},{"type":"Feature","properties":{"CountryName":"Netherlands","Type of Animal":"Pork"},"geometry":{"type":"Point","coordinates":[5.89364,51.60073]}},{"type":"Feature","properties":{"CountryName":"Netherlands","Type of Animal":"Pork"},"geometry":{"type":"Point","coordinates":[5.84139,51.6419]}},{"type":"Feature","properties":{"CountryName":"Netherlands","Type of Animal":"Pork"},"geometry":{"type":"Point","coordinates":[6.73332,52.14324]}},{"type":"Feature","properties":{"CountryName":"Netherlands","Type of Animal":"Pork"},"geometry":{"type":"Point","coordinates":[6.69226,52.19165]}},{"type":"Feature","properties":{"CountryName":"Netherlands","Type of Animal":"Pork"},"geometry":{"type":"Point","coordinates":[5.27901,51.47395]}},{"type":"Feature","properties":{"CountryName":"Netherlands","Type of Animal":"Pork"},"geometry":{"type":"Point","coordinates":[6.49051,52.63689]}},{"type":"Feature","properties":{"CountryName":"Netherlands","Type of Animal":"Chicken"},"geometry":{"type":"Point","coordinates":[5.79362,51.19371]}},{"type":"Feature","properties":{"CountryName":"Netherlands","Type of Animal":"Pork"},"geometry":{"type":"Point","coordinates":[6.32511,52.5607]}},{"type":"Feature","properties":{"CountryName":"Netherlands","Type of Animal":"Chicken"},"geometry":{"type":"Point","coordinates":[5.35332,52.20771]}},{"type":"Feature","properties":{"CountryName":"Netherlands","Type of Animal":"Pork"},"geometry":{"type":"Point","coordinates":[5.93108,51.53325]}},{"type":"Feature","properties":{"CountryName":"Netherlands","Type of Animal":"Pork"},"geometry":{"type":"Point","coordinates":[5.73006,51.30874]}},{"type":"Feature","properties":{"CountryName":"Netherlands","Type of Animal":"Pork"},"geometry":{"type":"Point","coordinates":[5.80725,51.50891]}},{"type":"Feature","properties":{"CountryName":"Netherlands","Type of Animal":"Pork"},"geometry":{"type":"Point","coordinates":[6.57645,52.62522]}},{"type":"Feature","properties":{"CountryName":"Netherlands","Type of Animal":"Chicken"},"geometry":{"type":"Point","coordinates":[6.56763,52.65446]}},{"type":"Feature","properties":{"CountryName":"Netherlands","Type of Animal":"Pork"},"geometry":{"type":"Point","coordinates":[6.62192,52.54855]}},{"type":"Feature","properties":{"CountryName":"Netherlands","Type of Animal":"Chicken"},"geometry":{"type":"Point","coordinates":[5.83227,51.65644]}},{"type":"Feature","properties":{"CountryName":"Netherlands","Type of Animal":"Pork"},"geometry":{"type":"Point","coordinates":[5.9,51.49925]}},{"type":"Feature","properties":{"CountryName":"Netherlands","Type of Animal":"Pork"},"geometry":{"type":"Point","coordinates":[5.60832,51.62305]}},{"type":"Feature","properties":{"CountryName":"Netherlands","Type of Animal":"Pork"},"geometry":{"type":"Point","coordinates":[5.82766,51.6693]}},{"type":"Feature","properties":{"CountryName":"Netherlands","Type of Animal":"Pork"},"geometry":{"type":"Point","coordinates":[5.61174,51.61173]}},{"type":"Feature","properties":{"CountryName":"Netherlands","Type of Animal":"Pork"},"geometry":{"type":"Point","coordinates":[5.27673,51.48208]}},{"type":"Feature","properties":{"CountryName":"Netherlands","Type of Animal":"Pork"},"geometry":{"type":"Point","coordinates":[5.82468,51.20024]}},{"type":"Feature","properties":{"CountryName":"Netherlands","Type of Animal":"Pork"},"geometry":{"type":"Point","coordinates":[5.23335,51.48338]}},{"type":"Feature","properties":{"CountryName":"Netherlands","Type of Animal":"Pork"},"geometry":{"type":"Point","coordinates":[5.85922,51.28439]}},{"type":"Feature","properties":{"CountryName":"Netherlands","Type of Animal":"Chicken"},"geometry":{"type":"Point","coordinates":[5.59401,51.76894]}},{"type":"Feature","properties":{"CountryName":"Netherlands","Type of Animal":"Chicken"},"geometry":{"type":"Point","coordinates":[5.72016,51.64037]}},{"type":"Feature","properties":{"CountryName":"Netherlands","Type of Animal":"Chicken"},"geometry":{"type":"Point","coordinates":[5.55253,52.11328]}},{"type":"Feature","properties":{"CountryName":"Netherlands","Type of Animal":"Chicken"},"geometry":{"type":"Point","coordinates":[5.53818,52.11906]}},{"type":"Feature","properties":{"CountryName":"Netherlands","Type of Animal":"Pork"},"geometry":{"type":"Point","coordinates":[5.49951,52.10685]}},{"type":"Feature","properties":{"CountryName":"Netherlands","Type of Animal":"Chicken"},"geometry":{"type":"Point","coordinates":[5.4951,51.84953]}},{"type":"Feature","properties":{"CountryName":"Netherlands","Type of Animal":"Chicken"},"geometry":{"type":"Point","coordinates":[5.65654,52.1315]}},{"type":"Feature","properties":{"CountryName":"Netherlands","Type of Animal":"Chicken"},"geometry":{"type":"Point","coordinates":[6.41257,51.88793]}},{"type":"Feature","properties":{"CountryName":"Netherlands","Type of Animal":"Chicken"},"geometry":{"type":"Point","coordinates":[6.73166,51.98612]}},{"type":"Feature","properties":{"CountryName":"Netherlands","Type of Animal":"Chicken"},"geometry":{"type":"Point","coordinates":[6.54245,51.98051]}},{"type":"Feature","properties":{"CountryName":"Netherlands","Type of Animal":"Chicken"},"geometry":{"type":"Point","coordinates":[6.0302,52.27105]}},{"type":"Feature","properties":{"CountryName":"Netherlands","Type of Animal":"Chicken"},"geometry":{"type":"Point","coordinates":[5.56218,52.17857]}},{"type":"Feature","properties":{"CountryName":"Netherlands","Type of Animal":"Chicken"},"geometry":{"type":"Point","coordinates":[6.49572,51.9603]}},{"type":"Feature","properties":{"CountryName":"Netherlands","Type of Animal":"Chicken"},"geometry":{"type":"Point","coordinates":[6.31876,52.14819]}},{"type":"Feature","properties":{"CountryName":"Netherlands","Type of Animal":"Chicken"},"geometry":{"type":"Point","coordinates":[5.80869,52.70926]}},{"type":"Feature","properties":{"CountryName":"Netherlands","Type of Animal":"Pork"},"geometry":{"type":"Point","coordinates":[6.39655,52.54035]}},{"type":"Feature","properties":{"CountryName":"Netherlands","Type of Animal":"Pork"},"geometry":{"type":"Point","coordinates":[6.38973,52.56296]}},{"type":"Feature","properties":{"CountryName":"Netherlands","Type of Animal":"Chicken"},"geometry":{"type":"Point","coordinates":[5.67611,52.79431]}},{"type":"Feature","properties":{"CountryName":"Netherlands","Type of Animal":"Chicken"},"geometry":{"type":"Point","coordinates":[5.64579,52.73779]}},{"type":"Feature","properties":{"CountryName":"Netherlands","Type of Animal":"Pork"},"geometry":{"type":"Point","coordinates":[6.34715,52.56879]}},{"type":"Feature","properties":{"CountryName":"Netherlands","Type of Animal":"Chicken"},"geometry":{"type":"Point","coordinates":[6.21343,53.31015]}},{"type":"Feature","properties":{"CountryName":"Netherlands","Type of Animal":"Pork"},"geometry":{"type":"Point","coordinates":[5.99832,51.40826]}},{"type":"Feature","properties":{"CountryName":"Netherlands","Type of Animal":"Pork"},"geometry":{"type":"Point","coordinates":[5.23112,51.47347]}},{"type":"Feature","properties":{"CountryName":"Netherlands","Type of Animal":"Chicken"},"geometry":{"type":"Point","coordinates":[6.02257,51.40536]}},{"type":"Feature","properties":{"CountryName":"Netherlands","Type of Animal":"Pork"},"geometry":{"type":"Point","coordinates":[5.66807,51.78749]}},{"type":"Feature","properties":{"CountryName":"Netherlands","Type of Animal":"Pork"},"geometry":{"type":"Point","coordinates":[5.38942,51.76819]}},{"type":"Feature","properties":{"CountryName":"Netherlands","Type of Animal":"Pork"},"geometry":{"type":"Point","coordinates":[5.54311,51.79837]}},{"type":"Feature","properties":{"CountryName":"Netherlands","Type of Animal":"Pork"},"geometry":{"type":"Point","coordinates":[5.56091,51.81055]}},{"type":"Feature","properties":{"CountryName":"Netherlands","Type of Animal":"Pork"},"geometry":{"type":"Point","coordinates":[5.60511,51.76998]}},{"type":"Feature","properties":{"CountryName":"Netherlands","Type of Animal":"Chicken"},"geometry":{"type":"Point","coordinates":[5.5702,51.78021]}},{"type":"Feature","properties":{"CountryName":"Netherlands","Type of Animal":"Pork"},"geometry":{"type":"Point","coordinates":[5.67273,51.78124]}},{"type":"Feature","properties":{"CountryName":"Netherlands","Type of Animal":"Pork"},"geometry":{"type":"Point","coordinates":[5.50851,51.79621]}},{"type":"Feature","properties":{"CountryName":"Netherlands","Type of Animal":"Pork"},"geometry":{"type":"Point","coordinates":[5.67275,51.78514]}},{"type":"Feature","properties":{"CountryName":"Netherlands","Type of Animal":"Pork"},"geometry":{"type":"Point","coordinates":[5.45305,51.78742]}},{"type":"Feature","properties":{"CountryName":"Netherlands","Type of Animal":"Pork"},"geometry":{"type":"Point","coordinates":[5.45163,51.78994]}},{"type":"Feature","properties":{"CountryName":"Netherlands","Type of Animal":"Chicken"},"geometry":{"type":"Point","coordinates":[5.62248,51.80169]}},{"type":"Feature","properties":{"CountryName":"Netherlands","Type of Animal":"Pork"},"geometry":{"type":"Point","coordinates":[5.38845,51.78925]}},{"type":"Feature","properties":{"CountryName":"Netherlands","Type of Animal":"Pork"},"geometry":{"type":"Point","coordinates":[5.67098,51.26363]}},{"type":"Feature","properties":{"CountryName":"Netherlands","Type of Animal":"Pork"},"geometry":{"type":"Point","coordinates":[5.73399,51.2071]}},{"type":"Feature","properties":{"CountryName":"Netherlands","Type of Animal":"Chicken"},"geometry":{"type":"Point","coordinates":[5.72271,51.27891]}},{"type":"Feature","properties":{"CountryName":"Netherlands","Type of Animal":"Chicken"},"geometry":{"type":"Point","coordinates":[5.69386,51.20474]}},{"type":"Feature","properties":{"CountryName":"Netherlands","Type of Animal":"Chicken"},"geometry":{"type":"Point","coordinates":[5.67514,51.26013]}},{"type":"Feature","properties":{"CountryName":"Netherlands","Type of Animal":"Pork"},"geometry":{"type":"Point","coordinates":[5.68364,51.21868]}},{"type":"Feature","properties":{"CountryName":"Netherlands","Type of Animal":"Chicken"},"geometry":{"type":"Point","coordinates":[5.74379,51.25979]}},{"type":"Feature","properties":{"CountryName":"Netherlands","Type of Animal":"Pork"},"geometry":{"type":"Point","coordinates":[5.76421,51.63376]}},{"type":"Feature","properties":{"CountryName":"Netherlands","Type of Animal":"Pork"},"geometry":{"type":"Point","coordinates":[5.82957,51.5352]}},{"type":"Feature","properties":{"CountryName":"Netherlands","Type of Animal":"Pork"},"geometry":{"type":"Point","coordinates":[6.64041,52.28004]}},{"type":"Feature","properties":{"CountryName":"Netherlands","Type of Animal":"Pork"},"geometry":{"type":"Point","coordinates":[6.70443,52.23079]}},{"type":"Feature","properties":{"CountryName":"Netherlands","Type of Animal":"Pork"},"geometry":{"type":"Point","coordinates":[6.01324,51.38773]}},{"type":"Feature","properties":{"CountryName":"Netherlands","Type of Animal":"Pork"},"geometry":{"type":"Point","coordinates":[6.42874,52.24744]}},{"type":"Feature","properties":{"CountryName":"Netherlands","Type of Animal":"Pork"},"geometry":{"type":"Point","coordinates":[6.62938,52.25207]}},{"type":"Feature","properties":{"CountryName":"Netherlands","Type of Animal":"Chicken"},"geometry":{"type":"Point","coordinates":[6.70089,52.23101]}},{"type":"Feature","properties":{"CountryName":"Netherlands","Type of Animal":"Pork"},"geometry":{"type":"Point","coordinates":[6.68307,52.20547]}},{"type":"Feature","properties":{"CountryName":"Netherlands","Type of Animal":"Chicken"},"geometry":{"type":"Point","coordinates":[6.68414,52.23958]}},{"type":"Feature","properties":{"CountryName":"Netherlands","Type of Animal":"Chicken"},"geometry":{"type":"Point","coordinates":[5.8386,51.22472]}},{"type":"Feature","properties":{"CountryName":"Netherlands","Type of Animal":"Chicken"},"geometry":{"type":"Point","coordinates":[6.22202,52.6164]}},{"type":"Feature","properties":{"CountryName":"Netherlands","Type of Animal":"Chicken"},"geometry":{"type":"Point","coordinates":[6.61009,52.41735]}},{"type":"Feature","properties":{"CountryName":"Netherlands","Type of Animal":"Chicken"},"geometry":{"type":"Point","coordinates":[5.56293,52.09753]}},{"type":"Feature","properties":{"CountryName":"Netherlands","Type of Animal":"Chicken"},"geometry":{"type":"Point","coordinates":[6.75035,52.92405]}},{"type":"Feature","properties":{"CountryName":"Netherlands","Type of Animal":"Pork"},"geometry":{"type":"Point","coordinates":[6.58142,52.71699]}},{"type":"Feature","properties":{"CountryName":"Netherlands","Type of Animal":"Pork"},"geometry":{"type":"Point","coordinates":[5.54322,52.09024]}},{"type":"Feature","properties":{"CountryName":"Netherlands","Type of Animal":"Chicken"},"geometry":{"type":"Point","coordinates":[5.53736,52.06928]}},{"type":"Feature","properties":{"CountryName":"Netherlands","Type of Animal":"Pork"},"geometry":{"type":"Point","coordinates":[5.50786,52.06749]}},{"type":"Feature","properties":{"CountryName":"Netherlands","Type of Animal":"Pork"},"geometry":{"type":"Point","coordinates":[5.46192,52.0994]}},{"type":"Feature","properties":{"CountryName":"Netherlands","Type of Animal":"Pork"},"geometry":{"type":"Point","coordinates":[6.19026,52.38229]}},{"type":"Feature","properties":{"CountryName":"Netherlands","Type of Animal":"Pork"},"geometry":{"type":"Point","coordinates":[5.99998,51.57651]}},{"type":"Feature","properties":{"CountryName":"Netherlands","Type of Animal":"Pork"},"geometry":{"type":"Point","coordinates":[5.91071,51.56663]}},{"type":"Feature","properties":{"CountryName":"Netherlands","Type of Animal":"Chicken"},"geometry":{"type":"Point","coordinates":[5.92716,51.57527]}},{"type":"Feature","properties":{"CountryName":"Netherlands","Type of Animal":"Pork"},"geometry":{"type":"Point","coordinates":[5.90134,51.5627]}},{"type":"Feature","properties":{"CountryName":"Netherlands","Type of Animal":"Pork"},"geometry":{"type":"Point","coordinates":[5.93299,51.56558]}},{"type":"Feature","properties":{"CountryName":"Netherlands","Type of Animal":"Chicken"},"geometry":{"type":"Point","coordinates":[5.87742,51.65382]}},{"type":"Feature","properties":{"CountryName":"Netherlands","Type of Animal":"Pork"},"geometry":{"type":"Point","coordinates":[5.95508,51.63653]}},{"type":"Feature","properties":{"CountryName":"Netherlands","Type of Animal":"Pork"},"geometry":{"type":"Point","coordinates":[5.94493,51.63163]}},{"type":"Feature","properties":{"CountryName":"Netherlands","Type of Animal":"Chicken"},"geometry":{"type":"Point","coordinates":[5.94218,51.61397]}},{"type":"Feature","properties":{"CountryName":"Netherlands","Type of Animal":"Pork"},"geometry":{"type":"Point","coordinates":[5.95537,51.63334]}},{"type":"Feature","properties":{"CountryName":"Netherlands","Type of Animal":"Pork"},"geometry":{"type":"Point","coordinates":[5.96306,51.61327]}},{"type":"Feature","properties":{"CountryName":"Netherlands","Type of Animal":"Pork"},"geometry":{"type":"Point","coordinates":[5.8555,51.21979]}},{"type":"Feature","properties":{"CountryName":"Netherlands","Type of Animal":"Pork"},"geometry":{"type":"Point","coordinates":[6.53821,52.05724]}},{"type":"Feature","properties":{"CountryName":"Netherlands","Type of Animal":"Pork"},"geometry":{"type":"Point","coordinates":[6.536,51.92382]}},{"type":"Feature","properties":{"CountryName":"Netherlands","Type of Animal":"Pork"},"geometry":{"type":"Point","coordinates":[5.83762,51.47112]}},{"type":"Feature","properties":{"CountryName":"Netherlands","Type of Animal":"Chicken"},"geometry":{"type":"Point","coordinates":[5.82758,51.46234]}},{"type":"Feature","properties":{"CountryName":"Netherlands","Type of Animal":"Pork"},"geometry":{"type":"Point","coordinates":[5.79755,51.48721]}},{"type":"Feature","properties":{"CountryName":"Netherlands","Type of Animal":"Pork"},"geometry":{"type":"Point","coordinates":[5.82342,51.46418]}},{"type":"Feature","properties":{"CountryName":"Netherlands","Type of Animal":"Chicken"},"geometry":{"type":"Point","coordinates":[6.23778,53.06543]}},{"type":"Feature","properties":{"CountryName":"Netherlands","Type of Animal":"Pork"},"geometry":{"type":"Point","coordinates":[6.30978,52.40996]}},{"type":"Feature","properties":{"CountryName":"Netherlands","Type of Animal":"Pork"},"geometry":{"type":"Point","coordinates":[5.71349,51.68485]}},{"type":"Feature","properties":{"CountryName":"Netherlands","Type of Animal":"Pork"},"geometry":{"type":"Point","coordinates":[5.72199,51.68853]}},{"type":"Feature","properties":{"CountryName":"Netherlands","Type of Animal":"Pork"},"geometry":{"type":"Point","coordinates":[5.68917,51.68674]}},{"type":"Feature","properties":{"CountryName":"Netherlands","Type of Animal":"Pork"},"geometry":{"type":"Point","coordinates":[5.70514,51.70481]}},{"type":"Feature","properties":{"CountryName":"Netherlands","Type of Animal":"Pork"},"geometry":{"type":"Point","coordinates":[5.68206,51.75415]}},{"type":"Feature","properties":{"CountryName":"Netherlands","Type of Animal":"Pork"},"geometry":{"type":"Point","coordinates":[5.67388,51.75014]}},{"type":"Feature","properties":{"CountryName":"Netherlands","Type of Animal":"Pork"},"geometry":{"type":"Point","coordinates":[5.64985,51.72633]}},{"type":"Feature","properties":{"CountryName":"Netherlands","Type of Animal":"Chicken"},"geometry":{"type":"Point","coordinates":[5.6125,51.73502]}},{"type":"Feature","properties":{"CountryName":"Netherlands","Type of Animal":"Pork"},"geometry":{"type":"Point","coordinates":[5.63822,51.7569]}},{"type":"Feature","properties":{"CountryName":"Netherlands","Type of Animal":"Chicken"},"geometry":{"type":"Point","coordinates":[6.33029,52.42475]}},{"type":"Feature","properties":{"CountryName":"Netherlands","Type of Animal":"Pork"},"geometry":{"type":"Point","coordinates":[6.20477,52.04046]}},{"type":"Feature","properties":{"CountryName":"Netherlands","Type of Animal":"Pork"},"geometry":{"type":"Point","coordinates":[6.24259,51.94531]}},{"type":"Feature","properties":{"CountryName":"Netherlands","Type of Animal":"Chicken"},"geometry":{"type":"Point","coordinates":[6.54841,51.90528]}},{"type":"Feature","properties":{"CountryName":"Netherlands","Type of Animal":"Pork"},"geometry":{"type":"Point","coordinates":[6.51438,51.88708]}},{"type":"Feature","properties":{"CountryName":"Netherlands","Type of Animal":"Pork"},"geometry":{"type":"Point","coordinates":[6.47513,52.00025]}},{"type":"Feature","properties":{"CountryName":"Netherlands","Type of Animal":"Chicken"},"geometry":{"type":"Point","coordinates":[5.17433,52.13949]}},{"type":"Feature","properties":{"CountryName":"Netherlands","Type of Animal":"Pork"},"geometry":{"type":"Point","coordinates":[5.18807,52.05232]}},{"type":"Feature","properties":{"CountryName":"Netherlands","Type of Animal":"Pork"},"geometry":{"type":"Point","coordinates":[5.41365,52.01006]}},{"type":"Feature","properties":{"CountryName":"Netherlands","Type of Animal":"Pork"},"geometry":{"type":"Point","coordinates":[5.4167,52.00952]}},{"type":"Feature","properties":{"CountryName":"Netherlands","Type of Animal":"Chicken"},"geometry":{"type":"Point","coordinates":[5.02772,51.98791]}},{"type":"Feature","properties":{"CountryName":"Netherlands","Type of Animal":"Chicken"},"geometry":{"type":"Point","coordinates":[5.01452,52.25228]}},{"type":"Feature","properties":{"CountryName":"Netherlands","Type of Animal":"Pork"},"geometry":{"type":"Point","coordinates":[5.73998,51.189]}},{"type":"Feature","properties":{"CountryName":"Netherlands","Type of Animal":"Pork"},"geometry":{"type":"Point","coordinates":[5.94127,51.61279]}},{"type":"Feature","properties":{"CountryName":"Netherlands","Type of Animal":"Chicken"},"geometry":{"type":"Point","coordinates":[5.51809,51.86103]}},{"type":"Feature","properties":{"CountryName":"Netherlands","Type of Animal":"Pork"},"geometry":{"type":"Point","coordinates":[5.17542,51.72374]}},{"type":"Feature","properties":{"CountryName":"Netherlands","Type of Animal":"Chicken"},"geometry":{"type":"Point","coordinates":[5.98006,51.34045]}},{"type":"Feature","properties":{"CountryName":"Netherlands","Type of Animal":"Pork"},"geometry":{"type":"Point","coordinates":[6.05081,51.3809]}},{"type":"Feature","properties":{"CountryName":"Netherlands","Type of Animal":"Chicken"},"geometry":{"type":"Point","coordinates":[5.52158,52.38685]}},{"type":"Feature","properties":{"CountryName":"Netherlands","Type of Animal":"Chicken"},"geometry":{"type":"Point","coordinates":[5.82652,51.36713]}},{"type":"Feature","properties":{"CountryName":"Netherlands","Type of Animal":"Pork"},"geometry":{"type":"Point","coordinates":[6.05364,52.33213]}},{"type":"Feature","properties":{"CountryName":"Netherlands","Type of Animal":"Chicken"},"geometry":{"type":"Point","coordinates":[6.48596,51.91882]}},{"type":"Feature","properties":{"CountryName":"Netherlands","Type of Animal":"Pork"},"geometry":{"type":"Point","coordinates":[6.57027,52.0129]}},{"type":"Feature","properties":{"CountryName":"Netherlands","Type of Animal":"Pork"},"geometry":{"type":"Point","coordinates":[6.6538,52.09123]}},{"type":"Feature","properties":{"CountryName":"Netherlands","Type of Animal":"Pork"},"geometry":{"type":"Point","coordinates":[6.32643,51.92522]}},{"type":"Feature","properties":{"CountryName":"Netherlands","Type of Animal":"Pork"},"geometry":{"type":"Point","coordinates":[6.13167,52.33821]}},{"type":"Feature","properties":{"CountryName":"Netherlands","Type of Animal":"Pork"},"geometry":{"type":"Point","coordinates":[6.14146,52.35228]}},{"type":"Feature","properties":{"CountryName":"Netherlands","Type of Animal":"Pork"},"geometry":{"type":"Point","coordinates":[6.92927,52.20696]}},{"type":"Feature","properties":{"CountryName":"Netherlands","Type of Animal":"Pork"},"geometry":{"type":"Point","coordinates":[6.87383,52.24433]}},{"type":"Feature","properties":{"CountryName":"Netherlands","Type of Animal":"Pork"},"geometry":{"type":"Point","coordinates":[6.56606,52.62978]}},{"type":"Feature","properties":{"CountryName":"Netherlands","Type of Animal":"Chicken"},"geometry":{"type":"Point","coordinates":[6.42198,52.61615]}},{"type":"Feature","properties":{"CountryName":"Netherlands","Type of Animal":"Pork"},"geometry":{"type":"Point","coordinates":[6.50919,52.57646]}},{"type":"Feature","properties":{"CountryName":"Netherlands","Type of Animal":"Pork"},"geometry":{"type":"Point","coordinates":[6.64142,52.55938]}},{"type":"Feature","properties":{"CountryName":"Netherlands","Type of Animal":"Chicken"},"geometry":{"type":"Point","coordinates":[6.59027,52.52534]}},{"type":"Feature","properties":{"CountryName":"Netherlands","Type of Animal":"Pork"},"geometry":{"type":"Point","coordinates":[6.73302,52.56806]}},{"type":"Feature","properties":{"CountryName":"Netherlands","Type of Animal":"Pork"},"geometry":{"type":"Point","coordinates":[6.66989,52.5617]}},{"type":"Feature","properties":{"CountryName":"Netherlands","Type of Animal":"Pork"},"geometry":{"type":"Point","coordinates":[6.34603,52.4644]}},{"type":"Feature","properties":{"CountryName":"Netherlands","Type of Animal":"Pork"},"geometry":{"type":"Point","coordinates":[6.62942,52.62447]}},{"type":"Feature","properties":{"CountryName":"Netherlands","Type of Animal":"Pork"},"geometry":{"type":"Point","coordinates":[6.68532,52.5928]}},{"type":"Feature","properties":{"CountryName":"Netherlands","Type of Animal":"Pork"},"geometry":{"type":"Point","coordinates":[6.36843,52.58789]}},{"type":"Feature","properties":{"CountryName":"Netherlands","Type of Animal":"Pork"},"geometry":{"type":"Point","coordinates":[5.77003,51.83909]}},{"type":"Feature","properties":{"CountryName":"Netherlands","Type of Animal":"Pork"},"geometry":{"type":"Point","coordinates":[5.56429,51.86674]}},{"type":"Feature","properties":{"CountryName":"Netherlands","Type of Animal":"Pork"},"geometry":{"type":"Point","coordinates":[5.61819,51.83284]}},{"type":"Feature","properties":{"CountryName":"Netherlands","Type of Animal":"Pork"},"geometry":{"type":"Point","coordinates":[5.72867,51.7821]}},{"type":"Feature","properties":{"CountryName":"Netherlands","Type of Animal":"Pork"},"geometry":{"type":"Point","coordinates":[5.68535,51.81657]}},{"type":"Feature","properties":{"CountryName":"Netherlands","Type of Animal":"Pork"},"geometry":{"type":"Point","coordinates":[5.6819,51.80413]}},{"type":"Feature","properties":{"CountryName":"Netherlands","Type of Animal":"Pork"},"geometry":{"type":"Point","coordinates":[5.98328,51.76939]}},{"type":"Feature","properties":{"CountryName":"Netherlands","Type of Animal":"Pork"},"geometry":{"type":"Point","coordinates":[5.62556,51.85397]}},{"type":"Feature","properties":{"CountryName":"Netherlands","Type of Animal":"Pork"},"geometry":{"type":"Point","coordinates":[5.64089,51.85968]}},{"type":"Feature","properties":{"CountryName":"Netherlands","Type of Animal":"Chicken"},"geometry":{"type":"Point","coordinates":[5.94124,51.83817]}},{"type":"Feature","properties":{"CountryName":"Netherlands","Type of Animal":"Pork"},"geometry":{"type":"Point","coordinates":[5.60432,51.84003]}},{"type":"Feature","properties":{"CountryName":"Netherlands","Type of Animal":"Pork"},"geometry":{"type":"Point","coordinates":[5.6258,51.8556]}},{"type":"Feature","properties":{"CountryName":"Netherlands","Type of Animal":"Pork"},"geometry":{"type":"Point","coordinates":[5.82466,51.76449]}},{"type":"Feature","properties":{"CountryName":"Netherlands","Type of Animal":"Pork"},"geometry":{"type":"Point","coordinates":[6.62256,52.25022]}},{"type":"Feature","properties":{"CountryName":"Netherlands","Type of Animal":"Pork"},"geometry":{"type":"Point","coordinates":[6.63367,52.28899]}},{"type":"Feature","properties":{"CountryName":"Netherlands","Type of Animal":"Pork"},"geometry":{"type":"Point","coordinates":[6.61568,52.24684]}},{"type":"Feature","properties":{"CountryName":"Netherlands","Type of Animal":"Pork"},"geometry":{"type":"Point","coordinates":[6.66592,52.25217]}},{"type":"Feature","properties":{"CountryName":"Netherlands","Type of Animal":"Chicken"},"geometry":{"type":"Point","coordinates":[6.35634,52.37162]}},{"type":"Feature","properties":{"CountryName":"Netherlands","Type of Animal":"Pork"},"geometry":{"type":"Point","coordinates":[6.38813,52.37394]}},{"type":"Feature","properties":{"CountryName":"Netherlands","Type of Animal":"Pork"},"geometry":{"type":"Point","coordinates":[6.42696,52.25819]}},{"type":"Feature","properties":{"CountryName":"Netherlands","Type of Animal":"Pork"},"geometry":{"type":"Point","coordinates":[5.21277,51.83051]}},{"type":"Feature","properties":{"CountryName":"Netherlands","Type of Animal":"Chicken"},"geometry":{"type":"Point","coordinates":[5.25322,51.87374]}},{"type":"Feature","properties":{"CountryName":"Netherlands","Type of Animal":"Pork"},"geometry":{"type":"Point","coordinates":[5.25635,51.86566]}},{"type":"Feature","properties":{"CountryName":"Netherlands","Type of Animal":"Chicken"},"geometry":{"type":"Point","coordinates":[5.27729,51.91608]}},{"type":"Feature","properties":{"CountryName":"Netherlands","Type of Animal":"Pork"},"geometry":{"type":"Point","coordinates":[5.18306,51.84244]}},{"type":"Feature","properties":{"CountryName":"Netherlands","Type of Animal":"Chicken"},"geometry":{"type":"Point","coordinates":[5.18099,51.90365]}},{"type":"Feature","properties":{"CountryName":"Netherlands","Type of Animal":"Pork"},"geometry":{"type":"Point","coordinates":[5.18245,51.6194]}},{"type":"Feature","properties":{"CountryName":"Netherlands","Type of Animal":"Pork"},"geometry":{"type":"Point","coordinates":[5.23767,51.60668]}},{"type":"Feature","properties":{"CountryName":"Netherlands","Type of Animal":"Pork"},"geometry":{"type":"Point","coordinates":[5.23745,51.62066]}},{"type":"Feature","properties":{"CountryName":"Netherlands","Type of Animal":"Pork"},"geometry":{"type":"Point","coordinates":[5.95516,52.56778]}},{"type":"Feature","properties":{"CountryName":"Netherlands","Type of Animal":"Chicken"},"geometry":{"type":"Point","coordinates":[6.00988,52.51504]}},{"type":"Feature","properties":{"CountryName":"Netherlands","Type of Animal":"Pork"},"geometry":{"type":"Point","coordinates":[6.49876,52.08061]}},{"type":"Feature","properties":{"CountryName":"Netherlands","Type of Animal":"Pork"},"geometry":{"type":"Point","coordinates":[6.66698,52.19175]}},{"type":"Feature","properties":{"CountryName":"Netherlands","Type of Animal":"Pork"},"geometry":{"type":"Point","coordinates":[5.21172,51.7689]}},{"type":"Feature","properties":{"CountryName":"Netherlands","Type of Animal":"Pork"},"geometry":{"type":"Point","coordinates":[5.27166,51.93715]}},{"type":"Feature","properties":{"CountryName":"Netherlands","Type of Animal":"Chicken"},"geometry":{"type":"Point","coordinates":[5.4524,51.83899]}},{"type":"Feature","properties":{"CountryName":"Netherlands","Type of Animal":"Pork"},"geometry":{"type":"Point","coordinates":[5.47385,51.84617]}},{"type":"Feature","properties":{"CountryName":"Netherlands","Type of Animal":"Pork"},"geometry":{"type":"Point","coordinates":[5.47931,51.97784]}},{"type":"Feature","properties":{"CountryName":"Netherlands","Type of Animal":"Chicken"},"geometry":{"type":"Point","coordinates":[5.54435,51.86417]}},{"type":"Feature","properties":{"CountryName":"Netherlands","Type of Animal":"Chicken"},"geometry":{"type":"Point","coordinates":[5.52089,51.93692]}},{"type":"Feature","properties":{"CountryName":"Netherlands","Type of Animal":"Chicken"},"geometry":{"type":"Point","coordinates":[5.18837,51.84247]}},{"type":"Feature","properties":{"CountryName":"Netherlands","Type of Animal":"Pork"},"geometry":{"type":"Point","coordinates":[5.4767,51.93891]}},{"type":"Feature","properties":{"CountryName":"Netherlands","Type of Animal":"Chicken"},"geometry":{"type":"Point","coordinates":[5.36968,51.91094]}},{"type":"Feature","properties":{"CountryName":"Netherlands","Type of Animal":"Pork"},"geometry":{"type":"Point","coordinates":[5.51114,51.84514]}},{"type":"Feature","properties":{"CountryName":"Netherlands","Type of Animal":"Chicken"},"geometry":{"type":"Point","coordinates":[6.43875,51.99301]}},{"type":"Feature","properties":{"CountryName":"Netherlands","Type of Animal":"Pork"},"geometry":{"type":"Point","coordinates":[6.22542,51.95777]}},{"type":"Feature","properties":{"CountryName":"Netherlands","Type of Animal":"Pork"},"geometry":{"type":"Point","coordinates":[6.16948,51.94769]}},{"type":"Feature","properties":{"CountryName":"Netherlands","Type of Animal":"Pork"},"geometry":{"type":"Point","coordinates":[6.17518,51.93432]}},{"type":"Feature","properties":{"CountryName":"Netherlands","Type of Animal":"Pork"},"geometry":{"type":"Point","coordinates":[6.61621,52.05311]}},{"type":"Feature","properties":{"CountryName":"Netherlands","Type of Animal":"Pork"},"geometry":{"type":"Point","coordinates":[6.66225,52.04235]}},{"type":"Feature","properties":{"CountryName":"Netherlands","Type of Animal":"Pork"},"geometry":{"type":"Point","coordinates":[6.58827,52.03855]}},{"type":"Feature","properties":{"CountryName":"Netherlands","Type of Animal":"Pork"},"geometry":{"type":"Point","coordinates":[6.50975,51.98642]}},{"type":"Feature","properties":{"CountryName":"Netherlands","Type of Animal":"Pork"},"geometry":{"type":"Point","coordinates":[6.62261,51.99205]}},{"type":"Feature","properties":{"CountryName":"Netherlands","Type of Animal":"Pork"},"geometry":{"type":"Point","coordinates":[6.04464,51.29647]}},{"type":"Feature","properties":{"CountryName":"Netherlands","Type of Animal":"Pork"},"geometry":{"type":"Point","coordinates":[5.87493,51.33097]}},{"type":"Feature","properties":{"CountryName":"Netherlands","Type of Animal":"Chicken"},"geometry":{"type":"Point","coordinates":[6.0267,51.29944]}},{"type":"Feature","properties":{"CountryName":"Netherlands","Type of Animal":"Pork"},"geometry":{"type":"Point","coordinates":[5.89418,51.31669]}},{"type":"Feature","properties":{"CountryName":"Netherlands","Type of Animal":"Pork"},"geometry":{"type":"Point","coordinates":[5.95555,51.30497]}},{"type":"Feature","properties":{"CountryName":"Netherlands","Type of Animal":"Pork"},"geometry":{"type":"Point","coordinates":[5.9139,51.35812]}},{"type":"Feature","properties":{"CountryName":"Netherlands","Type of Animal":"Pork"},"geometry":{"type":"Point","coordinates":[5.98663,51.3619]}},{"type":"Feature","properties":{"CountryName":"Netherlands","Type of Animal":"Pork"},"geometry":{"type":"Point","coordinates":[6.083,51.30376]}},{"type":"Feature","properties":{"CountryName":"Netherlands","Type of Animal":"Chicken"},"geometry":{"type":"Point","coordinates":[5.96666,51.33352]}},{"type":"Feature","properties":{"CountryName":"Netherlands","Type of Animal":"Pork"},"geometry":{"type":"Point","coordinates":[6.05388,51.66185]}},{"type":"Feature","properties":{"CountryName":"Netherlands","Type of Animal":"Pork"},"geometry":{"type":"Point","coordinates":[6.03806,51.66808]}},{"type":"Feature","properties":{"CountryName":"Netherlands","Type of Animal":"Pork"},"geometry":{"type":"Point","coordinates":[6.10172,51.63514]}},{"type":"Feature","properties":{"CountryName":"Netherlands","Type of Animal":"Chicken"},"geometry":{"type":"Point","coordinates":[5.46195,52.09938]}},{"type":"Feature","properties":{"CountryName":"Netherlands","Type of Animal":"Chicken"},"geometry":{"type":"Point","coordinates":[5.83376,51.25368]}},{"type":"Feature","properties":{"CountryName":"Netherlands","Type of Animal":"Pork"},"geometry":{"type":"Point","coordinates":[5.56997,51.35427]}},{"type":"Feature","properties":{"CountryName":"Netherlands","Type of Animal":"Chicken"},"geometry":{"type":"Point","coordinates":[5.63082,51.34255]}},{"type":"Feature","properties":{"CountryName":"Netherlands","Type of Animal":"Pork"},"geometry":{"type":"Point","coordinates":[5.39252,51.5259]}},{"type":"Feature","properties":{"CountryName":"Netherlands","Type of Animal":"Pork"},"geometry":{"type":"Point","coordinates":[5.42062,51.53711]}},{"type":"Feature","properties":{"CountryName":"Netherlands","Type of Animal":"Chicken"},"geometry":{"type":"Point","coordinates":[4.16602,51.6368]}},{"type":"Feature","properties":{"CountryName":"Netherlands","Type of Animal":"Chicken"},"geometry":{"type":"Point","coordinates":[3.4935,51.27562]}},{"type":"Feature","properties":{"CountryName":"Netherlands","Type of Animal":"Chicken"},"geometry":{"type":"Point","coordinates":[3.42678,51.27144]}},{"type":"Feature","properties":{"CountryName":"Netherlands","Type of Animal":"Pork"},"geometry":{"type":"Point","coordinates":[3.46295,51.2712]}},{"type":"Feature","properties":{"CountryName":"Netherlands","Type of Animal":"Chicken"},"geometry":{"type":"Point","coordinates":[3.50785,51.27157]}},{"type":"Feature","properties":{"CountryName":"Netherlands","Type of Animal":"Chicken"},"geometry":{"type":"Point","coordinates":[4.12084,51.56408]}},{"type":"Feature","properties":{"CountryName":"Netherlands","Type of Animal":"Pork"},"geometry":{"type":"Point","coordinates":[5.58277,51.51905]}},{"type":"Feature","properties":{"CountryName":"Netherlands","Type of Animal":"Pork"},"geometry":{"type":"Point","coordinates":[5.59675,51.52683]}},{"type":"Feature","properties":{"CountryName":"Netherlands","Type of Animal":"Pork"},"geometry":{"type":"Point","coordinates":[5.61031,51.53022]}},{"type":"Feature","properties":{"CountryName":"Netherlands","Type of Animal":"Pork"},"geometry":{"type":"Point","coordinates":[5.59938,51.52986]}},{"type":"Feature","properties":{"CountryName":"Netherlands","Type of Animal":"Pork"},"geometry":{"type":"Point","coordinates":[5.55036,51.55401]}},{"type":"Feature","properties":{"CountryName":"Netherlands","Type of Animal":"Pork"},"geometry":{"type":"Point","coordinates":[5.60638,51.55248]}},{"type":"Feature","properties":{"CountryName":"Netherlands","Type of Animal":"Pork"},"geometry":{"type":"Point","coordinates":[5.59096,51.54999]}},{"type":"Feature","properties":{"CountryName":"Netherlands","Type of Animal":"Pork"},"geometry":{"type":"Point","coordinates":[5.60965,51.54644]}},{"type":"Feature","properties":{"CountryName":"Netherlands","Type of Animal":"Pork"},"geometry":{"type":"Point","coordinates":[5.58066,51.5394]}},{"type":"Feature","properties":{"CountryName":"Netherlands","Type of Animal":"Pork"},"geometry":{"type":"Point","coordinates":[5.56457,51.53885]}},{"type":"Feature","properties":{"CountryName":"Netherlands","Type of Animal":"Pork"},"geometry":{"type":"Point","coordinates":[5.61002,51.54145]}},{"type":"Feature","properties":{"CountryName":"Netherlands","Type of Animal":"Chicken"},"geometry":{"type":"Point","coordinates":[5.91667,51.31372]}},{"type":"Feature","properties":{"CountryName":"Netherlands","Type of Animal":"Pork"},"geometry":{"type":"Point","coordinates":[5.65285,51.62773]}},{"type":"Feature","properties":{"CountryName":"Netherlands","Type of Animal":"Pork"},"geometry":{"type":"Point","coordinates":[5.72258,51.64836]}},{"type":"Feature","properties":{"CountryName":"Netherlands","Type of Animal":"Pork"},"geometry":{"type":"Point","coordinates":[5.72263,51.63431]}},{"type":"Feature","properties":{"CountryName":"Netherlands","Type of Animal":"Pork"},"geometry":{"type":"Point","coordinates":[5.70903,51.65004]}},{"type":"Feature","properties":{"CountryName":"Netherlands","Type of Animal":"Pork"},"geometry":{"type":"Point","coordinates":[5.73589,51.64336]}},{"type":"Feature","properties":{"CountryName":"Netherlands","Type of Animal":"Pork"},"geometry":{"type":"Point","coordinates":[5.67784,51.63874]}},{"type":"Feature","properties":{"CountryName":"Netherlands","Type of Animal":"Pork"},"geometry":{"type":"Point","coordinates":[5.71712,51.64195]}},{"type":"Feature","properties":{"CountryName":"Netherlands","Type of Animal":"Pork"},"geometry":{"type":"Point","coordinates":[5.72337,51.64017]}},{"type":"Feature","properties":{"CountryName":"Netherlands","Type of Animal":"Pork"},"geometry":{"type":"Point","coordinates":[5.73017,51.64315]}},{"type":"Feature","properties":{"CountryName":"Netherlands","Type of Animal":"Pork"},"geometry":{"type":"Point","coordinates":[5.68448,51.64015]}},{"type":"Feature","properties":{"CountryName":"Netherlands","Type of Animal":"Pork"},"geometry":{"type":"Point","coordinates":[5.72275,51.63596]}},{"type":"Feature","properties":{"CountryName":"Netherlands","Type of Animal":"Pork"},"geometry":{"type":"Point","coordinates":[5.72387,51.6382]}},{"type":"Feature","properties":{"CountryName":"Netherlands","Type of Animal":"Chicken"},"geometry":{"type":"Point","coordinates":[5.52453,51.85995]}},{"type":"Feature","properties":{"CountryName":"Netherlands","Type of Animal":"Pork"},"geometry":{"type":"Point","coordinates":[5.60458,52.04698]}},{"type":"Feature","properties":{"CountryName":"Netherlands","Type of Animal":"Pork"},"geometry":{"type":"Point","coordinates":[5.5943,52.06528]}},{"type":"Feature","properties":{"CountryName":"Netherlands","Type of Animal":"Chicken"},"geometry":{"type":"Point","coordinates":[5.56741,52.08679]}},{"type":"Feature","properties":{"CountryName":"Netherlands","Type of Animal":"Chicken"},"geometry":{"type":"Point","coordinates":[5.56269,52.12117]}},{"type":"Feature","properties":{"CountryName":"Netherlands","Type of Animal":"Chicken"},"geometry":{"type":"Point","coordinates":[5.58931,52.08541]}},{"type":"Feature","properties":{"CountryName":"Netherlands","Type of Animal":"Chicken"},"geometry":{"type":"Point","coordinates":[5.56617,52.10306]}},{"type":"Feature","properties":{"CountryName":"Netherlands","Type of Animal":"Pork"},"geometry":{"type":"Point","coordinates":[5.57255,52.09417]}},{"type":"Feature","properties":{"CountryName":"Netherlands","Type of Animal":"Chicken"},"geometry":{"type":"Point","coordinates":[5.57095,52.10473]}},{"type":"Feature","properties":{"CountryName":"Netherlands","Type of Animal":"Chicken"},"geometry":{"type":"Point","coordinates":[5.57539,52.10163]}},{"type":"Feature","properties":{"CountryName":"Netherlands","Type of Animal":"Pork"},"geometry":{"type":"Point","coordinates":[5.58278,52.11637]}},{"type":"Feature","properties":{"CountryName":"Netherlands","Type of Animal":"Chicken"},"geometry":{"type":"Point","coordinates":[5.59169,52.1183]}},{"type":"Feature","properties":{"CountryName":"Netherlands","Type of Animal":"Pork"},"geometry":{"type":"Point","coordinates":[5.62705,52.06626]}},{"type":"Feature","properties":{"CountryName":"Netherlands","Type of Animal":"Pork"},"geometry":{"type":"Point","coordinates":[5.74456,52.12335]}},{"type":"Feature","properties":{"CountryName":"Netherlands","Type of Animal":"Pork"},"geometry":{"type":"Point","coordinates":[5.63489,52.01115]}},{"type":"Feature","properties":{"CountryName":"Netherlands","Type of Animal":"Chicken"},"geometry":{"type":"Point","coordinates":[5.7169,52.12665]}},{"type":"Feature","properties":{"CountryName":"Netherlands","Type of Animal":"Pork"},"geometry":{"type":"Point","coordinates":[5.70018,52.12245]}},{"type":"Feature","properties":{"CountryName":"Netherlands","Type of Animal":"Pork"},"geometry":{"type":"Point","coordinates":[5.72455,52.1208]}},{"type":"Feature","properties":{"CountryName":"Netherlands","Type of Animal":"Pork"},"geometry":{"type":"Point","coordinates":[5.64038,52.07003]}},{"type":"Feature","properties":{"CountryName":"Netherlands","Type of Animal":"Chicken"},"geometry":{"type":"Point","coordinates":[5.60328,52.10107]}},{"type":"Feature","properties":{"CountryName":"Netherlands","Type of Animal":"Pork"},"geometry":{"type":"Point","coordinates":[5.55912,52.05413]}},{"type":"Feature","properties":{"CountryName":"Netherlands","Type of Animal":"Chicken"},"geometry":{"type":"Point","coordinates":[5.57668,52.15453]}},{"type":"Feature","properties":{"CountryName":"Netherlands","Type of Animal":"Pork"},"geometry":{"type":"Point","coordinates":[5.61449,52.14821]}},{"type":"Feature","properties":{"CountryName":"Netherlands","Type of Animal":"Chicken"},"geometry":{"type":"Point","coordinates":[5.6277,52.13006]}},{"type":"Feature","properties":{"CountryName":"Netherlands","Type of Animal":"Pork"},"geometry":{"type":"Point","coordinates":[5.655,52.1321]}},{"type":"Feature","properties":{"CountryName":"Netherlands","Type of Animal":"Chicken"},"geometry":{"type":"Point","coordinates":[5.55303,52.12157]}},{"type":"Feature","properties":{"CountryName":"Netherlands","Type of Animal":"Pork"},"geometry":{"type":"Point","coordinates":[5.54078,52.10809]}},{"type":"Feature","properties":{"CountryName":"Netherlands","Type of Animal":"Chicken"},"geometry":{"type":"Point","coordinates":[5.56036,52.13339]}},{"type":"Feature","properties":{"CountryName":"Netherlands","Type of Animal":"Pork"},"geometry":{"type":"Point","coordinates":[5.55251,52.13481]}},{"type":"Feature","properties":{"CountryName":"Netherlands","Type of Animal":"Chicken"},"geometry":{"type":"Point","coordinates":[5.55914,52.12414]}},{"type":"Feature","properties":{"CountryName":"Netherlands","Type of Animal":"Chicken"},"geometry":{"type":"Point","coordinates":[5.68776,52.17013]}},{"type":"Feature","properties":{"CountryName":"Netherlands","Type of Animal":"Chicken"},"geometry":{"type":"Point","coordinates":[5.67961,52.15759]}},{"type":"Feature","properties":{"CountryName":"Netherlands","Type of Animal":"Pork"},"geometry":{"type":"Point","coordinates":[5.6517,52.14318]}},{"type":"Feature","properties":{"CountryName":"Netherlands","Type of Animal":"Pork"},"geometry":{"type":"Point","coordinates":[5.64437,52.1352]}},{"type":"Feature","properties":{"CountryName":"Netherlands","Type of Animal":"Pork"},"geometry":{"type":"Point","coordinates":[5.64012,52.15417]}},{"type":"Feature","properties":{"CountryName":"Netherlands","Type of Animal":"Pork"},"geometry":{"type":"Point","coordinates":[5.64323,52.15028]}},{"type":"Feature","properties":{"CountryName":"Netherlands","Type of Animal":"Chicken"},"geometry":{"type":"Point","coordinates":[5.66867,52.13792]}},{"type":"Feature","properties":{"CountryName":"Netherlands","Type of Animal":"Chicken"},"geometry":{"type":"Point","coordinates":[5.69785,52.13638]}},{"type":"Feature","properties":{"CountryName":"Netherlands","Type of Animal":"Chicken"},"geometry":{"type":"Point","coordinates":[5.58213,52.18429]}},{"type":"Feature","properties":{"CountryName":"Netherlands","Type of Animal":"Chicken"},"geometry":{"type":"Point","coordinates":[5.52741,52.16893]}},{"type":"Feature","properties":{"CountryName":"Netherlands","Type of Animal":"Chicken"},"geometry":{"type":"Point","coordinates":[5.53458,52.13948]}},{"type":"Feature","properties":{"CountryName":"Netherlands","Type of Animal":"Chicken"},"geometry":{"type":"Point","coordinates":[5.52083,52.1146]}},{"type":"Feature","properties":{"CountryName":"Netherlands","Type of Animal":"Pork"},"geometry":{"type":"Point","coordinates":[5.48483,52.17489]}},{"type":"Feature","properties":{"CountryName":"Netherlands","Type of Animal":"Chicken"},"geometry":{"type":"Point","coordinates":[5.51408,52.096]}},{"type":"Feature","properties":{"CountryName":"Netherlands","Type of Animal":"Chicken"},"geometry":{"type":"Point","coordinates":[5.49965,52.10144]}},{"type":"Feature","properties":{"CountryName":"Netherlands","Type of Animal":"Chicken"},"geometry":{"type":"Point","coordinates":[5.5298,52.09312]}},{"type":"Feature","properties":{"CountryName":"Netherlands","Type of Animal":"Pork"},"geometry":{"type":"Point","coordinates":[5.49976,52.10885]}},{"type":"Feature","properties":{"CountryName":"Netherlands","Type of Animal":"Pork"},"geometry":{"type":"Point","coordinates":[5.49924,52.11017]}},{"type":"Feature","properties":{"CountryName":"Netherlands","Type of Animal":"Chicken"},"geometry":{"type":"Point","coordinates":[6.57611,52.16598]}},{"type":"Feature","properties":{"CountryName":"Netherlands","Type of Animal":"Pork"},"geometry":{"type":"Point","coordinates":[5.0019,52.38885]}},{"type":"Feature","properties":{"CountryName":"Netherlands","Type of Animal":"Pork"},"geometry":{"type":"Point","coordinates":[5.999,52.26515]}},{"type":"Feature","properties":{"CountryName":"Netherlands","Type of Animal":"Pork"},"geometry":{"type":"Point","coordinates":[6.16035,51.97368]}},{"type":"Feature","properties":{"CountryName":"Netherlands","Type of Animal":"Pork"},"geometry":{"type":"Point","coordinates":[6.52207,51.89188]}},{"type":"Feature","properties":{"CountryName":"Netherlands","Type of Animal":"Chicken"},"geometry":{"type":"Point","coordinates":[4.70107,52.18944]}},{"type":"Feature","properties":{"CountryName":"Netherlands","Type of Animal":"Pork"},"geometry":{"type":"Point","coordinates":[4.73885,52.16859]}},{"type":"Feature","properties":{"CountryName":"Netherlands","Type of Animal":"Pork"},"geometry":{"type":"Point","coordinates":[4.67678,52.18911]}},{"type":"Feature","properties":{"CountryName":"Netherlands","Type of Animal":"Pork"},"geometry":{"type":"Point","coordinates":[6.05587,52.2077]}},{"type":"Feature","properties":{"CountryName":"Netherlands","Type of Animal":"Chicken"},"geometry":{"type":"Point","coordinates":[6.0605,52.2588]}},{"type":"Feature","properties":{"CountryName":"Netherlands","Type of Animal":"Pork"},"geometry":{"type":"Point","coordinates":[6.60146,52.0121]}},{"type":"Feature","properties":{"CountryName":"Netherlands","Type of Animal":"Pork"},"geometry":{"type":"Point","coordinates":[6.50824,52.03409]}},{"type":"Feature","properties":{"CountryName":"Netherlands","Type of Animal":"Chicken"},"geometry":{"type":"Point","coordinates":[6.45744,51.90039]}},{"type":"Feature","properties":{"CountryName":"Netherlands","Type of Animal":"Pork"},"geometry":{"type":"Point","coordinates":[6.39653,51.97323]}},{"type":"Feature","properties":{"CountryName":"Netherlands","Type of Animal":"Pork"},"geometry":{"type":"Point","coordinates":[6.40304,51.82769]}},{"type":"Feature","properties":{"CountryName":"Netherlands","Type of Animal":"Pork"},"geometry":{"type":"Point","coordinates":[6.50067,51.97521]}},{"type":"Feature","properties":{"CountryName":"Netherlands","Type of Animal":"Pork"},"geometry":{"type":"Point","coordinates":[6.31275,52.21996]}},{"type":"Feature","properties":{"CountryName":"Netherlands","Type of Animal":"Chicken"},"geometry":{"type":"Point","coordinates":[6.8594,53.03967]}},{"type":"Feature","properties":{"CountryName":"Netherlands","Type of Animal":"Chicken"},"geometry":{"type":"Point","coordinates":[6.5642,51.88669]}},{"type":"Feature","properties":{"CountryName":"Netherlands","Type of Animal":"Chicken"},"geometry":{"type":"Point","coordinates":[6.97693,53.02405]}},{"type":"Feature","properties":{"CountryName":"Netherlands","Type of Animal":"Chicken"},"geometry":{"type":"Point","coordinates":[6.93443,53.19158]}},{"type":"Feature","properties":{"CountryName":"Netherlands","Type of Animal":"Chicken"},"geometry":{"type":"Point","coordinates":[6.73496,53.44267]}},{"type":"Feature","properties":{"CountryName":"Netherlands","Type of Animal":"Chicken"},"geometry":{"type":"Point","coordinates":[6.83513,53.18877]}},{"type":"Feature","properties":{"CountryName":"Netherlands","Type of Animal":"Chicken"},"geometry":{"type":"Point","coordinates":[6.88041,53.3559]}},{"type":"Feature","properties":{"CountryName":"Netherlands","Type of Animal":"Pork"},"geometry":{"type":"Point","coordinates":[6.9411,53.12582]}},{"type":"Feature","properties":{"CountryName":"Netherlands","Type of Animal":"Chicken"},"geometry":{"type":"Point","coordinates":[6.86365,53.15184]}},{"type":"Feature","properties":{"CountryName":"Netherlands","Type of Animal":"Pork"},"geometry":{"type":"Point","coordinates":[6.58338,53.3721]}},{"type":"Feature","properties":{"CountryName":"Netherlands","Type of Animal":"Chicken"},"geometry":{"type":"Point","coordinates":[6.69664,53.39148]}},{"type":"Feature","properties":{"CountryName":"Netherlands","Type of Animal":"Chicken"},"geometry":{"type":"Point","coordinates":[6.93533,53.09581]}},{"type":"Feature","properties":{"CountryName":"Netherlands","Type of Animal":"Chicken"},"geometry":{"type":"Point","coordinates":[6.94308,53.09525]}},{"type":"Feature","properties":{"CountryName":"Netherlands","Type of Animal":"Chicken"},"geometry":{"type":"Point","coordinates":[6.20981,53.18187]}},{"type":"Feature","properties":{"CountryName":"Netherlands","Type of Animal":"Pork"},"geometry":{"type":"Point","coordinates":[6.2287,53.15038]}},{"type":"Feature","properties":{"CountryName":"Netherlands","Type of Animal":"Pork"},"geometry":{"type":"Point","coordinates":[6.27658,53.11713]}},{"type":"Feature","properties":{"CountryName":"Netherlands","Type of Animal":"Pork"},"geometry":{"type":"Point","coordinates":[6.28928,53.10592]}},{"type":"Feature","properties":{"CountryName":"Netherlands","Type of Animal":"Pork"},"geometry":{"type":"Point","coordinates":[6.32698,53.09565]}},{"type":"Feature","properties":{"CountryName":"Netherlands","Type of Animal":"Chicken"},"geometry":{"type":"Point","coordinates":[6.34784,53.17076]}},{"type":"Feature","properties":{"CountryName":"Netherlands","Type of Animal":"Chicken"},"geometry":{"type":"Point","coordinates":[6.86772,53.30163]}},{"type":"Feature","properties":{"CountryName":"Netherlands","Type of Animal":"Pork"},"geometry":{"type":"Point","coordinates":[7.075,52.85041]}},{"type":"Feature","properties":{"CountryName":"Netherlands","Type of Animal":"Chicken"},"geometry":{"type":"Point","coordinates":[6.11001,52.1715]}},{"type":"Feature","properties":{"CountryName":"Netherlands","Type of Animal":"Pork"},"geometry":{"type":"Point","coordinates":[6.0793,52.21771]}},{"type":"Feature","properties":{"CountryName":"Netherlands","Type of Animal":"Chicken"},"geometry":{"type":"Point","coordinates":[5.522,51.83551]}},{"type":"Feature","properties":{"CountryName":"Netherlands","Type of Animal":"Pork"},"geometry":{"type":"Point","coordinates":[5.84559,51.33672]}},{"type":"Feature","properties":{"CountryName":"Netherlands","Type of Animal":"Chicken"},"geometry":{"type":"Point","coordinates":[5.88424,51.29587]}},{"type":"Feature","properties":{"CountryName":"Netherlands","Type of Animal":"Pork"},"geometry":{"type":"Point","coordinates":[5.91053,51.28274]}},{"type":"Feature","properties":{"CountryName":"Netherlands","Type of Animal":"Chicken"},"geometry":{"type":"Point","coordinates":[5.7871,51.39637]}},{"type":"Feature","properties":{"CountryName":"Netherlands","Type of Animal":"Pork"},"geometry":{"type":"Point","coordinates":[6.30188,52.20973]}},{"type":"Feature","properties":{"CountryName":"Netherlands","Type of Animal":"Chicken"},"geometry":{"type":"Point","coordinates":[6.50314,52.66043]}},{"type":"Feature","properties":{"CountryName":"Netherlands","Type of Animal":"Chicken"},"geometry":{"type":"Point","coordinates":[6.10445,51.43257]}},{"type":"Feature","properties":{"CountryName":"Netherlands","Type of Animal":"Pork"},"geometry":{"type":"Point","coordinates":[5.81495,51.01805]}},{"type":"Feature","properties":{"CountryName":"Netherlands","Type of Animal":"Chicken"},"geometry":{"type":"Point","coordinates":[5.83753,50.79834]}},{"type":"Feature","properties":{"CountryName":"Netherlands","Type of Animal":"Chicken"},"geometry":{"type":"Point","coordinates":[5.76388,50.9179]}},{"type":"Feature","properties":{"CountryName":"Netherlands","Type of Animal":"Pork"},"geometry":{"type":"Point","coordinates":[5.64721,52.14128]}},{"type":"Feature","properties":{"CountryName":"Netherlands","Type of Animal":"Chicken"},"geometry":{"type":"Point","coordinates":[5.58541,52.11307]}},{"type":"Feature","properties":{"CountryName":"Netherlands","Type of Animal":"Chicken"},"geometry":{"type":"Point","coordinates":[5.63299,52.06552]}},{"type":"Feature","properties":{"CountryName":"Netherlands","Type of Animal":"Chicken"},"geometry":{"type":"Point","coordinates":[5.58231,52.09667]}},{"type":"Feature","properties":{"CountryName":"Netherlands","Type of Animal":"Chicken"},"geometry":{"type":"Point","coordinates":[5.69982,52.12082]}},{"type":"Feature","properties":{"CountryName":"Netherlands","Type of Animal":"Pork"},"geometry":{"type":"Point","coordinates":[5.70263,52.13515]}},{"type":"Feature","properties":{"CountryName":"Netherlands","Type of Animal":"Chicken"},"geometry":{"type":"Point","coordinates":[5.6085,52.14731]}},{"type":"Feature","properties":{"CountryName":"Netherlands","Type of Animal":"Chicken"},"geometry":{"type":"Point","coordinates":[5.61475,52.15293]}},{"type":"Feature","properties":{"CountryName":"Netherlands","Type of Animal":"Chicken"},"geometry":{"type":"Point","coordinates":[5.54202,52.12493]}},{"type":"Feature","properties":{"CountryName":"Netherlands","Type of Animal":"Chicken"},"geometry":{"type":"Point","coordinates":[5.6826,52.15767]}},{"type":"Feature","properties":{"CountryName":"Netherlands","Type of Animal":"Pork"},"geometry":{"type":"Point","coordinates":[5.70477,52.15854]}},{"type":"Feature","properties":{"CountryName":"Netherlands","Type of Animal":"Pork"},"geometry":{"type":"Point","coordinates":[5.6455,52.14517]}},{"type":"Feature","properties":{"CountryName":"Netherlands","Type of Animal":"Chicken"},"geometry":{"type":"Point","coordinates":[5.63356,52.14834]}},{"type":"Feature","properties":{"CountryName":"Netherlands","Type of Animal":"Chicken"},"geometry":{"type":"Point","coordinates":[5.71253,52.14088]}},{"type":"Feature","properties":{"CountryName":"Netherlands","Type of Animal":"Chicken"},"geometry":{"type":"Point","coordinates":[5.69641,52.18178]}},{"type":"Feature","properties":{"CountryName":"Netherlands","Type of Animal":"Pork"},"geometry":{"type":"Point","coordinates":[5.51284,52.13399]}},{"type":"Feature","properties":{"CountryName":"Netherlands","Type of Animal":"Chicken"},"geometry":{"type":"Point","coordinates":[5.4354,52.20579]}},{"type":"Feature","properties":{"CountryName":"Netherlands","Type of Animal":"Pork"},"geometry":{"type":"Point","coordinates":[6.44366,51.92595]}},{"type":"Feature","properties":{"CountryName":"Netherlands","Type of Animal":"Chicken"},"geometry":{"type":"Point","coordinates":[5.63158,52.00129]}},{"type":"Feature","properties":{"CountryName":"Netherlands","Type of Animal":"Chicken"},"geometry":{"type":"Point","coordinates":[6.28837,52.29642]}},{"type":"Feature","properties":{"CountryName":"Netherlands","Type of Animal":"Chicken"},"geometry":{"type":"Point","coordinates":[6.24063,52.30916]}},{"type":"Feature","properties":{"CountryName":"Netherlands","Type of Animal":"Pork"},"geometry":{"type":"Point","coordinates":[6.29345,52.45065]}},{"type":"Feature","properties":{"CountryName":"Netherlands","Type of Animal":"Pork"},"geometry":{"type":"Point","coordinates":[6.61103,52.2833]}},{"type":"Feature","properties":{"CountryName":"Netherlands","Type of Animal":"Chicken"},"geometry":{"type":"Point","coordinates":[5.42118,52.21826]}},{"type":"Feature","properties":{"CountryName":"Netherlands","Type of Animal":"Chicken"},"geometry":{"type":"Point","coordinates":[5.73779,52.12482]}},{"type":"Feature","properties":{"CountryName":"Netherlands","Type of Animal":"Pork"},"geometry":{"type":"Point","coordinates":[5.72933,52.12355]}},{"type":"Feature","properties":{"CountryName":"Netherlands","Type of Animal":"Chicken"},"geometry":{"type":"Point","coordinates":[5.65071,52.13038]}},{"type":"Feature","properties":{"CountryName":"Netherlands","Type of Animal":"Chicken"},"geometry":{"type":"Point","coordinates":[5.62836,52.10788]}},{"type":"Feature","properties":{"CountryName":"Netherlands","Type of Animal":"Chicken"},"geometry":{"type":"Point","coordinates":[5.56703,52.07922]}},{"type":"Feature","properties":{"CountryName":"Netherlands","Type of Animal":"Chicken"},"geometry":{"type":"Point","coordinates":[6.6024,52.29731]}},{"type":"Feature","properties":{"CountryName":"Netherlands","Type of Animal":"Chicken"},"geometry":{"type":"Point","coordinates":[6.54426,52.34011]}},{"type":"Feature","properties":{"CountryName":"Netherlands","Type of Animal":"Chicken"},"geometry":{"type":"Point","coordinates":[6.54818,52.34049]}},{"type":"Feature","properties":{"CountryName":"Netherlands","Type of Animal":"Pork"},"geometry":{"type":"Point","coordinates":[6.50011,52.33538]}},{"type":"Feature","properties":{"CountryName":"Netherlands","Type of Animal":"Pork"},"geometry":{"type":"Point","coordinates":[6.59095,52.38628]}},{"type":"Feature","properties":{"CountryName":"Netherlands","Type of Animal":"Pork"},"geometry":{"type":"Point","coordinates":[6.53282,52.33524]}},{"type":"Feature","properties":{"CountryName":"Netherlands","Type of Animal":"Pork"},"geometry":{"type":"Point","coordinates":[6.5182,52.40401]}},{"type":"Feature","properties":{"CountryName":"Netherlands","Type of Animal":"Chicken"},"geometry":{"type":"Point","coordinates":[6.57985,52.34363]}},{"type":"Feature","properties":{"CountryName":"Netherlands","Type of Animal":"Pork"},"geometry":{"type":"Point","coordinates":[6.1854,51.97456]}},{"type":"Feature","properties":{"CountryName":"Netherlands","Type of Animal":"Pork"},"geometry":{"type":"Point","coordinates":[6.2699,52.23942]}},{"type":"Feature","properties":{"CountryName":"Netherlands","Type of Animal":"Pork"},"geometry":{"type":"Point","coordinates":[6.1856,52.59697]}},{"type":"Feature","properties":{"CountryName":"Netherlands","Type of Animal":"Chicken"},"geometry":{"type":"Point","coordinates":[6.20665,52.59686]}},{"type":"Feature","properties":{"CountryName":"Netherlands","Type of Animal":"Pork"},"geometry":{"type":"Point","coordinates":[6.27381,52.28706]}},{"type":"Feature","properties":{"CountryName":"Netherlands","Type of Animal":"Pork"},"geometry":{"type":"Point","coordinates":[6.18865,52.27735]}},{"type":"Feature","properties":{"CountryName":"Netherlands","Type of Animal":"Chicken"},"geometry":{"type":"Point","coordinates":[6.23097,52.59565]}},{"type":"Feature","properties":{"CountryName":"Netherlands","Type of Animal":"Chicken"},"geometry":{"type":"Point","coordinates":[6.22906,52.66423]}},{"type":"Feature","properties":{"CountryName":"Netherlands","Type of Animal":"Pork"},"geometry":{"type":"Point","coordinates":[6.23292,52.30567]}},{"type":"Feature","properties":{"CountryName":"Netherlands","Type of Animal":"Chicken"},"geometry":{"type":"Point","coordinates":[6.08329,52.77108]}},{"type":"Feature","properties":{"CountryName":"Netherlands","Type of Animal":"Pork"},"geometry":{"type":"Point","coordinates":[4.91465,51.67936]}},{"type":"Feature","properties":{"CountryName":"Netherlands","Type of Animal":"Chicken"},"geometry":{"type":"Point","coordinates":[6.58242,52.26293]}},{"type":"Feature","properties":{"CountryName":"Netherlands","Type of Animal":"Pork"},"geometry":{"type":"Point","coordinates":[5.74848,51.58524]}},{"type":"Feature","properties":{"CountryName":"Netherlands","Type of Animal":"Pork"},"geometry":{"type":"Point","coordinates":[6.56653,52.14171]}},{"type":"Feature","properties":{"CountryName":"Netherlands","Type of Animal":"Pork"},"geometry":{"type":"Point","coordinates":[6.57945,52.65571]}},{"type":"Feature","properties":{"CountryName":"Netherlands","Type of Animal":"Pork"},"geometry":{"type":"Point","coordinates":[4.86994,51.86615]}},{"type":"Feature","properties":{"CountryName":"Netherlands","Type of Animal":"Pork"},"geometry":{"type":"Point","coordinates":[6.80719,52.23552]}},{"type":"Feature","properties":{"CountryName":"Netherlands","Type of Animal":"Pork"},"geometry":{"type":"Point","coordinates":[5.78059,51.38541]}},{"type":"Feature","properties":{"CountryName":"Netherlands","Type of Animal":"Pork"},"geometry":{"type":"Point","coordinates":[5.70977,51.43049]}},{"type":"Feature","properties":{"CountryName":"Netherlands","Type of Animal":"Pork"},"geometry":{"type":"Point","coordinates":[5.82669,51.39268]}},{"type":"Feature","properties":{"CountryName":"Netherlands","Type of Animal":"Chicken"},"geometry":{"type":"Point","coordinates":[5.80944,51.37763]}},{"type":"Feature","properties":{"CountryName":"Netherlands","Type of Animal":"Chicken"},"geometry":{"type":"Point","coordinates":[5.6098,51.4755]}},{"type":"Feature","properties":{"CountryName":"Netherlands","Type of Animal":"Pork"},"geometry":{"type":"Point","coordinates":[5.78922,51.37972]}},{"type":"Feature","properties":{"CountryName":"Netherlands","Type of Animal":"Pork"},"geometry":{"type":"Point","coordinates":[6.38734,52.37463]}},{"type":"Feature","properties":{"CountryName":"Netherlands","Type of Animal":"Pork"},"geometry":{"type":"Point","coordinates":[6.32235,52.03295]}},{"type":"Feature","properties":{"CountryName":"Netherlands","Type of Animal":"Pork"},"geometry":{"type":"Point","coordinates":[6.3671,52.41331]}},{"type":"Feature","properties":{"CountryName":"Netherlands","Type of Animal":"Pork"},"geometry":{"type":"Point","coordinates":[5.94986,51.30632]}},{"type":"Feature","properties":{"CountryName":"Netherlands","Type of Animal":"Pork"},"geometry":{"type":"Point","coordinates":[5.96022,51.30114]}},{"type":"Feature","properties":{"CountryName":"Netherlands","Type of Animal":"Pork"},"geometry":{"type":"Point","coordinates":[6.08709,51.36914]}},{"type":"Feature","properties":{"CountryName":"Netherlands","Type of Animal":"Chicken"},"geometry":{"type":"Point","coordinates":[5.98327,51.35645]}},{"type":"Feature","properties":{"CountryName":"Netherlands","Type of Animal":"Chicken"},"geometry":{"type":"Point","coordinates":[6.02183,51.32741]}},{"type":"Feature","properties":{"CountryName":"Netherlands","Type of Animal":"Pork"},"geometry":{"type":"Point","coordinates":[6.48,52.43178]}},{"type":"Feature","properties":{"CountryName":"Netherlands","Type of Animal":"Pork"},"geometry":{"type":"Point","coordinates":[6.49046,52.38701]}},{"type":"Feature","properties":{"CountryName":"Netherlands","Type of Animal":"Pork"},"geometry":{"type":"Point","coordinates":[6.10289,51.33572]}},{"type":"Feature","properties":{"CountryName":"Netherlands","Type of Animal":"Pork"},"geometry":{"type":"Point","coordinates":[5.96336,51.36628]}},{"type":"Feature","properties":{"CountryName":"Netherlands","Type of Animal":"Chicken"},"geometry":{"type":"Point","coordinates":[3.6402,51.29485]}},{"type":"Feature","properties":{"CountryName":"Netherlands","Type of Animal":"Chicken"},"geometry":{"type":"Point","coordinates":[6.62036,52.25096]}},{"type":"Feature","properties":{"CountryName":"Netherlands","Type of Animal":"Chicken"},"geometry":{"type":"Point","coordinates":[3.44181,51.31059]}},{"type":"Feature","properties":{"CountryName":"Netherlands","Type of Animal":"Pork"},"geometry":{"type":"Point","coordinates":[5.56985,52.18757]}},{"type":"Feature","properties":{"CountryName":"Netherlands","Type of Animal":"Chicken"},"geometry":{"type":"Point","coordinates":[5.93389,51.53527]}},{"type":"Feature","properties":{"CountryName":"Netherlands","Type of Animal":"Pork"},"geometry":{"type":"Point","coordinates":[4.88107,51.45826]}},{"type":"Feature","properties":{"CountryName":"Netherlands","Type of Animal":"Pork"},"geometry":{"type":"Point","coordinates":[6.3806,52.23414]}},{"type":"Feature","properties":{"CountryName":"Netherlands","Type of Animal":"Pork"},"geometry":{"type":"Point","coordinates":[6.5169,51.88475]}},{"type":"Feature","properties":{"CountryName":"Portugal","Type of Animal":"Chicken"},"geometry":{"type":"Point","coordinates":[-25.581508,37.769936]}},{"type":"Feature","properties":{"CountryName":"Portugal","Type of Animal":"Chicken"},"geometry":{"type":"Point","coordinates":[-25.667685,37.803308]}},{"type":"Feature","properties":{"CountryName":"Portugal","Type of Animal":"Chicken"},"geometry":{"type":"Point","coordinates":[-25.559568,37.767896]}},{"type":"Feature","properties":{"CountryName":"Portugal","Type of Animal":"Pork"},"geometry":{"type":"Point","coordinates":[-25.555682,37.775852]}},{"type":"Feature","properties":{"CountryName":"Portugal","Type of Animal":"Pork"},"geometry":{"type":"Point","coordinates":[-25.555682,37.775852]}},{"type":"Feature","properties":{"CountryName":"Portugal","Type of Animal":"Chicken"},"geometry":{"type":"Point","coordinates":[-27.177076,38.688776]}},{"type":"Feature","properties":{"CountryName":"Portugal","Type of Animal":"Chicken"},"geometry":{"type":"Point","coordinates":[-27.119092,38.77632]}},{"type":"Feature","properties":{"CountryName":"Portugal","Type of Animal":"Chicken"},"geometry":{"type":"Point","coordinates":[-9.269794,39.170009]}},{"type":"Feature","properties":{"CountryName":"Portugal","Type of Animal":"Pork"},"geometry":{"type":"Point","coordinates":[-8.66228,39.40584]}},{"type":"Feature","properties":{"CountryName":"Portugal","Type of Animal":"Pork"},"geometry":{"type":"Point","coordinates":[-8.862819,39.773621]}},{"type":"Feature","properties":{"CountryName":"Portugal","Type of Animal":"Chicken"},"geometry":{"type":"Point","coordinates":[-8.6461501,39.3998455]}},{"type":"Feature","properties":{"CountryName":"Portugal","Type of Animal":"Chicken"},"geometry":{"type":"Point","coordinates":[-8.825575,39.417745]}},{"type":"Feature","properties":{"CountryName":"Portugal","Type of Animal":"Chicken"},"geometry":{"type":"Point","coordinates":[-8.121146,40.578153]}},{"type":"Feature","properties":{"CountryName":"Portugal","Type of Animal":"Chicken"},"geometry":{"type":"Point","coordinates":[-8.4925066,40.3137749]}},{"type":"Feature","properties":{"CountryName":"Portugal","Type of Animal":"Chicken"},"geometry":{"type":"Point","coordinates":[-8.87656,39.092048]}},{"type":"Feature","properties":{"CountryName":"Portugal","Type of Animal":"Chicken"},"geometry":{"type":"Point","coordinates":[-8.6442727,39.9512702]}},{"type":"Feature","properties":{"CountryName":"Portugal","Type of Animal":"Chicken"},"geometry":{"type":"Point","coordinates":[-8.800275,39.862729]}},{"type":"Feature","properties":{"CountryName":"Portugal","Type of Animal":"Chicken"},"geometry":{"type":"Point","coordinates":[-8.656868,39.38905]}},{"type":"Feature","properties":{"CountryName":"Portugal","Type of Animal":"Chicken"},"geometry":{"type":"Point","coordinates":[-7.75026222,40.84674581]}},{"type":"Feature","properties":{"CountryName":"Portugal","Type of Animal":"Chicken"},"geometry":{"type":"Point","coordinates":[-8.15193,41.35217]}},{"type":"Feature","properties":{"CountryName":"Portugal","Type of Animal":"Chicken"},"geometry":{"type":"Point","coordinates":[-9.191587,39.320218]}},{"type":"Feature","properties":{"CountryName":"Portugal","Type of Animal":"Chicken"},"geometry":{"type":"Point","coordinates":[-9.320612,39.156127]}},{"type":"Feature","properties":{"CountryName":"Portugal","Type of Animal":"Chicken"},"geometry":{"type":"Point","coordinates":[-9.28317,39.189847]}},{"type":"Feature","properties":{"CountryName":"Portugal","Type of Animal":"Chicken"},"geometry":{"type":"Point","coordinates":[-9.22044,39.15467]}},{"type":"Feature","properties":{"CountryName":"Portugal","Type of Animal":"Chicken"},"geometry":{"type":"Point","coordinates":[-9.3067281,39.1392002]}},{"type":"Feature","properties":{"CountryName":"Portugal","Type of Animal":"Chicken"},"geometry":{"type":"Point","coordinates":[-9.1145884,39.4882361]}},{"type":"Feature","properties":{"CountryName":"Portugal","Type of Animal":"Chicken"},"geometry":{"type":"Point","coordinates":[-8.317736,37.91884]}},{"type":"Feature","properties":{"CountryName":"Portugal","Type of Animal":"Chicken"},"geometry":{"type":"Point","coordinates":[-9.294978,39.2998404]}},{"type":"Feature","properties":{"CountryName":"Portugal","Type of Animal":"Chicken"},"geometry":{"type":"Point","coordinates":[-9.3057295,39.1405963]}},{"type":"Feature","properties":{"CountryName":"Portugal","Type of Animal":"Chicken"},"geometry":{"type":"Point","coordinates":[-8.02602,40.340606]}},{"type":"Feature","properties":{"CountryName":"Portugal","Type of Animal":"Chicken"},"geometry":{"type":"Point","coordinates":[-9.3271718,39.2996942]}},{"type":"Feature","properties":{"CountryName":"Portugal","Type of Animal":"Chicken"},"geometry":{"type":"Point","coordinates":[-8.710864,39.8236772]}},{"type":"Feature","properties":{"CountryName":"Portugal","Type of Animal":"Chicken"},"geometry":{"type":"Point","coordinates":[-8.78507,39.79486]}},{"type":"Feature","properties":{"CountryName":"Portugal","Type of Animal":"Chicken"},"geometry":{"type":"Point","coordinates":[-8.6027428,39.7305873]}},{"type":"Feature","properties":{"CountryName":"Portugal","Type of Animal":"Pork"},"geometry":{"type":"Point","coordinates":[-8.7249945,40.390416]}},{"type":"Feature","properties":{"CountryName":"Portugal","Type of Animal":"Pork"},"geometry":{"type":"Point","coordinates":[-8.55683,38.91934]}},{"type":"Feature","properties":{"CountryName":"Portugal","Type of Animal":"Chicken"},"geometry":{"type":"Point","coordinates":[-7.81377,40.49315]}},{"type":"Feature","properties":{"CountryName":"Portugal","Type of Animal":"Chicken"},"geometry":{"type":"Point","coordinates":[-7.07586,40.75149]}},{"type":"Feature","properties":{"CountryName":"Portugal","Type of Animal":"Chicken"},"geometry":{"type":"Point","coordinates":[-8.0883,40.59222]}},{"type":"Feature","properties":{"CountryName":"Portugal","Type of Animal":"Chicken"},"geometry":{"type":"Point","coordinates":[-7.884,40.51447]}},{"type":"Feature","properties":{"CountryName":"Portugal","Type of Animal":"Chicken"},"geometry":{"type":"Point","coordinates":[-8.34969,39.54456]}},{"type":"Feature","properties":{"CountryName":"Portugal","Type of Animal":"Chicken"},"geometry":{"type":"Point","coordinates":[-8.42495,39.53831]}},{"type":"Feature","properties":{"CountryName":"Portugal","Type of Animal":"Chicken"},"geometry":{"type":"Point","coordinates":[-8.40201,39.53808]}},{"type":"Feature","properties":{"CountryName":"Portugal","Type of Animal":"Chicken"},"geometry":{"type":"Point","coordinates":[-8.40375,39.54311]}},{"type":"Feature","properties":{"CountryName":"Portugal","Type of Animal":"Chicken"},"geometry":{"type":"Point","coordinates":[-8.99462,39.08364]}},{"type":"Feature","properties":{"CountryName":"Portugal","Type of Animal":"Chicken"},"geometry":{"type":"Point","coordinates":[-8.39031,39.53993]}},{"type":"Feature","properties":{"CountryName":"Portugal","Type of Animal":"Chicken"},"geometry":{"type":"Point","coordinates":[-8.37235,40.53448]}},{"type":"Feature","properties":{"CountryName":"Portugal","Type of Animal":"Pork"},"geometry":{"type":"Point","coordinates":[-8.547186,38.6867503]}},{"type":"Feature","properties":{"CountryName":"Portugal","Type of Animal":"Pork"},"geometry":{"type":"Point","coordinates":[-8.5317,38.7149]}},{"type":"Feature","properties":{"CountryName":"Portugal","Type of Animal":"Chicken"},"geometry":{"type":"Point","coordinates":[-8.11371,40.78039]}},{"type":"Feature","properties":{"CountryName":"Portugal","Type of Animal":"Chicken"},"geometry":{"type":"Point","coordinates":[-7.909134,40.724281]}},{"type":"Feature","properties":{"CountryName":"Portugal","Type of Animal":"Chicken"},"geometry":{"type":"Point","coordinates":[-8.10711,40.7835]}},{"type":"Feature","properties":{"CountryName":"Portugal","Type of Animal":"Chicken"},"geometry":{"type":"Point","coordinates":[-8.328437,40.680364]}},{"type":"Feature","properties":{"CountryName":"Portugal","Type of Animal":"Pork"},"geometry":{"type":"Point","coordinates":[-8.11481,39.79802]}},{"type":"Feature","properties":{"CountryName":"Portugal","Type of Animal":"Pork"},"geometry":{"type":"Point","coordinates":[-8.8092,38.93283]}},{"type":"Feature","properties":{"CountryName":"Portugal","Type of Animal":"Chicken"},"geometry":{"type":"Point","coordinates":[-9.2848781,39.1324465]}},{"type":"Feature","properties":{"CountryName":"Portugal","Type of Animal":"Pork"},"geometry":{"type":"Point","coordinates":[-8.99613,38.98553]}},{"type":"Feature","properties":{"CountryName":"Portugal","Type of Animal":"Pork"},"geometry":{"type":"Point","coordinates":[-8.4634683,38.6624778]}},{"type":"Feature","properties":{"CountryName":"Portugal","Type of Animal":"Pork"},"geometry":{"type":"Point","coordinates":[-8.6808574,38.9768806]}},{"type":"Feature","properties":{"CountryName":"Portugal","Type of Animal":"Pork"},"geometry":{"type":"Point","coordinates":[-8.827264,39.236997]}},{"type":"Feature","properties":{"CountryName":"Portugal","Type of Animal":"Chicken"},"geometry":{"type":"Point","coordinates":[-9.29366,39.27151]}},{"type":"Feature","properties":{"CountryName":"Portugal","Type of Animal":"Chicken"},"geometry":{"type":"Point","coordinates":[-9.32521,39.28151]}},{"type":"Feature","properties":{"CountryName":"Portugal","Type of Animal":"Chicken"},"geometry":{"type":"Point","coordinates":[-9.379184,39.036841]}},{"type":"Feature","properties":{"CountryName":"Portugal","Type of Animal":"Chicken"},"geometry":{"type":"Point","coordinates":[-9.28402,39.28479]}},{"type":"Feature","properties":{"CountryName":"Portugal","Type of Animal":"Chicken"},"geometry":{"type":"Point","coordinates":[-9.08703,39.19716]}},{"type":"Feature","properties":{"CountryName":"Portugal","Type of Animal":"Chicken"},"geometry":{"type":"Point","coordinates":[-9.28926,39.28747]}},{"type":"Feature","properties":{"CountryName":"Portugal","Type of Animal":"Pork"},"geometry":{"type":"Point","coordinates":[-8.807184,39.1861]}},{"type":"Feature","properties":{"CountryName":"Portugal","Type of Animal":"Chicken"},"geometry":{"type":"Point","coordinates":[-8.79229,39.63535]}},{"type":"Feature","properties":{"CountryName":"Portugal","Type of Animal":"Pork"},"geometry":{"type":"Point","coordinates":[-8.87026,39.25181]}},{"type":"Feature","properties":{"CountryName":"Portugal","Type of Animal":"Chicken"},"geometry":{"type":"Point","coordinates":[-9.0834879,39.3627029]}},{"type":"Feature","properties":{"CountryName":"Portugal","Type of Animal":"Chicken"},"geometry":{"type":"Point","coordinates":[-9.15219,39.37483]}},{"type":"Feature","properties":{"CountryName":"Portugal","Type of Animal":"Pork"},"geometry":{"type":"Point","coordinates":[-8.82791,39.32669]}},{"type":"Feature","properties":{"CountryName":"Portugal","Type of Animal":"Chicken"},"geometry":{"type":"Point","coordinates":[-8.82759,40.04389]}},{"type":"Feature","properties":{"CountryName":"Portugal","Type of Animal":"Chicken"},"geometry":{"type":"Point","coordinates":[-8.80182,39.9208]}},{"type":"Feature","properties":{"CountryName":"Portugal","Type of Animal":"Chicken"},"geometry":{"type":"Point","coordinates":[-8.81318,39.94281]}},{"type":"Feature","properties":{"CountryName":"Portugal","Type of Animal":"Chicken"},"geometry":{"type":"Point","coordinates":[-8.82627,39.94257]}},{"type":"Feature","properties":{"CountryName":"Portugal","Type of Animal":"Chicken"},"geometry":{"type":"Point","coordinates":[-8.83441,40.05547]}},{"type":"Feature","properties":{"CountryName":"Portugal","Type of Animal":"Chicken"},"geometry":{"type":"Point","coordinates":[-8.62433,40.02378]}},{"type":"Feature","properties":{"CountryName":"Portugal","Type of Animal":"Chicken"},"geometry":{"type":"Point","coordinates":[-8.61557,40.10195]}},{"type":"Feature","properties":{"CountryName":"Portugal","Type of Animal":"Chicken"},"geometry":{"type":"Point","coordinates":[-8.60966,40.03357]}},{"type":"Feature","properties":{"CountryName":"Portugal","Type of Animal":"Chicken"},"geometry":{"type":"Point","coordinates":[-8.840383,40.091857]}},{"type":"Feature","properties":{"CountryName":"Portugal","Type of Animal":"Chicken"},"geometry":{"type":"Point","coordinates":[-8.56202,40.28427]}},{"type":"Feature","properties":{"CountryName":"Portugal","Type of Animal":"Chicken"},"geometry":{"type":"Point","coordinates":[-8.8082,39.8857]}},{"type":"Feature","properties":{"CountryName":"Portugal","Type of Animal":"Chicken"},"geometry":{"type":"Point","coordinates":[-8.68394,39.82417]}},{"type":"Feature","properties":{"CountryName":"Portugal","Type of Animal":"Chicken"},"geometry":{"type":"Point","coordinates":[-8.71489,39.98415]}},{"type":"Feature","properties":{"CountryName":"Portugal","Type of Animal":"Chicken"},"geometry":{"type":"Point","coordinates":[-8.730697,39.728531]}},{"type":"Feature","properties":{"CountryName":"Portugal","Type of Animal":"Chicken"},"geometry":{"type":"Point","coordinates":[-8.5633144,41.2990661]}},{"type":"Feature","properties":{"CountryName":"Portugal","Type of Animal":"Chicken"},"geometry":{"type":"Point","coordinates":[-8.77117,39.86226]}},{"type":"Feature","properties":{"CountryName":"Portugal","Type of Animal":"Pork"},"geometry":{"type":"Point","coordinates":[-7.90343,39.26205]}},{"type":"Feature","properties":{"CountryName":"Portugal","Type of Animal":"Pork"},"geometry":{"type":"Point","coordinates":[-8.8729991,39.2845778]}},{"type":"Feature","properties":{"CountryName":"Portugal","Type of Animal":"Chicken"},"geometry":{"type":"Point","coordinates":[-8.152819,40.714986]}},{"type":"Feature","properties":{"CountryName":"Portugal","Type of Animal":"Chicken"},"geometry":{"type":"Point","coordinates":[-8.247804,40.708684]}},{"type":"Feature","properties":{"CountryName":"Portugal","Type of Animal":"Chicken"},"geometry":{"type":"Point","coordinates":[-8.93292,39.1294]}},{"type":"Feature","properties":{"CountryName":"Portugal","Type of Animal":"Chicken"},"geometry":{"type":"Point","coordinates":[-8.81416,39.85706]}},{"type":"Feature","properties":{"CountryName":"Portugal","Type of Animal":"Chicken"},"geometry":{"type":"Point","coordinates":[-8.184226,40.728744]}},{"type":"Feature","properties":{"CountryName":"Portugal","Type of Animal":"Chicken"},"geometry":{"type":"Point","coordinates":[-8.780511,39.704682]}},{"type":"Feature","properties":{"CountryName":"Portugal","Type of Animal":"Chicken"},"geometry":{"type":"Point","coordinates":[-8.099631,40.571891]}},{"type":"Feature","properties":{"CountryName":"Portugal","Type of Animal":"Chicken"},"geometry":{"type":"Point","coordinates":[-8.084905,40.553488]}},{"type":"Feature","properties":{"CountryName":"Portugal","Type of Animal":"Pork"},"geometry":{"type":"Point","coordinates":[-8.69363,38.69864]}},{"type":"Feature","properties":{"CountryName":"Portugal","Type of Animal":"Chicken"},"geometry":{"type":"Point","coordinates":[-8.39662,39.53034]}},{"type":"Feature","properties":{"CountryName":"Portugal","Type of Animal":"Pork"},"geometry":{"type":"Point","coordinates":[-8.780813,39.8057959]}},{"type":"Feature","properties":{"CountryName":"Portugal","Type of Animal":"Pork"},"geometry":{"type":"Point","coordinates":[-7.4486181,40.0221091]}},{"type":"Feature","properties":{"CountryName":"Portugal","Type of Animal":"Chicken"},"geometry":{"type":"Point","coordinates":[-8.60551511,40.82686002]}},{"type":"Feature","properties":{"CountryName":"Portugal","Type of Animal":"Chicken"},"geometry":{"type":"Point","coordinates":[-8.79123,39.85267]}},{"type":"Feature","properties":{"CountryName":"Portugal","Type of Animal":"Pork"},"geometry":{"type":"Point","coordinates":[-8.85315,39.6396]}},{"type":"Feature","properties":{"CountryName":"Portugal","Type of Animal":"Chicken"},"geometry":{"type":"Point","coordinates":[-8.86385,39.38021]}},{"type":"Feature","properties":{"CountryName":"Portugal","Type of Animal":"Pork"},"geometry":{"type":"Point","coordinates":[-8.609524,37.9960325]}},{"type":"Feature","properties":{"CountryName":"Portugal","Type of Animal":"Pork"},"geometry":{"type":"Point","coordinates":[-8.607276,41.382621]}},{"type":"Feature","properties":{"CountryName":"Portugal","Type of Animal":"Chicken"},"geometry":{"type":"Point","coordinates":[-8.45089,40.304187]}},{"type":"Feature","properties":{"CountryName":"Portugal","Type of Animal":"Chicken"},"geometry":{"type":"Point","coordinates":[-8.35156,41.5127]}},{"type":"Feature","properties":{"CountryName":"Portugal","Type of Animal":"Chicken"},"geometry":{"type":"Point","coordinates":[-8.7924123,39.6438076]}},{"type":"Feature","properties":{"CountryName":"Portugal","Type of Animal":"Pork"},"geometry":{"type":"Point","coordinates":[-9.17916,39.171]}},{"type":"Feature","properties":{"CountryName":"Portugal","Type of Animal":"Chicken"},"geometry":{"type":"Point","coordinates":[-9.044916,39.386526]}},{"type":"Feature","properties":{"CountryName":"Portugal","Type of Animal":"Pork"},"geometry":{"type":"Point","coordinates":[-7.64351,39.14107]}},{"type":"Feature","properties":{"CountryName":"Portugal","Type of Animal":"Pork"},"geometry":{"type":"Point","coordinates":[-8.9433657,39.5163106]}},{"type":"Feature","properties":{"CountryName":"Portugal","Type of Animal":"Pork"},"geometry":{"type":"Point","coordinates":[-8.08188,37.71549]}},{"type":"Feature","properties":{"CountryName":"Portugal","Type of Animal":"Chicken"},"geometry":{"type":"Point","coordinates":[-8.267467,39.739709]}},{"type":"Feature","properties":{"CountryName":"Portugal","Type of Animal":"Chicken"},"geometry":{"type":"Point","coordinates":[-8.36867,39.70249]}},{"type":"Feature","properties":{"CountryName":"Portugal","Type of Animal":"Chicken"},"geometry":{"type":"Point","coordinates":[-8.2704551,39.7180171]}},{"type":"Feature","properties":{"CountryName":"Portugal","Type of Animal":"Chicken"},"geometry":{"type":"Point","coordinates":[-8.6549023,39.9726255]}},{"type":"Feature","properties":{"CountryName":"Portugal","Type of Animal":"Chicken"},"geometry":{"type":"Point","coordinates":[-8.13014,40.75026]}},{"type":"Feature","properties":{"CountryName":"Portugal","Type of Animal":"Chicken"},"geometry":{"type":"Point","coordinates":[-8.094467,40.766777]}},{"type":"Feature","properties":{"CountryName":"Portugal","Type of Animal":"Pork"},"geometry":{"type":"Point","coordinates":[-9.21705,39.26322]}},{"type":"Feature","properties":{"CountryName":"Portugal","Type of Animal":"Pork"},"geometry":{"type":"Point","coordinates":[-9.23339,39.28949]}},{"type":"Feature","properties":{"CountryName":"Portugal","Type of Animal":"Pork"},"geometry":{"type":"Point","coordinates":[-8.63776,38.74583]}},{"type":"Feature","properties":{"CountryName":"Portugal","Type of Animal":"Pork"},"geometry":{"type":"Point","coordinates":[-8.3638559,38.0314641]}},{"type":"Feature","properties":{"CountryName":"Portugal","Type of Animal":"Pork"},"geometry":{"type":"Point","coordinates":[-8.65138,40.01627]}},{"type":"Feature","properties":{"CountryName":"Portugal","Type of Animal":"Chicken"},"geometry":{"type":"Point","coordinates":[-8.24413,40.71089]}},{"type":"Feature","properties":{"CountryName":"Portugal","Type of Animal":"Pork"},"geometry":{"type":"Point","coordinates":[-9.1817172,38.9988778]}},{"type":"Feature","properties":{"CountryName":"Portugal","Type of Animal":"Pork"},"geometry":{"type":"Point","coordinates":[-8.22005,38.66318]}},{"type":"Feature","properties":{"CountryName":"Portugal","Type of Animal":"Pork"},"geometry":{"type":"Point","coordinates":[-8.52822,38.80265]}},{"type":"Feature","properties":{"CountryName":"Portugal","Type of Animal":"Chicken"},"geometry":{"type":"Point","coordinates":[-8.34857,39.81826]}},{"type":"Feature","properties":{"CountryName":"Portugal","Type of Animal":"Pork"},"geometry":{"type":"Point","coordinates":[-8.32069,38.63808]}},{"type":"Feature","properties":{"CountryName":"Portugal","Type of Animal":"Pork"},"geometry":{"type":"Point","coordinates":[-8.797132,38.731933]}},{"type":"Feature","properties":{"CountryName":"Portugal","Type of Animal":"Chicken"},"geometry":{"type":"Point","coordinates":[-8.300197,39.747124]}},{"type":"Feature","properties":{"CountryName":"Portugal","Type of Animal":"Chicken"},"geometry":{"type":"Point","coordinates":[-8.290231,39.761854]}},{"type":"Feature","properties":{"CountryName":"Portugal","Type of Animal":"Chicken"},"geometry":{"type":"Point","coordinates":[-8.300371,39.747025]}},{"type":"Feature","properties":{"CountryName":"Portugal","Type of Animal":"Chicken"},"geometry":{"type":"Point","coordinates":[-8.29643,39.76213]}},{"type":"Feature","properties":{"CountryName":"Portugal","Type of Animal":"Chicken"},"geometry":{"type":"Point","coordinates":[-8.34289,39.7175]}},{"type":"Feature","properties":{"CountryName":"Portugal","Type of Animal":"Chicken"},"geometry":{"type":"Point","coordinates":[-8.34057,39.72051]}},{"type":"Feature","properties":{"CountryName":"Portugal","Type of Animal":"Pork"},"geometry":{"type":"Point","coordinates":[-8.75662,39.82496]}},{"type":"Feature","properties":{"CountryName":"Portugal","Type of Animal":"Chicken"},"geometry":{"type":"Point","coordinates":[-8.30382,39.74294]}},{"type":"Feature","properties":{"CountryName":"Portugal","Type of Animal":"Chicken"},"geometry":{"type":"Point","coordinates":[-8.29226,39.76143]}},{"type":"Feature","properties":{"CountryName":"Portugal","Type of Animal":"Chicken"},"geometry":{"type":"Point","coordinates":[-8.297574,39.743165]}},{"type":"Feature","properties":{"CountryName":"Portugal","Type of Animal":"Chicken"},"geometry":{"type":"Point","coordinates":[-8.3065,39.73333]}},{"type":"Feature","properties":{"CountryName":"Portugal","Type of Animal":"Chicken"},"geometry":{"type":"Point","coordinates":[-8.3016,39.67945]}},{"type":"Feature","properties":{"CountryName":"Portugal","Type of Animal":"Chicken"},"geometry":{"type":"Point","coordinates":[-8.771258,38.918404]}},{"type":"Feature","properties":{"CountryName":"Portugal","Type of Animal":"Chicken"},"geometry":{"type":"Point","coordinates":[-8.451948,39.536049]}},{"type":"Feature","properties":{"CountryName":"Portugal","Type of Animal":"Chicken"},"geometry":{"type":"Point","coordinates":[-8.44682,39.55678]}},{"type":"Feature","properties":{"CountryName":"Portugal","Type of Animal":"Chicken"},"geometry":{"type":"Point","coordinates":[-8.59102,39.75676]}},{"type":"Feature","properties":{"CountryName":"Portugal","Type of Animal":"Pork"},"geometry":{"type":"Point","coordinates":[-8.4425946,38.7511713]}},{"type":"Feature","properties":{"CountryName":"Portugal","Type of Animal":"Pork"},"geometry":{"type":"Point","coordinates":[-8.70365,40.56168]}},{"type":"Feature","properties":{"CountryName":"Portugal","Type of Animal":"Pork"},"geometry":{"type":"Point","coordinates":[-8.94884,39.30481]}},{"type":"Feature","properties":{"CountryName":"Portugal","Type of Animal":"Pork"},"geometry":{"type":"Point","coordinates":[-7.62817,38.48054]}},{"type":"Feature","properties":{"CountryName":"Portugal","Type of Animal":"Pork"},"geometry":{"type":"Point","coordinates":[-8.69103,39.01664]}},{"type":"Feature","properties":{"CountryName":"Portugal","Type of Animal":"Pork"},"geometry":{"type":"Point","coordinates":[-8.8955725,39.0972457]}},{"type":"Feature","properties":{"CountryName":"Portugal","Type of Animal":"Chicken"},"geometry":{"type":"Point","coordinates":[-8.377218,40.529658]}},{"type":"Feature","properties":{"CountryName":"Portugal","Type of Animal":"Chicken"},"geometry":{"type":"Point","coordinates":[-8.0519064,40.8341946]}},{"type":"Feature","properties":{"CountryName":"Portugal","Type of Animal":"Pork"},"geometry":{"type":"Point","coordinates":[-9.295643,39.120263]}},{"type":"Feature","properties":{"CountryName":"Portugal","Type of Animal":"Pork"},"geometry":{"type":"Point","coordinates":[-8.502979,39.506268]}},{"type":"Feature","properties":{"CountryName":"Portugal","Type of Animal":"Chicken"},"geometry":{"type":"Point","coordinates":[-9.24232,39.186762]}},{"type":"Feature","properties":{"CountryName":"Portugal","Type of Animal":"Chicken"},"geometry":{"type":"Point","coordinates":[-8.490136,38.698226]}},{"type":"Feature","properties":{"CountryName":"Portugal","Type of Animal":"Pork"},"geometry":{"type":"Point","coordinates":[-8.64596,39.00336]}},{"type":"Feature","properties":{"CountryName":"Portugal","Type of Animal":"Pork"},"geometry":{"type":"Point","coordinates":[-8.8245,38.74374]}},{"type":"Feature","properties":{"CountryName":"Portugal","Type of Animal":"Chicken"},"geometry":{"type":"Point","coordinates":[-8.5003637,40.7046137]}},{"type":"Feature","properties":{"CountryName":"Portugal","Type of Animal":"Chicken"},"geometry":{"type":"Point","coordinates":[-8.8346073,40.06244]}},{"type":"Feature","properties":{"CountryName":"Portugal","Type of Animal":"Chicken"},"geometry":{"type":"Point","coordinates":[-7.9791099,40.2784129]}},{"type":"Feature","properties":{"CountryName":"Portugal","Type of Animal":"Pork"},"geometry":{"type":"Point","coordinates":[-8.84038,39.67753]}},{"type":"Feature","properties":{"CountryName":"Portugal","Type of Animal":"Chicken"},"geometry":{"type":"Point","coordinates":[-8.14638799,40.45210201]}},{"type":"Feature","properties":{"CountryName":"Portugal","Type of Animal":"Pork"},"geometry":{"type":"Point","coordinates":[-7.87368,38.180941]}},{"type":"Feature","properties":{"CountryName":"Portugal","Type of Animal":"Chicken"},"geometry":{"type":"Point","coordinates":[-8.36219406,40.7914769]}},{"type":"Feature","properties":{"CountryName":"Portugal","Type of Animal":"Chicken"},"geometry":{"type":"Point","coordinates":[-8.0078013,40.5709677]}},{"type":"Feature","properties":{"CountryName":"Portugal","Type of Animal":"Chicken"},"geometry":{"type":"Point","coordinates":[-8.320013,40.683366]}},{"type":"Feature","properties":{"CountryName":"Portugal","Type of Animal":"Pork"},"geometry":{"type":"Point","coordinates":[-8.3398864,39.3783102]}},{"type":"Feature","properties":{"CountryName":"Portugal","Type of Animal":"Chicken"},"geometry":{"type":"Point","coordinates":[-8.5896,40.87876]}},{"type":"Feature","properties":{"CountryName":"Portugal","Type of Animal":"Chicken"},"geometry":{"type":"Point","coordinates":[-8.7284,39.60849]}},{"type":"Feature","properties":{"CountryName":"Portugal","Type of Animal":"Chicken"},"geometry":{"type":"Point","coordinates":[-9.31426,39.05446]}},{"type":"Feature","properties":{"CountryName":"Portugal","Type of Animal":"Chicken"},"geometry":{"type":"Point","coordinates":[-8.034895,40.734202]}},{"type":"Feature","properties":{"CountryName":"Portugal","Type of Animal":"Chicken"},"geometry":{"type":"Point","coordinates":[-8.7750417,39.8646186]}},{"type":"Feature","properties":{"CountryName":"Portugal","Type of Animal":"Pork"},"geometry":{"type":"Point","coordinates":[-7.74059,38.850211]}},{"type":"Feature","properties":{"CountryName":"Portugal","Type of Animal":"Pork"},"geometry":{"type":"Point","coordinates":[-8.01354,38.88352]}},{"type":"Feature","properties":{"CountryName":"Portugal","Type of Animal":"Pork"},"geometry":{"type":"Point","coordinates":[-8.0609571,38.1377856]}},{"type":"Feature","properties":{"CountryName":"Portugal","Type of Animal":"Chicken"},"geometry":{"type":"Point","coordinates":[-8.82558,39.41774]}},{"type":"Feature","properties":{"CountryName":"Portugal","Type of Animal":"Chicken"},"geometry":{"type":"Point","coordinates":[-17.015506,32.659743]}},{"type":"Feature","properties":{"CountryName":"Portugal","Type of Animal":"Chicken"},"geometry":{"type":"Point","coordinates":[-9.438004,38.883475]}},{"type":"Feature","properties":{"CountryName":"Portugal","Type of Animal":"Pork"},"geometry":{"type":"Point","coordinates":[-9.20604,39.22299]}},{"type":"Feature","properties":{"CountryName":"Portugal","Type of Animal":"Chicken"},"geometry":{"type":"Point","coordinates":[-16.802004,32.697908]}},{"type":"Feature","properties":{"CountryName":"Portugal","Type of Animal":"Chicken"},"geometry":{"type":"Point","coordinates":[-16.8108118,32.7190552]}},{"type":"Feature","properties":{"CountryName":"Portugal","Type of Animal":"Pork"},"geometry":{"type":"Point","coordinates":[-8.34008,39.3339]}},{"type":"Feature","properties":{"CountryName":"Portugal","Type of Animal":"Chicken"},"geometry":{"type":"Point","coordinates":[-8.67836152,38.74345269]}},{"type":"Feature","properties":{"CountryName":"Portugal","Type of Animal":"Chicken"},"geometry":{"type":"Point","coordinates":[-7.66308,40.72996]}},{"type":"Feature","properties":{"CountryName":"Portugal","Type of Animal":"Chicken"},"geometry":{"type":"Point","coordinates":[-7.97078,40.89103]}},{"type":"Feature","properties":{"CountryName":"Portugal","Type of Animal":"Chicken"},"geometry":{"type":"Point","coordinates":[-8.07815,40.51433]}},{"type":"Feature","properties":{"CountryName":"Portugal","Type of Animal":"Chicken"},"geometry":{"type":"Point","coordinates":[-8.405212,40.536083]}},{"type":"Feature","properties":{"CountryName":"Portugal","Type of Animal":"Pork"},"geometry":{"type":"Point","coordinates":[-7.84193,39.25713]}},{"type":"Feature","properties":{"CountryName":"Portugal","Type of Animal":"Pork"},"geometry":{"type":"Point","coordinates":[-7.83716,39.26254]}},{"type":"Feature","properties":{"CountryName":"Portugal","Type of Animal":"Pork"},"geometry":{"type":"Point","coordinates":[-8.487331,39.273938]}},{"type":"Feature","properties":{"CountryName":"Portugal","Type of Animal":"Chicken"},"geometry":{"type":"Point","coordinates":[-8.7716305,40.077519]}},{"type":"Feature","properties":{"CountryName":"Portugal","Type of Animal":"Chicken"},"geometry":{"type":"Point","coordinates":[-8.8879526,39.722378]}},{"type":"Feature","properties":{"CountryName":"Portugal","Type of Animal":"Chicken"},"geometry":{"type":"Point","coordinates":[-9.285634,39.18375]}},{"type":"Feature","properties":{"CountryName":"Portugal","Type of Animal":"Chicken"},"geometry":{"type":"Point","coordinates":[-8.445,41.66951]}},{"type":"Feature","properties":{"CountryName":"Portugal","Type of Animal":"Chicken"},"geometry":{"type":"Point","coordinates":[-8.34671,39.71339]}},{"type":"Feature","properties":{"CountryName":"Portugal","Type of Animal":"Chicken"},"geometry":{"type":"Point","coordinates":[-8.87821,39.87631]}},{"type":"Feature","properties":{"CountryName":"Portugal","Type of Animal":"Chicken"},"geometry":{"type":"Point","coordinates":[-8.41124,39.5238]}},{"type":"Feature","properties":{"CountryName":"Portugal","Type of Animal":"Chicken"},"geometry":{"type":"Point","coordinates":[-8.84748,39.36824]}},{"type":"Feature","properties":{"CountryName":"Portugal","Type of Animal":"Chicken"},"geometry":{"type":"Point","coordinates":[-8.55553,39.1511]}},{"type":"Feature","properties":{"CountryName":"Portugal","Type of Animal":"Chicken"},"geometry":{"type":"Point","coordinates":[-8.40392,40.47494]}},{"type":"Feature","properties":{"CountryName":"Portugal","Type of Animal":"Chicken"},"geometry":{"type":"Point","coordinates":[-8.61466,39.4266]}},{"type":"Feature","properties":{"CountryName":"Portugal","Type of Animal":"Chicken"},"geometry":{"type":"Point","coordinates":[-8.20408,40.71085]}},{"type":"Feature","properties":{"CountryName":"Portugal","Type of Animal":"Chicken"},"geometry":{"type":"Point","coordinates":[-8.0895746,40.765155]}},{"type":"Feature","properties":{"CountryName":"Portugal","Type of Animal":"Chicken"},"geometry":{"type":"Point","coordinates":[-8.19001,40.59221]}},{"type":"Feature","properties":{"CountryName":"Portugal","Type of Animal":"Chicken"},"geometry":{"type":"Point","coordinates":[-8.74713,39.710857]}},{"type":"Feature","properties":{"CountryName":"Portugal","Type of Animal":"Chicken"},"geometry":{"type":"Point","coordinates":[-8.89103,39.72675]}},{"type":"Feature","properties":{"CountryName":"Portugal","Type of Animal":"Chicken"},"geometry":{"type":"Point","coordinates":[-7.914473,40.936771]}},{"type":"Feature","properties":{"CountryName":"Portugal","Type of Animal":"Pork"},"geometry":{"type":"Point","coordinates":[-8.362741,38.037546]}},{"type":"Feature","properties":{"CountryName":"Portugal","Type of Animal":"Chicken"},"geometry":{"type":"Point","coordinates":[-8.947233,39.298795]}},{"type":"Feature","properties":{"CountryName":"Portugal","Type of Animal":"Chicken"},"geometry":{"type":"Point","coordinates":[-8.797267,39.845125]}},{"type":"Feature","properties":{"CountryName":"Portugal","Type of Animal":"Chicken"},"geometry":{"type":"Point","coordinates":[-8.028814,40.552622]}},{"type":"Feature","properties":{"CountryName":"Portugal","Type of Animal":"Chicken"},"geometry":{"type":"Point","coordinates":[-7.760713,40.897271]}},{"type":"Feature","properties":{"CountryName":"Portugal","Type of Animal":"Chicken"},"geometry":{"type":"Point","coordinates":[-8.19678,40.707567]}},{"type":"Feature","properties":{"CountryName":"Portugal","Type of Animal":"Chicken"},"geometry":{"type":"Point","coordinates":[-8.165,40.68941]}},{"type":"Feature","properties":{"CountryName":"Portugal","Type of Animal":"Chicken"},"geometry":{"type":"Point","coordinates":[-8.622842,39.570041]}},{"type":"Feature","properties":{"CountryName":"Portugal","Type of Animal":"Chicken"},"geometry":{"type":"Point","coordinates":[-9.06115,39.46199]}},{"type":"Feature","properties":{"CountryName":"Portugal","Type of Animal":"Chicken"},"geometry":{"type":"Point","coordinates":[-8.818128,39.284502]}},{"type":"Feature","properties":{"CountryName":"Portugal","Type of Animal":"Chicken"},"geometry":{"type":"Point","coordinates":[-8.462923,40.3884]}},{"type":"Feature","properties":{"CountryName":"Portugal","Type of Animal":"Chicken"},"geometry":{"type":"Point","coordinates":[-8.79552,39.867641]}},{"type":"Feature","properties":{"CountryName":"Portugal","Type of Animal":"Chicken"},"geometry":{"type":"Point","coordinates":[-7.731863,40.88648]}},{"type":"Feature","properties":{"CountryName":"Portugal","Type of Animal":"Chicken"},"geometry":{"type":"Point","coordinates":[-7.811919,40.918312]}},{"type":"Feature","properties":{"CountryName":"Portugal","Type of Animal":"Chicken"},"geometry":{"type":"Point","coordinates":[-8.034346,40.594967]}},{"type":"Feature","properties":{"CountryName":"Portugal","Type of Animal":"Chicken"},"geometry":{"type":"Point","coordinates":[-7.514888,40.861954]}},{"type":"Feature","properties":{"CountryName":"Portugal","Type of Animal":"Chicken"},"geometry":{"type":"Point","coordinates":[-9.370388,38.989555]}},{"type":"Feature","properties":{"CountryName":"Portugal","Type of Animal":"Pork"},"geometry":{"type":"Point","coordinates":[-7.583332,38.661249]}},{"type":"Feature","properties":{"CountryName":"Portugal","Type of Animal":"Pork"},"geometry":{"type":"Point","coordinates":[-8.534608,38.699009]}},{"type":"Feature","properties":{"CountryName":"Portugal","Type of Animal":"Pork"},"geometry":{"type":"Point","coordinates":[-7.719462,38.828806]}},{"type":"Feature","properties":{"CountryName":"Portugal","Type of Animal":"Pork"},"geometry":{"type":"Point","coordinates":[-7.725311,38.835408]}},{"type":"Feature","properties":{"CountryName":"Portugal","Type of Animal":"Pork"},"geometry":{"type":"Point","coordinates":[-7.721,38.833933]}},{"type":"Feature","properties":{"CountryName":"Portugal","Type of Animal":"Pork"},"geometry":{"type":"Point","coordinates":[-8.887771,39.083353]}},{"type":"Feature","properties":{"CountryName":"Portugal","Type of Animal":"Chicken"},"geometry":{"type":"Point","coordinates":[-7.868761,40.535199]}},{"type":"Feature","properties":{"CountryName":"Portugal","Type of Animal":"Chicken"},"geometry":{"type":"Point","coordinates":[-8.539223,40.273559]}},{"type":"Feature","properties":{"CountryName":"Portugal","Type of Animal":"Chicken"},"geometry":{"type":"Point","coordinates":[-7.648147,40.763532]}},{"type":"Feature","properties":{"CountryName":"Portugal","Type of Animal":"Chicken"},"geometry":{"type":"Point","coordinates":[-8.217819,40.625427]}},{"type":"Feature","properties":{"CountryName":"Portugal","Type of Animal":"Chicken"},"geometry":{"type":"Point","coordinates":[-8.199212,40.599392]}},{"type":"Feature","properties":{"CountryName":"Portugal","Type of Animal":"Chicken"},"geometry":{"type":"Point","coordinates":[-7.877469,39.714897]}},{"type":"Feature","properties":{"CountryName":"Portugal","Type of Animal":"Chicken"},"geometry":{"type":"Point","coordinates":[-8.389885,40.933933]}},{"type":"Feature","properties":{"CountryName":"Portugal","Type of Animal":"Pork"},"geometry":{"type":"Point","coordinates":[-8.43459,38.09197]}},{"type":"Feature","properties":{"CountryName":"Portugal","Type of Animal":"Chicken"},"geometry":{"type":"Point","coordinates":[-8.622559,38.718771]}},{"type":"Feature","properties":{"CountryName":"Portugal","Type of Animal":"Chicken"},"geometry":{"type":"Point","coordinates":[-8.011144,40.811408]}},{"type":"Feature","properties":{"CountryName":"Portugal","Type of Animal":"Chicken"},"geometry":{"type":"Point","coordinates":[-7.830743,40.661218]}},{"type":"Feature","properties":{"CountryName":"Portugal","Type of Animal":"Chicken"},"geometry":{"type":"Point","coordinates":[-9.15795,38.944137]}},{"type":"Feature","properties":{"CountryName":"Portugal","Type of Animal":"Chicken"},"geometry":{"type":"Point","coordinates":[-8.809591,39.871248]}},{"type":"Feature","properties":{"CountryName":"Portugal","Type of Animal":"Chicken"},"geometry":{"type":"Point","coordinates":[-8.386805,39.968373]}},{"type":"Feature","properties":{"CountryName":"Portugal","Type of Animal":"Pork"},"geometry":{"type":"Point","coordinates":[-8.653894,38.670065]}},{"type":"Feature","properties":{"CountryName":"Portugal","Type of Animal":"Chicken"},"geometry":{"type":"Point","coordinates":[-7.936635,40.788561]}},{"type":"Feature","properties":{"CountryName":"Portugal","Type of Animal":"Chicken"},"geometry":{"type":"Point","coordinates":[-7.56693,40.81244]}},{"type":"Feature","properties":{"CountryName":"Portugal","Type of Animal":"Chicken"},"geometry":{"type":"Point","coordinates":[-7.344732,40.633996]}},{"type":"Feature","properties":{"CountryName":"Portugal","Type of Animal":"Chicken"},"geometry":{"type":"Point","coordinates":[-7.481759,40.780992]}},{"type":"Feature","properties":{"CountryName":"Portugal","Type of Animal":"Chicken"},"geometry":{"type":"Point","coordinates":[-8.27497,40.74536]}},{"type":"Feature","properties":{"CountryName":"Portugal","Type of Animal":"Chicken"},"geometry":{"type":"Point","coordinates":[-8.339866,40.675559]}},{"type":"Feature","properties":{"CountryName":"Portugal","Type of Animal":"Pork"},"geometry":{"type":"Point","coordinates":[-8.3357068,39.3957066]}},{"type":"Feature","properties":{"CountryName":"Portugal","Type of Animal":"Chicken"},"geometry":{"type":"Point","coordinates":[-7.9817781,40.6557748]}},{"type":"Feature","properties":{"CountryName":"Portugal","Type of Animal":"Pork"},"geometry":{"type":"Point","coordinates":[-8.8062165,39.8073263]}},{"type":"Feature","properties":{"CountryName":"Portugal","Type of Animal":"Chicken"},"geometry":{"type":"Point","coordinates":[-8.2428783,40.7747081]}},{"type":"Feature","properties":{"CountryName":"Portugal","Type of Animal":"Chicken"},"geometry":{"type":"Point","coordinates":[-8.433939,39.512346]}},{"type":"Feature","properties":{"CountryName":"Portugal","Type of Animal":"Pork"},"geometry":{"type":"Point","coordinates":[-8.92075,39.89342]}},{"type":"Feature","properties":{"CountryName":"Portugal","Type of Animal":"Pork"},"geometry":{"type":"Point","coordinates":[-6.92417,40.71382]}},{"type":"Feature","properties":{"CountryName":"Portugal","Type of Animal":"Chicken"},"geometry":{"type":"Point","coordinates":[-8.2083074,40.7245413]}},{"type":"Feature","properties":{"CountryName":"Portugal","Type of Animal":"Chicken"},"geometry":{"type":"Point","coordinates":[-7.8852976,40.9061224]}},{"type":"Feature","properties":{"CountryName":"Portugal","Type of Animal":"Chicken"},"geometry":{"type":"Point","coordinates":[-7.539381,40.782119]}},{"type":"Feature","properties":{"CountryName":"Portugal","Type of Animal":"Pork"},"geometry":{"type":"Point","coordinates":[-7.728648,39.033539]}},{"type":"Feature","properties":{"CountryName":"Portugal","Type of Animal":"Chicken"},"geometry":{"type":"Point","coordinates":[-8.1711948,40.7157603]}},{"type":"Feature","properties":{"CountryName":"Portugal","Type of Animal":"Chicken"},"geometry":{"type":"Point","coordinates":[-8.029029,40.702923]}},{"type":"Feature","properties":{"CountryName":"Portugal","Type of Animal":"Chicken"},"geometry":{"type":"Point","coordinates":[-8.26079,39.70723]}},{"type":"Feature","properties":{"CountryName":"Portugal","Type of Animal":"Chicken"},"geometry":{"type":"Point","coordinates":[-8.4018514,39.5116762]}},{"type":"Feature","properties":{"CountryName":"Portugal","Type of Animal":"Chicken"},"geometry":{"type":"Point","coordinates":[-7.9582107,40.8816679]}},{"type":"Feature","properties":{"CountryName":"Portugal","Type of Animal":"Chicken"},"geometry":{"type":"Point","coordinates":[-9.4001972,38.8994112]}},{"type":"Feature","properties":{"CountryName":"Portugal","Type of Animal":"Chicken"},"geometry":{"type":"Point","coordinates":[-8.231096,40.698648]}},{"type":"Feature","properties":{"CountryName":"Portugal","Type of Animal":"Chicken"},"geometry":{"type":"Point","coordinates":[-7.5426188,40.7786815]}},{"type":"Feature","properties":{"CountryName":"Portugal","Type of Animal":"Chicken"},"geometry":{"type":"Point","coordinates":[-8.7773104,39.8606129]}},{"type":"Feature","properties":{"CountryName":"Portugal","Type of Animal":"Chicken"},"geometry":{"type":"Point","coordinates":[-7.78157,40.910345]}},{"type":"Feature","properties":{"CountryName":"Portugal","Type of Animal":"Chicken"},"geometry":{"type":"Point","coordinates":[-7.808339,40.721737]}},{"type":"Feature","properties":{"CountryName":"Portugal","Type of Animal":"Chicken"},"geometry":{"type":"Point","coordinates":[-7.7580738,40.8588311]}},{"type":"Feature","properties":{"CountryName":"Portugal","Type of Animal":"Chicken"},"geometry":{"type":"Point","coordinates":[-8.2906882,40.635072]}},{"type":"Feature","properties":{"CountryName":"Portugal","Type of Animal":"Chicken"},"geometry":{"type":"Point","coordinates":[-7.55377,40.7269223]}},{"type":"Feature","properties":{"CountryName":"Portugal","Type of Animal":"Chicken"},"geometry":{"type":"Point","coordinates":[-8.8049187,39.1877586]}},{"type":"Feature","properties":{"CountryName":"Portugal","Type of Animal":"Chicken"},"geometry":{"type":"Point","coordinates":[-8.67983,38.702859]}},{"type":"Feature","properties":{"CountryName":"Portugal","Type of Animal":"Chicken"},"geometry":{"type":"Point","coordinates":[-8.2791447,40.6725807]}},{"type":"Feature","properties":{"CountryName":"Portugal","Type of Animal":"Chicken"},"geometry":{"type":"Point","coordinates":[-8.780924,41.6274]}},{"type":"Feature","properties":{"CountryName":"Portugal","Type of Animal":"Chicken"},"geometry":{"type":"Point","coordinates":[-9.066764,39.463271]}},{"type":"Feature","properties":{"CountryName":"Portugal","Type of Animal":"Chicken"},"geometry":{"type":"Point","coordinates":[-7.7251307,40.9218774]}},{"type":"Feature","properties":{"CountryName":"Portugal","Type of Animal":"Chicken"},"geometry":{"type":"Point","coordinates":[-8.7643081,39.8696392]}},{"type":"Feature","properties":{"CountryName":"Portugal","Type of Animal":"Chicken"},"geometry":{"type":"Point","coordinates":[-8.568367,40.5112101]}},{"type":"Feature","properties":{"CountryName":"Portugal","Type of Animal":"Chicken"},"geometry":{"type":"Point","coordinates":[-7.2112158,40.7633626]}},{"type":"Feature","properties":{"CountryName":"Portugal","Type of Animal":"Pork"},"geometry":{"type":"Point","coordinates":[-8.397675,38.693137]}},{"type":"Feature","properties":{"CountryName":"Portugal","Type of Animal":"Pork"},"geometry":{"type":"Point","coordinates":[-8.78359,39.2405]}},{"type":"Feature","properties":{"CountryName":"Portugal","Type of Animal":"Chicken"},"geometry":{"type":"Point","coordinates":[-16.8267561,32.7197319]}},{"type":"Feature","properties":{"CountryName":"Portugal","Type of Animal":"Pork"},"geometry":{"type":"Point","coordinates":[-7.8414314,38.869909]}},{"type":"Feature","properties":{"CountryName":"Portugal","Type of Animal":"Chicken"},"geometry":{"type":"Point","coordinates":[-8.36964,39.70072]}},{"type":"Feature","properties":{"CountryName":"Portugal","Type of Animal":"Chicken"},"geometry":{"type":"Point","coordinates":[-7.83963,40.8873]}},{"type":"Feature","properties":{"CountryName":"Portugal","Type of Animal":"Pork"},"geometry":{"type":"Point","coordinates":[-8.905104,38.763237]}},{"type":"Feature","properties":{"CountryName":"Portugal","Type of Animal":"Pork"},"geometry":{"type":"Point","coordinates":[-8.87058,39.29429]}},{"type":"Feature","properties":{"CountryName":"Portugal","Type of Animal":"Pork"},"geometry":{"type":"Point","coordinates":[-8.84723,39.29535]}},{"type":"Feature","properties":{"CountryName":"Portugal","Type of Animal":"Pork"},"geometry":{"type":"Point","coordinates":[-8.56112,39.2364]}},{"type":"Feature","properties":{"CountryName":"Portugal","Type of Animal":"Pork"},"geometry":{"type":"Point","coordinates":[-8.714541,38.9152703]}},{"type":"Feature","properties":{"CountryName":"Portugal","Type of Animal":"Pork"},"geometry":{"type":"Point","coordinates":[-9.1158417,39.4918139]}},{"type":"Feature","properties":{"CountryName":"Portugal","Type of Animal":"Pork"},"geometry":{"type":"Point","coordinates":[-8.272099,38.65664]}},{"type":"Feature","properties":{"CountryName":"Portugal","Type of Animal":"Chicken"},"geometry":{"type":"Point","coordinates":[-7.3484601,40.0391363]}},{"type":"Feature","properties":{"CountryName":"Portugal","Type of Animal":"Chicken"},"geometry":{"type":"Point","coordinates":[-7.538944,40.777222]}},{"type":"Feature","properties":{"CountryName":"Portugal","Type of Animal":"Chicken"},"geometry":{"type":"Point","coordinates":[-8.5838447,40.7917874]}},{"type":"Feature","properties":{"CountryName":"Portugal","Type of Animal":"Chicken"},"geometry":{"type":"Point","coordinates":[-7.5692653,40.8648771]}},{"type":"Feature","properties":{"CountryName":"Portugal","Type of Animal":"Pork"},"geometry":{"type":"Point","coordinates":[-8.611876,40.225863]}},{"type":"Feature","properties":{"CountryName":"Portugal","Type of Animal":"Pork"},"geometry":{"type":"Point","coordinates":[-9.27123,39.17206]}},{"type":"Feature","properties":{"CountryName":"Portugal","Type of Animal":"Chicken"},"geometry":{"type":"Point","coordinates":[-7.794297,40.929772]}},{"type":"Feature","properties":{"CountryName":"Portugal","Type of Animal":"Chicken"},"geometry":{"type":"Point","coordinates":[-8.8880693,39.7260692]}},{"type":"Feature","properties":{"CountryName":"Portugal","Type of Animal":"Chicken"},"geometry":{"type":"Point","coordinates":[-8.4604863,40.7244099]}},{"type":"Feature","properties":{"CountryName":"Portugal","Type of Animal":"Chicken"},"geometry":{"type":"Point","coordinates":[-7.7126113,40.6450962]}},{"type":"Feature","properties":{"CountryName":"Portugal","Type of Animal":"Chicken"},"geometry":{"type":"Point","coordinates":[-8.270955,40.73284]}},{"type":"Feature","properties":{"CountryName":"Portugal","Type of Animal":"Chicken"},"geometry":{"type":"Point","coordinates":[-7.7297271,40.8723483]}},{"type":"Feature","properties":{"CountryName":"Portugal","Type of Animal":"Chicken"},"geometry":{"type":"Point","coordinates":[-7.934725,40.63371]}},{"type":"Feature","properties":{"CountryName":"Portugal","Type of Animal":"Pork"},"geometry":{"type":"Point","coordinates":[-8.86474,39.33646]}},{"type":"Feature","properties":{"CountryName":"Portugal","Type of Animal":"Pork"},"geometry":{"type":"Point","coordinates":[-8.99768,39.27239]}},{"type":"Feature","properties":{"CountryName":"Portugal","Type of Animal":"Chicken"},"geometry":{"type":"Point","coordinates":[-7.716754,40.691635]}},{"type":"Feature","properties":{"CountryName":"Portugal","Type of Animal":"Chicken"},"geometry":{"type":"Point","coordinates":[-7.642666,40.857217]}},{"type":"Feature","properties":{"CountryName":"Portugal","Type of Animal":"Chicken"},"geometry":{"type":"Point","coordinates":[-8.8525126,39.8983243]}},{"type":"Feature","properties":{"CountryName":"Portugal","Type of Animal":"Pork"},"geometry":{"type":"Point","coordinates":[-8.81661,39.80191]}},{"type":"Feature","properties":{"CountryName":"Portugal","Type of Animal":"Pork"},"geometry":{"type":"Point","coordinates":[-8.76918,39.83352]}},{"type":"Feature","properties":{"CountryName":"Portugal","Type of Animal":"Chicken"},"geometry":{"type":"Point","coordinates":[-7.4513268,40.7696369]}},{"type":"Feature","properties":{"CountryName":"Portugal","Type of Animal":"Chicken"},"geometry":{"type":"Point","coordinates":[-7.8480942,40.5892204]}},{"type":"Feature","properties":{"CountryName":"Portugal","Type of Animal":"Chicken"},"geometry":{"type":"Point","coordinates":[-8.4416608,40.7210992]}},{"type":"Feature","properties":{"CountryName":"Portugal","Type of Animal":"Chicken"},"geometry":{"type":"Point","coordinates":[-7.6232399,40.5211013]}},{"type":"Feature","properties":{"CountryName":"Portugal","Type of Animal":"Chicken"},"geometry":{"type":"Point","coordinates":[-7.955616,41.523969]}},{"type":"Feature","properties":{"CountryName":"Portugal","Type of Animal":"Pork"},"geometry":{"type":"Point","coordinates":[-8.670496,38.717859]}},{"type":"Feature","properties":{"CountryName":"Portugal","Type of Animal":"Pork"},"geometry":{"type":"Point","coordinates":[-8.668937,38.027937]}},{"type":"Feature","properties":{"CountryName":"Portugal","Type of Animal":"Chicken"},"geometry":{"type":"Point","coordinates":[-8.8704467,39.6598494]}},{"type":"Feature","properties":{"CountryName":"Portugal","Type of Animal":"Chicken"},"geometry":{"type":"Point","coordinates":[-8.34491,39.72049]}},{"type":"Feature","properties":{"CountryName":"Portugal","Type of Animal":"Pork"},"geometry":{"type":"Point","coordinates":[-7.4823902,40.2033778]}},{"type":"Feature","properties":{"CountryName":"Portugal","Type of Animal":"Chicken"},"geometry":{"type":"Point","coordinates":[-7.643063,41.659957]}},{"type":"Feature","properties":{"CountryName":"Portugal","Type of Animal":"Pork"},"geometry":{"type":"Point","coordinates":[-8.877956,39.270032]}},{"type":"Feature","properties":{"CountryName":"Portugal","Type of Animal":"Pork"},"geometry":{"type":"Point","coordinates":[-8.48796,38.5995]}},{"type":"Feature","properties":{"CountryName":"Portugal","Type of Animal":"Pork"},"geometry":{"type":"Point","coordinates":[-7.6952246,38.8352137]}},{"type":"Feature","properties":{"CountryName":"Portugal","Type of Animal":"Chicken"},"geometry":{"type":"Point","coordinates":[-8.8054943,38.9577509]}},{"type":"Feature","properties":{"CountryName":"Portugal","Type of Animal":"Chicken"},"geometry":{"type":"Point","coordinates":[-7.2467205,40.7057925]}},{"type":"Feature","properties":{"CountryName":"Slovenia","Type of Animal":"Chicken"},"geometry":{"type":"Point","coordinates":[16.344783,46.640472]}},{"type":"Feature","properties":{"CountryName":"Slovenia","Type of Animal":"Chicken"},"geometry":{"type":"Point","coordinates":[15.813744,46.392992]}},{"type":"Feature","properties":{"CountryName":"Slovenia","Type of Animal":"Chicken"},"geometry":{"type":"Point","coordinates":[15.871394,46.410622]}},{"type":"Feature","properties":{"CountryName":"Slovenia","Type of Animal":"Chicken"},"geometry":{"type":"Point","coordinates":[15.8327,46.383389]}},{"type":"Feature","properties":{"CountryName":"Slovenia","Type of Animal":"Chicken"},"geometry":{"type":"Point","coordinates":[15.734817,46.41735]}},{"type":"Feature","properties":{"CountryName":"Slovenia","Type of Animal":"Chicken"},"geometry":{"type":"Point","coordinates":[15.82005,46.384364]}},{"type":"Feature","properties":{"CountryName":"Slovenia","Type of Animal":"Chicken"},"geometry":{"type":"Point","coordinates":[15.594736,46.208253]}},{"type":"Feature","properties":{"CountryName":"Slovenia","Type of Animal":"Chicken"},"geometry":{"type":"Point","coordinates":[15.861785,46.380362]}},{"type":"Feature","properties":{"CountryName":"Slovenia","Type of Animal":"Pork"},"geometry":{"type":"Point","coordinates":[14.615003,46.116494]}},{"type":"Feature","properties":{"CountryName":"Slovenia","Type of Animal":"Pork"},"geometry":{"type":"Point","coordinates":[14.615003,46.116494]}},{"type":"Feature","properties":{"CountryName":"Slovenia","Type of Animal":"Pork"},"geometry":{"type":"Point","coordinates":[14.881056,45.664344]}},{"type":"Feature","properties":{"CountryName":"Slovenia","Type of Animal":"Pork"},"geometry":{"type":"Point","coordinates":[15.441442,45.887211]}},{"type":"Feature","properties":{"CountryName":"Slovenia","Type of Animal":"Chicken"},"geometry":{"type":"Point","coordinates":[15.256939,46.602267]}},{"type":"Feature","properties":{"CountryName":"Slovenia","Type of Animal":"Chicken"},"geometry":{"type":"Point","coordinates":[15.842581,46.445783]}},{"type":"Feature","properties":{"CountryName":"Slovenia","Type of Animal":"Chicken"},"geometry":{"type":"Point","coordinates":[14.586083,46.199981]}},{"type":"Feature","properties":{"CountryName":"Slovenia","Type of Animal":"Chicken"},"geometry":{"type":"Point","coordinates":[14.6157,46.1133]}},{"type":"Feature","properties":{"CountryName":"Slovenia","Type of Animal":"Pork"},"geometry":{"type":"Point","coordinates":[16.19355,46.59363]}},{"type":"Feature","properties":{"CountryName":"Slovenia","Type of Animal":"Pork"},"geometry":{"type":"Point","coordinates":[16.19355,46.59363]}},{"type":"Feature","properties":{"CountryName":"Slovenia","Type of Animal":"Pork"},"geometry":{"type":"Point","coordinates":[16.187375,46.632986]}},{"type":"Feature","properties":{"CountryName":"Slovenia","Type of Animal":"Pork"},"geometry":{"type":"Point","coordinates":[16.202107,46.545867]}},{"type":"Feature","properties":{"CountryName":"Slovenia","Type of Animal":"Chicken"},"geometry":{"type":"Point","coordinates":[16.1215,46.554439]}},{"type":"Feature","properties":{"CountryName":"Slovenia","Type of Animal":"Chicken"},"geometry":{"type":"Point","coordinates":[14.138627,45.669455]}},{"type":"Feature","properties":{"CountryName":"Slovenia","Type of Animal":"Chicken"},"geometry":{"type":"Point","coordinates":[15.422194,46.184656]}},{"type":"Feature","properties":{"CountryName":"Slovenia","Type of Animal":"Chicken"},"geometry":{"type":"Point","coordinates":[16.105578,46.584289]}},{"type":"Feature","properties":{"CountryName":"Slovenia","Type of Animal":"Pork"},"geometry":{"type":"Point","coordinates":[16.192919,46.530391]}},{"type":"Feature","properties":{"CountryName":"Slovenia","Type of Animal":"Chicken"},"geometry":{"type":"Point","coordinates":[14.141491,45.671007]}},{"type":"Feature","properties":{"CountryName":"Slovenia","Type of Animal":"Chicken"},"geometry":{"type":"Point","coordinates":[14.606599,46.069664]}},{"type":"Feature","properties":{"CountryName":"Slovenia","Type of Animal":"Chicken"},"geometry":{"type":"Point","coordinates":[14.15101,45.667456]}},{"type":"Feature","properties":{"CountryName":"Slovenia","Type of Animal":"Chicken"},"geometry":{"type":"Point","coordinates":[14.138365,45.670177]}},{"type":"Feature","properties":{"CountryName":"Slovenia","Type of Animal":"Chicken"},"geometry":{"type":"Point","coordinates":[15.832552,46.702297]}},{"type":"Feature","properties":{"CountryName":"Slovenia","Type of Animal":"Chicken"},"geometry":{"type":"Point","coordinates":[14.13987,45.66951]}},{"type":"Feature","properties":{"CountryName":"Slovenia","Type of Animal":"Chicken"},"geometry":{"type":"Point","coordinates":[14.908488,46.323279]}},{"type":"Feature","properties":{"CountryName":"Slovenia","Type of Animal":"Chicken"},"geometry":{"type":"Point","coordinates":[16.050602,46.397051]}},{"type":"Feature","properties":{"CountryName":"Slovenia","Type of Animal":"Chicken"},"geometry":{"type":"Point","coordinates":[16.018528,46.387177]}},{"type":"Feature","properties":{"CountryName":"Slovenia","Type of Animal":"Chicken"},"geometry":{"type":"Point","coordinates":[15.975,46.3658]}},{"type":"Feature","properties":{"CountryName":"Slovenia","Type of Animal":"Chicken"},"geometry":{"type":"Point","coordinates":[15.734,46.4162]}},{"type":"Feature","properties":{"CountryName":"Slovenia","Type of Animal":"Chicken"},"geometry":{"type":"Point","coordinates":[16.0025,46.6653]}},{"type":"Feature","properties":{"CountryName":"Slovenia","Type of Animal":"Chicken"},"geometry":{"type":"Point","coordinates":[15.88705,46.66231]}},{"type":"Feature","properties":{"CountryName":"Sweden","Type of Animal":"Pork"},"geometry":{"type":"Point","coordinates":[18.49081,59.73492]}},{"type":"Feature","properties":{"CountryName":"Sweden","Type of Animal":"Pork"},"geometry":{"type":"Point","coordinates":[18.56124,59.77489]}},{"type":"Feature","properties":{"CountryName":"Sweden","Type of Animal":"Pork"},"geometry":{"type":"Point","coordinates":[18.55751,59.7829]}},{"type":"Feature","properties":{"CountryName":"Sweden","Type of Animal":"Pork"},"geometry":{"type":"Point","coordinates":[17.80942,59.83425]}},{"type":"Feature","properties":{"CountryName":"Sweden","Type of Animal":"Pork"},"geometry":{"type":"Point","coordinates":[16.86679,59.68037]}},{"type":"Feature","properties":{"CountryName":"Sweden","Type of Animal":"Pork"},"geometry":{"type":"Point","coordinates":[17.40602,59.69526]}},{"type":"Feature","properties":{"CountryName":"Sweden","Type of Animal":"Chicken"},"geometry":{"type":"Point","coordinates":[17.16201,59.08085]}},{"type":"Feature","properties":{"CountryName":"Sweden","Type of Animal":"Chicken"},"geometry":{"type":"Point","coordinates":[17.14796,59.18555]}},{"type":"Feature","properties":{"CountryName":"Sweden","Type of Animal":"Pork"},"geometry":{"type":"Point","coordinates":[17.10781,58.88816]}},{"type":"Feature","properties":{"CountryName":"Sweden","Type of Animal":"Chicken"},"geometry":{"type":"Point","coordinates":[17.07475,58.86155]}},{"type":"Feature","properties":{"CountryName":"Sweden","Type of Animal":"Chicken"},"geometry":{"type":"Point","coordinates":[16.7028,58.74768]}},{"type":"Feature","properties":{"CountryName":"Sweden","Type of Animal":"Chicken"},"geometry":{"type":"Point","coordinates":[16.55871,58.7206]}},{"type":"Feature","properties":{"CountryName":"Sweden","Type of Animal":"Pork"},"geometry":{"type":"Point","coordinates":[16.65037,58.96306]}},{"type":"Feature","properties":{"CountryName":"Sweden","Type of Animal":"Pork"},"geometry":{"type":"Point","coordinates":[16.56623,58.89113]}},{"type":"Feature","properties":{"CountryName":"Sweden","Type of Animal":"Chicken"},"geometry":{"type":"Point","coordinates":[16.70061,58.9365]}},{"type":"Feature","properties":{"CountryName":"Sweden","Type of Animal":"Chicken"},"geometry":{"type":"Point","coordinates":[16.76861,59.16449]}},{"type":"Feature","properties":{"CountryName":"Sweden","Type of Animal":"Pork"},"geometry":{"type":"Point","coordinates":[16.50785,58.79226]}},{"type":"Feature","properties":{"CountryName":"Sweden","Type of Animal":"Pork"},"geometry":{"type":"Point","coordinates":[16.35588,59.06905]}},{"type":"Feature","properties":{"CountryName":"Sweden","Type of Animal":"Pork"},"geometry":{"type":"Point","coordinates":[16.37177,59.00704]}},{"type":"Feature","properties":{"CountryName":"Sweden","Type of Animal":"Pork"},"geometry":{"type":"Point","coordinates":[16.14275,59.07651]}},{"type":"Feature","properties":{"CountryName":"Sweden","Type of Animal":"Chicken"},"geometry":{"type":"Point","coordinates":[16.36585,59.03273]}},{"type":"Feature","properties":{"CountryName":"Sweden","Type of Animal":"Chicken"},"geometry":{"type":"Point","coordinates":[16.56422,58.85479]}},{"type":"Feature","properties":{"CountryName":"Sweden","Type of Animal":"Chicken"},"geometry":{"type":"Point","coordinates":[16.49182,58.81831]}},{"type":"Feature","properties":{"CountryName":"Sweden","Type of Animal":"Chicken"},"geometry":{"type":"Point","coordinates":[16.20467,59.07902]}},{"type":"Feature","properties":{"CountryName":"Sweden","Type of Animal":"Chicken"},"geometry":{"type":"Point","coordinates":[16.35116,58.96897]}},{"type":"Feature","properties":{"CountryName":"Sweden","Type of Animal":"Chicken"},"geometry":{"type":"Point","coordinates":[16.73631,59.25951]}},{"type":"Feature","properties":{"CountryName":"Sweden","Type of Animal":"Chicken"},"geometry":{"type":"Point","coordinates":[16.34628,59.43573]}},{"type":"Feature","properties":{"CountryName":"Sweden","Type of Animal":"Chicken"},"geometry":{"type":"Point","coordinates":[14.81633,58.29567]}},{"type":"Feature","properties":{"CountryName":"Sweden","Type of Animal":"Chicken"},"geometry":{"type":"Point","coordinates":[14.66704,58.26057]}},{"type":"Feature","properties":{"CountryName":"Sweden","Type of Animal":"Chicken"},"geometry":{"type":"Point","coordinates":[15.93535,58.40897]}},{"type":"Feature","properties":{"CountryName":"Sweden","Type of Animal":"Chicken"},"geometry":{"type":"Point","coordinates":[15.37132,58.35746]}},{"type":"Feature","properties":{"CountryName":"Sweden","Type of Animal":"Chicken"},"geometry":{"type":"Point","coordinates":[15.45583,58.46331]}},{"type":"Feature","properties":{"CountryName":"Sweden","Type of Animal":"Pork"},"geometry":{"type":"Point","coordinates":[15.41935,58.5099]}},{"type":"Feature","properties":{"CountryName":"Sweden","Type of Animal":"Chicken"},"geometry":{"type":"Point","coordinates":[15.41639,58.36409]}},{"type":"Feature","properties":{"CountryName":"Sweden","Type of Animal":"Chicken"},"geometry":{"type":"Point","coordinates":[16.40507,58.56834]}},{"type":"Feature","properties":{"CountryName":"Sweden","Type of Animal":"Chicken"},"geometry":{"type":"Point","coordinates":[16.23243,58.64444]}},{"type":"Feature","properties":{"CountryName":"Sweden","Type of Animal":"Chicken"},"geometry":{"type":"Point","coordinates":[15.98526,58.46547]}},{"type":"Feature","properties":{"CountryName":"Sweden","Type of Animal":"Chicken"},"geometry":{"type":"Point","coordinates":[16.22725,58.64265]}},{"type":"Feature","properties":{"CountryName":"Sweden","Type of Animal":"Chicken"},"geometry":{"type":"Point","coordinates":[15.31225,58.68459]}},{"type":"Feature","properties":{"CountryName":"Sweden","Type of Animal":"Chicken"},"geometry":{"type":"Point","coordinates":[15.23124,58.47238]}},{"type":"Feature","properties":{"CountryName":"Sweden","Type of Animal":"Chicken"},"geometry":{"type":"Point","coordinates":[15.22852,58.49738]}},{"type":"Feature","properties":{"CountryName":"Sweden","Type of Animal":"Pork"},"geometry":{"type":"Point","coordinates":[14.94934,58.40324]}},{"type":"Feature","properties":{"CountryName":"Sweden","Type of Animal":"Pork"},"geometry":{"type":"Point","coordinates":[14.7585,58.40564]}},{"type":"Feature","properties":{"CountryName":"Sweden","Type of Animal":"Pork"},"geometry":{"type":"Point","coordinates":[14.82349,58.40616]}},{"type":"Feature","properties":{"CountryName":"Sweden","Type of Animal":"Chicken"},"geometry":{"type":"Point","coordinates":[14.844,58.40721]}},{"type":"Feature","properties":{"CountryName":"Sweden","Type of Animal":"Chicken"},"geometry":{"type":"Point","coordinates":[14.77919,58.37838]}},{"type":"Feature","properties":{"CountryName":"Sweden","Type of Animal":"Pork"},"geometry":{"type":"Point","coordinates":[14.783,58.38698]}},{"type":"Feature","properties":{"CountryName":"Sweden","Type of Animal":"Chicken"},"geometry":{"type":"Point","coordinates":[14.95645,58.44412]}},{"type":"Feature","properties":{"CountryName":"Sweden","Type of Animal":"Pork"},"geometry":{"type":"Point","coordinates":[14.96349,58.3461]}},{"type":"Feature","properties":{"CountryName":"Sweden","Type of Animal":"Chicken"},"geometry":{"type":"Point","coordinates":[15.31814,58.38476]}},{"type":"Feature","properties":{"CountryName":"Sweden","Type of Animal":"Pork"},"geometry":{"type":"Point","coordinates":[15.13674,58.39561]}},{"type":"Feature","properties":{"CountryName":"Sweden","Type of Animal":"Chicken"},"geometry":{"type":"Point","coordinates":[14.9315,58.32793]}},{"type":"Feature","properties":{"CountryName":"Sweden","Type of Animal":"Pork"},"geometry":{"type":"Point","coordinates":[15.21393,58.31511]}},{"type":"Feature","properties":{"CountryName":"Sweden","Type of Animal":"Pork"},"geometry":{"type":"Point","coordinates":[14.85348,58.30942]}},{"type":"Feature","properties":{"CountryName":"Sweden","Type of Animal":"Chicken"},"geometry":{"type":"Point","coordinates":[15.14896,58.3822]}},{"type":"Feature","properties":{"CountryName":"Sweden","Type of Animal":"Chicken"},"geometry":{"type":"Point","coordinates":[14.88525,58.27973]}},{"type":"Feature","properties":{"CountryName":"Sweden","Type of Animal":"Chicken"},"geometry":{"type":"Point","coordinates":[14.86914,58.27258]}},{"type":"Feature","properties":{"CountryName":"Sweden","Type of Animal":"Chicken"},"geometry":{"type":"Point","coordinates":[15.0028,58.33942]}},{"type":"Feature","properties":{"CountryName":"Sweden","Type of Animal":"Chicken"},"geometry":{"type":"Point","coordinates":[15.11653,56.6553]}},{"type":"Feature","properties":{"CountryName":"Sweden","Type of Animal":"Chicken"},"geometry":{"type":"Point","coordinates":[15.21083,56.61986]}},{"type":"Feature","properties":{"CountryName":"Sweden","Type of Animal":"Chicken"},"geometry":{"type":"Point","coordinates":[14.86297,56.52521]}},{"type":"Feature","properties":{"CountryName":"Sweden","Type of Animal":"Chicken"},"geometry":{"type":"Point","coordinates":[15.11498,56.6508]}},{"type":"Feature","properties":{"CountryName":"Sweden","Type of Animal":"Pork"},"geometry":{"type":"Point","coordinates":[14.44592,56.93897]}},{"type":"Feature","properties":{"CountryName":"Sweden","Type of Animal":"Chicken"},"geometry":{"type":"Point","coordinates":[14.60713,57.02504]}},{"type":"Feature","properties":{"CountryName":"Sweden","Type of Animal":"Chicken"},"geometry":{"type":"Point","coordinates":[16.05189,56.45131]}},{"type":"Feature","properties":{"CountryName":"Sweden","Type of Animal":"Chicken"},"geometry":{"type":"Point","coordinates":[15.99393,56.35048]}},{"type":"Feature","properties":{"CountryName":"Sweden","Type of Animal":"Pork"},"geometry":{"type":"Point","coordinates":[16.43048,56.57464]}},{"type":"Feature","properties":{"CountryName":"Sweden","Type of Animal":"Chicken"},"geometry":{"type":"Point","coordinates":[16.39681,56.47054]}},{"type":"Feature","properties":{"CountryName":"Sweden","Type of Animal":"Chicken"},"geometry":{"type":"Point","coordinates":[16.39834,56.46496]}},{"type":"Feature","properties":{"CountryName":"Sweden","Type of Animal":"Chicken"},"geometry":{"type":"Point","coordinates":[16.46701,57.06973]}},{"type":"Feature","properties":{"CountryName":"Sweden","Type of Animal":"Chicken"},"geometry":{"type":"Point","coordinates":[16.30365,57.09939]}},{"type":"Feature","properties":{"CountryName":"Sweden","Type of Animal":"Chicken"},"geometry":{"type":"Point","coordinates":[16.19336,57.12448]}},{"type":"Feature","properties":{"CountryName":"Sweden","Type of Animal":"Chicken"},"geometry":{"type":"Point","coordinates":[15.58664,56.55527]}},{"type":"Feature","properties":{"CountryName":"Sweden","Type of Animal":"Chicken"},"geometry":{"type":"Point","coordinates":[16.26224,56.68242]}},{"type":"Feature","properties":{"CountryName":"Sweden","Type of Animal":"Chicken"},"geometry":{"type":"Point","coordinates":[16.09418,56.57516]}},{"type":"Feature","properties":{"CountryName":"Sweden","Type of Animal":"Pork"},"geometry":{"type":"Point","coordinates":[16.13368,56.59132]}},{"type":"Feature","properties":{"CountryName":"Sweden","Type of Animal":"Chicken"},"geometry":{"type":"Point","coordinates":[16.16147,56.60205]}},{"type":"Feature","properties":{"CountryName":"Sweden","Type of Animal":"Chicken"},"geometry":{"type":"Point","coordinates":[16.25089,56.66752]}},{"type":"Feature","properties":{"CountryName":"Sweden","Type of Animal":"Chicken"},"geometry":{"type":"Point","coordinates":[16.17719,56.55872]}},{"type":"Feature","properties":{"CountryName":"Sweden","Type of Animal":"Chicken"},"geometry":{"type":"Point","coordinates":[16.20597,56.60427]}},{"type":"Feature","properties":{"CountryName":"Sweden","Type of Animal":"Chicken"},"geometry":{"type":"Point","coordinates":[16.20658,56.60403]}},{"type":"Feature","properties":{"CountryName":"Sweden","Type of Animal":"Chicken"},"geometry":{"type":"Point","coordinates":[16.10191,56.71538]}},{"type":"Feature","properties":{"CountryName":"Sweden","Type of Animal":"Chicken"},"geometry":{"type":"Point","coordinates":[16.22775,56.66143]}},{"type":"Feature","properties":{"CountryName":"Sweden","Type of Animal":"Chicken"},"geometry":{"type":"Point","coordinates":[16.14879,56.49688]}},{"type":"Feature","properties":{"CountryName":"Sweden","Type of Animal":"Chicken"},"geometry":{"type":"Point","coordinates":[16.35757,56.75262]}},{"type":"Feature","properties":{"CountryName":"Sweden","Type of Animal":"Chicken"},"geometry":{"type":"Point","coordinates":[16.07023,56.75572]}},{"type":"Feature","properties":{"CountryName":"Sweden","Type of Animal":"Chicken"},"geometry":{"type":"Point","coordinates":[15.96288,56.82587]}},{"type":"Feature","properties":{"CountryName":"Sweden","Type of Animal":"Chicken"},"geometry":{"type":"Point","coordinates":[16.5573,58.06686]}},{"type":"Feature","properties":{"CountryName":"Sweden","Type of Animal":"Pork"},"geometry":{"type":"Point","coordinates":[16.51886,58.08757]}},{"type":"Feature","properties":{"CountryName":"Sweden","Type of Animal":"Chicken"},"geometry":{"type":"Point","coordinates":[16.68676,56.69451]}},{"type":"Feature","properties":{"CountryName":"Sweden","Type of Animal":"Chicken"},"geometry":{"type":"Point","coordinates":[18.49728,57.49281]}},{"type":"Feature","properties":{"CountryName":"Sweden","Type of Animal":"Pork"},"geometry":{"type":"Point","coordinates":[18.46009,57.65781]}},{"type":"Feature","properties":{"CountryName":"Sweden","Type of Animal":"Pork"},"geometry":{"type":"Point","coordinates":[18.5557,57.55854]}},{"type":"Feature","properties":{"CountryName":"Sweden","Type of Animal":"Chicken"},"geometry":{"type":"Point","coordinates":[15.77627,56.17692]}},{"type":"Feature","properties":{"CountryName":"Sweden","Type of Animal":"Chicken"},"geometry":{"type":"Point","coordinates":[15.76918,56.16758]}},{"type":"Feature","properties":{"CountryName":"Sweden","Type of Animal":"Chicken"},"geometry":{"type":"Point","coordinates":[15.52898,56.25434]}},{"type":"Feature","properties":{"CountryName":"Sweden","Type of Animal":"Chicken"},"geometry":{"type":"Point","coordinates":[16.02357,56.26187]}},{"type":"Feature","properties":{"CountryName":"Sweden","Type of Animal":"Chicken"},"geometry":{"type":"Point","coordinates":[15.87324,56.1161]}},{"type":"Feature","properties":{"CountryName":"Sweden","Type of Animal":"Chicken"},"geometry":{"type":"Point","coordinates":[15.64747,56.3673]}},{"type":"Feature","properties":{"CountryName":"Sweden","Type of Animal":"Chicken"},"geometry":{"type":"Point","coordinates":[16.04345,56.31913]}},{"type":"Feature","properties":{"CountryName":"Sweden","Type of Animal":"Chicken"},"geometry":{"type":"Point","coordinates":[14.67955,56.18975]}},{"type":"Feature","properties":{"CountryName":"Sweden","Type of Animal":"Chicken"},"geometry":{"type":"Point","coordinates":[14.77189,56.30121]}},{"type":"Feature","properties":{"CountryName":"Sweden","Type of Animal":"Pork"},"geometry":{"type":"Point","coordinates":[14.69685,56.06326]}},{"type":"Feature","properties":{"CountryName":"Sweden","Type of Animal":"Chicken"},"geometry":{"type":"Point","coordinates":[14.66518,56.11677]}},{"type":"Feature","properties":{"CountryName":"Sweden","Type of Animal":"Pork"},"geometry":{"type":"Point","coordinates":[14.61123,56.09651]}},{"type":"Feature","properties":{"CountryName":"Sweden","Type of Animal":"Pork"},"geometry":{"type":"Point","coordinates":[14.65992,56.09113]}},{"type":"Feature","properties":{"CountryName":"Sweden","Type of Animal":"Pork"},"geometry":{"type":"Point","coordinates":[14.6237,56.1198]}},{"type":"Feature","properties":{"CountryName":"Sweden","Type of Animal":"Chicken"},"geometry":{"type":"Point","coordinates":[14.62976,56.13207]}},{"type":"Feature","properties":{"CountryName":"Sweden","Type of Animal":"Chicken"},"geometry":{"type":"Point","coordinates":[14.64619,56.07205]}},{"type":"Feature","properties":{"CountryName":"Sweden","Type of Animal":"Pork"},"geometry":{"type":"Point","coordinates":[14.65081,56.14557]}},{"type":"Feature","properties":{"CountryName":"Sweden","Type of Animal":"Chicken"},"geometry":{"type":"Point","coordinates":[14.68027,56.1069]}},{"type":"Feature","properties":{"CountryName":"Sweden","Type of Animal":"Chicken"},"geometry":{"type":"Point","coordinates":[14.6517,56.08336]}},{"type":"Feature","properties":{"CountryName":"Sweden","Type of Animal":"Chicken"},"geometry":{"type":"Point","coordinates":[14.64556,56.0883]}},{"type":"Feature","properties":{"CountryName":"Sweden","Type of Animal":"Chicken"},"geometry":{"type":"Point","coordinates":[14.66517,56.11829]}},{"type":"Feature","properties":{"CountryName":"Sweden","Type of Animal":"Chicken"},"geometry":{"type":"Point","coordinates":[14.61291,56.09309]}},{"type":"Feature","properties":{"CountryName":"Sweden","Type of Animal":"Chicken"},"geometry":{"type":"Point","coordinates":[14.61911,56.16458]}},{"type":"Feature","properties":{"CountryName":"Sweden","Type of Animal":"Pork"},"geometry":{"type":"Point","coordinates":[13.03449,56.01248]}},{"type":"Feature","properties":{"CountryName":"Sweden","Type of Animal":"Pork"},"geometry":{"type":"Point","coordinates":[13.19705,55.90292]}},{"type":"Feature","properties":{"CountryName":"Sweden","Type of Animal":"Pork"},"geometry":{"type":"Point","coordinates":[14.15377,56.16705]}},{"type":"Feature","properties":{"CountryName":"Sweden","Type of Animal":"Pork"},"geometry":{"type":"Point","coordinates":[14.06433,56.27798]}},{"type":"Feature","properties":{"CountryName":"Sweden","Type of Animal":"Pork"},"geometry":{"type":"Point","coordinates":[13.25123,56.30645]}},{"type":"Feature","properties":{"CountryName":"Sweden","Type of Animal":"Pork"},"geometry":{"type":"Point","coordinates":[13.28481,56.25353]}},{"type":"Feature","properties":{"CountryName":"Sweden","Type of Animal":"Chicken"},"geometry":{"type":"Point","coordinates":[13.06921,55.75827]}},{"type":"Feature","properties":{"CountryName":"Sweden","Type of Animal":"Pork"},"geometry":{"type":"Point","coordinates":[13.97222,55.64097]}},{"type":"Feature","properties":{"CountryName":"Sweden","Type of Animal":"Chicken"},"geometry":{"type":"Point","coordinates":[13.59227,55.57062]}},{"type":"Feature","properties":{"CountryName":"Sweden","Type of Animal":"Chicken"},"geometry":{"type":"Point","coordinates":[13.65935,55.60749]}},{"type":"Feature","properties":{"CountryName":"Sweden","Type of Animal":"Chicken"},"geometry":{"type":"Point","coordinates":[13.77315,55.54623]}},{"type":"Feature","properties":{"CountryName":"Sweden","Type of Animal":"Chicken"},"geometry":{"type":"Point","coordinates":[13.63379,55.5797]}},{"type":"Feature","properties":{"CountryName":"Sweden","Type of Animal":"Pork"},"geometry":{"type":"Point","coordinates":[13.51029,55.94915]}},{"type":"Feature","properties":{"CountryName":"Sweden","Type of Animal":"Pork"},"geometry":{"type":"Point","coordinates":[13.96019,55.60285]}},{"type":"Feature","properties":{"CountryName":"Sweden","Type of Animal":"Pork"},"geometry":{"type":"Point","coordinates":[14.0883,55.50534]}},{"type":"Feature","properties":{"CountryName":"Sweden","Type of Animal":"Pork"},"geometry":{"type":"Point","coordinates":[14.08751,55.52383]}},{"type":"Feature","properties":{"CountryName":"Sweden","Type of Animal":"Chicken"},"geometry":{"type":"Point","coordinates":[13.87699,55.55078]}},{"type":"Feature","properties":{"CountryName":"Sweden","Type of Animal":"Chicken"},"geometry":{"type":"Point","coordinates":[14.10993,55.5711]}},{"type":"Feature","properties":{"CountryName":"Sweden","Type of Animal":"Pork"},"geometry":{"type":"Point","coordinates":[13.41597,55.65986]}},{"type":"Feature","properties":{"CountryName":"Sweden","Type of Animal":"Pork"},"geometry":{"type":"Point","coordinates":[13.39007,55.66182]}},{"type":"Feature","properties":{"CountryName":"Sweden","Type of Animal":"Chicken"},"geometry":{"type":"Point","coordinates":[13.49269,55.5518]}},{"type":"Feature","properties":{"CountryName":"Sweden","Type of Animal":"Chicken"},"geometry":{"type":"Point","coordinates":[12.97538,55.8788]}},{"type":"Feature","properties":{"CountryName":"Sweden","Type of Animal":"Pork"},"geometry":{"type":"Point","coordinates":[12.92981,55.96041]}},{"type":"Feature","properties":{"CountryName":"Sweden","Type of Animal":"Pork"},"geometry":{"type":"Point","coordinates":[12.97107,55.9603]}},{"type":"Feature","properties":{"CountryName":"Sweden","Type of Animal":"Chicken"},"geometry":{"type":"Point","coordinates":[12.8497,56.05325]}},{"type":"Feature","properties":{"CountryName":"Sweden","Type of Animal":"Pork"},"geometry":{"type":"Point","coordinates":[13.40208,55.79329]}},{"type":"Feature","properties":{"CountryName":"Sweden","Type of Animal":"Pork"},"geometry":{"type":"Point","coordinates":[13.57872,55.70931]}},{"type":"Feature","properties":{"CountryName":"Sweden","Type of Animal":"Chicken"},"geometry":{"type":"Point","coordinates":[13.22517,55.87584]}},{"type":"Feature","properties":{"CountryName":"Sweden","Type of Animal":"Chicken"},"geometry":{"type":"Point","coordinates":[13.23588,55.84432]}},{"type":"Feature","properties":{"CountryName":"Sweden","Type of Animal":"Pork"},"geometry":{"type":"Point","coordinates":[13.76543,55.45912]}},{"type":"Feature","properties":{"CountryName":"Sweden","Type of Animal":"Chicken"},"geometry":{"type":"Point","coordinates":[14.09342,55.46599]}},{"type":"Feature","properties":{"CountryName":"Sweden","Type of Animal":"Chicken"},"geometry":{"type":"Point","coordinates":[13.70463,55.46266]}},{"type":"Feature","properties":{"CountryName":"Sweden","Type of Animal":"Pork"},"geometry":{"type":"Point","coordinates":[14.11766,55.40387]}},{"type":"Feature","properties":{"CountryName":"Sweden","Type of Animal":"Pork"},"geometry":{"type":"Point","coordinates":[13.39016,55.36019]}},{"type":"Feature","properties":{"CountryName":"Sweden","Type of Animal":"Pork"},"geometry":{"type":"Point","coordinates":[13.2743,55.38282]}},{"type":"Feature","properties":{"CountryName":"Sweden","Type of Animal":"Chicken"},"geometry":{"type":"Point","coordinates":[13.07708,55.43075]}},{"type":"Feature","properties":{"CountryName":"Sweden","Type of Animal":"Pork"},"geometry":{"type":"Point","coordinates":[14.12551,55.85501]}},{"type":"Feature","properties":{"CountryName":"Sweden","Type of Animal":"Pork"},"geometry":{"type":"Point","coordinates":[14.11843,55.92736]}},{"type":"Feature","properties":{"CountryName":"Sweden","Type of Animal":"Pork"},"geometry":{"type":"Point","coordinates":[14.28069,56.03458]}},{"type":"Feature","properties":{"CountryName":"Sweden","Type of Animal":"Pork"},"geometry":{"type":"Point","coordinates":[14.02527,56.13597]}},{"type":"Feature","properties":{"CountryName":"Sweden","Type of Animal":"Pork"},"geometry":{"type":"Point","coordinates":[14.05991,56.07502]}},{"type":"Feature","properties":{"CountryName":"Sweden","Type of Animal":"Pork"},"geometry":{"type":"Point","coordinates":[14.19124,56.07996]}},{"type":"Feature","properties":{"CountryName":"Sweden","Type of Animal":"Pork"},"geometry":{"type":"Point","coordinates":[14.03668,55.88778]}},{"type":"Feature","properties":{"CountryName":"Sweden","Type of Animal":"Pork"},"geometry":{"type":"Point","coordinates":[14.09221,55.99536]}},{"type":"Feature","properties":{"CountryName":"Sweden","Type of Animal":"Pork"},"geometry":{"type":"Point","coordinates":[14.25881,56.07944]}},{"type":"Feature","properties":{"CountryName":"Sweden","Type of Animal":"Chicken"},"geometry":{"type":"Point","coordinates":[14.1087,55.96747]}},{"type":"Feature","properties":{"CountryName":"Sweden","Type of Animal":"Chicken"},"geometry":{"type":"Point","coordinates":[14.03067,55.82349]}},{"type":"Feature","properties":{"CountryName":"Sweden","Type of Animal":"Chicken"},"geometry":{"type":"Point","coordinates":[14.14545,55.80027]}},{"type":"Feature","properties":{"CountryName":"Sweden","Type of Animal":"Pork"},"geometry":{"type":"Point","coordinates":[14.36518,56.02462]}},{"type":"Feature","properties":{"CountryName":"Sweden","Type of Animal":"Pork"},"geometry":{"type":"Point","coordinates":[14.19633,55.55201]}},{"type":"Feature","properties":{"CountryName":"Sweden","Type of Animal":"Chicken"},"geometry":{"type":"Point","coordinates":[14.21192,55.58618]}},{"type":"Feature","properties":{"CountryName":"Sweden","Type of Animal":"Chicken"},"geometry":{"type":"Point","coordinates":[14.15068,55.54432]}},{"type":"Feature","properties":{"CountryName":"Sweden","Type of Animal":"Chicken"},"geometry":{"type":"Point","coordinates":[14.26541,55.50763]}},{"type":"Feature","properties":{"CountryName":"Sweden","Type of Animal":"Chicken"},"geometry":{"type":"Point","coordinates":[14.24727,55.58942]}},{"type":"Feature","properties":{"CountryName":"Sweden","Type of Animal":"Chicken"},"geometry":{"type":"Point","coordinates":[14.1744,55.49837]}},{"type":"Feature","properties":{"CountryName":"Sweden","Type of Animal":"Chicken"},"geometry":{"type":"Point","coordinates":[12.93283,56.27957]}},{"type":"Feature","properties":{"CountryName":"Sweden","Type of Animal":"Chicken"},"geometry":{"type":"Point","coordinates":[12.88958,56.19084]}},{"type":"Feature","properties":{"CountryName":"Sweden","Type of Animal":"Pork"},"geometry":{"type":"Point","coordinates":[13.71694,56.05566]}},{"type":"Feature","properties":{"CountryName":"Sweden","Type of Animal":"Pork"},"geometry":{"type":"Point","coordinates":[13.70435,56.02786]}},{"type":"Feature","properties":{"CountryName":"Sweden","Type of Animal":"Chicken"},"geometry":{"type":"Point","coordinates":[13.72669,55.99461]}},{"type":"Feature","properties":{"CountryName":"Sweden","Type of Animal":"Chicken"},"geometry":{"type":"Point","coordinates":[13.64064,55.9654]}},{"type":"Feature","properties":{"CountryName":"Sweden","Type of Animal":"Pork"},"geometry":{"type":"Point","coordinates":[13.01759,56.59125]}},{"type":"Feature","properties":{"CountryName":"Sweden","Type of Animal":"Chicken"},"geometry":{"type":"Point","coordinates":[13.00151,56.57709]}},{"type":"Feature","properties":{"CountryName":"Sweden","Type of Animal":"Chicken"},"geometry":{"type":"Point","coordinates":[13.03278,56.61791]}},{"type":"Feature","properties":{"CountryName":"Sweden","Type of Animal":"Chicken"},"geometry":{"type":"Point","coordinates":[13.03696,56.69025]}},{"type":"Feature","properties":{"CountryName":"Sweden","Type of Animal":"Chicken"},"geometry":{"type":"Point","coordinates":[12.71532,56.79177]}},{"type":"Feature","properties":{"CountryName":"Sweden","Type of Animal":"Chicken"},"geometry":{"type":"Point","coordinates":[12.64721,56.77016]}},{"type":"Feature","properties":{"CountryName":"Sweden","Type of Animal":"Chicken"},"geometry":{"type":"Point","coordinates":[12.67106,56.76574]}},{"type":"Feature","properties":{"CountryName":"Sweden","Type of Animal":"Pork"},"geometry":{"type":"Point","coordinates":[13.035,56.59058]}},{"type":"Feature","properties":{"CountryName":"Sweden","Type of Animal":"Pork"},"geometry":{"type":"Point","coordinates":[13.07256,56.44074]}},{"type":"Feature","properties":{"CountryName":"Sweden","Type of Animal":"Pork"},"geometry":{"type":"Point","coordinates":[13.09345,56.53438]}},{"type":"Feature","properties":{"CountryName":"Sweden","Type of Animal":"Chicken"},"geometry":{"type":"Point","coordinates":[13.44055,56.5246]}},{"type":"Feature","properties":{"CountryName":"Sweden","Type of Animal":"Chicken"},"geometry":{"type":"Point","coordinates":[13.34659,56.52753]}},{"type":"Feature","properties":{"CountryName":"Sweden","Type of Animal":"Pork"},"geometry":{"type":"Point","coordinates":[12.67638,57.00532]}},{"type":"Feature","properties":{"CountryName":"Sweden","Type of Animal":"Pork"},"geometry":{"type":"Point","coordinates":[12.65229,56.9187]}},{"type":"Feature","properties":{"CountryName":"Sweden","Type of Animal":"Chicken"},"geometry":{"type":"Point","coordinates":[12.61267,56.94016]}},{"type":"Feature","properties":{"CountryName":"Sweden","Type of Animal":"Chicken"},"geometry":{"type":"Point","coordinates":[12.66088,56.83412]}},{"type":"Feature","properties":{"CountryName":"Sweden","Type of Animal":"Chicken"},"geometry":{"type":"Point","coordinates":[12.65451,56.93684]}},{"type":"Feature","properties":{"CountryName":"Sweden","Type of Animal":"Chicken"},"geometry":{"type":"Point","coordinates":[12.84089,57.15715]}},{"type":"Feature","properties":{"CountryName":"Sweden","Type of Animal":"Chicken"},"geometry":{"type":"Point","coordinates":[12.62584,56.80839]}},{"type":"Feature","properties":{"CountryName":"Sweden","Type of Animal":"Chicken"},"geometry":{"type":"Point","coordinates":[12.71879,56.88937]}},{"type":"Feature","properties":{"CountryName":"Sweden","Type of Animal":"Chicken"},"geometry":{"type":"Point","coordinates":[12.6305,56.92366]}},{"type":"Feature","properties":{"CountryName":"Sweden","Type of Animal":"Pork"},"geometry":{"type":"Point","coordinates":[12.37377,57.08884]}},{"type":"Feature","properties":{"CountryName":"Sweden","Type of Animal":"Chicken"},"geometry":{"type":"Point","coordinates":[12.44084,57.13027]}},{"type":"Feature","properties":{"CountryName":"Sweden","Type of Animal":"Chicken"},"geometry":{"type":"Point","coordinates":[12.15407,57.38661]}},{"type":"Feature","properties":{"CountryName":"Sweden","Type of Animal":"Chicken"},"geometry":{"type":"Point","coordinates":[11.91393,58.54127]}},{"type":"Feature","properties":{"CountryName":"Sweden","Type of Animal":"Chicken"},"geometry":{"type":"Point","coordinates":[11.93386,58.55536]}},{"type":"Feature","properties":{"CountryName":"Sweden","Type of Animal":"Pork"},"geometry":{"type":"Point","coordinates":[12.8435,58.10435]}},{"type":"Feature","properties":{"CountryName":"Sweden","Type of Animal":"Chicken"},"geometry":{"type":"Point","coordinates":[12.78727,58.3843]}},{"type":"Feature","properties":{"CountryName":"Sweden","Type of Animal":"Chicken"},"geometry":{"type":"Point","coordinates":[14.24358,58.8367]}},{"type":"Feature","properties":{"CountryName":"Sweden","Type of Animal":"Chicken"},"geometry":{"type":"Point","coordinates":[14.15693,58.83437]}},{"type":"Feature","properties":{"CountryName":"Sweden","Type of Animal":"Pork"},"geometry":{"type":"Point","coordinates":[12.37549,58.66317]}},{"type":"Feature","properties":{"CountryName":"Sweden","Type of Animal":"Pork"},"geometry":{"type":"Point","coordinates":[12.57386,58.59733]}},{"type":"Feature","properties":{"CountryName":"Sweden","Type of Animal":"Pork"},"geometry":{"type":"Point","coordinates":[12.42875,58.58506]}},{"type":"Feature","properties":{"CountryName":"Sweden","Type of Animal":"Pork"},"geometry":{"type":"Point","coordinates":[12.42793,58.59902]}},{"type":"Feature","properties":{"CountryName":"Sweden","Type of Animal":"Pork"},"geometry":{"type":"Point","coordinates":[12.55614,58.61055]}},{"type":"Feature","properties":{"CountryName":"Sweden","Type of Animal":"Pork"},"geometry":{"type":"Point","coordinates":[12.53017,57.37338]}},{"type":"Feature","properties":{"CountryName":"Sweden","Type of Animal":"Chicken"},"geometry":{"type":"Point","coordinates":[13.10157,58.04464]}},{"type":"Feature","properties":{"CountryName":"Sweden","Type of Animal":"Chicken"},"geometry":{"type":"Point","coordinates":[12.87128,58.32752]}},{"type":"Feature","properties":{"CountryName":"Sweden","Type of Animal":"Pork"},"geometry":{"type":"Point","coordinates":[12.9715,58.19997]}},{"type":"Feature","properties":{"CountryName":"Sweden","Type of Animal":"Chicken"},"geometry":{"type":"Point","coordinates":[12.82762,58.22939]}},{"type":"Feature","properties":{"CountryName":"Sweden","Type of Animal":"Pork"},"geometry":{"type":"Point","coordinates":[13.07205,58.24429]}},{"type":"Feature","properties":{"CountryName":"Sweden","Type of Animal":"Chicken"},"geometry":{"type":"Point","coordinates":[13.05413,58.28392]}},{"type":"Feature","properties":{"CountryName":"Sweden","Type of Animal":"Pork"},"geometry":{"type":"Point","coordinates":[13.18799,58.24969]}},{"type":"Feature","properties":{"CountryName":"Sweden","Type of Animal":"Pork"},"geometry":{"type":"Point","coordinates":[13.07561,58.23083]}},{"type":"Feature","properties":{"CountryName":"Sweden","Type of Animal":"Chicken"},"geometry":{"type":"Point","coordinates":[12.92672,58.30035]}},{"type":"Feature","properties":{"CountryName":"Sweden","Type of Animal":"Pork"},"geometry":{"type":"Point","coordinates":[12.88679,58.36392]}},{"type":"Feature","properties":{"CountryName":"Sweden","Type of Animal":"Pork"},"geometry":{"type":"Point","coordinates":[13.11958,58.18032]}},{"type":"Feature","properties":{"CountryName":"Sweden","Type of Animal":"Chicken"},"geometry":{"type":"Point","coordinates":[13.09786,58.11818]}},{"type":"Feature","properties":{"CountryName":"Sweden","Type of Animal":"Pork"},"geometry":{"type":"Point","coordinates":[13.03504,58.18047]}},{"type":"Feature","properties":{"CountryName":"Sweden","Type of Animal":"Pork"},"geometry":{"type":"Point","coordinates":[13.51163,58.59001]}},{"type":"Feature","properties":{"CountryName":"Sweden","Type of Animal":"Chicken"},"geometry":{"type":"Point","coordinates":[13.49202,58.50919]}},{"type":"Feature","properties":{"CountryName":"Sweden","Type of Animal":"Chicken"},"geometry":{"type":"Point","coordinates":[13.32339,58.49364]}},{"type":"Feature","properties":{"CountryName":"Sweden","Type of Animal":"Pork"},"geometry":{"type":"Point","coordinates":[13.56606,58.52973]}},{"type":"Feature","properties":{"CountryName":"Sweden","Type of Animal":"Chicken"},"geometry":{"type":"Point","coordinates":[14.1449,58.67006]}},{"type":"Feature","properties":{"CountryName":"Sweden","Type of Animal":"Chicken"},"geometry":{"type":"Point","coordinates":[14.10527,58.78129]}},{"type":"Feature","properties":{"CountryName":"Sweden","Type of Animal":"Chicken"},"geometry":{"type":"Point","coordinates":[14.2383,58.77334]}},{"type":"Feature","properties":{"CountryName":"Sweden","Type of Animal":"Chicken"},"geometry":{"type":"Point","coordinates":[13.95522,58.61984]}},{"type":"Feature","properties":{"CountryName":"Sweden","Type of Animal":"Pork"},"geometry":{"type":"Point","coordinates":[12.16606,58.45522]}},{"type":"Feature","properties":{"CountryName":"Sweden","Type of Animal":"Chicken"},"geometry":{"type":"Point","coordinates":[12.83982,57.73953]}},{"type":"Feature","properties":{"CountryName":"Sweden","Type of Animal":"Pork"},"geometry":{"type":"Point","coordinates":[13.21384,58.44163]}},{"type":"Feature","properties":{"CountryName":"Sweden","Type of Animal":"Pork"},"geometry":{"type":"Point","coordinates":[12.92603,58.47237]}},{"type":"Feature","properties":{"CountryName":"Sweden","Type of Animal":"Chicken"},"geometry":{"type":"Point","coordinates":[13.10648,58.59049]}},{"type":"Feature","properties":{"CountryName":"Sweden","Type of Animal":"Pork"},"geometry":{"type":"Point","coordinates":[12.81656,58.47582]}},{"type":"Feature","properties":{"CountryName":"Sweden","Type of Animal":"Pork"},"geometry":{"type":"Point","coordinates":[13.01742,58.40804]}},{"type":"Feature","properties":{"CountryName":"Sweden","Type of Animal":"Chicken"},"geometry":{"type":"Point","coordinates":[13.27319,58.47362]}},{"type":"Feature","properties":{"CountryName":"Sweden","Type of Animal":"Pork"},"geometry":{"type":"Point","coordinates":[13.28766,58.41526]}},{"type":"Feature","properties":{"CountryName":"Sweden","Type of Animal":"Chicken"},"geometry":{"type":"Point","coordinates":[13.18672,58.41091]}},{"type":"Feature","properties":{"CountryName":"Sweden","Type of Animal":"Chicken"},"geometry":{"type":"Point","coordinates":[13.26598,58.3551]}},{"type":"Feature","properties":{"CountryName":"Sweden","Type of Animal":"Pork"},"geometry":{"type":"Point","coordinates":[13.94055,58.47447]}},{"type":"Feature","properties":{"CountryName":"Sweden","Type of Animal":"Chicken"},"geometry":{"type":"Point","coordinates":[14.10035,58.36339]}},{"type":"Feature","properties":{"CountryName":"Sweden","Type of Animal":"Chicken"},"geometry":{"type":"Point","coordinates":[14.14072,58.31622]}},{"type":"Feature","properties":{"CountryName":"Sweden","Type of Animal":"Chicken"},"geometry":{"type":"Point","coordinates":[14.13699,58.29758]}},{"type":"Feature","properties":{"CountryName":"Sweden","Type of Animal":"Chicken"},"geometry":{"type":"Point","coordinates":[14.22646,58.23003]}},{"type":"Feature","properties":{"CountryName":"Sweden","Type of Animal":"Pork"},"geometry":{"type":"Point","coordinates":[14.34478,58.3535]}},{"type":"Feature","properties":{"CountryName":"Sweden","Type of Animal":"Chicken"},"geometry":{"type":"Point","coordinates":[14.1134,58.25049]}},{"type":"Feature","properties":{"CountryName":"Sweden","Type of Animal":"Pork"},"geometry":{"type":"Point","coordinates":[13.82344,58.23363]}},{"type":"Feature","properties":{"CountryName":"Sweden","Type of Animal":"Pork"},"geometry":{"type":"Point","coordinates":[13.22515,59.3583]}},{"type":"Feature","properties":{"CountryName":"Sweden","Type of Animal":"Chicken"},"geometry":{"type":"Point","coordinates":[14.16899,59.10747]}},{"type":"Feature","properties":{"CountryName":"Sweden","Type of Animal":"Pork"},"geometry":{"type":"Point","coordinates":[13.12863,59.06264]}},{"type":"Feature","properties":{"CountryName":"Sweden","Type of Animal":"Pork"},"geometry":{"type":"Point","coordinates":[13.15229,59.01808]}},{"type":"Feature","properties":{"CountryName":"Sweden","Type of Animal":"Chicken"},"geometry":{"type":"Point","coordinates":[14.83534,59.14221]}},{"type":"Feature","properties":{"CountryName":"Sweden","Type of Animal":"Pork"},"geometry":{"type":"Point","coordinates":[14.91923,59.22752]}},{"type":"Feature","properties":{"CountryName":"Sweden","Type of Animal":"Pork"},"geometry":{"type":"Point","coordinates":[15.03692,59.34173]}},{"type":"Feature","properties":{"CountryName":"Sweden","Type of Animal":"Chicken"},"geometry":{"type":"Point","coordinates":[15.12906,59.36154]}},{"type":"Feature","properties":{"CountryName":"Sweden","Type of Animal":"Pork"},"geometry":{"type":"Point","coordinates":[15.06935,59.37301]}},{"type":"Feature","properties":{"CountryName":"Sweden","Type of Animal":"Pork"},"geometry":{"type":"Point","coordinates":[15.03226,59.24832]}},{"type":"Feature","properties":{"CountryName":"Sweden","Type of Animal":"Chicken"},"geometry":{"type":"Point","coordinates":[15.20639,58.90583]}},{"type":"Feature","properties":{"CountryName":"Sweden","Type of Animal":"Chicken"},"geometry":{"type":"Point","coordinates":[14.92634,58.85066]}},{"type":"Feature","properties":{"CountryName":"Sweden","Type of Animal":"Chicken"},"geometry":{"type":"Point","coordinates":[15.03636,58.99718]}},{"type":"Feature","properties":{"CountryName":"Sweden","Type of Animal":"Pork"},"geometry":{"type":"Point","coordinates":[14.50978,59.37391]}},{"type":"Feature","properties":{"CountryName":"Sweden","Type of Animal":"Pork"},"geometry":{"type":"Point","coordinates":[15.38878,59.50248]}},{"type":"Feature","properties":{"CountryName":"Sweden","Type of Animal":"Chicken"},"geometry":{"type":"Point","coordinates":[15.87652,59.45189]}},{"type":"Feature","properties":{"CountryName":"Sweden","Type of Animal":"Chicken"},"geometry":{"type":"Point","coordinates":[16.78439,59.5697]}},{"type":"Feature","properties":{"CountryName":"Sweden","Type of Animal":"Pork"},"geometry":{"type":"Point","coordinates":[16.68041,59.67704]}},{"type":"Feature","properties":{"CountryName":"Sweden","Type of Animal":"Chicken"},"geometry":{"type":"Point","coordinates":[16.33807,59.59522]}},{"type":"Feature","properties":{"CountryName":"Sweden","Type of Animal":"Chicken"},"geometry":{"type":"Point","coordinates":[16.48932,59.75086]}},{"type":"Feature","properties":{"CountryName":"Sweden","Type of Animal":"Pork"},"geometry":{"type":"Point","coordinates":[16.69828,59.74397]}},{"type":"Feature","properties":{"CountryName":"Sweden","Type of Animal":"Pork"},"geometry":{"type":"Point","coordinates":[16.07638,59.49594]}},{"type":"Feature","properties":{"CountryName":"Sweden","Type of Animal":"Chicken"},"geometry":{"type":"Point","coordinates":[15.70633,59.48379]}},{"type":"Feature","properties":{"CountryName":"Sweden","Type of Animal":"Chicken"},"geometry":{"type":"Point","coordinates":[16.89265,60.62786]}},{"type":"Feature","properties":{"CountryName":"Sweden","Type of Animal":"Pork"},"geometry":{"type":"Point","coordinates":[17.73271,63.08274]}},{"type":"Feature","properties":{"CountryName":"Sweden","Type of Animal":"Chicken"},"geometry":{"type":"Point","coordinates":[20.39884,63.7751]}},{"type":"Feature","properties":{"CountryName":"Sweden","Type of Animal":"Pork"},"geometry":{"type":"Point","coordinates":[21.75014,65.56236]}},{"type":"Feature","properties":{"CountryName":"Sweden","Type of Animal":"Pork"},"geometry":{"type":"Point","coordinates":[13.95143,55.58768]}},{"type":"Feature","properties":{"CountryName":"Sweden","Type of Animal":"Chicken"},"geometry":{"type":"Point","coordinates":[15.23538,58.25978]}},{"type":"Feature","properties":{"CountryName":"Sweden","Type of Animal":"Pork"},"geometry":{"type":"Point","coordinates":[16.43494,56.42096]}},{"type":"Feature","properties":{"CountryName":"Sweden","Type of Animal":"Pork"},"geometry":{"type":"Point","coordinates":[13.78711,55.47265]}},{"type":"Feature","properties":{"CountryName":"Sweden","Type of Animal":"Chicken"},"geometry":{"type":"Point","coordinates":[13.04723,56.58021]}},{"type":"Feature","properties":{"CountryName":"Sweden","Type of Animal":"Chicken"},"geometry":{"type":"Point","coordinates":[12.45478,56.94097]}},{"type":"Feature","properties":{"CountryName":"Sweden","Type of Animal":"Chicken"},"geometry":{"type":"Point","coordinates":[15.81756,58.47717]}},{"type":"Feature","properties":{"CountryName":"Sweden","Type of Animal":"Pork"},"geometry":{"type":"Point","coordinates":[13.97425,58.37479]}},{"type":"Feature","properties":{"CountryName":"Sweden","Type of Animal":"Chicken"},"geometry":{"type":"Point","coordinates":[13.27296,56.26045]}},{"type":"Feature","properties":{"CountryName":"Sweden","Type of Animal":"Chicken"},"geometry":{"type":"Point","coordinates":[13.54385,55.80641]}},{"type":"Feature","properties":{"CountryName":"Sweden","Type of Animal":"Pork"},"geometry":{"type":"Point","coordinates":[14.20617,55.9443]}},{"type":"Feature","properties":{"CountryName":"Sweden","Type of Animal":"Pork"},"geometry":{"type":"Point","coordinates":[12.77069,58.32876]}},{"type":"Feature","properties":{"CountryName":"Sweden","Type of Animal":"Pork"},"geometry":{"type":"Point","coordinates":[12.43818,58.16298]}},{"type":"Feature","properties":{"CountryName":"Sweden","Type of Animal":"Pork"},"geometry":{"type":"Point","coordinates":[13.13126,58.97936]}},{"type":"Feature","properties":{"CountryName":"Sweden","Type of Animal":"Pork"},"geometry":{"type":"Point","coordinates":[16.16499,56.61329]}},{"type":"Feature","properties":{"CountryName":"Sweden","Type of Animal":"Pork"},"geometry":{"type":"Point","coordinates":[11.9761,58.59571]}},{"type":"Feature","properties":{"CountryName":"Sweden","Type of Animal":"Chicken"},"geometry":{"type":"Point","coordinates":[15.03633,58.99177]}},{"type":"Feature","properties":{"CountryName":"Sweden","Type of Animal":"Pork"},"geometry":{"type":"Point","coordinates":[14.72138,58.38917]}},{"type":"Feature","properties":{"CountryName":"Sweden","Type of Animal":"Pork"},"geometry":{"type":"Point","coordinates":[14.25389,55.52851]}},{"type":"Feature","properties":{"CountryName":"Sweden","Type of Animal":"Chicken"},"geometry":{"type":"Point","coordinates":[13.93029,58.67594]}},{"type":"Feature","properties":{"CountryName":"Sweden","Type of Animal":"Pork"},"geometry":{"type":"Point","coordinates":[13.2909,55.43377]}},{"type":"Feature","properties":{"CountryName":"Sweden","Type of Animal":"Pork"},"geometry":{"type":"Point","coordinates":[12.38564,58.59889]}}]}