{"type":"FeatureCollection","features":[{"type":"Feature","properties":{"CountryName":"Czechia","Type of Animal":"Chicken"},"geometry":{"type":"Point","coordinates":[17.011005,49.223109]}},{"type":"Feature","properties":{"CountryName":"Czechia","Type of Animal":"Chicken"},"geometry":{"type":"Point","coordinates":[17.011005,49.223109]}},{"type":"Feature","properties":{"CountryName":"Czechia","Type of Animal":"Chicken"},"geometry":{"type":"Point","coordinates":[17.011005,49.223109]}},{"type":"Feature","properties":{"CountryName":"Czechia","Type of Animal":"Chicken"},"geometry":{"type":"Point","coordinates":[17.011005,49.223109]}},{"type":"Feature","properties":{"CountryName":"Czechia","Type of Animal":"Chicken"},"geometry":{"type":"Point","coordinates":[17.011005,49.223109]}},{"type":"Feature","properties":{"CountryName":"Czechia","Type of Animal":"Chicken"},"geometry":{"type":"Point","coordinates":[17.011005,49.223109]}},{"type":"Feature","properties":{"CountryName":"Czechia","Type of Animal":"Chicken"},"geometry":{"type":"Point","coordinates":[16.334066,48.954069]}},{"type":"Feature","properties":{"CountryName":"Czechia","Type of Animal":"Chicken"},"geometry":{"type":"Point","coordinates":[16.334066,48.954069]}},{"type":"Feature","properties":{"CountryName":"Czechia","Type of Animal":"Chicken"},"geometry":{"type":"Point","coordinates":[16.334066,48.954069]}},{"type":"Feature","properties":{"CountryName":"Czechia","Type of Animal":"Chicken"},"geometry":{"type":"Point","coordinates":[16.334066,48.954069]}},{"type":"Feature","properties":{"CountryName":"Czechia","Type of Animal":"Chicken"},"geometry":{"type":"Point","coordinates":[16.334066,48.954069]}},{"type":"Feature","properties":{"CountryName":"Czechia","Type of Animal":"Chicken"},"geometry":{"type":"Point","coordinates":[16.334066,48.954069]}},{"type":"Feature","properties":{"CountryName":"Czechia","Type of Animal":"Pork"},"geometry":{"type":"Point","coordinates":[15.747786,48.89917]}},{"type":"Feature","properties":{"CountryName":"Czechia","Type of Animal":"Pork"},"geometry":{"type":"Point","coordinates":[15.747786,48.89917]}},{"type":"Feature","properties":{"CountryName":"Czechia","Type of Animal":"Pork"},"geometry":{"type":"Point","coordinates":[15.747786,48.89917]}},{"type":"Feature","properties":{"CountryName":"Czechia","Type of Animal":"Pork"},"geometry":{"type":"Point","coordinates":[15.747786,48.89917]}},{"type":"Feature","properties":{"CountryName":"Czechia","Type of Animal":"Pork"},"geometry":{"type":"Point","coordinates":[15.747786,48.89917]}},{"type":"Feature","properties":{"CountryName":"Czechia","Type of Animal":"Pork"},"geometry":{"type":"Point","coordinates":[15.747786,48.89917]}},{"type":"Feature","properties":{"CountryName":"Czechia","Type of Animal":"Chicken"},"geometry":{"type":"Point","coordinates":[17.046888,48.916617]}},{"type":"Feature","properties":{"CountryName":"Czechia","Type of Animal":"Chicken"},"geometry":{"type":"Point","coordinates":[17.046888,48.916617]}},{"type":"Feature","properties":{"CountryName":"Czechia","Type of Animal":"Chicken"},"geometry":{"type":"Point","coordinates":[17.046888,48.916617]}},{"type":"Feature","properties":{"CountryName":"Czechia","Type of Animal":"Chicken"},"geometry":{"type":"Point","coordinates":[17.046888,48.916617]}},{"type":"Feature","properties":{"CountryName":"Czechia","Type of Animal":"Chicken"},"geometry":{"type":"Point","coordinates":[17.046888,48.916617]}},{"type":"Feature","properties":{"CountryName":"Czechia","Type of Animal":"Chicken"},"geometry":{"type":"Point","coordinates":[17.046888,48.916617]}},{"type":"Feature","properties":{"CountryName":"Czechia","Type of Animal":"Chicken"},"geometry":{"type":"Point","coordinates":[16.550028,49.455861]}},{"type":"Feature","properties":{"CountryName":"Czechia","Type of Animal":"Chicken"},"geometry":{"type":"Point","coordinates":[16.550028,49.455861]}},{"type":"Feature","properties":{"CountryName":"Czechia","Type of Animal":"Chicken"},"geometry":{"type":"Point","coordinates":[16.550028,49.455861]}},{"type":"Feature","properties":{"CountryName":"Czechia","Type of Animal":"Chicken"},"geometry":{"type":"Point","coordinates":[16.550028,49.455861]}},{"type":"Feature","properties":{"CountryName":"Czechia","Type of Animal":"Chicken"},"geometry":{"type":"Point","coordinates":[16.550028,49.455861]}},{"type":"Feature","properties":{"CountryName":"Czechia","Type of Animal":"Chicken"},"geometry":{"type":"Point","coordinates":[16.550028,49.455861]}},{"type":"Feature","properties":{"CountryName":"Czechia","Type of Animal":"Pork"},"geometry":{"type":"Point","coordinates":[16.279905,48.807871]}},{"type":"Feature","properties":{"CountryName":"Czechia","Type of Animal":"Pork"},"geometry":{"type":"Point","coordinates":[16.279905,48.807871]}},{"type":"Feature","properties":{"CountryName":"Czechia","Type of Animal":"Pork"},"geometry":{"type":"Point","coordinates":[16.279905,48.807871]}},{"type":"Feature","properties":{"CountryName":"Czechia","Type of Animal":"Pork"},"geometry":{"type":"Point","coordinates":[16.279905,48.807871]}},{"type":"Feature","properties":{"CountryName":"Czechia","Type of Animal":"Pork"},"geometry":{"type":"Point","coordinates":[16.279905,48.807871]}},{"type":"Feature","properties":{"CountryName":"Czechia","Type of Animal":"Pork"},"geometry":{"type":"Point","coordinates":[16.279905,48.807871]}},{"type":"Feature","properties":{"CountryName":"Czechia","Type of Animal":"Chicken"},"geometry":{"type":"Point","coordinates":[16.309681,48.954883]}},{"type":"Feature","properties":{"CountryName":"Czechia","Type of Animal":"Chicken"},"geometry":{"type":"Point","coordinates":[16.309681,48.954883]}},{"type":"Feature","properties":{"CountryName":"Czechia","Type of Animal":"Chicken"},"geometry":{"type":"Point","coordinates":[16.309681,48.954883]}},{"type":"Feature","properties":{"CountryName":"Czechia","Type of Animal":"Chicken"},"geometry":{"type":"Point","coordinates":[16.309681,48.954883]}},{"type":"Feature","properties":{"CountryName":"Czechia","Type of Animal":"Chicken"},"geometry":{"type":"Point","coordinates":[16.309681,48.954883]}},{"type":"Feature","properties":{"CountryName":"Czechia","Type of Animal":"Chicken"},"geometry":{"type":"Point","coordinates":[16.309681,48.954883]}},{"type":"Feature","properties":{"CountryName":"Czechia","Type of Animal":"Pork"},"geometry":{"type":"Point","coordinates":[16.456794,48.834793]}},{"type":"Feature","properties":{"CountryName":"Czechia","Type of Animal":"Pork"},"geometry":{"type":"Point","coordinates":[16.456794,48.834793]}},{"type":"Feature","properties":{"CountryName":"Czechia","Type of Animal":"Pork"},"geometry":{"type":"Point","coordinates":[16.456794,48.834793]}},{"type":"Feature","properties":{"CountryName":"Czechia","Type of Animal":"Pork"},"geometry":{"type":"Point","coordinates":[16.456794,48.834793]}},{"type":"Feature","properties":{"CountryName":"Czechia","Type of Animal":"Pork"},"geometry":{"type":"Point","coordinates":[16.456794,48.834793]}},{"type":"Feature","properties":{"CountryName":"Czechia","Type of Animal":"Pork"},"geometry":{"type":"Point","coordinates":[16.794914,48.941743]}},{"type":"Feature","properties":{"CountryName":"Czechia","Type of Animal":"Pork"},"geometry":{"type":"Point","coordinates":[16.794914,48.941743]}},{"type":"Feature","properties":{"CountryName":"Czechia","Type of Animal":"Pork"},"geometry":{"type":"Point","coordinates":[16.794914,48.941743]}},{"type":"Feature","properties":{"CountryName":"Czechia","Type of Animal":"Pork"},"geometry":{"type":"Point","coordinates":[16.794914,48.941743]}},{"type":"Feature","properties":{"CountryName":"Czechia","Type of Animal":"Pork"},"geometry":{"type":"Point","coordinates":[16.794914,48.941743]}},{"type":"Feature","properties":{"CountryName":"Czechia","Type of Animal":"Chicken"},"geometry":{"type":"Point","coordinates":[16.26575,48.781139]}},{"type":"Feature","properties":{"CountryName":"Czechia","Type of Animal":"Chicken"},"geometry":{"type":"Point","coordinates":[16.26575,48.781139]}},{"type":"Feature","properties":{"CountryName":"Czechia","Type of Animal":"Chicken"},"geometry":{"type":"Point","coordinates":[16.26575,48.781139]}},{"type":"Feature","properties":{"CountryName":"Czechia","Type of Animal":"Chicken"},"geometry":{"type":"Point","coordinates":[16.26575,48.781139]}},{"type":"Feature","properties":{"CountryName":"Czechia","Type of Animal":"Chicken"},"geometry":{"type":"Point","coordinates":[16.26575,48.781139]}},{"type":"Feature","properties":{"CountryName":"Czechia","Type of Animal":"Chicken"},"geometry":{"type":"Point","coordinates":[16.26575,48.781139]}},{"type":"Feature","properties":{"CountryName":"Czechia","Type of Animal":"Chicken"},"geometry":{"type":"Point","coordinates":[16.41002,48.842114]}},{"type":"Feature","properties":{"CountryName":"Czechia","Type of Animal":"Chicken"},"geometry":{"type":"Point","coordinates":[16.41002,48.842114]}},{"type":"Feature","properties":{"CountryName":"Czechia","Type of Animal":"Chicken"},"geometry":{"type":"Point","coordinates":[16.41002,48.842114]}},{"type":"Feature","properties":{"CountryName":"Czechia","Type of Animal":"Chicken"},"geometry":{"type":"Point","coordinates":[16.41002,48.842114]}},{"type":"Feature","properties":{"CountryName":"Czechia","Type of Animal":"Chicken"},"geometry":{"type":"Point","coordinates":[16.41002,48.842114]}},{"type":"Feature","properties":{"CountryName":"Czechia","Type of Animal":"Chicken"},"geometry":{"type":"Point","coordinates":[16.41002,48.842114]}},{"type":"Feature","properties":{"CountryName":"Czechia","Type of Animal":"Chicken"},"geometry":{"type":"Point","coordinates":[16.522013,48.944167]}},{"type":"Feature","properties":{"CountryName":"Czechia","Type of Animal":"Chicken"},"geometry":{"type":"Point","coordinates":[16.522013,48.944167]}},{"type":"Feature","properties":{"CountryName":"Czechia","Type of Animal":"Chicken"},"geometry":{"type":"Point","coordinates":[16.522013,48.944167]}},{"type":"Feature","properties":{"CountryName":"Czechia","Type of Animal":"Chicken"},"geometry":{"type":"Point","coordinates":[16.522013,48.944167]}},{"type":"Feature","properties":{"CountryName":"Czechia","Type of Animal":"Chicken"},"geometry":{"type":"Point","coordinates":[16.522013,48.944167]}},{"type":"Feature","properties":{"CountryName":"Czechia","Type of Animal":"Chicken"},"geometry":{"type":"Point","coordinates":[16.522013,48.944167]}},{"type":"Feature","properties":{"CountryName":"Czechia","Type of Animal":"Chicken"},"geometry":{"type":"Point","coordinates":[16.625038,49.028225]}},{"type":"Feature","properties":{"CountryName":"Czechia","Type of Animal":"Chicken"},"geometry":{"type":"Point","coordinates":[16.625038,49.028225]}},{"type":"Feature","properties":{"CountryName":"Czechia","Type of Animal":"Chicken"},"geometry":{"type":"Point","coordinates":[16.625038,49.028225]}},{"type":"Feature","properties":{"CountryName":"Czechia","Type of Animal":"Chicken"},"geometry":{"type":"Point","coordinates":[16.625038,49.028225]}},{"type":"Feature","properties":{"CountryName":"Czechia","Type of Animal":"Chicken"},"geometry":{"type":"Point","coordinates":[16.625038,49.028225]}},{"type":"Feature","properties":{"CountryName":"Czechia","Type of Animal":"Chicken"},"geometry":{"type":"Point","coordinates":[16.625038,49.028225]}},{"type":"Feature","properties":{"CountryName":"Czechia","Type of Animal":"Chicken"},"geometry":{"type":"Point","coordinates":[16.509056,48.989444]}},{"type":"Feature","properties":{"CountryName":"Czechia","Type of Animal":"Chicken"},"geometry":{"type":"Point","coordinates":[16.509056,48.989444]}},{"type":"Feature","properties":{"CountryName":"Czechia","Type of Animal":"Chicken"},"geometry":{"type":"Point","coordinates":[16.509056,48.989444]}},{"type":"Feature","properties":{"CountryName":"Czechia","Type of Animal":"Chicken"},"geometry":{"type":"Point","coordinates":[16.509056,48.989444]}},{"type":"Feature","properties":{"CountryName":"Czechia","Type of Animal":"Chicken"},"geometry":{"type":"Point","coordinates":[16.509056,48.989444]}},{"type":"Feature","properties":{"CountryName":"Czechia","Type of Animal":"Chicken"},"geometry":{"type":"Point","coordinates":[16.509056,48.989444]}},{"type":"Feature","properties":{"CountryName":"Czechia","Type of Animal":"Chicken"},"geometry":{"type":"Point","coordinates":[16.799969,49.109265]}},{"type":"Feature","properties":{"CountryName":"Czechia","Type of Animal":"Chicken"},"geometry":{"type":"Point","coordinates":[16.799969,49.109265]}},{"type":"Feature","properties":{"CountryName":"Czechia","Type of Animal":"Chicken"},"geometry":{"type":"Point","coordinates":[16.799969,49.109265]}},{"type":"Feature","properties":{"CountryName":"Czechia","Type of Animal":"Chicken"},"geometry":{"type":"Point","coordinates":[16.799969,49.109265]}},{"type":"Feature","properties":{"CountryName":"Czechia","Type of Animal":"Chicken"},"geometry":{"type":"Point","coordinates":[16.799969,49.109265]}},{"type":"Feature","properties":{"CountryName":"Czechia","Type of Animal":"Chicken"},"geometry":{"type":"Point","coordinates":[16.799969,49.109265]}},{"type":"Feature","properties":{"CountryName":"Czechia","Type of Animal":"Pork"},"geometry":{"type":"Point","coordinates":[15.997271,48.89819]}},{"type":"Feature","properties":{"CountryName":"Czechia","Type of Animal":"Pork"},"geometry":{"type":"Point","coordinates":[15.997271,48.89819]}},{"type":"Feature","properties":{"CountryName":"Czechia","Type of Animal":"Pork"},"geometry":{"type":"Point","coordinates":[15.997271,48.89819]}},{"type":"Feature","properties":{"CountryName":"Czechia","Type of Animal":"Pork"},"geometry":{"type":"Point","coordinates":[15.997271,48.89819]}},{"type":"Feature","properties":{"CountryName":"Czechia","Type of Animal":"Pork"},"geometry":{"type":"Point","coordinates":[15.997271,48.89819]}},{"type":"Feature","properties":{"CountryName":"Czechia","Type of Animal":"Pork"},"geometry":{"type":"Point","coordinates":[15.997271,48.89819]}},{"type":"Feature","properties":{"CountryName":"Czechia","Type of Animal":"Pork"},"geometry":{"type":"Point","coordinates":[16.187923,48.814551]}},{"type":"Feature","properties":{"CountryName":"Czechia","Type of Animal":"Pork"},"geometry":{"type":"Point","coordinates":[16.187923,48.814551]}},{"type":"Feature","properties":{"CountryName":"Czechia","Type of Animal":"Pork"},"geometry":{"type":"Point","coordinates":[16.187923,48.814551]}},{"type":"Feature","properties":{"CountryName":"Czechia","Type of Animal":"Pork"},"geometry":{"type":"Point","coordinates":[16.187923,48.814551]}},{"type":"Feature","properties":{"CountryName":"Czechia","Type of Animal":"Pork"},"geometry":{"type":"Point","coordinates":[16.187923,48.814551]}},{"type":"Feature","properties":{"CountryName":"Czechia","Type of Animal":"Pork"},"geometry":{"type":"Point","coordinates":[16.187923,48.814551]}},{"type":"Feature","properties":{"CountryName":"Czechia","Type of Animal":"Chicken"},"geometry":{"type":"Point","coordinates":[16.04852,48.83605]}},{"type":"Feature","properties":{"CountryName":"Czechia","Type of Animal":"Chicken"},"geometry":{"type":"Point","coordinates":[16.04852,48.83605]}},{"type":"Feature","properties":{"CountryName":"Czechia","Type of Animal":"Chicken"},"geometry":{"type":"Point","coordinates":[16.04852,48.83605]}},{"type":"Feature","properties":{"CountryName":"Czechia","Type of Animal":"Chicken"},"geometry":{"type":"Point","coordinates":[16.04852,48.83605]}},{"type":"Feature","properties":{"CountryName":"Czechia","Type of Animal":"Pork"},"geometry":{"type":"Point","coordinates":[16.22898,48.797846]}},{"type":"Feature","properties":{"CountryName":"Czechia","Type of Animal":"Pork"},"geometry":{"type":"Point","coordinates":[16.027544,48.985774]}},{"type":"Feature","properties":{"CountryName":"Czechia","Type of Animal":"Pork"},"geometry":{"type":"Point","coordinates":[16.027544,48.985774]}},{"type":"Feature","properties":{"CountryName":"Czechia","Type of Animal":"Pork"},"geometry":{"type":"Point","coordinates":[16.027544,48.985774]}},{"type":"Feature","properties":{"CountryName":"Czechia","Type of Animal":"Pork"},"geometry":{"type":"Point","coordinates":[16.027544,48.985774]}},{"type":"Feature","properties":{"CountryName":"Czechia","Type of Animal":"Pork"},"geometry":{"type":"Point","coordinates":[15.945292,48.874617]}},{"type":"Feature","properties":{"CountryName":"Czechia","Type of Animal":"Pork"},"geometry":{"type":"Point","coordinates":[15.945292,48.874617]}},{"type":"Feature","properties":{"CountryName":"Czechia","Type of Animal":"Pork"},"geometry":{"type":"Point","coordinates":[15.945292,48.874617]}},{"type":"Feature","properties":{"CountryName":"Czechia","Type of Animal":"Pork"},"geometry":{"type":"Point","coordinates":[15.945292,48.874617]}},{"type":"Feature","properties":{"CountryName":"Czechia","Type of Animal":"Chicken"},"geometry":{"type":"Point","coordinates":[17.13027,48.969023]}},{"type":"Feature","properties":{"CountryName":"Czechia","Type of Animal":"Chicken"},"geometry":{"type":"Point","coordinates":[17.13027,48.969023]}},{"type":"Feature","properties":{"CountryName":"Czechia","Type of Animal":"Chicken"},"geometry":{"type":"Point","coordinates":[17.13027,48.969023]}},{"type":"Feature","properties":{"CountryName":"Czechia","Type of Animal":"Chicken"},"geometry":{"type":"Point","coordinates":[17.13027,48.969023]}},{"type":"Feature","properties":{"CountryName":"Czechia","Type of Animal":"Chicken"},"geometry":{"type":"Point","coordinates":[17.13027,48.969023]}},{"type":"Feature","properties":{"CountryName":"Czechia","Type of Animal":"Chicken"},"geometry":{"type":"Point","coordinates":[17.13027,48.969023]}},{"type":"Feature","properties":{"CountryName":"Czechia","Type of Animal":"Pork"},"geometry":{"type":"Point","coordinates":[16.266315,48.961666]}},{"type":"Feature","properties":{"CountryName":"Czechia","Type of Animal":"Pork"},"geometry":{"type":"Point","coordinates":[16.266315,48.961666]}},{"type":"Feature","properties":{"CountryName":"Czechia","Type of Animal":"Pork"},"geometry":{"type":"Point","coordinates":[16.266315,48.961666]}},{"type":"Feature","properties":{"CountryName":"Czechia","Type of Animal":"Pork"},"geometry":{"type":"Point","coordinates":[16.266315,48.961666]}},{"type":"Feature","properties":{"CountryName":"Czechia","Type of Animal":"Pork"},"geometry":{"type":"Point","coordinates":[16.266315,48.961666]}},{"type":"Feature","properties":{"CountryName":"Czechia","Type of Animal":"Pork"},"geometry":{"type":"Point","coordinates":[16.266315,48.961666]}},{"type":"Feature","properties":{"CountryName":"Czechia","Type of Animal":"Chicken"},"geometry":{"type":"Point","coordinates":[16.591261,49.011472]}},{"type":"Feature","properties":{"CountryName":"Czechia","Type of Animal":"Chicken"},"geometry":{"type":"Point","coordinates":[16.591261,49.011472]}},{"type":"Feature","properties":{"CountryName":"Czechia","Type of Animal":"Chicken"},"geometry":{"type":"Point","coordinates":[16.591261,49.011472]}},{"type":"Feature","properties":{"CountryName":"Czechia","Type of Animal":"Chicken"},"geometry":{"type":"Point","coordinates":[16.591261,49.011472]}},{"type":"Feature","properties":{"CountryName":"Czechia","Type of Animal":"Chicken"},"geometry":{"type":"Point","coordinates":[16.591261,49.011472]}},{"type":"Feature","properties":{"CountryName":"Czechia","Type of Animal":"Chicken"},"geometry":{"type":"Point","coordinates":[16.591261,49.011472]}},{"type":"Feature","properties":{"CountryName":"Czechia","Type of Animal":"Chicken"},"geometry":{"type":"Point","coordinates":[16.460483,49.056239]}},{"type":"Feature","properties":{"CountryName":"Czechia","Type of Animal":"Chicken"},"geometry":{"type":"Point","coordinates":[16.460483,49.056239]}},{"type":"Feature","properties":{"CountryName":"Czechia","Type of Animal":"Chicken"},"geometry":{"type":"Point","coordinates":[16.460483,49.056239]}},{"type":"Feature","properties":{"CountryName":"Czechia","Type of Animal":"Chicken"},"geometry":{"type":"Point","coordinates":[16.460483,49.056239]}},{"type":"Feature","properties":{"CountryName":"Czechia","Type of Animal":"Chicken"},"geometry":{"type":"Point","coordinates":[16.460483,49.056239]}},{"type":"Feature","properties":{"CountryName":"Czechia","Type of Animal":"Chicken"},"geometry":{"type":"Point","coordinates":[16.460483,49.056239]}},{"type":"Feature","properties":{"CountryName":"Czechia","Type of Animal":"Pork"},"geometry":{"type":"Point","coordinates":[15.91229,48.968418]}},{"type":"Feature","properties":{"CountryName":"Czechia","Type of Animal":"Pork"},"geometry":{"type":"Point","coordinates":[15.91229,48.968418]}},{"type":"Feature","properties":{"CountryName":"Czechia","Type of Animal":"Pork"},"geometry":{"type":"Point","coordinates":[15.91229,48.968418]}},{"type":"Feature","properties":{"CountryName":"Czechia","Type of Animal":"Pork"},"geometry":{"type":"Point","coordinates":[15.91229,48.968418]}},{"type":"Feature","properties":{"CountryName":"Czechia","Type of Animal":"Pork"},"geometry":{"type":"Point","coordinates":[15.91229,48.968418]}},{"type":"Feature","properties":{"CountryName":"Czechia","Type of Animal":"Pork"},"geometry":{"type":"Point","coordinates":[15.91229,48.968418]}},{"type":"Feature","properties":{"CountryName":"Czechia","Type of Animal":"Pork"},"geometry":{"type":"Point","coordinates":[16.359282,48.906804]}},{"type":"Feature","properties":{"CountryName":"Czechia","Type of Animal":"Pork"},"geometry":{"type":"Point","coordinates":[16.359282,48.906804]}},{"type":"Feature","properties":{"CountryName":"Czechia","Type of Animal":"Chicken"},"geometry":{"type":"Point","coordinates":[14.55097,49.158974]}},{"type":"Feature","properties":{"CountryName":"Czechia","Type of Animal":"Chicken"},"geometry":{"type":"Point","coordinates":[14.55097,49.158974]}},{"type":"Feature","properties":{"CountryName":"Czechia","Type of Animal":"Chicken"},"geometry":{"type":"Point","coordinates":[14.55097,49.158974]}},{"type":"Feature","properties":{"CountryName":"Czechia","Type of Animal":"Chicken"},"geometry":{"type":"Point","coordinates":[14.55097,49.158974]}},{"type":"Feature","properties":{"CountryName":"Czechia","Type of Animal":"Chicken"},"geometry":{"type":"Point","coordinates":[14.55097,49.158974]}},{"type":"Feature","properties":{"CountryName":"Czechia","Type of Animal":"Chicken"},"geometry":{"type":"Point","coordinates":[14.55097,49.158974]}},{"type":"Feature","properties":{"CountryName":"Czechia","Type of Animal":"Chicken"},"geometry":{"type":"Point","coordinates":[14.200025,49.100589]}},{"type":"Feature","properties":{"CountryName":"Czechia","Type of Animal":"Chicken"},"geometry":{"type":"Point","coordinates":[14.200025,49.100589]}},{"type":"Feature","properties":{"CountryName":"Czechia","Type of Animal":"Chicken"},"geometry":{"type":"Point","coordinates":[14.200025,49.100589]}},{"type":"Feature","properties":{"CountryName":"Czechia","Type of Animal":"Chicken"},"geometry":{"type":"Point","coordinates":[14.200025,49.100589]}},{"type":"Feature","properties":{"CountryName":"Czechia","Type of Animal":"Chicken"},"geometry":{"type":"Point","coordinates":[14.200025,49.100589]}},{"type":"Feature","properties":{"CountryName":"Czechia","Type of Animal":"Chicken"},"geometry":{"type":"Point","coordinates":[14.200025,49.100589]}},{"type":"Feature","properties":{"CountryName":"Czechia","Type of Animal":"Chicken"},"geometry":{"type":"Point","coordinates":[14.570278,49.210722]}},{"type":"Feature","properties":{"CountryName":"Czechia","Type of Animal":"Chicken"},"geometry":{"type":"Point","coordinates":[14.570278,49.210722]}},{"type":"Feature","properties":{"CountryName":"Czechia","Type of Animal":"Chicken"},"geometry":{"type":"Point","coordinates":[14.570278,49.210722]}},{"type":"Feature","properties":{"CountryName":"Czechia","Type of Animal":"Chicken"},"geometry":{"type":"Point","coordinates":[14.570278,49.210722]}},{"type":"Feature","properties":{"CountryName":"Czechia","Type of Animal":"Chicken"},"geometry":{"type":"Point","coordinates":[14.570278,49.210722]}},{"type":"Feature","properties":{"CountryName":"Czechia","Type of Animal":"Chicken"},"geometry":{"type":"Point","coordinates":[14.570278,49.210722]}},{"type":"Feature","properties":{"CountryName":"Czechia","Type of Animal":"Chicken"},"geometry":{"type":"Point","coordinates":[14.415609,49.482856]}},{"type":"Feature","properties":{"CountryName":"Czechia","Type of Animal":"Chicken"},"geometry":{"type":"Point","coordinates":[14.415609,49.482856]}},{"type":"Feature","properties":{"CountryName":"Czechia","Type of Animal":"Chicken"},"geometry":{"type":"Point","coordinates":[14.415609,49.482856]}},{"type":"Feature","properties":{"CountryName":"Czechia","Type of Animal":"Chicken"},"geometry":{"type":"Point","coordinates":[14.415609,49.482856]}},{"type":"Feature","properties":{"CountryName":"Czechia","Type of Animal":"Chicken"},"geometry":{"type":"Point","coordinates":[14.415609,49.482856]}},{"type":"Feature","properties":{"CountryName":"Czechia","Type of Animal":"Chicken"},"geometry":{"type":"Point","coordinates":[14.415609,49.482856]}},{"type":"Feature","properties":{"CountryName":"Czechia","Type of Animal":"Chicken"},"geometry":{"type":"Point","coordinates":[14.595701,48.980484]}},{"type":"Feature","properties":{"CountryName":"Czechia","Type of Animal":"Chicken"},"geometry":{"type":"Point","coordinates":[14.595701,48.980484]}},{"type":"Feature","properties":{"CountryName":"Czechia","Type of Animal":"Chicken"},"geometry":{"type":"Point","coordinates":[14.595701,48.980484]}},{"type":"Feature","properties":{"CountryName":"Czechia","Type of Animal":"Chicken"},"geometry":{"type":"Point","coordinates":[14.595701,48.980484]}},{"type":"Feature","properties":{"CountryName":"Czechia","Type of Animal":"Chicken"},"geometry":{"type":"Point","coordinates":[14.595701,48.980484]}},{"type":"Feature","properties":{"CountryName":"Czechia","Type of Animal":"Pork"},"geometry":{"type":"Point","coordinates":[14.288026,48.935105]}},{"type":"Feature","properties":{"CountryName":"Czechia","Type of Animal":"Pork"},"geometry":{"type":"Point","coordinates":[14.288026,48.935105]}},{"type":"Feature","properties":{"CountryName":"Czechia","Type of Animal":"Pork"},"geometry":{"type":"Point","coordinates":[14.288026,48.935105]}},{"type":"Feature","properties":{"CountryName":"Czechia","Type of Animal":"Pork"},"geometry":{"type":"Point","coordinates":[14.288026,48.935105]}},{"type":"Feature","properties":{"CountryName":"Czechia","Type of Animal":"Pork"},"geometry":{"type":"Point","coordinates":[14.288026,48.935105]}},{"type":"Feature","properties":{"CountryName":"Czechia","Type of Animal":"Pork"},"geometry":{"type":"Point","coordinates":[14.288026,48.935105]}},{"type":"Feature","properties":{"CountryName":"Czechia","Type of Animal":"Chicken"},"geometry":{"type":"Point","coordinates":[14.307161,49.251685]}},{"type":"Feature","properties":{"CountryName":"Czechia","Type of Animal":"Chicken"},"geometry":{"type":"Point","coordinates":[14.307161,49.251685]}},{"type":"Feature","properties":{"CountryName":"Czechia","Type of Animal":"Chicken"},"geometry":{"type":"Point","coordinates":[14.307161,49.251685]}},{"type":"Feature","properties":{"CountryName":"Czechia","Type of Animal":"Chicken"},"geometry":{"type":"Point","coordinates":[14.307161,49.251685]}},{"type":"Feature","properties":{"CountryName":"Czechia","Type of Animal":"Chicken"},"geometry":{"type":"Point","coordinates":[14.307161,49.251685]}},{"type":"Feature","properties":{"CountryName":"Czechia","Type of Animal":"Chicken"},"geometry":{"type":"Point","coordinates":[14.307161,49.251685]}},{"type":"Feature","properties":{"CountryName":"Czechia","Type of Animal":"Chicken"},"geometry":{"type":"Point","coordinates":[14.845947,49.176282]}},{"type":"Feature","properties":{"CountryName":"Czechia","Type of Animal":"Chicken"},"geometry":{"type":"Point","coordinates":[14.845947,49.176282]}},{"type":"Feature","properties":{"CountryName":"Czechia","Type of Animal":"Chicken"},"geometry":{"type":"Point","coordinates":[14.845947,49.176282]}},{"type":"Feature","properties":{"CountryName":"Czechia","Type of Animal":"Chicken"},"geometry":{"type":"Point","coordinates":[14.845947,49.176282]}},{"type":"Feature","properties":{"CountryName":"Czechia","Type of Animal":"Chicken"},"geometry":{"type":"Point","coordinates":[14.845947,49.176282]}},{"type":"Feature","properties":{"CountryName":"Czechia","Type of Animal":"Chicken"},"geometry":{"type":"Point","coordinates":[14.845947,49.176282]}},{"type":"Feature","properties":{"CountryName":"Czechia","Type of Animal":"Chicken"},"geometry":{"type":"Point","coordinates":[14.690303,49.435229]}},{"type":"Feature","properties":{"CountryName":"Czechia","Type of Animal":"Chicken"},"geometry":{"type":"Point","coordinates":[14.690303,49.435229]}},{"type":"Feature","properties":{"CountryName":"Czechia","Type of Animal":"Chicken"},"geometry":{"type":"Point","coordinates":[14.690303,49.435229]}},{"type":"Feature","properties":{"CountryName":"Czechia","Type of Animal":"Chicken"},"geometry":{"type":"Point","coordinates":[14.690303,49.435229]}},{"type":"Feature","properties":{"CountryName":"Czechia","Type of Animal":"Chicken"},"geometry":{"type":"Point","coordinates":[14.690303,49.435229]}},{"type":"Feature","properties":{"CountryName":"Czechia","Type of Animal":"Chicken"},"geometry":{"type":"Point","coordinates":[14.690303,49.435229]}},{"type":"Feature","properties":{"CountryName":"Czechia","Type of Animal":"Chicken"},"geometry":{"type":"Point","coordinates":[14.611396,49.009598]}},{"type":"Feature","properties":{"CountryName":"Czechia","Type of Animal":"Chicken"},"geometry":{"type":"Point","coordinates":[14.611396,49.009598]}},{"type":"Feature","properties":{"CountryName":"Czechia","Type of Animal":"Chicken"},"geometry":{"type":"Point","coordinates":[14.611396,49.009598]}},{"type":"Feature","properties":{"CountryName":"Czechia","Type of Animal":"Chicken"},"geometry":{"type":"Point","coordinates":[14.611396,49.009598]}},{"type":"Feature","properties":{"CountryName":"Czechia","Type of Animal":"Chicken"},"geometry":{"type":"Point","coordinates":[14.611396,49.009598]}},{"type":"Feature","properties":{"CountryName":"Czechia","Type of Animal":"Chicken"},"geometry":{"type":"Point","coordinates":[14.611396,49.009598]}},{"type":"Feature","properties":{"CountryName":"Czechia","Type of Animal":"Chicken"},"geometry":{"type":"Point","coordinates":[15.095491,49.179522]}},{"type":"Feature","properties":{"CountryName":"Czechia","Type of Animal":"Chicken"},"geometry":{"type":"Point","coordinates":[15.095491,49.179522]}},{"type":"Feature","properties":{"CountryName":"Czechia","Type of Animal":"Chicken"},"geometry":{"type":"Point","coordinates":[15.095491,49.179522]}},{"type":"Feature","properties":{"CountryName":"Czechia","Type of Animal":"Chicken"},"geometry":{"type":"Point","coordinates":[15.095491,49.179522]}},{"type":"Feature","properties":{"CountryName":"Czechia","Type of Animal":"Chicken"},"geometry":{"type":"Point","coordinates":[15.095491,49.179522]}},{"type":"Feature","properties":{"CountryName":"Czechia","Type of Animal":"Chicken"},"geometry":{"type":"Point","coordinates":[15.095491,49.179522]}},{"type":"Feature","properties":{"CountryName":"Czechia","Type of Animal":"Pork"},"geometry":{"type":"Point","coordinates":[14.757059,49.029081]}},{"type":"Feature","properties":{"CountryName":"Czechia","Type of Animal":"Pork"},"geometry":{"type":"Point","coordinates":[14.757059,49.029081]}},{"type":"Feature","properties":{"CountryName":"Czechia","Type of Animal":"Pork"},"geometry":{"type":"Point","coordinates":[14.757059,49.029081]}},{"type":"Feature","properties":{"CountryName":"Czechia","Type of Animal":"Pork"},"geometry":{"type":"Point","coordinates":[14.757059,49.029081]}},{"type":"Feature","properties":{"CountryName":"Czechia","Type of Animal":"Pork"},"geometry":{"type":"Point","coordinates":[14.757059,49.029081]}},{"type":"Feature","properties":{"CountryName":"Czechia","Type of Animal":"Pork"},"geometry":{"type":"Point","coordinates":[14.757059,49.029081]}},{"type":"Feature","properties":{"CountryName":"Czechia","Type of Animal":"Chicken"},"geometry":{"type":"Point","coordinates":[14.869157,48.833911]}},{"type":"Feature","properties":{"CountryName":"Czechia","Type of Animal":"Chicken"},"geometry":{"type":"Point","coordinates":[14.869157,48.833911]}},{"type":"Feature","properties":{"CountryName":"Czechia","Type of Animal":"Chicken"},"geometry":{"type":"Point","coordinates":[14.869157,48.833911]}},{"type":"Feature","properties":{"CountryName":"Czechia","Type of Animal":"Chicken"},"geometry":{"type":"Point","coordinates":[14.869157,48.833911]}},{"type":"Feature","properties":{"CountryName":"Czechia","Type of Animal":"Chicken"},"geometry":{"type":"Point","coordinates":[14.869157,48.833911]}},{"type":"Feature","properties":{"CountryName":"Czechia","Type of Animal":"Chicken"},"geometry":{"type":"Point","coordinates":[14.869157,48.833911]}},{"type":"Feature","properties":{"CountryName":"Czechia","Type of Animal":"Chicken"},"geometry":{"type":"Point","coordinates":[14.890468,49.002919]}},{"type":"Feature","properties":{"CountryName":"Czechia","Type of Animal":"Chicken"},"geometry":{"type":"Point","coordinates":[14.890468,49.002919]}},{"type":"Feature","properties":{"CountryName":"Czechia","Type of Animal":"Chicken"},"geometry":{"type":"Point","coordinates":[14.890468,49.002919]}},{"type":"Feature","properties":{"CountryName":"Czechia","Type of Animal":"Chicken"},"geometry":{"type":"Point","coordinates":[14.890468,49.002919]}},{"type":"Feature","properties":{"CountryName":"Czechia","Type of Animal":"Chicken"},"geometry":{"type":"Point","coordinates":[14.890468,49.002919]}},{"type":"Feature","properties":{"CountryName":"Czechia","Type of Animal":"Chicken"},"geometry":{"type":"Point","coordinates":[14.890468,49.002919]}},{"type":"Feature","properties":{"CountryName":"Czechia","Type of Animal":"Chicken"},"geometry":{"type":"Point","coordinates":[14.921982,48.999346]}},{"type":"Feature","properties":{"CountryName":"Czechia","Type of Animal":"Chicken"},"geometry":{"type":"Point","coordinates":[14.921982,48.999346]}},{"type":"Feature","properties":{"CountryName":"Czechia","Type of Animal":"Chicken"},"geometry":{"type":"Point","coordinates":[14.921982,48.999346]}},{"type":"Feature","properties":{"CountryName":"Czechia","Type of Animal":"Chicken"},"geometry":{"type":"Point","coordinates":[14.921982,48.999346]}},{"type":"Feature","properties":{"CountryName":"Czechia","Type of Animal":"Chicken"},"geometry":{"type":"Point","coordinates":[14.921982,48.999346]}},{"type":"Feature","properties":{"CountryName":"Czechia","Type of Animal":"Chicken"},"geometry":{"type":"Point","coordinates":[14.921982,48.999346]}},{"type":"Feature","properties":{"CountryName":"Czechia","Type of Animal":"Chicken"},"geometry":{"type":"Point","coordinates":[14.106678,49.497659]}},{"type":"Feature","properties":{"CountryName":"Czechia","Type of Animal":"Chicken"},"geometry":{"type":"Point","coordinates":[14.106678,49.497659]}},{"type":"Feature","properties":{"CountryName":"Czechia","Type of Animal":"Chicken"},"geometry":{"type":"Point","coordinates":[14.106678,49.497659]}},{"type":"Feature","properties":{"CountryName":"Czechia","Type of Animal":"Chicken"},"geometry":{"type":"Point","coordinates":[14.106678,49.497659]}},{"type":"Feature","properties":{"CountryName":"Czechia","Type of Animal":"Chicken"},"geometry":{"type":"Point","coordinates":[14.106678,49.497659]}},{"type":"Feature","properties":{"CountryName":"Czechia","Type of Animal":"Chicken"},"geometry":{"type":"Point","coordinates":[14.106678,49.497659]}},{"type":"Feature","properties":{"CountryName":"Czechia","Type of Animal":"Chicken"},"geometry":{"type":"Point","coordinates":[14.065667,49.074185]}},{"type":"Feature","properties":{"CountryName":"Czechia","Type of Animal":"Chicken"},"geometry":{"type":"Point","coordinates":[14.065667,49.074185]}},{"type":"Feature","properties":{"CountryName":"Czechia","Type of Animal":"Chicken"},"geometry":{"type":"Point","coordinates":[14.065667,49.074185]}},{"type":"Feature","properties":{"CountryName":"Czechia","Type of Animal":"Chicken"},"geometry":{"type":"Point","coordinates":[14.065667,49.074185]}},{"type":"Feature","properties":{"CountryName":"Czechia","Type of Animal":"Chicken"},"geometry":{"type":"Point","coordinates":[14.065667,49.074185]}},{"type":"Feature","properties":{"CountryName":"Czechia","Type of Animal":"Chicken"},"geometry":{"type":"Point","coordinates":[14.065667,49.074185]}},{"type":"Feature","properties":{"CountryName":"Czechia","Type of Animal":"Chicken"},"geometry":{"type":"Point","coordinates":[14.078128,49.440824]}},{"type":"Feature","properties":{"CountryName":"Czechia","Type of Animal":"Chicken"},"geometry":{"type":"Point","coordinates":[14.078128,49.440824]}},{"type":"Feature","properties":{"CountryName":"Czechia","Type of Animal":"Chicken"},"geometry":{"type":"Point","coordinates":[14.078128,49.440824]}},{"type":"Feature","properties":{"CountryName":"Czechia","Type of Animal":"Chicken"},"geometry":{"type":"Point","coordinates":[14.078128,49.440824]}},{"type":"Feature","properties":{"CountryName":"Czechia","Type of Animal":"Chicken"},"geometry":{"type":"Point","coordinates":[14.078128,49.440824]}},{"type":"Feature","properties":{"CountryName":"Czechia","Type of Animal":"Chicken"},"geometry":{"type":"Point","coordinates":[14.078128,49.440824]}},{"type":"Feature","properties":{"CountryName":"Czechia","Type of Animal":"Chicken"},"geometry":{"type":"Point","coordinates":[14.932521,48.805833]}},{"type":"Feature","properties":{"CountryName":"Czechia","Type of Animal":"Chicken"},"geometry":{"type":"Point","coordinates":[14.932521,48.805833]}},{"type":"Feature","properties":{"CountryName":"Czechia","Type of Animal":"Chicken"},"geometry":{"type":"Point","coordinates":[14.932521,48.805833]}},{"type":"Feature","properties":{"CountryName":"Czechia","Type of Animal":"Chicken"},"geometry":{"type":"Point","coordinates":[14.932521,48.805833]}},{"type":"Feature","properties":{"CountryName":"Czechia","Type of Animal":"Chicken"},"geometry":{"type":"Point","coordinates":[14.932521,48.805833]}},{"type":"Feature","properties":{"CountryName":"Czechia","Type of Animal":"Chicken"},"geometry":{"type":"Point","coordinates":[14.932521,48.805833]}},{"type":"Feature","properties":{"CountryName":"Czechia","Type of Animal":"Chicken"},"geometry":{"type":"Point","coordinates":[14.539186,49.285478]}},{"type":"Feature","properties":{"CountryName":"Czechia","Type of Animal":"Chicken"},"geometry":{"type":"Point","coordinates":[14.539186,49.285478]}},{"type":"Feature","properties":{"CountryName":"Czechia","Type of Animal":"Chicken"},"geometry":{"type":"Point","coordinates":[14.539186,49.285478]}},{"type":"Feature","properties":{"CountryName":"Czechia","Type of Animal":"Chicken"},"geometry":{"type":"Point","coordinates":[14.539186,49.285478]}},{"type":"Feature","properties":{"CountryName":"Czechia","Type of Animal":"Chicken"},"geometry":{"type":"Point","coordinates":[14.539186,49.285478]}},{"type":"Feature","properties":{"CountryName":"Czechia","Type of Animal":"Chicken"},"geometry":{"type":"Point","coordinates":[14.539186,49.285478]}},{"type":"Feature","properties":{"CountryName":"Czechia","Type of Animal":"Pork"},"geometry":{"type":"Point","coordinates":[14.675121,49.114337]}},{"type":"Feature","properties":{"CountryName":"Czechia","Type of Animal":"Pork"},"geometry":{"type":"Point","coordinates":[14.675121,49.114337]}},{"type":"Feature","properties":{"CountryName":"Czechia","Type of Animal":"Pork"},"geometry":{"type":"Point","coordinates":[14.675121,49.114337]}},{"type":"Feature","properties":{"CountryName":"Czechia","Type of Animal":"Pork"},"geometry":{"type":"Point","coordinates":[14.675121,49.114337]}},{"type":"Feature","properties":{"CountryName":"Czechia","Type of Animal":"Pork"},"geometry":{"type":"Point","coordinates":[14.675121,49.114337]}},{"type":"Feature","properties":{"CountryName":"Czechia","Type of Animal":"Pork"},"geometry":{"type":"Point","coordinates":[14.675121,49.114337]}},{"type":"Feature","properties":{"CountryName":"Czechia","Type of Animal":"Chicken"},"geometry":{"type":"Point","coordinates":[14.093551,49.484577]}},{"type":"Feature","properties":{"CountryName":"Czechia","Type of Animal":"Chicken"},"geometry":{"type":"Point","coordinates":[14.093551,49.484577]}},{"type":"Feature","properties":{"CountryName":"Czechia","Type of Animal":"Chicken"},"geometry":{"type":"Point","coordinates":[14.093551,49.484577]}},{"type":"Feature","properties":{"CountryName":"Czechia","Type of Animal":"Chicken"},"geometry":{"type":"Point","coordinates":[14.093551,49.484577]}},{"type":"Feature","properties":{"CountryName":"Czechia","Type of Animal":"Chicken"},"geometry":{"type":"Point","coordinates":[14.093551,49.484577]}},{"type":"Feature","properties":{"CountryName":"Czechia","Type of Animal":"Chicken"},"geometry":{"type":"Point","coordinates":[14.093551,49.484577]}},{"type":"Feature","properties":{"CountryName":"Czechia","Type of Animal":"Chicken"},"geometry":{"type":"Point","coordinates":[14.679579,49.343358]}},{"type":"Feature","properties":{"CountryName":"Czechia","Type of Animal":"Chicken"},"geometry":{"type":"Point","coordinates":[14.679579,49.343358]}},{"type":"Feature","properties":{"CountryName":"Czechia","Type of Animal":"Chicken"},"geometry":{"type":"Point","coordinates":[14.679579,49.343358]}},{"type":"Feature","properties":{"CountryName":"Czechia","Type of Animal":"Chicken"},"geometry":{"type":"Point","coordinates":[14.679579,49.343358]}},{"type":"Feature","properties":{"CountryName":"Czechia","Type of Animal":"Chicken"},"geometry":{"type":"Point","coordinates":[14.679579,49.343358]}},{"type":"Feature","properties":{"CountryName":"Czechia","Type of Animal":"Chicken"},"geometry":{"type":"Point","coordinates":[14.679579,49.343358]}},{"type":"Feature","properties":{"CountryName":"Czechia","Type of Animal":"Chicken"},"geometry":{"type":"Point","coordinates":[16.6375,49.9175]}},{"type":"Feature","properties":{"CountryName":"Czechia","Type of Animal":"Chicken"},"geometry":{"type":"Point","coordinates":[16.6375,49.9175]}},{"type":"Feature","properties":{"CountryName":"Czechia","Type of Animal":"Chicken"},"geometry":{"type":"Point","coordinates":[16.6375,49.9175]}},{"type":"Feature","properties":{"CountryName":"Czechia","Type of Animal":"Chicken"},"geometry":{"type":"Point","coordinates":[16.6375,49.9175]}},{"type":"Feature","properties":{"CountryName":"Czechia","Type of Animal":"Chicken"},"geometry":{"type":"Point","coordinates":[16.6375,49.9175]}},{"type":"Feature","properties":{"CountryName":"Czechia","Type of Animal":"Chicken"},"geometry":{"type":"Point","coordinates":[16.6375,49.9175]}},{"type":"Feature","properties":{"CountryName":"Czechia","Type of Animal":"Chicken"},"geometry":{"type":"Point","coordinates":[16.352895,49.817894]}},{"type":"Feature","properties":{"CountryName":"Czechia","Type of Animal":"Chicken"},"geometry":{"type":"Point","coordinates":[16.352895,49.817894]}},{"type":"Feature","properties":{"CountryName":"Czechia","Type of Animal":"Chicken"},"geometry":{"type":"Point","coordinates":[16.352895,49.817894]}},{"type":"Feature","properties":{"CountryName":"Czechia","Type of Animal":"Chicken"},"geometry":{"type":"Point","coordinates":[16.352895,49.817894]}},{"type":"Feature","properties":{"CountryName":"Czechia","Type of Animal":"Chicken"},"geometry":{"type":"Point","coordinates":[16.352895,49.817894]}},{"type":"Feature","properties":{"CountryName":"Czechia","Type of Animal":"Chicken"},"geometry":{"type":"Point","coordinates":[16.352895,49.817894]}},{"type":"Feature","properties":{"CountryName":"Czechia","Type of Animal":"Chicken"},"geometry":{"type":"Point","coordinates":[16.025696,50.073404]}},{"type":"Feature","properties":{"CountryName":"Czechia","Type of Animal":"Chicken"},"geometry":{"type":"Point","coordinates":[16.025696,50.073404]}},{"type":"Feature","properties":{"CountryName":"Czechia","Type of Animal":"Chicken"},"geometry":{"type":"Point","coordinates":[16.025696,50.073404]}},{"type":"Feature","properties":{"CountryName":"Czechia","Type of Animal":"Chicken"},"geometry":{"type":"Point","coordinates":[16.025696,50.073404]}},{"type":"Feature","properties":{"CountryName":"Czechia","Type of Animal":"Chicken"},"geometry":{"type":"Point","coordinates":[16.025696,50.073404]}},{"type":"Feature","properties":{"CountryName":"Czechia","Type of Animal":"Chicken"},"geometry":{"type":"Point","coordinates":[16.025696,50.073404]}},{"type":"Feature","properties":{"CountryName":"Czechia","Type of Animal":"Pork"},"geometry":{"type":"Point","coordinates":[16.047514,50.000968]}},{"type":"Feature","properties":{"CountryName":"Czechia","Type of Animal":"Pork"},"geometry":{"type":"Point","coordinates":[16.047514,50.000968]}},{"type":"Feature","properties":{"CountryName":"Czechia","Type of Animal":"Pork"},"geometry":{"type":"Point","coordinates":[16.047514,50.000968]}},{"type":"Feature","properties":{"CountryName":"Czechia","Type of Animal":"Pork"},"geometry":{"type":"Point","coordinates":[16.047514,50.000968]}},{"type":"Feature","properties":{"CountryName":"Czechia","Type of Animal":"Pork"},"geometry":{"type":"Point","coordinates":[16.047514,50.000968]}},{"type":"Feature","properties":{"CountryName":"Czechia","Type of Animal":"Pork"},"geometry":{"type":"Point","coordinates":[16.047514,50.000968]}},{"type":"Feature","properties":{"CountryName":"Czechia","Type of Animal":"Chicken"},"geometry":{"type":"Point","coordinates":[15.665719,49.991361]}},{"type":"Feature","properties":{"CountryName":"Czechia","Type of Animal":"Chicken"},"geometry":{"type":"Point","coordinates":[15.665719,49.991361]}},{"type":"Feature","properties":{"CountryName":"Czechia","Type of Animal":"Chicken"},"geometry":{"type":"Point","coordinates":[15.665719,49.991361]}},{"type":"Feature","properties":{"CountryName":"Czechia","Type of Animal":"Chicken"},"geometry":{"type":"Point","coordinates":[15.665719,49.991361]}},{"type":"Feature","properties":{"CountryName":"Czechia","Type of Animal":"Chicken"},"geometry":{"type":"Point","coordinates":[15.665719,49.991361]}},{"type":"Feature","properties":{"CountryName":"Czechia","Type of Animal":"Chicken"},"geometry":{"type":"Point","coordinates":[15.665719,49.991361]}},{"type":"Feature","properties":{"CountryName":"Czechia","Type of Animal":"Chicken"},"geometry":{"type":"Point","coordinates":[15.52734,50.024608]}},{"type":"Feature","properties":{"CountryName":"Czechia","Type of Animal":"Chicken"},"geometry":{"type":"Point","coordinates":[15.52734,50.024608]}},{"type":"Feature","properties":{"CountryName":"Czechia","Type of Animal":"Chicken"},"geometry":{"type":"Point","coordinates":[15.52734,50.024608]}},{"type":"Feature","properties":{"CountryName":"Czechia","Type of Animal":"Chicken"},"geometry":{"type":"Point","coordinates":[15.52734,50.024608]}},{"type":"Feature","properties":{"CountryName":"Czechia","Type of Animal":"Chicken"},"geometry":{"type":"Point","coordinates":[15.52734,50.024608]}},{"type":"Feature","properties":{"CountryName":"Czechia","Type of Animal":"Chicken"},"geometry":{"type":"Point","coordinates":[15.52734,50.024608]}},{"type":"Feature","properties":{"CountryName":"Czechia","Type of Animal":"Pork"},"geometry":{"type":"Point","coordinates":[15.982076,49.939162]}},{"type":"Feature","properties":{"CountryName":"Czechia","Type of Animal":"Pork"},"geometry":{"type":"Point","coordinates":[15.506474,50.194866]}},{"type":"Feature","properties":{"CountryName":"Czechia","Type of Animal":"Pork"},"geometry":{"type":"Point","coordinates":[15.506474,50.194866]}},{"type":"Feature","properties":{"CountryName":"Czechia","Type of Animal":"Pork"},"geometry":{"type":"Point","coordinates":[15.506474,50.194866]}},{"type":"Feature","properties":{"CountryName":"Czechia","Type of Animal":"Pork"},"geometry":{"type":"Point","coordinates":[15.506474,50.194866]}},{"type":"Feature","properties":{"CountryName":"Czechia","Type of Animal":"Pork"},"geometry":{"type":"Point","coordinates":[15.506474,50.194866]}},{"type":"Feature","properties":{"CountryName":"Czechia","Type of Animal":"Pork"},"geometry":{"type":"Point","coordinates":[15.506474,50.194866]}},{"type":"Feature","properties":{"CountryName":"Czechia","Type of Animal":"Chicken"},"geometry":{"type":"Point","coordinates":[15.290654,50.353296]}},{"type":"Feature","properties":{"CountryName":"Czechia","Type of Animal":"Chicken"},"geometry":{"type":"Point","coordinates":[15.290654,50.353296]}},{"type":"Feature","properties":{"CountryName":"Czechia","Type of Animal":"Chicken"},"geometry":{"type":"Point","coordinates":[15.290654,50.353296]}},{"type":"Feature","properties":{"CountryName":"Czechia","Type of Animal":"Chicken"},"geometry":{"type":"Point","coordinates":[15.290654,50.353296]}},{"type":"Feature","properties":{"CountryName":"Czechia","Type of Animal":"Chicken"},"geometry":{"type":"Point","coordinates":[15.290654,50.353296]}},{"type":"Feature","properties":{"CountryName":"Czechia","Type of Animal":"Chicken"},"geometry":{"type":"Point","coordinates":[15.290654,50.353296]}},{"type":"Feature","properties":{"CountryName":"Czechia","Type of Animal":"Chicken"},"geometry":{"type":"Point","coordinates":[15.855899,50.27544]}},{"type":"Feature","properties":{"CountryName":"Czechia","Type of Animal":"Chicken"},"geometry":{"type":"Point","coordinates":[15.855899,50.27544]}},{"type":"Feature","properties":{"CountryName":"Czechia","Type of Animal":"Chicken"},"geometry":{"type":"Point","coordinates":[15.855899,50.27544]}},{"type":"Feature","properties":{"CountryName":"Czechia","Type of Animal":"Chicken"},"geometry":{"type":"Point","coordinates":[15.855899,50.27544]}},{"type":"Feature","properties":{"CountryName":"Czechia","Type of Animal":"Chicken"},"geometry":{"type":"Point","coordinates":[15.855899,50.27544]}},{"type":"Feature","properties":{"CountryName":"Czechia","Type of Animal":"Chicken"},"geometry":{"type":"Point","coordinates":[15.855899,50.27544]}},{"type":"Feature","properties":{"CountryName":"Czechia","Type of Animal":"Pork"},"geometry":{"type":"Point","coordinates":[15.732221,50.315192]}},{"type":"Feature","properties":{"CountryName":"Czechia","Type of Animal":"Pork"},"geometry":{"type":"Point","coordinates":[15.732221,50.315192]}},{"type":"Feature","properties":{"CountryName":"Czechia","Type of Animal":"Pork"},"geometry":{"type":"Point","coordinates":[15.732221,50.315192]}},{"type":"Feature","properties":{"CountryName":"Czechia","Type of Animal":"Pork"},"geometry":{"type":"Point","coordinates":[15.732221,50.315192]}},{"type":"Feature","properties":{"CountryName":"Czechia","Type of Animal":"Pork"},"geometry":{"type":"Point","coordinates":[15.732221,50.315192]}},{"type":"Feature","properties":{"CountryName":"Czechia","Type of Animal":"Pork"},"geometry":{"type":"Point","coordinates":[15.732221,50.315192]}},{"type":"Feature","properties":{"CountryName":"Czechia","Type of Animal":"Chicken"},"geometry":{"type":"Point","coordinates":[15.784648,50.389021]}},{"type":"Feature","properties":{"CountryName":"Czechia","Type of Animal":"Chicken"},"geometry":{"type":"Point","coordinates":[15.784648,50.389021]}},{"type":"Feature","properties":{"CountryName":"Czechia","Type of Animal":"Chicken"},"geometry":{"type":"Point","coordinates":[15.784648,50.389021]}},{"type":"Feature","properties":{"CountryName":"Czechia","Type of Animal":"Chicken"},"geometry":{"type":"Point","coordinates":[15.784648,50.389021]}},{"type":"Feature","properties":{"CountryName":"Czechia","Type of Animal":"Chicken"},"geometry":{"type":"Point","coordinates":[15.784648,50.389021]}},{"type":"Feature","properties":{"CountryName":"Czechia","Type of Animal":"Chicken"},"geometry":{"type":"Point","coordinates":[15.784648,50.389021]}},{"type":"Feature","properties":{"CountryName":"Czechia","Type of Animal":"Chicken"},"geometry":{"type":"Point","coordinates":[16.236608,50.499607]}},{"type":"Feature","properties":{"CountryName":"Czechia","Type of Animal":"Chicken"},"geometry":{"type":"Point","coordinates":[16.236608,50.499607]}},{"type":"Feature","properties":{"CountryName":"Czechia","Type of Animal":"Chicken"},"geometry":{"type":"Point","coordinates":[16.236608,50.499607]}},{"type":"Feature","properties":{"CountryName":"Czechia","Type of Animal":"Chicken"},"geometry":{"type":"Point","coordinates":[16.236608,50.499607]}},{"type":"Feature","properties":{"CountryName":"Czechia","Type of Animal":"Chicken"},"geometry":{"type":"Point","coordinates":[16.236608,50.499607]}},{"type":"Feature","properties":{"CountryName":"Czechia","Type of Animal":"Chicken"},"geometry":{"type":"Point","coordinates":[16.236608,50.499607]}},{"type":"Feature","properties":{"CountryName":"Czechia","Type of Animal":"Pork"},"geometry":{"type":"Point","coordinates":[15.87121,50.416181]}},{"type":"Feature","properties":{"CountryName":"Czechia","Type of Animal":"Pork"},"geometry":{"type":"Point","coordinates":[15.87121,50.416181]}},{"type":"Feature","properties":{"CountryName":"Czechia","Type of Animal":"Pork"},"geometry":{"type":"Point","coordinates":[15.87121,50.416181]}},{"type":"Feature","properties":{"CountryName":"Czechia","Type of Animal":"Pork"},"geometry":{"type":"Point","coordinates":[15.87121,50.416181]}},{"type":"Feature","properties":{"CountryName":"Czechia","Type of Animal":"Pork"},"geometry":{"type":"Point","coordinates":[15.87121,50.416181]}},{"type":"Feature","properties":{"CountryName":"Czechia","Type of Animal":"Pork"},"geometry":{"type":"Point","coordinates":[15.87121,50.416181]}},{"type":"Feature","properties":{"CountryName":"Czechia","Type of Animal":"Pork"},"geometry":{"type":"Point","coordinates":[15.417657,50.471381]}},{"type":"Feature","properties":{"CountryName":"Czechia","Type of Animal":"Pork"},"geometry":{"type":"Point","coordinates":[15.417657,50.471381]}},{"type":"Feature","properties":{"CountryName":"Czechia","Type of Animal":"Pork"},"geometry":{"type":"Point","coordinates":[15.417657,50.471381]}},{"type":"Feature","properties":{"CountryName":"Czechia","Type of Animal":"Pork"},"geometry":{"type":"Point","coordinates":[15.417657,50.471381]}},{"type":"Feature","properties":{"CountryName":"Czechia","Type of Animal":"Pork"},"geometry":{"type":"Point","coordinates":[15.417657,50.471381]}},{"type":"Feature","properties":{"CountryName":"Czechia","Type of Animal":"Pork"},"geometry":{"type":"Point","coordinates":[15.417657,50.471381]}},{"type":"Feature","properties":{"CountryName":"Czechia","Type of Animal":"Pork"},"geometry":{"type":"Point","coordinates":[16.214324,50.609302]}},{"type":"Feature","properties":{"CountryName":"Czechia","Type of Animal":"Pork"},"geometry":{"type":"Point","coordinates":[16.214324,50.609302]}},{"type":"Feature","properties":{"CountryName":"Czechia","Type of Animal":"Pork"},"geometry":{"type":"Point","coordinates":[16.214324,50.609302]}},{"type":"Feature","properties":{"CountryName":"Czechia","Type of Animal":"Pork"},"geometry":{"type":"Point","coordinates":[16.214324,50.609302]}},{"type":"Feature","properties":{"CountryName":"Czechia","Type of Animal":"Pork"},"geometry":{"type":"Point","coordinates":[16.214324,50.609302]}},{"type":"Feature","properties":{"CountryName":"Czechia","Type of Animal":"Pork"},"geometry":{"type":"Point","coordinates":[16.214324,50.609302]}},{"type":"Feature","properties":{"CountryName":"Czechia","Type of Animal":"Chicken"},"geometry":{"type":"Point","coordinates":[15.987795,50.394349]}},{"type":"Feature","properties":{"CountryName":"Czechia","Type of Animal":"Chicken"},"geometry":{"type":"Point","coordinates":[15.987795,50.394349]}},{"type":"Feature","properties":{"CountryName":"Czechia","Type of Animal":"Chicken"},"geometry":{"type":"Point","coordinates":[15.987795,50.394349]}},{"type":"Feature","properties":{"CountryName":"Czechia","Type of Animal":"Chicken"},"geometry":{"type":"Point","coordinates":[15.987795,50.394349]}},{"type":"Feature","properties":{"CountryName":"Czechia","Type of Animal":"Chicken"},"geometry":{"type":"Point","coordinates":[15.987795,50.394349]}},{"type":"Feature","properties":{"CountryName":"Czechia","Type of Animal":"Chicken"},"geometry":{"type":"Point","coordinates":[15.987795,50.394349]}},{"type":"Feature","properties":{"CountryName":"Czechia","Type of Animal":"Chicken"},"geometry":{"type":"Point","coordinates":[15.766171,50.189922]}},{"type":"Feature","properties":{"CountryName":"Czechia","Type of Animal":"Chicken"},"geometry":{"type":"Point","coordinates":[15.766171,50.189922]}},{"type":"Feature","properties":{"CountryName":"Czechia","Type of Animal":"Chicken"},"geometry":{"type":"Point","coordinates":[15.766171,50.189922]}},{"type":"Feature","properties":{"CountryName":"Czechia","Type of Animal":"Chicken"},"geometry":{"type":"Point","coordinates":[15.766171,50.189922]}},{"type":"Feature","properties":{"CountryName":"Czechia","Type of Animal":"Chicken"},"geometry":{"type":"Point","coordinates":[15.766171,50.189922]}},{"type":"Feature","properties":{"CountryName":"Czechia","Type of Animal":"Chicken"},"geometry":{"type":"Point","coordinates":[15.766171,50.189922]}},{"type":"Feature","properties":{"CountryName":"Czechia","Type of Animal":"Chicken"},"geometry":{"type":"Point","coordinates":[16.266021,50.267384]}},{"type":"Feature","properties":{"CountryName":"Czechia","Type of Animal":"Chicken"},"geometry":{"type":"Point","coordinates":[16.266021,50.267384]}},{"type":"Feature","properties":{"CountryName":"Czechia","Type of Animal":"Chicken"},"geometry":{"type":"Point","coordinates":[16.266021,50.267384]}},{"type":"Feature","properties":{"CountryName":"Czechia","Type of Animal":"Chicken"},"geometry":{"type":"Point","coordinates":[16.266021,50.267384]}},{"type":"Feature","properties":{"CountryName":"Czechia","Type of Animal":"Chicken"},"geometry":{"type":"Point","coordinates":[16.266021,50.267384]}},{"type":"Feature","properties":{"CountryName":"Czechia","Type of Animal":"Chicken"},"geometry":{"type":"Point","coordinates":[16.266021,50.267384]}},{"type":"Feature","properties":{"CountryName":"Czechia","Type of Animal":"Chicken"},"geometry":{"type":"Point","coordinates":[16.084498,49.232128]}},{"type":"Feature","properties":{"CountryName":"Czechia","Type of Animal":"Chicken"},"geometry":{"type":"Point","coordinates":[16.084498,49.232128]}},{"type":"Feature","properties":{"CountryName":"Czechia","Type of Animal":"Chicken"},"geometry":{"type":"Point","coordinates":[16.086295,49.130233]}},{"type":"Feature","properties":{"CountryName":"Czechia","Type of Animal":"Chicken"},"geometry":{"type":"Point","coordinates":[15.717426,49.733143]}},{"type":"Feature","properties":{"CountryName":"Czechia","Type of Animal":"Chicken"},"geometry":{"type":"Point","coordinates":[15.467856,49.80392]}},{"type":"Feature","properties":{"CountryName":"Czechia","Type of Animal":"Chicken"},"geometry":{"type":"Point","coordinates":[15.467856,49.80392]}},{"type":"Feature","properties":{"CountryName":"Czechia","Type of Animal":"Chicken"},"geometry":{"type":"Point","coordinates":[15.467856,49.80392]}},{"type":"Feature","properties":{"CountryName":"Czechia","Type of Animal":"Chicken"},"geometry":{"type":"Point","coordinates":[15.467856,49.80392]}},{"type":"Feature","properties":{"CountryName":"Czechia","Type of Animal":"Chicken"},"geometry":{"type":"Point","coordinates":[15.467856,49.80392]}},{"type":"Feature","properties":{"CountryName":"Czechia","Type of Animal":"Chicken"},"geometry":{"type":"Point","coordinates":[15.467856,49.80392]}},{"type":"Feature","properties":{"CountryName":"Czechia","Type of Animal":"Pork"},"geometry":{"type":"Point","coordinates":[16.043589,49.555912]}},{"type":"Feature","properties":{"CountryName":"Czechia","Type of Animal":"Pork"},"geometry":{"type":"Point","coordinates":[16.043589,49.555912]}},{"type":"Feature","properties":{"CountryName":"Czechia","Type of Animal":"Pork"},"geometry":{"type":"Point","coordinates":[16.043589,49.555912]}},{"type":"Feature","properties":{"CountryName":"Czechia","Type of Animal":"Pork"},"geometry":{"type":"Point","coordinates":[16.043589,49.555912]}},{"type":"Feature","properties":{"CountryName":"Czechia","Type of Animal":"Pork"},"geometry":{"type":"Point","coordinates":[16.043589,49.555912]}},{"type":"Feature","properties":{"CountryName":"Czechia","Type of Animal":"Pork"},"geometry":{"type":"Point","coordinates":[16.043589,49.555912]}},{"type":"Feature","properties":{"CountryName":"Czechia","Type of Animal":"Chicken"},"geometry":{"type":"Point","coordinates":[14.990492,49.482086]}},{"type":"Feature","properties":{"CountryName":"Czechia","Type of Animal":"Chicken"},"geometry":{"type":"Point","coordinates":[14.990492,49.482086]}},{"type":"Feature","properties":{"CountryName":"Czechia","Type of Animal":"Chicken"},"geometry":{"type":"Point","coordinates":[14.990492,49.482086]}},{"type":"Feature","properties":{"CountryName":"Czechia","Type of Animal":"Chicken"},"geometry":{"type":"Point","coordinates":[14.990492,49.482086]}},{"type":"Feature","properties":{"CountryName":"Czechia","Type of Animal":"Chicken"},"geometry":{"type":"Point","coordinates":[14.990492,49.482086]}},{"type":"Feature","properties":{"CountryName":"Czechia","Type of Animal":"Chicken"},"geometry":{"type":"Point","coordinates":[14.990492,49.482086]}},{"type":"Feature","properties":{"CountryName":"Czechia","Type of Animal":"Pork"},"geometry":{"type":"Point","coordinates":[15.778809,49.419793]}},{"type":"Feature","properties":{"CountryName":"Czechia","Type of Animal":"Pork"},"geometry":{"type":"Point","coordinates":[15.778809,49.419793]}},{"type":"Feature","properties":{"CountryName":"Czechia","Type of Animal":"Pork"},"geometry":{"type":"Point","coordinates":[15.778809,49.419793]}},{"type":"Feature","properties":{"CountryName":"Czechia","Type of Animal":"Pork"},"geometry":{"type":"Point","coordinates":[15.778809,49.419793]}},{"type":"Feature","properties":{"CountryName":"Czechia","Type of Animal":"Pork"},"geometry":{"type":"Point","coordinates":[15.778809,49.419793]}},{"type":"Feature","properties":{"CountryName":"Czechia","Type of Animal":"Pork"},"geometry":{"type":"Point","coordinates":[15.778809,49.419793]}},{"type":"Feature","properties":{"CountryName":"Czechia","Type of Animal":"Chicken"},"geometry":{"type":"Point","coordinates":[14.766453,50.772144]}},{"type":"Feature","properties":{"CountryName":"Czechia","Type of Animal":"Chicken"},"geometry":{"type":"Point","coordinates":[14.766453,50.772144]}},{"type":"Feature","properties":{"CountryName":"Czechia","Type of Animal":"Chicken"},"geometry":{"type":"Point","coordinates":[14.766453,50.772144]}},{"type":"Feature","properties":{"CountryName":"Czechia","Type of Animal":"Chicken"},"geometry":{"type":"Point","coordinates":[14.766453,50.772144]}},{"type":"Feature","properties":{"CountryName":"Czechia","Type of Animal":"Chicken"},"geometry":{"type":"Point","coordinates":[14.766453,50.772144]}},{"type":"Feature","properties":{"CountryName":"Czechia","Type of Animal":"Chicken"},"geometry":{"type":"Point","coordinates":[14.766453,50.772144]}},{"type":"Feature","properties":{"CountryName":"Czechia","Type of Animal":"Chicken"},"geometry":{"type":"Point","coordinates":[17.729985,49.445785]}},{"type":"Feature","properties":{"CountryName":"Czechia","Type of Animal":"Chicken"},"geometry":{"type":"Point","coordinates":[17.729985,49.445785]}},{"type":"Feature","properties":{"CountryName":"Czechia","Type of Animal":"Chicken"},"geometry":{"type":"Point","coordinates":[17.729985,49.445785]}},{"type":"Feature","properties":{"CountryName":"Czechia","Type of Animal":"Chicken"},"geometry":{"type":"Point","coordinates":[17.729985,49.445785]}},{"type":"Feature","properties":{"CountryName":"Czechia","Type of Animal":"Chicken"},"geometry":{"type":"Point","coordinates":[17.729985,49.445785]}},{"type":"Feature","properties":{"CountryName":"Czechia","Type of Animal":"Chicken"},"geometry":{"type":"Point","coordinates":[17.729985,49.445785]}},{"type":"Feature","properties":{"CountryName":"Czechia","Type of Animal":"Chicken"},"geometry":{"type":"Point","coordinates":[17.097126,49.458812]}},{"type":"Feature","properties":{"CountryName":"Czechia","Type of Animal":"Chicken"},"geometry":{"type":"Point","coordinates":[17.097126,49.458812]}},{"type":"Feature","properties":{"CountryName":"Czechia","Type of Animal":"Chicken"},"geometry":{"type":"Point","coordinates":[17.097126,49.458812]}},{"type":"Feature","properties":{"CountryName":"Czechia","Type of Animal":"Chicken"},"geometry":{"type":"Point","coordinates":[17.097126,49.458812]}},{"type":"Feature","properties":{"CountryName":"Czechia","Type of Animal":"Chicken"},"geometry":{"type":"Point","coordinates":[17.097126,49.458812]}},{"type":"Feature","properties":{"CountryName":"Czechia","Type of Animal":"Chicken"},"geometry":{"type":"Point","coordinates":[17.097126,49.458812]}},{"type":"Feature","properties":{"CountryName":"Czechia","Type of Animal":"Pork"},"geometry":{"type":"Point","coordinates":[17.341168,49.563775]}},{"type":"Feature","properties":{"CountryName":"Czechia","Type of Animal":"Pork"},"geometry":{"type":"Point","coordinates":[17.341168,49.563775]}},{"type":"Feature","properties":{"CountryName":"Czechia","Type of Animal":"Pork"},"geometry":{"type":"Point","coordinates":[17.341168,49.563775]}},{"type":"Feature","properties":{"CountryName":"Czechia","Type of Animal":"Pork"},"geometry":{"type":"Point","coordinates":[17.341168,49.563775]}},{"type":"Feature","properties":{"CountryName":"Czechia","Type of Animal":"Chicken"},"geometry":{"type":"Point","coordinates":[17.080379,49.575531]}},{"type":"Feature","properties":{"CountryName":"Czechia","Type of Animal":"Chicken"},"geometry":{"type":"Point","coordinates":[17.080379,49.575531]}},{"type":"Feature","properties":{"CountryName":"Czechia","Type of Animal":"Chicken"},"geometry":{"type":"Point","coordinates":[17.080379,49.575531]}},{"type":"Feature","properties":{"CountryName":"Czechia","Type of Animal":"Chicken"},"geometry":{"type":"Point","coordinates":[17.080379,49.575531]}},{"type":"Feature","properties":{"CountryName":"Czechia","Type of Animal":"Chicken"},"geometry":{"type":"Point","coordinates":[17.080379,49.575531]}},{"type":"Feature","properties":{"CountryName":"Czechia","Type of Animal":"Chicken"},"geometry":{"type":"Point","coordinates":[17.080379,49.575531]}},{"type":"Feature","properties":{"CountryName":"Czechia","Type of Animal":"Pork"},"geometry":{"type":"Point","coordinates":[17.894587,49.533956]}},{"type":"Feature","properties":{"CountryName":"Czechia","Type of Animal":"Pork"},"geometry":{"type":"Point","coordinates":[17.894587,49.533956]}},{"type":"Feature","properties":{"CountryName":"Czechia","Type of Animal":"Pork"},"geometry":{"type":"Point","coordinates":[17.894587,49.533956]}},{"type":"Feature","properties":{"CountryName":"Czechia","Type of Animal":"Pork"},"geometry":{"type":"Point","coordinates":[17.894587,49.533956]}},{"type":"Feature","properties":{"CountryName":"Czechia","Type of Animal":"Pork"},"geometry":{"type":"Point","coordinates":[17.894587,49.533956]}},{"type":"Feature","properties":{"CountryName":"Czechia","Type of Animal":"Pork"},"geometry":{"type":"Point","coordinates":[17.894587,49.533956]}},{"type":"Feature","properties":{"CountryName":"Czechia","Type of Animal":"Chicken"},"geometry":{"type":"Point","coordinates":[17.140734,49.773745]}},{"type":"Feature","properties":{"CountryName":"Czechia","Type of Animal":"Chicken"},"geometry":{"type":"Point","coordinates":[17.140734,49.773745]}},{"type":"Feature","properties":{"CountryName":"Czechia","Type of Animal":"Chicken"},"geometry":{"type":"Point","coordinates":[17.140734,49.773745]}},{"type":"Feature","properties":{"CountryName":"Czechia","Type of Animal":"Chicken"},"geometry":{"type":"Point","coordinates":[17.140734,49.773745]}},{"type":"Feature","properties":{"CountryName":"Czechia","Type of Animal":"Chicken"},"geometry":{"type":"Point","coordinates":[17.140734,49.773745]}},{"type":"Feature","properties":{"CountryName":"Czechia","Type of Animal":"Chicken"},"geometry":{"type":"Point","coordinates":[17.140734,49.773745]}},{"type":"Feature","properties":{"CountryName":"Czechia","Type of Animal":"Pork"},"geometry":{"type":"Point","coordinates":[16.973512,49.706317]}},{"type":"Feature","properties":{"CountryName":"Czechia","Type of Animal":"Pork"},"geometry":{"type":"Point","coordinates":[16.973512,49.706317]}},{"type":"Feature","properties":{"CountryName":"Czechia","Type of Animal":"Pork"},"geometry":{"type":"Point","coordinates":[16.973512,49.706317]}},{"type":"Feature","properties":{"CountryName":"Czechia","Type of Animal":"Pork"},"geometry":{"type":"Point","coordinates":[16.973512,49.706317]}},{"type":"Feature","properties":{"CountryName":"Czechia","Type of Animal":"Pork"},"geometry":{"type":"Point","coordinates":[16.973512,49.706317]}},{"type":"Feature","properties":{"CountryName":"Czechia","Type of Animal":"Pork"},"geometry":{"type":"Point","coordinates":[16.973512,49.706317]}},{"type":"Feature","properties":{"CountryName":"Czechia","Type of Animal":"Chicken"},"geometry":{"type":"Point","coordinates":[17.110492,49.761561]}},{"type":"Feature","properties":{"CountryName":"Czechia","Type of Animal":"Chicken"},"geometry":{"type":"Point","coordinates":[17.110492,49.761561]}},{"type":"Feature","properties":{"CountryName":"Czechia","Type of Animal":"Chicken"},"geometry":{"type":"Point","coordinates":[17.110492,49.761561]}},{"type":"Feature","properties":{"CountryName":"Czechia","Type of Animal":"Chicken"},"geometry":{"type":"Point","coordinates":[17.110492,49.761561]}},{"type":"Feature","properties":{"CountryName":"Czechia","Type of Animal":"Chicken"},"geometry":{"type":"Point","coordinates":[17.110492,49.761561]}},{"type":"Feature","properties":{"CountryName":"Czechia","Type of Animal":"Chicken"},"geometry":{"type":"Point","coordinates":[17.110492,49.761561]}},{"type":"Feature","properties":{"CountryName":"Czechia","Type of Animal":"Chicken"},"geometry":{"type":"Point","coordinates":[17.506177,49.447593]}},{"type":"Feature","properties":{"CountryName":"Czechia","Type of Animal":"Chicken"},"geometry":{"type":"Point","coordinates":[17.506177,49.447593]}},{"type":"Feature","properties":{"CountryName":"Czechia","Type of Animal":"Chicken"},"geometry":{"type":"Point","coordinates":[17.506177,49.447593]}},{"type":"Feature","properties":{"CountryName":"Czechia","Type of Animal":"Chicken"},"geometry":{"type":"Point","coordinates":[17.506177,49.447593]}},{"type":"Feature","properties":{"CountryName":"Czechia","Type of Animal":"Chicken"},"geometry":{"type":"Point","coordinates":[17.506177,49.447593]}},{"type":"Feature","properties":{"CountryName":"Czechia","Type of Animal":"Chicken"},"geometry":{"type":"Point","coordinates":[17.506177,49.447593]}},{"type":"Feature","properties":{"CountryName":"Czechia","Type of Animal":"Chicken"},"geometry":{"type":"Point","coordinates":[17.092598,49.721318]}},{"type":"Feature","properties":{"CountryName":"Czechia","Type of Animal":"Chicken"},"geometry":{"type":"Point","coordinates":[17.092598,49.721318]}},{"type":"Feature","properties":{"CountryName":"Czechia","Type of Animal":"Chicken"},"geometry":{"type":"Point","coordinates":[17.092598,49.721318]}},{"type":"Feature","properties":{"CountryName":"Czechia","Type of Animal":"Chicken"},"geometry":{"type":"Point","coordinates":[17.092598,49.721318]}},{"type":"Feature","properties":{"CountryName":"Czechia","Type of Animal":"Chicken"},"geometry":{"type":"Point","coordinates":[17.092598,49.721318]}},{"type":"Feature","properties":{"CountryName":"Czechia","Type of Animal":"Chicken"},"geometry":{"type":"Point","coordinates":[17.092598,49.721318]}},{"type":"Feature","properties":{"CountryName":"Czechia","Type of Animal":"Chicken"},"geometry":{"type":"Point","coordinates":[17.512608,49.559106]}},{"type":"Feature","properties":{"CountryName":"Czechia","Type of Animal":"Chicken"},"geometry":{"type":"Point","coordinates":[17.359911,49.561328]}},{"type":"Feature","properties":{"CountryName":"Czechia","Type of Animal":"Pork"},"geometry":{"type":"Point","coordinates":[17.09645,49.6757553]}},{"type":"Feature","properties":{"CountryName":"Czechia","Type of Animal":"Pork"},"geometry":{"type":"Point","coordinates":[16.55731,49.377561]}},{"type":"Feature","properties":{"CountryName":"Czechia","Type of Animal":"Pork"},"geometry":{"type":"Point","coordinates":[16.55731,49.377561]}},{"type":"Feature","properties":{"CountryName":"Czechia","Type of Animal":"Pork"},"geometry":{"type":"Point","coordinates":[16.55731,49.377561]}},{"type":"Feature","properties":{"CountryName":"Czechia","Type of Animal":"Pork"},"geometry":{"type":"Point","coordinates":[16.55731,49.377561]}},{"type":"Feature","properties":{"CountryName":"Czechia","Type of Animal":"Pork"},"geometry":{"type":"Point","coordinates":[16.55731,49.377561]}},{"type":"Feature","properties":{"CountryName":"Czechia","Type of Animal":"Pork"},"geometry":{"type":"Point","coordinates":[16.55731,49.377561]}},{"type":"Feature","properties":{"CountryName":"Czechia","Type of Animal":"Pork"},"geometry":{"type":"Point","coordinates":[16.724324,49.557808]}},{"type":"Feature","properties":{"CountryName":"Czechia","Type of Animal":"Pork"},"geometry":{"type":"Point","coordinates":[16.724324,49.557808]}},{"type":"Feature","properties":{"CountryName":"Czechia","Type of Animal":"Pork"},"geometry":{"type":"Point","coordinates":[16.724324,49.557808]}},{"type":"Feature","properties":{"CountryName":"Czechia","Type of Animal":"Pork"},"geometry":{"type":"Point","coordinates":[16.724324,49.557808]}},{"type":"Feature","properties":{"CountryName":"Czechia","Type of Animal":"Pork"},"geometry":{"type":"Point","coordinates":[16.724324,49.557808]}},{"type":"Feature","properties":{"CountryName":"Czechia","Type of Animal":"Pork"},"geometry":{"type":"Point","coordinates":[16.724324,49.557808]}},{"type":"Feature","properties":{"CountryName":"Czechia","Type of Animal":"Chicken"},"geometry":{"type":"Point","coordinates":[16.526149,48.964673]}},{"type":"Feature","properties":{"CountryName":"Czechia","Type of Animal":"Chicken"},"geometry":{"type":"Point","coordinates":[16.526149,48.964673]}},{"type":"Feature","properties":{"CountryName":"Czechia","Type of Animal":"Chicken"},"geometry":{"type":"Point","coordinates":[16.526149,48.964673]}},{"type":"Feature","properties":{"CountryName":"Czechia","Type of Animal":"Chicken"},"geometry":{"type":"Point","coordinates":[16.526149,48.964673]}},{"type":"Feature","properties":{"CountryName":"Czechia","Type of Animal":"Chicken"},"geometry":{"type":"Point","coordinates":[16.526149,48.964673]}},{"type":"Feature","properties":{"CountryName":"Czechia","Type of Animal":"Chicken"},"geometry":{"type":"Point","coordinates":[16.526149,48.964673]}},{"type":"Feature","properties":{"CountryName":"Czechia","Type of Animal":"Chicken"},"geometry":{"type":"Point","coordinates":[16.439584,48.987947]}},{"type":"Feature","properties":{"CountryName":"Czechia","Type of Animal":"Chicken"},"geometry":{"type":"Point","coordinates":[16.439584,48.987947]}},{"type":"Feature","properties":{"CountryName":"Czechia","Type of Animal":"Chicken"},"geometry":{"type":"Point","coordinates":[16.439584,48.987947]}},{"type":"Feature","properties":{"CountryName":"Czechia","Type of Animal":"Chicken"},"geometry":{"type":"Point","coordinates":[16.439584,48.987947]}},{"type":"Feature","properties":{"CountryName":"Czechia","Type of Animal":"Chicken"},"geometry":{"type":"Point","coordinates":[16.439584,48.987947]}},{"type":"Feature","properties":{"CountryName":"Czechia","Type of Animal":"Chicken"},"geometry":{"type":"Point","coordinates":[16.439584,48.987947]}},{"type":"Feature","properties":{"CountryName":"Czechia","Type of Animal":"Chicken"},"geometry":{"type":"Point","coordinates":[16.648825,49.072396]}},{"type":"Feature","properties":{"CountryName":"Czechia","Type of Animal":"Chicken"},"geometry":{"type":"Point","coordinates":[16.648825,49.072396]}},{"type":"Feature","properties":{"CountryName":"Czechia","Type of Animal":"Chicken"},"geometry":{"type":"Point","coordinates":[16.648825,49.072396]}},{"type":"Feature","properties":{"CountryName":"Czechia","Type of Animal":"Chicken"},"geometry":{"type":"Point","coordinates":[16.648825,49.072396]}},{"type":"Feature","properties":{"CountryName":"Czechia","Type of Animal":"Chicken"},"geometry":{"type":"Point","coordinates":[16.648825,49.072396]}},{"type":"Feature","properties":{"CountryName":"Czechia","Type of Animal":"Chicken"},"geometry":{"type":"Point","coordinates":[16.648825,49.072396]}},{"type":"Feature","properties":{"CountryName":"Czechia","Type of Animal":"Chicken"},"geometry":{"type":"Point","coordinates":[16.680422,49.066716]}},{"type":"Feature","properties":{"CountryName":"Czechia","Type of Animal":"Chicken"},"geometry":{"type":"Point","coordinates":[16.680422,49.066716]}},{"type":"Feature","properties":{"CountryName":"Czechia","Type of Animal":"Chicken"},"geometry":{"type":"Point","coordinates":[16.680422,49.066716]}},{"type":"Feature","properties":{"CountryName":"Czechia","Type of Animal":"Chicken"},"geometry":{"type":"Point","coordinates":[16.680422,49.066716]}},{"type":"Feature","properties":{"CountryName":"Czechia","Type of Animal":"Chicken"},"geometry":{"type":"Point","coordinates":[16.680422,49.066716]}},{"type":"Feature","properties":{"CountryName":"Czechia","Type of Animal":"Chicken"},"geometry":{"type":"Point","coordinates":[16.680422,49.066716]}},{"type":"Feature","properties":{"CountryName":"Czechia","Type of Animal":"Chicken"},"geometry":{"type":"Point","coordinates":[16.577989,49.133164]}},{"type":"Feature","properties":{"CountryName":"Czechia","Type of Animal":"Chicken"},"geometry":{"type":"Point","coordinates":[16.577989,49.133164]}},{"type":"Feature","properties":{"CountryName":"Czechia","Type of Animal":"Chicken"},"geometry":{"type":"Point","coordinates":[16.577989,49.133164]}},{"type":"Feature","properties":{"CountryName":"Czechia","Type of Animal":"Chicken"},"geometry":{"type":"Point","coordinates":[16.577989,49.133164]}},{"type":"Feature","properties":{"CountryName":"Czechia","Type of Animal":"Chicken"},"geometry":{"type":"Point","coordinates":[16.577989,49.133164]}},{"type":"Feature","properties":{"CountryName":"Czechia","Type of Animal":"Chicken"},"geometry":{"type":"Point","coordinates":[16.577989,49.133164]}},{"type":"Feature","properties":{"CountryName":"Czechia","Type of Animal":"Chicken"},"geometry":{"type":"Point","coordinates":[16.49106,49.023904]}},{"type":"Feature","properties":{"CountryName":"Czechia","Type of Animal":"Chicken"},"geometry":{"type":"Point","coordinates":[16.49106,49.023904]}},{"type":"Feature","properties":{"CountryName":"Czechia","Type of Animal":"Chicken"},"geometry":{"type":"Point","coordinates":[16.49106,49.023904]}},{"type":"Feature","properties":{"CountryName":"Czechia","Type of Animal":"Chicken"},"geometry":{"type":"Point","coordinates":[16.49106,49.023904]}},{"type":"Feature","properties":{"CountryName":"Czechia","Type of Animal":"Chicken"},"geometry":{"type":"Point","coordinates":[16.49106,49.023904]}},{"type":"Feature","properties":{"CountryName":"Czechia","Type of Animal":"Chicken"},"geometry":{"type":"Point","coordinates":[16.49106,49.023904]}},{"type":"Feature","properties":{"CountryName":"Czechia","Type of Animal":"Chicken"},"geometry":{"type":"Point","coordinates":[16.609401,48.975606]}},{"type":"Feature","properties":{"CountryName":"Czechia","Type of Animal":"Chicken"},"geometry":{"type":"Point","coordinates":[16.609401,48.975606]}},{"type":"Feature","properties":{"CountryName":"Czechia","Type of Animal":"Chicken"},"geometry":{"type":"Point","coordinates":[16.609401,48.975606]}},{"type":"Feature","properties":{"CountryName":"Czechia","Type of Animal":"Chicken"},"geometry":{"type":"Point","coordinates":[16.609401,48.975606]}},{"type":"Feature","properties":{"CountryName":"Czechia","Type of Animal":"Chicken"},"geometry":{"type":"Point","coordinates":[16.609401,48.975606]}},{"type":"Feature","properties":{"CountryName":"Czechia","Type of Animal":"Chicken"},"geometry":{"type":"Point","coordinates":[16.609401,48.975606]}},{"type":"Feature","properties":{"CountryName":"Czechia","Type of Animal":"Pork"},"geometry":{"type":"Point","coordinates":[16.497046,48.930645]}},{"type":"Feature","properties":{"CountryName":"Czechia","Type of Animal":"Pork"},"geometry":{"type":"Point","coordinates":[16.497046,48.930645]}},{"type":"Feature","properties":{"CountryName":"Czechia","Type of Animal":"Pork"},"geometry":{"type":"Point","coordinates":[16.497046,48.930645]}},{"type":"Feature","properties":{"CountryName":"Czechia","Type of Animal":"Pork"},"geometry":{"type":"Point","coordinates":[16.497046,48.930645]}},{"type":"Feature","properties":{"CountryName":"Czechia","Type of Animal":"Pork"},"geometry":{"type":"Point","coordinates":[16.497046,48.930645]}},{"type":"Feature","properties":{"CountryName":"Czechia","Type of Animal":"Pork"},"geometry":{"type":"Point","coordinates":[16.497046,48.930645]}},{"type":"Feature","properties":{"CountryName":"Czechia","Type of Animal":"Pork"},"geometry":{"type":"Point","coordinates":[16.272681,49.382786]}},{"type":"Feature","properties":{"CountryName":"Czechia","Type of Animal":"Pork"},"geometry":{"type":"Point","coordinates":[16.272681,49.382786]}},{"type":"Feature","properties":{"CountryName":"Czechia","Type of Animal":"Pork"},"geometry":{"type":"Point","coordinates":[16.272681,49.382786]}},{"type":"Feature","properties":{"CountryName":"Czechia","Type of Animal":"Pork"},"geometry":{"type":"Point","coordinates":[16.272681,49.382786]}},{"type":"Feature","properties":{"CountryName":"Czechia","Type of Animal":"Pork"},"geometry":{"type":"Point","coordinates":[16.272681,49.382786]}},{"type":"Feature","properties":{"CountryName":"Czechia","Type of Animal":"Pork"},"geometry":{"type":"Point","coordinates":[16.272681,49.382786]}},{"type":"Feature","properties":{"CountryName":"Czechia","Type of Animal":"Pork"},"geometry":{"type":"Point","coordinates":[16.698747,48.972309]}},{"type":"Feature","properties":{"CountryName":"Czechia","Type of Animal":"Pork"},"geometry":{"type":"Point","coordinates":[16.698747,48.972309]}},{"type":"Feature","properties":{"CountryName":"Czechia","Type of Animal":"Pork"},"geometry":{"type":"Point","coordinates":[16.698747,48.972309]}},{"type":"Feature","properties":{"CountryName":"Czechia","Type of Animal":"Pork"},"geometry":{"type":"Point","coordinates":[16.698747,48.972309]}},{"type":"Feature","properties":{"CountryName":"Czechia","Type of Animal":"Pork"},"geometry":{"type":"Point","coordinates":[16.698747,48.972309]}},{"type":"Feature","properties":{"CountryName":"Czechia","Type of Animal":"Pork"},"geometry":{"type":"Point","coordinates":[16.698747,48.972309]}},{"type":"Feature","properties":{"CountryName":"Czechia","Type of Animal":"Chicken"},"geometry":{"type":"Point","coordinates":[16.860034,48.915258]}},{"type":"Feature","properties":{"CountryName":"Czechia","Type of Animal":"Chicken"},"geometry":{"type":"Point","coordinates":[16.860034,48.915258]}},{"type":"Feature","properties":{"CountryName":"Czechia","Type of Animal":"Chicken"},"geometry":{"type":"Point","coordinates":[16.860034,48.915258]}},{"type":"Feature","properties":{"CountryName":"Czechia","Type of Animal":"Chicken"},"geometry":{"type":"Point","coordinates":[16.860034,48.915258]}},{"type":"Feature","properties":{"CountryName":"Czechia","Type of Animal":"Chicken"},"geometry":{"type":"Point","coordinates":[16.860034,48.915258]}},{"type":"Feature","properties":{"CountryName":"Czechia","Type of Animal":"Chicken"},"geometry":{"type":"Point","coordinates":[16.860034,48.915258]}},{"type":"Feature","properties":{"CountryName":"Czechia","Type of Animal":"Chicken"},"geometry":{"type":"Point","coordinates":[17.014333,48.795377]}},{"type":"Feature","properties":{"CountryName":"Czechia","Type of Animal":"Chicken"},"geometry":{"type":"Point","coordinates":[17.014333,48.795377]}},{"type":"Feature","properties":{"CountryName":"Czechia","Type of Animal":"Chicken"},"geometry":{"type":"Point","coordinates":[17.014333,48.795377]}},{"type":"Feature","properties":{"CountryName":"Czechia","Type of Animal":"Chicken"},"geometry":{"type":"Point","coordinates":[17.014333,48.795377]}},{"type":"Feature","properties":{"CountryName":"Czechia","Type of Animal":"Chicken"},"geometry":{"type":"Point","coordinates":[17.014333,48.795377]}},{"type":"Feature","properties":{"CountryName":"Czechia","Type of Animal":"Chicken"},"geometry":{"type":"Point","coordinates":[17.014333,48.795377]}},{"type":"Feature","properties":{"CountryName":"Czechia","Type of Animal":"Chicken"},"geometry":{"type":"Point","coordinates":[17.144825,48.880649]}},{"type":"Feature","properties":{"CountryName":"Czechia","Type of Animal":"Chicken"},"geometry":{"type":"Point","coordinates":[17.144825,48.880649]}},{"type":"Feature","properties":{"CountryName":"Czechia","Type of Animal":"Chicken"},"geometry":{"type":"Point","coordinates":[17.144825,48.880649]}},{"type":"Feature","properties":{"CountryName":"Czechia","Type of Animal":"Chicken"},"geometry":{"type":"Point","coordinates":[17.144825,48.880649]}},{"type":"Feature","properties":{"CountryName":"Czechia","Type of Animal":"Chicken"},"geometry":{"type":"Point","coordinates":[17.144825,48.880649]}},{"type":"Feature","properties":{"CountryName":"Czechia","Type of Animal":"Chicken"},"geometry":{"type":"Point","coordinates":[17.144825,48.880649]}},{"type":"Feature","properties":{"CountryName":"Czechia","Type of Animal":"Chicken"},"geometry":{"type":"Point","coordinates":[17.149054,48.881366]}},{"type":"Feature","properties":{"CountryName":"Czechia","Type of Animal":"Chicken"},"geometry":{"type":"Point","coordinates":[17.149054,48.881366]}},{"type":"Feature","properties":{"CountryName":"Czechia","Type of Animal":"Chicken"},"geometry":{"type":"Point","coordinates":[17.149054,48.881366]}},{"type":"Feature","properties":{"CountryName":"Czechia","Type of Animal":"Chicken"},"geometry":{"type":"Point","coordinates":[17.149054,48.881366]}},{"type":"Feature","properties":{"CountryName":"Czechia","Type of Animal":"Chicken"},"geometry":{"type":"Point","coordinates":[17.149054,48.881366]}},{"type":"Feature","properties":{"CountryName":"Czechia","Type of Animal":"Chicken"},"geometry":{"type":"Point","coordinates":[17.149054,48.881366]}},{"type":"Feature","properties":{"CountryName":"Czechia","Type of Animal":"Chicken"},"geometry":{"type":"Point","coordinates":[17.181392,48.890435]}},{"type":"Feature","properties":{"CountryName":"Czechia","Type of Animal":"Chicken"},"geometry":{"type":"Point","coordinates":[17.181392,48.890435]}},{"type":"Feature","properties":{"CountryName":"Czechia","Type of Animal":"Chicken"},"geometry":{"type":"Point","coordinates":[17.181392,48.890435]}},{"type":"Feature","properties":{"CountryName":"Czechia","Type of Animal":"Chicken"},"geometry":{"type":"Point","coordinates":[17.181392,48.890435]}},{"type":"Feature","properties":{"CountryName":"Czechia","Type of Animal":"Chicken"},"geometry":{"type":"Point","coordinates":[17.181392,48.890435]}},{"type":"Feature","properties":{"CountryName":"Czechia","Type of Animal":"Chicken"},"geometry":{"type":"Point","coordinates":[17.181392,48.890435]}},{"type":"Feature","properties":{"CountryName":"Czechia","Type of Animal":"Chicken"},"geometry":{"type":"Point","coordinates":[17.181484,48.891306]}},{"type":"Feature","properties":{"CountryName":"Czechia","Type of Animal":"Chicken"},"geometry":{"type":"Point","coordinates":[17.181484,48.891306]}},{"type":"Feature","properties":{"CountryName":"Czechia","Type of Animal":"Chicken"},"geometry":{"type":"Point","coordinates":[17.181484,48.891306]}},{"type":"Feature","properties":{"CountryName":"Czechia","Type of Animal":"Chicken"},"geometry":{"type":"Point","coordinates":[17.181484,48.891306]}},{"type":"Feature","properties":{"CountryName":"Czechia","Type of Animal":"Chicken"},"geometry":{"type":"Point","coordinates":[17.181484,48.891306]}},{"type":"Feature","properties":{"CountryName":"Czechia","Type of Animal":"Chicken"},"geometry":{"type":"Point","coordinates":[17.181484,48.891306]}},{"type":"Feature","properties":{"CountryName":"Czechia","Type of Animal":"Chicken"},"geometry":{"type":"Point","coordinates":[17.141433,48.964923]}},{"type":"Feature","properties":{"CountryName":"Czechia","Type of Animal":"Chicken"},"geometry":{"type":"Point","coordinates":[17.141433,48.964923]}},{"type":"Feature","properties":{"CountryName":"Czechia","Type of Animal":"Chicken"},"geometry":{"type":"Point","coordinates":[17.141433,48.964923]}},{"type":"Feature","properties":{"CountryName":"Czechia","Type of Animal":"Chicken"},"geometry":{"type":"Point","coordinates":[17.141433,48.964923]}},{"type":"Feature","properties":{"CountryName":"Czechia","Type of Animal":"Chicken"},"geometry":{"type":"Point","coordinates":[17.141433,48.964923]}},{"type":"Feature","properties":{"CountryName":"Czechia","Type of Animal":"Chicken"},"geometry":{"type":"Point","coordinates":[17.141433,48.964923]}},{"type":"Feature","properties":{"CountryName":"Czechia","Type of Animal":"Chicken"},"geometry":{"type":"Point","coordinates":[17.148305,48.881253]}},{"type":"Feature","properties":{"CountryName":"Czechia","Type of Animal":"Chicken"},"geometry":{"type":"Point","coordinates":[17.148305,48.881253]}},{"type":"Feature","properties":{"CountryName":"Czechia","Type of Animal":"Chicken"},"geometry":{"type":"Point","coordinates":[17.148305,48.881253]}},{"type":"Feature","properties":{"CountryName":"Czechia","Type of Animal":"Chicken"},"geometry":{"type":"Point","coordinates":[17.148305,48.881253]}},{"type":"Feature","properties":{"CountryName":"Czechia","Type of Animal":"Chicken"},"geometry":{"type":"Point","coordinates":[17.148305,48.881253]}},{"type":"Feature","properties":{"CountryName":"Czechia","Type of Animal":"Chicken"},"geometry":{"type":"Point","coordinates":[17.148305,48.881253]}},{"type":"Feature","properties":{"CountryName":"Czechia","Type of Animal":"Pork"},"geometry":{"type":"Point","coordinates":[17.328494,48.997065]}},{"type":"Feature","properties":{"CountryName":"Czechia","Type of Animal":"Pork"},"geometry":{"type":"Point","coordinates":[17.328494,48.997065]}},{"type":"Feature","properties":{"CountryName":"Czechia","Type of Animal":"Pork"},"geometry":{"type":"Point","coordinates":[17.328494,48.997065]}},{"type":"Feature","properties":{"CountryName":"Czechia","Type of Animal":"Pork"},"geometry":{"type":"Point","coordinates":[17.328494,48.997065]}},{"type":"Feature","properties":{"CountryName":"Czechia","Type of Animal":"Pork"},"geometry":{"type":"Point","coordinates":[17.328494,48.997065]}},{"type":"Feature","properties":{"CountryName":"Czechia","Type of Animal":"Pork"},"geometry":{"type":"Point","coordinates":[17.328494,48.997065]}},{"type":"Feature","properties":{"CountryName":"Czechia","Type of Animal":"Chicken"},"geometry":{"type":"Point","coordinates":[17.166728,48.931262]}},{"type":"Feature","properties":{"CountryName":"Czechia","Type of Animal":"Chicken"},"geometry":{"type":"Point","coordinates":[17.166728,48.931262]}},{"type":"Feature","properties":{"CountryName":"Czechia","Type of Animal":"Chicken"},"geometry":{"type":"Point","coordinates":[17.166728,48.931262]}},{"type":"Feature","properties":{"CountryName":"Czechia","Type of Animal":"Chicken"},"geometry":{"type":"Point","coordinates":[17.166728,48.931262]}},{"type":"Feature","properties":{"CountryName":"Czechia","Type of Animal":"Chicken"},"geometry":{"type":"Point","coordinates":[17.166728,48.931262]}},{"type":"Feature","properties":{"CountryName":"Czechia","Type of Animal":"Chicken"},"geometry":{"type":"Point","coordinates":[17.166728,48.931262]}},{"type":"Feature","properties":{"CountryName":"Czechia","Type of Animal":"Pork"},"geometry":{"type":"Point","coordinates":[17.101073,48.951241]}},{"type":"Feature","properties":{"CountryName":"Czechia","Type of Animal":"Pork"},"geometry":{"type":"Point","coordinates":[17.101073,48.951241]}},{"type":"Feature","properties":{"CountryName":"Czechia","Type of Animal":"Pork"},"geometry":{"type":"Point","coordinates":[17.101073,48.951241]}},{"type":"Feature","properties":{"CountryName":"Czechia","Type of Animal":"Pork"},"geometry":{"type":"Point","coordinates":[17.101073,48.951241]}},{"type":"Feature","properties":{"CountryName":"Czechia","Type of Animal":"Pork"},"geometry":{"type":"Point","coordinates":[17.101073,48.951241]}},{"type":"Feature","properties":{"CountryName":"Czechia","Type of Animal":"Pork"},"geometry":{"type":"Point","coordinates":[17.101073,48.951241]}},{"type":"Feature","properties":{"CountryName":"Czechia","Type of Animal":"Chicken"},"geometry":{"type":"Point","coordinates":[17.18914,49.057764]}},{"type":"Feature","properties":{"CountryName":"Czechia","Type of Animal":"Chicken"},"geometry":{"type":"Point","coordinates":[17.18914,49.057764]}},{"type":"Feature","properties":{"CountryName":"Czechia","Type of Animal":"Chicken"},"geometry":{"type":"Point","coordinates":[17.18914,49.057764]}},{"type":"Feature","properties":{"CountryName":"Czechia","Type of Animal":"Chicken"},"geometry":{"type":"Point","coordinates":[17.18914,49.057764]}},{"type":"Feature","properties":{"CountryName":"Czechia","Type of Animal":"Chicken"},"geometry":{"type":"Point","coordinates":[17.18914,49.057764]}},{"type":"Feature","properties":{"CountryName":"Czechia","Type of Animal":"Chicken"},"geometry":{"type":"Point","coordinates":[17.18914,49.057764]}},{"type":"Feature","properties":{"CountryName":"Czechia","Type of Animal":"Chicken"},"geometry":{"type":"Point","coordinates":[17.186568,49.013968]}},{"type":"Feature","properties":{"CountryName":"Czechia","Type of Animal":"Chicken"},"geometry":{"type":"Point","coordinates":[17.186568,49.013968]}},{"type":"Feature","properties":{"CountryName":"Czechia","Type of Animal":"Chicken"},"geometry":{"type":"Point","coordinates":[17.186568,49.013968]}},{"type":"Feature","properties":{"CountryName":"Czechia","Type of Animal":"Chicken"},"geometry":{"type":"Point","coordinates":[17.186568,49.013968]}},{"type":"Feature","properties":{"CountryName":"Czechia","Type of Animal":"Chicken"},"geometry":{"type":"Point","coordinates":[17.186568,49.013968]}},{"type":"Feature","properties":{"CountryName":"Czechia","Type of Animal":"Chicken"},"geometry":{"type":"Point","coordinates":[17.186568,49.013968]}},{"type":"Feature","properties":{"CountryName":"Czechia","Type of Animal":"Chicken"},"geometry":{"type":"Point","coordinates":[16.997231,49.236954]}},{"type":"Feature","properties":{"CountryName":"Czechia","Type of Animal":"Chicken"},"geometry":{"type":"Point","coordinates":[16.997231,49.236954]}},{"type":"Feature","properties":{"CountryName":"Czechia","Type of Animal":"Chicken"},"geometry":{"type":"Point","coordinates":[16.997231,49.236954]}},{"type":"Feature","properties":{"CountryName":"Czechia","Type of Animal":"Chicken"},"geometry":{"type":"Point","coordinates":[16.997231,49.236954]}},{"type":"Feature","properties":{"CountryName":"Czechia","Type of Animal":"Chicken"},"geometry":{"type":"Point","coordinates":[16.997231,49.236954]}},{"type":"Feature","properties":{"CountryName":"Czechia","Type of Animal":"Chicken"},"geometry":{"type":"Point","coordinates":[16.997231,49.236954]}},{"type":"Feature","properties":{"CountryName":"Czechia","Type of Animal":"Pork"},"geometry":{"type":"Point","coordinates":[17.038081,49.139892]}},{"type":"Feature","properties":{"CountryName":"Czechia","Type of Animal":"Pork"},"geometry":{"type":"Point","coordinates":[17.038081,49.139892]}},{"type":"Feature","properties":{"CountryName":"Czechia","Type of Animal":"Pork"},"geometry":{"type":"Point","coordinates":[17.038081,49.139892]}},{"type":"Feature","properties":{"CountryName":"Czechia","Type of Animal":"Pork"},"geometry":{"type":"Point","coordinates":[17.038081,49.139892]}},{"type":"Feature","properties":{"CountryName":"Czechia","Type of Animal":"Pork"},"geometry":{"type":"Point","coordinates":[17.038081,49.139892]}},{"type":"Feature","properties":{"CountryName":"Czechia","Type of Animal":"Pork"},"geometry":{"type":"Point","coordinates":[17.038081,49.139892]}},{"type":"Feature","properties":{"CountryName":"Czechia","Type of Animal":"Chicken"},"geometry":{"type":"Point","coordinates":[17.028907,49.204286]}},{"type":"Feature","properties":{"CountryName":"Czechia","Type of Animal":"Chicken"},"geometry":{"type":"Point","coordinates":[17.028907,49.204286]}},{"type":"Feature","properties":{"CountryName":"Czechia","Type of Animal":"Chicken"},"geometry":{"type":"Point","coordinates":[17.028907,49.204286]}},{"type":"Feature","properties":{"CountryName":"Czechia","Type of Animal":"Chicken"},"geometry":{"type":"Point","coordinates":[17.028907,49.204286]}},{"type":"Feature","properties":{"CountryName":"Czechia","Type of Animal":"Chicken"},"geometry":{"type":"Point","coordinates":[17.028907,49.204286]}},{"type":"Feature","properties":{"CountryName":"Czechia","Type of Animal":"Chicken"},"geometry":{"type":"Point","coordinates":[17.028907,49.204286]}},{"type":"Feature","properties":{"CountryName":"Czechia","Type of Animal":"Chicken"},"geometry":{"type":"Point","coordinates":[15.697417,48.885033]}},{"type":"Feature","properties":{"CountryName":"Czechia","Type of Animal":"Chicken"},"geometry":{"type":"Point","coordinates":[15.697417,48.885033]}},{"type":"Feature","properties":{"CountryName":"Czechia","Type of Animal":"Chicken"},"geometry":{"type":"Point","coordinates":[15.697417,48.885033]}},{"type":"Feature","properties":{"CountryName":"Czechia","Type of Animal":"Chicken"},"geometry":{"type":"Point","coordinates":[15.697417,48.885033]}},{"type":"Feature","properties":{"CountryName":"Czechia","Type of Animal":"Chicken"},"geometry":{"type":"Point","coordinates":[15.697417,48.885033]}},{"type":"Feature","properties":{"CountryName":"Czechia","Type of Animal":"Chicken"},"geometry":{"type":"Point","coordinates":[15.697417,48.885033]}},{"type":"Feature","properties":{"CountryName":"Czechia","Type of Animal":"Chicken"},"geometry":{"type":"Point","coordinates":[16.238075,49.050889]}},{"type":"Feature","properties":{"CountryName":"Czechia","Type of Animal":"Chicken"},"geometry":{"type":"Point","coordinates":[16.238075,49.050889]}},{"type":"Feature","properties":{"CountryName":"Czechia","Type of Animal":"Chicken"},"geometry":{"type":"Point","coordinates":[16.238075,49.050889]}},{"type":"Feature","properties":{"CountryName":"Czechia","Type of Animal":"Chicken"},"geometry":{"type":"Point","coordinates":[16.238075,49.050889]}},{"type":"Feature","properties":{"CountryName":"Czechia","Type of Animal":"Chicken"},"geometry":{"type":"Point","coordinates":[16.238075,49.050889]}},{"type":"Feature","properties":{"CountryName":"Czechia","Type of Animal":"Chicken"},"geometry":{"type":"Point","coordinates":[16.238075,49.050889]}},{"type":"Feature","properties":{"CountryName":"Czechia","Type of Animal":"Pork"},"geometry":{"type":"Point","coordinates":[16.27066,48.937652]}},{"type":"Feature","properties":{"CountryName":"Czechia","Type of Animal":"Pork"},"geometry":{"type":"Point","coordinates":[16.27066,48.937652]}},{"type":"Feature","properties":{"CountryName":"Czechia","Type of Animal":"Pork"},"geometry":{"type":"Point","coordinates":[16.27066,48.937652]}},{"type":"Feature","properties":{"CountryName":"Czechia","Type of Animal":"Pork"},"geometry":{"type":"Point","coordinates":[16.27066,48.937652]}},{"type":"Feature","properties":{"CountryName":"Czechia","Type of Animal":"Pork"},"geometry":{"type":"Point","coordinates":[16.27066,48.937652]}},{"type":"Feature","properties":{"CountryName":"Czechia","Type of Animal":"Pork"},"geometry":{"type":"Point","coordinates":[16.27066,48.937652]}},{"type":"Feature","properties":{"CountryName":"Czechia","Type of Animal":"Chicken"},"geometry":{"type":"Point","coordinates":[16.265646,48.781137]}},{"type":"Feature","properties":{"CountryName":"Czechia","Type of Animal":"Chicken"},"geometry":{"type":"Point","coordinates":[16.265646,48.781137]}},{"type":"Feature","properties":{"CountryName":"Czechia","Type of Animal":"Chicken"},"geometry":{"type":"Point","coordinates":[16.265646,48.781137]}},{"type":"Feature","properties":{"CountryName":"Czechia","Type of Animal":"Chicken"},"geometry":{"type":"Point","coordinates":[16.265646,48.781137]}},{"type":"Feature","properties":{"CountryName":"Czechia","Type of Animal":"Chicken"},"geometry":{"type":"Point","coordinates":[16.265646,48.781137]}},{"type":"Feature","properties":{"CountryName":"Czechia","Type of Animal":"Chicken"},"geometry":{"type":"Point","coordinates":[16.265646,48.781137]}},{"type":"Feature","properties":{"CountryName":"Czechia","Type of Animal":"Pork"},"geometry":{"type":"Point","coordinates":[16.208167,48.810939]}},{"type":"Feature","properties":{"CountryName":"Czechia","Type of Animal":"Pork"},"geometry":{"type":"Point","coordinates":[16.208167,48.810939]}},{"type":"Feature","properties":{"CountryName":"Czechia","Type of Animal":"Pork"},"geometry":{"type":"Point","coordinates":[16.208167,48.810939]}},{"type":"Feature","properties":{"CountryName":"Czechia","Type of Animal":"Pork"},"geometry":{"type":"Point","coordinates":[16.208167,48.810939]}},{"type":"Feature","properties":{"CountryName":"Czechia","Type of Animal":"Pork"},"geometry":{"type":"Point","coordinates":[16.208167,48.810939]}},{"type":"Feature","properties":{"CountryName":"Czechia","Type of Animal":"Pork"},"geometry":{"type":"Point","coordinates":[16.208167,48.810939]}},{"type":"Feature","properties":{"CountryName":"Czechia","Type of Animal":"Chicken"},"geometry":{"type":"Point","coordinates":[15.988004,48.999024]}},{"type":"Feature","properties":{"CountryName":"Czechia","Type of Animal":"Chicken"},"geometry":{"type":"Point","coordinates":[15.988004,48.999024]}},{"type":"Feature","properties":{"CountryName":"Czechia","Type of Animal":"Chicken"},"geometry":{"type":"Point","coordinates":[15.988004,48.999024]}},{"type":"Feature","properties":{"CountryName":"Czechia","Type of Animal":"Chicken"},"geometry":{"type":"Point","coordinates":[15.988004,48.999024]}},{"type":"Feature","properties":{"CountryName":"Czechia","Type of Animal":"Chicken"},"geometry":{"type":"Point","coordinates":[15.988004,48.999024]}},{"type":"Feature","properties":{"CountryName":"Czechia","Type of Animal":"Chicken"},"geometry":{"type":"Point","coordinates":[15.988004,48.999024]}},{"type":"Feature","properties":{"CountryName":"Czechia","Type of Animal":"Chicken"},"geometry":{"type":"Point","coordinates":[16.016004,49.01585]}},{"type":"Feature","properties":{"CountryName":"Czechia","Type of Animal":"Chicken"},"geometry":{"type":"Point","coordinates":[16.016004,49.01585]}},{"type":"Feature","properties":{"CountryName":"Czechia","Type of Animal":"Chicken"},"geometry":{"type":"Point","coordinates":[16.016004,49.01585]}},{"type":"Feature","properties":{"CountryName":"Czechia","Type of Animal":"Chicken"},"geometry":{"type":"Point","coordinates":[16.016004,49.01585]}},{"type":"Feature","properties":{"CountryName":"Czechia","Type of Animal":"Chicken"},"geometry":{"type":"Point","coordinates":[16.016004,49.01585]}},{"type":"Feature","properties":{"CountryName":"Czechia","Type of Animal":"Chicken"},"geometry":{"type":"Point","coordinates":[16.016004,49.01585]}},{"type":"Feature","properties":{"CountryName":"Czechia","Type of Animal":"Pork"},"geometry":{"type":"Point","coordinates":[15.996253,48.963626]}},{"type":"Feature","properties":{"CountryName":"Czechia","Type of Animal":"Pork"},"geometry":{"type":"Point","coordinates":[15.996253,48.963626]}},{"type":"Feature","properties":{"CountryName":"Czechia","Type of Animal":"Pork"},"geometry":{"type":"Point","coordinates":[15.996253,48.963626]}},{"type":"Feature","properties":{"CountryName":"Czechia","Type of Animal":"Pork"},"geometry":{"type":"Point","coordinates":[15.996253,48.963626]}},{"type":"Feature","properties":{"CountryName":"Czechia","Type of Animal":"Pork"},"geometry":{"type":"Point","coordinates":[15.996253,48.963626]}},{"type":"Feature","properties":{"CountryName":"Czechia","Type of Animal":"Pork"},"geometry":{"type":"Point","coordinates":[15.996253,48.963626]}},{"type":"Feature","properties":{"CountryName":"Czechia","Type of Animal":"Pork"},"geometry":{"type":"Point","coordinates":[16.159904,48.986759]}},{"type":"Feature","properties":{"CountryName":"Czechia","Type of Animal":"Pork"},"geometry":{"type":"Point","coordinates":[16.159904,48.986759]}},{"type":"Feature","properties":{"CountryName":"Czechia","Type of Animal":"Pork"},"geometry":{"type":"Point","coordinates":[16.159904,48.986759]}},{"type":"Feature","properties":{"CountryName":"Czechia","Type of Animal":"Pork"},"geometry":{"type":"Point","coordinates":[16.159904,48.986759]}},{"type":"Feature","properties":{"CountryName":"Czechia","Type of Animal":"Pork"},"geometry":{"type":"Point","coordinates":[16.159904,48.986759]}},{"type":"Feature","properties":{"CountryName":"Czechia","Type of Animal":"Pork"},"geometry":{"type":"Point","coordinates":[16.159904,48.986759]}},{"type":"Feature","properties":{"CountryName":"Czechia","Type of Animal":"Pork"},"geometry":{"type":"Point","coordinates":[15.972132,48.854248]}},{"type":"Feature","properties":{"CountryName":"Czechia","Type of Animal":"Pork"},"geometry":{"type":"Point","coordinates":[15.972132,48.854248]}},{"type":"Feature","properties":{"CountryName":"Czechia","Type of Animal":"Pork"},"geometry":{"type":"Point","coordinates":[15.972132,48.854248]}},{"type":"Feature","properties":{"CountryName":"Czechia","Type of Animal":"Pork"},"geometry":{"type":"Point","coordinates":[15.972132,48.854248]}},{"type":"Feature","properties":{"CountryName":"Czechia","Type of Animal":"Pork"},"geometry":{"type":"Point","coordinates":[15.972132,48.854248]}},{"type":"Feature","properties":{"CountryName":"Czechia","Type of Animal":"Pork"},"geometry":{"type":"Point","coordinates":[15.972132,48.854248]}},{"type":"Feature","properties":{"CountryName":"Czechia","Type of Animal":"Chicken"},"geometry":{"type":"Point","coordinates":[16.099558,48.990947]}},{"type":"Feature","properties":{"CountryName":"Czechia","Type of Animal":"Chicken"},"geometry":{"type":"Point","coordinates":[16.099558,48.990947]}},{"type":"Feature","properties":{"CountryName":"Czechia","Type of Animal":"Chicken"},"geometry":{"type":"Point","coordinates":[16.099558,48.990947]}},{"type":"Feature","properties":{"CountryName":"Czechia","Type of Animal":"Chicken"},"geometry":{"type":"Point","coordinates":[16.099558,48.990947]}},{"type":"Feature","properties":{"CountryName":"Czechia","Type of Animal":"Chicken"},"geometry":{"type":"Point","coordinates":[16.099558,48.990947]}},{"type":"Feature","properties":{"CountryName":"Czechia","Type of Animal":"Chicken"},"geometry":{"type":"Point","coordinates":[16.099558,48.990947]}},{"type":"Feature","properties":{"CountryName":"Czechia","Type of Animal":"Pork"},"geometry":{"type":"Point","coordinates":[16.279983,48.807731]}},{"type":"Feature","properties":{"CountryName":"Czechia","Type of Animal":"Pork"},"geometry":{"type":"Point","coordinates":[16.279983,48.807731]}},{"type":"Feature","properties":{"CountryName":"Czechia","Type of Animal":"Pork"},"geometry":{"type":"Point","coordinates":[16.279983,48.807731]}},{"type":"Feature","properties":{"CountryName":"Czechia","Type of Animal":"Pork"},"geometry":{"type":"Point","coordinates":[16.279983,48.807731]}},{"type":"Feature","properties":{"CountryName":"Czechia","Type of Animal":"Pork"},"geometry":{"type":"Point","coordinates":[16.279983,48.807731]}},{"type":"Feature","properties":{"CountryName":"Czechia","Type of Animal":"Pork"},"geometry":{"type":"Point","coordinates":[16.279983,48.807731]}},{"type":"Feature","properties":{"CountryName":"Czechia","Type of Animal":"Pork"},"geometry":{"type":"Point","coordinates":[16.399295,48.915311]}},{"type":"Feature","properties":{"CountryName":"Czechia","Type of Animal":"Pork"},"geometry":{"type":"Point","coordinates":[16.399295,48.915311]}},{"type":"Feature","properties":{"CountryName":"Czechia","Type of Animal":"Pork"},"geometry":{"type":"Point","coordinates":[16.399295,48.915311]}},{"type":"Feature","properties":{"CountryName":"Czechia","Type of Animal":"Pork"},"geometry":{"type":"Point","coordinates":[16.399295,48.915311]}},{"type":"Feature","properties":{"CountryName":"Czechia","Type of Animal":"Pork"},"geometry":{"type":"Point","coordinates":[16.399295,48.915311]}},{"type":"Feature","properties":{"CountryName":"Czechia","Type of Animal":"Pork"},"geometry":{"type":"Point","coordinates":[16.399295,48.915311]}},{"type":"Feature","properties":{"CountryName":"Czechia","Type of Animal":"Chicken"},"geometry":{"type":"Point","coordinates":[15.915889,48.860066]}},{"type":"Feature","properties":{"CountryName":"Czechia","Type of Animal":"Chicken"},"geometry":{"type":"Point","coordinates":[15.915889,48.860066]}},{"type":"Feature","properties":{"CountryName":"Czechia","Type of Animal":"Chicken"},"geometry":{"type":"Point","coordinates":[15.915889,48.860066]}},{"type":"Feature","properties":{"CountryName":"Czechia","Type of Animal":"Chicken"},"geometry":{"type":"Point","coordinates":[15.915889,48.860066]}},{"type":"Feature","properties":{"CountryName":"Czechia","Type of Animal":"Chicken"},"geometry":{"type":"Point","coordinates":[15.915889,48.860066]}},{"type":"Feature","properties":{"CountryName":"Czechia","Type of Animal":"Chicken"},"geometry":{"type":"Point","coordinates":[15.915889,48.860066]}},{"type":"Feature","properties":{"CountryName":"Czechia","Type of Animal":"Pork"},"geometry":{"type":"Point","coordinates":[15.840268,48.966649]}},{"type":"Feature","properties":{"CountryName":"Czechia","Type of Animal":"Pork"},"geometry":{"type":"Point","coordinates":[15.840268,48.966649]}},{"type":"Feature","properties":{"CountryName":"Czechia","Type of Animal":"Pork"},"geometry":{"type":"Point","coordinates":[15.840268,48.966649]}},{"type":"Feature","properties":{"CountryName":"Czechia","Type of Animal":"Pork"},"geometry":{"type":"Point","coordinates":[15.840268,48.966649]}},{"type":"Feature","properties":{"CountryName":"Czechia","Type of Animal":"Pork"},"geometry":{"type":"Point","coordinates":[15.840268,48.966649]}},{"type":"Feature","properties":{"CountryName":"Czechia","Type of Animal":"Pork"},"geometry":{"type":"Point","coordinates":[15.840268,48.966649]}},{"type":"Feature","properties":{"CountryName":"Czechia","Type of Animal":"Chicken"},"geometry":{"type":"Point","coordinates":[16.230667,48.797417]}},{"type":"Feature","properties":{"CountryName":"Czechia","Type of Animal":"Chicken"},"geometry":{"type":"Point","coordinates":[16.230667,48.797417]}},{"type":"Feature","properties":{"CountryName":"Czechia","Type of Animal":"Chicken"},"geometry":{"type":"Point","coordinates":[16.230667,48.797417]}},{"type":"Feature","properties":{"CountryName":"Czechia","Type of Animal":"Chicken"},"geometry":{"type":"Point","coordinates":[16.230667,48.797417]}},{"type":"Feature","properties":{"CountryName":"Czechia","Type of Animal":"Chicken"},"geometry":{"type":"Point","coordinates":[16.230667,48.797417]}},{"type":"Feature","properties":{"CountryName":"Czechia","Type of Animal":"Chicken"},"geometry":{"type":"Point","coordinates":[16.230667,48.797417]}},{"type":"Feature","properties":{"CountryName":"Czechia","Type of Animal":"Chicken"},"geometry":{"type":"Point","coordinates":[16.067062,48.946211]}},{"type":"Feature","properties":{"CountryName":"Czechia","Type of Animal":"Chicken"},"geometry":{"type":"Point","coordinates":[16.067062,48.946211]}},{"type":"Feature","properties":{"CountryName":"Czechia","Type of Animal":"Chicken"},"geometry":{"type":"Point","coordinates":[16.067062,48.946211]}},{"type":"Feature","properties":{"CountryName":"Czechia","Type of Animal":"Chicken"},"geometry":{"type":"Point","coordinates":[16.067062,48.946211]}},{"type":"Feature","properties":{"CountryName":"Czechia","Type of Animal":"Chicken"},"geometry":{"type":"Point","coordinates":[16.067062,48.946211]}},{"type":"Feature","properties":{"CountryName":"Czechia","Type of Animal":"Chicken"},"geometry":{"type":"Point","coordinates":[16.067062,48.946211]}},{"type":"Feature","properties":{"CountryName":"Czechia","Type of Animal":"Pork"},"geometry":{"type":"Point","coordinates":[15.868283,48.903223]}},{"type":"Feature","properties":{"CountryName":"Czechia","Type of Animal":"Pork"},"geometry":{"type":"Point","coordinates":[15.868283,48.903223]}},{"type":"Feature","properties":{"CountryName":"Czechia","Type of Animal":"Pork"},"geometry":{"type":"Point","coordinates":[15.868283,48.903223]}},{"type":"Feature","properties":{"CountryName":"Czechia","Type of Animal":"Pork"},"geometry":{"type":"Point","coordinates":[15.868283,48.903223]}},{"type":"Feature","properties":{"CountryName":"Czechia","Type of Animal":"Pork"},"geometry":{"type":"Point","coordinates":[15.868283,48.903223]}},{"type":"Feature","properties":{"CountryName":"Czechia","Type of Animal":"Pork"},"geometry":{"type":"Point","coordinates":[15.868283,48.903223]}},{"type":"Feature","properties":{"CountryName":"Czechia","Type of Animal":"Chicken"},"geometry":{"type":"Point","coordinates":[16.086999,48.961334]}},{"type":"Feature","properties":{"CountryName":"Czechia","Type of Animal":"Chicken"},"geometry":{"type":"Point","coordinates":[16.086999,48.961334]}},{"type":"Feature","properties":{"CountryName":"Czechia","Type of Animal":"Chicken"},"geometry":{"type":"Point","coordinates":[16.086999,48.961334]}},{"type":"Feature","properties":{"CountryName":"Czechia","Type of Animal":"Chicken"},"geometry":{"type":"Point","coordinates":[16.086999,48.961334]}},{"type":"Feature","properties":{"CountryName":"Czechia","Type of Animal":"Chicken"},"geometry":{"type":"Point","coordinates":[16.086999,48.961334]}},{"type":"Feature","properties":{"CountryName":"Czechia","Type of Animal":"Chicken"},"geometry":{"type":"Point","coordinates":[16.086999,48.961334]}},{"type":"Feature","properties":{"CountryName":"Czechia","Type of Animal":"Pork"},"geometry":{"type":"Point","coordinates":[16.438929,49.024359]}},{"type":"Feature","properties":{"CountryName":"Czechia","Type of Animal":"Pork"},"geometry":{"type":"Point","coordinates":[16.438929,49.024359]}},{"type":"Feature","properties":{"CountryName":"Czechia","Type of Animal":"Pork"},"geometry":{"type":"Point","coordinates":[16.438929,49.024359]}},{"type":"Feature","properties":{"CountryName":"Czechia","Type of Animal":"Pork"},"geometry":{"type":"Point","coordinates":[16.438929,49.024359]}},{"type":"Feature","properties":{"CountryName":"Czechia","Type of Animal":"Pork"},"geometry":{"type":"Point","coordinates":[16.438929,49.024359]}},{"type":"Feature","properties":{"CountryName":"Czechia","Type of Animal":"Pork"},"geometry":{"type":"Point","coordinates":[16.438929,49.024359]}},{"type":"Feature","properties":{"CountryName":"Czechia","Type of Animal":"Pork"},"geometry":{"type":"Point","coordinates":[16.392719,48.777802]}},{"type":"Feature","properties":{"CountryName":"Czechia","Type of Animal":"Pork"},"geometry":{"type":"Point","coordinates":[16.392719,48.777802]}},{"type":"Feature","properties":{"CountryName":"Czechia","Type of Animal":"Pork"},"geometry":{"type":"Point","coordinates":[16.392719,48.777802]}},{"type":"Feature","properties":{"CountryName":"Czechia","Type of Animal":"Pork"},"geometry":{"type":"Point","coordinates":[16.392719,48.777802]}},{"type":"Feature","properties":{"CountryName":"Czechia","Type of Animal":"Pork"},"geometry":{"type":"Point","coordinates":[16.392719,48.777802]}},{"type":"Feature","properties":{"CountryName":"Czechia","Type of Animal":"Pork"},"geometry":{"type":"Point","coordinates":[16.392719,48.777802]}},{"type":"Feature","properties":{"CountryName":"Czechia","Type of Animal":"Chicken"},"geometry":{"type":"Point","coordinates":[14.355916,49.221444]}},{"type":"Feature","properties":{"CountryName":"Czechia","Type of Animal":"Chicken"},"geometry":{"type":"Point","coordinates":[14.355916,49.221444]}},{"type":"Feature","properties":{"CountryName":"Czechia","Type of Animal":"Chicken"},"geometry":{"type":"Point","coordinates":[14.355916,49.221444]}},{"type":"Feature","properties":{"CountryName":"Czechia","Type of Animal":"Chicken"},"geometry":{"type":"Point","coordinates":[14.355916,49.221444]}},{"type":"Feature","properties":{"CountryName":"Czechia","Type of Animal":"Chicken"},"geometry":{"type":"Point","coordinates":[14.355916,49.221444]}},{"type":"Feature","properties":{"CountryName":"Czechia","Type of Animal":"Chicken"},"geometry":{"type":"Point","coordinates":[14.355916,49.221444]}},{"type":"Feature","properties":{"CountryName":"Czechia","Type of Animal":"Pork"},"geometry":{"type":"Point","coordinates":[14.537332,49.173434]}},{"type":"Feature","properties":{"CountryName":"Czechia","Type of Animal":"Pork"},"geometry":{"type":"Point","coordinates":[14.537332,49.173434]}},{"type":"Feature","properties":{"CountryName":"Czechia","Type of Animal":"Pork"},"geometry":{"type":"Point","coordinates":[14.537332,49.173434]}},{"type":"Feature","properties":{"CountryName":"Czechia","Type of Animal":"Pork"},"geometry":{"type":"Point","coordinates":[14.537332,49.173434]}},{"type":"Feature","properties":{"CountryName":"Czechia","Type of Animal":"Pork"},"geometry":{"type":"Point","coordinates":[14.537332,49.173434]}},{"type":"Feature","properties":{"CountryName":"Czechia","Type of Animal":"Pork"},"geometry":{"type":"Point","coordinates":[14.537332,49.173434]}},{"type":"Feature","properties":{"CountryName":"Czechia","Type of Animal":"Chicken"},"geometry":{"type":"Point","coordinates":[14.585263,49.175776]}},{"type":"Feature","properties":{"CountryName":"Czechia","Type of Animal":"Chicken"},"geometry":{"type":"Point","coordinates":[14.585263,49.175776]}},{"type":"Feature","properties":{"CountryName":"Czechia","Type of Animal":"Chicken"},"geometry":{"type":"Point","coordinates":[14.585263,49.175776]}},{"type":"Feature","properties":{"CountryName":"Czechia","Type of Animal":"Chicken"},"geometry":{"type":"Point","coordinates":[14.585263,49.175776]}},{"type":"Feature","properties":{"CountryName":"Czechia","Type of Animal":"Chicken"},"geometry":{"type":"Point","coordinates":[14.585263,49.175776]}},{"type":"Feature","properties":{"CountryName":"Czechia","Type of Animal":"Chicken"},"geometry":{"type":"Point","coordinates":[14.585263,49.175776]}},{"type":"Feature","properties":{"CountryName":"Czechia","Type of Animal":"Pork"},"geometry":{"type":"Point","coordinates":[14.635451,49.095517]}},{"type":"Feature","properties":{"CountryName":"Czechia","Type of Animal":"Pork"},"geometry":{"type":"Point","coordinates":[14.635451,49.095517]}},{"type":"Feature","properties":{"CountryName":"Czechia","Type of Animal":"Pork"},"geometry":{"type":"Point","coordinates":[14.635451,49.095517]}},{"type":"Feature","properties":{"CountryName":"Czechia","Type of Animal":"Pork"},"geometry":{"type":"Point","coordinates":[14.635451,49.095517]}},{"type":"Feature","properties":{"CountryName":"Czechia","Type of Animal":"Pork"},"geometry":{"type":"Point","coordinates":[14.635451,49.095517]}},{"type":"Feature","properties":{"CountryName":"Czechia","Type of Animal":"Pork"},"geometry":{"type":"Point","coordinates":[14.635451,49.095517]}},{"type":"Feature","properties":{"CountryName":"Czechia","Type of Animal":"Chicken"},"geometry":{"type":"Point","coordinates":[14.63766,49.13639]}},{"type":"Feature","properties":{"CountryName":"Czechia","Type of Animal":"Chicken"},"geometry":{"type":"Point","coordinates":[14.63766,49.13639]}},{"type":"Feature","properties":{"CountryName":"Czechia","Type of Animal":"Chicken"},"geometry":{"type":"Point","coordinates":[14.63766,49.13639]}},{"type":"Feature","properties":{"CountryName":"Czechia","Type of Animal":"Chicken"},"geometry":{"type":"Point","coordinates":[14.63766,49.13639]}},{"type":"Feature","properties":{"CountryName":"Czechia","Type of Animal":"Chicken"},"geometry":{"type":"Point","coordinates":[14.63766,49.13639]}},{"type":"Feature","properties":{"CountryName":"Czechia","Type of Animal":"Chicken"},"geometry":{"type":"Point","coordinates":[14.63766,49.13639]}},{"type":"Feature","properties":{"CountryName":"Czechia","Type of Animal":"Chicken"},"geometry":{"type":"Point","coordinates":[14.46185,48.886426]}},{"type":"Feature","properties":{"CountryName":"Czechia","Type of Animal":"Chicken"},"geometry":{"type":"Point","coordinates":[14.46185,48.886426]}},{"type":"Feature","properties":{"CountryName":"Czechia","Type of Animal":"Chicken"},"geometry":{"type":"Point","coordinates":[14.46185,48.886426]}},{"type":"Feature","properties":{"CountryName":"Czechia","Type of Animal":"Chicken"},"geometry":{"type":"Point","coordinates":[14.46185,48.886426]}},{"type":"Feature","properties":{"CountryName":"Czechia","Type of Animal":"Chicken"},"geometry":{"type":"Point","coordinates":[14.46185,48.886426]}},{"type":"Feature","properties":{"CountryName":"Czechia","Type of Animal":"Chicken"},"geometry":{"type":"Point","coordinates":[14.46185,48.886426]}},{"type":"Feature","properties":{"CountryName":"Czechia","Type of Animal":"Chicken"},"geometry":{"type":"Point","coordinates":[14.268966,48.801661]}},{"type":"Feature","properties":{"CountryName":"Czechia","Type of Animal":"Chicken"},"geometry":{"type":"Point","coordinates":[14.268966,48.801661]}},{"type":"Feature","properties":{"CountryName":"Czechia","Type of Animal":"Chicken"},"geometry":{"type":"Point","coordinates":[14.268966,48.801661]}},{"type":"Feature","properties":{"CountryName":"Czechia","Type of Animal":"Chicken"},"geometry":{"type":"Point","coordinates":[14.268966,48.801661]}},{"type":"Feature","properties":{"CountryName":"Czechia","Type of Animal":"Chicken"},"geometry":{"type":"Point","coordinates":[14.268966,48.801661]}},{"type":"Feature","properties":{"CountryName":"Czechia","Type of Animal":"Chicken"},"geometry":{"type":"Point","coordinates":[14.268966,48.801661]}},{"type":"Feature","properties":{"CountryName":"Czechia","Type of Animal":"Pork"},"geometry":{"type":"Point","coordinates":[14.445141,48.819678]}},{"type":"Feature","properties":{"CountryName":"Czechia","Type of Animal":"Pork"},"geometry":{"type":"Point","coordinates":[14.445141,48.819678]}},{"type":"Feature","properties":{"CountryName":"Czechia","Type of Animal":"Pork"},"geometry":{"type":"Point","coordinates":[14.445141,48.819678]}},{"type":"Feature","properties":{"CountryName":"Czechia","Type of Animal":"Pork"},"geometry":{"type":"Point","coordinates":[14.445141,48.819678]}},{"type":"Feature","properties":{"CountryName":"Czechia","Type of Animal":"Pork"},"geometry":{"type":"Point","coordinates":[14.445141,48.819678]}},{"type":"Feature","properties":{"CountryName":"Czechia","Type of Animal":"Pork"},"geometry":{"type":"Point","coordinates":[14.445141,48.819678]}},{"type":"Feature","properties":{"CountryName":"Czechia","Type of Animal":"Chicken"},"geometry":{"type":"Point","coordinates":[15.016298,49.129491]}},{"type":"Feature","properties":{"CountryName":"Czechia","Type of Animal":"Chicken"},"geometry":{"type":"Point","coordinates":[15.016298,49.129491]}},{"type":"Feature","properties":{"CountryName":"Czechia","Type of Animal":"Chicken"},"geometry":{"type":"Point","coordinates":[15.016298,49.129491]}},{"type":"Feature","properties":{"CountryName":"Czechia","Type of Animal":"Chicken"},"geometry":{"type":"Point","coordinates":[15.016298,49.129491]}},{"type":"Feature","properties":{"CountryName":"Czechia","Type of Animal":"Chicken"},"geometry":{"type":"Point","coordinates":[15.016298,49.129491]}},{"type":"Feature","properties":{"CountryName":"Czechia","Type of Animal":"Chicken"},"geometry":{"type":"Point","coordinates":[15.016298,49.129491]}},{"type":"Feature","properties":{"CountryName":"Czechia","Type of Animal":"Chicken"},"geometry":{"type":"Point","coordinates":[14.914978,49.062031]}},{"type":"Feature","properties":{"CountryName":"Czechia","Type of Animal":"Chicken"},"geometry":{"type":"Point","coordinates":[14.914978,49.062031]}},{"type":"Feature","properties":{"CountryName":"Czechia","Type of Animal":"Chicken"},"geometry":{"type":"Point","coordinates":[14.914978,49.062031]}},{"type":"Feature","properties":{"CountryName":"Czechia","Type of Animal":"Chicken"},"geometry":{"type":"Point","coordinates":[14.914978,49.062031]}},{"type":"Feature","properties":{"CountryName":"Czechia","Type of Animal":"Chicken"},"geometry":{"type":"Point","coordinates":[14.914978,49.062031]}},{"type":"Feature","properties":{"CountryName":"Czechia","Type of Animal":"Chicken"},"geometry":{"type":"Point","coordinates":[14.914978,49.062031]}},{"type":"Feature","properties":{"CountryName":"Czechia","Type of Animal":"Pork"},"geometry":{"type":"Point","coordinates":[15.540447,48.950213]}},{"type":"Feature","properties":{"CountryName":"Czechia","Type of Animal":"Pork"},"geometry":{"type":"Point","coordinates":[15.540447,48.950213]}},{"type":"Feature","properties":{"CountryName":"Czechia","Type of Animal":"Pork"},"geometry":{"type":"Point","coordinates":[15.540447,48.950213]}},{"type":"Feature","properties":{"CountryName":"Czechia","Type of Animal":"Pork"},"geometry":{"type":"Point","coordinates":[15.540447,48.950213]}},{"type":"Feature","properties":{"CountryName":"Czechia","Type of Animal":"Pork"},"geometry":{"type":"Point","coordinates":[15.540447,48.950213]}},{"type":"Feature","properties":{"CountryName":"Czechia","Type of Animal":"Pork"},"geometry":{"type":"Point","coordinates":[15.540447,48.950213]}},{"type":"Feature","properties":{"CountryName":"Czechia","Type of Animal":"Chicken"},"geometry":{"type":"Point","coordinates":[15.463716,49.080774]}},{"type":"Feature","properties":{"CountryName":"Czechia","Type of Animal":"Chicken"},"geometry":{"type":"Point","coordinates":[15.463716,49.080774]}},{"type":"Feature","properties":{"CountryName":"Czechia","Type of Animal":"Chicken"},"geometry":{"type":"Point","coordinates":[15.463716,49.080774]}},{"type":"Feature","properties":{"CountryName":"Czechia","Type of Animal":"Chicken"},"geometry":{"type":"Point","coordinates":[15.463716,49.080774]}},{"type":"Feature","properties":{"CountryName":"Czechia","Type of Animal":"Chicken"},"geometry":{"type":"Point","coordinates":[15.463716,49.080774]}},{"type":"Feature","properties":{"CountryName":"Czechia","Type of Animal":"Chicken"},"geometry":{"type":"Point","coordinates":[15.463716,49.080774]}},{"type":"Feature","properties":{"CountryName":"Czechia","Type of Animal":"Pork"},"geometry":{"type":"Point","coordinates":[15.098053,49.179537]}},{"type":"Feature","properties":{"CountryName":"Czechia","Type of Animal":"Pork"},"geometry":{"type":"Point","coordinates":[15.098053,49.179537]}},{"type":"Feature","properties":{"CountryName":"Czechia","Type of Animal":"Pork"},"geometry":{"type":"Point","coordinates":[15.098053,49.179537]}},{"type":"Feature","properties":{"CountryName":"Czechia","Type of Animal":"Pork"},"geometry":{"type":"Point","coordinates":[15.098053,49.179537]}},{"type":"Feature","properties":{"CountryName":"Czechia","Type of Animal":"Pork"},"geometry":{"type":"Point","coordinates":[15.098053,49.179537]}},{"type":"Feature","properties":{"CountryName":"Czechia","Type of Animal":"Pork"},"geometry":{"type":"Point","coordinates":[15.098053,49.179537]}},{"type":"Feature","properties":{"CountryName":"Czechia","Type of Animal":"Pork"},"geometry":{"type":"Point","coordinates":[15.253976,48.995746]}},{"type":"Feature","properties":{"CountryName":"Czechia","Type of Animal":"Pork"},"geometry":{"type":"Point","coordinates":[15.253976,48.995746]}},{"type":"Feature","properties":{"CountryName":"Czechia","Type of Animal":"Pork"},"geometry":{"type":"Point","coordinates":[15.253976,48.995746]}},{"type":"Feature","properties":{"CountryName":"Czechia","Type of Animal":"Pork"},"geometry":{"type":"Point","coordinates":[15.253976,48.995746]}},{"type":"Feature","properties":{"CountryName":"Czechia","Type of Animal":"Pork"},"geometry":{"type":"Point","coordinates":[15.253976,48.995746]}},{"type":"Feature","properties":{"CountryName":"Czechia","Type of Animal":"Pork"},"geometry":{"type":"Point","coordinates":[15.253976,48.995746]}},{"type":"Feature","properties":{"CountryName":"Czechia","Type of Animal":"Pork"},"geometry":{"type":"Point","coordinates":[15.394974,49.030019]}},{"type":"Feature","properties":{"CountryName":"Czechia","Type of Animal":"Pork"},"geometry":{"type":"Point","coordinates":[15.394974,49.030019]}},{"type":"Feature","properties":{"CountryName":"Czechia","Type of Animal":"Pork"},"geometry":{"type":"Point","coordinates":[15.394974,49.030019]}},{"type":"Feature","properties":{"CountryName":"Czechia","Type of Animal":"Pork"},"geometry":{"type":"Point","coordinates":[15.394974,49.030019]}},{"type":"Feature","properties":{"CountryName":"Czechia","Type of Animal":"Pork"},"geometry":{"type":"Point","coordinates":[15.394974,49.030019]}},{"type":"Feature","properties":{"CountryName":"Czechia","Type of Animal":"Pork"},"geometry":{"type":"Point","coordinates":[15.394974,49.030019]}},{"type":"Feature","properties":{"CountryName":"Czechia","Type of Animal":"Chicken"},"geometry":{"type":"Point","coordinates":[14.158861,49.326639]}},{"type":"Feature","properties":{"CountryName":"Czechia","Type of Animal":"Chicken"},"geometry":{"type":"Point","coordinates":[14.158861,49.326639]}},{"type":"Feature","properties":{"CountryName":"Czechia","Type of Animal":"Chicken"},"geometry":{"type":"Point","coordinates":[14.158861,49.326639]}},{"type":"Feature","properties":{"CountryName":"Czechia","Type of Animal":"Chicken"},"geometry":{"type":"Point","coordinates":[14.158861,49.326639]}},{"type":"Feature","properties":{"CountryName":"Czechia","Type of Animal":"Chicken"},"geometry":{"type":"Point","coordinates":[14.158861,49.326639]}},{"type":"Feature","properties":{"CountryName":"Czechia","Type of Animal":"Chicken"},"geometry":{"type":"Point","coordinates":[14.207389,49.227466]}},{"type":"Feature","properties":{"CountryName":"Czechia","Type of Animal":"Chicken"},"geometry":{"type":"Point","coordinates":[14.207389,49.227466]}},{"type":"Feature","properties":{"CountryName":"Czechia","Type of Animal":"Chicken"},"geometry":{"type":"Point","coordinates":[14.207389,49.227466]}},{"type":"Feature","properties":{"CountryName":"Czechia","Type of Animal":"Chicken"},"geometry":{"type":"Point","coordinates":[14.207389,49.227466]}},{"type":"Feature","properties":{"CountryName":"Czechia","Type of Animal":"Chicken"},"geometry":{"type":"Point","coordinates":[14.207389,49.227466]}},{"type":"Feature","properties":{"CountryName":"Czechia","Type of Animal":"Chicken"},"geometry":{"type":"Point","coordinates":[14.207389,49.227466]}},{"type":"Feature","properties":{"CountryName":"Czechia","Type of Animal":"Pork"},"geometry":{"type":"Point","coordinates":[14.254664,49.492491]}},{"type":"Feature","properties":{"CountryName":"Czechia","Type of Animal":"Pork"},"geometry":{"type":"Point","coordinates":[14.254664,49.492491]}},{"type":"Feature","properties":{"CountryName":"Czechia","Type of Animal":"Pork"},"geometry":{"type":"Point","coordinates":[14.254664,49.492491]}},{"type":"Feature","properties":{"CountryName":"Czechia","Type of Animal":"Pork"},"geometry":{"type":"Point","coordinates":[14.254664,49.492491]}},{"type":"Feature","properties":{"CountryName":"Czechia","Type of Animal":"Pork"},"geometry":{"type":"Point","coordinates":[14.254664,49.492491]}},{"type":"Feature","properties":{"CountryName":"Czechia","Type of Animal":"Pork"},"geometry":{"type":"Point","coordinates":[14.254664,49.492491]}},{"type":"Feature","properties":{"CountryName":"Czechia","Type of Animal":"Chicken"},"geometry":{"type":"Point","coordinates":[14.15901,49.327072]}},{"type":"Feature","properties":{"CountryName":"Czechia","Type of Animal":"Chicken"},"geometry":{"type":"Point","coordinates":[14.15901,49.327072]}},{"type":"Feature","properties":{"CountryName":"Czechia","Type of Animal":"Chicken"},"geometry":{"type":"Point","coordinates":[14.15901,49.327072]}},{"type":"Feature","properties":{"CountryName":"Czechia","Type of Animal":"Chicken"},"geometry":{"type":"Point","coordinates":[14.15901,49.327072]}},{"type":"Feature","properties":{"CountryName":"Czechia","Type of Animal":"Chicken"},"geometry":{"type":"Point","coordinates":[14.15901,49.327072]}},{"type":"Feature","properties":{"CountryName":"Czechia","Type of Animal":"Chicken"},"geometry":{"type":"Point","coordinates":[14.15901,49.327072]}},{"type":"Feature","properties":{"CountryName":"Czechia","Type of Animal":"Chicken"},"geometry":{"type":"Point","coordinates":[13.936222,49.320361]}},{"type":"Feature","properties":{"CountryName":"Czechia","Type of Animal":"Chicken"},"geometry":{"type":"Point","coordinates":[13.936222,49.320361]}},{"type":"Feature","properties":{"CountryName":"Czechia","Type of Animal":"Chicken"},"geometry":{"type":"Point","coordinates":[13.936222,49.320361]}},{"type":"Feature","properties":{"CountryName":"Czechia","Type of Animal":"Chicken"},"geometry":{"type":"Point","coordinates":[13.936222,49.320361]}},{"type":"Feature","properties":{"CountryName":"Czechia","Type of Animal":"Chicken"},"geometry":{"type":"Point","coordinates":[13.936222,49.320361]}},{"type":"Feature","properties":{"CountryName":"Czechia","Type of Animal":"Chicken"},"geometry":{"type":"Point","coordinates":[13.936222,49.320361]}},{"type":"Feature","properties":{"CountryName":"Czechia","Type of Animal":"Chicken"},"geometry":{"type":"Point","coordinates":[13.848764,49.388831]}},{"type":"Feature","properties":{"CountryName":"Czechia","Type of Animal":"Chicken"},"geometry":{"type":"Point","coordinates":[13.848764,49.388831]}},{"type":"Feature","properties":{"CountryName":"Czechia","Type of Animal":"Chicken"},"geometry":{"type":"Point","coordinates":[13.848764,49.388831]}},{"type":"Feature","properties":{"CountryName":"Czechia","Type of Animal":"Chicken"},"geometry":{"type":"Point","coordinates":[13.848764,49.388831]}},{"type":"Feature","properties":{"CountryName":"Czechia","Type of Animal":"Chicken"},"geometry":{"type":"Point","coordinates":[13.848764,49.388831]}},{"type":"Feature","properties":{"CountryName":"Czechia","Type of Animal":"Chicken"},"geometry":{"type":"Point","coordinates":[13.848764,49.388831]}},{"type":"Feature","properties":{"CountryName":"Czechia","Type of Animal":"Chicken"},"geometry":{"type":"Point","coordinates":[13.92003,49.240265]}},{"type":"Feature","properties":{"CountryName":"Czechia","Type of Animal":"Chicken"},"geometry":{"type":"Point","coordinates":[13.92003,49.240265]}},{"type":"Feature","properties":{"CountryName":"Czechia","Type of Animal":"Chicken"},"geometry":{"type":"Point","coordinates":[13.92003,49.240265]}},{"type":"Feature","properties":{"CountryName":"Czechia","Type of Animal":"Chicken"},"geometry":{"type":"Point","coordinates":[13.92003,49.240265]}},{"type":"Feature","properties":{"CountryName":"Czechia","Type of Animal":"Chicken"},"geometry":{"type":"Point","coordinates":[13.92003,49.240265]}},{"type":"Feature","properties":{"CountryName":"Czechia","Type of Animal":"Chicken"},"geometry":{"type":"Point","coordinates":[13.92003,49.240265]}},{"type":"Feature","properties":{"CountryName":"Czechia","Type of Animal":"Pork"},"geometry":{"type":"Point","coordinates":[13.953879,49.384874]}},{"type":"Feature","properties":{"CountryName":"Czechia","Type of Animal":"Pork"},"geometry":{"type":"Point","coordinates":[13.953879,49.384874]}},{"type":"Feature","properties":{"CountryName":"Czechia","Type of Animal":"Pork"},"geometry":{"type":"Point","coordinates":[13.953879,49.384874]}},{"type":"Feature","properties":{"CountryName":"Czechia","Type of Animal":"Pork"},"geometry":{"type":"Point","coordinates":[13.953879,49.384874]}},{"type":"Feature","properties":{"CountryName":"Czechia","Type of Animal":"Pork"},"geometry":{"type":"Point","coordinates":[13.953879,49.384874]}},{"type":"Feature","properties":{"CountryName":"Czechia","Type of Animal":"Pork"},"geometry":{"type":"Point","coordinates":[13.953879,49.384874]}},{"type":"Feature","properties":{"CountryName":"Czechia","Type of Animal":"Pork"},"geometry":{"type":"Point","coordinates":[13.772106,49.273774]}},{"type":"Feature","properties":{"CountryName":"Czechia","Type of Animal":"Pork"},"geometry":{"type":"Point","coordinates":[13.772106,49.273774]}},{"type":"Feature","properties":{"CountryName":"Czechia","Type of Animal":"Pork"},"geometry":{"type":"Point","coordinates":[13.772106,49.273774]}},{"type":"Feature","properties":{"CountryName":"Czechia","Type of Animal":"Pork"},"geometry":{"type":"Point","coordinates":[13.772106,49.273774]}},{"type":"Feature","properties":{"CountryName":"Czechia","Type of Animal":"Pork"},"geometry":{"type":"Point","coordinates":[13.772106,49.273774]}},{"type":"Feature","properties":{"CountryName":"Czechia","Type of Animal":"Pork"},"geometry":{"type":"Point","coordinates":[13.772106,49.273774]}},{"type":"Feature","properties":{"CountryName":"Czechia","Type of Animal":"Chicken"},"geometry":{"type":"Point","coordinates":[14.686681,49.434214]}},{"type":"Feature","properties":{"CountryName":"Czechia","Type of Animal":"Chicken"},"geometry":{"type":"Point","coordinates":[14.686681,49.434214]}},{"type":"Feature","properties":{"CountryName":"Czechia","Type of Animal":"Chicken"},"geometry":{"type":"Point","coordinates":[14.686681,49.434214]}},{"type":"Feature","properties":{"CountryName":"Czechia","Type of Animal":"Chicken"},"geometry":{"type":"Point","coordinates":[14.686681,49.434214]}},{"type":"Feature","properties":{"CountryName":"Czechia","Type of Animal":"Chicken"},"geometry":{"type":"Point","coordinates":[14.686681,49.434214]}},{"type":"Feature","properties":{"CountryName":"Czechia","Type of Animal":"Chicken"},"geometry":{"type":"Point","coordinates":[14.686681,49.434214]}},{"type":"Feature","properties":{"CountryName":"Czechia","Type of Animal":"Pork"},"geometry":{"type":"Point","coordinates":[14.762156,49.367963]}},{"type":"Feature","properties":{"CountryName":"Czechia","Type of Animal":"Pork"},"geometry":{"type":"Point","coordinates":[14.762156,49.367963]}},{"type":"Feature","properties":{"CountryName":"Czechia","Type of Animal":"Pork"},"geometry":{"type":"Point","coordinates":[14.762156,49.367963]}},{"type":"Feature","properties":{"CountryName":"Czechia","Type of Animal":"Pork"},"geometry":{"type":"Point","coordinates":[14.762156,49.367963]}},{"type":"Feature","properties":{"CountryName":"Czechia","Type of Animal":"Pork"},"geometry":{"type":"Point","coordinates":[14.762156,49.367963]}},{"type":"Feature","properties":{"CountryName":"Czechia","Type of Animal":"Pork"},"geometry":{"type":"Point","coordinates":[14.762156,49.367963]}},{"type":"Feature","properties":{"CountryName":"Czechia","Type of Animal":"Pork"},"geometry":{"type":"Point","coordinates":[14.769581,49.260054]}},{"type":"Feature","properties":{"CountryName":"Czechia","Type of Animal":"Pork"},"geometry":{"type":"Point","coordinates":[14.769581,49.260054]}},{"type":"Feature","properties":{"CountryName":"Czechia","Type of Animal":"Pork"},"geometry":{"type":"Point","coordinates":[14.769581,49.260054]}},{"type":"Feature","properties":{"CountryName":"Czechia","Type of Animal":"Pork"},"geometry":{"type":"Point","coordinates":[14.769581,49.260054]}},{"type":"Feature","properties":{"CountryName":"Czechia","Type of Animal":"Pork"},"geometry":{"type":"Point","coordinates":[14.769581,49.260054]}},{"type":"Feature","properties":{"CountryName":"Czechia","Type of Animal":"Pork"},"geometry":{"type":"Point","coordinates":[14.769581,49.260054]}},{"type":"Feature","properties":{"CountryName":"Czechia","Type of Animal":"Chicken"},"geometry":{"type":"Point","coordinates":[14.630909,49.183397]}},{"type":"Feature","properties":{"CountryName":"Czechia","Type of Animal":"Chicken"},"geometry":{"type":"Point","coordinates":[14.630909,49.183397]}},{"type":"Feature","properties":{"CountryName":"Czechia","Type of Animal":"Chicken"},"geometry":{"type":"Point","coordinates":[14.630909,49.183397]}},{"type":"Feature","properties":{"CountryName":"Czechia","Type of Animal":"Chicken"},"geometry":{"type":"Point","coordinates":[14.630909,49.183397]}},{"type":"Feature","properties":{"CountryName":"Czechia","Type of Animal":"Chicken"},"geometry":{"type":"Point","coordinates":[14.630909,49.183397]}},{"type":"Feature","properties":{"CountryName":"Czechia","Type of Animal":"Chicken"},"geometry":{"type":"Point","coordinates":[14.630909,49.183397]}},{"type":"Feature","properties":{"CountryName":"Czechia","Type of Animal":"Chicken"},"geometry":{"type":"Point","coordinates":[14.59686,49.445096]}},{"type":"Feature","properties":{"CountryName":"Czechia","Type of Animal":"Chicken"},"geometry":{"type":"Point","coordinates":[14.59686,49.445096]}},{"type":"Feature","properties":{"CountryName":"Czechia","Type of Animal":"Chicken"},"geometry":{"type":"Point","coordinates":[14.59686,49.445096]}},{"type":"Feature","properties":{"CountryName":"Czechia","Type of Animal":"Chicken"},"geometry":{"type":"Point","coordinates":[14.59686,49.445096]}},{"type":"Feature","properties":{"CountryName":"Czechia","Type of Animal":"Chicken"},"geometry":{"type":"Point","coordinates":[14.59686,49.445096]}},{"type":"Feature","properties":{"CountryName":"Czechia","Type of Animal":"Chicken"},"geometry":{"type":"Point","coordinates":[14.59686,49.445096]}},{"type":"Feature","properties":{"CountryName":"Czechia","Type of Animal":"Pork"},"geometry":{"type":"Point","coordinates":[16.014111,49.938074]}},{"type":"Feature","properties":{"CountryName":"Czechia","Type of Animal":"Pork"},"geometry":{"type":"Point","coordinates":[16.014111,49.938074]}},{"type":"Feature","properties":{"CountryName":"Czechia","Type of Animal":"Pork"},"geometry":{"type":"Point","coordinates":[16.014111,49.938074]}},{"type":"Feature","properties":{"CountryName":"Czechia","Type of Animal":"Pork"},"geometry":{"type":"Point","coordinates":[16.014111,49.938074]}},{"type":"Feature","properties":{"CountryName":"Czechia","Type of Animal":"Pork"},"geometry":{"type":"Point","coordinates":[16.014111,49.938074]}},{"type":"Feature","properties":{"CountryName":"Czechia","Type of Animal":"Pork"},"geometry":{"type":"Point","coordinates":[16.014111,49.938074]}},{"type":"Feature","properties":{"CountryName":"Czechia","Type of Animal":"Pork"},"geometry":{"type":"Point","coordinates":[15.866248,49.784618]}},{"type":"Feature","properties":{"CountryName":"Czechia","Type of Animal":"Pork"},"geometry":{"type":"Point","coordinates":[15.866248,49.784618]}},{"type":"Feature","properties":{"CountryName":"Czechia","Type of Animal":"Pork"},"geometry":{"type":"Point","coordinates":[15.866248,49.784618]}},{"type":"Feature","properties":{"CountryName":"Czechia","Type of Animal":"Pork"},"geometry":{"type":"Point","coordinates":[15.866248,49.784618]}},{"type":"Feature","properties":{"CountryName":"Czechia","Type of Animal":"Pork"},"geometry":{"type":"Point","coordinates":[15.866248,49.784618]}},{"type":"Feature","properties":{"CountryName":"Czechia","Type of Animal":"Pork"},"geometry":{"type":"Point","coordinates":[15.866248,49.784618]}},{"type":"Feature","properties":{"CountryName":"Czechia","Type of Animal":"Pork"},"geometry":{"type":"Point","coordinates":[15.635331,49.945099]}},{"type":"Feature","properties":{"CountryName":"Czechia","Type of Animal":"Pork"},"geometry":{"type":"Point","coordinates":[15.635331,49.945099]}},{"type":"Feature","properties":{"CountryName":"Czechia","Type of Animal":"Pork"},"geometry":{"type":"Point","coordinates":[15.635331,49.945099]}},{"type":"Feature","properties":{"CountryName":"Czechia","Type of Animal":"Pork"},"geometry":{"type":"Point","coordinates":[15.635331,49.945099]}},{"type":"Feature","properties":{"CountryName":"Czechia","Type of Animal":"Pork"},"geometry":{"type":"Point","coordinates":[15.635331,49.945099]}},{"type":"Feature","properties":{"CountryName":"Czechia","Type of Animal":"Pork"},"geometry":{"type":"Point","coordinates":[15.635331,49.945099]}},{"type":"Feature","properties":{"CountryName":"Czechia","Type of Animal":"Chicken"},"geometry":{"type":"Point","coordinates":[15.79935,49.960806]}},{"type":"Feature","properties":{"CountryName":"Czechia","Type of Animal":"Chicken"},"geometry":{"type":"Point","coordinates":[15.79935,49.960806]}},{"type":"Feature","properties":{"CountryName":"Czechia","Type of Animal":"Chicken"},"geometry":{"type":"Point","coordinates":[15.79935,49.960806]}},{"type":"Feature","properties":{"CountryName":"Czechia","Type of Animal":"Chicken"},"geometry":{"type":"Point","coordinates":[15.79935,49.960806]}},{"type":"Feature","properties":{"CountryName":"Czechia","Type of Animal":"Chicken"},"geometry":{"type":"Point","coordinates":[15.79935,49.960806]}},{"type":"Feature","properties":{"CountryName":"Czechia","Type of Animal":"Chicken"},"geometry":{"type":"Point","coordinates":[15.79935,49.960806]}},{"type":"Feature","properties":{"CountryName":"Czechia","Type of Animal":"Chicken"},"geometry":{"type":"Point","coordinates":[15.641888,49.997287]}},{"type":"Feature","properties":{"CountryName":"Czechia","Type of Animal":"Chicken"},"geometry":{"type":"Point","coordinates":[15.641888,49.997287]}},{"type":"Feature","properties":{"CountryName":"Czechia","Type of Animal":"Chicken"},"geometry":{"type":"Point","coordinates":[15.641888,49.997287]}},{"type":"Feature","properties":{"CountryName":"Czechia","Type of Animal":"Chicken"},"geometry":{"type":"Point","coordinates":[15.641888,49.997287]}},{"type":"Feature","properties":{"CountryName":"Czechia","Type of Animal":"Chicken"},"geometry":{"type":"Point","coordinates":[15.641888,49.997287]}},{"type":"Feature","properties":{"CountryName":"Czechia","Type of Animal":"Chicken"},"geometry":{"type":"Point","coordinates":[15.641888,49.997287]}},{"type":"Feature","properties":{"CountryName":"Czechia","Type of Animal":"Pork"},"geometry":{"type":"Point","coordinates":[16.017222,50.024444]}},{"type":"Feature","properties":{"CountryName":"Czechia","Type of Animal":"Pork"},"geometry":{"type":"Point","coordinates":[16.017222,50.024444]}},{"type":"Feature","properties":{"CountryName":"Czechia","Type of Animal":"Pork"},"geometry":{"type":"Point","coordinates":[16.017222,50.024444]}},{"type":"Feature","properties":{"CountryName":"Czechia","Type of Animal":"Pork"},"geometry":{"type":"Point","coordinates":[16.017222,50.024444]}},{"type":"Feature","properties":{"CountryName":"Czechia","Type of Animal":"Pork"},"geometry":{"type":"Point","coordinates":[16.017222,50.024444]}},{"type":"Feature","properties":{"CountryName":"Czechia","Type of Animal":"Pork"},"geometry":{"type":"Point","coordinates":[16.017222,50.024444]}},{"type":"Feature","properties":{"CountryName":"Czechia","Type of Animal":"Pork"},"geometry":{"type":"Point","coordinates":[15.907198,49.992382]}},{"type":"Feature","properties":{"CountryName":"Czechia","Type of Animal":"Pork"},"geometry":{"type":"Point","coordinates":[15.907198,49.992382]}},{"type":"Feature","properties":{"CountryName":"Czechia","Type of Animal":"Pork"},"geometry":{"type":"Point","coordinates":[15.907198,49.992382]}},{"type":"Feature","properties":{"CountryName":"Czechia","Type of Animal":"Pork"},"geometry":{"type":"Point","coordinates":[15.907198,49.992382]}},{"type":"Feature","properties":{"CountryName":"Czechia","Type of Animal":"Pork"},"geometry":{"type":"Point","coordinates":[15.907198,49.992382]}},{"type":"Feature","properties":{"CountryName":"Czechia","Type of Animal":"Pork"},"geometry":{"type":"Point","coordinates":[15.907198,49.992382]}},{"type":"Feature","properties":{"CountryName":"Czechia","Type of Animal":"Pork"},"geometry":{"type":"Point","coordinates":[15.610507,50.124502]}},{"type":"Feature","properties":{"CountryName":"Czechia","Type of Animal":"Pork"},"geometry":{"type":"Point","coordinates":[15.610507,50.124502]}},{"type":"Feature","properties":{"CountryName":"Czechia","Type of Animal":"Pork"},"geometry":{"type":"Point","coordinates":[15.610507,50.124502]}},{"type":"Feature","properties":{"CountryName":"Czechia","Type of Animal":"Pork"},"geometry":{"type":"Point","coordinates":[15.610507,50.124502]}},{"type":"Feature","properties":{"CountryName":"Czechia","Type of Animal":"Pork"},"geometry":{"type":"Point","coordinates":[15.610507,50.124502]}},{"type":"Feature","properties":{"CountryName":"Czechia","Type of Animal":"Pork"},"geometry":{"type":"Point","coordinates":[15.610507,50.124502]}},{"type":"Feature","properties":{"CountryName":"Czechia","Type of Animal":"Chicken"},"geometry":{"type":"Point","coordinates":[15.936483,49.998193]}},{"type":"Feature","properties":{"CountryName":"Czechia","Type of Animal":"Chicken"},"geometry":{"type":"Point","coordinates":[15.936483,49.998193]}},{"type":"Feature","properties":{"CountryName":"Czechia","Type of Animal":"Chicken"},"geometry":{"type":"Point","coordinates":[15.936483,49.998193]}},{"type":"Feature","properties":{"CountryName":"Czechia","Type of Animal":"Chicken"},"geometry":{"type":"Point","coordinates":[15.936483,49.998193]}},{"type":"Feature","properties":{"CountryName":"Czechia","Type of Animal":"Chicken"},"geometry":{"type":"Point","coordinates":[15.936483,49.998193]}},{"type":"Feature","properties":{"CountryName":"Czechia","Type of Animal":"Chicken"},"geometry":{"type":"Point","coordinates":[15.936483,49.998193]}},{"type":"Feature","properties":{"CountryName":"Czechia","Type of Animal":"Chicken"},"geometry":{"type":"Point","coordinates":[15.409187,50.057841]}},{"type":"Feature","properties":{"CountryName":"Czechia","Type of Animal":"Chicken"},"geometry":{"type":"Point","coordinates":[15.409187,50.057841]}},{"type":"Feature","properties":{"CountryName":"Czechia","Type of Animal":"Chicken"},"geometry":{"type":"Point","coordinates":[15.409187,50.057841]}},{"type":"Feature","properties":{"CountryName":"Czechia","Type of Animal":"Chicken"},"geometry":{"type":"Point","coordinates":[15.409187,50.057841]}},{"type":"Feature","properties":{"CountryName":"Czechia","Type of Animal":"Chicken"},"geometry":{"type":"Point","coordinates":[15.409187,50.057841]}},{"type":"Feature","properties":{"CountryName":"Czechia","Type of Animal":"Chicken"},"geometry":{"type":"Point","coordinates":[15.409187,50.057841]}},{"type":"Feature","properties":{"CountryName":"Czechia","Type of Animal":"Pork"},"geometry":{"type":"Point","coordinates":[15.904546,50.000149]}},{"type":"Feature","properties":{"CountryName":"Czechia","Type of Animal":"Pork"},"geometry":{"type":"Point","coordinates":[15.904546,50.000149]}},{"type":"Feature","properties":{"CountryName":"Czechia","Type of Animal":"Pork"},"geometry":{"type":"Point","coordinates":[15.904546,50.000149]}},{"type":"Feature","properties":{"CountryName":"Czechia","Type of Animal":"Pork"},"geometry":{"type":"Point","coordinates":[15.904546,50.000149]}},{"type":"Feature","properties":{"CountryName":"Czechia","Type of Animal":"Pork"},"geometry":{"type":"Point","coordinates":[15.904546,50.000149]}},{"type":"Feature","properties":{"CountryName":"Czechia","Type of Animal":"Pork"},"geometry":{"type":"Point","coordinates":[15.904546,50.000149]}},{"type":"Feature","properties":{"CountryName":"Czechia","Type of Animal":"Chicken"},"geometry":{"type":"Point","coordinates":[15.776955,50.137109]}},{"type":"Feature","properties":{"CountryName":"Czechia","Type of Animal":"Chicken"},"geometry":{"type":"Point","coordinates":[15.776955,50.137109]}},{"type":"Feature","properties":{"CountryName":"Czechia","Type of Animal":"Chicken"},"geometry":{"type":"Point","coordinates":[15.776955,50.137109]}},{"type":"Feature","properties":{"CountryName":"Czechia","Type of Animal":"Chicken"},"geometry":{"type":"Point","coordinates":[15.776955,50.137109]}},{"type":"Feature","properties":{"CountryName":"Czechia","Type of Animal":"Chicken"},"geometry":{"type":"Point","coordinates":[15.776955,50.137109]}},{"type":"Feature","properties":{"CountryName":"Czechia","Type of Animal":"Chicken"},"geometry":{"type":"Point","coordinates":[15.776955,50.137109]}},{"type":"Feature","properties":{"CountryName":"Czechia","Type of Animal":"Chicken"},"geometry":{"type":"Point","coordinates":[15.665366,49.990763]}},{"type":"Feature","properties":{"CountryName":"Czechia","Type of Animal":"Chicken"},"geometry":{"type":"Point","coordinates":[15.665366,49.990763]}},{"type":"Feature","properties":{"CountryName":"Czechia","Type of Animal":"Chicken"},"geometry":{"type":"Point","coordinates":[15.665366,49.990763]}},{"type":"Feature","properties":{"CountryName":"Czechia","Type of Animal":"Chicken"},"geometry":{"type":"Point","coordinates":[15.665366,49.990763]}},{"type":"Feature","properties":{"CountryName":"Czechia","Type of Animal":"Chicken"},"geometry":{"type":"Point","coordinates":[15.665366,49.990763]}},{"type":"Feature","properties":{"CountryName":"Czechia","Type of Animal":"Chicken"},"geometry":{"type":"Point","coordinates":[15.665366,49.990763]}},{"type":"Feature","properties":{"CountryName":"Czechia","Type of Animal":"Pork"},"geometry":{"type":"Point","coordinates":[15.698647,49.977608]}},{"type":"Feature","properties":{"CountryName":"Czechia","Type of Animal":"Pork"},"geometry":{"type":"Point","coordinates":[15.698647,49.977608]}},{"type":"Feature","properties":{"CountryName":"Czechia","Type of Animal":"Pork"},"geometry":{"type":"Point","coordinates":[15.698647,49.977608]}},{"type":"Feature","properties":{"CountryName":"Czechia","Type of Animal":"Pork"},"geometry":{"type":"Point","coordinates":[15.698647,49.977608]}},{"type":"Feature","properties":{"CountryName":"Czechia","Type of Animal":"Pork"},"geometry":{"type":"Point","coordinates":[15.698647,49.977608]}},{"type":"Feature","properties":{"CountryName":"Czechia","Type of Animal":"Pork"},"geometry":{"type":"Point","coordinates":[15.698647,49.977608]}},{"type":"Feature","properties":{"CountryName":"Czechia","Type of Animal":"Chicken"},"geometry":{"type":"Point","coordinates":[15.967218,49.991033]}},{"type":"Feature","properties":{"CountryName":"Czechia","Type of Animal":"Chicken"},"geometry":{"type":"Point","coordinates":[15.967218,49.991033]}},{"type":"Feature","properties":{"CountryName":"Czechia","Type of Animal":"Chicken"},"geometry":{"type":"Point","coordinates":[15.967218,49.991033]}},{"type":"Feature","properties":{"CountryName":"Czechia","Type of Animal":"Chicken"},"geometry":{"type":"Point","coordinates":[15.967218,49.991033]}},{"type":"Feature","properties":{"CountryName":"Czechia","Type of Animal":"Chicken"},"geometry":{"type":"Point","coordinates":[15.967218,49.991033]}},{"type":"Feature","properties":{"CountryName":"Czechia","Type of Animal":"Chicken"},"geometry":{"type":"Point","coordinates":[15.967218,49.991033]}},{"type":"Feature","properties":{"CountryName":"Czechia","Type of Animal":"Chicken"},"geometry":{"type":"Point","coordinates":[15.638341,49.985655]}},{"type":"Feature","properties":{"CountryName":"Czechia","Type of Animal":"Chicken"},"geometry":{"type":"Point","coordinates":[15.638341,49.985655]}},{"type":"Feature","properties":{"CountryName":"Czechia","Type of Animal":"Chicken"},"geometry":{"type":"Point","coordinates":[15.638341,49.985655]}},{"type":"Feature","properties":{"CountryName":"Czechia","Type of Animal":"Chicken"},"geometry":{"type":"Point","coordinates":[15.638341,49.985655]}},{"type":"Feature","properties":{"CountryName":"Czechia","Type of Animal":"Chicken"},"geometry":{"type":"Point","coordinates":[15.638341,49.985655]}},{"type":"Feature","properties":{"CountryName":"Czechia","Type of Animal":"Chicken"},"geometry":{"type":"Point","coordinates":[15.638341,49.985655]}},{"type":"Feature","properties":{"CountryName":"Czechia","Type of Animal":"Chicken"},"geometry":{"type":"Point","coordinates":[16.638888,49.678888]}},{"type":"Feature","properties":{"CountryName":"Czechia","Type of Animal":"Chicken"},"geometry":{"type":"Point","coordinates":[16.638888,49.678888]}},{"type":"Feature","properties":{"CountryName":"Czechia","Type of Animal":"Chicken"},"geometry":{"type":"Point","coordinates":[16.638888,49.678888]}},{"type":"Feature","properties":{"CountryName":"Czechia","Type of Animal":"Chicken"},"geometry":{"type":"Point","coordinates":[16.638888,49.678888]}},{"type":"Feature","properties":{"CountryName":"Czechia","Type of Animal":"Chicken"},"geometry":{"type":"Point","coordinates":[16.638888,49.678888]}},{"type":"Feature","properties":{"CountryName":"Czechia","Type of Animal":"Chicken"},"geometry":{"type":"Point","coordinates":[16.638888,49.678888]}},{"type":"Feature","properties":{"CountryName":"Czechia","Type of Animal":"Chicken"},"geometry":{"type":"Point","coordinates":[16.635987,49.747009]}},{"type":"Feature","properties":{"CountryName":"Czechia","Type of Animal":"Chicken"},"geometry":{"type":"Point","coordinates":[16.635987,49.747009]}},{"type":"Feature","properties":{"CountryName":"Czechia","Type of Animal":"Chicken"},"geometry":{"type":"Point","coordinates":[16.635987,49.747009]}},{"type":"Feature","properties":{"CountryName":"Czechia","Type of Animal":"Chicken"},"geometry":{"type":"Point","coordinates":[16.635987,49.747009]}},{"type":"Feature","properties":{"CountryName":"Czechia","Type of Animal":"Chicken"},"geometry":{"type":"Point","coordinates":[16.635987,49.747009]}},{"type":"Feature","properties":{"CountryName":"Czechia","Type of Animal":"Chicken"},"geometry":{"type":"Point","coordinates":[16.635987,49.747009]}},{"type":"Feature","properties":{"CountryName":"Czechia","Type of Animal":"Chicken"},"geometry":{"type":"Point","coordinates":[16.264865,49.831701]}},{"type":"Feature","properties":{"CountryName":"Czechia","Type of Animal":"Chicken"},"geometry":{"type":"Point","coordinates":[16.264865,49.831701]}},{"type":"Feature","properties":{"CountryName":"Czechia","Type of Animal":"Chicken"},"geometry":{"type":"Point","coordinates":[16.264865,49.831701]}},{"type":"Feature","properties":{"CountryName":"Czechia","Type of Animal":"Chicken"},"geometry":{"type":"Point","coordinates":[16.264865,49.831701]}},{"type":"Feature","properties":{"CountryName":"Czechia","Type of Animal":"Chicken"},"geometry":{"type":"Point","coordinates":[16.264865,49.831701]}},{"type":"Feature","properties":{"CountryName":"Czechia","Type of Animal":"Chicken"},"geometry":{"type":"Point","coordinates":[16.264865,49.831701]}},{"type":"Feature","properties":{"CountryName":"Czechia","Type of Animal":"Chicken"},"geometry":{"type":"Point","coordinates":[16.37971,49.841427]}},{"type":"Feature","properties":{"CountryName":"Czechia","Type of Animal":"Chicken"},"geometry":{"type":"Point","coordinates":[16.37971,49.841427]}},{"type":"Feature","properties":{"CountryName":"Czechia","Type of Animal":"Chicken"},"geometry":{"type":"Point","coordinates":[16.37971,49.841427]}},{"type":"Feature","properties":{"CountryName":"Czechia","Type of Animal":"Chicken"},"geometry":{"type":"Point","coordinates":[16.37971,49.841427]}},{"type":"Feature","properties":{"CountryName":"Czechia","Type of Animal":"Chicken"},"geometry":{"type":"Point","coordinates":[16.37971,49.841427]}},{"type":"Feature","properties":{"CountryName":"Czechia","Type of Animal":"Chicken"},"geometry":{"type":"Point","coordinates":[16.37971,49.841427]}},{"type":"Feature","properties":{"CountryName":"Czechia","Type of Animal":"Pork"},"geometry":{"type":"Point","coordinates":[16.255875,49.664515]}},{"type":"Feature","properties":{"CountryName":"Czechia","Type of Animal":"Pork"},"geometry":{"type":"Point","coordinates":[16.255875,49.664515]}},{"type":"Feature","properties":{"CountryName":"Czechia","Type of Animal":"Pork"},"geometry":{"type":"Point","coordinates":[16.255875,49.664515]}},{"type":"Feature","properties":{"CountryName":"Czechia","Type of Animal":"Pork"},"geometry":{"type":"Point","coordinates":[16.255875,49.664515]}},{"type":"Feature","properties":{"CountryName":"Czechia","Type of Animal":"Pork"},"geometry":{"type":"Point","coordinates":[16.255875,49.664515]}},{"type":"Feature","properties":{"CountryName":"Czechia","Type of Animal":"Pork"},"geometry":{"type":"Point","coordinates":[16.255875,49.664515]}},{"type":"Feature","properties":{"CountryName":"Czechia","Type of Animal":"Pork"},"geometry":{"type":"Point","coordinates":[16.42175,49.735211]}},{"type":"Feature","properties":{"CountryName":"Czechia","Type of Animal":"Pork"},"geometry":{"type":"Point","coordinates":[16.42175,49.735211]}},{"type":"Feature","properties":{"CountryName":"Czechia","Type of Animal":"Pork"},"geometry":{"type":"Point","coordinates":[16.42175,49.735211]}},{"type":"Feature","properties":{"CountryName":"Czechia","Type of Animal":"Pork"},"geometry":{"type":"Point","coordinates":[16.42175,49.735211]}},{"type":"Feature","properties":{"CountryName":"Czechia","Type of Animal":"Pork"},"geometry":{"type":"Point","coordinates":[16.42175,49.735211]}},{"type":"Feature","properties":{"CountryName":"Czechia","Type of Animal":"Pork"},"geometry":{"type":"Point","coordinates":[16.42175,49.735211]}},{"type":"Feature","properties":{"CountryName":"Czechia","Type of Animal":"Chicken"},"geometry":{"type":"Point","coordinates":[16.528851,49.799555]}},{"type":"Feature","properties":{"CountryName":"Czechia","Type of Animal":"Chicken"},"geometry":{"type":"Point","coordinates":[16.528851,49.799555]}},{"type":"Feature","properties":{"CountryName":"Czechia","Type of Animal":"Chicken"},"geometry":{"type":"Point","coordinates":[16.528851,49.799555]}},{"type":"Feature","properties":{"CountryName":"Czechia","Type of Animal":"Chicken"},"geometry":{"type":"Point","coordinates":[16.528851,49.799555]}},{"type":"Feature","properties":{"CountryName":"Czechia","Type of Animal":"Chicken"},"geometry":{"type":"Point","coordinates":[16.528851,49.799555]}},{"type":"Feature","properties":{"CountryName":"Czechia","Type of Animal":"Chicken"},"geometry":{"type":"Point","coordinates":[16.528851,49.799555]}},{"type":"Feature","properties":{"CountryName":"Czechia","Type of Animal":"Pork"},"geometry":{"type":"Point","coordinates":[16.669389,49.792972]}},{"type":"Feature","properties":{"CountryName":"Czechia","Type of Animal":"Pork"},"geometry":{"type":"Point","coordinates":[16.669389,49.792972]}},{"type":"Feature","properties":{"CountryName":"Czechia","Type of Animal":"Pork"},"geometry":{"type":"Point","coordinates":[16.669389,49.792972]}},{"type":"Feature","properties":{"CountryName":"Czechia","Type of Animal":"Pork"},"geometry":{"type":"Point","coordinates":[16.669389,49.792972]}},{"type":"Feature","properties":{"CountryName":"Czechia","Type of Animal":"Pork"},"geometry":{"type":"Point","coordinates":[16.669389,49.792972]}},{"type":"Feature","properties":{"CountryName":"Czechia","Type of Animal":"Pork"},"geometry":{"type":"Point","coordinates":[16.669389,49.792972]}},{"type":"Feature","properties":{"CountryName":"Czechia","Type of Animal":"Pork"},"geometry":{"type":"Point","coordinates":[16.758241,49.692754]}},{"type":"Feature","properties":{"CountryName":"Czechia","Type of Animal":"Pork"},"geometry":{"type":"Point","coordinates":[16.758241,49.692754]}},{"type":"Feature","properties":{"CountryName":"Czechia","Type of Animal":"Pork"},"geometry":{"type":"Point","coordinates":[16.758241,49.692754]}},{"type":"Feature","properties":{"CountryName":"Czechia","Type of Animal":"Pork"},"geometry":{"type":"Point","coordinates":[16.758241,49.692754]}},{"type":"Feature","properties":{"CountryName":"Czechia","Type of Animal":"Pork"},"geometry":{"type":"Point","coordinates":[16.758241,49.692754]}},{"type":"Feature","properties":{"CountryName":"Czechia","Type of Animal":"Pork"},"geometry":{"type":"Point","coordinates":[16.758241,49.692754]}},{"type":"Feature","properties":{"CountryName":"Czechia","Type of Animal":"Chicken"},"geometry":{"type":"Point","coordinates":[16.299827,49.856202]}},{"type":"Feature","properties":{"CountryName":"Czechia","Type of Animal":"Chicken"},"geometry":{"type":"Point","coordinates":[16.299827,49.856202]}},{"type":"Feature","properties":{"CountryName":"Czechia","Type of Animal":"Chicken"},"geometry":{"type":"Point","coordinates":[16.299827,49.856202]}},{"type":"Feature","properties":{"CountryName":"Czechia","Type of Animal":"Chicken"},"geometry":{"type":"Point","coordinates":[16.299827,49.856202]}},{"type":"Feature","properties":{"CountryName":"Czechia","Type of Animal":"Chicken"},"geometry":{"type":"Point","coordinates":[16.299827,49.856202]}},{"type":"Feature","properties":{"CountryName":"Czechia","Type of Animal":"Chicken"},"geometry":{"type":"Point","coordinates":[16.299827,49.856202]}},{"type":"Feature","properties":{"CountryName":"Czechia","Type of Animal":"Chicken"},"geometry":{"type":"Point","coordinates":[16.117856,49.915028]}},{"type":"Feature","properties":{"CountryName":"Czechia","Type of Animal":"Chicken"},"geometry":{"type":"Point","coordinates":[16.117856,49.915028]}},{"type":"Feature","properties":{"CountryName":"Czechia","Type of Animal":"Chicken"},"geometry":{"type":"Point","coordinates":[16.117856,49.915028]}},{"type":"Feature","properties":{"CountryName":"Czechia","Type of Animal":"Chicken"},"geometry":{"type":"Point","coordinates":[16.117856,49.915028]}},{"type":"Feature","properties":{"CountryName":"Czechia","Type of Animal":"Chicken"},"geometry":{"type":"Point","coordinates":[16.117856,49.915028]}},{"type":"Feature","properties":{"CountryName":"Czechia","Type of Animal":"Chicken"},"geometry":{"type":"Point","coordinates":[16.117856,49.915028]}},{"type":"Feature","properties":{"CountryName":"Czechia","Type of Animal":"Chicken"},"geometry":{"type":"Point","coordinates":[16.232312,49.983636]}},{"type":"Feature","properties":{"CountryName":"Czechia","Type of Animal":"Chicken"},"geometry":{"type":"Point","coordinates":[16.232312,49.983636]}},{"type":"Feature","properties":{"CountryName":"Czechia","Type of Animal":"Chicken"},"geometry":{"type":"Point","coordinates":[16.232312,49.983636]}},{"type":"Feature","properties":{"CountryName":"Czechia","Type of Animal":"Chicken"},"geometry":{"type":"Point","coordinates":[16.232312,49.983636]}},{"type":"Feature","properties":{"CountryName":"Czechia","Type of Animal":"Chicken"},"geometry":{"type":"Point","coordinates":[16.232312,49.983636]}},{"type":"Feature","properties":{"CountryName":"Czechia","Type of Animal":"Chicken"},"geometry":{"type":"Point","coordinates":[16.232312,49.983636]}},{"type":"Feature","properties":{"CountryName":"Czechia","Type of Animal":"Pork"},"geometry":{"type":"Point","coordinates":[16.484688,50.09197]}},{"type":"Feature","properties":{"CountryName":"Czechia","Type of Animal":"Pork"},"geometry":{"type":"Point","coordinates":[16.484688,50.09197]}},{"type":"Feature","properties":{"CountryName":"Czechia","Type of Animal":"Pork"},"geometry":{"type":"Point","coordinates":[16.484688,50.09197]}},{"type":"Feature","properties":{"CountryName":"Czechia","Type of Animal":"Pork"},"geometry":{"type":"Point","coordinates":[16.484688,50.09197]}},{"type":"Feature","properties":{"CountryName":"Czechia","Type of Animal":"Pork"},"geometry":{"type":"Point","coordinates":[16.484688,50.09197]}},{"type":"Feature","properties":{"CountryName":"Czechia","Type of Animal":"Pork"},"geometry":{"type":"Point","coordinates":[16.484688,50.09197]}},{"type":"Feature","properties":{"CountryName":"Czechia","Type of Animal":"Pork"},"geometry":{"type":"Point","coordinates":[16.451066,49.951649]}},{"type":"Feature","properties":{"CountryName":"Czechia","Type of Animal":"Pork"},"geometry":{"type":"Point","coordinates":[16.451066,49.951649]}},{"type":"Feature","properties":{"CountryName":"Czechia","Type of Animal":"Pork"},"geometry":{"type":"Point","coordinates":[16.451066,49.951649]}},{"type":"Feature","properties":{"CountryName":"Czechia","Type of Animal":"Pork"},"geometry":{"type":"Point","coordinates":[16.451066,49.951649]}},{"type":"Feature","properties":{"CountryName":"Czechia","Type of Animal":"Pork"},"geometry":{"type":"Point","coordinates":[16.451066,49.951649]}},{"type":"Feature","properties":{"CountryName":"Czechia","Type of Animal":"Pork"},"geometry":{"type":"Point","coordinates":[16.451066,49.951649]}},{"type":"Feature","properties":{"CountryName":"Czechia","Type of Animal":"Chicken"},"geometry":{"type":"Point","coordinates":[16.201011,49.971373]}},{"type":"Feature","properties":{"CountryName":"Czechia","Type of Animal":"Chicken"},"geometry":{"type":"Point","coordinates":[16.201011,49.971373]}},{"type":"Feature","properties":{"CountryName":"Czechia","Type of Animal":"Chicken"},"geometry":{"type":"Point","coordinates":[16.201011,49.971373]}},{"type":"Feature","properties":{"CountryName":"Czechia","Type of Animal":"Chicken"},"geometry":{"type":"Point","coordinates":[16.201011,49.971373]}},{"type":"Feature","properties":{"CountryName":"Czechia","Type of Animal":"Chicken"},"geometry":{"type":"Point","coordinates":[16.201011,49.971373]}},{"type":"Feature","properties":{"CountryName":"Czechia","Type of Animal":"Chicken"},"geometry":{"type":"Point","coordinates":[16.201011,49.971373]}},{"type":"Feature","properties":{"CountryName":"Czechia","Type of Animal":"Pork"},"geometry":{"type":"Point","coordinates":[16.663441,49.902096]}},{"type":"Feature","properties":{"CountryName":"Czechia","Type of Animal":"Pork"},"geometry":{"type":"Point","coordinates":[16.663441,49.902096]}},{"type":"Feature","properties":{"CountryName":"Czechia","Type of Animal":"Pork"},"geometry":{"type":"Point","coordinates":[16.663441,49.902096]}},{"type":"Feature","properties":{"CountryName":"Czechia","Type of Animal":"Pork"},"geometry":{"type":"Point","coordinates":[16.663441,49.902096]}},{"type":"Feature","properties":{"CountryName":"Czechia","Type of Animal":"Pork"},"geometry":{"type":"Point","coordinates":[16.663441,49.902096]}},{"type":"Feature","properties":{"CountryName":"Czechia","Type of Animal":"Pork"},"geometry":{"type":"Point","coordinates":[16.663441,49.902096]}},{"type":"Feature","properties":{"CountryName":"Czechia","Type of Animal":"Pork"},"geometry":{"type":"Point","coordinates":[15.427447,50.21659]}},{"type":"Feature","properties":{"CountryName":"Czechia","Type of Animal":"Pork"},"geometry":{"type":"Point","coordinates":[15.427447,50.21659]}},{"type":"Feature","properties":{"CountryName":"Czechia","Type of Animal":"Pork"},"geometry":{"type":"Point","coordinates":[15.427447,50.21659]}},{"type":"Feature","properties":{"CountryName":"Czechia","Type of Animal":"Pork"},"geometry":{"type":"Point","coordinates":[15.427447,50.21659]}},{"type":"Feature","properties":{"CountryName":"Czechia","Type of Animal":"Pork"},"geometry":{"type":"Point","coordinates":[15.427447,50.21659]}},{"type":"Feature","properties":{"CountryName":"Czechia","Type of Animal":"Pork"},"geometry":{"type":"Point","coordinates":[15.427447,50.21659]}},{"type":"Feature","properties":{"CountryName":"Czechia","Type of Animal":"Pork"},"geometry":{"type":"Point","coordinates":[15.657143,50.27511]}},{"type":"Feature","properties":{"CountryName":"Czechia","Type of Animal":"Pork"},"geometry":{"type":"Point","coordinates":[15.657143,50.27511]}},{"type":"Feature","properties":{"CountryName":"Czechia","Type of Animal":"Pork"},"geometry":{"type":"Point","coordinates":[15.657143,50.27511]}},{"type":"Feature","properties":{"CountryName":"Czechia","Type of Animal":"Pork"},"geometry":{"type":"Point","coordinates":[15.657143,50.27511]}},{"type":"Feature","properties":{"CountryName":"Czechia","Type of Animal":"Pork"},"geometry":{"type":"Point","coordinates":[15.657143,50.27511]}},{"type":"Feature","properties":{"CountryName":"Czechia","Type of Animal":"Pork"},"geometry":{"type":"Point","coordinates":[15.657143,50.27511]}},{"type":"Feature","properties":{"CountryName":"Czechia","Type of Animal":"Chicken"},"geometry":{"type":"Point","coordinates":[15.50345,50.192393]}},{"type":"Feature","properties":{"CountryName":"Czechia","Type of Animal":"Chicken"},"geometry":{"type":"Point","coordinates":[15.50345,50.192393]}},{"type":"Feature","properties":{"CountryName":"Czechia","Type of Animal":"Chicken"},"geometry":{"type":"Point","coordinates":[15.50345,50.192393]}},{"type":"Feature","properties":{"CountryName":"Czechia","Type of Animal":"Chicken"},"geometry":{"type":"Point","coordinates":[15.50345,50.192393]}},{"type":"Feature","properties":{"CountryName":"Czechia","Type of Animal":"Chicken"},"geometry":{"type":"Point","coordinates":[15.50345,50.192393]}},{"type":"Feature","properties":{"CountryName":"Czechia","Type of Animal":"Chicken"},"geometry":{"type":"Point","coordinates":[15.50345,50.192393]}},{"type":"Feature","properties":{"CountryName":"Czechia","Type of Animal":"Chicken"},"geometry":{"type":"Point","coordinates":[15.545835,50.179476]}},{"type":"Feature","properties":{"CountryName":"Czechia","Type of Animal":"Chicken"},"geometry":{"type":"Point","coordinates":[15.545835,50.179476]}},{"type":"Feature","properties":{"CountryName":"Czechia","Type of Animal":"Chicken"},"geometry":{"type":"Point","coordinates":[15.545835,50.179476]}},{"type":"Feature","properties":{"CountryName":"Czechia","Type of Animal":"Chicken"},"geometry":{"type":"Point","coordinates":[15.545835,50.179476]}},{"type":"Feature","properties":{"CountryName":"Czechia","Type of Animal":"Chicken"},"geometry":{"type":"Point","coordinates":[15.545835,50.179476]}},{"type":"Feature","properties":{"CountryName":"Czechia","Type of Animal":"Chicken"},"geometry":{"type":"Point","coordinates":[15.545835,50.179476]}},{"type":"Feature","properties":{"CountryName":"Czechia","Type of Animal":"Pork"},"geometry":{"type":"Point","coordinates":[15.963212,50.296172]}},{"type":"Feature","properties":{"CountryName":"Czechia","Type of Animal":"Pork"},"geometry":{"type":"Point","coordinates":[15.963212,50.296172]}},{"type":"Feature","properties":{"CountryName":"Czechia","Type of Animal":"Pork"},"geometry":{"type":"Point","coordinates":[15.963212,50.296172]}},{"type":"Feature","properties":{"CountryName":"Czechia","Type of Animal":"Pork"},"geometry":{"type":"Point","coordinates":[15.963212,50.296172]}},{"type":"Feature","properties":{"CountryName":"Czechia","Type of Animal":"Pork"},"geometry":{"type":"Point","coordinates":[15.963212,50.296172]}},{"type":"Feature","properties":{"CountryName":"Czechia","Type of Animal":"Pork"},"geometry":{"type":"Point","coordinates":[15.963212,50.296172]}},{"type":"Feature","properties":{"CountryName":"Czechia","Type of Animal":"Pork"},"geometry":{"type":"Point","coordinates":[15.421404,50.149446]}},{"type":"Feature","properties":{"CountryName":"Czechia","Type of Animal":"Pork"},"geometry":{"type":"Point","coordinates":[15.421404,50.149446]}},{"type":"Feature","properties":{"CountryName":"Czechia","Type of Animal":"Pork"},"geometry":{"type":"Point","coordinates":[15.421404,50.149446]}},{"type":"Feature","properties":{"CountryName":"Czechia","Type of Animal":"Pork"},"geometry":{"type":"Point","coordinates":[15.421404,50.149446]}},{"type":"Feature","properties":{"CountryName":"Czechia","Type of Animal":"Pork"},"geometry":{"type":"Point","coordinates":[15.421404,50.149446]}},{"type":"Feature","properties":{"CountryName":"Czechia","Type of Animal":"Pork"},"geometry":{"type":"Point","coordinates":[15.421404,50.149446]}},{"type":"Feature","properties":{"CountryName":"Czechia","Type of Animal":"Chicken"},"geometry":{"type":"Point","coordinates":[15.850993,50.289277]}},{"type":"Feature","properties":{"CountryName":"Czechia","Type of Animal":"Chicken"},"geometry":{"type":"Point","coordinates":[15.850993,50.289277]}},{"type":"Feature","properties":{"CountryName":"Czechia","Type of Animal":"Chicken"},"geometry":{"type":"Point","coordinates":[15.850993,50.289277]}},{"type":"Feature","properties":{"CountryName":"Czechia","Type of Animal":"Chicken"},"geometry":{"type":"Point","coordinates":[15.850993,50.289277]}},{"type":"Feature","properties":{"CountryName":"Czechia","Type of Animal":"Chicken"},"geometry":{"type":"Point","coordinates":[15.850993,50.289277]}},{"type":"Feature","properties":{"CountryName":"Czechia","Type of Animal":"Chicken"},"geometry":{"type":"Point","coordinates":[15.850993,50.289277]}},{"type":"Feature","properties":{"CountryName":"Czechia","Type of Animal":"Chicken"},"geometry":{"type":"Point","coordinates":[15.403831,50.471758]}},{"type":"Feature","properties":{"CountryName":"Czechia","Type of Animal":"Chicken"},"geometry":{"type":"Point","coordinates":[15.403831,50.471758]}},{"type":"Feature","properties":{"CountryName":"Czechia","Type of Animal":"Chicken"},"geometry":{"type":"Point","coordinates":[15.403831,50.471758]}},{"type":"Feature","properties":{"CountryName":"Czechia","Type of Animal":"Chicken"},"geometry":{"type":"Point","coordinates":[15.403831,50.471758]}},{"type":"Feature","properties":{"CountryName":"Czechia","Type of Animal":"Chicken"},"geometry":{"type":"Point","coordinates":[15.403831,50.471758]}},{"type":"Feature","properties":{"CountryName":"Czechia","Type of Animal":"Chicken"},"geometry":{"type":"Point","coordinates":[15.403831,50.471758]}},{"type":"Feature","properties":{"CountryName":"Czechia","Type of Animal":"Pork"},"geometry":{"type":"Point","coordinates":[15.32706,50.333176]}},{"type":"Feature","properties":{"CountryName":"Czechia","Type of Animal":"Pork"},"geometry":{"type":"Point","coordinates":[15.32706,50.333176]}},{"type":"Feature","properties":{"CountryName":"Czechia","Type of Animal":"Pork"},"geometry":{"type":"Point","coordinates":[15.32706,50.333176]}},{"type":"Feature","properties":{"CountryName":"Czechia","Type of Animal":"Pork"},"geometry":{"type":"Point","coordinates":[15.32706,50.333176]}},{"type":"Feature","properties":{"CountryName":"Czechia","Type of Animal":"Pork"},"geometry":{"type":"Point","coordinates":[15.32706,50.333176]}},{"type":"Feature","properties":{"CountryName":"Czechia","Type of Animal":"Pork"},"geometry":{"type":"Point","coordinates":[15.32706,50.333176]}},{"type":"Feature","properties":{"CountryName":"Czechia","Type of Animal":"Pork"},"geometry":{"type":"Point","coordinates":[16.088681,50.349697]}},{"type":"Feature","properties":{"CountryName":"Czechia","Type of Animal":"Pork"},"geometry":{"type":"Point","coordinates":[16.088681,50.349697]}},{"type":"Feature","properties":{"CountryName":"Czechia","Type of Animal":"Pork"},"geometry":{"type":"Point","coordinates":[16.088681,50.349697]}},{"type":"Feature","properties":{"CountryName":"Czechia","Type of Animal":"Pork"},"geometry":{"type":"Point","coordinates":[16.088681,50.349697]}},{"type":"Feature","properties":{"CountryName":"Czechia","Type of Animal":"Pork"},"geometry":{"type":"Point","coordinates":[16.088681,50.349697]}},{"type":"Feature","properties":{"CountryName":"Czechia","Type of Animal":"Pork"},"geometry":{"type":"Point","coordinates":[16.088681,50.349697]}},{"type":"Feature","properties":{"CountryName":"Czechia","Type of Animal":"Pork"},"geometry":{"type":"Point","coordinates":[16.070345,50.426463]}},{"type":"Feature","properties":{"CountryName":"Czechia","Type of Animal":"Pork"},"geometry":{"type":"Point","coordinates":[16.070345,50.426463]}},{"type":"Feature","properties":{"CountryName":"Czechia","Type of Animal":"Pork"},"geometry":{"type":"Point","coordinates":[16.070345,50.426463]}},{"type":"Feature","properties":{"CountryName":"Czechia","Type of Animal":"Pork"},"geometry":{"type":"Point","coordinates":[16.070345,50.426463]}},{"type":"Feature","properties":{"CountryName":"Czechia","Type of Animal":"Pork"},"geometry":{"type":"Point","coordinates":[16.070345,50.426463]}},{"type":"Feature","properties":{"CountryName":"Czechia","Type of Animal":"Pork"},"geometry":{"type":"Point","coordinates":[16.070345,50.426463]}},{"type":"Feature","properties":{"CountryName":"Czechia","Type of Animal":"Chicken"},"geometry":{"type":"Point","coordinates":[16.131662,50.25509]}},{"type":"Feature","properties":{"CountryName":"Czechia","Type of Animal":"Chicken"},"geometry":{"type":"Point","coordinates":[16.131662,50.25509]}},{"type":"Feature","properties":{"CountryName":"Czechia","Type of Animal":"Chicken"},"geometry":{"type":"Point","coordinates":[16.131662,50.25509]}},{"type":"Feature","properties":{"CountryName":"Czechia","Type of Animal":"Chicken"},"geometry":{"type":"Point","coordinates":[16.131662,50.25509]}},{"type":"Feature","properties":{"CountryName":"Czechia","Type of Animal":"Chicken"},"geometry":{"type":"Point","coordinates":[16.131662,50.25509]}},{"type":"Feature","properties":{"CountryName":"Czechia","Type of Animal":"Chicken"},"geometry":{"type":"Point","coordinates":[16.131662,50.25509]}},{"type":"Feature","properties":{"CountryName":"Czechia","Type of Animal":"Pork"},"geometry":{"type":"Point","coordinates":[16.241366,50.142011]}},{"type":"Feature","properties":{"CountryName":"Czechia","Type of Animal":"Pork"},"geometry":{"type":"Point","coordinates":[16.241366,50.142011]}},{"type":"Feature","properties":{"CountryName":"Czechia","Type of Animal":"Pork"},"geometry":{"type":"Point","coordinates":[16.241366,50.142011]}},{"type":"Feature","properties":{"CountryName":"Czechia","Type of Animal":"Pork"},"geometry":{"type":"Point","coordinates":[16.241366,50.142011]}},{"type":"Feature","properties":{"CountryName":"Czechia","Type of Animal":"Pork"},"geometry":{"type":"Point","coordinates":[16.241366,50.142011]}},{"type":"Feature","properties":{"CountryName":"Czechia","Type of Animal":"Pork"},"geometry":{"type":"Point","coordinates":[16.241366,50.142011]}},{"type":"Feature","properties":{"CountryName":"Czechia","Type of Animal":"Chicken"},"geometry":{"type":"Point","coordinates":[16.185539,50.175108]}},{"type":"Feature","properties":{"CountryName":"Czechia","Type of Animal":"Chicken"},"geometry":{"type":"Point","coordinates":[16.185539,50.175108]}},{"type":"Feature","properties":{"CountryName":"Czechia","Type of Animal":"Chicken"},"geometry":{"type":"Point","coordinates":[16.185539,50.175108]}},{"type":"Feature","properties":{"CountryName":"Czechia","Type of Animal":"Chicken"},"geometry":{"type":"Point","coordinates":[16.185539,50.175108]}},{"type":"Feature","properties":{"CountryName":"Czechia","Type of Animal":"Chicken"},"geometry":{"type":"Point","coordinates":[16.185539,50.175108]}},{"type":"Feature","properties":{"CountryName":"Czechia","Type of Animal":"Chicken"},"geometry":{"type":"Point","coordinates":[16.185539,50.175108]}},{"type":"Feature","properties":{"CountryName":"Czechia","Type of Animal":"Chicken"},"geometry":{"type":"Point","coordinates":[16.09291,50.269231]}},{"type":"Feature","properties":{"CountryName":"Czechia","Type of Animal":"Chicken"},"geometry":{"type":"Point","coordinates":[16.09291,50.269231]}},{"type":"Feature","properties":{"CountryName":"Czechia","Type of Animal":"Chicken"},"geometry":{"type":"Point","coordinates":[16.09291,50.269231]}},{"type":"Feature","properties":{"CountryName":"Czechia","Type of Animal":"Chicken"},"geometry":{"type":"Point","coordinates":[16.09291,50.269231]}},{"type":"Feature","properties":{"CountryName":"Czechia","Type of Animal":"Chicken"},"geometry":{"type":"Point","coordinates":[16.09291,50.269231]}},{"type":"Feature","properties":{"CountryName":"Czechia","Type of Animal":"Chicken"},"geometry":{"type":"Point","coordinates":[16.09291,50.269231]}},{"type":"Feature","properties":{"CountryName":"Czechia","Type of Animal":"Chicken"},"geometry":{"type":"Point","coordinates":[15.889623,50.416267]}},{"type":"Feature","properties":{"CountryName":"Czechia","Type of Animal":"Chicken"},"geometry":{"type":"Point","coordinates":[15.889623,50.416267]}},{"type":"Feature","properties":{"CountryName":"Czechia","Type of Animal":"Chicken"},"geometry":{"type":"Point","coordinates":[15.889623,50.416267]}},{"type":"Feature","properties":{"CountryName":"Czechia","Type of Animal":"Chicken"},"geometry":{"type":"Point","coordinates":[15.889623,50.416267]}},{"type":"Feature","properties":{"CountryName":"Czechia","Type of Animal":"Chicken"},"geometry":{"type":"Point","coordinates":[15.889623,50.416267]}},{"type":"Feature","properties":{"CountryName":"Czechia","Type of Animal":"Chicken"},"geometry":{"type":"Point","coordinates":[15.889623,50.416267]}},{"type":"Feature","properties":{"CountryName":"Czechia","Type of Animal":"Pork"},"geometry":{"type":"Point","coordinates":[15.935909,50.411212]}},{"type":"Feature","properties":{"CountryName":"Czechia","Type of Animal":"Pork"},"geometry":{"type":"Point","coordinates":[15.935909,50.411212]}},{"type":"Feature","properties":{"CountryName":"Czechia","Type of Animal":"Pork"},"geometry":{"type":"Point","coordinates":[15.935909,50.411212]}},{"type":"Feature","properties":{"CountryName":"Czechia","Type of Animal":"Pork"},"geometry":{"type":"Point","coordinates":[15.935909,50.411212]}},{"type":"Feature","properties":{"CountryName":"Czechia","Type of Animal":"Pork"},"geometry":{"type":"Point","coordinates":[15.935909,50.411212]}},{"type":"Feature","properties":{"CountryName":"Czechia","Type of Animal":"Pork"},"geometry":{"type":"Point","coordinates":[15.935909,50.411212]}},{"type":"Feature","properties":{"CountryName":"Czechia","Type of Animal":"Pork"},"geometry":{"type":"Point","coordinates":[15.405833,49.645742]}},{"type":"Feature","properties":{"CountryName":"Czechia","Type of Animal":"Pork"},"geometry":{"type":"Point","coordinates":[15.405833,49.645742]}},{"type":"Feature","properties":{"CountryName":"Czechia","Type of Animal":"Pork"},"geometry":{"type":"Point","coordinates":[15.405833,49.645742]}},{"type":"Feature","properties":{"CountryName":"Czechia","Type of Animal":"Pork"},"geometry":{"type":"Point","coordinates":[15.405833,49.645742]}},{"type":"Feature","properties":{"CountryName":"Czechia","Type of Animal":"Pork"},"geometry":{"type":"Point","coordinates":[15.405833,49.645742]}},{"type":"Feature","properties":{"CountryName":"Czechia","Type of Animal":"Pork"},"geometry":{"type":"Point","coordinates":[15.405833,49.645742]}},{"type":"Feature","properties":{"CountryName":"Czechia","Type of Animal":"Pork"},"geometry":{"type":"Point","coordinates":[15.642565,49.646919]}},{"type":"Feature","properties":{"CountryName":"Czechia","Type of Animal":"Pork"},"geometry":{"type":"Point","coordinates":[15.642565,49.646919]}},{"type":"Feature","properties":{"CountryName":"Czechia","Type of Animal":"Pork"},"geometry":{"type":"Point","coordinates":[15.642565,49.646919]}},{"type":"Feature","properties":{"CountryName":"Czechia","Type of Animal":"Pork"},"geometry":{"type":"Point","coordinates":[15.642565,49.646919]}},{"type":"Feature","properties":{"CountryName":"Czechia","Type of Animal":"Pork"},"geometry":{"type":"Point","coordinates":[15.642565,49.646919]}},{"type":"Feature","properties":{"CountryName":"Czechia","Type of Animal":"Pork"},"geometry":{"type":"Point","coordinates":[15.642565,49.646919]}},{"type":"Feature","properties":{"CountryName":"Czechia","Type of Animal":"Pork"},"geometry":{"type":"Point","coordinates":[15.589169,49.800893]}},{"type":"Feature","properties":{"CountryName":"Czechia","Type of Animal":"Pork"},"geometry":{"type":"Point","coordinates":[15.589169,49.800893]}},{"type":"Feature","properties":{"CountryName":"Czechia","Type of Animal":"Pork"},"geometry":{"type":"Point","coordinates":[15.589169,49.800893]}},{"type":"Feature","properties":{"CountryName":"Czechia","Type of Animal":"Pork"},"geometry":{"type":"Point","coordinates":[15.589169,49.800893]}},{"type":"Feature","properties":{"CountryName":"Czechia","Type of Animal":"Pork"},"geometry":{"type":"Point","coordinates":[15.589169,49.800893]}},{"type":"Feature","properties":{"CountryName":"Czechia","Type of Animal":"Pork"},"geometry":{"type":"Point","coordinates":[15.589169,49.800893]}},{"type":"Feature","properties":{"CountryName":"Czechia","Type of Animal":"Pork"},"geometry":{"type":"Point","coordinates":[15.711464,49.344442]}},{"type":"Feature","properties":{"CountryName":"Czechia","Type of Animal":"Pork"},"geometry":{"type":"Point","coordinates":[15.711464,49.344442]}},{"type":"Feature","properties":{"CountryName":"Czechia","Type of Animal":"Pork"},"geometry":{"type":"Point","coordinates":[15.711464,49.344442]}},{"type":"Feature","properties":{"CountryName":"Czechia","Type of Animal":"Pork"},"geometry":{"type":"Point","coordinates":[15.711464,49.344442]}},{"type":"Feature","properties":{"CountryName":"Czechia","Type of Animal":"Pork"},"geometry":{"type":"Point","coordinates":[15.711464,49.344442]}},{"type":"Feature","properties":{"CountryName":"Czechia","Type of Animal":"Pork"},"geometry":{"type":"Point","coordinates":[15.711464,49.344442]}},{"type":"Feature","properties":{"CountryName":"Czechia","Type of Animal":"Pork"},"geometry":{"type":"Point","coordinates":[15.775444,49.382608]}},{"type":"Feature","properties":{"CountryName":"Czechia","Type of Animal":"Pork"},"geometry":{"type":"Point","coordinates":[15.775444,49.382608]}},{"type":"Feature","properties":{"CountryName":"Czechia","Type of Animal":"Pork"},"geometry":{"type":"Point","coordinates":[15.775444,49.382608]}},{"type":"Feature","properties":{"CountryName":"Czechia","Type of Animal":"Pork"},"geometry":{"type":"Point","coordinates":[15.775444,49.382608]}},{"type":"Feature","properties":{"CountryName":"Czechia","Type of Animal":"Pork"},"geometry":{"type":"Point","coordinates":[15.775444,49.382608]}},{"type":"Feature","properties":{"CountryName":"Czechia","Type of Animal":"Pork"},"geometry":{"type":"Point","coordinates":[15.775444,49.382608]}},{"type":"Feature","properties":{"CountryName":"Czechia","Type of Animal":"Pork"},"geometry":{"type":"Point","coordinates":[15.439103,49.164648]}},{"type":"Feature","properties":{"CountryName":"Czechia","Type of Animal":"Pork"},"geometry":{"type":"Point","coordinates":[15.439103,49.164648]}},{"type":"Feature","properties":{"CountryName":"Czechia","Type of Animal":"Pork"},"geometry":{"type":"Point","coordinates":[15.439103,49.164648]}},{"type":"Feature","properties":{"CountryName":"Czechia","Type of Animal":"Pork"},"geometry":{"type":"Point","coordinates":[15.439103,49.164648]}},{"type":"Feature","properties":{"CountryName":"Czechia","Type of Animal":"Pork"},"geometry":{"type":"Point","coordinates":[15.439103,49.164648]}},{"type":"Feature","properties":{"CountryName":"Czechia","Type of Animal":"Pork"},"geometry":{"type":"Point","coordinates":[15.439103,49.164648]}},{"type":"Feature","properties":{"CountryName":"Czechia","Type of Animal":"Pork"},"geometry":{"type":"Point","coordinates":[15.2835,49.44385]}},{"type":"Feature","properties":{"CountryName":"Czechia","Type of Animal":"Pork"},"geometry":{"type":"Point","coordinates":[15.2835,49.44385]}},{"type":"Feature","properties":{"CountryName":"Czechia","Type of Animal":"Pork"},"geometry":{"type":"Point","coordinates":[15.2835,49.44385]}},{"type":"Feature","properties":{"CountryName":"Czechia","Type of Animal":"Pork"},"geometry":{"type":"Point","coordinates":[15.2835,49.44385]}},{"type":"Feature","properties":{"CountryName":"Czechia","Type of Animal":"Pork"},"geometry":{"type":"Point","coordinates":[15.2835,49.44385]}},{"type":"Feature","properties":{"CountryName":"Czechia","Type of Animal":"Pork"},"geometry":{"type":"Point","coordinates":[15.2835,49.44385]}},{"type":"Feature","properties":{"CountryName":"Czechia","Type of Animal":"Pork"},"geometry":{"type":"Point","coordinates":[15.105439,49.445849]}},{"type":"Feature","properties":{"CountryName":"Czechia","Type of Animal":"Pork"},"geometry":{"type":"Point","coordinates":[15.105439,49.445849]}},{"type":"Feature","properties":{"CountryName":"Czechia","Type of Animal":"Pork"},"geometry":{"type":"Point","coordinates":[15.105439,49.445849]}},{"type":"Feature","properties":{"CountryName":"Czechia","Type of Animal":"Pork"},"geometry":{"type":"Point","coordinates":[15.105439,49.445849]}},{"type":"Feature","properties":{"CountryName":"Czechia","Type of Animal":"Pork"},"geometry":{"type":"Point","coordinates":[15.105439,49.445849]}},{"type":"Feature","properties":{"CountryName":"Czechia","Type of Animal":"Pork"},"geometry":{"type":"Point","coordinates":[15.105439,49.445849]}},{"type":"Feature","properties":{"CountryName":"Czechia","Type of Animal":"Pork"},"geometry":{"type":"Point","coordinates":[15.371899,49.430314]}},{"type":"Feature","properties":{"CountryName":"Czechia","Type of Animal":"Pork"},"geometry":{"type":"Point","coordinates":[15.371899,49.430314]}},{"type":"Feature","properties":{"CountryName":"Czechia","Type of Animal":"Pork"},"geometry":{"type":"Point","coordinates":[15.371899,49.430314]}},{"type":"Feature","properties":{"CountryName":"Czechia","Type of Animal":"Pork"},"geometry":{"type":"Point","coordinates":[15.371899,49.430314]}},{"type":"Feature","properties":{"CountryName":"Czechia","Type of Animal":"Pork"},"geometry":{"type":"Point","coordinates":[15.371899,49.430314]}},{"type":"Feature","properties":{"CountryName":"Czechia","Type of Animal":"Pork"},"geometry":{"type":"Point","coordinates":[15.371899,49.430314]}},{"type":"Feature","properties":{"CountryName":"Czechia","Type of Animal":"Pork"},"geometry":{"type":"Point","coordinates":[15.708312,49.093552]}},{"type":"Feature","properties":{"CountryName":"Czechia","Type of Animal":"Pork"},"geometry":{"type":"Point","coordinates":[15.708312,49.093552]}},{"type":"Feature","properties":{"CountryName":"Czechia","Type of Animal":"Pork"},"geometry":{"type":"Point","coordinates":[15.708312,49.093552]}},{"type":"Feature","properties":{"CountryName":"Czechia","Type of Animal":"Pork"},"geometry":{"type":"Point","coordinates":[15.708312,49.093552]}},{"type":"Feature","properties":{"CountryName":"Czechia","Type of Animal":"Pork"},"geometry":{"type":"Point","coordinates":[15.708312,49.093552]}},{"type":"Feature","properties":{"CountryName":"Czechia","Type of Animal":"Pork"},"geometry":{"type":"Point","coordinates":[15.708312,49.093552]}},{"type":"Feature","properties":{"CountryName":"Czechia","Type of Animal":"Chicken"},"geometry":{"type":"Point","coordinates":[15.48324061,49.00426252]}},{"type":"Feature","properties":{"CountryName":"Czechia","Type of Animal":"Chicken"},"geometry":{"type":"Point","coordinates":[15.982134,49.24312]}},{"type":"Feature","properties":{"CountryName":"Czechia","Type of Animal":"Chicken"},"geometry":{"type":"Point","coordinates":[15.982134,49.24312]}},{"type":"Feature","properties":{"CountryName":"Czechia","Type of Animal":"Chicken"},"geometry":{"type":"Point","coordinates":[15.982134,49.24312]}},{"type":"Feature","properties":{"CountryName":"Czechia","Type of Animal":"Chicken"},"geometry":{"type":"Point","coordinates":[15.982134,49.24312]}},{"type":"Feature","properties":{"CountryName":"Czechia","Type of Animal":"Chicken"},"geometry":{"type":"Point","coordinates":[15.982134,49.24312]}},{"type":"Feature","properties":{"CountryName":"Czechia","Type of Animal":"Chicken"},"geometry":{"type":"Point","coordinates":[15.982134,49.24312]}},{"type":"Feature","properties":{"CountryName":"Czechia","Type of Animal":"Pork"},"geometry":{"type":"Point","coordinates":[15.946663,49.321559]}},{"type":"Feature","properties":{"CountryName":"Czechia","Type of Animal":"Pork"},"geometry":{"type":"Point","coordinates":[15.946663,49.321559]}},{"type":"Feature","properties":{"CountryName":"Czechia","Type of Animal":"Pork"},"geometry":{"type":"Point","coordinates":[15.946663,49.321559]}},{"type":"Feature","properties":{"CountryName":"Czechia","Type of Animal":"Pork"},"geometry":{"type":"Point","coordinates":[15.946663,49.321559]}},{"type":"Feature","properties":{"CountryName":"Czechia","Type of Animal":"Pork"},"geometry":{"type":"Point","coordinates":[15.946663,49.321559]}},{"type":"Feature","properties":{"CountryName":"Czechia","Type of Animal":"Pork"},"geometry":{"type":"Point","coordinates":[15.946663,49.321559]}},{"type":"Feature","properties":{"CountryName":"Czechia","Type of Animal":"Pork"},"geometry":{"type":"Point","coordinates":[15.983184,49.216386]}},{"type":"Feature","properties":{"CountryName":"Czechia","Type of Animal":"Pork"},"geometry":{"type":"Point","coordinates":[15.983184,49.216386]}},{"type":"Feature","properties":{"CountryName":"Czechia","Type of Animal":"Pork"},"geometry":{"type":"Point","coordinates":[15.983184,49.216386]}},{"type":"Feature","properties":{"CountryName":"Czechia","Type of Animal":"Pork"},"geometry":{"type":"Point","coordinates":[15.983184,49.216386]}},{"type":"Feature","properties":{"CountryName":"Czechia","Type of Animal":"Pork"},"geometry":{"type":"Point","coordinates":[15.983184,49.216386]}},{"type":"Feature","properties":{"CountryName":"Czechia","Type of Animal":"Pork"},"geometry":{"type":"Point","coordinates":[15.983184,49.216386]}},{"type":"Feature","properties":{"CountryName":"Czechia","Type of Animal":"Chicken"},"geometry":{"type":"Point","coordinates":[15.912164,49.203008]}},{"type":"Feature","properties":{"CountryName":"Czechia","Type of Animal":"Chicken"},"geometry":{"type":"Point","coordinates":[15.912164,49.203008]}},{"type":"Feature","properties":{"CountryName":"Czechia","Type of Animal":"Chicken"},"geometry":{"type":"Point","coordinates":[15.912164,49.203008]}},{"type":"Feature","properties":{"CountryName":"Czechia","Type of Animal":"Chicken"},"geometry":{"type":"Point","coordinates":[15.912164,49.203008]}},{"type":"Feature","properties":{"CountryName":"Czechia","Type of Animal":"Chicken"},"geometry":{"type":"Point","coordinates":[15.912164,49.203008]}},{"type":"Feature","properties":{"CountryName":"Czechia","Type of Animal":"Chicken"},"geometry":{"type":"Point","coordinates":[15.912164,49.203008]}},{"type":"Feature","properties":{"CountryName":"Czechia","Type of Animal":"Chicken"},"geometry":{"type":"Point","coordinates":[15.900646,49.131907]}},{"type":"Feature","properties":{"CountryName":"Czechia","Type of Animal":"Chicken"},"geometry":{"type":"Point","coordinates":[15.900646,49.131907]}},{"type":"Feature","properties":{"CountryName":"Czechia","Type of Animal":"Chicken"},"geometry":{"type":"Point","coordinates":[15.900646,49.131907]}},{"type":"Feature","properties":{"CountryName":"Czechia","Type of Animal":"Chicken"},"geometry":{"type":"Point","coordinates":[15.900646,49.131907]}},{"type":"Feature","properties":{"CountryName":"Czechia","Type of Animal":"Chicken"},"geometry":{"type":"Point","coordinates":[15.900646,49.131907]}},{"type":"Feature","properties":{"CountryName":"Czechia","Type of Animal":"Chicken"},"geometry":{"type":"Point","coordinates":[15.900646,49.131907]}},{"type":"Feature","properties":{"CountryName":"Czechia","Type of Animal":"Chicken"},"geometry":{"type":"Point","coordinates":[15.801921,49.066635]}},{"type":"Feature","properties":{"CountryName":"Czechia","Type of Animal":"Chicken"},"geometry":{"type":"Point","coordinates":[15.801921,49.066635]}},{"type":"Feature","properties":{"CountryName":"Czechia","Type of Animal":"Chicken"},"geometry":{"type":"Point","coordinates":[15.801921,49.066635]}},{"type":"Feature","properties":{"CountryName":"Czechia","Type of Animal":"Chicken"},"geometry":{"type":"Point","coordinates":[15.801921,49.066635]}},{"type":"Feature","properties":{"CountryName":"Czechia","Type of Animal":"Chicken"},"geometry":{"type":"Point","coordinates":[15.801921,49.066635]}},{"type":"Feature","properties":{"CountryName":"Czechia","Type of Animal":"Chicken"},"geometry":{"type":"Point","coordinates":[15.801921,49.066635]}},{"type":"Feature","properties":{"CountryName":"Czechia","Type of Animal":"Pork"},"geometry":{"type":"Point","coordinates":[15.887811,49.379564]}},{"type":"Feature","properties":{"CountryName":"Czechia","Type of Animal":"Pork"},"geometry":{"type":"Point","coordinates":[15.887811,49.379564]}},{"type":"Feature","properties":{"CountryName":"Czechia","Type of Animal":"Pork"},"geometry":{"type":"Point","coordinates":[15.887811,49.379564]}},{"type":"Feature","properties":{"CountryName":"Czechia","Type of Animal":"Pork"},"geometry":{"type":"Point","coordinates":[15.887811,49.379564]}},{"type":"Feature","properties":{"CountryName":"Czechia","Type of Animal":"Pork"},"geometry":{"type":"Point","coordinates":[15.887811,49.379564]}},{"type":"Feature","properties":{"CountryName":"Czechia","Type of Animal":"Pork"},"geometry":{"type":"Point","coordinates":[15.887811,49.379564]}},{"type":"Feature","properties":{"CountryName":"Czechia","Type of Animal":"Pork"},"geometry":{"type":"Point","coordinates":[15.870694,49.526822]}},{"type":"Feature","properties":{"CountryName":"Czechia","Type of Animal":"Pork"},"geometry":{"type":"Point","coordinates":[15.870694,49.526822]}},{"type":"Feature","properties":{"CountryName":"Czechia","Type of Animal":"Pork"},"geometry":{"type":"Point","coordinates":[15.870694,49.526822]}},{"type":"Feature","properties":{"CountryName":"Czechia","Type of Animal":"Pork"},"geometry":{"type":"Point","coordinates":[15.870694,49.526822]}},{"type":"Feature","properties":{"CountryName":"Czechia","Type of Animal":"Pork"},"geometry":{"type":"Point","coordinates":[15.870694,49.526822]}},{"type":"Feature","properties":{"CountryName":"Czechia","Type of Animal":"Pork"},"geometry":{"type":"Point","coordinates":[15.870694,49.526822]}},{"type":"Feature","properties":{"CountryName":"Czechia","Type of Animal":"Pork"},"geometry":{"type":"Point","coordinates":[16.045407,49.389212]}},{"type":"Feature","properties":{"CountryName":"Czechia","Type of Animal":"Pork"},"geometry":{"type":"Point","coordinates":[16.045407,49.389212]}},{"type":"Feature","properties":{"CountryName":"Czechia","Type of Animal":"Pork"},"geometry":{"type":"Point","coordinates":[16.045407,49.389212]}},{"type":"Feature","properties":{"CountryName":"Czechia","Type of Animal":"Pork"},"geometry":{"type":"Point","coordinates":[16.045407,49.389212]}},{"type":"Feature","properties":{"CountryName":"Czechia","Type of Animal":"Pork"},"geometry":{"type":"Point","coordinates":[16.045407,49.389212]}},{"type":"Feature","properties":{"CountryName":"Czechia","Type of Animal":"Pork"},"geometry":{"type":"Point","coordinates":[16.045407,49.389212]}},{"type":"Feature","properties":{"CountryName":"Czechia","Type of Animal":"Pork"},"geometry":{"type":"Point","coordinates":[16.197772,49.530159]}},{"type":"Feature","properties":{"CountryName":"Czechia","Type of Animal":"Pork"},"geometry":{"type":"Point","coordinates":[16.197772,49.530159]}},{"type":"Feature","properties":{"CountryName":"Czechia","Type of Animal":"Pork"},"geometry":{"type":"Point","coordinates":[16.197772,49.530159]}},{"type":"Feature","properties":{"CountryName":"Czechia","Type of Animal":"Pork"},"geometry":{"type":"Point","coordinates":[16.197772,49.530159]}},{"type":"Feature","properties":{"CountryName":"Czechia","Type of Animal":"Pork"},"geometry":{"type":"Point","coordinates":[16.197772,49.530159]}},{"type":"Feature","properties":{"CountryName":"Czechia","Type of Animal":"Pork"},"geometry":{"type":"Point","coordinates":[16.197772,49.530159]}},{"type":"Feature","properties":{"CountryName":"Czechia","Type of Animal":"Pork"},"geometry":{"type":"Point","coordinates":[16.113624,49.413225]}},{"type":"Feature","properties":{"CountryName":"Czechia","Type of Animal":"Pork"},"geometry":{"type":"Point","coordinates":[16.113624,49.413225]}},{"type":"Feature","properties":{"CountryName":"Czechia","Type of Animal":"Pork"},"geometry":{"type":"Point","coordinates":[16.113624,49.413225]}},{"type":"Feature","properties":{"CountryName":"Czechia","Type of Animal":"Pork"},"geometry":{"type":"Point","coordinates":[16.113624,49.413225]}},{"type":"Feature","properties":{"CountryName":"Czechia","Type of Animal":"Pork"},"geometry":{"type":"Point","coordinates":[16.113624,49.413225]}},{"type":"Feature","properties":{"CountryName":"Czechia","Type of Animal":"Pork"},"geometry":{"type":"Point","coordinates":[16.113624,49.413225]}},{"type":"Feature","properties":{"CountryName":"Czechia","Type of Animal":"Pork"},"geometry":{"type":"Point","coordinates":[16.1695,49.309694]}},{"type":"Feature","properties":{"CountryName":"Czechia","Type of Animal":"Pork"},"geometry":{"type":"Point","coordinates":[16.1695,49.309694]}},{"type":"Feature","properties":{"CountryName":"Czechia","Type of Animal":"Pork"},"geometry":{"type":"Point","coordinates":[16.1695,49.309694]}},{"type":"Feature","properties":{"CountryName":"Czechia","Type of Animal":"Pork"},"geometry":{"type":"Point","coordinates":[16.1695,49.309694]}},{"type":"Feature","properties":{"CountryName":"Czechia","Type of Animal":"Pork"},"geometry":{"type":"Point","coordinates":[16.1695,49.309694]}},{"type":"Feature","properties":{"CountryName":"Czechia","Type of Animal":"Pork"},"geometry":{"type":"Point","coordinates":[16.1695,49.309694]}},{"type":"Feature","properties":{"CountryName":"Czechia","Type of Animal":"Pork"},"geometry":{"type":"Point","coordinates":[15.830067,49.534955]}},{"type":"Feature","properties":{"CountryName":"Czechia","Type of Animal":"Pork"},"geometry":{"type":"Point","coordinates":[15.830067,49.534955]}},{"type":"Feature","properties":{"CountryName":"Czechia","Type of Animal":"Pork"},"geometry":{"type":"Point","coordinates":[15.830067,49.534955]}},{"type":"Feature","properties":{"CountryName":"Czechia","Type of Animal":"Pork"},"geometry":{"type":"Point","coordinates":[15.830067,49.534955]}},{"type":"Feature","properties":{"CountryName":"Czechia","Type of Animal":"Pork"},"geometry":{"type":"Point","coordinates":[15.830067,49.534955]}},{"type":"Feature","properties":{"CountryName":"Czechia","Type of Animal":"Pork"},"geometry":{"type":"Point","coordinates":[15.830067,49.534955]}},{"type":"Feature","properties":{"CountryName":"Czechia","Type of Animal":"Chicken"},"geometry":{"type":"Point","coordinates":[12.337734,50.220093]}},{"type":"Feature","properties":{"CountryName":"Czechia","Type of Animal":"Chicken"},"geometry":{"type":"Point","coordinates":[12.337734,50.220093]}},{"type":"Feature","properties":{"CountryName":"Czechia","Type of Animal":"Chicken"},"geometry":{"type":"Point","coordinates":[12.337734,50.220093]}},{"type":"Feature","properties":{"CountryName":"Czechia","Type of Animal":"Chicken"},"geometry":{"type":"Point","coordinates":[12.337734,50.220093]}},{"type":"Feature","properties":{"CountryName":"Czechia","Type of Animal":"Chicken"},"geometry":{"type":"Point","coordinates":[12.337734,50.220093]}},{"type":"Feature","properties":{"CountryName":"Czechia","Type of Animal":"Chicken"},"geometry":{"type":"Point","coordinates":[12.337734,50.220093]}},{"type":"Feature","properties":{"CountryName":"Czechia","Type of Animal":"Pork"},"geometry":{"type":"Point","coordinates":[12.403752,50.10596]}},{"type":"Feature","properties":{"CountryName":"Czechia","Type of Animal":"Pork"},"geometry":{"type":"Point","coordinates":[12.403752,50.10596]}},{"type":"Feature","properties":{"CountryName":"Czechia","Type of Animal":"Pork"},"geometry":{"type":"Point","coordinates":[12.403752,50.10596]}},{"type":"Feature","properties":{"CountryName":"Czechia","Type of Animal":"Pork"},"geometry":{"type":"Point","coordinates":[12.403752,50.10596]}},{"type":"Feature","properties":{"CountryName":"Czechia","Type of Animal":"Pork"},"geometry":{"type":"Point","coordinates":[12.403752,50.10596]}},{"type":"Feature","properties":{"CountryName":"Czechia","Type of Animal":"Pork"},"geometry":{"type":"Point","coordinates":[12.403752,50.10596]}},{"type":"Feature","properties":{"CountryName":"Czechia","Type of Animal":"Chicken"},"geometry":{"type":"Point","coordinates":[12.986694,50.06675]}},{"type":"Feature","properties":{"CountryName":"Czechia","Type of Animal":"Chicken"},"geometry":{"type":"Point","coordinates":[12.986694,50.06675]}},{"type":"Feature","properties":{"CountryName":"Czechia","Type of Animal":"Chicken"},"geometry":{"type":"Point","coordinates":[12.986694,50.06675]}},{"type":"Feature","properties":{"CountryName":"Czechia","Type of Animal":"Chicken"},"geometry":{"type":"Point","coordinates":[12.986694,50.06675]}},{"type":"Feature","properties":{"CountryName":"Czechia","Type of Animal":"Chicken"},"geometry":{"type":"Point","coordinates":[12.986694,50.06675]}},{"type":"Feature","properties":{"CountryName":"Czechia","Type of Animal":"Chicken"},"geometry":{"type":"Point","coordinates":[12.986694,50.06675]}},{"type":"Feature","properties":{"CountryName":"Czechia","Type of Animal":"Pork"},"geometry":{"type":"Point","coordinates":[12.828836,50.299361]}},{"type":"Feature","properties":{"CountryName":"Czechia","Type of Animal":"Pork"},"geometry":{"type":"Point","coordinates":[12.828836,50.299361]}},{"type":"Feature","properties":{"CountryName":"Czechia","Type of Animal":"Pork"},"geometry":{"type":"Point","coordinates":[12.828836,50.299361]}},{"type":"Feature","properties":{"CountryName":"Czechia","Type of Animal":"Pork"},"geometry":{"type":"Point","coordinates":[12.828836,50.299361]}},{"type":"Feature","properties":{"CountryName":"Czechia","Type of Animal":"Pork"},"geometry":{"type":"Point","coordinates":[12.828836,50.299361]}},{"type":"Feature","properties":{"CountryName":"Czechia","Type of Animal":"Pork"},"geometry":{"type":"Point","coordinates":[12.828836,50.299361]}},{"type":"Feature","properties":{"CountryName":"Czechia","Type of Animal":"Pork"},"geometry":{"type":"Point","coordinates":[15.100645,50.618337]}},{"type":"Feature","properties":{"CountryName":"Czechia","Type of Animal":"Pork"},"geometry":{"type":"Point","coordinates":[15.100645,50.618337]}},{"type":"Feature","properties":{"CountryName":"Czechia","Type of Animal":"Pork"},"geometry":{"type":"Point","coordinates":[15.100645,50.618337]}},{"type":"Feature","properties":{"CountryName":"Czechia","Type of Animal":"Pork"},"geometry":{"type":"Point","coordinates":[15.100645,50.618337]}},{"type":"Feature","properties":{"CountryName":"Czechia","Type of Animal":"Pork"},"geometry":{"type":"Point","coordinates":[15.100645,50.618337]}},{"type":"Feature","properties":{"CountryName":"Czechia","Type of Animal":"Pork"},"geometry":{"type":"Point","coordinates":[15.100645,50.618337]}},{"type":"Feature","properties":{"CountryName":"Czechia","Type of Animal":"Chicken"},"geometry":{"type":"Point","coordinates":[15.447434,50.538685]}},{"type":"Feature","properties":{"CountryName":"Czechia","Type of Animal":"Chicken"},"geometry":{"type":"Point","coordinates":[15.447434,50.538685]}},{"type":"Feature","properties":{"CountryName":"Czechia","Type of Animal":"Chicken"},"geometry":{"type":"Point","coordinates":[15.447434,50.538685]}},{"type":"Feature","properties":{"CountryName":"Czechia","Type of Animal":"Chicken"},"geometry":{"type":"Point","coordinates":[15.447434,50.538685]}},{"type":"Feature","properties":{"CountryName":"Czechia","Type of Animal":"Chicken"},"geometry":{"type":"Point","coordinates":[15.447434,50.538685]}},{"type":"Feature","properties":{"CountryName":"Czechia","Type of Animal":"Chicken"},"geometry":{"type":"Point","coordinates":[15.447434,50.538685]}},{"type":"Feature","properties":{"CountryName":"Czechia","Type of Animal":"Pork"},"geometry":{"type":"Point","coordinates":[15.23599,50.546861]}},{"type":"Feature","properties":{"CountryName":"Czechia","Type of Animal":"Pork"},"geometry":{"type":"Point","coordinates":[15.23599,50.546861]}},{"type":"Feature","properties":{"CountryName":"Czechia","Type of Animal":"Pork"},"geometry":{"type":"Point","coordinates":[15.23599,50.546861]}},{"type":"Feature","properties":{"CountryName":"Czechia","Type of Animal":"Pork"},"geometry":{"type":"Point","coordinates":[15.23599,50.546861]}},{"type":"Feature","properties":{"CountryName":"Czechia","Type of Animal":"Pork"},"geometry":{"type":"Point","coordinates":[15.23599,50.546861]}},{"type":"Feature","properties":{"CountryName":"Czechia","Type of Animal":"Pork"},"geometry":{"type":"Point","coordinates":[15.23599,50.546861]}},{"type":"Feature","properties":{"CountryName":"Czechia","Type of Animal":"Chicken"},"geometry":{"type":"Point","coordinates":[17.224735,49.71235]}},{"type":"Feature","properties":{"CountryName":"Czechia","Type of Animal":"Chicken"},"geometry":{"type":"Point","coordinates":[17.224735,49.71235]}},{"type":"Feature","properties":{"CountryName":"Czechia","Type of Animal":"Chicken"},"geometry":{"type":"Point","coordinates":[17.224735,49.71235]}},{"type":"Feature","properties":{"CountryName":"Czechia","Type of Animal":"Chicken"},"geometry":{"type":"Point","coordinates":[17.224735,49.71235]}},{"type":"Feature","properties":{"CountryName":"Czechia","Type of Animal":"Chicken"},"geometry":{"type":"Point","coordinates":[17.224735,49.71235]}},{"type":"Feature","properties":{"CountryName":"Czechia","Type of Animal":"Chicken"},"geometry":{"type":"Point","coordinates":[17.224735,49.71235]}},{"type":"Feature","properties":{"CountryName":"Czechia","Type of Animal":"Pork"},"geometry":{"type":"Point","coordinates":[17.234206,49.778143]}},{"type":"Feature","properties":{"CountryName":"Czechia","Type of Animal":"Pork"},"geometry":{"type":"Point","coordinates":[17.234206,49.778143]}},{"type":"Feature","properties":{"CountryName":"Czechia","Type of Animal":"Pork"},"geometry":{"type":"Point","coordinates":[17.234206,49.778143]}},{"type":"Feature","properties":{"CountryName":"Czechia","Type of Animal":"Pork"},"geometry":{"type":"Point","coordinates":[17.234206,49.778143]}},{"type":"Feature","properties":{"CountryName":"Czechia","Type of Animal":"Pork"},"geometry":{"type":"Point","coordinates":[17.234206,49.778143]}},{"type":"Feature","properties":{"CountryName":"Czechia","Type of Animal":"Pork"},"geometry":{"type":"Point","coordinates":[17.234206,49.778143]}},{"type":"Feature","properties":{"CountryName":"Czechia","Type of Animal":"Pork"},"geometry":{"type":"Point","coordinates":[17.153091,49.820939]}},{"type":"Feature","properties":{"CountryName":"Czechia","Type of Animal":"Pork"},"geometry":{"type":"Point","coordinates":[17.153091,49.820939]}},{"type":"Feature","properties":{"CountryName":"Czechia","Type of Animal":"Pork"},"geometry":{"type":"Point","coordinates":[17.153091,49.820939]}},{"type":"Feature","properties":{"CountryName":"Czechia","Type of Animal":"Pork"},"geometry":{"type":"Point","coordinates":[17.153091,49.820939]}},{"type":"Feature","properties":{"CountryName":"Czechia","Type of Animal":"Pork"},"geometry":{"type":"Point","coordinates":[17.153091,49.820939]}},{"type":"Feature","properties":{"CountryName":"Czechia","Type of Animal":"Pork"},"geometry":{"type":"Point","coordinates":[17.153091,49.820939]}},{"type":"Feature","properties":{"CountryName":"Czechia","Type of Animal":"Pork"},"geometry":{"type":"Point","coordinates":[17.064074,49.783039]}},{"type":"Feature","properties":{"CountryName":"Czechia","Type of Animal":"Pork"},"geometry":{"type":"Point","coordinates":[17.064074,49.783039]}},{"type":"Feature","properties":{"CountryName":"Czechia","Type of Animal":"Pork"},"geometry":{"type":"Point","coordinates":[17.064074,49.783039]}},{"type":"Feature","properties":{"CountryName":"Czechia","Type of Animal":"Pork"},"geometry":{"type":"Point","coordinates":[17.064074,49.783039]}},{"type":"Feature","properties":{"CountryName":"Czechia","Type of Animal":"Pork"},"geometry":{"type":"Point","coordinates":[17.064074,49.783039]}},{"type":"Feature","properties":{"CountryName":"Czechia","Type of Animal":"Pork"},"geometry":{"type":"Point","coordinates":[17.064074,49.783039]}},{"type":"Feature","properties":{"CountryName":"Czechia","Type of Animal":"Pork"},"geometry":{"type":"Point","coordinates":[17.224614,49.746716]}},{"type":"Feature","properties":{"CountryName":"Czechia","Type of Animal":"Pork"},"geometry":{"type":"Point","coordinates":[17.224614,49.746716]}},{"type":"Feature","properties":{"CountryName":"Czechia","Type of Animal":"Pork"},"geometry":{"type":"Point","coordinates":[17.224614,49.746716]}},{"type":"Feature","properties":{"CountryName":"Czechia","Type of Animal":"Pork"},"geometry":{"type":"Point","coordinates":[17.224614,49.746716]}},{"type":"Feature","properties":{"CountryName":"Czechia","Type of Animal":"Pork"},"geometry":{"type":"Point","coordinates":[17.224614,49.746716]}},{"type":"Feature","properties":{"CountryName":"Czechia","Type of Animal":"Pork"},"geometry":{"type":"Point","coordinates":[17.224614,49.746716]}},{"type":"Feature","properties":{"CountryName":"Czechia","Type of Animal":"Chicken"},"geometry":{"type":"Point","coordinates":[16.94055,49.551206]}},{"type":"Feature","properties":{"CountryName":"Czechia","Type of Animal":"Chicken"},"geometry":{"type":"Point","coordinates":[16.94055,49.551206]}},{"type":"Feature","properties":{"CountryName":"Czechia","Type of Animal":"Chicken"},"geometry":{"type":"Point","coordinates":[16.94055,49.551206]}},{"type":"Feature","properties":{"CountryName":"Czechia","Type of Animal":"Chicken"},"geometry":{"type":"Point","coordinates":[16.94055,49.551206]}},{"type":"Feature","properties":{"CountryName":"Czechia","Type of Animal":"Chicken"},"geometry":{"type":"Point","coordinates":[16.94055,49.551206]}},{"type":"Feature","properties":{"CountryName":"Czechia","Type of Animal":"Chicken"},"geometry":{"type":"Point","coordinates":[16.94055,49.551206]}},{"type":"Feature","properties":{"CountryName":"Czechia","Type of Animal":"Pork"},"geometry":{"type":"Point","coordinates":[17.170595,49.320661]}},{"type":"Feature","properties":{"CountryName":"Czechia","Type of Animal":"Pork"},"geometry":{"type":"Point","coordinates":[17.170595,49.320661]}},{"type":"Feature","properties":{"CountryName":"Czechia","Type of Animal":"Pork"},"geometry":{"type":"Point","coordinates":[17.170595,49.320661]}},{"type":"Feature","properties":{"CountryName":"Czechia","Type of Animal":"Pork"},"geometry":{"type":"Point","coordinates":[17.170595,49.320661]}},{"type":"Feature","properties":{"CountryName":"Czechia","Type of Animal":"Pork"},"geometry":{"type":"Point","coordinates":[17.170595,49.320661]}},{"type":"Feature","properties":{"CountryName":"Czechia","Type of Animal":"Pork"},"geometry":{"type":"Point","coordinates":[17.170595,49.320661]}},{"type":"Feature","properties":{"CountryName":"Czechia","Type of Animal":"Pork"},"geometry":{"type":"Point","coordinates":[16.959074,49.496364]}},{"type":"Feature","properties":{"CountryName":"Czechia","Type of Animal":"Pork"},"geometry":{"type":"Point","coordinates":[16.959074,49.496364]}},{"type":"Feature","properties":{"CountryName":"Czechia","Type of Animal":"Pork"},"geometry":{"type":"Point","coordinates":[16.959074,49.496364]}},{"type":"Feature","properties":{"CountryName":"Czechia","Type of Animal":"Pork"},"geometry":{"type":"Point","coordinates":[16.959074,49.496364]}},{"type":"Feature","properties":{"CountryName":"Czechia","Type of Animal":"Pork"},"geometry":{"type":"Point","coordinates":[16.959074,49.496364]}},{"type":"Feature","properties":{"CountryName":"Czechia","Type of Animal":"Pork"},"geometry":{"type":"Point","coordinates":[16.959074,49.496364]}},{"type":"Feature","properties":{"CountryName":"Czechia","Type of Animal":"Chicken"},"geometry":{"type":"Point","coordinates":[17.3368192,49.4306878]}},{"type":"Feature","properties":{"CountryName":"Czechia","Type of Animal":"Chicken"},"geometry":{"type":"Point","coordinates":[17.3368192,49.4306878]}},{"type":"Feature","properties":{"CountryName":"Czechia","Type of Animal":"Chicken"},"geometry":{"type":"Point","coordinates":[17.3368192,49.4306878]}},{"type":"Feature","properties":{"CountryName":"Czechia","Type of Animal":"Chicken"},"geometry":{"type":"Point","coordinates":[17.3368192,49.4306878]}},{"type":"Feature","properties":{"CountryName":"Czechia","Type of Animal":"Chicken"},"geometry":{"type":"Point","coordinates":[17.3368192,49.4306878]}},{"type":"Feature","properties":{"CountryName":"Czechia","Type of Animal":"Chicken"},"geometry":{"type":"Point","coordinates":[17.3368192,49.4306878]}},{"type":"Feature","properties":{"CountryName":"Czechia","Type of Animal":"Chicken"},"geometry":{"type":"Point","coordinates":[17.753255,49.484277]}},{"type":"Feature","properties":{"CountryName":"Czechia","Type of Animal":"Chicken"},"geometry":{"type":"Point","coordinates":[17.753255,49.484277]}},{"type":"Feature","properties":{"CountryName":"Czechia","Type of Animal":"Chicken"},"geometry":{"type":"Point","coordinates":[17.753255,49.484277]}},{"type":"Feature","properties":{"CountryName":"Czechia","Type of Animal":"Chicken"},"geometry":{"type":"Point","coordinates":[17.753255,49.484277]}},{"type":"Feature","properties":{"CountryName":"Czechia","Type of Animal":"Chicken"},"geometry":{"type":"Point","coordinates":[17.753255,49.484277]}},{"type":"Feature","properties":{"CountryName":"Czechia","Type of Animal":"Chicken"},"geometry":{"type":"Point","coordinates":[17.753255,49.484277]}},{"type":"Feature","properties":{"CountryName":"Czechia","Type of Animal":"Chicken"},"geometry":{"type":"Point","coordinates":[12.959178,49.637204]}},{"type":"Feature","properties":{"CountryName":"Czechia","Type of Animal":"Chicken"},"geometry":{"type":"Point","coordinates":[12.959178,49.637204]}},{"type":"Feature","properties":{"CountryName":"Czechia","Type of Animal":"Chicken"},"geometry":{"type":"Point","coordinates":[12.959178,49.637204]}},{"type":"Feature","properties":{"CountryName":"Czechia","Type of Animal":"Chicken"},"geometry":{"type":"Point","coordinates":[12.959178,49.637204]}},{"type":"Feature","properties":{"CountryName":"Czechia","Type of Animal":"Chicken"},"geometry":{"type":"Point","coordinates":[12.959178,49.637204]}},{"type":"Feature","properties":{"CountryName":"Czechia","Type of Animal":"Chicken"},"geometry":{"type":"Point","coordinates":[12.959178,49.637204]}},{"type":"Feature","properties":{"CountryName":"Czechia","Type of Animal":"Pork"},"geometry":{"type":"Point","coordinates":[12.746641,49.548006]}},{"type":"Feature","properties":{"CountryName":"Czechia","Type of Animal":"Pork"},"geometry":{"type":"Point","coordinates":[12.746641,49.548006]}},{"type":"Feature","properties":{"CountryName":"Czechia","Type of Animal":"Pork"},"geometry":{"type":"Point","coordinates":[12.746641,49.548006]}},{"type":"Feature","properties":{"CountryName":"Czechia","Type of Animal":"Pork"},"geometry":{"type":"Point","coordinates":[12.746641,49.548006]}},{"type":"Feature","properties":{"CountryName":"Czechia","Type of Animal":"Pork"},"geometry":{"type":"Point","coordinates":[12.746641,49.548006]}},{"type":"Feature","properties":{"CountryName":"Czechia","Type of Animal":"Pork"},"geometry":{"type":"Point","coordinates":[12.746641,49.548006]}},{"type":"Feature","properties":{"CountryName":"Czechia","Type of Animal":"Chicken"},"geometry":{"type":"Point","coordinates":[12.928632,49.546969]}},{"type":"Feature","properties":{"CountryName":"Czechia","Type of Animal":"Chicken"},"geometry":{"type":"Point","coordinates":[12.928632,49.546969]}},{"type":"Feature","properties":{"CountryName":"Czechia","Type of Animal":"Chicken"},"geometry":{"type":"Point","coordinates":[12.928632,49.546969]}},{"type":"Feature","properties":{"CountryName":"Czechia","Type of Animal":"Chicken"},"geometry":{"type":"Point","coordinates":[12.928632,49.546969]}},{"type":"Feature","properties":{"CountryName":"Czechia","Type of Animal":"Chicken"},"geometry":{"type":"Point","coordinates":[12.928632,49.546969]}},{"type":"Feature","properties":{"CountryName":"Czechia","Type of Animal":"Chicken"},"geometry":{"type":"Point","coordinates":[12.928632,49.546969]}},{"type":"Feature","properties":{"CountryName":"Czechia","Type of Animal":"Chicken"},"geometry":{"type":"Point","coordinates":[13.056687,49.56147]}},{"type":"Feature","properties":{"CountryName":"Czechia","Type of Animal":"Chicken"},"geometry":{"type":"Point","coordinates":[13.056687,49.56147]}},{"type":"Feature","properties":{"CountryName":"Czechia","Type of Animal":"Chicken"},"geometry":{"type":"Point","coordinates":[13.056687,49.56147]}},{"type":"Feature","properties":{"CountryName":"Czechia","Type of Animal":"Chicken"},"geometry":{"type":"Point","coordinates":[13.056687,49.56147]}},{"type":"Feature","properties":{"CountryName":"Czechia","Type of Animal":"Chicken"},"geometry":{"type":"Point","coordinates":[13.056687,49.56147]}},{"type":"Feature","properties":{"CountryName":"Czechia","Type of Animal":"Chicken"},"geometry":{"type":"Point","coordinates":[13.056687,49.56147]}},{"type":"Feature","properties":{"CountryName":"Czechia","Type of Animal":"Chicken"},"geometry":{"type":"Point","coordinates":[12.964228,49.352582]}},{"type":"Feature","properties":{"CountryName":"Czechia","Type of Animal":"Chicken"},"geometry":{"type":"Point","coordinates":[12.964228,49.352582]}},{"type":"Feature","properties":{"CountryName":"Czechia","Type of Animal":"Chicken"},"geometry":{"type":"Point","coordinates":[12.964228,49.352582]}},{"type":"Feature","properties":{"CountryName":"Czechia","Type of Animal":"Chicken"},"geometry":{"type":"Point","coordinates":[12.964228,49.352582]}},{"type":"Feature","properties":{"CountryName":"Czechia","Type of Animal":"Chicken"},"geometry":{"type":"Point","coordinates":[12.964228,49.352582]}},{"type":"Feature","properties":{"CountryName":"Czechia","Type of Animal":"Chicken"},"geometry":{"type":"Point","coordinates":[12.964228,49.352582]}},{"type":"Feature","properties":{"CountryName":"Czechia","Type of Animal":"Chicken"},"geometry":{"type":"Point","coordinates":[13.191561,49.380847]}},{"type":"Feature","properties":{"CountryName":"Czechia","Type of Animal":"Chicken"},"geometry":{"type":"Point","coordinates":[13.191561,49.380847]}},{"type":"Feature","properties":{"CountryName":"Czechia","Type of Animal":"Chicken"},"geometry":{"type":"Point","coordinates":[13.191561,49.380847]}},{"type":"Feature","properties":{"CountryName":"Czechia","Type of Animal":"Chicken"},"geometry":{"type":"Point","coordinates":[13.191561,49.380847]}},{"type":"Feature","properties":{"CountryName":"Czechia","Type of Animal":"Chicken"},"geometry":{"type":"Point","coordinates":[13.191561,49.380847]}},{"type":"Feature","properties":{"CountryName":"Czechia","Type of Animal":"Chicken"},"geometry":{"type":"Point","coordinates":[13.191561,49.380847]}},{"type":"Feature","properties":{"CountryName":"Czechia","Type of Animal":"Chicken"},"geometry":{"type":"Point","coordinates":[13.371442,49.3624]}},{"type":"Feature","properties":{"CountryName":"Czechia","Type of Animal":"Chicken"},"geometry":{"type":"Point","coordinates":[13.371442,49.3624]}},{"type":"Feature","properties":{"CountryName":"Czechia","Type of Animal":"Chicken"},"geometry":{"type":"Point","coordinates":[13.371442,49.3624]}},{"type":"Feature","properties":{"CountryName":"Czechia","Type of Animal":"Chicken"},"geometry":{"type":"Point","coordinates":[13.299667,49.366708]}},{"type":"Feature","properties":{"CountryName":"Czechia","Type of Animal":"Chicken"},"geometry":{"type":"Point","coordinates":[13.299667,49.366708]}},{"type":"Feature","properties":{"CountryName":"Czechia","Type of Animal":"Chicken"},"geometry":{"type":"Point","coordinates":[13.299667,49.366708]}},{"type":"Feature","properties":{"CountryName":"Czechia","Type of Animal":"Chicken"},"geometry":{"type":"Point","coordinates":[13.299667,49.366708]}},{"type":"Feature","properties":{"CountryName":"Czechia","Type of Animal":"Chicken"},"geometry":{"type":"Point","coordinates":[13.299667,49.366708]}},{"type":"Feature","properties":{"CountryName":"Czechia","Type of Animal":"Chicken"},"geometry":{"type":"Point","coordinates":[13.299667,49.366708]}},{"type":"Feature","properties":{"CountryName":"Czechia","Type of Animal":"Pork"},"geometry":{"type":"Point","coordinates":[13.664999,49.287411]}},{"type":"Feature","properties":{"CountryName":"Czechia","Type of Animal":"Pork"},"geometry":{"type":"Point","coordinates":[13.664999,49.287411]}},{"type":"Feature","properties":{"CountryName":"Czechia","Type of Animal":"Pork"},"geometry":{"type":"Point","coordinates":[13.664999,49.287411]}},{"type":"Feature","properties":{"CountryName":"Czechia","Type of Animal":"Pork"},"geometry":{"type":"Point","coordinates":[13.664999,49.287411]}},{"type":"Feature","properties":{"CountryName":"Czechia","Type of Animal":"Pork"},"geometry":{"type":"Point","coordinates":[13.664999,49.287411]}},{"type":"Feature","properties":{"CountryName":"Czechia","Type of Animal":"Pork"},"geometry":{"type":"Point","coordinates":[13.664999,49.287411]}},{"type":"Feature","properties":{"CountryName":"Czechia","Type of Animal":"Pork"},"geometry":{"type":"Point","coordinates":[13.46413,49.401349]}},{"type":"Feature","properties":{"CountryName":"Czechia","Type of Animal":"Pork"},"geometry":{"type":"Point","coordinates":[13.46413,49.401349]}},{"type":"Feature","properties":{"CountryName":"Czechia","Type of Animal":"Pork"},"geometry":{"type":"Point","coordinates":[13.46413,49.401349]}},{"type":"Feature","properties":{"CountryName":"Czechia","Type of Animal":"Pork"},"geometry":{"type":"Point","coordinates":[13.46413,49.401349]}},{"type":"Feature","properties":{"CountryName":"Czechia","Type of Animal":"Pork"},"geometry":{"type":"Point","coordinates":[13.46413,49.401349]}},{"type":"Feature","properties":{"CountryName":"Czechia","Type of Animal":"Pork"},"geometry":{"type":"Point","coordinates":[13.46413,49.401349]}},{"type":"Feature","properties":{"CountryName":"Czechia","Type of Animal":"Pork"},"geometry":{"type":"Point","coordinates":[13.433703,49.448311]}},{"type":"Feature","properties":{"CountryName":"Czechia","Type of Animal":"Pork"},"geometry":{"type":"Point","coordinates":[13.433703,49.448311]}},{"type":"Feature","properties":{"CountryName":"Czechia","Type of Animal":"Pork"},"geometry":{"type":"Point","coordinates":[13.433703,49.448311]}},{"type":"Feature","properties":{"CountryName":"Czechia","Type of Animal":"Pork"},"geometry":{"type":"Point","coordinates":[13.433703,49.448311]}},{"type":"Feature","properties":{"CountryName":"Czechia","Type of Animal":"Pork"},"geometry":{"type":"Point","coordinates":[13.433703,49.448311]}},{"type":"Feature","properties":{"CountryName":"Czechia","Type of Animal":"Pork"},"geometry":{"type":"Point","coordinates":[13.433703,49.448311]}},{"type":"Feature","properties":{"CountryName":"Czechia","Type of Animal":"Chicken"},"geometry":{"type":"Point","coordinates":[13.368138,49.395999]}},{"type":"Feature","properties":{"CountryName":"Czechia","Type of Animal":"Chicken"},"geometry":{"type":"Point","coordinates":[13.368138,49.395999]}},{"type":"Feature","properties":{"CountryName":"Czechia","Type of Animal":"Chicken"},"geometry":{"type":"Point","coordinates":[13.368138,49.395999]}},{"type":"Feature","properties":{"CountryName":"Czechia","Type of Animal":"Chicken"},"geometry":{"type":"Point","coordinates":[13.368138,49.395999]}},{"type":"Feature","properties":{"CountryName":"Czechia","Type of Animal":"Chicken"},"geometry":{"type":"Point","coordinates":[13.368138,49.395999]}},{"type":"Feature","properties":{"CountryName":"Czechia","Type of Animal":"Chicken"},"geometry":{"type":"Point","coordinates":[13.368138,49.395999]}},{"type":"Feature","properties":{"CountryName":"Czechia","Type of Animal":"Chicken"},"geometry":{"type":"Point","coordinates":[13.497029,49.381352]}},{"type":"Feature","properties":{"CountryName":"Czechia","Type of Animal":"Chicken"},"geometry":{"type":"Point","coordinates":[13.497029,49.381352]}},{"type":"Feature","properties":{"CountryName":"Czechia","Type of Animal":"Chicken"},"geometry":{"type":"Point","coordinates":[13.497029,49.381352]}},{"type":"Feature","properties":{"CountryName":"Czechia","Type of Animal":"Chicken"},"geometry":{"type":"Point","coordinates":[13.497029,49.381352]}},{"type":"Feature","properties":{"CountryName":"Czechia","Type of Animal":"Chicken"},"geometry":{"type":"Point","coordinates":[13.497029,49.381352]}},{"type":"Feature","properties":{"CountryName":"Czechia","Type of Animal":"Chicken"},"geometry":{"type":"Point","coordinates":[13.497029,49.381352]}},{"type":"Feature","properties":{"CountryName":"Czechia","Type of Animal":"Pork"},"geometry":{"type":"Point","coordinates":[13.33366,49.651102]}},{"type":"Feature","properties":{"CountryName":"Czechia","Type of Animal":"Pork"},"geometry":{"type":"Point","coordinates":[13.33366,49.651102]}},{"type":"Feature","properties":{"CountryName":"Czechia","Type of Animal":"Pork"},"geometry":{"type":"Point","coordinates":[13.33366,49.651102]}},{"type":"Feature","properties":{"CountryName":"Czechia","Type of Animal":"Pork"},"geometry":{"type":"Point","coordinates":[13.33366,49.651102]}},{"type":"Feature","properties":{"CountryName":"Czechia","Type of Animal":"Pork"},"geometry":{"type":"Point","coordinates":[13.33366,49.651102]}},{"type":"Feature","properties":{"CountryName":"Czechia","Type of Animal":"Pork"},"geometry":{"type":"Point","coordinates":[13.33366,49.651102]}},{"type":"Feature","properties":{"CountryName":"Czechia","Type of Animal":"Pork"},"geometry":{"type":"Point","coordinates":[13.418727,49.593305]}},{"type":"Feature","properties":{"CountryName":"Czechia","Type of Animal":"Pork"},"geometry":{"type":"Point","coordinates":[13.418727,49.593305]}},{"type":"Feature","properties":{"CountryName":"Czechia","Type of Animal":"Pork"},"geometry":{"type":"Point","coordinates":[13.418727,49.593305]}},{"type":"Feature","properties":{"CountryName":"Czechia","Type of Animal":"Pork"},"geometry":{"type":"Point","coordinates":[13.418727,49.593305]}},{"type":"Feature","properties":{"CountryName":"Czechia","Type of Animal":"Pork"},"geometry":{"type":"Point","coordinates":[13.418727,49.593305]}},{"type":"Feature","properties":{"CountryName":"Czechia","Type of Animal":"Pork"},"geometry":{"type":"Point","coordinates":[13.418727,49.593305]}},{"type":"Feature","properties":{"CountryName":"Czechia","Type of Animal":"Chicken"},"geometry":{"type":"Point","coordinates":[13.366018,49.582751]}},{"type":"Feature","properties":{"CountryName":"Czechia","Type of Animal":"Chicken"},"geometry":{"type":"Point","coordinates":[13.366018,49.582751]}},{"type":"Feature","properties":{"CountryName":"Czechia","Type of Animal":"Chicken"},"geometry":{"type":"Point","coordinates":[13.366018,49.582751]}},{"type":"Feature","properties":{"CountryName":"Czechia","Type of Animal":"Chicken"},"geometry":{"type":"Point","coordinates":[13.366018,49.582751]}},{"type":"Feature","properties":{"CountryName":"Czechia","Type of Animal":"Chicken"},"geometry":{"type":"Point","coordinates":[13.366018,49.582751]}},{"type":"Feature","properties":{"CountryName":"Czechia","Type of Animal":"Chicken"},"geometry":{"type":"Point","coordinates":[13.366018,49.582751]}},{"type":"Feature","properties":{"CountryName":"Czechia","Type of Animal":"Pork"},"geometry":{"type":"Point","coordinates":[13.494309,49.981634]}},{"type":"Feature","properties":{"CountryName":"Czechia","Type of Animal":"Pork"},"geometry":{"type":"Point","coordinates":[13.494309,49.981634]}},{"type":"Feature","properties":{"CountryName":"Czechia","Type of Animal":"Pork"},"geometry":{"type":"Point","coordinates":[13.494309,49.981634]}},{"type":"Feature","properties":{"CountryName":"Czechia","Type of Animal":"Pork"},"geometry":{"type":"Point","coordinates":[13.494309,49.981634]}},{"type":"Feature","properties":{"CountryName":"Czechia","Type of Animal":"Pork"},"geometry":{"type":"Point","coordinates":[13.494309,49.981634]}},{"type":"Feature","properties":{"CountryName":"Czechia","Type of Animal":"Pork"},"geometry":{"type":"Point","coordinates":[13.494309,49.981634]}},{"type":"Feature","properties":{"CountryName":"Czechia","Type of Animal":"Pork"},"geometry":{"type":"Point","coordinates":[13.334981,50.005297]}},{"type":"Feature","properties":{"CountryName":"Czechia","Type of Animal":"Pork"},"geometry":{"type":"Point","coordinates":[13.334981,50.005297]}},{"type":"Feature","properties":{"CountryName":"Czechia","Type of Animal":"Pork"},"geometry":{"type":"Point","coordinates":[13.334981,50.005297]}},{"type":"Feature","properties":{"CountryName":"Czechia","Type of Animal":"Pork"},"geometry":{"type":"Point","coordinates":[13.334981,50.005297]}},{"type":"Feature","properties":{"CountryName":"Czechia","Type of Animal":"Pork"},"geometry":{"type":"Point","coordinates":[13.334981,50.005297]}},{"type":"Feature","properties":{"CountryName":"Czechia","Type of Animal":"Pork"},"geometry":{"type":"Point","coordinates":[13.334981,50.005297]}},{"type":"Feature","properties":{"CountryName":"Czechia","Type of Animal":"Pork"},"geometry":{"type":"Point","coordinates":[13.272211,49.914054]}},{"type":"Feature","properties":{"CountryName":"Czechia","Type of Animal":"Pork"},"geometry":{"type":"Point","coordinates":[13.272211,49.914054]}},{"type":"Feature","properties":{"CountryName":"Czechia","Type of Animal":"Pork"},"geometry":{"type":"Point","coordinates":[13.272211,49.914054]}},{"type":"Feature","properties":{"CountryName":"Czechia","Type of Animal":"Pork"},"geometry":{"type":"Point","coordinates":[13.272211,49.914054]}},{"type":"Feature","properties":{"CountryName":"Czechia","Type of Animal":"Pork"},"geometry":{"type":"Point","coordinates":[13.272211,49.914054]}},{"type":"Feature","properties":{"CountryName":"Czechia","Type of Animal":"Pork"},"geometry":{"type":"Point","coordinates":[13.272211,49.914054]}},{"type":"Feature","properties":{"CountryName":"Czechia","Type of Animal":"Pork"},"geometry":{"type":"Point","coordinates":[13.612615,49.678357]}},{"type":"Feature","properties":{"CountryName":"Czechia","Type of Animal":"Pork"},"geometry":{"type":"Point","coordinates":[13.612615,49.678357]}},{"type":"Feature","properties":{"CountryName":"Czechia","Type of Animal":"Pork"},"geometry":{"type":"Point","coordinates":[13.612615,49.678357]}},{"type":"Feature","properties":{"CountryName":"Czechia","Type of Animal":"Pork"},"geometry":{"type":"Point","coordinates":[13.612615,49.678357]}},{"type":"Feature","properties":{"CountryName":"Czechia","Type of Animal":"Pork"},"geometry":{"type":"Point","coordinates":[13.612615,49.678357]}},{"type":"Feature","properties":{"CountryName":"Czechia","Type of Animal":"Pork"},"geometry":{"type":"Point","coordinates":[13.612615,49.678357]}},{"type":"Feature","properties":{"CountryName":"Czechia","Type of Animal":"Pork"},"geometry":{"type":"Point","coordinates":[13.654252,49.905678]}},{"type":"Feature","properties":{"CountryName":"Czechia","Type of Animal":"Pork"},"geometry":{"type":"Point","coordinates":[13.654252,49.905678]}},{"type":"Feature","properties":{"CountryName":"Czechia","Type of Animal":"Pork"},"geometry":{"type":"Point","coordinates":[13.654252,49.905678]}},{"type":"Feature","properties":{"CountryName":"Czechia","Type of Animal":"Pork"},"geometry":{"type":"Point","coordinates":[13.654252,49.905678]}},{"type":"Feature","properties":{"CountryName":"Czechia","Type of Animal":"Pork"},"geometry":{"type":"Point","coordinates":[13.654252,49.905678]}},{"type":"Feature","properties":{"CountryName":"Czechia","Type of Animal":"Pork"},"geometry":{"type":"Point","coordinates":[13.654252,49.905678]}},{"type":"Feature","properties":{"CountryName":"Czechia","Type of Animal":"Chicken"},"geometry":{"type":"Point","coordinates":[12.738659,49.824714]}},{"type":"Feature","properties":{"CountryName":"Czechia","Type of Animal":"Chicken"},"geometry":{"type":"Point","coordinates":[12.738659,49.824714]}},{"type":"Feature","properties":{"CountryName":"Czechia","Type of Animal":"Chicken"},"geometry":{"type":"Point","coordinates":[12.738659,49.824714]}},{"type":"Feature","properties":{"CountryName":"Czechia","Type of Animal":"Chicken"},"geometry":{"type":"Point","coordinates":[12.738659,49.824714]}},{"type":"Feature","properties":{"CountryName":"Czechia","Type of Animal":"Chicken"},"geometry":{"type":"Point","coordinates":[12.738659,49.824714]}},{"type":"Feature","properties":{"CountryName":"Czechia","Type of Animal":"Chicken"},"geometry":{"type":"Point","coordinates":[12.738659,49.824714]}},{"type":"Feature","properties":{"CountryName":"Czechia","Type of Animal":"Pork"},"geometry":{"type":"Point","coordinates":[14.582678,49.766229]}},{"type":"Feature","properties":{"CountryName":"Czechia","Type of Animal":"Pork"},"geometry":{"type":"Point","coordinates":[14.582678,49.766229]}},{"type":"Feature","properties":{"CountryName":"Czechia","Type of Animal":"Pork"},"geometry":{"type":"Point","coordinates":[14.582678,49.766229]}},{"type":"Feature","properties":{"CountryName":"Czechia","Type of Animal":"Pork"},"geometry":{"type":"Point","coordinates":[14.582678,49.766229]}},{"type":"Feature","properties":{"CountryName":"Czechia","Type of Animal":"Pork"},"geometry":{"type":"Point","coordinates":[14.582678,49.766229]}},{"type":"Feature","properties":{"CountryName":"Czechia","Type of Animal":"Pork"},"geometry":{"type":"Point","coordinates":[14.582678,49.766229]}},{"type":"Feature","properties":{"CountryName":"Czechia","Type of Animal":"Chicken"},"geometry":{"type":"Point","coordinates":[15.087781,49.615625]}},{"type":"Feature","properties":{"CountryName":"Czechia","Type of Animal":"Chicken"},"geometry":{"type":"Point","coordinates":[15.087781,49.615625]}},{"type":"Feature","properties":{"CountryName":"Czechia","Type of Animal":"Chicken"},"geometry":{"type":"Point","coordinates":[15.087781,49.615625]}},{"type":"Feature","properties":{"CountryName":"Czechia","Type of Animal":"Chicken"},"geometry":{"type":"Point","coordinates":[15.087781,49.615625]}},{"type":"Feature","properties":{"CountryName":"Czechia","Type of Animal":"Chicken"},"geometry":{"type":"Point","coordinates":[15.087781,49.615625]}},{"type":"Feature","properties":{"CountryName":"Czechia","Type of Animal":"Chicken"},"geometry":{"type":"Point","coordinates":[15.087781,49.615625]}},{"type":"Feature","properties":{"CountryName":"Czechia","Type of Animal":"Pork"},"geometry":{"type":"Point","coordinates":[14.749907,49.716818]}},{"type":"Feature","properties":{"CountryName":"Czechia","Type of Animal":"Pork"},"geometry":{"type":"Point","coordinates":[14.749907,49.716818]}},{"type":"Feature","properties":{"CountryName":"Czechia","Type of Animal":"Pork"},"geometry":{"type":"Point","coordinates":[14.749907,49.716818]}},{"type":"Feature","properties":{"CountryName":"Czechia","Type of Animal":"Pork"},"geometry":{"type":"Point","coordinates":[14.749907,49.716818]}},{"type":"Feature","properties":{"CountryName":"Czechia","Type of Animal":"Pork"},"geometry":{"type":"Point","coordinates":[14.749907,49.716818]}},{"type":"Feature","properties":{"CountryName":"Czechia","Type of Animal":"Pork"},"geometry":{"type":"Point","coordinates":[14.749907,49.716818]}},{"type":"Feature","properties":{"CountryName":"Czechia","Type of Animal":"Pork"},"geometry":{"type":"Point","coordinates":[14.983162,49.689554]}},{"type":"Feature","properties":{"CountryName":"Czechia","Type of Animal":"Pork"},"geometry":{"type":"Point","coordinates":[14.983162,49.689554]}},{"type":"Feature","properties":{"CountryName":"Czechia","Type of Animal":"Pork"},"geometry":{"type":"Point","coordinates":[14.983162,49.689554]}},{"type":"Feature","properties":{"CountryName":"Czechia","Type of Animal":"Pork"},"geometry":{"type":"Point","coordinates":[14.983162,49.689554]}},{"type":"Feature","properties":{"CountryName":"Czechia","Type of Animal":"Pork"},"geometry":{"type":"Point","coordinates":[14.983162,49.689554]}},{"type":"Feature","properties":{"CountryName":"Czechia","Type of Animal":"Pork"},"geometry":{"type":"Point","coordinates":[14.983162,49.689554]}},{"type":"Feature","properties":{"CountryName":"Czechia","Type of Animal":"Pork"},"geometry":{"type":"Point","coordinates":[14.508961,49.715458]}},{"type":"Feature","properties":{"CountryName":"Czechia","Type of Animal":"Pork"},"geometry":{"type":"Point","coordinates":[14.508961,49.715458]}},{"type":"Feature","properties":{"CountryName":"Czechia","Type of Animal":"Pork"},"geometry":{"type":"Point","coordinates":[14.508961,49.715458]}},{"type":"Feature","properties":{"CountryName":"Czechia","Type of Animal":"Pork"},"geometry":{"type":"Point","coordinates":[14.508961,49.715458]}},{"type":"Feature","properties":{"CountryName":"Czechia","Type of Animal":"Pork"},"geometry":{"type":"Point","coordinates":[14.508961,49.715458]}},{"type":"Feature","properties":{"CountryName":"Czechia","Type of Animal":"Pork"},"geometry":{"type":"Point","coordinates":[14.508961,49.715458]}},{"type":"Feature","properties":{"CountryName":"Czechia","Type of Animal":"Chicken"},"geometry":{"type":"Point","coordinates":[14.696996,49.736252]}},{"type":"Feature","properties":{"CountryName":"Czechia","Type of Animal":"Chicken"},"geometry":{"type":"Point","coordinates":[14.696996,49.736252]}},{"type":"Feature","properties":{"CountryName":"Czechia","Type of Animal":"Chicken"},"geometry":{"type":"Point","coordinates":[14.696996,49.736252]}},{"type":"Feature","properties":{"CountryName":"Czechia","Type of Animal":"Chicken"},"geometry":{"type":"Point","coordinates":[14.696996,49.736252]}},{"type":"Feature","properties":{"CountryName":"Czechia","Type of Animal":"Chicken"},"geometry":{"type":"Point","coordinates":[14.696996,49.736252]}},{"type":"Feature","properties":{"CountryName":"Czechia","Type of Animal":"Chicken"},"geometry":{"type":"Point","coordinates":[14.696996,49.736252]}},{"type":"Feature","properties":{"CountryName":"Czechia","Type of Animal":"Pork"},"geometry":{"type":"Point","coordinates":[14.728247,49.659375]}},{"type":"Feature","properties":{"CountryName":"Czechia","Type of Animal":"Pork"},"geometry":{"type":"Point","coordinates":[14.728247,49.659375]}},{"type":"Feature","properties":{"CountryName":"Czechia","Type of Animal":"Pork"},"geometry":{"type":"Point","coordinates":[14.728247,49.659375]}},{"type":"Feature","properties":{"CountryName":"Czechia","Type of Animal":"Pork"},"geometry":{"type":"Point","coordinates":[14.728247,49.659375]}},{"type":"Feature","properties":{"CountryName":"Czechia","Type of Animal":"Pork"},"geometry":{"type":"Point","coordinates":[14.728247,49.659375]}},{"type":"Feature","properties":{"CountryName":"Czechia","Type of Animal":"Pork"},"geometry":{"type":"Point","coordinates":[14.728247,49.659375]}},{"type":"Feature","properties":{"CountryName":"Czechia","Type of Animal":"Pork"},"geometry":{"type":"Point","coordinates":[14.644951,49.53095]}},{"type":"Feature","properties":{"CountryName":"Czechia","Type of Animal":"Pork"},"geometry":{"type":"Point","coordinates":[14.644951,49.53095]}},{"type":"Feature","properties":{"CountryName":"Czechia","Type of Animal":"Pork"},"geometry":{"type":"Point","coordinates":[14.644951,49.53095]}},{"type":"Feature","properties":{"CountryName":"Czechia","Type of Animal":"Pork"},"geometry":{"type":"Point","coordinates":[14.644951,49.53095]}},{"type":"Feature","properties":{"CountryName":"Czechia","Type of Animal":"Pork"},"geometry":{"type":"Point","coordinates":[14.644951,49.53095]}},{"type":"Feature","properties":{"CountryName":"Czechia","Type of Animal":"Pork"},"geometry":{"type":"Point","coordinates":[14.644951,49.53095]}},{"type":"Feature","properties":{"CountryName":"Czechia","Type of Animal":"Chicken"},"geometry":{"type":"Point","coordinates":[14.668462,49.787229]}},{"type":"Feature","properties":{"CountryName":"Czechia","Type of Animal":"Chicken"},"geometry":{"type":"Point","coordinates":[14.668462,49.787229]}},{"type":"Feature","properties":{"CountryName":"Czechia","Type of Animal":"Chicken"},"geometry":{"type":"Point","coordinates":[14.668462,49.787229]}},{"type":"Feature","properties":{"CountryName":"Czechia","Type of Animal":"Chicken"},"geometry":{"type":"Point","coordinates":[14.668462,49.787229]}},{"type":"Feature","properties":{"CountryName":"Czechia","Type of Animal":"Chicken"},"geometry":{"type":"Point","coordinates":[14.668462,49.787229]}},{"type":"Feature","properties":{"CountryName":"Czechia","Type of Animal":"Chicken"},"geometry":{"type":"Point","coordinates":[14.668462,49.787229]}},{"type":"Feature","properties":{"CountryName":"Czechia","Type of Animal":"Pork"},"geometry":{"type":"Point","coordinates":[15.007459,49.691192]}},{"type":"Feature","properties":{"CountryName":"Czechia","Type of Animal":"Pork"},"geometry":{"type":"Point","coordinates":[15.007459,49.691192]}},{"type":"Feature","properties":{"CountryName":"Czechia","Type of Animal":"Pork"},"geometry":{"type":"Point","coordinates":[15.007459,49.691192]}},{"type":"Feature","properties":{"CountryName":"Czechia","Type of Animal":"Pork"},"geometry":{"type":"Point","coordinates":[15.007459,49.691192]}},{"type":"Feature","properties":{"CountryName":"Czechia","Type of Animal":"Pork"},"geometry":{"type":"Point","coordinates":[15.007459,49.691192]}},{"type":"Feature","properties":{"CountryName":"Czechia","Type of Animal":"Pork"},"geometry":{"type":"Point","coordinates":[15.007459,49.691192]}},{"type":"Feature","properties":{"CountryName":"Czechia","Type of Animal":"Pork"},"geometry":{"type":"Point","coordinates":[14.698253,49.737193]}},{"type":"Feature","properties":{"CountryName":"Czechia","Type of Animal":"Pork"},"geometry":{"type":"Point","coordinates":[14.698253,49.737193]}},{"type":"Feature","properties":{"CountryName":"Czechia","Type of Animal":"Pork"},"geometry":{"type":"Point","coordinates":[14.698253,49.737193]}},{"type":"Feature","properties":{"CountryName":"Czechia","Type of Animal":"Pork"},"geometry":{"type":"Point","coordinates":[14.698253,49.737193]}},{"type":"Feature","properties":{"CountryName":"Czechia","Type of Animal":"Pork"},"geometry":{"type":"Point","coordinates":[14.698253,49.737193]}},{"type":"Feature","properties":{"CountryName":"Czechia","Type of Animal":"Pork"},"geometry":{"type":"Point","coordinates":[14.698253,49.737193]}},{"type":"Feature","properties":{"CountryName":"Czechia","Type of Animal":"Pork"},"geometry":{"type":"Point","coordinates":[14.615482,49.701487]}},{"type":"Feature","properties":{"CountryName":"Czechia","Type of Animal":"Pork"},"geometry":{"type":"Point","coordinates":[14.615482,49.701487]}},{"type":"Feature","properties":{"CountryName":"Czechia","Type of Animal":"Pork"},"geometry":{"type":"Point","coordinates":[14.615482,49.701487]}},{"type":"Feature","properties":{"CountryName":"Czechia","Type of Animal":"Pork"},"geometry":{"type":"Point","coordinates":[14.615482,49.701487]}},{"type":"Feature","properties":{"CountryName":"Czechia","Type of Animal":"Pork"},"geometry":{"type":"Point","coordinates":[14.615482,49.701487]}},{"type":"Feature","properties":{"CountryName":"Czechia","Type of Animal":"Pork"},"geometry":{"type":"Point","coordinates":[14.615482,49.701487]}},{"type":"Feature","properties":{"CountryName":"Czechia","Type of Animal":"Pork"},"geometry":{"type":"Point","coordinates":[13.994346,49.933155]}},{"type":"Feature","properties":{"CountryName":"Czechia","Type of Animal":"Pork"},"geometry":{"type":"Point","coordinates":[13.994346,49.933155]}},{"type":"Feature","properties":{"CountryName":"Czechia","Type of Animal":"Pork"},"geometry":{"type":"Point","coordinates":[13.994346,49.933155]}},{"type":"Feature","properties":{"CountryName":"Czechia","Type of Animal":"Pork"},"geometry":{"type":"Point","coordinates":[13.994346,49.933155]}},{"type":"Feature","properties":{"CountryName":"Czechia","Type of Animal":"Pork"},"geometry":{"type":"Point","coordinates":[13.994346,49.933155]}},{"type":"Feature","properties":{"CountryName":"Czechia","Type of Animal":"Pork"},"geometry":{"type":"Point","coordinates":[13.994346,49.933155]}},{"type":"Feature","properties":{"CountryName":"Czechia","Type of Animal":"Pork"},"geometry":{"type":"Point","coordinates":[14.053645,49.865518]}},{"type":"Feature","properties":{"CountryName":"Czechia","Type of Animal":"Pork"},"geometry":{"type":"Point","coordinates":[14.053645,49.865518]}},{"type":"Feature","properties":{"CountryName":"Czechia","Type of Animal":"Pork"},"geometry":{"type":"Point","coordinates":[14.053645,49.865518]}},{"type":"Feature","properties":{"CountryName":"Czechia","Type of Animal":"Pork"},"geometry":{"type":"Point","coordinates":[14.053645,49.865518]}},{"type":"Feature","properties":{"CountryName":"Czechia","Type of Animal":"Pork"},"geometry":{"type":"Point","coordinates":[14.053645,49.865518]}},{"type":"Feature","properties":{"CountryName":"Czechia","Type of Animal":"Pork"},"geometry":{"type":"Point","coordinates":[14.053645,49.865518]}},{"type":"Feature","properties":{"CountryName":"Czechia","Type of Animal":"Chicken"},"geometry":{"type":"Point","coordinates":[14.069094,50.204773]}},{"type":"Feature","properties":{"CountryName":"Czechia","Type of Animal":"Chicken"},"geometry":{"type":"Point","coordinates":[14.069094,50.204773]}},{"type":"Feature","properties":{"CountryName":"Czechia","Type of Animal":"Chicken"},"geometry":{"type":"Point","coordinates":[14.069094,50.204773]}},{"type":"Feature","properties":{"CountryName":"Czechia","Type of Animal":"Chicken"},"geometry":{"type":"Point","coordinates":[14.069094,50.204773]}},{"type":"Feature","properties":{"CountryName":"Czechia","Type of Animal":"Chicken"},"geometry":{"type":"Point","coordinates":[14.069094,50.204773]}},{"type":"Feature","properties":{"CountryName":"Czechia","Type of Animal":"Chicken"},"geometry":{"type":"Point","coordinates":[14.069094,50.204773]}},{"type":"Feature","properties":{"CountryName":"Czechia","Type of Animal":"Pork"},"geometry":{"type":"Point","coordinates":[14.101583,50.280529]}},{"type":"Feature","properties":{"CountryName":"Czechia","Type of Animal":"Pork"},"geometry":{"type":"Point","coordinates":[14.101583,50.280529]}},{"type":"Feature","properties":{"CountryName":"Czechia","Type of Animal":"Pork"},"geometry":{"type":"Point","coordinates":[14.101583,50.280529]}},{"type":"Feature","properties":{"CountryName":"Czechia","Type of Animal":"Pork"},"geometry":{"type":"Point","coordinates":[14.101583,50.280529]}},{"type":"Feature","properties":{"CountryName":"Czechia","Type of Animal":"Pork"},"geometry":{"type":"Point","coordinates":[14.101583,50.280529]}},{"type":"Feature","properties":{"CountryName":"Czechia","Type of Animal":"Pork"},"geometry":{"type":"Point","coordinates":[14.101583,50.280529]}},{"type":"Feature","properties":{"CountryName":"Czechia","Type of Animal":"Chicken"},"geometry":{"type":"Point","coordinates":[15.202735,50.051128]}},{"type":"Feature","properties":{"CountryName":"Czechia","Type of Animal":"Chicken"},"geometry":{"type":"Point","coordinates":[15.202735,50.051128]}},{"type":"Feature","properties":{"CountryName":"Czechia","Type of Animal":"Chicken"},"geometry":{"type":"Point","coordinates":[15.202735,50.051128]}},{"type":"Feature","properties":{"CountryName":"Czechia","Type of Animal":"Chicken"},"geometry":{"type":"Point","coordinates":[15.202735,50.051128]}},{"type":"Feature","properties":{"CountryName":"Czechia","Type of Animal":"Chicken"},"geometry":{"type":"Point","coordinates":[15.202735,50.051128]}},{"type":"Feature","properties":{"CountryName":"Czechia","Type of Animal":"Chicken"},"geometry":{"type":"Point","coordinates":[15.202735,50.051128]}},{"type":"Feature","properties":{"CountryName":"Czechia","Type of Animal":"Pork"},"geometry":{"type":"Point","coordinates":[15.335268,50.091473]}},{"type":"Feature","properties":{"CountryName":"Czechia","Type of Animal":"Pork"},"geometry":{"type":"Point","coordinates":[15.335268,50.091473]}},{"type":"Feature","properties":{"CountryName":"Czechia","Type of Animal":"Pork"},"geometry":{"type":"Point","coordinates":[15.335268,50.091473]}},{"type":"Feature","properties":{"CountryName":"Czechia","Type of Animal":"Pork"},"geometry":{"type":"Point","coordinates":[15.335268,50.091473]}},{"type":"Feature","properties":{"CountryName":"Czechia","Type of Animal":"Pork"},"geometry":{"type":"Point","coordinates":[15.335268,50.091473]}},{"type":"Feature","properties":{"CountryName":"Czechia","Type of Animal":"Pork"},"geometry":{"type":"Point","coordinates":[15.335268,50.091473]}},{"type":"Feature","properties":{"CountryName":"Czechia","Type of Animal":"Chicken"},"geometry":{"type":"Point","coordinates":[15.200031,50.059173]}},{"type":"Feature","properties":{"CountryName":"Czechia","Type of Animal":"Chicken"},"geometry":{"type":"Point","coordinates":[15.200031,50.059173]}},{"type":"Feature","properties":{"CountryName":"Czechia","Type of Animal":"Chicken"},"geometry":{"type":"Point","coordinates":[15.200031,50.059173]}},{"type":"Feature","properties":{"CountryName":"Czechia","Type of Animal":"Chicken"},"geometry":{"type":"Point","coordinates":[15.200031,50.059173]}},{"type":"Feature","properties":{"CountryName":"Czechia","Type of Animal":"Chicken"},"geometry":{"type":"Point","coordinates":[15.200031,50.059173]}},{"type":"Feature","properties":{"CountryName":"Czechia","Type of Animal":"Chicken"},"geometry":{"type":"Point","coordinates":[15.200031,50.059173]}},{"type":"Feature","properties":{"CountryName":"Czechia","Type of Animal":"Pork"},"geometry":{"type":"Point","coordinates":[15.306635,49.858623]}},{"type":"Feature","properties":{"CountryName":"Czechia","Type of Animal":"Pork"},"geometry":{"type":"Point","coordinates":[15.306635,49.858623]}},{"type":"Feature","properties":{"CountryName":"Czechia","Type of Animal":"Pork"},"geometry":{"type":"Point","coordinates":[15.306635,49.858623]}},{"type":"Feature","properties":{"CountryName":"Czechia","Type of Animal":"Pork"},"geometry":{"type":"Point","coordinates":[15.306635,49.858623]}},{"type":"Feature","properties":{"CountryName":"Czechia","Type of Animal":"Pork"},"geometry":{"type":"Point","coordinates":[15.306635,49.858623]}},{"type":"Feature","properties":{"CountryName":"Czechia","Type of Animal":"Pork"},"geometry":{"type":"Point","coordinates":[15.306635,49.858623]}},{"type":"Feature","properties":{"CountryName":"Czechia","Type of Animal":"Pork"},"geometry":{"type":"Point","coordinates":[15.33394,49.99087]}},{"type":"Feature","properties":{"CountryName":"Czechia","Type of Animal":"Pork"},"geometry":{"type":"Point","coordinates":[15.33394,49.99087]}},{"type":"Feature","properties":{"CountryName":"Czechia","Type of Animal":"Pork"},"geometry":{"type":"Point","coordinates":[15.33394,49.99087]}},{"type":"Feature","properties":{"CountryName":"Czechia","Type of Animal":"Pork"},"geometry":{"type":"Point","coordinates":[15.33394,49.99087]}},{"type":"Feature","properties":{"CountryName":"Czechia","Type of Animal":"Pork"},"geometry":{"type":"Point","coordinates":[15.33394,49.99087]}},{"type":"Feature","properties":{"CountryName":"Czechia","Type of Animal":"Pork"},"geometry":{"type":"Point","coordinates":[15.33394,49.99087]}},{"type":"Feature","properties":{"CountryName":"Czechia","Type of Animal":"Chicken"},"geometry":{"type":"Point","coordinates":[15.444927,49.894916]}},{"type":"Feature","properties":{"CountryName":"Czechia","Type of Animal":"Chicken"},"geometry":{"type":"Point","coordinates":[15.444927,49.894916]}},{"type":"Feature","properties":{"CountryName":"Czechia","Type of Animal":"Chicken"},"geometry":{"type":"Point","coordinates":[15.444927,49.894916]}},{"type":"Feature","properties":{"CountryName":"Czechia","Type of Animal":"Chicken"},"geometry":{"type":"Point","coordinates":[15.444927,49.894916]}},{"type":"Feature","properties":{"CountryName":"Czechia","Type of Animal":"Chicken"},"geometry":{"type":"Point","coordinates":[15.444927,49.894916]}},{"type":"Feature","properties":{"CountryName":"Czechia","Type of Animal":"Chicken"},"geometry":{"type":"Point","coordinates":[15.444927,49.894916]}},{"type":"Feature","properties":{"CountryName":"Czechia","Type of Animal":"Pork"},"geometry":{"type":"Point","coordinates":[15.205455,49.940588]}},{"type":"Feature","properties":{"CountryName":"Czechia","Type of Animal":"Pork"},"geometry":{"type":"Point","coordinates":[15.205455,49.940588]}},{"type":"Feature","properties":{"CountryName":"Czechia","Type of Animal":"Pork"},"geometry":{"type":"Point","coordinates":[15.205455,49.940588]}},{"type":"Feature","properties":{"CountryName":"Czechia","Type of Animal":"Pork"},"geometry":{"type":"Point","coordinates":[15.205455,49.940588]}},{"type":"Feature","properties":{"CountryName":"Czechia","Type of Animal":"Pork"},"geometry":{"type":"Point","coordinates":[15.205455,49.940588]}},{"type":"Feature","properties":{"CountryName":"Czechia","Type of Animal":"Pork"},"geometry":{"type":"Point","coordinates":[15.205455,49.940588]}},{"type":"Feature","properties":{"CountryName":"Czechia","Type of Animal":"Chicken"},"geometry":{"type":"Point","coordinates":[15.425632,49.977546]}},{"type":"Feature","properties":{"CountryName":"Czechia","Type of Animal":"Chicken"},"geometry":{"type":"Point","coordinates":[15.425632,49.977546]}},{"type":"Feature","properties":{"CountryName":"Czechia","Type of Animal":"Chicken"},"geometry":{"type":"Point","coordinates":[15.425632,49.977546]}},{"type":"Feature","properties":{"CountryName":"Czechia","Type of Animal":"Chicken"},"geometry":{"type":"Point","coordinates":[15.425632,49.977546]}},{"type":"Feature","properties":{"CountryName":"Czechia","Type of Animal":"Chicken"},"geometry":{"type":"Point","coordinates":[15.425632,49.977546]}},{"type":"Feature","properties":{"CountryName":"Czechia","Type of Animal":"Chicken"},"geometry":{"type":"Point","coordinates":[15.425632,49.977546]}},{"type":"Feature","properties":{"CountryName":"Czechia","Type of Animal":"Pork"},"geometry":{"type":"Point","coordinates":[14.583049,50.258682]}},{"type":"Feature","properties":{"CountryName":"Czechia","Type of Animal":"Pork"},"geometry":{"type":"Point","coordinates":[14.583049,50.258682]}},{"type":"Feature","properties":{"CountryName":"Czechia","Type of Animal":"Pork"},"geometry":{"type":"Point","coordinates":[14.583049,50.258682]}},{"type":"Feature","properties":{"CountryName":"Czechia","Type of Animal":"Pork"},"geometry":{"type":"Point","coordinates":[14.583049,50.258682]}},{"type":"Feature","properties":{"CountryName":"Czechia","Type of Animal":"Pork"},"geometry":{"type":"Point","coordinates":[14.583049,50.258682]}},{"type":"Feature","properties":{"CountryName":"Czechia","Type of Animal":"Pork"},"geometry":{"type":"Point","coordinates":[14.583049,50.258682]}},{"type":"Feature","properties":{"CountryName":"Czechia","Type of Animal":"Chicken"},"geometry":{"type":"Point","coordinates":[14.468448,50.292544]}},{"type":"Feature","properties":{"CountryName":"Czechia","Type of Animal":"Chicken"},"geometry":{"type":"Point","coordinates":[14.468448,50.292544]}},{"type":"Feature","properties":{"CountryName":"Czechia","Type of Animal":"Chicken"},"geometry":{"type":"Point","coordinates":[14.468448,50.292544]}},{"type":"Feature","properties":{"CountryName":"Czechia","Type of Animal":"Chicken"},"geometry":{"type":"Point","coordinates":[14.468448,50.292544]}},{"type":"Feature","properties":{"CountryName":"Czechia","Type of Animal":"Chicken"},"geometry":{"type":"Point","coordinates":[14.468448,50.292544]}},{"type":"Feature","properties":{"CountryName":"Czechia","Type of Animal":"Chicken"},"geometry":{"type":"Point","coordinates":[14.468448,50.292544]}},{"type":"Feature","properties":{"CountryName":"Czechia","Type of Animal":"Chicken"},"geometry":{"type":"Point","coordinates":[14.472729,50.249762]}},{"type":"Feature","properties":{"CountryName":"Czechia","Type of Animal":"Chicken"},"geometry":{"type":"Point","coordinates":[14.472729,50.249762]}},{"type":"Feature","properties":{"CountryName":"Czechia","Type of Animal":"Chicken"},"geometry":{"type":"Point","coordinates":[14.472729,50.249762]}},{"type":"Feature","properties":{"CountryName":"Czechia","Type of Animal":"Chicken"},"geometry":{"type":"Point","coordinates":[14.472729,50.249762]}},{"type":"Feature","properties":{"CountryName":"Czechia","Type of Animal":"Chicken"},"geometry":{"type":"Point","coordinates":[14.472729,50.249762]}},{"type":"Feature","properties":{"CountryName":"Czechia","Type of Animal":"Chicken"},"geometry":{"type":"Point","coordinates":[14.472729,50.249762]}},{"type":"Feature","properties":{"CountryName":"Czechia","Type of Animal":"Chicken"},"geometry":{"type":"Point","coordinates":[14.399301,50.380473]}},{"type":"Feature","properties":{"CountryName":"Czechia","Type of Animal":"Chicken"},"geometry":{"type":"Point","coordinates":[14.399301,50.380473]}},{"type":"Feature","properties":{"CountryName":"Czechia","Type of Animal":"Chicken"},"geometry":{"type":"Point","coordinates":[14.399301,50.380473]}},{"type":"Feature","properties":{"CountryName":"Czechia","Type of Animal":"Chicken"},"geometry":{"type":"Point","coordinates":[14.399301,50.380473]}},{"type":"Feature","properties":{"CountryName":"Czechia","Type of Animal":"Chicken"},"geometry":{"type":"Point","coordinates":[14.399301,50.380473]}},{"type":"Feature","properties":{"CountryName":"Czechia","Type of Animal":"Chicken"},"geometry":{"type":"Point","coordinates":[14.399301,50.380473]}},{"type":"Feature","properties":{"CountryName":"Czechia","Type of Animal":"Chicken"},"geometry":{"type":"Point","coordinates":[14.490296,50.281116]}},{"type":"Feature","properties":{"CountryName":"Czechia","Type of Animal":"Chicken"},"geometry":{"type":"Point","coordinates":[14.490296,50.281116]}},{"type":"Feature","properties":{"CountryName":"Czechia","Type of Animal":"Chicken"},"geometry":{"type":"Point","coordinates":[14.490296,50.281116]}},{"type":"Feature","properties":{"CountryName":"Czechia","Type of Animal":"Chicken"},"geometry":{"type":"Point","coordinates":[14.490296,50.281116]}},{"type":"Feature","properties":{"CountryName":"Czechia","Type of Animal":"Chicken"},"geometry":{"type":"Point","coordinates":[14.490296,50.281116]}},{"type":"Feature","properties":{"CountryName":"Czechia","Type of Animal":"Chicken"},"geometry":{"type":"Point","coordinates":[14.490296,50.281116]}},{"type":"Feature","properties":{"CountryName":"Czechia","Type of Animal":"Pork"},"geometry":{"type":"Point","coordinates":[14.904876,50.319451]}},{"type":"Feature","properties":{"CountryName":"Czechia","Type of Animal":"Pork"},"geometry":{"type":"Point","coordinates":[14.904876,50.319451]}},{"type":"Feature","properties":{"CountryName":"Czechia","Type of Animal":"Pork"},"geometry":{"type":"Point","coordinates":[14.904876,50.319451]}},{"type":"Feature","properties":{"CountryName":"Czechia","Type of Animal":"Pork"},"geometry":{"type":"Point","coordinates":[14.904876,50.319451]}},{"type":"Feature","properties":{"CountryName":"Czechia","Type of Animal":"Pork"},"geometry":{"type":"Point","coordinates":[14.904876,50.319451]}},{"type":"Feature","properties":{"CountryName":"Czechia","Type of Animal":"Pork"},"geometry":{"type":"Point","coordinates":[14.904876,50.319451]}},{"type":"Feature","properties":{"CountryName":"Czechia","Type of Animal":"Pork"},"geometry":{"type":"Point","coordinates":[14.898509,50.341075]}},{"type":"Feature","properties":{"CountryName":"Czechia","Type of Animal":"Pork"},"geometry":{"type":"Point","coordinates":[14.898509,50.341075]}},{"type":"Feature","properties":{"CountryName":"Czechia","Type of Animal":"Pork"},"geometry":{"type":"Point","coordinates":[14.898509,50.341075]}},{"type":"Feature","properties":{"CountryName":"Czechia","Type of Animal":"Pork"},"geometry":{"type":"Point","coordinates":[14.898509,50.341075]}},{"type":"Feature","properties":{"CountryName":"Czechia","Type of Animal":"Pork"},"geometry":{"type":"Point","coordinates":[14.898509,50.341075]}},{"type":"Feature","properties":{"CountryName":"Czechia","Type of Animal":"Pork"},"geometry":{"type":"Point","coordinates":[14.898509,50.341075]}},{"type":"Feature","properties":{"CountryName":"Czechia","Type of Animal":"Pork"},"geometry":{"type":"Point","coordinates":[14.755651,50.454863]}},{"type":"Feature","properties":{"CountryName":"Czechia","Type of Animal":"Pork"},"geometry":{"type":"Point","coordinates":[14.755651,50.454863]}},{"type":"Feature","properties":{"CountryName":"Czechia","Type of Animal":"Pork"},"geometry":{"type":"Point","coordinates":[14.755651,50.454863]}},{"type":"Feature","properties":{"CountryName":"Czechia","Type of Animal":"Pork"},"geometry":{"type":"Point","coordinates":[14.755651,50.454863]}},{"type":"Feature","properties":{"CountryName":"Czechia","Type of Animal":"Pork"},"geometry":{"type":"Point","coordinates":[14.755651,50.454863]}},{"type":"Feature","properties":{"CountryName":"Czechia","Type of Animal":"Pork"},"geometry":{"type":"Point","coordinates":[14.755651,50.454863]}},{"type":"Feature","properties":{"CountryName":"Czechia","Type of Animal":"Pork"},"geometry":{"type":"Point","coordinates":[15.02387,50.55291]}},{"type":"Feature","properties":{"CountryName":"Czechia","Type of Animal":"Pork"},"geometry":{"type":"Point","coordinates":[15.02387,50.55291]}},{"type":"Feature","properties":{"CountryName":"Czechia","Type of Animal":"Pork"},"geometry":{"type":"Point","coordinates":[15.02387,50.55291]}},{"type":"Feature","properties":{"CountryName":"Czechia","Type of Animal":"Pork"},"geometry":{"type":"Point","coordinates":[15.02387,50.55291]}},{"type":"Feature","properties":{"CountryName":"Czechia","Type of Animal":"Pork"},"geometry":{"type":"Point","coordinates":[15.02387,50.55291]}},{"type":"Feature","properties":{"CountryName":"Czechia","Type of Animal":"Pork"},"geometry":{"type":"Point","coordinates":[15.02387,50.55291]}},{"type":"Feature","properties":{"CountryName":"Czechia","Type of Animal":"Chicken"},"geometry":{"type":"Point","coordinates":[15.172682,50.328697]}},{"type":"Feature","properties":{"CountryName":"Czechia","Type of Animal":"Chicken"},"geometry":{"type":"Point","coordinates":[15.172682,50.328697]}},{"type":"Feature","properties":{"CountryName":"Czechia","Type of Animal":"Chicken"},"geometry":{"type":"Point","coordinates":[15.172682,50.328697]}},{"type":"Feature","properties":{"CountryName":"Czechia","Type of Animal":"Chicken"},"geometry":{"type":"Point","coordinates":[15.172682,50.328697]}},{"type":"Feature","properties":{"CountryName":"Czechia","Type of Animal":"Chicken"},"geometry":{"type":"Point","coordinates":[15.172682,50.328697]}},{"type":"Feature","properties":{"CountryName":"Czechia","Type of Animal":"Chicken"},"geometry":{"type":"Point","coordinates":[15.172682,50.328697]}},{"type":"Feature","properties":{"CountryName":"Czechia","Type of Animal":"Pork"},"geometry":{"type":"Point","coordinates":[14.952932,50.173917]}},{"type":"Feature","properties":{"CountryName":"Czechia","Type of Animal":"Pork"},"geometry":{"type":"Point","coordinates":[14.952932,50.173917]}},{"type":"Feature","properties":{"CountryName":"Czechia","Type of Animal":"Pork"},"geometry":{"type":"Point","coordinates":[14.952932,50.173917]}},{"type":"Feature","properties":{"CountryName":"Czechia","Type of Animal":"Pork"},"geometry":{"type":"Point","coordinates":[14.952932,50.173917]}},{"type":"Feature","properties":{"CountryName":"Czechia","Type of Animal":"Pork"},"geometry":{"type":"Point","coordinates":[14.952932,50.173917]}},{"type":"Feature","properties":{"CountryName":"Czechia","Type of Animal":"Pork"},"geometry":{"type":"Point","coordinates":[14.952932,50.173917]}},{"type":"Feature","properties":{"CountryName":"Czechia","Type of Animal":"Pork"},"geometry":{"type":"Point","coordinates":[15.164746,50.215353]}},{"type":"Feature","properties":{"CountryName":"Czechia","Type of Animal":"Pork"},"geometry":{"type":"Point","coordinates":[15.164746,50.215353]}},{"type":"Feature","properties":{"CountryName":"Czechia","Type of Animal":"Pork"},"geometry":{"type":"Point","coordinates":[15.164746,50.215353]}},{"type":"Feature","properties":{"CountryName":"Czechia","Type of Animal":"Pork"},"geometry":{"type":"Point","coordinates":[15.164746,50.215353]}},{"type":"Feature","properties":{"CountryName":"Czechia","Type of Animal":"Pork"},"geometry":{"type":"Point","coordinates":[15.164746,50.215353]}},{"type":"Feature","properties":{"CountryName":"Czechia","Type of Animal":"Pork"},"geometry":{"type":"Point","coordinates":[15.164746,50.215353]}},{"type":"Feature","properties":{"CountryName":"Czechia","Type of Animal":"Pork"},"geometry":{"type":"Point","coordinates":[14.946244,50.219978]}},{"type":"Feature","properties":{"CountryName":"Czechia","Type of Animal":"Pork"},"geometry":{"type":"Point","coordinates":[14.946244,50.219978]}},{"type":"Feature","properties":{"CountryName":"Czechia","Type of Animal":"Pork"},"geometry":{"type":"Point","coordinates":[14.946244,50.219978]}},{"type":"Feature","properties":{"CountryName":"Czechia","Type of Animal":"Pork"},"geometry":{"type":"Point","coordinates":[14.946244,50.219978]}},{"type":"Feature","properties":{"CountryName":"Czechia","Type of Animal":"Pork"},"geometry":{"type":"Point","coordinates":[14.946244,50.219978]}},{"type":"Feature","properties":{"CountryName":"Czechia","Type of Animal":"Pork"},"geometry":{"type":"Point","coordinates":[14.946244,50.219978]}},{"type":"Feature","properties":{"CountryName":"Czechia","Type of Animal":"Chicken"},"geometry":{"type":"Point","coordinates":[15.299038,50.194601]}},{"type":"Feature","properties":{"CountryName":"Czechia","Type of Animal":"Chicken"},"geometry":{"type":"Point","coordinates":[15.299038,50.194601]}},{"type":"Feature","properties":{"CountryName":"Czechia","Type of Animal":"Chicken"},"geometry":{"type":"Point","coordinates":[15.299038,50.194601]}},{"type":"Feature","properties":{"CountryName":"Czechia","Type of Animal":"Chicken"},"geometry":{"type":"Point","coordinates":[15.299038,50.194601]}},{"type":"Feature","properties":{"CountryName":"Czechia","Type of Animal":"Chicken"},"geometry":{"type":"Point","coordinates":[15.299038,50.194601]}},{"type":"Feature","properties":{"CountryName":"Czechia","Type of Animal":"Chicken"},"geometry":{"type":"Point","coordinates":[15.299038,50.194601]}},{"type":"Feature","properties":{"CountryName":"Czechia","Type of Animal":"Chicken"},"geometry":{"type":"Point","coordinates":[14.812311,50.211513]}},{"type":"Feature","properties":{"CountryName":"Czechia","Type of Animal":"Chicken"},"geometry":{"type":"Point","coordinates":[14.812311,50.211513]}},{"type":"Feature","properties":{"CountryName":"Czechia","Type of Animal":"Chicken"},"geometry":{"type":"Point","coordinates":[14.812311,50.211513]}},{"type":"Feature","properties":{"CountryName":"Czechia","Type of Animal":"Chicken"},"geometry":{"type":"Point","coordinates":[14.812311,50.211513]}},{"type":"Feature","properties":{"CountryName":"Czechia","Type of Animal":"Chicken"},"geometry":{"type":"Point","coordinates":[14.812311,50.211513]}},{"type":"Feature","properties":{"CountryName":"Czechia","Type of Animal":"Chicken"},"geometry":{"type":"Point","coordinates":[14.812311,50.211513]}},{"type":"Feature","properties":{"CountryName":"Czechia","Type of Animal":"Chicken"},"geometry":{"type":"Point","coordinates":[14.793843,49.989179]}},{"type":"Feature","properties":{"CountryName":"Czechia","Type of Animal":"Chicken"},"geometry":{"type":"Point","coordinates":[14.793843,49.989179]}},{"type":"Feature","properties":{"CountryName":"Czechia","Type of Animal":"Chicken"},"geometry":{"type":"Point","coordinates":[14.793843,49.989179]}},{"type":"Feature","properties":{"CountryName":"Czechia","Type of Animal":"Chicken"},"geometry":{"type":"Point","coordinates":[14.793843,49.989179]}},{"type":"Feature","properties":{"CountryName":"Czechia","Type of Animal":"Chicken"},"geometry":{"type":"Point","coordinates":[14.793843,49.989179]}},{"type":"Feature","properties":{"CountryName":"Czechia","Type of Animal":"Chicken"},"geometry":{"type":"Point","coordinates":[14.793843,49.989179]}},{"type":"Feature","properties":{"CountryName":"Czechia","Type of Animal":"Chicken"},"geometry":{"type":"Point","coordinates":[14.134955,49.794488]}},{"type":"Feature","properties":{"CountryName":"Czechia","Type of Animal":"Chicken"},"geometry":{"type":"Point","coordinates":[14.134955,49.794488]}},{"type":"Feature","properties":{"CountryName":"Czechia","Type of Animal":"Chicken"},"geometry":{"type":"Point","coordinates":[14.134955,49.794488]}},{"type":"Feature","properties":{"CountryName":"Czechia","Type of Animal":"Chicken"},"geometry":{"type":"Point","coordinates":[14.134955,49.794488]}},{"type":"Feature","properties":{"CountryName":"Czechia","Type of Animal":"Chicken"},"geometry":{"type":"Point","coordinates":[14.134955,49.794488]}},{"type":"Feature","properties":{"CountryName":"Czechia","Type of Animal":"Chicken"},"geometry":{"type":"Point","coordinates":[14.134955,49.794488]}},{"type":"Feature","properties":{"CountryName":"Czechia","Type of Animal":"Chicken"},"geometry":{"type":"Point","coordinates":[13.747279,50.100659]}},{"type":"Feature","properties":{"CountryName":"Czechia","Type of Animal":"Chicken"},"geometry":{"type":"Point","coordinates":[13.747279,50.100659]}},{"type":"Feature","properties":{"CountryName":"Czechia","Type of Animal":"Chicken"},"geometry":{"type":"Point","coordinates":[13.747279,50.100659]}},{"type":"Feature","properties":{"CountryName":"Czechia","Type of Animal":"Chicken"},"geometry":{"type":"Point","coordinates":[13.747279,50.100659]}},{"type":"Feature","properties":{"CountryName":"Czechia","Type of Animal":"Chicken"},"geometry":{"type":"Point","coordinates":[13.747279,50.100659]}},{"type":"Feature","properties":{"CountryName":"Czechia","Type of Animal":"Chicken"},"geometry":{"type":"Point","coordinates":[13.747279,50.100659]}},{"type":"Feature","properties":{"CountryName":"Czechia","Type of Animal":"Pork"},"geometry":{"type":"Point","coordinates":[13.549078,50.068292]}},{"type":"Feature","properties":{"CountryName":"Czechia","Type of Animal":"Pork"},"geometry":{"type":"Point","coordinates":[13.549078,50.068292]}},{"type":"Feature","properties":{"CountryName":"Czechia","Type of Animal":"Pork"},"geometry":{"type":"Point","coordinates":[13.549078,50.068292]}},{"type":"Feature","properties":{"CountryName":"Czechia","Type of Animal":"Pork"},"geometry":{"type":"Point","coordinates":[13.549078,50.068292]}},{"type":"Feature","properties":{"CountryName":"Czechia","Type of Animal":"Pork"},"geometry":{"type":"Point","coordinates":[13.549078,50.068292]}},{"type":"Feature","properties":{"CountryName":"Czechia","Type of Animal":"Pork"},"geometry":{"type":"Point","coordinates":[13.549078,50.068292]}},{"type":"Feature","properties":{"CountryName":"Czechia","Type of Animal":"Pork"},"geometry":{"type":"Point","coordinates":[18.50475,49.673806]}},{"type":"Feature","properties":{"CountryName":"Czechia","Type of Animal":"Pork"},"geometry":{"type":"Point","coordinates":[18.50475,49.673806]}},{"type":"Feature","properties":{"CountryName":"Czechia","Type of Animal":"Pork"},"geometry":{"type":"Point","coordinates":[18.50475,49.673806]}},{"type":"Feature","properties":{"CountryName":"Czechia","Type of Animal":"Pork"},"geometry":{"type":"Point","coordinates":[18.50475,49.673806]}},{"type":"Feature","properties":{"CountryName":"Czechia","Type of Animal":"Pork"},"geometry":{"type":"Point","coordinates":[18.50475,49.673806]}},{"type":"Feature","properties":{"CountryName":"Czechia","Type of Animal":"Pork"},"geometry":{"type":"Point","coordinates":[18.50475,49.673806]}},{"type":"Feature","properties":{"CountryName":"Czechia","Type of Animal":"Pork"},"geometry":{"type":"Point","coordinates":[18.504895,49.673468]}},{"type":"Feature","properties":{"CountryName":"Czechia","Type of Animal":"Pork"},"geometry":{"type":"Point","coordinates":[18.504895,49.673468]}},{"type":"Feature","properties":{"CountryName":"Czechia","Type of Animal":"Pork"},"geometry":{"type":"Point","coordinates":[18.504895,49.673468]}},{"type":"Feature","properties":{"CountryName":"Czechia","Type of Animal":"Pork"},"geometry":{"type":"Point","coordinates":[18.504895,49.673468]}},{"type":"Feature","properties":{"CountryName":"Czechia","Type of Animal":"Pork"},"geometry":{"type":"Point","coordinates":[18.504895,49.673468]}},{"type":"Feature","properties":{"CountryName":"Czechia","Type of Animal":"Pork"},"geometry":{"type":"Point","coordinates":[18.504895,49.673468]}},{"type":"Feature","properties":{"CountryName":"Czechia","Type of Animal":"Pork"},"geometry":{"type":"Point","coordinates":[18.035617,49.589683]}},{"type":"Feature","properties":{"CountryName":"Czechia","Type of Animal":"Pork"},"geometry":{"type":"Point","coordinates":[18.035617,49.589683]}},{"type":"Feature","properties":{"CountryName":"Czechia","Type of Animal":"Pork"},"geometry":{"type":"Point","coordinates":[18.035617,49.589683]}},{"type":"Feature","properties":{"CountryName":"Czechia","Type of Animal":"Pork"},"geometry":{"type":"Point","coordinates":[18.035617,49.589683]}},{"type":"Feature","properties":{"CountryName":"Czechia","Type of Animal":"Pork"},"geometry":{"type":"Point","coordinates":[18.035617,49.589683]}},{"type":"Feature","properties":{"CountryName":"Czechia","Type of Animal":"Pork"},"geometry":{"type":"Point","coordinates":[18.035617,49.589683]}},{"type":"Feature","properties":{"CountryName":"Czechia","Type of Animal":"Chicken"},"geometry":{"type":"Point","coordinates":[17.974851,49.643214]}},{"type":"Feature","properties":{"CountryName":"Czechia","Type of Animal":"Chicken"},"geometry":{"type":"Point","coordinates":[17.974851,49.643214]}},{"type":"Feature","properties":{"CountryName":"Czechia","Type of Animal":"Chicken"},"geometry":{"type":"Point","coordinates":[17.974851,49.643214]}},{"type":"Feature","properties":{"CountryName":"Czechia","Type of Animal":"Chicken"},"geometry":{"type":"Point","coordinates":[17.974851,49.643214]}},{"type":"Feature","properties":{"CountryName":"Czechia","Type of Animal":"Chicken"},"geometry":{"type":"Point","coordinates":[17.974851,49.643214]}},{"type":"Feature","properties":{"CountryName":"Czechia","Type of Animal":"Chicken"},"geometry":{"type":"Point","coordinates":[17.974851,49.643214]}},{"type":"Feature","properties":{"CountryName":"Czechia","Type of Animal":"Chicken"},"geometry":{"type":"Point","coordinates":[17.988747,49.690181]}},{"type":"Feature","properties":{"CountryName":"Czechia","Type of Animal":"Chicken"},"geometry":{"type":"Point","coordinates":[17.988747,49.690181]}},{"type":"Feature","properties":{"CountryName":"Czechia","Type of Animal":"Chicken"},"geometry":{"type":"Point","coordinates":[17.988747,49.690181]}},{"type":"Feature","properties":{"CountryName":"Czechia","Type of Animal":"Chicken"},"geometry":{"type":"Point","coordinates":[17.988747,49.690181]}},{"type":"Feature","properties":{"CountryName":"Czechia","Type of Animal":"Chicken"},"geometry":{"type":"Point","coordinates":[17.988747,49.690181]}},{"type":"Feature","properties":{"CountryName":"Czechia","Type of Animal":"Chicken"},"geometry":{"type":"Point","coordinates":[17.988747,49.690181]}},{"type":"Feature","properties":{"CountryName":"Czechia","Type of Animal":"Chicken"},"geometry":{"type":"Point","coordinates":[18.035386,49.752267]}},{"type":"Feature","properties":{"CountryName":"Czechia","Type of Animal":"Chicken"},"geometry":{"type":"Point","coordinates":[18.035386,49.752267]}},{"type":"Feature","properties":{"CountryName":"Czechia","Type of Animal":"Chicken"},"geometry":{"type":"Point","coordinates":[18.035386,49.752267]}},{"type":"Feature","properties":{"CountryName":"Czechia","Type of Animal":"Chicken"},"geometry":{"type":"Point","coordinates":[18.035386,49.752267]}},{"type":"Feature","properties":{"CountryName":"Czechia","Type of Animal":"Chicken"},"geometry":{"type":"Point","coordinates":[18.035386,49.752267]}},{"type":"Feature","properties":{"CountryName":"Czechia","Type of Animal":"Chicken"},"geometry":{"type":"Point","coordinates":[18.035386,49.752267]}},{"type":"Feature","properties":{"CountryName":"Czechia","Type of Animal":"Chicken"},"geometry":{"type":"Point","coordinates":[18.050307,49.755175]}},{"type":"Feature","properties":{"CountryName":"Czechia","Type of Animal":"Chicken"},"geometry":{"type":"Point","coordinates":[18.050307,49.755175]}},{"type":"Feature","properties":{"CountryName":"Czechia","Type of Animal":"Chicken"},"geometry":{"type":"Point","coordinates":[18.050307,49.755175]}},{"type":"Feature","properties":{"CountryName":"Czechia","Type of Animal":"Chicken"},"geometry":{"type":"Point","coordinates":[18.050307,49.755175]}},{"type":"Feature","properties":{"CountryName":"Czechia","Type of Animal":"Chicken"},"geometry":{"type":"Point","coordinates":[18.050307,49.755175]}},{"type":"Feature","properties":{"CountryName":"Czechia","Type of Animal":"Chicken"},"geometry":{"type":"Point","coordinates":[18.050307,49.755175]}},{"type":"Feature","properties":{"CountryName":"Czechia","Type of Animal":"Chicken"},"geometry":{"type":"Point","coordinates":[17.869153,49.628269]}},{"type":"Feature","properties":{"CountryName":"Czechia","Type of Animal":"Chicken"},"geometry":{"type":"Point","coordinates":[17.869153,49.628269]}},{"type":"Feature","properties":{"CountryName":"Czechia","Type of Animal":"Chicken"},"geometry":{"type":"Point","coordinates":[17.869153,49.628269]}},{"type":"Feature","properties":{"CountryName":"Czechia","Type of Animal":"Chicken"},"geometry":{"type":"Point","coordinates":[17.869153,49.628269]}},{"type":"Feature","properties":{"CountryName":"Czechia","Type of Animal":"Chicken"},"geometry":{"type":"Point","coordinates":[17.869153,49.628269]}},{"type":"Feature","properties":{"CountryName":"Czechia","Type of Animal":"Chicken"},"geometry":{"type":"Point","coordinates":[17.869153,49.628269]}},{"type":"Feature","properties":{"CountryName":"Czechia","Type of Animal":"Pork"},"geometry":{"type":"Point","coordinates":[17.781664,49.995334]}},{"type":"Feature","properties":{"CountryName":"Czechia","Type of Animal":"Pork"},"geometry":{"type":"Point","coordinates":[17.781664,49.995334]}},{"type":"Feature","properties":{"CountryName":"Czechia","Type of Animal":"Pork"},"geometry":{"type":"Point","coordinates":[17.781664,49.995334]}},{"type":"Feature","properties":{"CountryName":"Czechia","Type of Animal":"Pork"},"geometry":{"type":"Point","coordinates":[17.781664,49.995334]}},{"type":"Feature","properties":{"CountryName":"Czechia","Type of Animal":"Pork"},"geometry":{"type":"Point","coordinates":[17.781664,49.995334]}},{"type":"Feature","properties":{"CountryName":"Czechia","Type of Animal":"Pork"},"geometry":{"type":"Point","coordinates":[17.781664,49.995334]}},{"type":"Feature","properties":{"CountryName":"Czechia","Type of Animal":"Pork"},"geometry":{"type":"Point","coordinates":[17.988881,49.98005]}},{"type":"Feature","properties":{"CountryName":"Czechia","Type of Animal":"Pork"},"geometry":{"type":"Point","coordinates":[17.988881,49.98005]}},{"type":"Feature","properties":{"CountryName":"Czechia","Type of Animal":"Pork"},"geometry":{"type":"Point","coordinates":[17.988881,49.98005]}},{"type":"Feature","properties":{"CountryName":"Czechia","Type of Animal":"Chicken"},"geometry":{"type":"Point","coordinates":[14.291547,50.787831]}},{"type":"Feature","properties":{"CountryName":"Czechia","Type of Animal":"Chicken"},"geometry":{"type":"Point","coordinates":[14.291547,50.787831]}},{"type":"Feature","properties":{"CountryName":"Czechia","Type of Animal":"Chicken"},"geometry":{"type":"Point","coordinates":[14.291547,50.787831]}},{"type":"Feature","properties":{"CountryName":"Czechia","Type of Animal":"Chicken"},"geometry":{"type":"Point","coordinates":[14.291547,50.787831]}},{"type":"Feature","properties":{"CountryName":"Czechia","Type of Animal":"Chicken"},"geometry":{"type":"Point","coordinates":[14.291547,50.787831]}},{"type":"Feature","properties":{"CountryName":"Czechia","Type of Animal":"Chicken"},"geometry":{"type":"Point","coordinates":[14.291547,50.787831]}},{"type":"Feature","properties":{"CountryName":"Czechia","Type of Animal":"Chicken"},"geometry":{"type":"Point","coordinates":[14.377286,50.807717]}},{"type":"Feature","properties":{"CountryName":"Czechia","Type of Animal":"Chicken"},"geometry":{"type":"Point","coordinates":[14.377286,50.807717]}},{"type":"Feature","properties":{"CountryName":"Czechia","Type of Animal":"Chicken"},"geometry":{"type":"Point","coordinates":[14.377286,50.807717]}},{"type":"Feature","properties":{"CountryName":"Czechia","Type of Animal":"Chicken"},"geometry":{"type":"Point","coordinates":[14.377286,50.807717]}},{"type":"Feature","properties":{"CountryName":"Czechia","Type of Animal":"Chicken"},"geometry":{"type":"Point","coordinates":[14.377286,50.807717]}},{"type":"Feature","properties":{"CountryName":"Czechia","Type of Animal":"Chicken"},"geometry":{"type":"Point","coordinates":[14.377286,50.807717]}},{"type":"Feature","properties":{"CountryName":"Czechia","Type of Animal":"Pork"},"geometry":{"type":"Point","coordinates":[13.429983,50.351701]}},{"type":"Feature","properties":{"CountryName":"Czechia","Type of Animal":"Pork"},"geometry":{"type":"Point","coordinates":[13.429983,50.351701]}},{"type":"Feature","properties":{"CountryName":"Czechia","Type of Animal":"Pork"},"geometry":{"type":"Point","coordinates":[13.429983,50.351701]}},{"type":"Feature","properties":{"CountryName":"Czechia","Type of Animal":"Pork"},"geometry":{"type":"Point","coordinates":[13.429983,50.351701]}},{"type":"Feature","properties":{"CountryName":"Czechia","Type of Animal":"Pork"},"geometry":{"type":"Point","coordinates":[13.429983,50.351701]}},{"type":"Feature","properties":{"CountryName":"Czechia","Type of Animal":"Pork"},"geometry":{"type":"Point","coordinates":[13.429983,50.351701]}},{"type":"Feature","properties":{"CountryName":"Czechia","Type of Animal":"Pork"},"geometry":{"type":"Point","coordinates":[14.065064,50.417183]}},{"type":"Feature","properties":{"CountryName":"Czechia","Type of Animal":"Pork"},"geometry":{"type":"Point","coordinates":[14.065064,50.417183]}},{"type":"Feature","properties":{"CountryName":"Czechia","Type of Animal":"Pork"},"geometry":{"type":"Point","coordinates":[14.065064,50.417183]}},{"type":"Feature","properties":{"CountryName":"Czechia","Type of Animal":"Pork"},"geometry":{"type":"Point","coordinates":[14.065064,50.417183]}},{"type":"Feature","properties":{"CountryName":"Czechia","Type of Animal":"Pork"},"geometry":{"type":"Point","coordinates":[14.065064,50.417183]}},{"type":"Feature","properties":{"CountryName":"Czechia","Type of Animal":"Pork"},"geometry":{"type":"Point","coordinates":[14.065064,50.417183]}},{"type":"Feature","properties":{"CountryName":"Czechia","Type of Animal":"Chicken"},"geometry":{"type":"Point","coordinates":[14.218278,50.474972]}},{"type":"Feature","properties":{"CountryName":"Czechia","Type of Animal":"Chicken"},"geometry":{"type":"Point","coordinates":[14.218278,50.474972]}},{"type":"Feature","properties":{"CountryName":"Czechia","Type of Animal":"Chicken"},"geometry":{"type":"Point","coordinates":[14.218278,50.474972]}},{"type":"Feature","properties":{"CountryName":"Czechia","Type of Animal":"Chicken"},"geometry":{"type":"Point","coordinates":[14.218278,50.474972]}},{"type":"Feature","properties":{"CountryName":"Czechia","Type of Animal":"Chicken"},"geometry":{"type":"Point","coordinates":[14.218278,50.474972]}},{"type":"Feature","properties":{"CountryName":"Czechia","Type of Animal":"Chicken"},"geometry":{"type":"Point","coordinates":[14.218278,50.474972]}},{"type":"Feature","properties":{"CountryName":"Czechia","Type of Animal":"Chicken"},"geometry":{"type":"Point","coordinates":[14.276675,50.451769]}},{"type":"Feature","properties":{"CountryName":"Czechia","Type of Animal":"Chicken"},"geometry":{"type":"Point","coordinates":[14.276675,50.451769]}},{"type":"Feature","properties":{"CountryName":"Czechia","Type of Animal":"Chicken"},"geometry":{"type":"Point","coordinates":[14.276675,50.451769]}},{"type":"Feature","properties":{"CountryName":"Czechia","Type of Animal":"Chicken"},"geometry":{"type":"Point","coordinates":[14.276675,50.451769]}},{"type":"Feature","properties":{"CountryName":"Czechia","Type of Animal":"Chicken"},"geometry":{"type":"Point","coordinates":[14.276675,50.451769]}},{"type":"Feature","properties":{"CountryName":"Czechia","Type of Animal":"Chicken"},"geometry":{"type":"Point","coordinates":[14.276675,50.451769]}},{"type":"Feature","properties":{"CountryName":"Czechia","Type of Animal":"Pork"},"geometry":{"type":"Point","coordinates":[14.265084,50.492757]}},{"type":"Feature","properties":{"CountryName":"Czechia","Type of Animal":"Pork"},"geometry":{"type":"Point","coordinates":[14.265084,50.492757]}},{"type":"Feature","properties":{"CountryName":"Czechia","Type of Animal":"Pork"},"geometry":{"type":"Point","coordinates":[14.265084,50.492757]}},{"type":"Feature","properties":{"CountryName":"Czechia","Type of Animal":"Pork"},"geometry":{"type":"Point","coordinates":[14.265084,50.492757]}},{"type":"Feature","properties":{"CountryName":"Czechia","Type of Animal":"Pork"},"geometry":{"type":"Point","coordinates":[14.265084,50.492757]}},{"type":"Feature","properties":{"CountryName":"Czechia","Type of Animal":"Pork"},"geometry":{"type":"Point","coordinates":[14.265084,50.492757]}},{"type":"Feature","properties":{"CountryName":"Czechia","Type of Animal":"Pork"},"geometry":{"type":"Point","coordinates":[14.244807,50.353758]}},{"type":"Feature","properties":{"CountryName":"Czechia","Type of Animal":"Pork"},"geometry":{"type":"Point","coordinates":[14.244807,50.353758]}},{"type":"Feature","properties":{"CountryName":"Czechia","Type of Animal":"Pork"},"geometry":{"type":"Point","coordinates":[14.244807,50.353758]}},{"type":"Feature","properties":{"CountryName":"Czechia","Type of Animal":"Pork"},"geometry":{"type":"Point","coordinates":[14.244807,50.353758]}},{"type":"Feature","properties":{"CountryName":"Czechia","Type of Animal":"Pork"},"geometry":{"type":"Point","coordinates":[14.244807,50.353758]}},{"type":"Feature","properties":{"CountryName":"Czechia","Type of Animal":"Pork"},"geometry":{"type":"Point","coordinates":[14.244807,50.353758]}},{"type":"Feature","properties":{"CountryName":"Czechia","Type of Animal":"Chicken"},"geometry":{"type":"Point","coordinates":[14.229281,50.468711]}},{"type":"Feature","properties":{"CountryName":"Czechia","Type of Animal":"Chicken"},"geometry":{"type":"Point","coordinates":[14.229281,50.468711]}},{"type":"Feature","properties":{"CountryName":"Czechia","Type of Animal":"Chicken"},"geometry":{"type":"Point","coordinates":[14.229281,50.468711]}},{"type":"Feature","properties":{"CountryName":"Czechia","Type of Animal":"Chicken"},"geometry":{"type":"Point","coordinates":[14.229281,50.468711]}},{"type":"Feature","properties":{"CountryName":"Czechia","Type of Animal":"Chicken"},"geometry":{"type":"Point","coordinates":[14.229281,50.468711]}},{"type":"Feature","properties":{"CountryName":"Czechia","Type of Animal":"Chicken"},"geometry":{"type":"Point","coordinates":[14.229281,50.468711]}},{"type":"Feature","properties":{"CountryName":"Czechia","Type of Animal":"Chicken"},"geometry":{"type":"Point","coordinates":[13.4189444,50.2100417]}},{"type":"Feature","properties":{"CountryName":"Czechia","Type of Animal":"Chicken"},"geometry":{"type":"Point","coordinates":[13.542759,50.344269]}},{"type":"Feature","properties":{"CountryName":"Czechia","Type of Animal":"Chicken"},"geometry":{"type":"Point","coordinates":[13.542759,50.344269]}},{"type":"Feature","properties":{"CountryName":"Czechia","Type of Animal":"Chicken"},"geometry":{"type":"Point","coordinates":[13.542759,50.344269]}},{"type":"Feature","properties":{"CountryName":"Czechia","Type of Animal":"Chicken"},"geometry":{"type":"Point","coordinates":[13.542759,50.344269]}},{"type":"Feature","properties":{"CountryName":"Czechia","Type of Animal":"Chicken"},"geometry":{"type":"Point","coordinates":[13.542759,50.344269]}},{"type":"Feature","properties":{"CountryName":"Czechia","Type of Animal":"Chicken"},"geometry":{"type":"Point","coordinates":[13.542759,50.344269]}},{"type":"Feature","properties":{"CountryName":"Czechia","Type of Animal":"Chicken"},"geometry":{"type":"Point","coordinates":[13.859014,50.359772]}},{"type":"Feature","properties":{"CountryName":"Czechia","Type of Animal":"Chicken"},"geometry":{"type":"Point","coordinates":[13.859014,50.359772]}},{"type":"Feature","properties":{"CountryName":"Czechia","Type of Animal":"Chicken"},"geometry":{"type":"Point","coordinates":[13.859014,50.359772]}},{"type":"Feature","properties":{"CountryName":"Czechia","Type of Animal":"Chicken"},"geometry":{"type":"Point","coordinates":[13.859014,50.359772]}},{"type":"Feature","properties":{"CountryName":"Czechia","Type of Animal":"Chicken"},"geometry":{"type":"Point","coordinates":[13.859014,50.359772]}},{"type":"Feature","properties":{"CountryName":"Czechia","Type of Animal":"Chicken"},"geometry":{"type":"Point","coordinates":[13.859014,50.359772]}},{"type":"Feature","properties":{"CountryName":"Czechia","Type of Animal":"Chicken"},"geometry":{"type":"Point","coordinates":[13.648812,50.378576]}},{"type":"Feature","properties":{"CountryName":"Czechia","Type of Animal":"Chicken"},"geometry":{"type":"Point","coordinates":[13.648812,50.378576]}},{"type":"Feature","properties":{"CountryName":"Czechia","Type of Animal":"Chicken"},"geometry":{"type":"Point","coordinates":[13.648812,50.378576]}},{"type":"Feature","properties":{"CountryName":"Czechia","Type of Animal":"Chicken"},"geometry":{"type":"Point","coordinates":[13.648812,50.378576]}},{"type":"Feature","properties":{"CountryName":"Czechia","Type of Animal":"Chicken"},"geometry":{"type":"Point","coordinates":[13.648812,50.378576]}},{"type":"Feature","properties":{"CountryName":"Czechia","Type of Animal":"Chicken"},"geometry":{"type":"Point","coordinates":[13.648812,50.378576]}},{"type":"Feature","properties":{"CountryName":"Czechia","Type of Animal":"Pork"},"geometry":{"type":"Point","coordinates":[13.656489,50.346561]}},{"type":"Feature","properties":{"CountryName":"Czechia","Type of Animal":"Pork"},"geometry":{"type":"Point","coordinates":[13.656489,50.346561]}},{"type":"Feature","properties":{"CountryName":"Czechia","Type of Animal":"Pork"},"geometry":{"type":"Point","coordinates":[13.656489,50.346561]}},{"type":"Feature","properties":{"CountryName":"Czechia","Type of Animal":"Pork"},"geometry":{"type":"Point","coordinates":[13.656489,50.346561]}},{"type":"Feature","properties":{"CountryName":"Czechia","Type of Animal":"Pork"},"geometry":{"type":"Point","coordinates":[13.656489,50.346561]}},{"type":"Feature","properties":{"CountryName":"Czechia","Type of Animal":"Pork"},"geometry":{"type":"Point","coordinates":[13.656489,50.346561]}},{"type":"Feature","properties":{"CountryName":"Czechia","Type of Animal":"Chicken"},"geometry":{"type":"Point","coordinates":[13.767972,50.382583]}},{"type":"Feature","properties":{"CountryName":"Czechia","Type of Animal":"Chicken"},"geometry":{"type":"Point","coordinates":[13.767972,50.382583]}},{"type":"Feature","properties":{"CountryName":"Czechia","Type of Animal":"Chicken"},"geometry":{"type":"Point","coordinates":[13.767972,50.382583]}},{"type":"Feature","properties":{"CountryName":"Czechia","Type of Animal":"Chicken"},"geometry":{"type":"Point","coordinates":[13.767972,50.382583]}},{"type":"Feature","properties":{"CountryName":"Czechia","Type of Animal":"Chicken"},"geometry":{"type":"Point","coordinates":[13.767972,50.382583]}},{"type":"Feature","properties":{"CountryName":"Czechia","Type of Animal":"Chicken"},"geometry":{"type":"Point","coordinates":[13.767972,50.382583]}},{"type":"Feature","properties":{"CountryName":"Czechia","Type of Animal":"Pork"},"geometry":{"type":"Point","coordinates":[13.39076,50.180687]}},{"type":"Feature","properties":{"CountryName":"Czechia","Type of Animal":"Pork"},"geometry":{"type":"Point","coordinates":[13.39076,50.180687]}},{"type":"Feature","properties":{"CountryName":"Czechia","Type of Animal":"Pork"},"geometry":{"type":"Point","coordinates":[13.39076,50.180687]}},{"type":"Feature","properties":{"CountryName":"Czechia","Type of Animal":"Pork"},"geometry":{"type":"Point","coordinates":[13.39076,50.180687]}},{"type":"Feature","properties":{"CountryName":"Czechia","Type of Animal":"Pork"},"geometry":{"type":"Point","coordinates":[13.39076,50.180687]}},{"type":"Feature","properties":{"CountryName":"Czechia","Type of Animal":"Pork"},"geometry":{"type":"Point","coordinates":[13.39076,50.180687]}},{"type":"Feature","properties":{"CountryName":"Czechia","Type of Animal":"Chicken"},"geometry":{"type":"Point","coordinates":[13.722496,50.455842]}},{"type":"Feature","properties":{"CountryName":"Czechia","Type of Animal":"Chicken"},"geometry":{"type":"Point","coordinates":[13.722496,50.455842]}},{"type":"Feature","properties":{"CountryName":"Czechia","Type of Animal":"Chicken"},"geometry":{"type":"Point","coordinates":[13.722496,50.455842]}},{"type":"Feature","properties":{"CountryName":"Czechia","Type of Animal":"Chicken"},"geometry":{"type":"Point","coordinates":[13.722496,50.455842]}},{"type":"Feature","properties":{"CountryName":"Czechia","Type of Animal":"Chicken"},"geometry":{"type":"Point","coordinates":[13.722496,50.455842]}},{"type":"Feature","properties":{"CountryName":"Czechia","Type of Animal":"Chicken"},"geometry":{"type":"Point","coordinates":[13.722496,50.455842]}},{"type":"Feature","properties":{"CountryName":"Czechia","Type of Animal":"Chicken"},"geometry":{"type":"Point","coordinates":[13.636503,50.457989]}},{"type":"Feature","properties":{"CountryName":"Czechia","Type of Animal":"Chicken"},"geometry":{"type":"Point","coordinates":[13.636503,50.457989]}},{"type":"Feature","properties":{"CountryName":"Czechia","Type of Animal":"Chicken"},"geometry":{"type":"Point","coordinates":[13.636503,50.457989]}},{"type":"Feature","properties":{"CountryName":"Czechia","Type of Animal":"Chicken"},"geometry":{"type":"Point","coordinates":[13.636503,50.457989]}},{"type":"Feature","properties":{"CountryName":"Czechia","Type of Animal":"Chicken"},"geometry":{"type":"Point","coordinates":[13.636503,50.457989]}},{"type":"Feature","properties":{"CountryName":"Czechia","Type of Animal":"Chicken"},"geometry":{"type":"Point","coordinates":[13.636503,50.457989]}},{"type":"Feature","properties":{"CountryName":"Czechia","Type of Animal":"Pork"},"geometry":{"type":"Point","coordinates":[13.623574,50.452826]}},{"type":"Feature","properties":{"CountryName":"Czechia","Type of Animal":"Pork"},"geometry":{"type":"Point","coordinates":[13.623574,50.452826]}},{"type":"Feature","properties":{"CountryName":"Czechia","Type of Animal":"Pork"},"geometry":{"type":"Point","coordinates":[13.623574,50.452826]}},{"type":"Feature","properties":{"CountryName":"Czechia","Type of Animal":"Pork"},"geometry":{"type":"Point","coordinates":[13.623574,50.452826]}},{"type":"Feature","properties":{"CountryName":"Czechia","Type of Animal":"Pork"},"geometry":{"type":"Point","coordinates":[13.623574,50.452826]}},{"type":"Feature","properties":{"CountryName":"Czechia","Type of Animal":"Pork"},"geometry":{"type":"Point","coordinates":[13.623574,50.452826]}},{"type":"Feature","properties":{"CountryName":"Czechia","Type of Animal":"Pork"},"geometry":{"type":"Point","coordinates":[13.720528,50.639667]}},{"type":"Feature","properties":{"CountryName":"Czechia","Type of Animal":"Pork"},"geometry":{"type":"Point","coordinates":[13.720528,50.639667]}},{"type":"Feature","properties":{"CountryName":"Czechia","Type of Animal":"Pork"},"geometry":{"type":"Point","coordinates":[13.720528,50.639667]}},{"type":"Feature","properties":{"CountryName":"Czechia","Type of Animal":"Pork"},"geometry":{"type":"Point","coordinates":[13.720528,50.639667]}},{"type":"Feature","properties":{"CountryName":"Czechia","Type of Animal":"Pork"},"geometry":{"type":"Point","coordinates":[13.720528,50.639667]}},{"type":"Feature","properties":{"CountryName":"Czechia","Type of Animal":"Pork"},"geometry":{"type":"Point","coordinates":[13.720528,50.639667]}},{"type":"Feature","properties":{"CountryName":"Czechia","Type of Animal":"Pork"},"geometry":{"type":"Point","coordinates":[14.037703,50.725381]}},{"type":"Feature","properties":{"CountryName":"Czechia","Type of Animal":"Pork"},"geometry":{"type":"Point","coordinates":[14.037703,50.725381]}},{"type":"Feature","properties":{"CountryName":"Czechia","Type of Animal":"Pork"},"geometry":{"type":"Point","coordinates":[14.037703,50.725381]}},{"type":"Feature","properties":{"CountryName":"Czechia","Type of Animal":"Pork"},"geometry":{"type":"Point","coordinates":[14.037703,50.725381]}},{"type":"Feature","properties":{"CountryName":"Czechia","Type of Animal":"Pork"},"geometry":{"type":"Point","coordinates":[14.037703,50.725381]}},{"type":"Feature","properties":{"CountryName":"Czechia","Type of Animal":"Pork"},"geometry":{"type":"Point","coordinates":[14.037703,50.725381]}},{"type":"Feature","properties":{"CountryName":"Czechia","Type of Animal":"Pork"},"geometry":{"type":"Point","coordinates":[17.414918,49.269665]}},{"type":"Feature","properties":{"CountryName":"Czechia","Type of Animal":"Pork"},"geometry":{"type":"Point","coordinates":[17.414918,49.269665]}},{"type":"Feature","properties":{"CountryName":"Czechia","Type of Animal":"Pork"},"geometry":{"type":"Point","coordinates":[17.414918,49.269665]}},{"type":"Feature","properties":{"CountryName":"Czechia","Type of Animal":"Pork"},"geometry":{"type":"Point","coordinates":[17.414918,49.269665]}},{"type":"Feature","properties":{"CountryName":"Czechia","Type of Animal":"Pork"},"geometry":{"type":"Point","coordinates":[17.414918,49.269665]}},{"type":"Feature","properties":{"CountryName":"Czechia","Type of Animal":"Pork"},"geometry":{"type":"Point","coordinates":[17.414918,49.269665]}},{"type":"Feature","properties":{"CountryName":"Czechia","Type of Animal":"Chicken"},"geometry":{"type":"Point","coordinates":[17.498322,49.092261]}},{"type":"Feature","properties":{"CountryName":"Czechia","Type of Animal":"Chicken"},"geometry":{"type":"Point","coordinates":[17.498322,49.092261]}},{"type":"Feature","properties":{"CountryName":"Czechia","Type of Animal":"Chicken"},"geometry":{"type":"Point","coordinates":[17.498322,49.092261]}},{"type":"Feature","properties":{"CountryName":"Czechia","Type of Animal":"Chicken"},"geometry":{"type":"Point","coordinates":[17.498322,49.092261]}},{"type":"Feature","properties":{"CountryName":"Czechia","Type of Animal":"Chicken"},"geometry":{"type":"Point","coordinates":[17.498322,49.092261]}},{"type":"Feature","properties":{"CountryName":"Czechia","Type of Animal":"Chicken"},"geometry":{"type":"Point","coordinates":[17.498322,49.092261]}},{"type":"Feature","properties":{"CountryName":"Czechia","Type of Animal":"Pork"},"geometry":{"type":"Point","coordinates":[17.488339,49.007258]}},{"type":"Feature","properties":{"CountryName":"Czechia","Type of Animal":"Pork"},"geometry":{"type":"Point","coordinates":[17.488339,49.007258]}},{"type":"Feature","properties":{"CountryName":"Czechia","Type of Animal":"Pork"},"geometry":{"type":"Point","coordinates":[17.488339,49.007258]}},{"type":"Feature","properties":{"CountryName":"Czechia","Type of Animal":"Pork"},"geometry":{"type":"Point","coordinates":[17.488339,49.007258]}},{"type":"Feature","properties":{"CountryName":"Czechia","Type of Animal":"Pork"},"geometry":{"type":"Point","coordinates":[17.488339,49.007258]}},{"type":"Feature","properties":{"CountryName":"Czechia","Type of Animal":"Pork"},"geometry":{"type":"Point","coordinates":[17.488339,49.007258]}},{"type":"Feature","properties":{"CountryName":"Czechia","Type of Animal":"Chicken"},"geometry":{"type":"Point","coordinates":[17.442979,49.086058]}},{"type":"Feature","properties":{"CountryName":"Czechia","Type of Animal":"Chicken"},"geometry":{"type":"Point","coordinates":[17.442979,49.086058]}},{"type":"Feature","properties":{"CountryName":"Czechia","Type of Animal":"Chicken"},"geometry":{"type":"Point","coordinates":[17.442979,49.086058]}},{"type":"Feature","properties":{"CountryName":"Czechia","Type of Animal":"Chicken"},"geometry":{"type":"Point","coordinates":[17.442979,49.086058]}},{"type":"Feature","properties":{"CountryName":"Czechia","Type of Animal":"Chicken"},"geometry":{"type":"Point","coordinates":[17.442979,49.086058]}},{"type":"Feature","properties":{"CountryName":"Czechia","Type of Animal":"Chicken"},"geometry":{"type":"Point","coordinates":[17.442979,49.086058]}},{"type":"Feature","properties":{"CountryName":"Czechia","Type of Animal":"Chicken"},"geometry":{"type":"Point","coordinates":[17.777513,49.225512]}},{"type":"Feature","properties":{"CountryName":"Czechia","Type of Animal":"Chicken"},"geometry":{"type":"Point","coordinates":[17.777513,49.225512]}},{"type":"Feature","properties":{"CountryName":"Czechia","Type of Animal":"Chicken"},"geometry":{"type":"Point","coordinates":[17.777513,49.225512]}},{"type":"Feature","properties":{"CountryName":"Czechia","Type of Animal":"Chicken"},"geometry":{"type":"Point","coordinates":[17.777513,49.225512]}},{"type":"Feature","properties":{"CountryName":"Czechia","Type of Animal":"Chicken"},"geometry":{"type":"Point","coordinates":[17.777513,49.225512]}},{"type":"Feature","properties":{"CountryName":"Czechia","Type of Animal":"Chicken"},"geometry":{"type":"Point","coordinates":[17.777513,49.225512]}},{"type":"Feature","properties":{"CountryName":"Czechia","Type of Animal":"Pork"},"geometry":{"type":"Point","coordinates":[17.4777,49.1593]}},{"type":"Feature","properties":{"CountryName":"Czechia","Type of Animal":"Pork"},"geometry":{"type":"Point","coordinates":[17.4777,49.1593]}},{"type":"Feature","properties":{"CountryName":"Czechia","Type of Animal":"Pork"},"geometry":{"type":"Point","coordinates":[17.4777,49.1593]}},{"type":"Feature","properties":{"CountryName":"Czechia","Type of Animal":"Pork"},"geometry":{"type":"Point","coordinates":[17.4777,49.1593]}},{"type":"Feature","properties":{"CountryName":"Czechia","Type of Animal":"Pork"},"geometry":{"type":"Point","coordinates":[17.4777,49.1593]}},{"type":"Feature","properties":{"CountryName":"Czechia","Type of Animal":"Pork"},"geometry":{"type":"Point","coordinates":[17.4777,49.1593]}},{"type":"Feature","properties":{"CountryName":"Czechia","Type of Animal":"Chicken"},"geometry":{"type":"Point","coordinates":[12.811666,49.685555]}},{"type":"Feature","properties":{"CountryName":"Czechia","Type of Animal":"Chicken"},"geometry":{"type":"Point","coordinates":[12.811666,49.685555]}},{"type":"Feature","properties":{"CountryName":"Czechia","Type of Animal":"Chicken"},"geometry":{"type":"Point","coordinates":[12.811666,49.685555]}},{"type":"Feature","properties":{"CountryName":"Czechia","Type of Animal":"Chicken"},"geometry":{"type":"Point","coordinates":[12.811666,49.685555]}},{"type":"Feature","properties":{"CountryName":"Czechia","Type of Animal":"Chicken"},"geometry":{"type":"Point","coordinates":[12.811666,49.685555]}},{"type":"Feature","properties":{"CountryName":"Czechia","Type of Animal":"Chicken"},"geometry":{"type":"Point","coordinates":[12.811666,49.685555]}},{"type":"Feature","properties":{"CountryName":"Czechia","Type of Animal":"Chicken"},"geometry":{"type":"Point","coordinates":[13.14003,49.365375]}},{"type":"Feature","properties":{"CountryName":"Czechia","Type of Animal":"Chicken"},"geometry":{"type":"Point","coordinates":[13.14003,49.365375]}},{"type":"Feature","properties":{"CountryName":"Czechia","Type of Animal":"Chicken"},"geometry":{"type":"Point","coordinates":[13.14003,49.365375]}},{"type":"Feature","properties":{"CountryName":"Czechia","Type of Animal":"Chicken"},"geometry":{"type":"Point","coordinates":[13.14003,49.365375]}},{"type":"Feature","properties":{"CountryName":"Czechia","Type of Animal":"Chicken"},"geometry":{"type":"Point","coordinates":[13.14003,49.365375]}},{"type":"Feature","properties":{"CountryName":"Czechia","Type of Animal":"Chicken"},"geometry":{"type":"Point","coordinates":[13.14003,49.365375]}},{"type":"Feature","properties":{"CountryName":"Czechia","Type of Animal":"Chicken"},"geometry":{"type":"Point","coordinates":[13.367067,49.528388]}},{"type":"Feature","properties":{"CountryName":"Czechia","Type of Animal":"Chicken"},"geometry":{"type":"Point","coordinates":[13.367067,49.528388]}},{"type":"Feature","properties":{"CountryName":"Czechia","Type of Animal":"Chicken"},"geometry":{"type":"Point","coordinates":[13.367067,49.528388]}},{"type":"Feature","properties":{"CountryName":"Czechia","Type of Animal":"Chicken"},"geometry":{"type":"Point","coordinates":[13.339433,49.446495]}},{"type":"Feature","properties":{"CountryName":"Czechia","Type of Animal":"Chicken"},"geometry":{"type":"Point","coordinates":[13.339433,49.446495]}},{"type":"Feature","properties":{"CountryName":"Czechia","Type of Animal":"Chicken"},"geometry":{"type":"Point","coordinates":[13.3241894,49.4101169]}},{"type":"Feature","properties":{"CountryName":"Czechia","Type of Animal":"Chicken"},"geometry":{"type":"Point","coordinates":[13.568705,49.394537]}},{"type":"Feature","properties":{"CountryName":"Czechia","Type of Animal":"Chicken"},"geometry":{"type":"Point","coordinates":[13.568705,49.394537]}},{"type":"Feature","properties":{"CountryName":"Czechia","Type of Animal":"Chicken"},"geometry":{"type":"Point","coordinates":[13.568705,49.394537]}},{"type":"Feature","properties":{"CountryName":"Czechia","Type of Animal":"Chicken"},"geometry":{"type":"Point","coordinates":[13.568705,49.394537]}},{"type":"Feature","properties":{"CountryName":"Czechia","Type of Animal":"Chicken"},"geometry":{"type":"Point","coordinates":[13.568705,49.394537]}},{"type":"Feature","properties":{"CountryName":"Czechia","Type of Animal":"Chicken"},"geometry":{"type":"Point","coordinates":[13.568705,49.394537]}},{"type":"Feature","properties":{"CountryName":"Czechia","Type of Animal":"Pork"},"geometry":{"type":"Point","coordinates":[13.257828,49.836923]}},{"type":"Feature","properties":{"CountryName":"Czechia","Type of Animal":"Pork"},"geometry":{"type":"Point","coordinates":[13.257828,49.836923]}},{"type":"Feature","properties":{"CountryName":"Czechia","Type of Animal":"Pork"},"geometry":{"type":"Point","coordinates":[13.257828,49.836923]}},{"type":"Feature","properties":{"CountryName":"Czechia","Type of Animal":"Pork"},"geometry":{"type":"Point","coordinates":[13.257828,49.836923]}},{"type":"Feature","properties":{"CountryName":"Czechia","Type of Animal":"Pork"},"geometry":{"type":"Point","coordinates":[13.257828,49.836923]}},{"type":"Feature","properties":{"CountryName":"Czechia","Type of Animal":"Pork"},"geometry":{"type":"Point","coordinates":[13.257828,49.836923]}},{"type":"Feature","properties":{"CountryName":"Czechia","Type of Animal":"Chicken"},"geometry":{"type":"Point","coordinates":[13.43525,49.302914]}},{"type":"Feature","properties":{"CountryName":"Czechia","Type of Animal":"Chicken"},"geometry":{"type":"Point","coordinates":[13.43525,49.302914]}},{"type":"Feature","properties":{"CountryName":"Czechia","Type of Animal":"Chicken"},"geometry":{"type":"Point","coordinates":[13.43525,49.302914]}},{"type":"Feature","properties":{"CountryName":"Czechia","Type of Animal":"Chicken"},"geometry":{"type":"Point","coordinates":[13.43525,49.302914]}},{"type":"Feature","properties":{"CountryName":"Czechia","Type of Animal":"Chicken"},"geometry":{"type":"Point","coordinates":[13.43525,49.302914]}},{"type":"Feature","properties":{"CountryName":"Czechia","Type of Animal":"Chicken"},"geometry":{"type":"Point","coordinates":[13.43525,49.302914]}},{"type":"Feature","properties":{"CountryName":"Czechia","Type of Animal":"Chicken"},"geometry":{"type":"Point","coordinates":[13.436893,49.302286]}},{"type":"Feature","properties":{"CountryName":"Czechia","Type of Animal":"Chicken"},"geometry":{"type":"Point","coordinates":[13.436893,49.302286]}},{"type":"Feature","properties":{"CountryName":"Czechia","Type of Animal":"Chicken"},"geometry":{"type":"Point","coordinates":[13.436893,49.302286]}},{"type":"Feature","properties":{"CountryName":"Czechia","Type of Animal":"Chicken"},"geometry":{"type":"Point","coordinates":[13.436893,49.302286]}},{"type":"Feature","properties":{"CountryName":"Czechia","Type of Animal":"Chicken"},"geometry":{"type":"Point","coordinates":[13.436893,49.302286]}},{"type":"Feature","properties":{"CountryName":"Czechia","Type of Animal":"Chicken"},"geometry":{"type":"Point","coordinates":[13.436893,49.302286]}},{"type":"Feature","properties":{"CountryName":"Czechia","Type of Animal":"Chicken"},"geometry":{"type":"Point","coordinates":[13.280213,49.721934]}},{"type":"Feature","properties":{"CountryName":"Czechia","Type of Animal":"Chicken"},"geometry":{"type":"Point","coordinates":[13.280213,49.721934]}},{"type":"Feature","properties":{"CountryName":"Czechia","Type of Animal":"Chicken"},"geometry":{"type":"Point","coordinates":[13.280213,49.721934]}},{"type":"Feature","properties":{"CountryName":"Czechia","Type of Animal":"Chicken"},"geometry":{"type":"Point","coordinates":[13.280213,49.721934]}},{"type":"Feature","properties":{"CountryName":"Czechia","Type of Animal":"Chicken"},"geometry":{"type":"Point","coordinates":[13.280213,49.721934]}},{"type":"Feature","properties":{"CountryName":"Czechia","Type of Animal":"Chicken"},"geometry":{"type":"Point","coordinates":[13.280213,49.721934]}},{"type":"Feature","properties":{"CountryName":"Czechia","Type of Animal":"Pork"},"geometry":{"type":"Point","coordinates":[12.807806,49.526975]}},{"type":"Feature","properties":{"CountryName":"Czechia","Type of Animal":"Pork"},"geometry":{"type":"Point","coordinates":[12.807806,49.526975]}},{"type":"Feature","properties":{"CountryName":"Czechia","Type of Animal":"Pork"},"geometry":{"type":"Point","coordinates":[12.807806,49.526975]}},{"type":"Feature","properties":{"CountryName":"Czechia","Type of Animal":"Pork"},"geometry":{"type":"Point","coordinates":[12.807806,49.526975]}},{"type":"Feature","properties":{"CountryName":"Czechia","Type of Animal":"Pork"},"geometry":{"type":"Point","coordinates":[12.807806,49.526975]}},{"type":"Feature","properties":{"CountryName":"Czechia","Type of Animal":"Pork"},"geometry":{"type":"Point","coordinates":[12.807806,49.526975]}},{"type":"Feature","properties":{"CountryName":"Czechia","Type of Animal":"Chicken"},"geometry":{"type":"Point","coordinates":[13.366011,49.526928]}},{"type":"Feature","properties":{"CountryName":"Czechia","Type of Animal":"Chicken"},"geometry":{"type":"Point","coordinates":[13.366011,49.526928]}},{"type":"Feature","properties":{"CountryName":"Czechia","Type of Animal":"Chicken"},"geometry":{"type":"Point","coordinates":[13.366011,49.526928]}},{"type":"Feature","properties":{"CountryName":"Czechia","Type of Animal":"Chicken"},"geometry":{"type":"Point","coordinates":[13.366011,49.526928]}},{"type":"Feature","properties":{"CountryName":"Czechia","Type of Animal":"Chicken"},"geometry":{"type":"Point","coordinates":[13.366011,49.526928]}},{"type":"Feature","properties":{"CountryName":"Czechia","Type of Animal":"Chicken"},"geometry":{"type":"Point","coordinates":[13.366011,49.526928]}},{"type":"Feature","properties":{"CountryName":"Czechia","Type of Animal":"Chicken"},"geometry":{"type":"Point","coordinates":[13.958807,50.12751]}},{"type":"Feature","properties":{"CountryName":"Czechia","Type of Animal":"Chicken"},"geometry":{"type":"Point","coordinates":[13.958807,50.12751]}},{"type":"Feature","properties":{"CountryName":"Czechia","Type of Animal":"Chicken"},"geometry":{"type":"Point","coordinates":[13.958807,50.12751]}},{"type":"Feature","properties":{"CountryName":"Czechia","Type of Animal":"Chicken"},"geometry":{"type":"Point","coordinates":[13.958807,50.12751]}},{"type":"Feature","properties":{"CountryName":"Czechia","Type of Animal":"Chicken"},"geometry":{"type":"Point","coordinates":[13.958807,50.12751]}},{"type":"Feature","properties":{"CountryName":"Czechia","Type of Animal":"Chicken"},"geometry":{"type":"Point","coordinates":[13.958807,50.12751]}},{"type":"Feature","properties":{"CountryName":"Czechia","Type of Animal":"Pork"},"geometry":{"type":"Point","coordinates":[14.023146,50.170669]}},{"type":"Feature","properties":{"CountryName":"Czechia","Type of Animal":"Pork"},"geometry":{"type":"Point","coordinates":[14.023146,50.170669]}},{"type":"Feature","properties":{"CountryName":"Czechia","Type of Animal":"Pork"},"geometry":{"type":"Point","coordinates":[14.023146,50.170669]}},{"type":"Feature","properties":{"CountryName":"Czechia","Type of Animal":"Pork"},"geometry":{"type":"Point","coordinates":[14.023146,50.170669]}},{"type":"Feature","properties":{"CountryName":"Czechia","Type of Animal":"Pork"},"geometry":{"type":"Point","coordinates":[14.023146,50.170669]}},{"type":"Feature","properties":{"CountryName":"Czechia","Type of Animal":"Pork"},"geometry":{"type":"Point","coordinates":[14.023146,50.170669]}},{"type":"Feature","properties":{"CountryName":"Czechia","Type of Animal":"Chicken"},"geometry":{"type":"Point","coordinates":[14.243646,49.661568]}},{"type":"Feature","properties":{"CountryName":"Czechia","Type of Animal":"Chicken"},"geometry":{"type":"Point","coordinates":[14.243646,49.661568]}},{"type":"Feature","properties":{"CountryName":"Czechia","Type of Animal":"Chicken"},"geometry":{"type":"Point","coordinates":[14.243646,49.661568]}},{"type":"Feature","properties":{"CountryName":"Czechia","Type of Animal":"Chicken"},"geometry":{"type":"Point","coordinates":[14.243646,49.661568]}},{"type":"Feature","properties":{"CountryName":"Czechia","Type of Animal":"Chicken"},"geometry":{"type":"Point","coordinates":[14.243646,49.661568]}},{"type":"Feature","properties":{"CountryName":"Czechia","Type of Animal":"Chicken"},"geometry":{"type":"Point","coordinates":[14.243646,49.661568]}},{"type":"Feature","properties":{"CountryName":"Czechia","Type of Animal":"Chicken"},"geometry":{"type":"Point","coordinates":[15.049389,49.699389]}},{"type":"Feature","properties":{"CountryName":"Czechia","Type of Animal":"Chicken"},"geometry":{"type":"Point","coordinates":[15.049389,49.699389]}},{"type":"Feature","properties":{"CountryName":"Czechia","Type of Animal":"Chicken"},"geometry":{"type":"Point","coordinates":[15.049389,49.699389]}},{"type":"Feature","properties":{"CountryName":"Czechia","Type of Animal":"Chicken"},"geometry":{"type":"Point","coordinates":[15.049389,49.699389]}},{"type":"Feature","properties":{"CountryName":"Czechia","Type of Animal":"Chicken"},"geometry":{"type":"Point","coordinates":[15.049389,49.699389]}},{"type":"Feature","properties":{"CountryName":"Czechia","Type of Animal":"Chicken"},"geometry":{"type":"Point","coordinates":[15.049389,49.699389]}},{"type":"Feature","properties":{"CountryName":"Czechia","Type of Animal":"Chicken"},"geometry":{"type":"Point","coordinates":[15.157808,49.864115]}},{"type":"Feature","properties":{"CountryName":"Czechia","Type of Animal":"Chicken"},"geometry":{"type":"Point","coordinates":[15.157808,49.864115]}},{"type":"Feature","properties":{"CountryName":"Czechia","Type of Animal":"Chicken"},"geometry":{"type":"Point","coordinates":[15.157808,49.864115]}},{"type":"Feature","properties":{"CountryName":"Czechia","Type of Animal":"Chicken"},"geometry":{"type":"Point","coordinates":[15.157808,49.864115]}},{"type":"Feature","properties":{"CountryName":"Czechia","Type of Animal":"Chicken"},"geometry":{"type":"Point","coordinates":[15.157808,49.864115]}},{"type":"Feature","properties":{"CountryName":"Czechia","Type of Animal":"Chicken"},"geometry":{"type":"Point","coordinates":[15.157808,49.864115]}},{"type":"Feature","properties":{"CountryName":"Czechia","Type of Animal":"Chicken"},"geometry":{"type":"Point","coordinates":[15.457561,49.901599]}},{"type":"Feature","properties":{"CountryName":"Czechia","Type of Animal":"Chicken"},"geometry":{"type":"Point","coordinates":[15.457561,49.901599]}},{"type":"Feature","properties":{"CountryName":"Czechia","Type of Animal":"Chicken"},"geometry":{"type":"Point","coordinates":[15.457561,49.901599]}},{"type":"Feature","properties":{"CountryName":"Czechia","Type of Animal":"Chicken"},"geometry":{"type":"Point","coordinates":[15.457561,49.901599]}},{"type":"Feature","properties":{"CountryName":"Czechia","Type of Animal":"Chicken"},"geometry":{"type":"Point","coordinates":[15.457561,49.901599]}},{"type":"Feature","properties":{"CountryName":"Czechia","Type of Animal":"Chicken"},"geometry":{"type":"Point","coordinates":[15.457561,49.901599]}},{"type":"Feature","properties":{"CountryName":"Czechia","Type of Animal":"Chicken"},"geometry":{"type":"Point","coordinates":[15.080412,49.634917]}},{"type":"Feature","properties":{"CountryName":"Czechia","Type of Animal":"Chicken"},"geometry":{"type":"Point","coordinates":[15.080412,49.634917]}},{"type":"Feature","properties":{"CountryName":"Czechia","Type of Animal":"Chicken"},"geometry":{"type":"Point","coordinates":[15.026694,49.893306]}},{"type":"Feature","properties":{"CountryName":"Czechia","Type of Animal":"Chicken"},"geometry":{"type":"Point","coordinates":[15.026694,49.893306]}},{"type":"Feature","properties":{"CountryName":"Czechia","Type of Animal":"Chicken"},"geometry":{"type":"Point","coordinates":[15.026694,49.893306]}},{"type":"Feature","properties":{"CountryName":"Czechia","Type of Animal":"Chicken"},"geometry":{"type":"Point","coordinates":[15.026694,49.893306]}},{"type":"Feature","properties":{"CountryName":"Czechia","Type of Animal":"Chicken"},"geometry":{"type":"Point","coordinates":[15.026694,49.893306]}},{"type":"Feature","properties":{"CountryName":"Czechia","Type of Animal":"Chicken"},"geometry":{"type":"Point","coordinates":[15.026694,49.893306]}},{"type":"Feature","properties":{"CountryName":"Czechia","Type of Animal":"Chicken"},"geometry":{"type":"Point","coordinates":[14.680165,49.841811]}},{"type":"Feature","properties":{"CountryName":"Czechia","Type of Animal":"Chicken"},"geometry":{"type":"Point","coordinates":[14.680165,49.841811]}},{"type":"Feature","properties":{"CountryName":"Czechia","Type of Animal":"Chicken"},"geometry":{"type":"Point","coordinates":[13.64243,50.14823]}},{"type":"Feature","properties":{"CountryName":"Czechia","Type of Animal":"Chicken"},"geometry":{"type":"Point","coordinates":[13.64243,50.14823]}},{"type":"Feature","properties":{"CountryName":"Czechia","Type of Animal":"Chicken"},"geometry":{"type":"Point","coordinates":[13.64243,50.14823]}},{"type":"Feature","properties":{"CountryName":"Czechia","Type of Animal":"Chicken"},"geometry":{"type":"Point","coordinates":[13.64243,50.14823]}},{"type":"Feature","properties":{"CountryName":"Czechia","Type of Animal":"Chicken"},"geometry":{"type":"Point","coordinates":[13.64243,50.14823]}},{"type":"Feature","properties":{"CountryName":"Czechia","Type of Animal":"Chicken"},"geometry":{"type":"Point","coordinates":[13.64243,50.14823]}},{"type":"Feature","properties":{"CountryName":"Czechia","Type of Animal":"Chicken"},"geometry":{"type":"Point","coordinates":[14.999393,50.520402]}},{"type":"Feature","properties":{"CountryName":"Czechia","Type of Animal":"Chicken"},"geometry":{"type":"Point","coordinates":[14.999393,50.520402]}},{"type":"Feature","properties":{"CountryName":"Czechia","Type of Animal":"Chicken"},"geometry":{"type":"Point","coordinates":[14.999393,50.520402]}},{"type":"Feature","properties":{"CountryName":"Czechia","Type of Animal":"Chicken"},"geometry":{"type":"Point","coordinates":[14.999393,50.520402]}},{"type":"Feature","properties":{"CountryName":"Czechia","Type of Animal":"Chicken"},"geometry":{"type":"Point","coordinates":[14.999393,50.520402]}},{"type":"Feature","properties":{"CountryName":"Czechia","Type of Animal":"Chicken"},"geometry":{"type":"Point","coordinates":[14.999393,50.520402]}},{"type":"Feature","properties":{"CountryName":"Czechia","Type of Animal":"Chicken"},"geometry":{"type":"Point","coordinates":[14.898551,49.684636]}},{"type":"Feature","properties":{"CountryName":"Czechia","Type of Animal":"Chicken"},"geometry":{"type":"Point","coordinates":[14.898551,49.684636]}},{"type":"Feature","properties":{"CountryName":"Czechia","Type of Animal":"Chicken"},"geometry":{"type":"Point","coordinates":[14.898551,49.684636]}},{"type":"Feature","properties":{"CountryName":"Czechia","Type of Animal":"Chicken"},"geometry":{"type":"Point","coordinates":[14.898551,49.684636]}},{"type":"Feature","properties":{"CountryName":"Czechia","Type of Animal":"Chicken"},"geometry":{"type":"Point","coordinates":[14.898551,49.684636]}},{"type":"Feature","properties":{"CountryName":"Czechia","Type of Animal":"Chicken"},"geometry":{"type":"Point","coordinates":[14.898551,49.684636]}},{"type":"Feature","properties":{"CountryName":"Czechia","Type of Animal":"Chicken"},"geometry":{"type":"Point","coordinates":[15.306519,50.084088]}},{"type":"Feature","properties":{"CountryName":"Czechia","Type of Animal":"Chicken"},"geometry":{"type":"Point","coordinates":[15.306519,50.084088]}},{"type":"Feature","properties":{"CountryName":"Czechia","Type of Animal":"Chicken"},"geometry":{"type":"Point","coordinates":[15.306519,50.084088]}},{"type":"Feature","properties":{"CountryName":"Czechia","Type of Animal":"Chicken"},"geometry":{"type":"Point","coordinates":[15.306519,50.084088]}},{"type":"Feature","properties":{"CountryName":"Czechia","Type of Animal":"Chicken"},"geometry":{"type":"Point","coordinates":[15.306519,50.084088]}},{"type":"Feature","properties":{"CountryName":"Czechia","Type of Animal":"Chicken"},"geometry":{"type":"Point","coordinates":[15.306519,50.084088]}},{"type":"Feature","properties":{"CountryName":"Czechia","Type of Animal":"Chicken"},"geometry":{"type":"Point","coordinates":[14.143166,49.875778]}},{"type":"Feature","properties":{"CountryName":"Czechia","Type of Animal":"Chicken"},"geometry":{"type":"Point","coordinates":[14.143166,49.875778]}},{"type":"Feature","properties":{"CountryName":"Czechia","Type of Animal":"Chicken"},"geometry":{"type":"Point","coordinates":[14.143166,49.875778]}},{"type":"Feature","properties":{"CountryName":"Czechia","Type of Animal":"Chicken"},"geometry":{"type":"Point","coordinates":[14.143166,49.875778]}},{"type":"Feature","properties":{"CountryName":"Czechia","Type of Animal":"Chicken"},"geometry":{"type":"Point","coordinates":[14.143166,49.875778]}},{"type":"Feature","properties":{"CountryName":"Czechia","Type of Animal":"Chicken"},"geometry":{"type":"Point","coordinates":[14.143166,49.875778]}},{"type":"Feature","properties":{"CountryName":"Czechia","Type of Animal":"Chicken"},"geometry":{"type":"Point","coordinates":[15.006123,49.983202]}},{"type":"Feature","properties":{"CountryName":"Czechia","Type of Animal":"Chicken"},"geometry":{"type":"Point","coordinates":[15.006123,49.983202]}},{"type":"Feature","properties":{"CountryName":"Czechia","Type of Animal":"Chicken"},"geometry":{"type":"Point","coordinates":[15.006123,49.983202]}},{"type":"Feature","properties":{"CountryName":"Czechia","Type of Animal":"Chicken"},"geometry":{"type":"Point","coordinates":[15.006123,49.983202]}},{"type":"Feature","properties":{"CountryName":"Czechia","Type of Animal":"Chicken"},"geometry":{"type":"Point","coordinates":[15.006123,49.983202]}},{"type":"Feature","properties":{"CountryName":"Czechia","Type of Animal":"Chicken"},"geometry":{"type":"Point","coordinates":[15.006123,49.983202]}},{"type":"Feature","properties":{"CountryName":"Czechia","Type of Animal":"Pork"},"geometry":{"type":"Point","coordinates":[14.028971,49.757866]}},{"type":"Feature","properties":{"CountryName":"Czechia","Type of Animal":"Pork"},"geometry":{"type":"Point","coordinates":[14.028971,49.757866]}},{"type":"Feature","properties":{"CountryName":"Czechia","Type of Animal":"Pork"},"geometry":{"type":"Point","coordinates":[14.028971,49.757866]}},{"type":"Feature","properties":{"CountryName":"Czechia","Type of Animal":"Pork"},"geometry":{"type":"Point","coordinates":[14.028971,49.757866]}},{"type":"Feature","properties":{"CountryName":"Czechia","Type of Animal":"Pork"},"geometry":{"type":"Point","coordinates":[14.028971,49.757866]}},{"type":"Feature","properties":{"CountryName":"Czechia","Type of Animal":"Pork"},"geometry":{"type":"Point","coordinates":[14.028971,49.757866]}},{"type":"Feature","properties":{"CountryName":"Czechia","Type of Animal":"Chicken"},"geometry":{"type":"Point","coordinates":[14.543066,50.318763]}},{"type":"Feature","properties":{"CountryName":"Czechia","Type of Animal":"Chicken"},"geometry":{"type":"Point","coordinates":[14.543066,50.318763]}},{"type":"Feature","properties":{"CountryName":"Czechia","Type of Animal":"Chicken"},"geometry":{"type":"Point","coordinates":[14.543066,50.318763]}},{"type":"Feature","properties":{"CountryName":"Czechia","Type of Animal":"Chicken"},"geometry":{"type":"Point","coordinates":[14.543066,50.318763]}},{"type":"Feature","properties":{"CountryName":"Czechia","Type of Animal":"Chicken"},"geometry":{"type":"Point","coordinates":[14.543066,50.318763]}},{"type":"Feature","properties":{"CountryName":"Czechia","Type of Animal":"Chicken"},"geometry":{"type":"Point","coordinates":[14.543066,50.318763]}},{"type":"Feature","properties":{"CountryName":"Czechia","Type of Animal":"Chicken"},"geometry":{"type":"Point","coordinates":[15.512412,49.955358]}},{"type":"Feature","properties":{"CountryName":"Czechia","Type of Animal":"Chicken"},"geometry":{"type":"Point","coordinates":[15.512412,49.955358]}},{"type":"Feature","properties":{"CountryName":"Czechia","Type of Animal":"Chicken"},"geometry":{"type":"Point","coordinates":[15.512412,49.955358]}},{"type":"Feature","properties":{"CountryName":"Czechia","Type of Animal":"Chicken"},"geometry":{"type":"Point","coordinates":[15.512412,49.955358]}},{"type":"Feature","properties":{"CountryName":"Czechia","Type of Animal":"Chicken"},"geometry":{"type":"Point","coordinates":[15.512412,49.955358]}},{"type":"Feature","properties":{"CountryName":"Czechia","Type of Animal":"Chicken"},"geometry":{"type":"Point","coordinates":[15.512412,49.955358]}},{"type":"Feature","properties":{"CountryName":"Czechia","Type of Animal":"Chicken"},"geometry":{"type":"Point","coordinates":[15.294633,50.184094]}},{"type":"Feature","properties":{"CountryName":"Czechia","Type of Animal":"Chicken"},"geometry":{"type":"Point","coordinates":[15.294633,50.184094]}},{"type":"Feature","properties":{"CountryName":"Czechia","Type of Animal":"Chicken"},"geometry":{"type":"Point","coordinates":[15.294633,50.184094]}},{"type":"Feature","properties":{"CountryName":"Czechia","Type of Animal":"Chicken"},"geometry":{"type":"Point","coordinates":[15.294633,50.184094]}},{"type":"Feature","properties":{"CountryName":"Czechia","Type of Animal":"Chicken"},"geometry":{"type":"Point","coordinates":[15.294633,50.184094]}},{"type":"Feature","properties":{"CountryName":"Czechia","Type of Animal":"Chicken"},"geometry":{"type":"Point","coordinates":[15.294633,50.184094]}},{"type":"Feature","properties":{"CountryName":"Czechia","Type of Animal":"Chicken"},"geometry":{"type":"Point","coordinates":[13.55314,50.110698]}},{"type":"Feature","properties":{"CountryName":"Czechia","Type of Animal":"Chicken"},"geometry":{"type":"Point","coordinates":[13.55314,50.110698]}},{"type":"Feature","properties":{"CountryName":"Czechia","Type of Animal":"Chicken"},"geometry":{"type":"Point","coordinates":[13.55314,50.110698]}},{"type":"Feature","properties":{"CountryName":"Czechia","Type of Animal":"Chicken"},"geometry":{"type":"Point","coordinates":[13.55314,50.110698]}},{"type":"Feature","properties":{"CountryName":"Czechia","Type of Animal":"Chicken"},"geometry":{"type":"Point","coordinates":[13.55314,50.110698]}},{"type":"Feature","properties":{"CountryName":"Czechia","Type of Animal":"Chicken"},"geometry":{"type":"Point","coordinates":[13.55314,50.110698]}},{"type":"Feature","properties":{"CountryName":"Czechia","Type of Animal":"Pork"},"geometry":{"type":"Point","coordinates":[14.822067,50.376737]}},{"type":"Feature","properties":{"CountryName":"Czechia","Type of Animal":"Pork"},"geometry":{"type":"Point","coordinates":[14.822067,50.376737]}},{"type":"Feature","properties":{"CountryName":"Czechia","Type of Animal":"Pork"},"geometry":{"type":"Point","coordinates":[14.822067,50.376737]}},{"type":"Feature","properties":{"CountryName":"Czechia","Type of Animal":"Pork"},"geometry":{"type":"Point","coordinates":[14.822067,50.376737]}},{"type":"Feature","properties":{"CountryName":"Czechia","Type of Animal":"Pork"},"geometry":{"type":"Point","coordinates":[14.822067,50.376737]}},{"type":"Feature","properties":{"CountryName":"Czechia","Type of Animal":"Pork"},"geometry":{"type":"Point","coordinates":[14.822067,50.376737]}},{"type":"Feature","properties":{"CountryName":"Czechia","Type of Animal":"Chicken"},"geometry":{"type":"Point","coordinates":[14.593579,50.31676]}},{"type":"Feature","properties":{"CountryName":"Czechia","Type of Animal":"Chicken"},"geometry":{"type":"Point","coordinates":[14.593579,50.31676]}},{"type":"Feature","properties":{"CountryName":"Czechia","Type of Animal":"Chicken"},"geometry":{"type":"Point","coordinates":[14.593579,50.31676]}},{"type":"Feature","properties":{"CountryName":"Czechia","Type of Animal":"Chicken"},"geometry":{"type":"Point","coordinates":[14.593579,50.31676]}},{"type":"Feature","properties":{"CountryName":"Czechia","Type of Animal":"Chicken"},"geometry":{"type":"Point","coordinates":[14.593579,50.31676]}},{"type":"Feature","properties":{"CountryName":"Czechia","Type of Animal":"Chicken"},"geometry":{"type":"Point","coordinates":[14.593579,50.31676]}},{"type":"Feature","properties":{"CountryName":"Czechia","Type of Animal":"Chicken"},"geometry":{"type":"Point","coordinates":[14.153953,49.909775]}},{"type":"Feature","properties":{"CountryName":"Czechia","Type of Animal":"Chicken"},"geometry":{"type":"Point","coordinates":[14.153953,49.909775]}},{"type":"Feature","properties":{"CountryName":"Czechia","Type of Animal":"Chicken"},"geometry":{"type":"Point","coordinates":[14.153953,49.909775]}},{"type":"Feature","properties":{"CountryName":"Czechia","Type of Animal":"Chicken"},"geometry":{"type":"Point","coordinates":[14.153953,49.909775]}},{"type":"Feature","properties":{"CountryName":"Czechia","Type of Animal":"Chicken"},"geometry":{"type":"Point","coordinates":[14.153953,49.909775]}},{"type":"Feature","properties":{"CountryName":"Czechia","Type of Animal":"Chicken"},"geometry":{"type":"Point","coordinates":[14.153953,49.909775]}},{"type":"Feature","properties":{"CountryName":"Czechia","Type of Animal":"Chicken"},"geometry":{"type":"Point","coordinates":[15.180496,49.796917]}},{"type":"Feature","properties":{"CountryName":"Czechia","Type of Animal":"Chicken"},"geometry":{"type":"Point","coordinates":[15.180496,49.796917]}},{"type":"Feature","properties":{"CountryName":"Czechia","Type of Animal":"Chicken"},"geometry":{"type":"Point","coordinates":[15.180496,49.796917]}},{"type":"Feature","properties":{"CountryName":"Czechia","Type of Animal":"Chicken"},"geometry":{"type":"Point","coordinates":[15.180496,49.796917]}},{"type":"Feature","properties":{"CountryName":"Czechia","Type of Animal":"Chicken"},"geometry":{"type":"Point","coordinates":[15.180496,49.796917]}},{"type":"Feature","properties":{"CountryName":"Czechia","Type of Animal":"Chicken"},"geometry":{"type":"Point","coordinates":[15.180496,49.796917]}},{"type":"Feature","properties":{"CountryName":"Czechia","Type of Animal":"Chicken"},"geometry":{"type":"Point","coordinates":[18.011198,49.941089]}},{"type":"Feature","properties":{"CountryName":"Czechia","Type of Animal":"Chicken"},"geometry":{"type":"Point","coordinates":[18.011198,49.941089]}},{"type":"Feature","properties":{"CountryName":"Czechia","Type of Animal":"Chicken"},"geometry":{"type":"Point","coordinates":[18.011198,49.941089]}},{"type":"Feature","properties":{"CountryName":"Czechia","Type of Animal":"Chicken"},"geometry":{"type":"Point","coordinates":[18.011198,49.941089]}},{"type":"Feature","properties":{"CountryName":"Czechia","Type of Animal":"Chicken"},"geometry":{"type":"Point","coordinates":[18.011198,49.941089]}},{"type":"Feature","properties":{"CountryName":"Czechia","Type of Animal":"Chicken"},"geometry":{"type":"Point","coordinates":[18.011198,49.941089]}},{"type":"Feature","properties":{"CountryName":"Czechia","Type of Animal":"Chicken"},"geometry":{"type":"Point","coordinates":[17.929812,49.949993]}},{"type":"Feature","properties":{"CountryName":"Czechia","Type of Animal":"Chicken"},"geometry":{"type":"Point","coordinates":[17.929812,49.949993]}},{"type":"Feature","properties":{"CountryName":"Czechia","Type of Animal":"Chicken"},"geometry":{"type":"Point","coordinates":[17.929812,49.949993]}},{"type":"Feature","properties":{"CountryName":"Czechia","Type of Animal":"Chicken"},"geometry":{"type":"Point","coordinates":[17.929812,49.949993]}},{"type":"Feature","properties":{"CountryName":"Czechia","Type of Animal":"Chicken"},"geometry":{"type":"Point","coordinates":[17.929812,49.949993]}},{"type":"Feature","properties":{"CountryName":"Czechia","Type of Animal":"Chicken"},"geometry":{"type":"Point","coordinates":[17.929812,49.949993]}},{"type":"Feature","properties":{"CountryName":"Czechia","Type of Animal":"Chicken"},"geometry":{"type":"Point","coordinates":[17.568219,50.164836]}},{"type":"Feature","properties":{"CountryName":"Czechia","Type of Animal":"Chicken"},"geometry":{"type":"Point","coordinates":[17.568219,50.164836]}},{"type":"Feature","properties":{"CountryName":"Czechia","Type of Animal":"Chicken"},"geometry":{"type":"Point","coordinates":[17.568219,50.164836]}},{"type":"Feature","properties":{"CountryName":"Czechia","Type of Animal":"Chicken"},"geometry":{"type":"Point","coordinates":[17.568219,50.164836]}},{"type":"Feature","properties":{"CountryName":"Czechia","Type of Animal":"Chicken"},"geometry":{"type":"Point","coordinates":[17.568219,50.164836]}},{"type":"Feature","properties":{"CountryName":"Czechia","Type of Animal":"Chicken"},"geometry":{"type":"Point","coordinates":[17.568219,50.164836]}},{"type":"Feature","properties":{"CountryName":"Czechia","Type of Animal":"Chicken"},"geometry":{"type":"Point","coordinates":[17.952517,49.840969]}},{"type":"Feature","properties":{"CountryName":"Czechia","Type of Animal":"Chicken"},"geometry":{"type":"Point","coordinates":[17.952517,49.840969]}},{"type":"Feature","properties":{"CountryName":"Czechia","Type of Animal":"Chicken"},"geometry":{"type":"Point","coordinates":[17.952517,49.840969]}},{"type":"Feature","properties":{"CountryName":"Czechia","Type of Animal":"Chicken"},"geometry":{"type":"Point","coordinates":[17.952517,49.840969]}},{"type":"Feature","properties":{"CountryName":"Czechia","Type of Animal":"Chicken"},"geometry":{"type":"Point","coordinates":[17.952517,49.840969]}},{"type":"Feature","properties":{"CountryName":"Czechia","Type of Animal":"Chicken"},"geometry":{"type":"Point","coordinates":[17.952517,49.840969]}},{"type":"Feature","properties":{"CountryName":"Czechia","Type of Animal":"Chicken"},"geometry":{"type":"Point","coordinates":[17.760496,49.852348]}},{"type":"Feature","properties":{"CountryName":"Czechia","Type of Animal":"Chicken"},"geometry":{"type":"Point","coordinates":[17.760496,49.852348]}},{"type":"Feature","properties":{"CountryName":"Czechia","Type of Animal":"Chicken"},"geometry":{"type":"Point","coordinates":[17.760496,49.852348]}},{"type":"Feature","properties":{"CountryName":"Czechia","Type of Animal":"Chicken"},"geometry":{"type":"Point","coordinates":[17.760496,49.852348]}},{"type":"Feature","properties":{"CountryName":"Czechia","Type of Animal":"Chicken"},"geometry":{"type":"Point","coordinates":[17.760496,49.852348]}},{"type":"Feature","properties":{"CountryName":"Czechia","Type of Animal":"Chicken"},"geometry":{"type":"Point","coordinates":[17.760496,49.852348]}},{"type":"Feature","properties":{"CountryName":"Czechia","Type of Animal":"Pork"},"geometry":{"type":"Point","coordinates":[18.35315,49.640606]}},{"type":"Feature","properties":{"CountryName":"Czechia","Type of Animal":"Pork"},"geometry":{"type":"Point","coordinates":[18.35315,49.640606]}},{"type":"Feature","properties":{"CountryName":"Czechia","Type of Animal":"Pork"},"geometry":{"type":"Point","coordinates":[18.35315,49.640606]}},{"type":"Feature","properties":{"CountryName":"Czechia","Type of Animal":"Pork"},"geometry":{"type":"Point","coordinates":[18.35315,49.640606]}},{"type":"Feature","properties":{"CountryName":"Czechia","Type of Animal":"Pork"},"geometry":{"type":"Point","coordinates":[18.35315,49.640606]}},{"type":"Feature","properties":{"CountryName":"Czechia","Type of Animal":"Pork"},"geometry":{"type":"Point","coordinates":[18.35315,49.640606]}},{"type":"Feature","properties":{"CountryName":"Czechia","Type of Animal":"Chicken"},"geometry":{"type":"Point","coordinates":[17.524361,49.987556]}},{"type":"Feature","properties":{"CountryName":"Czechia","Type of Animal":"Chicken"},"geometry":{"type":"Point","coordinates":[17.524361,49.987556]}},{"type":"Feature","properties":{"CountryName":"Czechia","Type of Animal":"Chicken"},"geometry":{"type":"Point","coordinates":[17.524361,49.987556]}},{"type":"Feature","properties":{"CountryName":"Czechia","Type of Animal":"Chicken"},"geometry":{"type":"Point","coordinates":[17.524361,49.987556]}},{"type":"Feature","properties":{"CountryName":"Czechia","Type of Animal":"Chicken"},"geometry":{"type":"Point","coordinates":[17.524361,49.987556]}},{"type":"Feature","properties":{"CountryName":"Czechia","Type of Animal":"Chicken"},"geometry":{"type":"Point","coordinates":[17.524361,49.987556]}},{"type":"Feature","properties":{"CountryName":"Czechia","Type of Animal":"Pork"},"geometry":{"type":"Point","coordinates":[18.085027,49.740307]}},{"type":"Feature","properties":{"CountryName":"Czechia","Type of Animal":"Pork"},"geometry":{"type":"Point","coordinates":[18.085027,49.740307]}},{"type":"Feature","properties":{"CountryName":"Czechia","Type of Animal":"Pork"},"geometry":{"type":"Point","coordinates":[18.085027,49.740307]}},{"type":"Feature","properties":{"CountryName":"Czechia","Type of Animal":"Pork"},"geometry":{"type":"Point","coordinates":[18.085027,49.740307]}},{"type":"Feature","properties":{"CountryName":"Czechia","Type of Animal":"Pork"},"geometry":{"type":"Point","coordinates":[18.085027,49.740307]}},{"type":"Feature","properties":{"CountryName":"Czechia","Type of Animal":"Pork"},"geometry":{"type":"Point","coordinates":[18.085027,49.740307]}},{"type":"Feature","properties":{"CountryName":"Czechia","Type of Animal":"Pork"},"geometry":{"type":"Point","coordinates":[18.009217,49.740025]}},{"type":"Feature","properties":{"CountryName":"Czechia","Type of Animal":"Pork"},"geometry":{"type":"Point","coordinates":[18.009217,49.740025]}},{"type":"Feature","properties":{"CountryName":"Czechia","Type of Animal":"Pork"},"geometry":{"type":"Point","coordinates":[18.009217,49.740025]}},{"type":"Feature","properties":{"CountryName":"Czechia","Type of Animal":"Pork"},"geometry":{"type":"Point","coordinates":[18.009217,49.740025]}},{"type":"Feature","properties":{"CountryName":"Czechia","Type of Animal":"Chicken"},"geometry":{"type":"Point","coordinates":[17.908086,49.912453]}},{"type":"Feature","properties":{"CountryName":"Czechia","Type of Animal":"Chicken"},"geometry":{"type":"Point","coordinates":[17.908086,49.912453]}},{"type":"Feature","properties":{"CountryName":"Czechia","Type of Animal":"Chicken"},"geometry":{"type":"Point","coordinates":[17.908086,49.912453]}},{"type":"Feature","properties":{"CountryName":"Czechia","Type of Animal":"Chicken"},"geometry":{"type":"Point","coordinates":[17.908086,49.912453]}},{"type":"Feature","properties":{"CountryName":"Czechia","Type of Animal":"Chicken"},"geometry":{"type":"Point","coordinates":[17.908086,49.912453]}},{"type":"Feature","properties":{"CountryName":"Czechia","Type of Animal":"Chicken"},"geometry":{"type":"Point","coordinates":[17.908086,49.912453]}},{"type":"Feature","properties":{"CountryName":"Czechia","Type of Animal":"Chicken"},"geometry":{"type":"Point","coordinates":[14.026433,50.518045]}},{"type":"Feature","properties":{"CountryName":"Czechia","Type of Animal":"Chicken"},"geometry":{"type":"Point","coordinates":[14.026433,50.518045]}},{"type":"Feature","properties":{"CountryName":"Czechia","Type of Animal":"Chicken"},"geometry":{"type":"Point","coordinates":[14.026433,50.518045]}},{"type":"Feature","properties":{"CountryName":"Czechia","Type of Animal":"Chicken"},"geometry":{"type":"Point","coordinates":[14.026433,50.518045]}},{"type":"Feature","properties":{"CountryName":"Czechia","Type of Animal":"Chicken"},"geometry":{"type":"Point","coordinates":[14.026433,50.518045]}},{"type":"Feature","properties":{"CountryName":"Czechia","Type of Animal":"Chicken"},"geometry":{"type":"Point","coordinates":[14.026433,50.518045]}},{"type":"Feature","properties":{"CountryName":"Czechia","Type of Animal":"Chicken"},"geometry":{"type":"Point","coordinates":[14.32415,50.744792]}},{"type":"Feature","properties":{"CountryName":"Czechia","Type of Animal":"Chicken"},"geometry":{"type":"Point","coordinates":[14.32415,50.744792]}},{"type":"Feature","properties":{"CountryName":"Czechia","Type of Animal":"Chicken"},"geometry":{"type":"Point","coordinates":[14.32415,50.744792]}},{"type":"Feature","properties":{"CountryName":"Czechia","Type of Animal":"Chicken"},"geometry":{"type":"Point","coordinates":[14.32415,50.744792]}},{"type":"Feature","properties":{"CountryName":"Czechia","Type of Animal":"Chicken"},"geometry":{"type":"Point","coordinates":[14.32415,50.744792]}},{"type":"Feature","properties":{"CountryName":"Czechia","Type of Animal":"Chicken"},"geometry":{"type":"Point","coordinates":[14.32415,50.744792]}},{"type":"Feature","properties":{"CountryName":"Czechia","Type of Animal":"Chicken"},"geometry":{"type":"Point","coordinates":[13.339022,50.19845]}},{"type":"Feature","properties":{"CountryName":"Czechia","Type of Animal":"Chicken"},"geometry":{"type":"Point","coordinates":[13.339022,50.19845]}},{"type":"Feature","properties":{"CountryName":"Czechia","Type of Animal":"Chicken"},"geometry":{"type":"Point","coordinates":[13.339022,50.19845]}},{"type":"Feature","properties":{"CountryName":"Czechia","Type of Animal":"Chicken"},"geometry":{"type":"Point","coordinates":[13.339022,50.19845]}},{"type":"Feature","properties":{"CountryName":"Czechia","Type of Animal":"Chicken"},"geometry":{"type":"Point","coordinates":[13.339022,50.19845]}},{"type":"Feature","properties":{"CountryName":"Czechia","Type of Animal":"Chicken"},"geometry":{"type":"Point","coordinates":[13.339022,50.19845]}},{"type":"Feature","properties":{"CountryName":"Czechia","Type of Animal":"Chicken"},"geometry":{"type":"Point","coordinates":[13.455827,50.432022]}},{"type":"Feature","properties":{"CountryName":"Czechia","Type of Animal":"Chicken"},"geometry":{"type":"Point","coordinates":[13.455827,50.432022]}},{"type":"Feature","properties":{"CountryName":"Czechia","Type of Animal":"Chicken"},"geometry":{"type":"Point","coordinates":[13.455827,50.432022]}},{"type":"Feature","properties":{"CountryName":"Czechia","Type of Animal":"Chicken"},"geometry":{"type":"Point","coordinates":[13.455827,50.432022]}},{"type":"Feature","properties":{"CountryName":"Czechia","Type of Animal":"Chicken"},"geometry":{"type":"Point","coordinates":[13.455827,50.432022]}},{"type":"Feature","properties":{"CountryName":"Czechia","Type of Animal":"Chicken"},"geometry":{"type":"Point","coordinates":[13.455827,50.432022]}},{"type":"Feature","properties":{"CountryName":"Czechia","Type of Animal":"Chicken"},"geometry":{"type":"Point","coordinates":[13.582449,50.332744]}},{"type":"Feature","properties":{"CountryName":"Czechia","Type of Animal":"Chicken"},"geometry":{"type":"Point","coordinates":[13.582449,50.332744]}},{"type":"Feature","properties":{"CountryName":"Czechia","Type of Animal":"Chicken"},"geometry":{"type":"Point","coordinates":[13.582449,50.332744]}},{"type":"Feature","properties":{"CountryName":"Czechia","Type of Animal":"Chicken"},"geometry":{"type":"Point","coordinates":[13.582449,50.332744]}},{"type":"Feature","properties":{"CountryName":"Czechia","Type of Animal":"Chicken"},"geometry":{"type":"Point","coordinates":[13.582449,50.332744]}},{"type":"Feature","properties":{"CountryName":"Czechia","Type of Animal":"Chicken"},"geometry":{"type":"Point","coordinates":[13.582449,50.332744]}},{"type":"Feature","properties":{"CountryName":"Czechia","Type of Animal":"Chicken"},"geometry":{"type":"Point","coordinates":[14.288881,50.531964]}},{"type":"Feature","properties":{"CountryName":"Czechia","Type of Animal":"Chicken"},"geometry":{"type":"Point","coordinates":[14.288881,50.531964]}},{"type":"Feature","properties":{"CountryName":"Czechia","Type of Animal":"Chicken"},"geometry":{"type":"Point","coordinates":[14.288881,50.531964]}},{"type":"Feature","properties":{"CountryName":"Czechia","Type of Animal":"Chicken"},"geometry":{"type":"Point","coordinates":[14.288881,50.531964]}},{"type":"Feature","properties":{"CountryName":"Czechia","Type of Animal":"Chicken"},"geometry":{"type":"Point","coordinates":[14.288881,50.531964]}},{"type":"Feature","properties":{"CountryName":"Czechia","Type of Animal":"Chicken"},"geometry":{"type":"Point","coordinates":[14.288881,50.531964]}},{"type":"Feature","properties":{"CountryName":"Czechia","Type of Animal":"Chicken"},"geometry":{"type":"Point","coordinates":[13.986213,50.393468]}},{"type":"Feature","properties":{"CountryName":"Czechia","Type of Animal":"Chicken"},"geometry":{"type":"Point","coordinates":[13.986213,50.393468]}},{"type":"Feature","properties":{"CountryName":"Czechia","Type of Animal":"Chicken"},"geometry":{"type":"Point","coordinates":[13.986213,50.393468]}},{"type":"Feature","properties":{"CountryName":"Czechia","Type of Animal":"Chicken"},"geometry":{"type":"Point","coordinates":[13.986213,50.393468]}},{"type":"Feature","properties":{"CountryName":"Czechia","Type of Animal":"Chicken"},"geometry":{"type":"Point","coordinates":[13.986213,50.393468]}},{"type":"Feature","properties":{"CountryName":"Czechia","Type of Animal":"Chicken"},"geometry":{"type":"Point","coordinates":[13.986213,50.393468]}},{"type":"Feature","properties":{"CountryName":"Czechia","Type of Animal":"Chicken"},"geometry":{"type":"Point","coordinates":[13.454519,50.508347]}},{"type":"Feature","properties":{"CountryName":"Czechia","Type of Animal":"Chicken"},"geometry":{"type":"Point","coordinates":[13.454519,50.508347]}},{"type":"Feature","properties":{"CountryName":"Czechia","Type of Animal":"Chicken"},"geometry":{"type":"Point","coordinates":[13.454519,50.508347]}},{"type":"Feature","properties":{"CountryName":"Czechia","Type of Animal":"Chicken"},"geometry":{"type":"Point","coordinates":[13.454519,50.508347]}},{"type":"Feature","properties":{"CountryName":"Czechia","Type of Animal":"Chicken"},"geometry":{"type":"Point","coordinates":[13.454519,50.508347]}},{"type":"Feature","properties":{"CountryName":"Czechia","Type of Animal":"Chicken"},"geometry":{"type":"Point","coordinates":[13.454519,50.508347]}},{"type":"Feature","properties":{"CountryName":"Czechia","Type of Animal":"Pork"},"geometry":{"type":"Point","coordinates":[13.697289,50.381067]}},{"type":"Feature","properties":{"CountryName":"Czechia","Type of Animal":"Pork"},"geometry":{"type":"Point","coordinates":[13.697289,50.381067]}},{"type":"Feature","properties":{"CountryName":"Czechia","Type of Animal":"Pork"},"geometry":{"type":"Point","coordinates":[13.697289,50.381067]}},{"type":"Feature","properties":{"CountryName":"Czechia","Type of Animal":"Pork"},"geometry":{"type":"Point","coordinates":[13.697289,50.381067]}},{"type":"Feature","properties":{"CountryName":"Czechia","Type of Animal":"Pork"},"geometry":{"type":"Point","coordinates":[13.697289,50.381067]}},{"type":"Feature","properties":{"CountryName":"Czechia","Type of Animal":"Pork"},"geometry":{"type":"Point","coordinates":[13.697289,50.381067]}},{"type":"Feature","properties":{"CountryName":"Czechia","Type of Animal":"Chicken"},"geometry":{"type":"Point","coordinates":[13.438639,50.42775]}},{"type":"Feature","properties":{"CountryName":"Czechia","Type of Animal":"Chicken"},"geometry":{"type":"Point","coordinates":[13.438639,50.42775]}},{"type":"Feature","properties":{"CountryName":"Czechia","Type of Animal":"Chicken"},"geometry":{"type":"Point","coordinates":[13.438639,50.42775]}},{"type":"Feature","properties":{"CountryName":"Czechia","Type of Animal":"Chicken"},"geometry":{"type":"Point","coordinates":[13.438639,50.42775]}},{"type":"Feature","properties":{"CountryName":"Czechia","Type of Animal":"Chicken"},"geometry":{"type":"Point","coordinates":[13.438639,50.42775]}},{"type":"Feature","properties":{"CountryName":"Czechia","Type of Animal":"Chicken"},"geometry":{"type":"Point","coordinates":[13.438639,50.42775]}},{"type":"Feature","properties":{"CountryName":"Czechia","Type of Animal":"Chicken"},"geometry":{"type":"Point","coordinates":[13.849372,50.353446]}},{"type":"Feature","properties":{"CountryName":"Czechia","Type of Animal":"Chicken"},"geometry":{"type":"Point","coordinates":[13.849372,50.353446]}},{"type":"Feature","properties":{"CountryName":"Czechia","Type of Animal":"Chicken"},"geometry":{"type":"Point","coordinates":[13.849372,50.353446]}},{"type":"Feature","properties":{"CountryName":"Czechia","Type of Animal":"Chicken"},"geometry":{"type":"Point","coordinates":[13.849372,50.353446]}},{"type":"Feature","properties":{"CountryName":"Czechia","Type of Animal":"Chicken"},"geometry":{"type":"Point","coordinates":[13.849372,50.353446]}},{"type":"Feature","properties":{"CountryName":"Czechia","Type of Animal":"Chicken"},"geometry":{"type":"Point","coordinates":[13.849372,50.353446]}},{"type":"Feature","properties":{"CountryName":"Czechia","Type of Animal":"Chicken"},"geometry":{"type":"Point","coordinates":[13.502948,50.32461]}},{"type":"Feature","properties":{"CountryName":"Czechia","Type of Animal":"Chicken"},"geometry":{"type":"Point","coordinates":[13.502948,50.32461]}},{"type":"Feature","properties":{"CountryName":"Czechia","Type of Animal":"Chicken"},"geometry":{"type":"Point","coordinates":[13.502948,50.32461]}},{"type":"Feature","properties":{"CountryName":"Czechia","Type of Animal":"Chicken"},"geometry":{"type":"Point","coordinates":[13.502948,50.32461]}},{"type":"Feature","properties":{"CountryName":"Czechia","Type of Animal":"Chicken"},"geometry":{"type":"Point","coordinates":[13.502948,50.32461]}},{"type":"Feature","properties":{"CountryName":"Czechia","Type of Animal":"Chicken"},"geometry":{"type":"Point","coordinates":[13.502948,50.32461]}},{"type":"Feature","properties":{"CountryName":"Czechia","Type of Animal":"Chicken"},"geometry":{"type":"Point","coordinates":[13.32205,50.439697]}},{"type":"Feature","properties":{"CountryName":"Czechia","Type of Animal":"Chicken"},"geometry":{"type":"Point","coordinates":[13.32205,50.439697]}},{"type":"Feature","properties":{"CountryName":"Czechia","Type of Animal":"Chicken"},"geometry":{"type":"Point","coordinates":[13.32205,50.439697]}},{"type":"Feature","properties":{"CountryName":"Czechia","Type of Animal":"Chicken"},"geometry":{"type":"Point","coordinates":[13.32205,50.439697]}},{"type":"Feature","properties":{"CountryName":"Czechia","Type of Animal":"Chicken"},"geometry":{"type":"Point","coordinates":[13.32205,50.439697]}},{"type":"Feature","properties":{"CountryName":"Czechia","Type of Animal":"Chicken"},"geometry":{"type":"Point","coordinates":[13.32205,50.439697]}},{"type":"Feature","properties":{"CountryName":"Czechia","Type of Animal":"Pork"},"geometry":{"type":"Point","coordinates":[13.803168,50.527287]}},{"type":"Feature","properties":{"CountryName":"Czechia","Type of Animal":"Pork"},"geometry":{"type":"Point","coordinates":[13.803168,50.527287]}},{"type":"Feature","properties":{"CountryName":"Czechia","Type of Animal":"Pork"},"geometry":{"type":"Point","coordinates":[13.803168,50.527287]}},{"type":"Feature","properties":{"CountryName":"Czechia","Type of Animal":"Pork"},"geometry":{"type":"Point","coordinates":[13.803168,50.527287]}},{"type":"Feature","properties":{"CountryName":"Czechia","Type of Animal":"Pork"},"geometry":{"type":"Point","coordinates":[13.803168,50.527287]}},{"type":"Feature","properties":{"CountryName":"Czechia","Type of Animal":"Pork"},"geometry":{"type":"Point","coordinates":[13.803168,50.527287]}},{"type":"Feature","properties":{"CountryName":"Czechia","Type of Animal":"Chicken"},"geometry":{"type":"Point","coordinates":[17.820833,49.238932]}},{"type":"Feature","properties":{"CountryName":"Czechia","Type of Animal":"Chicken"},"geometry":{"type":"Point","coordinates":[17.820833,49.238932]}},{"type":"Feature","properties":{"CountryName":"Czechia","Type of Animal":"Chicken"},"geometry":{"type":"Point","coordinates":[17.820833,49.238932]}},{"type":"Feature","properties":{"CountryName":"Czechia","Type of Animal":"Chicken"},"geometry":{"type":"Point","coordinates":[17.820833,49.238932]}},{"type":"Feature","properties":{"CountryName":"Czechia","Type of Animal":"Chicken"},"geometry":{"type":"Point","coordinates":[17.820833,49.238932]}},{"type":"Feature","properties":{"CountryName":"Czechia","Type of Animal":"Chicken"},"geometry":{"type":"Point","coordinates":[17.820833,49.238932]}},{"type":"Feature","properties":{"CountryName":"Czechia","Type of Animal":"Chicken"},"geometry":{"type":"Point","coordinates":[17.502164,49.177831]}},{"type":"Feature","properties":{"CountryName":"Czechia","Type of Animal":"Chicken"},"geometry":{"type":"Point","coordinates":[17.502164,49.177831]}},{"type":"Feature","properties":{"CountryName":"Czechia","Type of Animal":"Chicken"},"geometry":{"type":"Point","coordinates":[17.502164,49.177831]}},{"type":"Feature","properties":{"CountryName":"Czechia","Type of Animal":"Chicken"},"geometry":{"type":"Point","coordinates":[17.502164,49.177831]}},{"type":"Feature","properties":{"CountryName":"Czechia","Type of Animal":"Chicken"},"geometry":{"type":"Point","coordinates":[17.502164,49.177831]}},{"type":"Feature","properties":{"CountryName":"Czechia","Type of Animal":"Chicken"},"geometry":{"type":"Point","coordinates":[17.502164,49.177831]}},{"type":"Feature","properties":{"CountryName":"Czechia","Type of Animal":"Chicken"},"geometry":{"type":"Point","coordinates":[17.503828,49.184656]}},{"type":"Feature","properties":{"CountryName":"Czechia","Type of Animal":"Chicken"},"geometry":{"type":"Point","coordinates":[17.503828,49.184656]}},{"type":"Feature","properties":{"CountryName":"Czechia","Type of Animal":"Chicken"},"geometry":{"type":"Point","coordinates":[17.503828,49.184656]}},{"type":"Feature","properties":{"CountryName":"Czechia","Type of Animal":"Chicken"},"geometry":{"type":"Point","coordinates":[17.503828,49.184656]}},{"type":"Feature","properties":{"CountryName":"Czechia","Type of Animal":"Chicken"},"geometry":{"type":"Point","coordinates":[17.503828,49.184656]}},{"type":"Feature","properties":{"CountryName":"Czechia","Type of Animal":"Chicken"},"geometry":{"type":"Point","coordinates":[17.503828,49.184656]}},{"type":"Feature","properties":{"CountryName":"Czechia","Type of Animal":"Pork"},"geometry":{"type":"Point","coordinates":[17.475819,49.148388]}},{"type":"Feature","properties":{"CountryName":"Czechia","Type of Animal":"Pork"},"geometry":{"type":"Point","coordinates":[17.475819,49.148388]}},{"type":"Feature","properties":{"CountryName":"Czechia","Type of Animal":"Pork"},"geometry":{"type":"Point","coordinates":[17.475819,49.148388]}},{"type":"Feature","properties":{"CountryName":"Czechia","Type of Animal":"Pork"},"geometry":{"type":"Point","coordinates":[17.475819,49.148388]}},{"type":"Feature","properties":{"CountryName":"Czechia","Type of Animal":"Pork"},"geometry":{"type":"Point","coordinates":[17.475819,49.148388]}},{"type":"Feature","properties":{"CountryName":"Czechia","Type of Animal":"Pork"},"geometry":{"type":"Point","coordinates":[17.475819,49.148388]}},{"type":"Feature","properties":{"CountryName":"Czechia","Type of Animal":"Chicken"},"geometry":{"type":"Point","coordinates":[17.388521,49.070352]}},{"type":"Feature","properties":{"CountryName":"Czechia","Type of Animal":"Chicken"},"geometry":{"type":"Point","coordinates":[17.388521,49.070352]}},{"type":"Feature","properties":{"CountryName":"Czechia","Type of Animal":"Chicken"},"geometry":{"type":"Point","coordinates":[17.388521,49.070352]}},{"type":"Feature","properties":{"CountryName":"Czechia","Type of Animal":"Chicken"},"geometry":{"type":"Point","coordinates":[17.388521,49.070352]}},{"type":"Feature","properties":{"CountryName":"Czechia","Type of Animal":"Chicken"},"geometry":{"type":"Point","coordinates":[17.388521,49.070352]}},{"type":"Feature","properties":{"CountryName":"Czechia","Type of Animal":"Chicken"},"geometry":{"type":"Point","coordinates":[17.388521,49.070352]}},{"type":"Feature","properties":{"CountryName":"Czechia","Type of Animal":"Chicken"},"geometry":{"type":"Point","coordinates":[17.683503,49.007182]}},{"type":"Feature","properties":{"CountryName":"Czechia","Type of Animal":"Chicken"},"geometry":{"type":"Point","coordinates":[17.683503,49.007182]}},{"type":"Feature","properties":{"CountryName":"Czechia","Type of Animal":"Chicken"},"geometry":{"type":"Point","coordinates":[17.683503,49.007182]}},{"type":"Feature","properties":{"CountryName":"Czechia","Type of Animal":"Chicken"},"geometry":{"type":"Point","coordinates":[17.683503,49.007182]}},{"type":"Feature","properties":{"CountryName":"Czechia","Type of Animal":"Chicken"},"geometry":{"type":"Point","coordinates":[17.683503,49.007182]}},{"type":"Feature","properties":{"CountryName":"Czechia","Type of Animal":"Chicken"},"geometry":{"type":"Point","coordinates":[17.683503,49.007182]}}]}