{"type":"FeatureCollection","features":[{"type":"Feature","properties":{"countryName":"England","Type of Animal":"Pork"},"geometry":{"type":"Point","coordinates":[-0.503405,52.187625]}},{"type":"Feature","properties":{"countryName":"England","Type of Animal":"Pork"},"geometry":{"type":"Point","coordinates":[-2.777728,53.215614]}},{"type":"Feature","properties":{"countryName":"England","Type of Animal":"Pork"},"geometry":{"type":"Point","coordinates":[-4.499943,50.858358]}},{"type":"Feature","properties":{"countryName":"England","Type of Animal":"Pork"},"geometry":{"type":"Point","coordinates":[-4.523639,50.694672]}},{"type":"Feature","properties":{"countryName":"England","Type of Animal":"Pork"},"geometry":{"type":"Point","coordinates":[-1.629979,54.536366]}},{"type":"Feature","properties":{"countryName":"England","Type of Animal":"Pork"},"geometry":{"type":"Point","coordinates":[-1.776996,54.540697]}},{"type":"Feature","properties":{"countryName":"England","Type of Animal":"Pork"},"geometry":{"type":"Point","coordinates":[-1.366308,54.601292]}},{"type":"Feature","properties":{"countryName":"England","Type of Animal":"Pork"},"geometry":{"type":"Point","coordinates":[-2.890222,54.806417]}},{"type":"Feature","properties":{"countryName":"England","Type of Animal":"Pork"},"geometry":{"type":"Point","coordinates":[-1.725361,52.882094]}},{"type":"Feature","properties":{"countryName":"England","Type of Animal":"Pork"},"geometry":{"type":"Point","coordinates":[-3.344964,50.658757]}},{"type":"Feature","properties":{"countryName":"England","Type of Animal":"Pork"},"geometry":{"type":"Point","coordinates":[-3.75675,50.790177]}},{"type":"Feature","properties":{"countryName":"England","Type of Animal":"Pork"},"geometry":{"type":"Point","coordinates":[-4.331333,50.853372]}},{"type":"Feature","properties":{"countryName":"England","Type of Animal":"Pork"},"geometry":{"type":"Point","coordinates":[-3.384108,50.692779]}},{"type":"Feature","properties":{"countryName":"England","Type of Animal":"Pork"},"geometry":{"type":"Point","coordinates":[-3.08976,50.816896]}},{"type":"Feature","properties":{"countryName":"England","Type of Animal":"Pork"},"geometry":{"type":"Point","coordinates":[-4.344734,50.855141]}},{"type":"Feature","properties":{"countryName":"England","Type of Animal":"Pork"},"geometry":{"type":"Point","coordinates":[-2.393732,50.776666]}},{"type":"Feature","properties":{"countryName":"England","Type of Animal":"Pork"},"geometry":{"type":"Point","coordinates":[-2.549901,50.762157]}},{"type":"Feature","properties":{"countryName":"England","Type of Animal":"Pork"},"geometry":{"type":"Point","coordinates":[-2.021909,50.819864]}},{"type":"Feature","properties":{"countryName":"England","Type of Animal":"Pork"},"geometry":{"type":"Point","coordinates":[-2.52377,50.693511]}},{"type":"Feature","properties":{"countryName":"England","Type of Animal":"Pork"},"geometry":{"type":"Point","coordinates":[-2.393732,50.776666]}},{"type":"Feature","properties":{"countryName":"England","Type of Animal":"Pork"},"geometry":{"type":"Point","coordinates":[-2.395704,50.801982]}},{"type":"Feature","properties":{"countryName":"England","Type of Animal":"Pork"},"geometry":{"type":"Point","coordinates":[-0.398177,54.033416]}},{"type":"Feature","properties":{"countryName":"England","Type of Animal":"Pork"},"geometry":{"type":"Point","coordinates":[0.031952,53.669503]}},{"type":"Feature","properties":{"countryName":"England","Type of Animal":"Pork"},"geometry":{"type":"Point","coordinates":[-0.432422,54.04246]}},{"type":"Feature","properties":{"countryName":"England","Type of Animal":"Pork"},"geometry":{"type":"Point","coordinates":[-0.379379,53.932964]}},{"type":"Feature","properties":{"countryName":"England","Type of Animal":"Pork"},"geometry":{"type":"Point","coordinates":[-0.35387,53.99698]}},{"type":"Feature","properties":{"countryName":"England","Type of Animal":"Pork"},"geometry":{"type":"Point","coordinates":[0.051586,53.66028]}},{"type":"Feature","properties":{"countryName":"England","Type of Animal":"Pork"},"geometry":{"type":"Point","coordinates":[-0.192248,54.135217]}},{"type":"Feature","properties":{"countryName":"England","Type of Animal":"Pork"},"geometry":{"type":"Point","coordinates":[-0.305154,53.907195]}},{"type":"Feature","properties":{"countryName":"England","Type of Animal":"Pork"},"geometry":{"type":"Point","coordinates":[-0.635744,54.018539]}},{"type":"Feature","properties":{"countryName":"England","Type of Animal":"Pork"},"geometry":{"type":"Point","coordinates":[-0.459653,53.958641]}},{"type":"Feature","properties":{"countryName":"England","Type of Animal":"Pork"},"geometry":{"type":"Point","coordinates":[-0.283379,53.809379]}},{"type":"Feature","properties":{"countryName":"England","Type of Animal":"Pork"},"geometry":{"type":"Point","coordinates":[-0.010721,53.737438]}},{"type":"Feature","properties":{"countryName":"England","Type of Animal":"Pork"},"geometry":{"type":"Point","coordinates":[-0.466458,53.967573]}},{"type":"Feature","properties":{"countryName":"England","Type of Animal":"Pork"},"geometry":{"type":"Point","coordinates":[-0.361337,54.097421]}},{"type":"Feature","properties":{"countryName":"England","Type of Animal":"Pork"},"geometry":{"type":"Point","coordinates":[-0.411203,54.055483]}},{"type":"Feature","properties":{"countryName":"England","Type of Animal":"Pork"},"geometry":{"type":"Point","coordinates":[-0.455897,54.082878]}},{"type":"Feature","properties":{"countryName":"England","Type of Animal":"Pork"},"geometry":{"type":"Point","coordinates":[-0.253396,53.802106]}},{"type":"Feature","properties":{"countryName":"England","Type of Animal":"Pork"},"geometry":{"type":"Point","coordinates":[-0.666527,54.023548]}},{"type":"Feature","properties":{"countryName":"England","Type of Animal":"Pork"},"geometry":{"type":"Point","coordinates":[-0.880925,53.891102]}},{"type":"Feature","properties":{"countryName":"England","Type of Animal":"Pork"},"geometry":{"type":"Point","coordinates":[-0.105955,53.791628]}},{"type":"Feature","properties":{"countryName":"England","Type of Animal":"Pork"},"geometry":{"type":"Point","coordinates":[-0.492597,53.975778]}},{"type":"Feature","properties":{"countryName":"England","Type of Animal":"Pork"},"geometry":{"type":"Point","coordinates":[0.09114,53.673224]}},{"type":"Feature","properties":{"countryName":"England","Type of Animal":"Pork"},"geometry":{"type":"Point","coordinates":[-0.146122,53.751785]}},{"type":"Feature","properties":{"countryName":"England","Type of Animal":"Pork"},"geometry":{"type":"Point","coordinates":[-0.12221,53.844522]}},{"type":"Feature","properties":{"countryName":"England","Type of Animal":"Pork"},"geometry":{"type":"Point","coordinates":[-0.417189,54.085288]}},{"type":"Feature","properties":{"countryName":"England","Type of Animal":"Pork"},"geometry":{"type":"Point","coordinates":[-0.046105,53.747572]}},{"type":"Feature","properties":{"countryName":"England","Type of Animal":"Pork"},"geometry":{"type":"Point","coordinates":[-0.109727,53.649825]}},{"type":"Feature","properties":{"countryName":"England","Type of Animal":"Pork"},"geometry":{"type":"Point","coordinates":[-0.260074,53.972108]}},{"type":"Feature","properties":{"countryName":"England","Type of Animal":"Pork"},"geometry":{"type":"Point","coordinates":[-0.59636,53.97983]}},{"type":"Feature","properties":{"countryName":"England","Type of Animal":"Pork"},"geometry":{"type":"Point","coordinates":[-1.00239,53.651238]}},{"type":"Feature","properties":{"countryName":"England","Type of Animal":"Pork"},"geometry":{"type":"Point","coordinates":[-0.467688,54.059075]}},{"type":"Feature","properties":{"countryName":"England","Type of Animal":"Pork"},"geometry":{"type":"Point","coordinates":[-0.833611,53.874382]}},{"type":"Feature","properties":{"countryName":"England","Type of Animal":"Pork"},"geometry":{"type":"Point","coordinates":[-0.349557,53.969082]}},{"type":"Feature","properties":{"countryName":"England","Type of Animal":"Pork"},"geometry":{"type":"Point","coordinates":[0.738973,51.738812]}},{"type":"Feature","properties":{"countryName":"England","Type of Animal":"Pork"},"geometry":{"type":"Point","coordinates":[-1.752415,51.730395]}},{"type":"Feature","properties":{"countryName":"England","Type of Animal":"Chicken"},"geometry":{"type":"Point","coordinates":[-2.133527,51.841391]}},{"type":"Feature","properties":{"countryName":"England","Type of Animal":"Pork"},"geometry":{"type":"Point","coordinates":[-1.840795,51.734756]}},{"type":"Feature","properties":{"countryName":"England","Type of Animal":"Pork"},"geometry":{"type":"Point","coordinates":[-1.873383,50.95697]}},{"type":"Feature","properties":{"countryName":"England","Type of Animal":"Pork"},"geometry":{"type":"Point","coordinates":[-1.415133,51.18282]}},{"type":"Feature","properties":{"countryName":"England","Type of Animal":"Pork"},"geometry":{"type":"Point","coordinates":[-2.585846,52.185969]}},{"type":"Feature","properties":{"countryName":"England","Type of Animal":"Pork"},"geometry":{"type":"Point","coordinates":[-3.004849,53.789429]}},{"type":"Feature","properties":{"countryName":"England","Type of Animal":"Pork"},"geometry":{"type":"Point","coordinates":[-2.962058,53.823288]}},{"type":"Feature","properties":{"countryName":"England","Type of Animal":"Pork"},"geometry":{"type":"Point","coordinates":[-1.389542,52.700647]}},{"type":"Feature","properties":{"countryName":"England","Type of Animal":"Pork"},"geometry":{"type":"Point","coordinates":[-1.146106,52.495528]}},{"type":"Feature","properties":{"countryName":"England","Type of Animal":"Pork"},"geometry":{"type":"Point","coordinates":[-1.278517,52.675005]}},{"type":"Feature","properties":{"countryName":"England","Type of Animal":"Pork"},"geometry":{"type":"Point","coordinates":[-1.237499,52.586017]}},{"type":"Feature","properties":{"countryName":"England","Type of Animal":"Pork"},"geometry":{"type":"Point","coordinates":[-0.822639,52.702037]}},{"type":"Feature","properties":{"countryName":"England","Type of Animal":"Pork"},"geometry":{"type":"Point","coordinates":[-0.390863,53.640816]}},{"type":"Feature","properties":{"countryName":"England","Type of Animal":"Pork"},"geometry":{"type":"Point","coordinates":[-0.530018,53.577156]}},{"type":"Feature","properties":{"countryName":"England","Type of Animal":"Pork"},"geometry":{"type":"Point","coordinates":[-0.474332,53.183673]}},{"type":"Feature","properties":{"countryName":"England","Type of Animal":"Pork"},"geometry":{"type":"Point","coordinates":[-0.519003,53.420091]}},{"type":"Feature","properties":{"countryName":"England","Type of Animal":"Pork"},"geometry":{"type":"Point","coordinates":[-0.184616,53.21295]}},{"type":"Feature","properties":{"countryName":"England","Type of Animal":"Pork"},"geometry":{"type":"Point","coordinates":[-0.352509,53.407668]}},{"type":"Feature","properties":{"countryName":"England","Type of Animal":"Pork"},"geometry":{"type":"Point","coordinates":[0.070473,53.203801]}},{"type":"Feature","properties":{"countryName":"England","Type of Animal":"Pork"},"geometry":{"type":"Point","coordinates":[-0.565512,53.45031]}},{"type":"Feature","properties":{"countryName":"England","Type of Animal":"Pork"},"geometry":{"type":"Point","coordinates":[0.065019,53.34623]}},{"type":"Feature","properties":{"countryName":"England","Type of Animal":"Pork"},"geometry":{"type":"Point","coordinates":[-0.5623,53.603155]}},{"type":"Feature","properties":{"countryName":"England","Type of Animal":"Pork"},"geometry":{"type":"Point","coordinates":[0.062261,53.211765]}},{"type":"Feature","properties":{"countryName":"England","Type of Animal":"Pork"},"geometry":{"type":"Point","coordinates":[0.060124,53.494124]}},{"type":"Feature","properties":{"countryName":"England","Type of Animal":"Pork"},"geometry":{"type":"Point","coordinates":[0.069908,53.200142]}},{"type":"Feature","properties":{"countryName":"England","Type of Animal":"Pork"},"geometry":{"type":"Point","coordinates":[-0.433873,53.470092]}},{"type":"Feature","properties":{"countryName":"England","Type of Animal":"Pork"},"geometry":{"type":"Point","coordinates":[0.102955,53.131603]}},{"type":"Feature","properties":{"countryName":"England","Type of Animal":"Pork"},"geometry":{"type":"Point","coordinates":[-0.009114,53.127795]}},{"type":"Feature","properties":{"countryName":"England","Type of Animal":"Pork"},"geometry":{"type":"Point","coordinates":[0.069908,53.200142]}},{"type":"Feature","properties":{"countryName":"England","Type of Animal":"Pork"},"geometry":{"type":"Point","coordinates":[-0.683458,53.540062]}},{"type":"Feature","properties":{"countryName":"England","Type of Animal":"Pork"},"geometry":{"type":"Point","coordinates":[-0.713334,53.043824]}},{"type":"Feature","properties":{"countryName":"England","Type of Animal":"Pork"},"geometry":{"type":"Point","coordinates":[0.10094,53.308914]}},{"type":"Feature","properties":{"countryName":"England","Type of Animal":"Pork"},"geometry":{"type":"Point","coordinates":[-0.405611,53.679565]}},{"type":"Feature","properties":{"countryName":"England","Type of Animal":"Pork"},"geometry":{"type":"Point","coordinates":[-0.496383,53.128698]}},{"type":"Feature","properties":{"countryName":"England","Type of Animal":"Pork"},"geometry":{"type":"Point","coordinates":[-0.379755,53.550357]}},{"type":"Feature","properties":{"countryName":"England","Type of Animal":"Pork"},"geometry":{"type":"Point","coordinates":[-0.418078,53.420397]}},{"type":"Feature","properties":{"countryName":"England","Type of Animal":"Pork"},"geometry":{"type":"Point","coordinates":[-0.863458,53.599113]}},{"type":"Feature","properties":{"countryName":"England","Type of Animal":"Pork"},"geometry":{"type":"Point","coordinates":[-0.535374,53.391248]}},{"type":"Feature","properties":{"countryName":"England","Type of Animal":"Pork"},"geometry":{"type":"Point","coordinates":[-0.520685,53.287418]}},{"type":"Feature","properties":{"countryName":"England","Type of Animal":"Pork"},"geometry":{"type":"Point","coordinates":[-0.29248,53.699346]}},{"type":"Feature","properties":{"countryName":"England","Type of Animal":"Pork"},"geometry":{"type":"Point","coordinates":[-0.428498,53.613006]}},{"type":"Feature","properties":{"countryName":"England","Type of Animal":"Pork"},"geometry":{"type":"Point","coordinates":[0.897526,52.436925]}},{"type":"Feature","properties":{"countryName":"England","Type of Animal":"Pork"},"geometry":{"type":"Point","coordinates":[0.564682,52.548378]}},{"type":"Feature","properties":{"countryName":"England","Type of Animal":"Pork"},"geometry":{"type":"Point","coordinates":[0.70379,52.630329]}},{"type":"Feature","properties":{"countryName":"England","Type of Animal":"Pork"},"geometry":{"type":"Point","coordinates":[0.771869,52.651236]}},{"type":"Feature","properties":{"countryName":"England","Type of Animal":"Pork"},"geometry":{"type":"Point","coordinates":[0.515066,52.726835]}},{"type":"Feature","properties":{"countryName":"England","Type of Animal":"Pork"},"geometry":{"type":"Point","coordinates":[0.634092,52.51437]}},{"type":"Feature","properties":{"countryName":"England","Type of Animal":"Pork"},"geometry":{"type":"Point","coordinates":[0.637288,52.513231]}},{"type":"Feature","properties":{"countryName":"England","Type of Animal":"Pork"},"geometry":{"type":"Point","coordinates":[0.874085,52.649195]}},{"type":"Feature","properties":{"countryName":"England","Type of Animal":"Pork"},"geometry":{"type":"Point","coordinates":[0.917224,52.501416]}},{"type":"Feature","properties":{"countryName":"England","Type of Animal":"Pork"},"geometry":{"type":"Point","coordinates":[0.889056,52.669487]}},{"type":"Feature","properties":{"countryName":"England","Type of Animal":"Pork"},"geometry":{"type":"Point","coordinates":[0.734838,52.618447]}},{"type":"Feature","properties":{"countryName":"England","Type of Animal":"Pork"},"geometry":{"type":"Point","coordinates":[0.994731,52.640432]}},{"type":"Feature","properties":{"countryName":"England","Type of Animal":"Pork"},"geometry":{"type":"Point","coordinates":[1.503478,52.782722]}},{"type":"Feature","properties":{"countryName":"England","Type of Animal":"Pork"},"geometry":{"type":"Point","coordinates":[1.093652,52.464219]}},{"type":"Feature","properties":{"countryName":"England","Type of Animal":"Pork"},"geometry":{"type":"Point","coordinates":[1.065469,52.406578]}},{"type":"Feature","properties":{"countryName":"England","Type of Animal":"Pork"},"geometry":{"type":"Point","coordinates":[1.287306,52.446175]}},{"type":"Feature","properties":{"countryName":"England","Type of Animal":"Pork"},"geometry":{"type":"Point","coordinates":[0.747727,52.644461]}},{"type":"Feature","properties":{"countryName":"England","Type of Animal":"Pork"},"geometry":{"type":"Point","coordinates":[0.872545,52.49703]}},{"type":"Feature","properties":{"countryName":"England","Type of Animal":"Pork"},"geometry":{"type":"Point","coordinates":[1.130477,52.833681]}},{"type":"Feature","properties":{"countryName":"England","Type of Animal":"Pork"},"geometry":{"type":"Point","coordinates":[1.113885,52.853903]}},{"type":"Feature","properties":{"countryName":"England","Type of Animal":"Pork"},"geometry":{"type":"Point","coordinates":[0.914023,52.517197]}},{"type":"Feature","properties":{"countryName":"England","Type of Animal":"Pork"},"geometry":{"type":"Point","coordinates":[1.015816,52.785321]}},{"type":"Feature","properties":{"countryName":"England","Type of Animal":"Pork"},"geometry":{"type":"Point","coordinates":[0.970178,52.385522]}},{"type":"Feature","properties":{"countryName":"England","Type of Animal":"Pork"},"geometry":{"type":"Point","coordinates":[1.085927,52.426002]}},{"type":"Feature","properties":{"countryName":"England","Type of Animal":"Pork"},"geometry":{"type":"Point","coordinates":[0.878814,52.526437]}},{"type":"Feature","properties":{"countryName":"England","Type of Animal":"Pork"},"geometry":{"type":"Point","coordinates":[1.250319,52.690925]}},{"type":"Feature","properties":{"countryName":"England","Type of Animal":"Pork"},"geometry":{"type":"Point","coordinates":[0.913072,52.520976]}},{"type":"Feature","properties":{"countryName":"England","Type of Animal":"Pork"},"geometry":{"type":"Point","coordinates":[0.561154,52.512098]}},{"type":"Feature","properties":{"countryName":"England","Type of Animal":"Pork"},"geometry":{"type":"Point","coordinates":[-0.525674,54.108121]}},{"type":"Feature","properties":{"countryName":"England","Type of Animal":"Pork"},"geometry":{"type":"Point","coordinates":[-0.468732,54.161907]}},{"type":"Feature","properties":{"countryName":"England","Type of Animal":"Pork"},"geometry":{"type":"Point","coordinates":[-1.283267,54.10537]}},{"type":"Feature","properties":{"countryName":"England","Type of Animal":"Pork"},"geometry":{"type":"Point","coordinates":[-1.891849,54.462237]}},{"type":"Feature","properties":{"countryName":"England","Type of Animal":"Pork"},"geometry":{"type":"Point","coordinates":[-1.618057,54.196499]}},{"type":"Feature","properties":{"countryName":"England","Type of Animal":"Pork"},"geometry":{"type":"Point","coordinates":[-1.247703,53.983809]}},{"type":"Feature","properties":{"countryName":"England","Type of Animal":"Pork"},"geometry":{"type":"Point","coordinates":[-1.340504,54.068814]}},{"type":"Feature","properties":{"countryName":"England","Type of Animal":"Pork"},"geometry":{"type":"Point","coordinates":[-0.989766,54.253379]}},{"type":"Feature","properties":{"countryName":"England","Type of Animal":"Pork"},"geometry":{"type":"Point","coordinates":[-0.752956,54.30431]}},{"type":"Feature","properties":{"countryName":"England","Type of Animal":"Pork"},"geometry":{"type":"Point","coordinates":[-0.383876,54.202451]}},{"type":"Feature","properties":{"countryName":"England","Type of Animal":"Pork"},"geometry":{"type":"Point","coordinates":[-1.421663,54.015709]}},{"type":"Feature","properties":{"countryName":"England","Type of Animal":"Pork"},"geometry":{"type":"Point","coordinates":[-1.228096,54.144457]}},{"type":"Feature","properties":{"countryName":"England","Type of Animal":"Pork"},"geometry":{"type":"Point","coordinates":[-1.709139,54.489103]}},{"type":"Feature","properties":{"countryName":"England","Type of Animal":"Pork"},"geometry":{"type":"Point","coordinates":[-1.114202,54.22467]}},{"type":"Feature","properties":{"countryName":"England","Type of Animal":"Pork"},"geometry":{"type":"Point","coordinates":[-1.676355,54.470974]}},{"type":"Feature","properties":{"countryName":"England","Type of Animal":"Pork"},"geometry":{"type":"Point","coordinates":[-0.731984,54.240024]}},{"type":"Feature","properties":{"countryName":"England","Type of Animal":"Pork"},"geometry":{"type":"Point","coordinates":[-1.508751,54.088174]}},{"type":"Feature","properties":{"countryName":"England","Type of Animal":"Pork"},"geometry":{"type":"Point","coordinates":[-0.886111,54.532172]}},{"type":"Feature","properties":{"countryName":"England","Type of Animal":"Pork"},"geometry":{"type":"Point","coordinates":[-1.374191,54.33988]}},{"type":"Feature","properties":{"countryName":"England","Type of Animal":"Pork"},"geometry":{"type":"Point","coordinates":[-1.836313,54.485703]}},{"type":"Feature","properties":{"countryName":"England","Type of Animal":"Pork"},"geometry":{"type":"Point","coordinates":[-0.84629,54.179391]}},{"type":"Feature","properties":{"countryName":"England","Type of Animal":"Pork"},"geometry":{"type":"Point","coordinates":[-1.60849,54.30712]}},{"type":"Feature","properties":{"countryName":"England","Type of Animal":"Pork"},"geometry":{"type":"Point","coordinates":[-0.808159,54.271865]}},{"type":"Feature","properties":{"countryName":"England","Type of Animal":"Pork"},"geometry":{"type":"Point","coordinates":[-1.097278,54.545148]}},{"type":"Feature","properties":{"countryName":"England","Type of Animal":"Pork"},"geometry":{"type":"Point","coordinates":[-1.499288,54.315944]}},{"type":"Feature","properties":{"countryName":"England","Type of Animal":"Pork"},"geometry":{"type":"Point","coordinates":[-0.631907,54.202395]}},{"type":"Feature","properties":{"countryName":"England","Type of Animal":"Pork"},"geometry":{"type":"Point","coordinates":[-1.600462,54.215567]}},{"type":"Feature","properties":{"countryName":"England","Type of Animal":"Pork"},"geometry":{"type":"Point","coordinates":[-1.180388,54.064781]}},{"type":"Feature","properties":{"countryName":"England","Type of Animal":"Pork"},"geometry":{"type":"Point","coordinates":[-0.312763,54.218357]}},{"type":"Feature","properties":{"countryName":"England","Type of Animal":"Pork"},"geometry":{"type":"Point","coordinates":[-1.227644,54.157253]}},{"type":"Feature","properties":{"countryName":"England","Type of Animal":"Pork"},"geometry":{"type":"Point","coordinates":[-1.757706,54.462482]}},{"type":"Feature","properties":{"countryName":"England","Type of Animal":"Pork"},"geometry":{"type":"Point","coordinates":[-0.663266,54.178892]}},{"type":"Feature","properties":{"countryName":"England","Type of Animal":"Pork"},"geometry":{"type":"Point","coordinates":[-1.435628,53.990861]}},{"type":"Feature","properties":{"countryName":"England","Type of Animal":"Pork"},"geometry":{"type":"Point","coordinates":[-1.092418,54.065147]}},{"type":"Feature","properties":{"countryName":"England","Type of Animal":"Pork"},"geometry":{"type":"Point","coordinates":[-1.075602,54.250471]}},{"type":"Feature","properties":{"countryName":"England","Type of Animal":"Pork"},"geometry":{"type":"Point","coordinates":[-1.365727,54.189438]}},{"type":"Feature","properties":{"countryName":"England","Type of Animal":"Pork"},"geometry":{"type":"Point","coordinates":[-0.319889,54.177315]}},{"type":"Feature","properties":{"countryName":"England","Type of Animal":"Pork"},"geometry":{"type":"Point","coordinates":[-1.383104,54.114347]}},{"type":"Feature","properties":{"countryName":"England","Type of Animal":"Pork"},"geometry":{"type":"Point","coordinates":[-1.408259,54.15045]}},{"type":"Feature","properties":{"countryName":"England","Type of Animal":"Pork"},"geometry":{"type":"Point","coordinates":[-1.171579,54.031746]}},{"type":"Feature","properties":{"countryName":"England","Type of Animal":"Pork"},"geometry":{"type":"Point","coordinates":[-1.198272,53.983788]}},{"type":"Feature","properties":{"countryName":"England","Type of Animal":"Pork"},"geometry":{"type":"Point","coordinates":[-1.448028,54.402414]}},{"type":"Feature","properties":{"countryName":"England","Type of Animal":"Pork"},"geometry":{"type":"Point","coordinates":[-0.456533,54.195413]}},{"type":"Feature","properties":{"countryName":"England","Type of Animal":"Pork"},"geometry":{"type":"Point","coordinates":[-1.487747,54.212828]}},{"type":"Feature","properties":{"countryName":"England","Type of Animal":"Pork"},"geometry":{"type":"Point","coordinates":[-1.080584,52.415256]}},{"type":"Feature","properties":{"countryName":"England","Type of Animal":"Pork"},"geometry":{"type":"Point","coordinates":[-0.753374,53.089039]}},{"type":"Feature","properties":{"countryName":"England","Type of Animal":"Pork"},"geometry":{"type":"Point","coordinates":[-1.218664,53.323006]}},{"type":"Feature","properties":{"countryName":"England","Type of Animal":"Pork"},"geometry":{"type":"Point","coordinates":[-1.13925,51.642833]}},{"type":"Feature","properties":{"countryName":"England","Type of Animal":"Pork"},"geometry":{"type":"Point","coordinates":[-1.433294,51.661667]}},{"type":"Feature","properties":{"countryName":"England","Type of Animal":"Pork"},"geometry":{"type":"Point","coordinates":[-1.233962,51.554671]}},{"type":"Feature","properties":{"countryName":"England","Type of Animal":"Pork"},"geometry":{"type":"Point","coordinates":[-1.52912,51.780036]}},{"type":"Feature","properties":{"countryName":"England","Type of Animal":"Pork"},"geometry":{"type":"Point","coordinates":[-1.068835,51.603258]}},{"type":"Feature","properties":{"countryName":"England","Type of Animal":"Pork"},"geometry":{"type":"Point","coordinates":[-1.201394,51.550488]}},{"type":"Feature","properties":{"countryName":"England","Type of Animal":"Pork"},"geometry":{"type":"Point","coordinates":[-1.077531,51.639775]}},{"type":"Feature","properties":{"countryName":"England","Type of Animal":"Pork"},"geometry":{"type":"Point","coordinates":[-1.087113,51.566973]}},{"type":"Feature","properties":{"countryName":"England","Type of Animal":"Pork"},"geometry":{"type":"Point","coordinates":[-2.412426,52.794361]}},{"type":"Feature","properties":{"countryName":"England","Type of Animal":"Pork"},"geometry":{"type":"Point","coordinates":[-2.613894,52.522299]}},{"type":"Feature","properties":{"countryName":"England","Type of Animal":"Pork"},"geometry":{"type":"Point","coordinates":[-2.383283,52.805894]}},{"type":"Feature","properties":{"countryName":"England","Type of Animal":"Pork"},"geometry":{"type":"Point","coordinates":[-3.003276,52.870796]}},{"type":"Feature","properties":{"countryName":"England","Type of Animal":"Pork"},"geometry":{"type":"Point","coordinates":[-2.658399,52.914094]}},{"type":"Feature","properties":{"countryName":"England","Type of Animal":"Pork"},"geometry":{"type":"Point","coordinates":[-2.438685,51.176142]}},{"type":"Feature","properties":{"countryName":"England","Type of Animal":"Pork"},"geometry":{"type":"Point","coordinates":[-2.916289,51.259885]}},{"type":"Feature","properties":{"countryName":"England","Type of Animal":"Pork"},"geometry":{"type":"Point","coordinates":[-2.947211,51.154677]}},{"type":"Feature","properties":{"countryName":"England","Type of Animal":"Pork"},"geometry":{"type":"Point","coordinates":[-2.726474,51.354725]}},{"type":"Feature","properties":{"countryName":"England","Type of Animal":"Pork"},"geometry":{"type":"Point","coordinates":[-2.523734,51.261063]}},{"type":"Feature","properties":{"countryName":"England","Type of Animal":"Pork"},"geometry":{"type":"Point","coordinates":[-1.208595,53.535153]}},{"type":"Feature","properties":{"countryName":"England","Type of Animal":"Pork"},"geometry":{"type":"Point","coordinates":[-1.400315,53.550209]}},{"type":"Feature","properties":{"countryName":"England","Type of Animal":"Pork"},"geometry":{"type":"Point","coordinates":[-1.270383,53.449731]}},{"type":"Feature","properties":{"countryName":"England","Type of Animal":"Pork"},"geometry":{"type":"Point","coordinates":[-1.732338,52.751843]}},{"type":"Feature","properties":{"countryName":"England","Type of Animal":"Pork"},"geometry":{"type":"Point","coordinates":[-2.239107,52.737547]}},{"type":"Feature","properties":{"countryName":"England","Type of Animal":"Pork"},"geometry":{"type":"Point","coordinates":[1.372952,52.061245]}},{"type":"Feature","properties":{"countryName":"England","Type of Animal":"Pork"},"geometry":{"type":"Point","coordinates":[0.654741,52.280777]}},{"type":"Feature","properties":{"countryName":"England","Type of Animal":"Pork"},"geometry":{"type":"Point","coordinates":[1.097031,52.159501]}},{"type":"Feature","properties":{"countryName":"England","Type of Animal":"Pork"},"geometry":{"type":"Point","coordinates":[1.161925,52.116963]}},{"type":"Feature","properties":{"countryName":"England","Type of Animal":"Pork"},"geometry":{"type":"Point","coordinates":[1.523485,52.425072]}},{"type":"Feature","properties":{"countryName":"England","Type of Animal":"Pork"},"geometry":{"type":"Point","coordinates":[1.188656,52.330794]}},{"type":"Feature","properties":{"countryName":"England","Type of Animal":"Pork"},"geometry":{"type":"Point","coordinates":[0.51941,52.410158]}},{"type":"Feature","properties":{"countryName":"England","Type of Animal":"Pork"},"geometry":{"type":"Point","coordinates":[1.211494,52.337415]}},{"type":"Feature","properties":{"countryName":"England","Type of Animal":"Pork"},"geometry":{"type":"Point","coordinates":[1.0055,52.305731]}},{"type":"Feature","properties":{"countryName":"England","Type of Animal":"Pork"},"geometry":{"type":"Point","coordinates":[1.064837,52.323029]}},{"type":"Feature","properties":{"countryName":"England","Type of Animal":"Pork"},"geometry":{"type":"Point","coordinates":[0.780916,52.316029]}},{"type":"Feature","properties":{"countryName":"England","Type of Animal":"Pork"},"geometry":{"type":"Point","coordinates":[1.307798,52.312415]}},{"type":"Feature","properties":{"countryName":"England","Type of Animal":"Pork"},"geometry":{"type":"Point","coordinates":[1.198051,52.130776]}},{"type":"Feature","properties":{"countryName":"England","Type of Animal":"Pork"},"geometry":{"type":"Point","coordinates":[1.270833,52.314416]}},{"type":"Feature","properties":{"countryName":"England","Type of Animal":"Pork"},"geometry":{"type":"Point","coordinates":[1.12372,52.293209]}},{"type":"Feature","properties":{"countryName":"England","Type of Animal":"Pork"},"geometry":{"type":"Point","coordinates":[1.479941,52.34575]}},{"type":"Feature","properties":{"countryName":"England","Type of Animal":"Pork"},"geometry":{"type":"Point","coordinates":[1.496045,52.116571]}},{"type":"Feature","properties":{"countryName":"England","Type of Animal":"Pork"},"geometry":{"type":"Point","coordinates":[0.908979,52.258282]}},{"type":"Feature","properties":{"countryName":"England","Type of Animal":"Pork"},"geometry":{"type":"Point","coordinates":[1.161495,52.311207]}},{"type":"Feature","properties":{"countryName":"England","Type of Animal":"Pork"},"geometry":{"type":"Point","coordinates":[1.071119,52.246734]}},{"type":"Feature","properties":{"countryName":"England","Type of Animal":"Pork"},"geometry":{"type":"Point","coordinates":[1.542103,52.440511]}},{"type":"Feature","properties":{"countryName":"England","Type of Animal":"Pork"},"geometry":{"type":"Point","coordinates":[0.581488,52.338722]}},{"type":"Feature","properties":{"countryName":"England","Type of Animal":"Pork"},"geometry":{"type":"Point","coordinates":[1.347566,52.234049]}},{"type":"Feature","properties":{"countryName":"England","Type of Animal":"Pork"},"geometry":{"type":"Point","coordinates":[1.48325,52.405542]}},{"type":"Feature","properties":{"countryName":"England","Type of Animal":"Pork"},"geometry":{"type":"Point","coordinates":[1.190903,52.146078]}},{"type":"Feature","properties":{"countryName":"England","Type of Animal":"Pork"},"geometry":{"type":"Point","coordinates":[0.666081,52.384891]}},{"type":"Feature","properties":{"countryName":"England","Type of Animal":"Pork"},"geometry":{"type":"Point","coordinates":[0.615682,52.258394]}},{"type":"Feature","properties":{"countryName":"England","Type of Animal":"Pork"},"geometry":{"type":"Point","coordinates":[0.977051,52.26394]}},{"type":"Feature","properties":{"countryName":"England","Type of Animal":"Pork"},"geometry":{"type":"Point","coordinates":[-1.641167,52.430055]}},{"type":"Feature","properties":{"countryName":"England","Type of Animal":"Pork"},"geometry":{"type":"Point","coordinates":[-1.388581,52.216928]}},{"type":"Feature","properties":{"countryName":"England","Type of Animal":"Pork"},"geometry":{"type":"Point","coordinates":[-1.532313,52.123922]}},{"type":"Feature","properties":{"countryName":"England","Type of Animal":"Pork"},"geometry":{"type":"Point","coordinates":[-0.848985,50.873499]}},{"type":"Feature","properties":{"countryName":"England","Type of Animal":"Pork"},"geometry":{"type":"Point","coordinates":[-1.527285,53.63115]}},{"type":"Feature","properties":{"countryName":"England","Type of Animal":"Pork"},"geometry":{"type":"Point","coordinates":[-1.26819,53.676076]}},{"type":"Feature","properties":{"countryName":"England","Type of Animal":"Pork"},"geometry":{"type":"Point","coordinates":[-1.74998,53.74431]}},{"type":"Feature","properties":{"countryName":"England","Type of Animal":"Pork"},"geometry":{"type":"Point","coordinates":[-1.402466,53.778711]}},{"type":"Feature","properties":{"countryName":"England","Type of Animal":"Pork"},"geometry":{"type":"Point","coordinates":[-1.953428,51.377681]}},{"type":"Feature","properties":{"countryName":"England","Type of Animal":"Pork"},"geometry":{"type":"Point","coordinates":[-2.196749,51.493056]}},{"type":"Feature","properties":{"countryName":"England","Type of Animal":"Pork"},"geometry":{"type":"Point","coordinates":[-1.75396,51.106255]}},{"type":"Feature","properties":{"countryName":"England","Type of Animal":"Pork"},"geometry":{"type":"Point","coordinates":[-1.843103,52.144275]}},{"type":"Feature","properties":{"countryName":"England","Type of Animal":"Chicken"},"geometry":{"type":"Point","coordinates":[-0.227484,52.046789]}},{"type":"Feature","properties":{"countryName":"England","Type of Animal":"Chicken"},"geometry":{"type":"Point","coordinates":[-0.533073,52.260016]}},{"type":"Feature","properties":{"countryName":"England","Type of Animal":"Chicken"},"geometry":{"type":"Point","coordinates":[-0.435164,52.282118]}},{"type":"Feature","properties":{"countryName":"England","Type of Animal":"Chicken"},"geometry":{"type":"Point","coordinates":[-0.197905,52.129144]}},{"type":"Feature","properties":{"countryName":"England","Type of Animal":"Chicken"},"geometry":{"type":"Point","coordinates":[-0.803325,51.459292]}},{"type":"Feature","properties":{"countryName":"England","Type of Animal":"Chicken"},"geometry":{"type":"Point","coordinates":[-0.904221,51.980598]}},{"type":"Feature","properties":{"countryName":"England","Type of Animal":"Chicken"},"geometry":{"type":"Point","coordinates":[-1.024966,51.893059]}},{"type":"Feature","properties":{"countryName":"England","Type of Animal":"Chicken"},"geometry":{"type":"Point","coordinates":[-0.748783,51.905076]}},{"type":"Feature","properties":{"countryName":"England","Type of Animal":"Chicken"},"geometry":{"type":"Point","coordinates":[-0.80217,51.941309]}},{"type":"Feature","properties":{"countryName":"England","Type of Animal":"Chicken"},"geometry":{"type":"Point","coordinates":[-0.030187,52.290575]}},{"type":"Feature","properties":{"countryName":"England","Type of Animal":"Chicken"},"geometry":{"type":"Point","coordinates":[-0.404966,52.325753]}},{"type":"Feature","properties":{"countryName":"England","Type of Animal":"Chicken"},"geometry":{"type":"Point","coordinates":[-0.362487,52.717381]}},{"type":"Feature","properties":{"countryName":"England","Type of Animal":"Chicken"},"geometry":{"type":"Point","coordinates":[0.12382,52.293193]}},{"type":"Feature","properties":{"countryName":"England","Type of Animal":"Chicken"},"geometry":{"type":"Point","coordinates":[-0.13669,52.235148]}},{"type":"Feature","properties":{"countryName":"England","Type of Animal":"Chicken"},"geometry":{"type":"Point","coordinates":[-0.383807,52.392125]}},{"type":"Feature","properties":{"countryName":"England","Type of Animal":"Chicken"},"geometry":{"type":"Point","coordinates":[0.223017,52.383662]}},{"type":"Feature","properties":{"countryName":"England","Type of Animal":"Chicken"},"geometry":{"type":"Point","coordinates":[0.019379,52.656169]}},{"type":"Feature","properties":{"countryName":"England","Type of Animal":"Chicken"},"geometry":{"type":"Point","coordinates":[-0.021419,52.328383]}},{"type":"Feature","properties":{"countryName":"England","Type of Animal":"Chicken"},"geometry":{"type":"Point","coordinates":[-0.057068,52.345474]}},{"type":"Feature","properties":{"countryName":"England","Type of Animal":"Chicken"},"geometry":{"type":"Point","coordinates":[-0.09977,52.304387]}},{"type":"Feature","properties":{"countryName":"England","Type of Animal":"Chicken"},"geometry":{"type":"Point","coordinates":[0.054061,52.536787]}},{"type":"Feature","properties":{"countryName":"England","Type of Animal":"Chicken"},"geometry":{"type":"Point","coordinates":[0.202912,52.451171]}},{"type":"Feature","properties":{"countryName":"England","Type of Animal":"Chicken"},"geometry":{"type":"Point","coordinates":[0.005446,52.399163]}},{"type":"Feature","properties":{"countryName":"England","Type of Animal":"Chicken"},"geometry":{"type":"Point","coordinates":[-0.356986,52.657201]}},{"type":"Feature","properties":{"countryName":"England","Type of Animal":"Chicken"},"geometry":{"type":"Point","coordinates":[0.530533,52.181275]}},{"type":"Feature","properties":{"countryName":"England","Type of Animal":"Chicken"},"geometry":{"type":"Point","coordinates":[0.32354,52.358509]}},{"type":"Feature","properties":{"countryName":"England","Type of Animal":"Chicken"},"geometry":{"type":"Point","coordinates":[0.311782,52.348768]}},{"type":"Feature","properties":{"countryName":"England","Type of Animal":"Chicken"},"geometry":{"type":"Point","coordinates":[0.099695,52.523416]}},{"type":"Feature","properties":{"countryName":"England","Type of Animal":"Chicken"},"geometry":{"type":"Point","coordinates":[0.243875,52.369303]}},{"type":"Feature","properties":{"countryName":"England","Type of Animal":"Chicken"},"geometry":{"type":"Point","coordinates":[-2.659628,53.425578]}},{"type":"Feature","properties":{"countryName":"England","Type of Animal":"Chicken"},"geometry":{"type":"Point","coordinates":[-2.542494,53.02213]}},{"type":"Feature","properties":{"countryName":"England","Type of Animal":"Chicken"},"geometry":{"type":"Point","coordinates":[-2.960553,53.152156]}},{"type":"Feature","properties":{"countryName":"England","Type of Animal":"Chicken"},"geometry":{"type":"Point","coordinates":[-2.615745,53.012163]}},{"type":"Feature","properties":{"countryName":"England","Type of Animal":"Chicken"},"geometry":{"type":"Point","coordinates":[-2.420993,53.408456]}},{"type":"Feature","properties":{"countryName":"England","Type of Animal":"Chicken"},"geometry":{"type":"Point","coordinates":[-3.052585,53.306334]}},{"type":"Feature","properties":{"countryName":"England","Type of Animal":"Chicken"},"geometry":{"type":"Point","coordinates":[-2.957519,53.144827]}},{"type":"Feature","properties":{"countryName":"England","Type of Animal":"Chicken"},"geometry":{"type":"Point","coordinates":[-2.791148,53.263626]}},{"type":"Feature","properties":{"countryName":"England","Type of Animal":"Chicken"},"geometry":{"type":"Point","coordinates":[-2.487584,53.12091]}},{"type":"Feature","properties":{"countryName":"England","Type of Animal":"Chicken"},"geometry":{"type":"Point","coordinates":[-2.605256,53.013506]}},{"type":"Feature","properties":{"countryName":"England","Type of Animal":"Chicken"},"geometry":{"type":"Point","coordinates":[-2.605256,53.013506]}},{"type":"Feature","properties":{"countryName":"England","Type of Animal":"Chicken"},"geometry":{"type":"Point","coordinates":[-2.45151,53.211832]}},{"type":"Feature","properties":{"countryName":"England","Type of Animal":"Chicken"},"geometry":{"type":"Point","coordinates":[-2.716026,52.995163]}},{"type":"Feature","properties":{"countryName":"England","Type of Animal":"Chicken"},"geometry":{"type":"Point","coordinates":[-2.751968,53.147058]}},{"type":"Feature","properties":{"countryName":"England","Type of Animal":"Chicken"},"geometry":{"type":"Point","coordinates":[-2.138632,53.309353]}},{"type":"Feature","properties":{"countryName":"England","Type of Animal":"Chicken"},"geometry":{"type":"Point","coordinates":[-2.547092,53.121495]}},{"type":"Feature","properties":{"countryName":"England","Type of Animal":"Chicken"},"geometry":{"type":"Point","coordinates":[-2.384435,53.013517]}},{"type":"Feature","properties":{"countryName":"England","Type of Animal":"Chicken"},"geometry":{"type":"Point","coordinates":[-2.542494,53.02213]}},{"type":"Feature","properties":{"countryName":"England","Type of Animal":"Chicken"},"geometry":{"type":"Point","coordinates":[-2.273053,53.160275]}},{"type":"Feature","properties":{"countryName":"England","Type of Animal":"Chicken"},"geometry":{"type":"Point","coordinates":[-2.610377,52.736088]}},{"type":"Feature","properties":{"countryName":"England","Type of Animal":"Chicken"},"geometry":{"type":"Point","coordinates":[-4.312544,50.520545]}},{"type":"Feature","properties":{"countryName":"England","Type of Animal":"Chicken"},"geometry":{"type":"Point","coordinates":[-4.314267,50.551136]}},{"type":"Feature","properties":{"countryName":"England","Type of Animal":"Chicken"},"geometry":{"type":"Point","coordinates":[-5.298098,50.163149]}},{"type":"Feature","properties":{"countryName":"England","Type of Animal":"Chicken"},"geometry":{"type":"Point","coordinates":[-1.873873,54.536586]}},{"type":"Feature","properties":{"countryName":"England","Type of Animal":"Chicken"},"geometry":{"type":"Point","coordinates":[-1.654243,54.865671]}},{"type":"Feature","properties":{"countryName":"England","Type of Animal":"Chicken"},"geometry":{"type":"Point","coordinates":[-1.401447,54.662633]}},{"type":"Feature","properties":{"countryName":"England","Type of Animal":"Chicken"},"geometry":{"type":"Point","coordinates":[-1.594875,54.805728]}},{"type":"Feature","properties":{"countryName":"England","Type of Animal":"Chicken"},"geometry":{"type":"Point","coordinates":[-1.401447,54.662633]}},{"type":"Feature","properties":{"countryName":"England","Type of Animal":"Chicken"},"geometry":{"type":"Point","coordinates":[-1.287752,54.696177]}},{"type":"Feature","properties":{"countryName":"England","Type of Animal":"Chicken"},"geometry":{"type":"Point","coordinates":[-1.345649,54.717758]}},{"type":"Feature","properties":{"countryName":"England","Type of Animal":"Chicken"},"geometry":{"type":"Point","coordinates":[-1.468262,54.64109]}},{"type":"Feature","properties":{"countryName":"England","Type of Animal":"Chicken"},"geometry":{"type":"Point","coordinates":[-1.283434,54.665587]}},{"type":"Feature","properties":{"countryName":"England","Type of Animal":"Chicken"},"geometry":{"type":"Point","coordinates":[-1.32071,54.682976]}},{"type":"Feature","properties":{"countryName":"England","Type of Animal":"Chicken"},"geometry":{"type":"Point","coordinates":[-1.287752,54.696177]}},{"type":"Feature","properties":{"countryName":"England","Type of Animal":"Chicken"},"geometry":{"type":"Point","coordinates":[-1.370211,54.692492]}},{"type":"Feature","properties":{"countryName":"England","Type of Animal":"Chicken"},"geometry":{"type":"Point","coordinates":[-1.779893,54.903769]}},{"type":"Feature","properties":{"countryName":"England","Type of Animal":"Chicken"},"geometry":{"type":"Point","coordinates":[-1.757956,54.897797]}},{"type":"Feature","properties":{"countryName":"England","Type of Animal":"Chicken"},"geometry":{"type":"Point","coordinates":[-1.50256,54.595789]}},{"type":"Feature","properties":{"countryName":"England","Type of Animal":"Chicken"},"geometry":{"type":"Point","coordinates":[-1.466532,54.492376]}},{"type":"Feature","properties":{"countryName":"England","Type of Animal":"Chicken"},"geometry":{"type":"Point","coordinates":[-1.405332,54.694897]}},{"type":"Feature","properties":{"countryName":"England","Type of Animal":"Chicken"},"geometry":{"type":"Point","coordinates":[-1.99116,54.524914]}},{"type":"Feature","properties":{"countryName":"England","Type of Animal":"Chicken"},"geometry":{"type":"Point","coordinates":[-2.769146,54.696202]}},{"type":"Feature","properties":{"countryName":"England","Type of Animal":"Chicken"},"geometry":{"type":"Point","coordinates":[-2.737423,54.690775]}},{"type":"Feature","properties":{"countryName":"England","Type of Animal":"Chicken"},"geometry":{"type":"Point","coordinates":[-2.995767,55.02229]}},{"type":"Feature","properties":{"countryName":"England","Type of Animal":"Chicken"},"geometry":{"type":"Point","coordinates":[-2.701376,54.671353]}},{"type":"Feature","properties":{"countryName":"England","Type of Animal":"Chicken"},"geometry":{"type":"Point","coordinates":[-2.917339,54.802269]}},{"type":"Feature","properties":{"countryName":"England","Type of Animal":"Chicken"},"geometry":{"type":"Point","coordinates":[-2.626993,54.708589]}},{"type":"Feature","properties":{"countryName":"England","Type of Animal":"Chicken"},"geometry":{"type":"Point","coordinates":[-3.596418,54.51636]}},{"type":"Feature","properties":{"countryName":"England","Type of Animal":"Chicken"},"geometry":{"type":"Point","coordinates":[-2.877846,54.93496]}},{"type":"Feature","properties":{"countryName":"England","Type of Animal":"Chicken"},"geometry":{"type":"Point","coordinates":[-2.628187,54.68439]}},{"type":"Feature","properties":{"countryName":"England","Type of Animal":"Chicken"},"geometry":{"type":"Point","coordinates":[-2.753183,54.86359]}},{"type":"Feature","properties":{"countryName":"England","Type of Animal":"Chicken"},"geometry":{"type":"Point","coordinates":[-2.753183,54.86359]}},{"type":"Feature","properties":{"countryName":"England","Type of Animal":"Chicken"},"geometry":{"type":"Point","coordinates":[-3.118755,54.828313]}},{"type":"Feature","properties":{"countryName":"England","Type of Animal":"Chicken"},"geometry":{"type":"Point","coordinates":[-3.217734,54.883772]}},{"type":"Feature","properties":{"countryName":"England","Type of Animal":"Chicken"},"geometry":{"type":"Point","coordinates":[-3.113193,54.859252]}},{"type":"Feature","properties":{"countryName":"England","Type of Animal":"Chicken"},"geometry":{"type":"Point","coordinates":[-3.298381,54.200149]}},{"type":"Feature","properties":{"countryName":"England","Type of Animal":"Chicken"},"geometry":{"type":"Point","coordinates":[-3.089033,54.787511]}},{"type":"Feature","properties":{"countryName":"England","Type of Animal":"Chicken"},"geometry":{"type":"Point","coordinates":[-2.899208,54.817314]}},{"type":"Feature","properties":{"countryName":"England","Type of Animal":"Chicken"},"geometry":{"type":"Point","coordinates":[-3.346094,54.869853]}},{"type":"Feature","properties":{"countryName":"England","Type of Animal":"Chicken"},"geometry":{"type":"Point","coordinates":[-2.791214,54.766734]}},{"type":"Feature","properties":{"countryName":"England","Type of Animal":"Chicken"},"geometry":{"type":"Point","coordinates":[-3.504762,54.621803]}},{"type":"Feature","properties":{"countryName":"England","Type of Animal":"Chicken"},"geometry":{"type":"Point","coordinates":[-3.142057,54.807282]}},{"type":"Feature","properties":{"countryName":"England","Type of Animal":"Chicken"},"geometry":{"type":"Point","coordinates":[-3.352795,54.85965]}},{"type":"Feature","properties":{"countryName":"England","Type of Animal":"Chicken"},"geometry":{"type":"Point","coordinates":[-2.689579,54.62033]}},{"type":"Feature","properties":{"countryName":"England","Type of Animal":"Chicken"},"geometry":{"type":"Point","coordinates":[-3.368524,54.850232]}},{"type":"Feature","properties":{"countryName":"England","Type of Animal":"Chicken"},"geometry":{"type":"Point","coordinates":[-2.934571,54.99445]}},{"type":"Feature","properties":{"countryName":"England","Type of Animal":"Chicken"},"geometry":{"type":"Point","coordinates":[-3.035526,54.894216]}},{"type":"Feature","properties":{"countryName":"England","Type of Animal":"Chicken"},"geometry":{"type":"Point","coordinates":[-1.607756,52.933507]}},{"type":"Feature","properties":{"countryName":"England","Type of Animal":"Chicken"},"geometry":{"type":"Point","coordinates":[-1.541827,53.237849]}},{"type":"Feature","properties":{"countryName":"England","Type of Animal":"Chicken"},"geometry":{"type":"Point","coordinates":[-1.810539,52.96311]}},{"type":"Feature","properties":{"countryName":"England","Type of Animal":"Chicken"},"geometry":{"type":"Point","coordinates":[-1.612402,53.001346]}},{"type":"Feature","properties":{"countryName":"England","Type of Animal":"Chicken"},"geometry":{"type":"Point","coordinates":[-1.58097,53.01422]}},{"type":"Feature","properties":{"countryName":"England","Type of Animal":"Chicken"},"geometry":{"type":"Point","coordinates":[-1.65561,53.020114]}},{"type":"Feature","properties":{"countryName":"England","Type of Animal":"Chicken"},"geometry":{"type":"Point","coordinates":[-1.800976,52.931785]}},{"type":"Feature","properties":{"countryName":"England","Type of Animal":"Chicken"},"geometry":{"type":"Point","coordinates":[-1.706233,52.88693]}},{"type":"Feature","properties":{"countryName":"England","Type of Animal":"Chicken"},"geometry":{"type":"Point","coordinates":[-1.731973,52.944926]}},{"type":"Feature","properties":{"countryName":"England","Type of Animal":"Chicken"},"geometry":{"type":"Point","coordinates":[-1.636254,53.026636]}},{"type":"Feature","properties":{"countryName":"England","Type of Animal":"Chicken"},"geometry":{"type":"Point","coordinates":[-1.480893,53.198138]}},{"type":"Feature","properties":{"countryName":"England","Type of Animal":"Chicken"},"geometry":{"type":"Point","coordinates":[-1.660026,52.955638]}},{"type":"Feature","properties":{"countryName":"England","Type of Animal":"Chicken"},"geometry":{"type":"Point","coordinates":[-1.288908,53.236287]}},{"type":"Feature","properties":{"countryName":"England","Type of Animal":"Chicken"},"geometry":{"type":"Point","coordinates":[-1.686942,52.681316]}},{"type":"Feature","properties":{"countryName":"England","Type of Animal":"Chicken"},"geometry":{"type":"Point","coordinates":[-3.271314,50.775598]}},{"type":"Feature","properties":{"countryName":"England","Type of Animal":"Chicken"},"geometry":{"type":"Point","coordinates":[-3.640677,50.913144]}},{"type":"Feature","properties":{"countryName":"England","Type of Animal":"Chicken"},"geometry":{"type":"Point","coordinates":[-3.326849,50.862526]}},{"type":"Feature","properties":{"countryName":"England","Type of Animal":"Chicken"},"geometry":{"type":"Point","coordinates":[-3.238809,50.846102]}},{"type":"Feature","properties":{"countryName":"England","Type of Animal":"Chicken"},"geometry":{"type":"Point","coordinates":[-3.255732,50.86682]}},{"type":"Feature","properties":{"countryName":"England","Type of Animal":"Chicken"},"geometry":{"type":"Point","coordinates":[-3.378515,50.910677]}},{"type":"Feature","properties":{"countryName":"England","Type of Animal":"Chicken"},"geometry":{"type":"Point","coordinates":[-3.254606,50.761883]}},{"type":"Feature","properties":{"countryName":"England","Type of Animal":"Chicken"},"geometry":{"type":"Point","coordinates":[-3.698696,50.901339]}},{"type":"Feature","properties":{"countryName":"England","Type of Animal":"Chicken"},"geometry":{"type":"Point","coordinates":[-3.741956,50.93323]}},{"type":"Feature","properties":{"countryName":"England","Type of Animal":"Chicken"},"geometry":{"type":"Point","coordinates":[-3.238809,50.846102]}},{"type":"Feature","properties":{"countryName":"England","Type of Animal":"Chicken"},"geometry":{"type":"Point","coordinates":[-3.32212,50.856077]}},{"type":"Feature","properties":{"countryName":"England","Type of Animal":"Chicken"},"geometry":{"type":"Point","coordinates":[-3.358393,50.946021]}},{"type":"Feature","properties":{"countryName":"England","Type of Animal":"Chicken"},"geometry":{"type":"Point","coordinates":[-3.62218,50.902491]}},{"type":"Feature","properties":{"countryName":"England","Type of Animal":"Chicken"},"geometry":{"type":"Point","coordinates":[-3.383054,50.905444]}},{"type":"Feature","properties":{"countryName":"England","Type of Animal":"Chicken"},"geometry":{"type":"Point","coordinates":[-3.358393,50.946021]}},{"type":"Feature","properties":{"countryName":"England","Type of Animal":"Chicken"},"geometry":{"type":"Point","coordinates":[-3.602317,50.938252]}},{"type":"Feature","properties":{"countryName":"England","Type of Animal":"Chicken"},"geometry":{"type":"Point","coordinates":[-3.222269,50.91365]}},{"type":"Feature","properties":{"countryName":"England","Type of Animal":"Chicken"},"geometry":{"type":"Point","coordinates":[-3.345683,50.839063]}},{"type":"Feature","properties":{"countryName":"England","Type of Animal":"Chicken"},"geometry":{"type":"Point","coordinates":[-3.493716,50.921266]}},{"type":"Feature","properties":{"countryName":"England","Type of Animal":"Chicken"},"geometry":{"type":"Point","coordinates":[-3.210488,50.908081]}},{"type":"Feature","properties":{"countryName":"England","Type of Animal":"Chicken"},"geometry":{"type":"Point","coordinates":[-3.622555,50.956615]}},{"type":"Feature","properties":{"countryName":"England","Type of Animal":"Chicken"},"geometry":{"type":"Point","coordinates":[-3.670436,50.910444]}},{"type":"Feature","properties":{"countryName":"England","Type of Animal":"Chicken"},"geometry":{"type":"Point","coordinates":[-3.725387,50.930446]}},{"type":"Feature","properties":{"countryName":"England","Type of Animal":"Chicken"},"geometry":{"type":"Point","coordinates":[-4.311058,50.85138]}},{"type":"Feature","properties":{"countryName":"England","Type of Animal":"Chicken"},"geometry":{"type":"Point","coordinates":[-4.30293,50.880775]}},{"type":"Feature","properties":{"countryName":"England","Type of Animal":"Chicken"},"geometry":{"type":"Point","coordinates":[-4.344734,50.855141]}},{"type":"Feature","properties":{"countryName":"England","Type of Animal":"Chicken"},"geometry":{"type":"Point","coordinates":[-3.340756,50.961921]}},{"type":"Feature","properties":{"countryName":"England","Type of Animal":"Chicken"},"geometry":{"type":"Point","coordinates":[-3.330759,50.759771]}},{"type":"Feature","properties":{"countryName":"England","Type of Animal":"Chicken"},"geometry":{"type":"Point","coordinates":[-2.493519,50.877085]}},{"type":"Feature","properties":{"countryName":"England","Type of Animal":"Chicken"},"geometry":{"type":"Point","coordinates":[-2.562205,50.948497]}},{"type":"Feature","properties":{"countryName":"England","Type of Animal":"Chicken"},"geometry":{"type":"Point","coordinates":[-2.322871,50.979908]}},{"type":"Feature","properties":{"countryName":"England","Type of Animal":"Chicken"},"geometry":{"type":"Point","coordinates":[-2.352633,50.884403]}},{"type":"Feature","properties":{"countryName":"England","Type of Animal":"Chicken"},"geometry":{"type":"Point","coordinates":[-2.257025,51.052682]}},{"type":"Feature","properties":{"countryName":"England","Type of Animal":"Chicken"},"geometry":{"type":"Point","coordinates":[-2.399998,50.948761]}},{"type":"Feature","properties":{"countryName":"England","Type of Animal":"Chicken"},"geometry":{"type":"Point","coordinates":[-2.290379,50.993003]}},{"type":"Feature","properties":{"countryName":"England","Type of Animal":"Chicken"},"geometry":{"type":"Point","coordinates":[-2.21999,50.733428]}},{"type":"Feature","properties":{"countryName":"England","Type of Animal":"Chicken"},"geometry":{"type":"Point","coordinates":[-2.193119,50.77807]}},{"type":"Feature","properties":{"countryName":"England","Type of Animal":"Chicken"},"geometry":{"type":"Point","coordinates":[-2.24707,50.736575]}},{"type":"Feature","properties":{"countryName":"England","Type of Animal":"Chicken"},"geometry":{"type":"Point","coordinates":[-2.203087,50.810166]}},{"type":"Feature","properties":{"countryName":"England","Type of Animal":"Chicken"},"geometry":{"type":"Point","coordinates":[-0.612951,53.923341]}},{"type":"Feature","properties":{"countryName":"England","Type of Animal":"Chicken"},"geometry":{"type":"Point","coordinates":[-0.72903,53.907538]}},{"type":"Feature","properties":{"countryName":"England","Type of Animal":"Chicken"},"geometry":{"type":"Point","coordinates":[-0.452627,53.853832]}},{"type":"Feature","properties":{"countryName":"England","Type of Animal":"Chicken"},"geometry":{"type":"Point","coordinates":[-0.318919,54.006429]}},{"type":"Feature","properties":{"countryName":"England","Type of Animal":"Chicken"},"geometry":{"type":"Point","coordinates":[-0.546628,54.012793]}},{"type":"Feature","properties":{"countryName":"England","Type of Animal":"Chicken"},"geometry":{"type":"Point","coordinates":[-0.715613,53.864547]}},{"type":"Feature","properties":{"countryName":"England","Type of Animal":"Chicken"},"geometry":{"type":"Point","coordinates":[-0.749847,53.867256]}},{"type":"Feature","properties":{"countryName":"England","Type of Animal":"Chicken"},"geometry":{"type":"Point","coordinates":[-0.517349,54.007429]}},{"type":"Feature","properties":{"countryName":"England","Type of Animal":"Chicken"},"geometry":{"type":"Point","coordinates":[-0.010721,53.737438]}},{"type":"Feature","properties":{"countryName":"England","Type of Animal":"Chicken"},"geometry":{"type":"Point","coordinates":[-0.320319,53.955803]}},{"type":"Feature","properties":{"countryName":"England","Type of Animal":"Chicken"},"geometry":{"type":"Point","coordinates":[-0.043835,53.748897]}},{"type":"Feature","properties":{"countryName":"England","Type of Animal":"Chicken"},"geometry":{"type":"Point","coordinates":[-0.067113,53.790451]}},{"type":"Feature","properties":{"countryName":"England","Type of Animal":"Chicken"},"geometry":{"type":"Point","coordinates":[-0.430175,53.99434]}},{"type":"Feature","properties":{"countryName":"England","Type of Animal":"Chicken"},"geometry":{"type":"Point","coordinates":[-0.344317,53.937484]}},{"type":"Feature","properties":{"countryName":"England","Type of Animal":"Chicken"},"geometry":{"type":"Point","coordinates":[-0.283379,53.809379]}},{"type":"Feature","properties":{"countryName":"England","Type of Animal":"Chicken"},"geometry":{"type":"Point","coordinates":[-0.35216,54.158751]}},{"type":"Feature","properties":{"countryName":"England","Type of Animal":"Chicken"},"geometry":{"type":"Point","coordinates":[-0.608008,53.88769]}},{"type":"Feature","properties":{"countryName":"England","Type of Animal":"Chicken"},"geometry":{"type":"Point","coordinates":[-0.731673,53.836586]}},{"type":"Feature","properties":{"countryName":"England","Type of Animal":"Chicken"},"geometry":{"type":"Point","coordinates":[-0.219948,53.796447]}},{"type":"Feature","properties":{"countryName":"England","Type of Animal":"Chicken"},"geometry":{"type":"Point","coordinates":[-0.633284,53.861923]}},{"type":"Feature","properties":{"countryName":"England","Type of Animal":"Chicken"},"geometry":{"type":"Point","coordinates":[-0.374919,54.040555]}},{"type":"Feature","properties":{"countryName":"England","Type of Animal":"Chicken"},"geometry":{"type":"Point","coordinates":[-0.729784,53.883673]}},{"type":"Feature","properties":{"countryName":"England","Type of Animal":"Chicken"},"geometry":{"type":"Point","coordinates":[-0.070819,53.775183]}},{"type":"Feature","properties":{"countryName":"England","Type of Animal":"Chicken"},"geometry":{"type":"Point","coordinates":[-0.607794,53.904396]}},{"type":"Feature","properties":{"countryName":"England","Type of Animal":"Chicken"},"geometry":{"type":"Point","coordinates":[-0.473904,54.070407]}},{"type":"Feature","properties":{"countryName":"England","Type of Animal":"Chicken"},"geometry":{"type":"Point","coordinates":[-0.388045,53.971715]}},{"type":"Feature","properties":{"countryName":"England","Type of Animal":"Chicken"},"geometry":{"type":"Point","coordinates":[-0.757796,53.884335]}},{"type":"Feature","properties":{"countryName":"England","Type of Animal":"Chicken"},"geometry":{"type":"Point","coordinates":[-0.856486,53.923794]}},{"type":"Feature","properties":{"countryName":"England","Type of Animal":"Chicken"},"geometry":{"type":"Point","coordinates":[-0.851668,53.983116]}},{"type":"Feature","properties":{"countryName":"England","Type of Animal":"Chicken"},"geometry":{"type":"Point","coordinates":[-0.612951,53.923341]}},{"type":"Feature","properties":{"countryName":"England","Type of Animal":"Chicken"},"geometry":{"type":"Point","coordinates":[-0.320319,53.955803]}},{"type":"Feature","properties":{"countryName":"England","Type of Animal":"Chicken"},"geometry":{"type":"Point","coordinates":[-0.272084,53.921805]}},{"type":"Feature","properties":{"countryName":"England","Type of Animal":"Chicken"},"geometry":{"type":"Point","coordinates":[-0.465222,53.955162]}},{"type":"Feature","properties":{"countryName":"England","Type of Animal":"Chicken"},"geometry":{"type":"Point","coordinates":[-0.278435,53.924]}},{"type":"Feature","properties":{"countryName":"England","Type of Animal":"Chicken"},"geometry":{"type":"Point","coordinates":[-0.219948,53.796447]}},{"type":"Feature","properties":{"countryName":"England","Type of Animal":"Chicken"},"geometry":{"type":"Point","coordinates":[-0.253396,53.802106]}},{"type":"Feature","properties":{"countryName":"England","Type of Animal":"Chicken"},"geometry":{"type":"Point","coordinates":[-0.896952,53.864941]}},{"type":"Feature","properties":{"countryName":"England","Type of Animal":"Chicken"},"geometry":{"type":"Point","coordinates":[-0.853383,53.780348]}},{"type":"Feature","properties":{"countryName":"England","Type of Animal":"Chicken"},"geometry":{"type":"Point","coordinates":[-0.517516,53.937436]}},{"type":"Feature","properties":{"countryName":"England","Type of Animal":"Chicken"},"geometry":{"type":"Point","coordinates":[-0.381545,53.873811]}},{"type":"Feature","properties":{"countryName":"England","Type of Animal":"Chicken"},"geometry":{"type":"Point","coordinates":[-0.127847,53.679712]}},{"type":"Feature","properties":{"countryName":"England","Type of Animal":"Chicken"},"geometry":{"type":"Point","coordinates":[-0.374284,54.007486]}},{"type":"Feature","properties":{"countryName":"England","Type of Animal":"Chicken"},"geometry":{"type":"Point","coordinates":[-0.786565,53.752832]}},{"type":"Feature","properties":{"countryName":"England","Type of Animal":"Chicken"},"geometry":{"type":"Point","coordinates":[-0.87406,53.769647]}},{"type":"Feature","properties":{"countryName":"England","Type of Animal":"Chicken"},"geometry":{"type":"Point","coordinates":[-0.43407,53.899838]}},{"type":"Feature","properties":{"countryName":"England","Type of Animal":"Chicken"},"geometry":{"type":"Point","coordinates":[0.09178,50.951657]}},{"type":"Feature","properties":{"countryName":"England","Type of Animal":"Chicken"},"geometry":{"type":"Point","coordinates":[0.036445,51.015958]}},{"type":"Feature","properties":{"countryName":"England","Type of Animal":"Chicken"},"geometry":{"type":"Point","coordinates":[0.239776,50.842073]}},{"type":"Feature","properties":{"countryName":"England","Type of Animal":"Chicken"},"geometry":{"type":"Point","coordinates":[0.735658,51.582105]}},{"type":"Feature","properties":{"countryName":"England","Type of Animal":"Chicken"},"geometry":{"type":"Point","coordinates":[-0.320319,53.955803]}},{"type":"Feature","properties":{"countryName":"England","Type of Animal":"Chicken"},"geometry":{"type":"Point","coordinates":[0.73623,51.857248]}},{"type":"Feature","properties":{"countryName":"England","Type of Animal":"Chicken"},"geometry":{"type":"Point","coordinates":[0.526865,51.836106]}},{"type":"Feature","properties":{"countryName":"England","Type of Animal":"Chicken"},"geometry":{"type":"Point","coordinates":[0.673766,51.942951]}},{"type":"Feature","properties":{"countryName":"England","Type of Animal":"Chicken"},"geometry":{"type":"Point","coordinates":[0.578045,51.684239]}},{"type":"Feature","properties":{"countryName":"England","Type of Animal":"Chicken"},"geometry":{"type":"Point","coordinates":[0.734303,51.791228]}},{"type":"Feature","properties":{"countryName":"England","Type of Animal":"Chicken"},"geometry":{"type":"Point","coordinates":[0.46259,51.646826]}},{"type":"Feature","properties":{"countryName":"England","Type of Animal":"Chicken"},"geometry":{"type":"Point","coordinates":[0.755419,51.795483]}},{"type":"Feature","properties":{"countryName":"England","Type of Animal":"Chicken"},"geometry":{"type":"Point","coordinates":[0.440111,51.721675]}},{"type":"Feature","properties":{"countryName":"England","Type of Animal":"Chicken"},"geometry":{"type":"Point","coordinates":[0.702078,51.685131]}},{"type":"Feature","properties":{"countryName":"England","Type of Animal":"Chicken"},"geometry":{"type":"Point","coordinates":[0.781504,51.826706]}},{"type":"Feature","properties":{"countryName":"England","Type of Animal":"Chicken"},"geometry":{"type":"Point","coordinates":[0.725466,51.780785]}},{"type":"Feature","properties":{"countryName":"England","Type of Animal":"Chicken"},"geometry":{"type":"Point","coordinates":[0.636238,51.97863]}},{"type":"Feature","properties":{"countryName":"England","Type of Animal":"Chicken"},"geometry":{"type":"Point","coordinates":[0.611162,51.990673]}},{"type":"Feature","properties":{"countryName":"England","Type of Animal":"Chicken"},"geometry":{"type":"Point","coordinates":[0.723182,51.953743]}},{"type":"Feature","properties":{"countryName":"England","Type of Animal":"Chicken"},"geometry":{"type":"Point","coordinates":[0.737455,51.880308]}},{"type":"Feature","properties":{"countryName":"England","Type of Animal":"Chicken"},"geometry":{"type":"Point","coordinates":[0.687855,51.680484]}},{"type":"Feature","properties":{"countryName":"England","Type of Animal":"Chicken"},"geometry":{"type":"Point","coordinates":[0.610639,51.755513]}},{"type":"Feature","properties":{"countryName":"England","Type of Animal":"Chicken"},"geometry":{"type":"Point","coordinates":[0.710158,51.676767]}},{"type":"Feature","properties":{"countryName":"England","Type of Animal":"Chicken"},"geometry":{"type":"Point","coordinates":[1.045882,51.903555]}},{"type":"Feature","properties":{"countryName":"England","Type of Animal":"Chicken"},"geometry":{"type":"Point","coordinates":[0.760328,51.658241]}},{"type":"Feature","properties":{"countryName":"England","Type of Animal":"Chicken"},"geometry":{"type":"Point","coordinates":[1.088034,51.900815]}},{"type":"Feature","properties":{"countryName":"England","Type of Animal":"Chicken"},"geometry":{"type":"Point","coordinates":[0.878461,51.69621]}},{"type":"Feature","properties":{"countryName":"England","Type of Animal":"Chicken"},"geometry":{"type":"Point","coordinates":[-2.133969,51.87748]}},{"type":"Feature","properties":{"countryName":"England","Type of Animal":"Chicken"},"geometry":{"type":"Point","coordinates":[-2.381548,51.61608]}},{"type":"Feature","properties":{"countryName":"England","Type of Animal":"Chicken"},"geometry":{"type":"Point","coordinates":[-2.185844,52.038059]}},{"type":"Feature","properties":{"countryName":"England","Type of Animal":"Chicken"},"geometry":{"type":"Point","coordinates":[-2.326436,51.867682]}},{"type":"Feature","properties":{"countryName":"England","Type of Animal":"Chicken"},"geometry":{"type":"Point","coordinates":[-1.786659,51.955695]}},{"type":"Feature","properties":{"countryName":"England","Type of Animal":"Chicken"},"geometry":{"type":"Point","coordinates":[-2.192476,51.929252]}},{"type":"Feature","properties":{"countryName":"England","Type of Animal":"Chicken"},"geometry":{"type":"Point","coordinates":[-2.396348,51.612363]}},{"type":"Feature","properties":{"countryName":"England","Type of Animal":"Chicken"},"geometry":{"type":"Point","coordinates":[-2.316034,51.933237]}},{"type":"Feature","properties":{"countryName":"England","Type of Animal":"Chicken"},"geometry":{"type":"Point","coordinates":[-2.582683,51.697399]}},{"type":"Feature","properties":{"countryName":"England","Type of Animal":"Chicken"},"geometry":{"type":"Point","coordinates":[-2.514898,51.8719]}},{"type":"Feature","properties":{"countryName":"England","Type of Animal":"Chicken"},"geometry":{"type":"Point","coordinates":[-2.289404,51.899823]}},{"type":"Feature","properties":{"countryName":"England","Type of Animal":"Chicken"},"geometry":{"type":"Point","coordinates":[-1.960259,51.992626]}},{"type":"Feature","properties":{"countryName":"England","Type of Animal":"Chicken"},"geometry":{"type":"Point","coordinates":[-2.615979,51.769855]}},{"type":"Feature","properties":{"countryName":"England","Type of Animal":"Chicken"},"geometry":{"type":"Point","coordinates":[-2.07988,51.992929]}},{"type":"Feature","properties":{"countryName":"England","Type of Animal":"Chicken"},"geometry":{"type":"Point","coordinates":[-2.267945,51.951949]}},{"type":"Feature","properties":{"countryName":"England","Type of Animal":"Chicken"},"geometry":{"type":"Point","coordinates":[-2.47818,51.981411]}},{"type":"Feature","properties":{"countryName":"England","Type of Animal":"Chicken"},"geometry":{"type":"Point","coordinates":[-2.616553,51.732363]}},{"type":"Feature","properties":{"countryName":"England","Type of Animal":"Chicken"},"geometry":{"type":"Point","coordinates":[-2.612519,51.744427]}},{"type":"Feature","properties":{"countryName":"England","Type of Animal":"Chicken"},"geometry":{"type":"Point","coordinates":[-1.768558,51.668029]}},{"type":"Feature","properties":{"countryName":"England","Type of Animal":"Chicken"},"geometry":{"type":"Point","coordinates":[-2.488118,51.747389]}},{"type":"Feature","properties":{"countryName":"England","Type of Animal":"Chicken"},"geometry":{"type":"Point","coordinates":[-2.13717,51.960401]}},{"type":"Feature","properties":{"countryName":"England","Type of Animal":"Chicken"},"geometry":{"type":"Point","coordinates":[-2.569463,51.646881]}},{"type":"Feature","properties":{"countryName":"England","Type of Animal":"Chicken"},"geometry":{"type":"Point","coordinates":[-2.231903,51.652535]}},{"type":"Feature","properties":{"countryName":"England","Type of Animal":"Chicken"},"geometry":{"type":"Point","coordinates":[-2.555492,51.649708]}},{"type":"Feature","properties":{"countryName":"England","Type of Animal":"Chicken"},"geometry":{"type":"Point","coordinates":[-1.777638,51.733332]}},{"type":"Feature","properties":{"countryName":"England","Type of Animal":"Chicken"},"geometry":{"type":"Point","coordinates":[-1.707958,51.884452]}},{"type":"Feature","properties":{"countryName":"England","Type of Animal":"Chicken"},"geometry":{"type":"Point","coordinates":[-2.463497,51.870675]}},{"type":"Feature","properties":{"countryName":"England","Type of Animal":"Chicken"},"geometry":{"type":"Point","coordinates":[-2.570682,51.744032]}},{"type":"Feature","properties":{"countryName":"England","Type of Animal":"Chicken"},"geometry":{"type":"Point","coordinates":[-2.274237,53.611743]}},{"type":"Feature","properties":{"countryName":"England","Type of Animal":"Chicken"},"geometry":{"type":"Point","coordinates":[-1.621327,51.170599]}},{"type":"Feature","properties":{"countryName":"England","Type of Animal":"Chicken"},"geometry":{"type":"Point","coordinates":[-1.580688,50.772082]}},{"type":"Feature","properties":{"countryName":"England","Type of Animal":"Chicken"},"geometry":{"type":"Point","coordinates":[-1.273817,51.006112]}},{"type":"Feature","properties":{"countryName":"England","Type of Animal":"Chicken"},"geometry":{"type":"Point","coordinates":[-0.926325,51.030783]}},{"type":"Feature","properties":{"countryName":"England","Type of Animal":"Chicken"},"geometry":{"type":"Point","coordinates":[-1.580688,50.772082]}},{"type":"Feature","properties":{"countryName":"England","Type of Animal":"Chicken"},"geometry":{"type":"Point","coordinates":[-1.596466,51.156012]}},{"type":"Feature","properties":{"countryName":"England","Type of Animal":"Chicken"},"geometry":{"type":"Point","coordinates":[-1.475736,51.188003]}},{"type":"Feature","properties":{"countryName":"England","Type of Animal":"Chicken"},"geometry":{"type":"Point","coordinates":[-0.98297,51.059446]}},{"type":"Feature","properties":{"countryName":"England","Type of Animal":"Chicken"},"geometry":{"type":"Point","coordinates":[-0.982095,51.055819]}},{"type":"Feature","properties":{"countryName":"England","Type of Animal":"Chicken"},"geometry":{"type":"Point","coordinates":[-1.037358,51.065351]}},{"type":"Feature","properties":{"countryName":"England","Type of Animal":"Chicken"},"geometry":{"type":"Point","coordinates":[-1.228871,50.917839]}},{"type":"Feature","properties":{"countryName":"England","Type of Animal":"Chicken"},"geometry":{"type":"Point","coordinates":[-1.58257,51.243217]}},{"type":"Feature","properties":{"countryName":"England","Type of Animal":"Chicken"},"geometry":{"type":"Point","coordinates":[-1.257827,50.925554]}},{"type":"Feature","properties":{"countryName":"England","Type of Animal":"Chicken"},"geometry":{"type":"Point","coordinates":[-3.013751,52.1292]}},{"type":"Feature","properties":{"countryName":"England","Type of Animal":"Chicken"},"geometry":{"type":"Point","coordinates":[-2.952798,52.202301]}},{"type":"Feature","properties":{"countryName":"England","Type of Animal":"Chicken"},"geometry":{"type":"Point","coordinates":[-2.723242,51.970451]}},{"type":"Feature","properties":{"countryName":"England","Type of Animal":"Chicken"},"geometry":{"type":"Point","coordinates":[-2.737021,52.129511]}},{"type":"Feature","properties":{"countryName":"England","Type of Animal":"Chicken"},"geometry":{"type":"Point","coordinates":[-3.001798,52.210553]}},{"type":"Feature","properties":{"countryName":"England","Type of Animal":"Chicken"},"geometry":{"type":"Point","coordinates":[-2.837921,52.054501]}},{"type":"Feature","properties":{"countryName":"England","Type of Animal":"Chicken"},"geometry":{"type":"Point","coordinates":[-2.799822,51.965325]}},{"type":"Feature","properties":{"countryName":"England","Type of Animal":"Chicken"},"geometry":{"type":"Point","coordinates":[-2.620889,52.137274]}},{"type":"Feature","properties":{"countryName":"England","Type of Animal":"Chicken"},"geometry":{"type":"Point","coordinates":[-2.583287,52.021468]}},{"type":"Feature","properties":{"countryName":"England","Type of Animal":"Chicken"},"geometry":{"type":"Point","coordinates":[-2.898479,52.099162]}},{"type":"Feature","properties":{"countryName":"England","Type of Animal":"Chicken"},"geometry":{"type":"Point","coordinates":[-2.858243,52.035924]}},{"type":"Feature","properties":{"countryName":"England","Type of Animal":"Chicken"},"geometry":{"type":"Point","coordinates":[-2.877761,52.243855]}},{"type":"Feature","properties":{"countryName":"England","Type of Animal":"Chicken"},"geometry":{"type":"Point","coordinates":[-2.530771,51.914788]}},{"type":"Feature","properties":{"countryName":"England","Type of Animal":"Chicken"},"geometry":{"type":"Point","coordinates":[-2.759282,51.947]}},{"type":"Feature","properties":{"countryName":"England","Type of Animal":"Chicken"},"geometry":{"type":"Point","coordinates":[-2.716095,51.984124]}},{"type":"Feature","properties":{"countryName":"England","Type of Animal":"Chicken"},"geometry":{"type":"Point","coordinates":[-2.84639,52.017236]}},{"type":"Feature","properties":{"countryName":"England","Type of Animal":"Chicken"},"geometry":{"type":"Point","coordinates":[-2.888949,52.17125]}},{"type":"Feature","properties":{"countryName":"England","Type of Animal":"Chicken"},"geometry":{"type":"Point","coordinates":[-2.985678,52.134258]}},{"type":"Feature","properties":{"countryName":"England","Type of Animal":"Chicken"},"geometry":{"type":"Point","coordinates":[-2.846929,52.139157]}},{"type":"Feature","properties":{"countryName":"England","Type of Animal":"Chicken"},"geometry":{"type":"Point","coordinates":[-2.862925,52.165393]}},{"type":"Feature","properties":{"countryName":"England","Type of Animal":"Chicken"},"geometry":{"type":"Point","coordinates":[-2.837921,52.054501]}},{"type":"Feature","properties":{"countryName":"England","Type of Animal":"Chicken"},"geometry":{"type":"Point","coordinates":[-2.685412,51.915302]}},{"type":"Feature","properties":{"countryName":"England","Type of Animal":"Chicken"},"geometry":{"type":"Point","coordinates":[-2.641641,52.150846]}},{"type":"Feature","properties":{"countryName":"England","Type of Animal":"Chicken"},"geometry":{"type":"Point","coordinates":[-2.736032,51.982554]}},{"type":"Feature","properties":{"countryName":"England","Type of Animal":"Chicken"},"geometry":{"type":"Point","coordinates":[-2.934436,52.245009]}},{"type":"Feature","properties":{"countryName":"England","Type of Animal":"Chicken"},"geometry":{"type":"Point","coordinates":[-2.902675,52.188274]}},{"type":"Feature","properties":{"countryName":"England","Type of Animal":"Chicken"},"geometry":{"type":"Point","coordinates":[-2.90084,52.243004]}},{"type":"Feature","properties":{"countryName":"England","Type of Animal":"Chicken"},"geometry":{"type":"Point","coordinates":[-2.604332,52.062576]}},{"type":"Feature","properties":{"countryName":"England","Type of Animal":"Chicken"},"geometry":{"type":"Point","coordinates":[-2.61201,51.896275]}},{"type":"Feature","properties":{"countryName":"England","Type of Animal":"Chicken"},"geometry":{"type":"Point","coordinates":[-2.807667,52.168204]}},{"type":"Feature","properties":{"countryName":"England","Type of Animal":"Chicken"},"geometry":{"type":"Point","coordinates":[-2.748022,52.014396]}},{"type":"Feature","properties":{"countryName":"England","Type of Animal":"Chicken"},"geometry":{"type":"Point","coordinates":[-2.71025,51.951568]}},{"type":"Feature","properties":{"countryName":"England","Type of Animal":"Chicken"},"geometry":{"type":"Point","coordinates":[-2.653626,52.041957]}},{"type":"Feature","properties":{"countryName":"England","Type of Animal":"Chicken"},"geometry":{"type":"Point","coordinates":[-2.765179,52.270493]}},{"type":"Feature","properties":{"countryName":"England","Type of Animal":"Chicken"},"geometry":{"type":"Point","coordinates":[-2.94699,52.150102]}},{"type":"Feature","properties":{"countryName":"England","Type of Animal":"Chicken"},"geometry":{"type":"Point","coordinates":[-2.536475,52.116256]}},{"type":"Feature","properties":{"countryName":"England","Type of Animal":"Chicken"},"geometry":{"type":"Point","coordinates":[-2.807667,52.168204]}},{"type":"Feature","properties":{"countryName":"England","Type of Animal":"Chicken"},"geometry":{"type":"Point","coordinates":[-2.568183,51.892064]}},{"type":"Feature","properties":{"countryName":"England","Type of Animal":"Chicken"},"geometry":{"type":"Point","coordinates":[-2.522238,52.112706]}},{"type":"Feature","properties":{"countryName":"England","Type of Animal":"Chicken"},"geometry":{"type":"Point","coordinates":[-2.602599,51.90555]}},{"type":"Feature","properties":{"countryName":"England","Type of Animal":"Chicken"},"geometry":{"type":"Point","coordinates":[-2.947469,52.180793]}},{"type":"Feature","properties":{"countryName":"England","Type of Animal":"Chicken"},"geometry":{"type":"Point","coordinates":[-2.691165,51.965177]}},{"type":"Feature","properties":{"countryName":"England","Type of Animal":"Chicken"},"geometry":{"type":"Point","coordinates":[-2.952279,52.210926]}},{"type":"Feature","properties":{"countryName":"England","Type of Animal":"Chicken"},"geometry":{"type":"Point","coordinates":[-2.849081,52.033284]}},{"type":"Feature","properties":{"countryName":"England","Type of Animal":"Chicken"},"geometry":{"type":"Point","coordinates":[-2.543559,52.161977]}},{"type":"Feature","properties":{"countryName":"England","Type of Animal":"Chicken"},"geometry":{"type":"Point","coordinates":[-2.790698,52.035677]}},{"type":"Feature","properties":{"countryName":"England","Type of Animal":"Chicken"},"geometry":{"type":"Point","coordinates":[-2.655284,52.102473]}},{"type":"Feature","properties":{"countryName":"England","Type of Animal":"Chicken"},"geometry":{"type":"Point","coordinates":[-2.904484,52.22622]}},{"type":"Feature","properties":{"countryName":"England","Type of Animal":"Chicken"},"geometry":{"type":"Point","coordinates":[-2.730056,52.103787]}},{"type":"Feature","properties":{"countryName":"England","Type of Animal":"Chicken"},"geometry":{"type":"Point","coordinates":[-3.039874,52.240432]}},{"type":"Feature","properties":{"countryName":"England","Type of Animal":"Chicken"},"geometry":{"type":"Point","coordinates":[-2.502633,52.104024]}},{"type":"Feature","properties":{"countryName":"England","Type of Animal":"Chicken"},"geometry":{"type":"Point","coordinates":[-2.774564,52.22202]}},{"type":"Feature","properties":{"countryName":"England","Type of Animal":"Chicken"},"geometry":{"type":"Point","coordinates":[-2.824161,52.02242]}},{"type":"Feature","properties":{"countryName":"England","Type of Animal":"Chicken"},"geometry":{"type":"Point","coordinates":[-2.867166,52.099909]}},{"type":"Feature","properties":{"countryName":"England","Type of Animal":"Chicken"},"geometry":{"type":"Point","coordinates":[-2.971815,52.193964]}},{"type":"Feature","properties":{"countryName":"England","Type of Animal":"Chicken"},"geometry":{"type":"Point","coordinates":[-2.71608,51.927491]}},{"type":"Feature","properties":{"countryName":"England","Type of Animal":"Chicken"},"geometry":{"type":"Point","coordinates":[-2.823902,52.21281]}},{"type":"Feature","properties":{"countryName":"England","Type of Animal":"Chicken"},"geometry":{"type":"Point","coordinates":[-2.836642,52.213152]}},{"type":"Feature","properties":{"countryName":"England","Type of Animal":"Chicken"},"geometry":{"type":"Point","coordinates":[-2.599691,51.964402]}},{"type":"Feature","properties":{"countryName":"England","Type of Animal":"Chicken"},"geometry":{"type":"Point","coordinates":[-2.684369,51.886851]}},{"type":"Feature","properties":{"countryName":"England","Type of Animal":"Chicken"},"geometry":{"type":"Point","coordinates":[-2.889212,52.19617]}},{"type":"Feature","properties":{"countryName":"England","Type of Animal":"Chicken"},"geometry":{"type":"Point","coordinates":[-3.011219,52.133682]}},{"type":"Feature","properties":{"countryName":"England","Type of Animal":"Chicken"},"geometry":{"type":"Point","coordinates":[-2.676864,52.27114]}},{"type":"Feature","properties":{"countryName":"England","Type of Animal":"Chicken"},"geometry":{"type":"Point","coordinates":[-3.009187,52.201481]}},{"type":"Feature","properties":{"countryName":"England","Type of Animal":"Chicken"},"geometry":{"type":"Point","coordinates":[-2.986257,52.200775]}},{"type":"Feature","properties":{"countryName":"England","Type of Animal":"Chicken"},"geometry":{"type":"Point","coordinates":[-2.584747,52.209095]}},{"type":"Feature","properties":{"countryName":"England","Type of Animal":"Chicken"},"geometry":{"type":"Point","coordinates":[-2.917068,52.101536]}},{"type":"Feature","properties":{"countryName":"England","Type of Animal":"Chicken"},"geometry":{"type":"Point","coordinates":[-2.777481,51.976327]}},{"type":"Feature","properties":{"countryName":"England","Type of Animal":"Chicken"},"geometry":{"type":"Point","coordinates":[-2.775199,51.916668]}},{"type":"Feature","properties":{"countryName":"England","Type of Animal":"Chicken"},"geometry":{"type":"Point","coordinates":[-2.478661,52.105517]}},{"type":"Feature","properties":{"countryName":"England","Type of Animal":"Chicken"},"geometry":{"type":"Point","coordinates":[-2.881846,52.265966]}},{"type":"Feature","properties":{"countryName":"England","Type of Animal":"Chicken"},"geometry":{"type":"Point","coordinates":[-2.858213,52.254003]}},{"type":"Feature","properties":{"countryName":"England","Type of Animal":"Chicken"},"geometry":{"type":"Point","coordinates":[-2.738661,52.013088]}},{"type":"Feature","properties":{"countryName":"England","Type of Animal":"Chicken"},"geometry":{"type":"Point","coordinates":[-2.967664,52.21305]}},{"type":"Feature","properties":{"countryName":"England","Type of Animal":"Chicken"},"geometry":{"type":"Point","coordinates":[-2.800378,52.244313]}},{"type":"Feature","properties":{"countryName":"England","Type of Animal":"Chicken"},"geometry":{"type":"Point","coordinates":[-2.709376,51.871265]}},{"type":"Feature","properties":{"countryName":"England","Type of Animal":"Chicken"},"geometry":{"type":"Point","coordinates":[-2.827329,52.23181]}},{"type":"Feature","properties":{"countryName":"England","Type of Animal":"Chicken"},"geometry":{"type":"Point","coordinates":[-2.712545,51.95497]}},{"type":"Feature","properties":{"countryName":"England","Type of Animal":"Chicken"},"geometry":{"type":"Point","coordinates":[-2.8885,52.060388]}},{"type":"Feature","properties":{"countryName":"England","Type of Animal":"Chicken"},"geometry":{"type":"Point","coordinates":[-0.168859,52.081502]}},{"type":"Feature","properties":{"countryName":"England","Type of Animal":"Chicken"},"geometry":{"type":"Point","coordinates":[0.020184,52.051985]}},{"type":"Feature","properties":{"countryName":"England","Type of Animal":"Chicken"},"geometry":{"type":"Point","coordinates":[0.013159,51.997244]}},{"type":"Feature","properties":{"countryName":"England","Type of Animal":"Chicken"},"geometry":{"type":"Point","coordinates":[-0.059339,51.971377]}},{"type":"Feature","properties":{"countryName":"England","Type of Animal":"Chicken"},"geometry":{"type":"Point","coordinates":[-0.10624,51.757226]}},{"type":"Feature","properties":{"countryName":"England","Type of Animal":"Chicken"},"geometry":{"type":"Point","coordinates":[0.606519,51.172199]}},{"type":"Feature","properties":{"countryName":"England","Type of Animal":"Chicken"},"geometry":{"type":"Point","coordinates":[0.451759,51.080113]}},{"type":"Feature","properties":{"countryName":"England","Type of Animal":"Chicken"},"geometry":{"type":"Point","coordinates":[0.647496,51.104281]}},{"type":"Feature","properties":{"countryName":"England","Type of Animal":"Chicken"},"geometry":{"type":"Point","coordinates":[0.545642,51.079642]}},{"type":"Feature","properties":{"countryName":"England","Type of Animal":"Chicken"},"geometry":{"type":"Point","coordinates":[0.55628,51.138438]}},{"type":"Feature","properties":{"countryName":"England","Type of Animal":"Chicken"},"geometry":{"type":"Point","coordinates":[0.555308,51.202595]}},{"type":"Feature","properties":{"countryName":"England","Type of Animal":"Chicken"},"geometry":{"type":"Point","coordinates":[0.772029,51.085671]}},{"type":"Feature","properties":{"countryName":"England","Type of Animal":"Chicken"},"geometry":{"type":"Point","coordinates":[0.534163,51.233886]}},{"type":"Feature","properties":{"countryName":"England","Type of Animal":"Chicken"},"geometry":{"type":"Point","coordinates":[-2.786392,53.739831]}},{"type":"Feature","properties":{"countryName":"England","Type of Animal":"Chicken"},"geometry":{"type":"Point","coordinates":[-2.724189,53.852791]}},{"type":"Feature","properties":{"countryName":"England","Type of Animal":"Chicken"},"geometry":{"type":"Point","coordinates":[-2.603545,53.72901]}},{"type":"Feature","properties":{"countryName":"England","Type of Animal":"Chicken"},"geometry":{"type":"Point","coordinates":[-2.713859,53.677988]}},{"type":"Feature","properties":{"countryName":"England","Type of Animal":"Chicken"},"geometry":{"type":"Point","coordinates":[-2.922139,53.867006]}},{"type":"Feature","properties":{"countryName":"England","Type of Animal":"Chicken"},"geometry":{"type":"Point","coordinates":[-2.617932,53.602066]}},{"type":"Feature","properties":{"countryName":"England","Type of Animal":"Chicken"},"geometry":{"type":"Point","coordinates":[-2.436799,53.740492]}},{"type":"Feature","properties":{"countryName":"England","Type of Animal":"Chicken"},"geometry":{"type":"Point","coordinates":[-2.840288,53.848295]}},{"type":"Feature","properties":{"countryName":"England","Type of Animal":"Chicken"},"geometry":{"type":"Point","coordinates":[-2.482267,54.132521]}},{"type":"Feature","properties":{"countryName":"England","Type of Animal":"Chicken"},"geometry":{"type":"Point","coordinates":[-2.567932,54.181237]}},{"type":"Feature","properties":{"countryName":"England","Type of Animal":"Chicken"},"geometry":{"type":"Point","coordinates":[-2.482267,54.132521]}},{"type":"Feature","properties":{"countryName":"England","Type of Animal":"Chicken"},"geometry":{"type":"Point","coordinates":[-2.591412,53.601032]}},{"type":"Feature","properties":{"countryName":"England","Type of Animal":"Chicken"},"geometry":{"type":"Point","coordinates":[-2.902425,53.9209]}},{"type":"Feature","properties":{"countryName":"England","Type of Animal":"Chicken"},"geometry":{"type":"Point","coordinates":[-2.784781,53.834979]}},{"type":"Feature","properties":{"countryName":"England","Type of Animal":"Chicken"},"geometry":{"type":"Point","coordinates":[-2.883266,53.523827]}},{"type":"Feature","properties":{"countryName":"England","Type of Animal":"Chicken"},"geometry":{"type":"Point","coordinates":[-2.757422,53.712217]}},{"type":"Feature","properties":{"countryName":"England","Type of Animal":"Chicken"},"geometry":{"type":"Point","coordinates":[-2.930133,53.814669]}},{"type":"Feature","properties":{"countryName":"England","Type of Animal":"Chicken"},"geometry":{"type":"Point","coordinates":[-2.495149,53.792819]}},{"type":"Feature","properties":{"countryName":"England","Type of Animal":"Chicken"},"geometry":{"type":"Point","coordinates":[-2.916378,53.797314]}},{"type":"Feature","properties":{"countryName":"England","Type of Animal":"Chicken"},"geometry":{"type":"Point","coordinates":[-2.785388,53.892349]}},{"type":"Feature","properties":{"countryName":"England","Type of Animal":"Chicken"},"geometry":{"type":"Point","coordinates":[-2.865679,53.900138]}},{"type":"Feature","properties":{"countryName":"England","Type of Animal":"Chicken"},"geometry":{"type":"Point","coordinates":[-2.618407,53.867791]}},{"type":"Feature","properties":{"countryName":"England","Type of Animal":"Chicken"},"geometry":{"type":"Point","coordinates":[-2.811508,54.232042]}},{"type":"Feature","properties":{"countryName":"England","Type of Animal":"Chicken"},"geometry":{"type":"Point","coordinates":[-2.56127,53.552386]}},{"type":"Feature","properties":{"countryName":"England","Type of Animal":"Chicken"},"geometry":{"type":"Point","coordinates":[-2.342695,53.733123]}},{"type":"Feature","properties":{"countryName":"England","Type of Animal":"Chicken"},"geometry":{"type":"Point","coordinates":[-2.693631,54.124271]}},{"type":"Feature","properties":{"countryName":"England","Type of Animal":"Chicken"},"geometry":{"type":"Point","coordinates":[-2.601427,53.629626]}},{"type":"Feature","properties":{"countryName":"England","Type of Animal":"Chicken"},"geometry":{"type":"Point","coordinates":[-2.905991,53.825373]}},{"type":"Feature","properties":{"countryName":"England","Type of Animal":"Chicken"},"geometry":{"type":"Point","coordinates":[-2.653556,53.832965]}},{"type":"Feature","properties":{"countryName":"England","Type of Animal":"Chicken"},"geometry":{"type":"Point","coordinates":[-2.827189,53.590697]}},{"type":"Feature","properties":{"countryName":"England","Type of Animal":"Chicken"},"geometry":{"type":"Point","coordinates":[-2.714726,54.11152]}},{"type":"Feature","properties":{"countryName":"England","Type of Animal":"Chicken"},"geometry":{"type":"Point","coordinates":[-2.674368,53.613959]}},{"type":"Feature","properties":{"countryName":"England","Type of Animal":"Chicken"},"geometry":{"type":"Point","coordinates":[-2.786705,53.706267]}},{"type":"Feature","properties":{"countryName":"England","Type of Animal":"Chicken"},"geometry":{"type":"Point","coordinates":[-2.817931,53.757974]}},{"type":"Feature","properties":{"countryName":"England","Type of Animal":"Chicken"},"geometry":{"type":"Point","coordinates":[-2.714726,54.11152]}},{"type":"Feature","properties":{"countryName":"England","Type of Animal":"Chicken"},"geometry":{"type":"Point","coordinates":[-2.788318,53.813549]}},{"type":"Feature","properties":{"countryName":"England","Type of Animal":"Chicken"},"geometry":{"type":"Point","coordinates":[-2.855171,53.936565]}},{"type":"Feature","properties":{"countryName":"England","Type of Animal":"Chicken"},"geometry":{"type":"Point","coordinates":[-2.911952,53.744619]}},{"type":"Feature","properties":{"countryName":"England","Type of Animal":"Chicken"},"geometry":{"type":"Point","coordinates":[-0.600654,52.732406]}},{"type":"Feature","properties":{"countryName":"England","Type of Animal":"Chicken"},"geometry":{"type":"Point","coordinates":[-1.390307,52.522219]}},{"type":"Feature","properties":{"countryName":"England","Type of Animal":"Chicken"},"geometry":{"type":"Point","coordinates":[-1.03706,52.798483]}},{"type":"Feature","properties":{"countryName":"England","Type of Animal":"Chicken"},"geometry":{"type":"Point","coordinates":[-0.99514,52.796122]}},{"type":"Feature","properties":{"countryName":"England","Type of Animal":"Chicken"},"geometry":{"type":"Point","coordinates":[-1.305623,52.651901]}},{"type":"Feature","properties":{"countryName":"England","Type of Animal":"Chicken"},"geometry":{"type":"Point","coordinates":[-1.260977,52.638479]}},{"type":"Feature","properties":{"countryName":"England","Type of Animal":"Chicken"},"geometry":{"type":"Point","coordinates":[-1.103817,52.804345]}},{"type":"Feature","properties":{"countryName":"England","Type of Animal":"Chicken"},"geometry":{"type":"Point","coordinates":[-1.323414,52.651716]}},{"type":"Feature","properties":{"countryName":"England","Type of Animal":"Chicken"},"geometry":{"type":"Point","coordinates":[-1.211924,52.47707]}},{"type":"Feature","properties":{"countryName":"England","Type of Animal":"Chicken"},"geometry":{"type":"Point","coordinates":[-0.96873,52.807204]}},{"type":"Feature","properties":{"countryName":"England","Type of Animal":"Chicken"},"geometry":{"type":"Point","coordinates":[-0.975446,52.860392]}},{"type":"Feature","properties":{"countryName":"England","Type of Animal":"Chicken"},"geometry":{"type":"Point","coordinates":[-1.068245,52.776241]}},{"type":"Feature","properties":{"countryName":"England","Type of Animal":"Chicken"},"geometry":{"type":"Point","coordinates":[-1.119412,52.783534]}},{"type":"Feature","properties":{"countryName":"England","Type of Animal":"Chicken"},"geometry":{"type":"Point","coordinates":[-1.095726,52.744556]}},{"type":"Feature","properties":{"countryName":"England","Type of Animal":"Chicken"},"geometry":{"type":"Point","coordinates":[-1.016623,52.663457]}},{"type":"Feature","properties":{"countryName":"England","Type of Animal":"Chicken"},"geometry":{"type":"Point","coordinates":[-0.012297,53.513843]}},{"type":"Feature","properties":{"countryName":"England","Type of Animal":"Chicken"},"geometry":{"type":"Point","coordinates":[0.013498,53.110709]}},{"type":"Feature","properties":{"countryName":"England","Type of Animal":"Chicken"},"geometry":{"type":"Point","coordinates":[-0.528288,53.497191]}},{"type":"Feature","properties":{"countryName":"England","Type of Animal":"Chicken"},"geometry":{"type":"Point","coordinates":[-0.407497,53.286617]}},{"type":"Feature","properties":{"countryName":"England","Type of Animal":"Chicken"},"geometry":{"type":"Point","coordinates":[-0.219214,53.19337]}},{"type":"Feature","properties":{"countryName":"England","Type of Animal":"Chicken"},"geometry":{"type":"Point","coordinates":[-0.33626,53.236254]}},{"type":"Feature","properties":{"countryName":"England","Type of Animal":"Chicken"},"geometry":{"type":"Point","coordinates":[0.012411,53.477604]}},{"type":"Feature","properties":{"countryName":"England","Type of Animal":"Chicken"},"geometry":{"type":"Point","coordinates":[0.014118,53.464009]}},{"type":"Feature","properties":{"countryName":"England","Type of Animal":"Chicken"},"geometry":{"type":"Point","coordinates":[0.105079,53.359161]}},{"type":"Feature","properties":{"countryName":"England","Type of Animal":"Chicken"},"geometry":{"type":"Point","coordinates":[-0.121728,53.023097]}},{"type":"Feature","properties":{"countryName":"England","Type of Animal":"Chicken"},"geometry":{"type":"Point","coordinates":[-0.760178,52.970246]}},{"type":"Feature","properties":{"countryName":"England","Type of Animal":"Chicken"},"geometry":{"type":"Point","coordinates":[-0.106369,53.278691]}},{"type":"Feature","properties":{"countryName":"England","Type of Animal":"Chicken"},"geometry":{"type":"Point","coordinates":[-0.364443,53.066293]}},{"type":"Feature","properties":{"countryName":"England","Type of Animal":"Chicken"},"geometry":{"type":"Point","coordinates":[-0.493977,53.377941]}},{"type":"Feature","properties":{"countryName":"England","Type of Animal":"Chicken"},"geometry":{"type":"Point","coordinates":[-0.309773,53.654879]}},{"type":"Feature","properties":{"countryName":"England","Type of Animal":"Chicken"},"geometry":{"type":"Point","coordinates":[-0.757271,53.258479]}},{"type":"Feature","properties":{"countryName":"England","Type of Animal":"Chicken"},"geometry":{"type":"Point","coordinates":[-0.58597,53.104606]}},{"type":"Feature","properties":{"countryName":"England","Type of Animal":"Chicken"},"geometry":{"type":"Point","coordinates":[-0.115785,52.904989]}},{"type":"Feature","properties":{"countryName":"England","Type of Animal":"Chicken"},"geometry":{"type":"Point","coordinates":[-0.531014,53.120374]}},{"type":"Feature","properties":{"countryName":"England","Type of Animal":"Chicken"},"geometry":{"type":"Point","coordinates":[-0.58779,53.111419]}},{"type":"Feature","properties":{"countryName":"England","Type of Animal":"Chicken"},"geometry":{"type":"Point","coordinates":[-0.385327,52.779115]}},{"type":"Feature","properties":{"countryName":"England","Type of Animal":"Chicken"},"geometry":{"type":"Point","coordinates":[-0.44576,52.995485]}},{"type":"Feature","properties":{"countryName":"England","Type of Animal":"Chicken"},"geometry":{"type":"Point","coordinates":[-0.120201,52.910332]}},{"type":"Feature","properties":{"countryName":"England","Type of Animal":"Chicken"},"geometry":{"type":"Point","coordinates":[0.014033,53.048045]}},{"type":"Feature","properties":{"countryName":"England","Type of Animal":"Chicken"},"geometry":{"type":"Point","coordinates":[-0.716024,53.273221]}},{"type":"Feature","properties":{"countryName":"England","Type of Animal":"Chicken"},"geometry":{"type":"Point","coordinates":[-0.73187,53.257678]}},{"type":"Feature","properties":{"countryName":"England","Type of Animal":"Chicken"},"geometry":{"type":"Point","coordinates":[-0.633864,53.635824]}},{"type":"Feature","properties":{"countryName":"England","Type of Animal":"Chicken"},"geometry":{"type":"Point","coordinates":[-0.676941,53.203333]}},{"type":"Feature","properties":{"countryName":"England","Type of Animal":"Chicken"},"geometry":{"type":"Point","coordinates":[-0.716024,53.273221]}},{"type":"Feature","properties":{"countryName":"England","Type of Animal":"Chicken"},"geometry":{"type":"Point","coordinates":[-0.596268,53.505739]}},{"type":"Feature","properties":{"countryName":"England","Type of Animal":"Chicken"},"geometry":{"type":"Point","coordinates":[-0.566856,53.652928]}},{"type":"Feature","properties":{"countryName":"England","Type of Animal":"Chicken"},"geometry":{"type":"Point","coordinates":[-0.525314,53.567225]}},{"type":"Feature","properties":{"countryName":"England","Type of Animal":"Chicken"},"geometry":{"type":"Point","coordinates":[-0.441665,53.557139]}},{"type":"Feature","properties":{"countryName":"England","Type of Animal":"Chicken"},"geometry":{"type":"Point","coordinates":[-0.566121,53.578211]}},{"type":"Feature","properties":{"countryName":"England","Type of Animal":"Chicken"},"geometry":{"type":"Point","coordinates":[-0.587612,53.686524]}},{"type":"Feature","properties":{"countryName":"England","Type of Animal":"Chicken"},"geometry":{"type":"Point","coordinates":[-0.621895,53.457549]}},{"type":"Feature","properties":{"countryName":"England","Type of Animal":"Chicken"},"geometry":{"type":"Point","coordinates":[-0.670593,53.46233]}},{"type":"Feature","properties":{"countryName":"England","Type of Animal":"Chicken"},"geometry":{"type":"Point","coordinates":[0.084694,52.756942]}},{"type":"Feature","properties":{"countryName":"England","Type of Animal":"Chicken"},"geometry":{"type":"Point","coordinates":[-0.714388,53.201246]}},{"type":"Feature","properties":{"countryName":"England","Type of Animal":"Chicken"},"geometry":{"type":"Point","coordinates":[-0.633864,53.635824]}},{"type":"Feature","properties":{"countryName":"England","Type of Animal":"Chicken"},"geometry":{"type":"Point","coordinates":[-0.683591,53.623275]}},{"type":"Feature","properties":{"countryName":"England","Type of Animal":"Chicken"},"geometry":{"type":"Point","coordinates":[-0.436128,53.550607]}},{"type":"Feature","properties":{"countryName":"England","Type of Animal":"Chicken"},"geometry":{"type":"Point","coordinates":[-0.565709,53.622679]}},{"type":"Feature","properties":{"countryName":"England","Type of Animal":"Chicken"},"geometry":{"type":"Point","coordinates":[-0.548701,53.597466]}},{"type":"Feature","properties":{"countryName":"England","Type of Animal":"Chicken"},"geometry":{"type":"Point","coordinates":[-0.59928,53.498079]}},{"type":"Feature","properties":{"countryName":"England","Type of Animal":"Chicken"},"geometry":{"type":"Point","coordinates":[-0.471453,53.570495]}},{"type":"Feature","properties":{"countryName":"England","Type of Animal":"Chicken"},"geometry":{"type":"Point","coordinates":[-0.357428,53.688419]}},{"type":"Feature","properties":{"countryName":"England","Type of Animal":"Chicken"},"geometry":{"type":"Point","coordinates":[-0.56235,53.679681]}},{"type":"Feature","properties":{"countryName":"England","Type of Animal":"Chicken"},"geometry":{"type":"Point","coordinates":[-0.648832,53.264919]}},{"type":"Feature","properties":{"countryName":"England","Type of Animal":"Chicken"},"geometry":{"type":"Point","coordinates":[-0.291235,53.230894]}},{"type":"Feature","properties":{"countryName":"England","Type of Animal":"Chicken"},"geometry":{"type":"Point","coordinates":[-0.510593,53.519996]}},{"type":"Feature","properties":{"countryName":"England","Type of Animal":"Chicken"},"geometry":{"type":"Point","coordinates":[-0.30149,53.638611]}},{"type":"Feature","properties":{"countryName":"England","Type of Animal":"Chicken"},"geometry":{"type":"Point","coordinates":[-0.382041,52.641722]}},{"type":"Feature","properties":{"countryName":"England","Type of Animal":"Chicken"},"geometry":{"type":"Point","coordinates":[-0.46646,53.635028]}},{"type":"Feature","properties":{"countryName":"England","Type of Animal":"Chicken"},"geometry":{"type":"Point","coordinates":[-0.521005,53.016156]}},{"type":"Feature","properties":{"countryName":"England","Type of Animal":"Chicken"},"geometry":{"type":"Point","coordinates":[0.238834,53.179249]}},{"type":"Feature","properties":{"countryName":"England","Type of Animal":"Chicken"},"geometry":{"type":"Point","coordinates":[-0.672262,53.069635]}},{"type":"Feature","properties":{"countryName":"England","Type of Animal":"Chicken"},"geometry":{"type":"Point","coordinates":[0.259497,53.285283]}},{"type":"Feature","properties":{"countryName":"England","Type of Animal":"Chicken"},"geometry":{"type":"Point","coordinates":[-0.056703,53.259588]}},{"type":"Feature","properties":{"countryName":"England","Type of Animal":"Chicken"},"geometry":{"type":"Point","coordinates":[0.287483,53.16821]}},{"type":"Feature","properties":{"countryName":"England","Type of Animal":"Chicken"},"geometry":{"type":"Point","coordinates":[0.198826,53.30982]}},{"type":"Feature","properties":{"countryName":"England","Type of Animal":"Chicken"},"geometry":{"type":"Point","coordinates":[0.202528,53.261877]}},{"type":"Feature","properties":{"countryName":"England","Type of Animal":"Chicken"},"geometry":{"type":"Point","coordinates":[0.195163,53.250406]}},{"type":"Feature","properties":{"countryName":"England","Type of Animal":"Chicken"},"geometry":{"type":"Point","coordinates":[-0.600316,53.012652]}},{"type":"Feature","properties":{"countryName":"England","Type of Animal":"Chicken"},"geometry":{"type":"Point","coordinates":[0.177568,53.331921]}},{"type":"Feature","properties":{"countryName":"England","Type of Animal":"Chicken"},"geometry":{"type":"Point","coordinates":[-0.54528,53.031037]}},{"type":"Feature","properties":{"countryName":"England","Type of Animal":"Chicken"},"geometry":{"type":"Point","coordinates":[-0.719293,52.982987]}},{"type":"Feature","properties":{"countryName":"England","Type of Animal":"Chicken"},"geometry":{"type":"Point","coordinates":[-0.157592,53.587518]}},{"type":"Feature","properties":{"countryName":"England","Type of Animal":"Chicken"},"geometry":{"type":"Point","coordinates":[-0.434391,53.432771]}},{"type":"Feature","properties":{"countryName":"England","Type of Animal":"Chicken"},"geometry":{"type":"Point","coordinates":[-0.289032,52.971213]}},{"type":"Feature","properties":{"countryName":"England","Type of Animal":"Chicken"},"geometry":{"type":"Point","coordinates":[-0.430905,53.284038]}},{"type":"Feature","properties":{"countryName":"England","Type of Animal":"Chicken"},"geometry":{"type":"Point","coordinates":[-0.178874,53.162931]}},{"type":"Feature","properties":{"countryName":"England","Type of Animal":"Chicken"},"geometry":{"type":"Point","coordinates":[0.234808,53.259523]}},{"type":"Feature","properties":{"countryName":"England","Type of Animal":"Chicken"},"geometry":{"type":"Point","coordinates":[-1.754959,52.940697]}},{"type":"Feature","properties":{"countryName":"England","Type of Animal":"Chicken"},"geometry":{"type":"Point","coordinates":[-0.364112,53.047059]}},{"type":"Feature","properties":{"countryName":"England","Type of Animal":"Chicken"},"geometry":{"type":"Point","coordinates":[-0.356613,53.051142]}},{"type":"Feature","properties":{"countryName":"England","Type of Animal":"Chicken"},"geometry":{"type":"Point","coordinates":[-0.165813,53.156662]}},{"type":"Feature","properties":{"countryName":"England","Type of Animal":"Chicken"},"geometry":{"type":"Point","coordinates":[-0.203675,53.384003]}},{"type":"Feature","properties":{"countryName":"England","Type of Animal":"Chicken"},"geometry":{"type":"Point","coordinates":[-0.704157,53.198942]}},{"type":"Feature","properties":{"countryName":"England","Type of Animal":"Chicken"},"geometry":{"type":"Point","coordinates":[-0.66635,53.264748]}},{"type":"Feature","properties":{"countryName":"England","Type of Animal":"Chicken"},"geometry":{"type":"Point","coordinates":[-0.645375,53.049965]}},{"type":"Feature","properties":{"countryName":"England","Type of Animal":"Chicken"},"geometry":{"type":"Point","coordinates":[-0.267804,53.192214]}},{"type":"Feature","properties":{"countryName":"England","Type of Animal":"Chicken"},"geometry":{"type":"Point","coordinates":[-0.006614,53.14532]}},{"type":"Feature","properties":{"countryName":"England","Type of Animal":"Chicken"},"geometry":{"type":"Point","coordinates":[-0.30149,53.638611]}},{"type":"Feature","properties":{"countryName":"England","Type of Animal":"Chicken"},"geometry":{"type":"Point","coordinates":[-0.11346,53.064859]}},{"type":"Feature","properties":{"countryName":"England","Type of Animal":"Chicken"},"geometry":{"type":"Point","coordinates":[-0.346688,53.316351]}},{"type":"Feature","properties":{"countryName":"England","Type of Animal":"Chicken"},"geometry":{"type":"Point","coordinates":[-0.189581,53.202813]}},{"type":"Feature","properties":{"countryName":"England","Type of Animal":"Chicken"},"geometry":{"type":"Point","coordinates":[-0.258138,53.082708]}},{"type":"Feature","properties":{"countryName":"England","Type of Animal":"Chicken"},"geometry":{"type":"Point","coordinates":[-0.430905,53.284038]}},{"type":"Feature","properties":{"countryName":"England","Type of Animal":"Chicken"},"geometry":{"type":"Point","coordinates":[-0.746661,52.844372]}},{"type":"Feature","properties":{"countryName":"England","Type of Animal":"Chicken"},"geometry":{"type":"Point","coordinates":[0.080263,53.461734]}},{"type":"Feature","properties":{"countryName":"England","Type of Animal":"Chicken"},"geometry":{"type":"Point","coordinates":[-0.386542,52.973323]}},{"type":"Feature","properties":{"countryName":"England","Type of Animal":"Chicken"},"geometry":{"type":"Point","coordinates":[-0.386542,52.973323]}},{"type":"Feature","properties":{"countryName":"England","Type of Animal":"Chicken"},"geometry":{"type":"Point","coordinates":[-0.132208,53.05454]}},{"type":"Feature","properties":{"countryName":"England","Type of Animal":"Chicken"},"geometry":{"type":"Point","coordinates":[-0.364018,52.992416]}},{"type":"Feature","properties":{"countryName":"England","Type of Animal":"Chicken"},"geometry":{"type":"Point","coordinates":[0.002133,53.454977]}},{"type":"Feature","properties":{"countryName":"England","Type of Animal":"Chicken"},"geometry":{"type":"Point","coordinates":[-0.243302,53.070563]}},{"type":"Feature","properties":{"countryName":"England","Type of Animal":"Chicken"},"geometry":{"type":"Point","coordinates":[-0.719056,53.259099]}},{"type":"Feature","properties":{"countryName":"England","Type of Animal":"Chicken"},"geometry":{"type":"Point","coordinates":[-0.180906,52.735935]}},{"type":"Feature","properties":{"countryName":"England","Type of Animal":"Chicken"},"geometry":{"type":"Point","coordinates":[-0.729105,53.204254]}},{"type":"Feature","properties":{"countryName":"England","Type of Animal":"Chicken"},"geometry":{"type":"Point","coordinates":[-2.043131,52.146448]}},{"type":"Feature","properties":{"countryName":"England","Type of Animal":"Chicken"},"geometry":{"type":"Point","coordinates":[-0.353532,53.428613]}},{"type":"Feature","properties":{"countryName":"England","Type of Animal":"Chicken"},"geometry":{"type":"Point","coordinates":[-0.410818,53.010653]}},{"type":"Feature","properties":{"countryName":"England","Type of Animal":"Chicken"},"geometry":{"type":"Point","coordinates":[-0.004739,53.036341]}},{"type":"Feature","properties":{"countryName":"England","Type of Animal":"Chicken"},"geometry":{"type":"Point","coordinates":[-0.711217,53.140754]}},{"type":"Feature","properties":{"countryName":"England","Type of Animal":"Chicken"},"geometry":{"type":"Point","coordinates":[-0.415314,53.272002]}},{"type":"Feature","properties":{"countryName":"England","Type of Animal":"Chicken"},"geometry":{"type":"Point","coordinates":[-0.00108,53.140831]}},{"type":"Feature","properties":{"countryName":"England","Type of Animal":"Chicken"},"geometry":{"type":"Point","coordinates":[0.012013,53.132995]}},{"type":"Feature","properties":{"countryName":"England","Type of Animal":"Chicken"},"geometry":{"type":"Point","coordinates":[0.035699,53.117641]}},{"type":"Feature","properties":{"countryName":"England","Type of Animal":"Chicken"},"geometry":{"type":"Point","coordinates":[-0.008476,53.139966]}},{"type":"Feature","properties":{"countryName":"England","Type of Animal":"Chicken"},"geometry":{"type":"Point","coordinates":[-0.418078,53.420397]}},{"type":"Feature","properties":{"countryName":"England","Type of Animal":"Chicken"},"geometry":{"type":"Point","coordinates":[-0.683458,53.540062]}},{"type":"Feature","properties":{"countryName":"England","Type of Animal":"Chicken"},"geometry":{"type":"Point","coordinates":[-0.850287,53.568419]}},{"type":"Feature","properties":{"countryName":"England","Type of Animal":"Chicken"},"geometry":{"type":"Point","coordinates":[-0.818202,53.597416]}},{"type":"Feature","properties":{"countryName":"England","Type of Animal":"Chicken"},"geometry":{"type":"Point","coordinates":[-0.730727,53.506661]}},{"type":"Feature","properties":{"countryName":"England","Type of Animal":"Chicken"},"geometry":{"type":"Point","coordinates":[-0.493977,53.377941]}},{"type":"Feature","properties":{"countryName":"England","Type of Animal":"Chicken"},"geometry":{"type":"Point","coordinates":[-0.683458,53.540062]}},{"type":"Feature","properties":{"countryName":"England","Type of Animal":"Chicken"},"geometry":{"type":"Point","coordinates":[-0.713067,53.532639]}},{"type":"Feature","properties":{"countryName":"England","Type of Animal":"Chicken"},"geometry":{"type":"Point","coordinates":[-0.827933,53.634198]}},{"type":"Feature","properties":{"countryName":"England","Type of Animal":"Chicken"},"geometry":{"type":"Point","coordinates":[-0.83212,53.610506]}},{"type":"Feature","properties":{"countryName":"England","Type of Animal":"Chicken"},"geometry":{"type":"Point","coordinates":[-0.396432,53.048488]}},{"type":"Feature","properties":{"countryName":"England","Type of Animal":"Chicken"},"geometry":{"type":"Point","coordinates":[-0.325696,53.090963]}},{"type":"Feature","properties":{"countryName":"England","Type of Animal":"Chicken"},"geometry":{"type":"Point","coordinates":[0.006796,53.414166]}},{"type":"Feature","properties":{"countryName":"England","Type of Animal":"Chicken"},"geometry":{"type":"Point","coordinates":[-0.132208,53.05454]}},{"type":"Feature","properties":{"countryName":"England","Type of Animal":"Chicken"},"geometry":{"type":"Point","coordinates":[-0.832978,53.554694]}},{"type":"Feature","properties":{"countryName":"England","Type of Animal":"Chicken"},"geometry":{"type":"Point","coordinates":[-0.331862,53.103743]}},{"type":"Feature","properties":{"countryName":"England","Type of Animal":"Chicken"},"geometry":{"type":"Point","coordinates":[-0.068748,52.955692]}},{"type":"Feature","properties":{"countryName":"England","Type of Animal":"Chicken"},"geometry":{"type":"Point","coordinates":[-0.44343,53.038423]}},{"type":"Feature","properties":{"countryName":"England","Type of Animal":"Chicken"},"geometry":{"type":"Point","coordinates":[-0.346358,53.039316]}},{"type":"Feature","properties":{"countryName":"England","Type of Animal":"Chicken"},"geometry":{"type":"Point","coordinates":[-0.529603,53.093396]}},{"type":"Feature","properties":{"countryName":"England","Type of Animal":"Chicken"},"geometry":{"type":"Point","coordinates":[-0.407349,53.128561]}},{"type":"Feature","properties":{"countryName":"England","Type of Animal":"Chicken"},"geometry":{"type":"Point","coordinates":[-0.40983,53.070738]}},{"type":"Feature","properties":{"countryName":"England","Type of Animal":"Chicken"},"geometry":{"type":"Point","coordinates":[-0.356371,53.090932]}},{"type":"Feature","properties":{"countryName":"England","Type of Animal":"Chicken"},"geometry":{"type":"Point","coordinates":[-0.245365,53.034498]}},{"type":"Feature","properties":{"countryName":"England","Type of Animal":"Chicken"},"geometry":{"type":"Point","coordinates":[-0.364443,53.066293]}},{"type":"Feature","properties":{"countryName":"England","Type of Animal":"Chicken"},"geometry":{"type":"Point","coordinates":[-0.366859,53.110833]}},{"type":"Feature","properties":{"countryName":"England","Type of Animal":"Chicken"},"geometry":{"type":"Point","coordinates":[-0.429288,53.041384]}},{"type":"Feature","properties":{"countryName":"England","Type of Animal":"Chicken"},"geometry":{"type":"Point","coordinates":[-0.303631,53.622182]}},{"type":"Feature","properties":{"countryName":"England","Type of Animal":"Chicken"},"geometry":{"type":"Point","coordinates":[-0.112113,53.21299]}},{"type":"Feature","properties":{"countryName":"England","Type of Animal":"Chicken"},"geometry":{"type":"Point","coordinates":[-0.562629,53.338371]}},{"type":"Feature","properties":{"countryName":"England","Type of Animal":"Chicken"},"geometry":{"type":"Point","coordinates":[-0.433579,53.02052]}},{"type":"Feature","properties":{"countryName":"England","Type of Animal":"Chicken"},"geometry":{"type":"Point","coordinates":[0.183366,53.426908]}},{"type":"Feature","properties":{"countryName":"England","Type of Animal":"Chicken"},"geometry":{"type":"Point","coordinates":[-0.228022,52.914817]}},{"type":"Feature","properties":{"countryName":"England","Type of Animal":"Chicken"},"geometry":{"type":"Point","coordinates":[-0.606017,52.852333]}},{"type":"Feature","properties":{"countryName":"England","Type of Animal":"Chicken"},"geometry":{"type":"Point","coordinates":[-0.597893,53.022099]}},{"type":"Feature","properties":{"countryName":"England","Type of Animal":"Chicken"},"geometry":{"type":"Point","coordinates":[0.015108,52.756787]}},{"type":"Feature","properties":{"countryName":"England","Type of Animal":"Chicken"},"geometry":{"type":"Point","coordinates":[-0.011734,52.673696]}},{"type":"Feature","properties":{"countryName":"England","Type of Animal":"Chicken"},"geometry":{"type":"Point","coordinates":[-0.011412,52.727045]}},{"type":"Feature","properties":{"countryName":"England","Type of Animal":"Chicken"},"geometry":{"type":"Point","coordinates":[-0.125226,52.753514]}},{"type":"Feature","properties":{"countryName":"England","Type of Animal":"Chicken"},"geometry":{"type":"Point","coordinates":[0.006604,52.699445]}},{"type":"Feature","properties":{"countryName":"England","Type of Animal":"Chicken"},"geometry":{"type":"Point","coordinates":[-0.159927,53.03015]}},{"type":"Feature","properties":{"countryName":"England","Type of Animal":"Chicken"},"geometry":{"type":"Point","coordinates":[0.08671,53.040876]}},{"type":"Feature","properties":{"countryName":"England","Type of Animal":"Chicken"},"geometry":{"type":"Point","coordinates":[-0.05781,52.959762]}},{"type":"Feature","properties":{"countryName":"England","Type of Animal":"Chicken"},"geometry":{"type":"Point","coordinates":[-0.173218,52.76715]}},{"type":"Feature","properties":{"countryName":"England","Type of Animal":"Chicken"},"geometry":{"type":"Point","coordinates":[-0.241485,52.854897]}},{"type":"Feature","properties":{"countryName":"England","Type of Animal":"Chicken"},"geometry":{"type":"Point","coordinates":[-0.701841,53.019714]}},{"type":"Feature","properties":{"countryName":"England","Type of Animal":"Chicken"},"geometry":{"type":"Point","coordinates":[-0.162155,52.984958]}},{"type":"Feature","properties":{"countryName":"England","Type of Animal":"Chicken"},"geometry":{"type":"Point","coordinates":[0.01782,53.093644]}},{"type":"Feature","properties":{"countryName":"England","Type of Animal":"Chicken"},"geometry":{"type":"Point","coordinates":[0.064726,52.956286]}},{"type":"Feature","properties":{"countryName":"England","Type of Animal":"Chicken"},"geometry":{"type":"Point","coordinates":[-0.189066,52.825366]}},{"type":"Feature","properties":{"countryName":"England","Type of Animal":"Chicken"},"geometry":{"type":"Point","coordinates":[-0.236709,52.682516]}},{"type":"Feature","properties":{"countryName":"England","Type of Animal":"Chicken"},"geometry":{"type":"Point","coordinates":[0.649272,52.511639]}},{"type":"Feature","properties":{"countryName":"England","Type of Animal":"Chicken"},"geometry":{"type":"Point","coordinates":[1.406654,52.569259]}},{"type":"Feature","properties":{"countryName":"England","Type of Animal":"Chicken"},"geometry":{"type":"Point","coordinates":[0.664348,52.521102]}},{"type":"Feature","properties":{"countryName":"England","Type of Animal":"Chicken"},"geometry":{"type":"Point","coordinates":[1.314026,52.494032]}},{"type":"Feature","properties":{"countryName":"England","Type of Animal":"Chicken"},"geometry":{"type":"Point","coordinates":[1.265355,52.485475]}},{"type":"Feature","properties":{"countryName":"England","Type of Animal":"Chicken"},"geometry":{"type":"Point","coordinates":[0.927623,52.834525]}},{"type":"Feature","properties":{"countryName":"England","Type of Animal":"Chicken"},"geometry":{"type":"Point","coordinates":[1.059557,52.856278]}},{"type":"Feature","properties":{"countryName":"England","Type of Animal":"Chicken"},"geometry":{"type":"Point","coordinates":[0.740181,52.628669]}},{"type":"Feature","properties":{"countryName":"England","Type of Animal":"Chicken"},"geometry":{"type":"Point","coordinates":[0.561154,52.512098]}},{"type":"Feature","properties":{"countryName":"England","Type of Animal":"Chicken"},"geometry":{"type":"Point","coordinates":[0.727464,52.803264]}},{"type":"Feature","properties":{"countryName":"England","Type of Animal":"Chicken"},"geometry":{"type":"Point","coordinates":[0.903532,52.476686]}},{"type":"Feature","properties":{"countryName":"England","Type of Animal":"Chicken"},"geometry":{"type":"Point","coordinates":[0.956241,52.542729]}},{"type":"Feature","properties":{"countryName":"England","Type of Animal":"Chicken"},"geometry":{"type":"Point","coordinates":[0.977792,52.546554]}},{"type":"Feature","properties":{"countryName":"England","Type of Animal":"Chicken"},"geometry":{"type":"Point","coordinates":[1.402592,52.827816]}},{"type":"Feature","properties":{"countryName":"England","Type of Animal":"Chicken"},"geometry":{"type":"Point","coordinates":[1.223128,52.496757]}},{"type":"Feature","properties":{"countryName":"England","Type of Animal":"Chicken"},"geometry":{"type":"Point","coordinates":[1.348915,52.808523]}},{"type":"Feature","properties":{"countryName":"England","Type of Animal":"Chicken"},"geometry":{"type":"Point","coordinates":[0.952753,52.839631]}},{"type":"Feature","properties":{"countryName":"England","Type of Animal":"Chicken"},"geometry":{"type":"Point","coordinates":[0.959978,52.619809]}},{"type":"Feature","properties":{"countryName":"England","Type of Animal":"Chicken"},"geometry":{"type":"Point","coordinates":[1.142605,52.516394]}},{"type":"Feature","properties":{"countryName":"England","Type of Animal":"Chicken"},"geometry":{"type":"Point","coordinates":[0.899778,52.49552]}},{"type":"Feature","properties":{"countryName":"England","Type of Animal":"Chicken"},"geometry":{"type":"Point","coordinates":[0.831736,52.460667]}},{"type":"Feature","properties":{"countryName":"England","Type of Animal":"Chicken"},"geometry":{"type":"Point","coordinates":[1.170941,52.718203]}},{"type":"Feature","properties":{"countryName":"England","Type of Animal":"Chicken"},"geometry":{"type":"Point","coordinates":[1.405939,52.793166]}},{"type":"Feature","properties":{"countryName":"England","Type of Animal":"Chicken"},"geometry":{"type":"Point","coordinates":[0.645629,52.661802]}},{"type":"Feature","properties":{"countryName":"England","Type of Animal":"Chicken"},"geometry":{"type":"Point","coordinates":[0.645629,52.661802]}},{"type":"Feature","properties":{"countryName":"England","Type of Animal":"Chicken"},"geometry":{"type":"Point","coordinates":[0.816652,52.470319]}},{"type":"Feature","properties":{"countryName":"England","Type of Animal":"Chicken"},"geometry":{"type":"Point","coordinates":[0.936606,52.437478]}},{"type":"Feature","properties":{"countryName":"England","Type of Animal":"Chicken"},"geometry":{"type":"Point","coordinates":[1.122016,52.856657]}},{"type":"Feature","properties":{"countryName":"England","Type of Animal":"Chicken"},"geometry":{"type":"Point","coordinates":[0.903423,52.492358]}},{"type":"Feature","properties":{"countryName":"England","Type of Animal":"Chicken"},"geometry":{"type":"Point","coordinates":[0.919756,52.460237]}},{"type":"Feature","properties":{"countryName":"England","Type of Animal":"Chicken"},"geometry":{"type":"Point","coordinates":[1.226278,52.467531]}},{"type":"Feature","properties":{"countryName":"England","Type of Animal":"Chicken"},"geometry":{"type":"Point","coordinates":[0.957887,52.393385]}},{"type":"Feature","properties":{"countryName":"England","Type of Animal":"Chicken"},"geometry":{"type":"Point","coordinates":[0.991279,52.412392]}},{"type":"Feature","properties":{"countryName":"England","Type of Animal":"Chicken"},"geometry":{"type":"Point","coordinates":[0.984715,52.7702]}},{"type":"Feature","properties":{"countryName":"England","Type of Animal":"Chicken"},"geometry":{"type":"Point","coordinates":[1.221718,52.374416]}},{"type":"Feature","properties":{"countryName":"England","Type of Animal":"Chicken"},"geometry":{"type":"Point","coordinates":[1.061112,52.443231]}},{"type":"Feature","properties":{"countryName":"England","Type of Animal":"Chicken"},"geometry":{"type":"Point","coordinates":[0.972027,52.408228]}},{"type":"Feature","properties":{"countryName":"England","Type of Animal":"Chicken"},"geometry":{"type":"Point","coordinates":[0.954541,52.332073]}},{"type":"Feature","properties":{"countryName":"England","Type of Animal":"Chicken"},"geometry":{"type":"Point","coordinates":[1.223128,52.496757]}},{"type":"Feature","properties":{"countryName":"England","Type of Animal":"Chicken"},"geometry":{"type":"Point","coordinates":[1.013917,52.440694]}},{"type":"Feature","properties":{"countryName":"England","Type of Animal":"Chicken"},"geometry":{"type":"Point","coordinates":[0.992137,52.430491]}},{"type":"Feature","properties":{"countryName":"England","Type of Animal":"Chicken"},"geometry":{"type":"Point","coordinates":[1.203547,52.454029]}},{"type":"Feature","properties":{"countryName":"England","Type of Animal":"Chicken"},"geometry":{"type":"Point","coordinates":[1.267144,52.551871]}},{"type":"Feature","properties":{"countryName":"England","Type of Animal":"Chicken"},"geometry":{"type":"Point","coordinates":[1.37317,52.374253]}},{"type":"Feature","properties":{"countryName":"England","Type of Animal":"Chicken"},"geometry":{"type":"Point","coordinates":[0.990026,52.512998]}},{"type":"Feature","properties":{"countryName":"England","Type of Animal":"Chicken"},"geometry":{"type":"Point","coordinates":[1.02761,52.567462]}},{"type":"Feature","properties":{"countryName":"England","Type of Animal":"Chicken"},"geometry":{"type":"Point","coordinates":[1.014293,52.433762]}},{"type":"Feature","properties":{"countryName":"England","Type of Animal":"Chicken"},"geometry":{"type":"Point","coordinates":[0.782128,52.395669]}},{"type":"Feature","properties":{"countryName":"England","Type of Animal":"Chicken"},"geometry":{"type":"Point","coordinates":[0.828151,52.732124]}},{"type":"Feature","properties":{"countryName":"England","Type of Animal":"Chicken"},"geometry":{"type":"Point","coordinates":[1.322351,52.493636]}},{"type":"Feature","properties":{"countryName":"England","Type of Animal":"Chicken"},"geometry":{"type":"Point","coordinates":[1.226278,52.467531]}},{"type":"Feature","properties":{"countryName":"England","Type of Animal":"Chicken"},"geometry":{"type":"Point","coordinates":[1.2276,52.39764]}},{"type":"Feature","properties":{"countryName":"England","Type of Animal":"Chicken"},"geometry":{"type":"Point","coordinates":[0.798652,52.350789]}},{"type":"Feature","properties":{"countryName":"England","Type of Animal":"Chicken"},"geometry":{"type":"Point","coordinates":[0.922424,52.544126]}},{"type":"Feature","properties":{"countryName":"England","Type of Animal":"Chicken"},"geometry":{"type":"Point","coordinates":[0.865823,52.527898]}},{"type":"Feature","properties":{"countryName":"England","Type of Animal":"Chicken"},"geometry":{"type":"Point","coordinates":[1.365698,52.890233]}},{"type":"Feature","properties":{"countryName":"England","Type of Animal":"Chicken"},"geometry":{"type":"Point","coordinates":[0.983678,52.547534]}},{"type":"Feature","properties":{"countryName":"England","Type of Animal":"Chicken"},"geometry":{"type":"Point","coordinates":[0.957205,52.55279]}},{"type":"Feature","properties":{"countryName":"England","Type of Animal":"Chicken"},"geometry":{"type":"Point","coordinates":[1.615177,52.701279]}},{"type":"Feature","properties":{"countryName":"England","Type of Animal":"Chicken"},"geometry":{"type":"Point","coordinates":[1.632053,52.69881]}},{"type":"Feature","properties":{"countryName":"England","Type of Animal":"Chicken"},"geometry":{"type":"Point","coordinates":[0.995522,52.669834]}},{"type":"Feature","properties":{"countryName":"England","Type of Animal":"Chicken"},"geometry":{"type":"Point","coordinates":[1.67332,52.667595]}},{"type":"Feature","properties":{"countryName":"England","Type of Animal":"Chicken"},"geometry":{"type":"Point","coordinates":[1.284202,52.463997]}},{"type":"Feature","properties":{"countryName":"England","Type of Animal":"Chicken"},"geometry":{"type":"Point","coordinates":[1.089713,52.433421]}},{"type":"Feature","properties":{"countryName":"England","Type of Animal":"Chicken"},"geometry":{"type":"Point","coordinates":[1.291581,52.467165]}},{"type":"Feature","properties":{"countryName":"England","Type of Animal":"Chicken"},"geometry":{"type":"Point","coordinates":[1.638278,52.648726]}},{"type":"Feature","properties":{"countryName":"England","Type of Animal":"Chicken"},"geometry":{"type":"Point","coordinates":[0.599537,52.617305]}},{"type":"Feature","properties":{"countryName":"England","Type of Animal":"Chicken"},"geometry":{"type":"Point","coordinates":[0.933395,52.870588]}},{"type":"Feature","properties":{"countryName":"England","Type of Animal":"Chicken"},"geometry":{"type":"Point","coordinates":[1.080433,52.497138]}},{"type":"Feature","properties":{"countryName":"England","Type of Animal":"Chicken"},"geometry":{"type":"Point","coordinates":[0.836256,52.472582]}},{"type":"Feature","properties":{"countryName":"England","Type of Animal":"Chicken"},"geometry":{"type":"Point","coordinates":[1.525716,52.639918]}},{"type":"Feature","properties":{"countryName":"England","Type of Animal":"Chicken"},"geometry":{"type":"Point","coordinates":[1.671637,52.644098]}},{"type":"Feature","properties":{"countryName":"England","Type of Animal":"Chicken"},"geometry":{"type":"Point","coordinates":[1.29629,52.697767]}},{"type":"Feature","properties":{"countryName":"England","Type of Animal":"Chicken"},"geometry":{"type":"Point","coordinates":[1.299044,52.906566]}},{"type":"Feature","properties":{"countryName":"England","Type of Animal":"Chicken"},"geometry":{"type":"Point","coordinates":[0.869518,52.752748]}},{"type":"Feature","properties":{"countryName":"England","Type of Animal":"Chicken"},"geometry":{"type":"Point","coordinates":[1.411982,52.811275]}},{"type":"Feature","properties":{"countryName":"England","Type of Animal":"Chicken"},"geometry":{"type":"Point","coordinates":[1.560971,52.494648]}},{"type":"Feature","properties":{"countryName":"England","Type of Animal":"Chicken"},"geometry":{"type":"Point","coordinates":[1.287306,52.446175]}},{"type":"Feature","properties":{"countryName":"England","Type of Animal":"Chicken"},"geometry":{"type":"Point","coordinates":[0.645102,52.654054]}},{"type":"Feature","properties":{"countryName":"England","Type of Animal":"Chicken"},"geometry":{"type":"Point","coordinates":[1.051196,52.46946]}},{"type":"Feature","properties":{"countryName":"England","Type of Animal":"Chicken"},"geometry":{"type":"Point","coordinates":[1.0988,52.506452]}},{"type":"Feature","properties":{"countryName":"England","Type of Animal":"Chicken"},"geometry":{"type":"Point","coordinates":[1.121697,52.501448]}},{"type":"Feature","properties":{"countryName":"England","Type of Animal":"Chicken"},"geometry":{"type":"Point","coordinates":[1.18362,52.455737]}},{"type":"Feature","properties":{"countryName":"England","Type of Animal":"Chicken"},"geometry":{"type":"Point","coordinates":[1.115503,52.685815]}},{"type":"Feature","properties":{"countryName":"England","Type of Animal":"Chicken"},"geometry":{"type":"Point","coordinates":[1.229476,52.401177]}},{"type":"Feature","properties":{"countryName":"England","Type of Animal":"Chicken"},"geometry":{"type":"Point","coordinates":[1.584057,52.744993]}},{"type":"Feature","properties":{"countryName":"England","Type of Animal":"Chicken"},"geometry":{"type":"Point","coordinates":[1.539926,52.765891]}},{"type":"Feature","properties":{"countryName":"England","Type of Animal":"Chicken"},"geometry":{"type":"Point","coordinates":[1.527291,52.603553]}},{"type":"Feature","properties":{"countryName":"England","Type of Animal":"Chicken"},"geometry":{"type":"Point","coordinates":[0.609324,52.535046]}},{"type":"Feature","properties":{"countryName":"England","Type of Animal":"Chicken"},"geometry":{"type":"Point","coordinates":[0.555584,52.537019]}},{"type":"Feature","properties":{"countryName":"England","Type of Animal":"Chicken"},"geometry":{"type":"Point","coordinates":[1.153606,52.419691]}},{"type":"Feature","properties":{"countryName":"England","Type of Animal":"Chicken"},"geometry":{"type":"Point","coordinates":[0.57581,52.9031]}},{"type":"Feature","properties":{"countryName":"England","Type of Animal":"Chicken"},"geometry":{"type":"Point","coordinates":[1.512701,52.793727]}},{"type":"Feature","properties":{"countryName":"England","Type of Animal":"Chicken"},"geometry":{"type":"Point","coordinates":[0.978846,52.515182]}},{"type":"Feature","properties":{"countryName":"England","Type of Animal":"Chicken"},"geometry":{"type":"Point","coordinates":[1.274763,52.411834]}},{"type":"Feature","properties":{"countryName":"England","Type of Animal":"Chicken"},"geometry":{"type":"Point","coordinates":[1.29503,52.482781]}},{"type":"Feature","properties":{"countryName":"England","Type of Animal":"Chicken"},"geometry":{"type":"Point","coordinates":[0.871926,52.789775]}},{"type":"Feature","properties":{"countryName":"England","Type of Animal":"Chicken"},"geometry":{"type":"Point","coordinates":[1.336066,52.55931]}},{"type":"Feature","properties":{"countryName":"England","Type of Animal":"Chicken"},"geometry":{"type":"Point","coordinates":[1.078354,52.692713]}},{"type":"Feature","properties":{"countryName":"England","Type of Animal":"Chicken"},"geometry":{"type":"Point","coordinates":[0.727464,52.803264]}},{"type":"Feature","properties":{"countryName":"England","Type of Animal":"Chicken"},"geometry":{"type":"Point","coordinates":[0.826673,52.820463]}},{"type":"Feature","properties":{"countryName":"England","Type of Animal":"Chicken"},"geometry":{"type":"Point","coordinates":[0.553613,52.535569]}},{"type":"Feature","properties":{"countryName":"England","Type of Animal":"Chicken"},"geometry":{"type":"Point","coordinates":[1.371323,52.52952]}},{"type":"Feature","properties":{"countryName":"England","Type of Animal":"Chicken"},"geometry":{"type":"Point","coordinates":[1.071787,52.585575]}},{"type":"Feature","properties":{"countryName":"England","Type of Animal":"Chicken"},"geometry":{"type":"Point","coordinates":[0.960507,52.57782]}},{"type":"Feature","properties":{"countryName":"England","Type of Animal":"Chicken"},"geometry":{"type":"Point","coordinates":[0.777542,52.775332]}},{"type":"Feature","properties":{"countryName":"England","Type of Animal":"Chicken"},"geometry":{"type":"Point","coordinates":[0.800161,52.794368]}},{"type":"Feature","properties":{"countryName":"England","Type of Animal":"Chicken"},"geometry":{"type":"Point","coordinates":[0.950922,52.477153]}},{"type":"Feature","properties":{"countryName":"England","Type of Animal":"Chicken"},"geometry":{"type":"Point","coordinates":[0.870231,52.511268]}},{"type":"Feature","properties":{"countryName":"England","Type of Animal":"Chicken"},"geometry":{"type":"Point","coordinates":[1.241208,52.529585]}},{"type":"Feature","properties":{"countryName":"England","Type of Animal":"Chicken"},"geometry":{"type":"Point","coordinates":[1.046245,52.793436]}},{"type":"Feature","properties":{"countryName":"England","Type of Animal":"Chicken"},"geometry":{"type":"Point","coordinates":[1.059673,52.702829]}},{"type":"Feature","properties":{"countryName":"England","Type of Animal":"Chicken"},"geometry":{"type":"Point","coordinates":[1.19168,52.801141]}},{"type":"Feature","properties":{"countryName":"England","Type of Animal":"Chicken"},"geometry":{"type":"Point","coordinates":[1.222199,52.714985]}},{"type":"Feature","properties":{"countryName":"England","Type of Animal":"Chicken"},"geometry":{"type":"Point","coordinates":[1.120152,52.726504]}},{"type":"Feature","properties":{"countryName":"England","Type of Animal":"Chicken"},"geometry":{"type":"Point","coordinates":[0.860894,52.687859]}},{"type":"Feature","properties":{"countryName":"England","Type of Animal":"Chicken"},"geometry":{"type":"Point","coordinates":[1.16018,52.549885]}},{"type":"Feature","properties":{"countryName":"England","Type of Animal":"Chicken"},"geometry":{"type":"Point","coordinates":[1.194158,52.738993]}},{"type":"Feature","properties":{"countryName":"England","Type of Animal":"Chicken"},"geometry":{"type":"Point","coordinates":[0.972351,52.936011]}},{"type":"Feature","properties":{"countryName":"England","Type of Animal":"Chicken"},"geometry":{"type":"Point","coordinates":[-1.247848,53.728522]}},{"type":"Feature","properties":{"countryName":"England","Type of Animal":"Chicken"},"geometry":{"type":"Point","coordinates":[-1.323447,54.192646]}},{"type":"Feature","properties":{"countryName":"England","Type of Animal":"Chicken"},"geometry":{"type":"Point","coordinates":[-1.283267,54.10537]}},{"type":"Feature","properties":{"countryName":"England","Type of Animal":"Chicken"},"geometry":{"type":"Point","coordinates":[-1.344889,54.170767]}},{"type":"Feature","properties":{"countryName":"England","Type of Animal":"Chicken"},"geometry":{"type":"Point","coordinates":[-1.389551,54.334411]}},{"type":"Feature","properties":{"countryName":"England","Type of Animal":"Chicken"},"geometry":{"type":"Point","coordinates":[-1.311721,54.12991]}},{"type":"Feature","properties":{"countryName":"England","Type of Animal":"Chicken"},"geometry":{"type":"Point","coordinates":[-1.390582,54.232328]}},{"type":"Feature","properties":{"countryName":"England","Type of Animal":"Chicken"},"geometry":{"type":"Point","coordinates":[-0.857813,53.946872]}},{"type":"Feature","properties":{"countryName":"England","Type of Animal":"Chicken"},"geometry":{"type":"Point","coordinates":[-0.842306,53.876532]}},{"type":"Feature","properties":{"countryName":"England","Type of Animal":"Chicken"},"geometry":{"type":"Point","coordinates":[-0.761229,53.823014]}},{"type":"Feature","properties":{"countryName":"England","Type of Animal":"Chicken"},"geometry":{"type":"Point","coordinates":[-0.762143,53.840688]}},{"type":"Feature","properties":{"countryName":"England","Type of Animal":"Chicken"},"geometry":{"type":"Point","coordinates":[-0.942975,53.931599]}},{"type":"Feature","properties":{"countryName":"England","Type of Animal":"Chicken"},"geometry":{"type":"Point","coordinates":[-0.827305,54.049878]}},{"type":"Feature","properties":{"countryName":"England","Type of Animal":"Chicken"},"geometry":{"type":"Point","coordinates":[-1.763603,54.502019]}},{"type":"Feature","properties":{"countryName":"England","Type of Animal":"Chicken"},"geometry":{"type":"Point","coordinates":[-1.578082,54.433455]}},{"type":"Feature","properties":{"countryName":"England","Type of Animal":"Chicken"},"geometry":{"type":"Point","coordinates":[-0.479417,54.104795]}},{"type":"Feature","properties":{"countryName":"England","Type of Animal":"Chicken"},"geometry":{"type":"Point","coordinates":[-2.323911,54.006272]}},{"type":"Feature","properties":{"countryName":"England","Type of Animal":"Chicken"},"geometry":{"type":"Point","coordinates":[-1.466324,54.329035]}},{"type":"Feature","properties":{"countryName":"England","Type of Animal":"Chicken"},"geometry":{"type":"Point","coordinates":[-1.359577,54.43212]}},{"type":"Feature","properties":{"countryName":"England","Type of Animal":"Chicken"},"geometry":{"type":"Point","coordinates":[-1.264207,54.08268]}},{"type":"Feature","properties":{"countryName":"England","Type of Animal":"Chicken"},"geometry":{"type":"Point","coordinates":[-1.402132,54.177765]}},{"type":"Feature","properties":{"countryName":"England","Type of Animal":"Chicken"},"geometry":{"type":"Point","coordinates":[-1.423955,54.226978]}},{"type":"Feature","properties":{"countryName":"England","Type of Animal":"Chicken"},"geometry":{"type":"Point","coordinates":[-1.343634,54.157643]}},{"type":"Feature","properties":{"countryName":"England","Type of Animal":"Chicken"},"geometry":{"type":"Point","coordinates":[-1.194925,54.071539]}},{"type":"Feature","properties":{"countryName":"England","Type of Animal":"Chicken"},"geometry":{"type":"Point","coordinates":[-1.030648,53.830744]}},{"type":"Feature","properties":{"countryName":"England","Type of Animal":"Chicken"},"geometry":{"type":"Point","coordinates":[-1.030648,53.830744]}},{"type":"Feature","properties":{"countryName":"England","Type of Animal":"Chicken"},"geometry":{"type":"Point","coordinates":[-1.73018,54.457339]}},{"type":"Feature","properties":{"countryName":"England","Type of Animal":"Chicken"},"geometry":{"type":"Point","coordinates":[-0.880925,53.891102]}},{"type":"Feature","properties":{"countryName":"England","Type of Animal":"Chicken"},"geometry":{"type":"Point","coordinates":[-1.201288,53.918564]}},{"type":"Feature","properties":{"countryName":"England","Type of Animal":"Chicken"},"geometry":{"type":"Point","coordinates":[-1.330614,54.061809]}},{"type":"Feature","properties":{"countryName":"England","Type of Animal":"Chicken"},"geometry":{"type":"Point","coordinates":[-1.304269,54.66845]}},{"type":"Feature","properties":{"countryName":"England","Type of Animal":"Chicken"},"geometry":{"type":"Point","coordinates":[-1.205849,54.640257]}},{"type":"Feature","properties":{"countryName":"England","Type of Animal":"Chicken"},"geometry":{"type":"Point","coordinates":[-3.970677,50.865892]}},{"type":"Feature","properties":{"countryName":"England","Type of Animal":"Chicken"},"geometry":{"type":"Point","coordinates":[-1.448708,54.398028]}},{"type":"Feature","properties":{"countryName":"England","Type of Animal":"Chicken"},"geometry":{"type":"Point","coordinates":[-1.623883,54.414886]}},{"type":"Feature","properties":{"countryName":"England","Type of Animal":"Chicken"},"geometry":{"type":"Point","coordinates":[-0.940977,54.189725]}},{"type":"Feature","properties":{"countryName":"England","Type of Animal":"Chicken"},"geometry":{"type":"Point","coordinates":[-1.118271,54.104113]}},{"type":"Feature","properties":{"countryName":"England","Type of Animal":"Chicken"},"geometry":{"type":"Point","coordinates":[-1.23504,54.020715]}},{"type":"Feature","properties":{"countryName":"England","Type of Animal":"Chicken"},"geometry":{"type":"Point","coordinates":[-0.758288,53.966044]}},{"type":"Feature","properties":{"countryName":"England","Type of Animal":"Chicken"},"geometry":{"type":"Point","coordinates":[-1.353853,54.217294]}},{"type":"Feature","properties":{"countryName":"England","Type of Animal":"Chicken"},"geometry":{"type":"Point","coordinates":[-1.275667,54.094773]}},{"type":"Feature","properties":{"countryName":"England","Type of Animal":"Chicken"},"geometry":{"type":"Point","coordinates":[-1.272897,54.091855]}},{"type":"Feature","properties":{"countryName":"England","Type of Animal":"Chicken"},"geometry":{"type":"Point","coordinates":[-1.011308,53.816842]}},{"type":"Feature","properties":{"countryName":"England","Type of Animal":"Chicken"},"geometry":{"type":"Point","coordinates":[-1.459379,54.091849]}},{"type":"Feature","properties":{"countryName":"England","Type of Animal":"Chicken"},"geometry":{"type":"Point","coordinates":[-1.437815,54.436605]}},{"type":"Feature","properties":{"countryName":"England","Type of Animal":"Chicken"},"geometry":{"type":"Point","coordinates":[-1.433966,54.196999]}},{"type":"Feature","properties":{"countryName":"England","Type of Animal":"Chicken"},"geometry":{"type":"Point","coordinates":[-1.268177,54.098532]}},{"type":"Feature","properties":{"countryName":"England","Type of Animal":"Chicken"},"geometry":{"type":"Point","coordinates":[-0.553258,54.143528]}},{"type":"Feature","properties":{"countryName":"England","Type of Animal":"Chicken"},"geometry":{"type":"Point","coordinates":[-0.518818,54.151981]}},{"type":"Feature","properties":{"countryName":"England","Type of Animal":"Chicken"},"geometry":{"type":"Point","coordinates":[-1.344889,54.170767]}},{"type":"Feature","properties":{"countryName":"England","Type of Animal":"Chicken"},"geometry":{"type":"Point","coordinates":[-1.499551,54.302619]}},{"type":"Feature","properties":{"countryName":"England","Type of Animal":"Chicken"},"geometry":{"type":"Point","coordinates":[-0.927215,53.839031]}},{"type":"Feature","properties":{"countryName":"England","Type of Animal":"Chicken"},"geometry":{"type":"Point","coordinates":[-1.196541,54.06143]}},{"type":"Feature","properties":{"countryName":"England","Type of Animal":"Chicken"},"geometry":{"type":"Point","coordinates":[-1.233881,54.472525]}},{"type":"Feature","properties":{"countryName":"England","Type of Animal":"Chicken"},"geometry":{"type":"Point","coordinates":[-1.739273,54.49514]}},{"type":"Feature","properties":{"countryName":"England","Type of Animal":"Chicken"},"geometry":{"type":"Point","coordinates":[-1.194157,54.006966]}},{"type":"Feature","properties":{"countryName":"England","Type of Animal":"Chicken"},"geometry":{"type":"Point","coordinates":[-1.267508,54.484443]}},{"type":"Feature","properties":{"countryName":"England","Type of Animal":"Chicken"},"geometry":{"type":"Point","coordinates":[-1.503487,54.10398]}},{"type":"Feature","properties":{"countryName":"England","Type of Animal":"Chicken"},"geometry":{"type":"Point","coordinates":[-1.20317,53.851921]}},{"type":"Feature","properties":{"countryName":"England","Type of Animal":"Chicken"},"geometry":{"type":"Point","coordinates":[-0.853777,54.226128]}},{"type":"Feature","properties":{"countryName":"England","Type of Animal":"Chicken"},"geometry":{"type":"Point","coordinates":[-1.342618,54.126499]}},{"type":"Feature","properties":{"countryName":"England","Type of Animal":"Chicken"},"geometry":{"type":"Point","coordinates":[-0.759506,54.277603]}},{"type":"Feature","properties":{"countryName":"England","Type of Animal":"Chicken"},"geometry":{"type":"Point","coordinates":[-1.725262,54.468553]}},{"type":"Feature","properties":{"countryName":"England","Type of Animal":"Chicken"},"geometry":{"type":"Point","coordinates":[-0.468732,54.161907]}},{"type":"Feature","properties":{"countryName":"England","Type of Animal":"Chicken"},"geometry":{"type":"Point","coordinates":[-1.204338,54.089999]}},{"type":"Feature","properties":{"countryName":"England","Type of Animal":"Chicken"},"geometry":{"type":"Point","coordinates":[-1.104049,54.143069]}},{"type":"Feature","properties":{"countryName":"England","Type of Animal":"Chicken"},"geometry":{"type":"Point","coordinates":[-1.608105,54.329829]}},{"type":"Feature","properties":{"countryName":"England","Type of Animal":"Chicken"},"geometry":{"type":"Point","coordinates":[-1.457842,54.037742]}},{"type":"Feature","properties":{"countryName":"England","Type of Animal":"Chicken"},"geometry":{"type":"Point","coordinates":[-1.362777,54.123138]}},{"type":"Feature","properties":{"countryName":"England","Type of Animal":"Chicken"},"geometry":{"type":"Point","coordinates":[-1.362777,54.123138]}},{"type":"Feature","properties":{"countryName":"England","Type of Animal":"Chicken"},"geometry":{"type":"Point","coordinates":[-1.058908,53.918288]}},{"type":"Feature","properties":{"countryName":"England","Type of Animal":"Chicken"},"geometry":{"type":"Point","coordinates":[-1.092451,52.304668]}},{"type":"Feature","properties":{"countryName":"England","Type of Animal":"Chicken"},"geometry":{"type":"Point","coordinates":[-0.719963,52.352472]}},{"type":"Feature","properties":{"countryName":"England","Type of Animal":"Chicken"},"geometry":{"type":"Point","coordinates":[-1.095868,52.043436]}},{"type":"Feature","properties":{"countryName":"England","Type of Animal":"Chicken"},"geometry":{"type":"Point","coordinates":[-1.15703,52.0786]}},{"type":"Feature","properties":{"countryName":"England","Type of Animal":"Chicken"},"geometry":{"type":"Point","coordinates":[-1.115274,52.073089]}},{"type":"Feature","properties":{"countryName":"England","Type of Animal":"Chicken"},"geometry":{"type":"Point","coordinates":[-1.156189,51.998388]}},{"type":"Feature","properties":{"countryName":"England","Type of Animal":"Chicken"},"geometry":{"type":"Point","coordinates":[-1.037143,52.102236]}},{"type":"Feature","properties":{"countryName":"England","Type of Animal":"Chicken"},"geometry":{"type":"Point","coordinates":[-1.101333,52.070538]}},{"type":"Feature","properties":{"countryName":"England","Type of Animal":"Chicken"},"geometry":{"type":"Point","coordinates":[-0.55494,52.326034]}},{"type":"Feature","properties":{"countryName":"England","Type of Animal":"Chicken"},"geometry":{"type":"Point","coordinates":[-0.898659,52.069065]}},{"type":"Feature","properties":{"countryName":"England","Type of Animal":"Chicken"},"geometry":{"type":"Point","coordinates":[-0.89055,52.170246]}},{"type":"Feature","properties":{"countryName":"England","Type of Animal":"Chicken"},"geometry":{"type":"Point","coordinates":[-1.957618,55.072179]}},{"type":"Feature","properties":{"countryName":"England","Type of Animal":"Chicken"},"geometry":{"type":"Point","coordinates":[-0.902735,53.088143]}},{"type":"Feature","properties":{"countryName":"England","Type of Animal":"Chicken"},"geometry":{"type":"Point","coordinates":[-1.022567,53.049607]}},{"type":"Feature","properties":{"countryName":"England","Type of Animal":"Chicken"},"geometry":{"type":"Point","coordinates":[-0.871266,53.15749]}},{"type":"Feature","properties":{"countryName":"England","Type of Animal":"Chicken"},"geometry":{"type":"Point","coordinates":[-0.905703,53.11477]}},{"type":"Feature","properties":{"countryName":"England","Type of Animal":"Chicken"},"geometry":{"type":"Point","coordinates":[-0.773042,53.232794]}},{"type":"Feature","properties":{"countryName":"England","Type of Animal":"Chicken"},"geometry":{"type":"Point","coordinates":[-0.926919,53.088815]}},{"type":"Feature","properties":{"countryName":"England","Type of Animal":"Chicken"},"geometry":{"type":"Point","coordinates":[-0.71323,53.257909]}},{"type":"Feature","properties":{"countryName":"England","Type of Animal":"Chicken"},"geometry":{"type":"Point","coordinates":[-0.84428,53.105344]}},{"type":"Feature","properties":{"countryName":"England","Type of Animal":"Chicken"},"geometry":{"type":"Point","coordinates":[-1.037801,53.149926]}},{"type":"Feature","properties":{"countryName":"England","Type of Animal":"Chicken"},"geometry":{"type":"Point","coordinates":[-0.994668,53.138039]}},{"type":"Feature","properties":{"countryName":"England","Type of Animal":"Chicken"},"geometry":{"type":"Point","coordinates":[-0.75086,53.242371]}},{"type":"Feature","properties":{"countryName":"England","Type of Animal":"Chicken"},"geometry":{"type":"Point","coordinates":[-0.85067,53.321465]}},{"type":"Feature","properties":{"countryName":"England","Type of Animal":"Chicken"},"geometry":{"type":"Point","coordinates":[-1.076119,53.099287]}},{"type":"Feature","properties":{"countryName":"England","Type of Animal":"Chicken"},"geometry":{"type":"Point","coordinates":[-0.930488,52.899551]}},{"type":"Feature","properties":{"countryName":"England","Type of Animal":"Chicken"},"geometry":{"type":"Point","coordinates":[-0.792883,53.278438]}},{"type":"Feature","properties":{"countryName":"England","Type of Animal":"Chicken"},"geometry":{"type":"Point","coordinates":[-0.755276,53.194965]}},{"type":"Feature","properties":{"countryName":"England","Type of Animal":"Chicken"},"geometry":{"type":"Point","coordinates":[-0.811703,53.280694]}},{"type":"Feature","properties":{"countryName":"England","Type of Animal":"Chicken"},"geometry":{"type":"Point","coordinates":[-0.744691,53.239106]}},{"type":"Feature","properties":{"countryName":"England","Type of Animal":"Chicken"},"geometry":{"type":"Point","coordinates":[-1.008228,52.916895]}},{"type":"Feature","properties":{"countryName":"England","Type of Animal":"Chicken"},"geometry":{"type":"Point","coordinates":[-1.019015,53.184894]}},{"type":"Feature","properties":{"countryName":"England","Type of Animal":"Chicken"},"geometry":{"type":"Point","coordinates":[-0.74466,53.235573]}},{"type":"Feature","properties":{"countryName":"England","Type of Animal":"Chicken"},"geometry":{"type":"Point","coordinates":[-0.984119,53.232937]}},{"type":"Feature","properties":{"countryName":"England","Type of Animal":"Chicken"},"geometry":{"type":"Point","coordinates":[-0.800682,52.984227]}},{"type":"Feature","properties":{"countryName":"England","Type of Animal":"Chicken"},"geometry":{"type":"Point","coordinates":[-0.852786,52.961614]}},{"type":"Feature","properties":{"countryName":"England","Type of Animal":"Chicken"},"geometry":{"type":"Point","coordinates":[-0.943252,53.230301]}},{"type":"Feature","properties":{"countryName":"England","Type of Animal":"Chicken"},"geometry":{"type":"Point","coordinates":[-0.984119,53.232937]}},{"type":"Feature","properties":{"countryName":"England","Type of Animal":"Chicken"},"geometry":{"type":"Point","coordinates":[-1.030047,53.161567]}},{"type":"Feature","properties":{"countryName":"England","Type of Animal":"Chicken"},"geometry":{"type":"Point","coordinates":[-1.080314,53.104992]}},{"type":"Feature","properties":{"countryName":"England","Type of Animal":"Chicken"},"geometry":{"type":"Point","coordinates":[-1.097329,52.831805]}},{"type":"Feature","properties":{"countryName":"England","Type of Animal":"Chicken"},"geometry":{"type":"Point","coordinates":[-0.937963,52.880032]}},{"type":"Feature","properties":{"countryName":"England","Type of Animal":"Chicken"},"geometry":{"type":"Point","coordinates":[-0.874063,52.963831]}},{"type":"Feature","properties":{"countryName":"England","Type of Animal":"Chicken"},"geometry":{"type":"Point","coordinates":[-1.006433,52.894052]}},{"type":"Feature","properties":{"countryName":"England","Type of Animal":"Chicken"},"geometry":{"type":"Point","coordinates":[-0.929568,53.100624]}},{"type":"Feature","properties":{"countryName":"England","Type of Animal":"Chicken"},"geometry":{"type":"Point","coordinates":[-0.892138,53.309185]}},{"type":"Feature","properties":{"countryName":"England","Type of Animal":"Chicken"},"geometry":{"type":"Point","coordinates":[-1.42771,51.933396]}},{"type":"Feature","properties":{"countryName":"England","Type of Animal":"Chicken"},"geometry":{"type":"Point","coordinates":[-1.359288,52.143904]}},{"type":"Feature","properties":{"countryName":"England","Type of Animal":"Chicken"},"geometry":{"type":"Point","coordinates":[-1.169296,51.881056]}},{"type":"Feature","properties":{"countryName":"England","Type of Animal":"Chicken"},"geometry":{"type":"Point","coordinates":[-1.230788,51.895824]}},{"type":"Feature","properties":{"countryName":"England","Type of Animal":"Chicken"},"geometry":{"type":"Point","coordinates":[-1.128667,51.876968]}},{"type":"Feature","properties":{"countryName":"England","Type of Animal":"Chicken"},"geometry":{"type":"Point","coordinates":[-1.242966,51.847422]}},{"type":"Feature","properties":{"countryName":"England","Type of Animal":"Chicken"},"geometry":{"type":"Point","coordinates":[-1.308493,51.973755]}},{"type":"Feature","properties":{"countryName":"England","Type of Animal":"Chicken"},"geometry":{"type":"Point","coordinates":[-1.1526,51.976441]}},{"type":"Feature","properties":{"countryName":"England","Type of Animal":"Chicken"},"geometry":{"type":"Point","coordinates":[-1.254988,51.959151]}},{"type":"Feature","properties":{"countryName":"England","Type of Animal":"Chicken"},"geometry":{"type":"Point","coordinates":[-0.627055,52.71875]}},{"type":"Feature","properties":{"countryName":"England","Type of Animal":"Chicken"},"geometry":{"type":"Point","coordinates":[-2.637357,52.767275]}},{"type":"Feature","properties":{"countryName":"England","Type of Animal":"Chicken"},"geometry":{"type":"Point","coordinates":[-2.630559,52.88728]}},{"type":"Feature","properties":{"countryName":"England","Type of Animal":"Chicken"},"geometry":{"type":"Point","coordinates":[-2.745488,52.751407]}},{"type":"Feature","properties":{"countryName":"England","Type of Animal":"Chicken"},"geometry":{"type":"Point","coordinates":[-2.553795,52.794033]}},{"type":"Feature","properties":{"countryName":"England","Type of Animal":"Chicken"},"geometry":{"type":"Point","coordinates":[-3.019681,52.437146]}},{"type":"Feature","properties":{"countryName":"England","Type of Animal":"Chicken"},"geometry":{"type":"Point","coordinates":[-2.514559,52.804431]}},{"type":"Feature","properties":{"countryName":"England","Type of Animal":"Chicken"},"geometry":{"type":"Point","coordinates":[-2.600298,52.803399]}},{"type":"Feature","properties":{"countryName":"England","Type of Animal":"Chicken"},"geometry":{"type":"Point","coordinates":[-2.641153,52.886091]}},{"type":"Feature","properties":{"countryName":"England","Type of Animal":"Chicken"},"geometry":{"type":"Point","coordinates":[-2.774286,52.847046]}},{"type":"Feature","properties":{"countryName":"England","Type of Animal":"Chicken"},"geometry":{"type":"Point","coordinates":[-2.879691,52.698385]}},{"type":"Feature","properties":{"countryName":"England","Type of Animal":"Chicken"},"geometry":{"type":"Point","coordinates":[-2.529629,52.128728]}},{"type":"Feature","properties":{"countryName":"England","Type of Animal":"Chicken"},"geometry":{"type":"Point","coordinates":[-2.866888,52.746851]}},{"type":"Feature","properties":{"countryName":"England","Type of Animal":"Chicken"},"geometry":{"type":"Point","coordinates":[-2.749113,52.460405]}},{"type":"Feature","properties":{"countryName":"England","Type of Animal":"Chicken"},"geometry":{"type":"Point","coordinates":[-2.516614,52.719798]}},{"type":"Feature","properties":{"countryName":"England","Type of Animal":"Chicken"},"geometry":{"type":"Point","coordinates":[-2.921019,52.631455]}},{"type":"Feature","properties":{"countryName":"England","Type of Animal":"Chicken"},"geometry":{"type":"Point","coordinates":[-2.637357,52.767275]}},{"type":"Feature","properties":{"countryName":"England","Type of Animal":"Chicken"},"geometry":{"type":"Point","coordinates":[-2.992457,52.466726]}},{"type":"Feature","properties":{"countryName":"England","Type of Animal":"Chicken"},"geometry":{"type":"Point","coordinates":[-2.790744,52.612538]}},{"type":"Feature","properties":{"countryName":"England","Type of Animal":"Chicken"},"geometry":{"type":"Point","coordinates":[-2.597142,52.549895]}},{"type":"Feature","properties":{"countryName":"England","Type of Animal":"Chicken"},"geometry":{"type":"Point","coordinates":[-2.674746,52.277374]}},{"type":"Feature","properties":{"countryName":"England","Type of Animal":"Chicken"},"geometry":{"type":"Point","coordinates":[-2.716147,52.319883]}},{"type":"Feature","properties":{"countryName":"England","Type of Animal":"Chicken"},"geometry":{"type":"Point","coordinates":[-2.845284,52.773305]}},{"type":"Feature","properties":{"countryName":"England","Type of Animal":"Chicken"},"geometry":{"type":"Point","coordinates":[-2.878191,52.771789]}},{"type":"Feature","properties":{"countryName":"England","Type of Animal":"Chicken"},"geometry":{"type":"Point","coordinates":[-2.669286,52.280816]}},{"type":"Feature","properties":{"countryName":"England","Type of Animal":"Chicken"},"geometry":{"type":"Point","coordinates":[-2.572505,52.486784]}},{"type":"Feature","properties":{"countryName":"England","Type of Animal":"Chicken"},"geometry":{"type":"Point","coordinates":[-2.801734,52.380369]}},{"type":"Feature","properties":{"countryName":"England","Type of Animal":"Chicken"},"geometry":{"type":"Point","coordinates":[-2.818882,52.346372]}},{"type":"Feature","properties":{"countryName":"England","Type of Animal":"Chicken"},"geometry":{"type":"Point","coordinates":[-2.587988,52.730729]}},{"type":"Feature","properties":{"countryName":"England","Type of Animal":"Chicken"},"geometry":{"type":"Point","coordinates":[-2.821984,52.731825]}},{"type":"Feature","properties":{"countryName":"England","Type of Animal":"Chicken"},"geometry":{"type":"Point","coordinates":[-2.610327,52.763051]}},{"type":"Feature","properties":{"countryName":"England","Type of Animal":"Chicken"},"geometry":{"type":"Point","coordinates":[-2.883919,52.755391]}},{"type":"Feature","properties":{"countryName":"England","Type of Animal":"Chicken"},"geometry":{"type":"Point","coordinates":[-2.933143,52.769203]}},{"type":"Feature","properties":{"countryName":"England","Type of Animal":"Chicken"},"geometry":{"type":"Point","coordinates":[-2.591742,52.765141]}},{"type":"Feature","properties":{"countryName":"England","Type of Animal":"Chicken"},"geometry":{"type":"Point","coordinates":[-2.374012,52.728253]}},{"type":"Feature","properties":{"countryName":"England","Type of Animal":"Chicken"},"geometry":{"type":"Point","coordinates":[-2.615348,52.809291]}},{"type":"Feature","properties":{"countryName":"England","Type of Animal":"Chicken"},"geometry":{"type":"Point","coordinates":[-2.895416,52.776979]}},{"type":"Feature","properties":{"countryName":"England","Type of Animal":"Chicken"},"geometry":{"type":"Point","coordinates":[-2.305687,52.727856]}},{"type":"Feature","properties":{"countryName":"England","Type of Animal":"Chicken"},"geometry":{"type":"Point","coordinates":[-2.927727,52.81989]}},{"type":"Feature","properties":{"countryName":"England","Type of Animal":"Chicken"},"geometry":{"type":"Point","coordinates":[-2.906992,52.383659]}},{"type":"Feature","properties":{"countryName":"England","Type of Animal":"Chicken"},"geometry":{"type":"Point","coordinates":[-2.468219,52.878718]}},{"type":"Feature","properties":{"countryName":"England","Type of Animal":"Chicken"},"geometry":{"type":"Point","coordinates":[-2.700528,52.73499]}},{"type":"Feature","properties":{"countryName":"England","Type of Animal":"Chicken"},"geometry":{"type":"Point","coordinates":[-2.522639,52.789045]}},{"type":"Feature","properties":{"countryName":"England","Type of Animal":"Chicken"},"geometry":{"type":"Point","coordinates":[-2.407211,52.829975]}},{"type":"Feature","properties":{"countryName":"England","Type of Animal":"Chicken"},"geometry":{"type":"Point","coordinates":[-2.98269,52.7922]}},{"type":"Feature","properties":{"countryName":"England","Type of Animal":"Chicken"},"geometry":{"type":"Point","coordinates":[-2.98269,52.7922]}},{"type":"Feature","properties":{"countryName":"England","Type of Animal":"Chicken"},"geometry":{"type":"Point","coordinates":[-2.63887,52.539131]}},{"type":"Feature","properties":{"countryName":"England","Type of Animal":"Chicken"},"geometry":{"type":"Point","coordinates":[-3.04582,52.809374]}},{"type":"Feature","properties":{"countryName":"England","Type of Animal":"Chicken"},"geometry":{"type":"Point","coordinates":[-2.648099,52.914484]}},{"type":"Feature","properties":{"countryName":"England","Type of Animal":"Chicken"},"geometry":{"type":"Point","coordinates":[-2.356473,52.696529]}},{"type":"Feature","properties":{"countryName":"England","Type of Animal":"Chicken"},"geometry":{"type":"Point","coordinates":[-2.516573,52.856589]}},{"type":"Feature","properties":{"countryName":"England","Type of Animal":"Chicken"},"geometry":{"type":"Point","coordinates":[-2.764651,52.832093]}},{"type":"Feature","properties":{"countryName":"England","Type of Animal":"Chicken"},"geometry":{"type":"Point","coordinates":[-2.966858,50.856532]}},{"type":"Feature","properties":{"countryName":"England","Type of Animal":"Chicken"},"geometry":{"type":"Point","coordinates":[-3.029347,52.803495]}},{"type":"Feature","properties":{"countryName":"England","Type of Animal":"Chicken"},"geometry":{"type":"Point","coordinates":[-2.999732,52.853596]}},{"type":"Feature","properties":{"countryName":"England","Type of Animal":"Chicken"},"geometry":{"type":"Point","coordinates":[-2.802017,52.784831]}},{"type":"Feature","properties":{"countryName":"England","Type of Animal":"Chicken"},"geometry":{"type":"Point","coordinates":[-2.917256,52.641694]}},{"type":"Feature","properties":{"countryName":"England","Type of Animal":"Chicken"},"geometry":{"type":"Point","coordinates":[-3.120881,52.799806]}},{"type":"Feature","properties":{"countryName":"England","Type of Animal":"Chicken"},"geometry":{"type":"Point","coordinates":[-2.973097,52.651869]}},{"type":"Feature","properties":{"countryName":"England","Type of Animal":"Chicken"},"geometry":{"type":"Point","coordinates":[-2.71358,52.441916]}},{"type":"Feature","properties":{"countryName":"England","Type of Animal":"Chicken"},"geometry":{"type":"Point","coordinates":[-2.744253,52.644912]}},{"type":"Feature","properties":{"countryName":"England","Type of Animal":"Chicken"},"geometry":{"type":"Point","coordinates":[-2.653044,52.698124]}},{"type":"Feature","properties":{"countryName":"England","Type of Animal":"Chicken"},"geometry":{"type":"Point","coordinates":[-2.800441,52.479347]}},{"type":"Feature","properties":{"countryName":"England","Type of Animal":"Chicken"},"geometry":{"type":"Point","coordinates":[-2.683569,52.862766]}},{"type":"Feature","properties":{"countryName":"England","Type of Animal":"Chicken"},"geometry":{"type":"Point","coordinates":[-3.069473,52.468569]}},{"type":"Feature","properties":{"countryName":"England","Type of Animal":"Chicken"},"geometry":{"type":"Point","coordinates":[-2.57446,52.555395]}},{"type":"Feature","properties":{"countryName":"England","Type of Animal":"Chicken"},"geometry":{"type":"Point","coordinates":[-2.697771,52.657847]}},{"type":"Feature","properties":{"countryName":"England","Type of Animal":"Chicken"},"geometry":{"type":"Point","coordinates":[-3.079125,52.781144]}},{"type":"Feature","properties":{"countryName":"England","Type of Animal":"Chicken"},"geometry":{"type":"Point","coordinates":[-2.956541,52.698002]}},{"type":"Feature","properties":{"countryName":"England","Type of Animal":"Chicken"},"geometry":{"type":"Point","coordinates":[-2.906992,52.383659]}},{"type":"Feature","properties":{"countryName":"England","Type of Animal":"Chicken"},"geometry":{"type":"Point","coordinates":[-2.671757,52.531877]}},{"type":"Feature","properties":{"countryName":"England","Type of Animal":"Chicken"},"geometry":{"type":"Point","coordinates":[-2.4494,52.535304]}},{"type":"Feature","properties":{"countryName":"England","Type of Animal":"Chicken"},"geometry":{"type":"Point","coordinates":[-2.643506,52.743854]}},{"type":"Feature","properties":{"countryName":"England","Type of Animal":"Chicken"},"geometry":{"type":"Point","coordinates":[-2.914833,52.679833]}},{"type":"Feature","properties":{"countryName":"England","Type of Animal":"Chicken"},"geometry":{"type":"Point","coordinates":[-2.563148,52.89906]}},{"type":"Feature","properties":{"countryName":"England","Type of Animal":"Chicken"},"geometry":{"type":"Point","coordinates":[-2.94571,52.853253]}},{"type":"Feature","properties":{"countryName":"England","Type of Animal":"Chicken"},"geometry":{"type":"Point","coordinates":[-2.718815,52.537399]}},{"type":"Feature","properties":{"countryName":"England","Type of Animal":"Chicken"},"geometry":{"type":"Point","coordinates":[-2.498045,52.824624]}},{"type":"Feature","properties":{"countryName":"England","Type of Animal":"Chicken"},"geometry":{"type":"Point","coordinates":[-2.925156,52.688264]}},{"type":"Feature","properties":{"countryName":"England","Type of Animal":"Chicken"},"geometry":{"type":"Point","coordinates":[-2.832063,52.475129]}},{"type":"Feature","properties":{"countryName":"England","Type of Animal":"Chicken"},"geometry":{"type":"Point","coordinates":[-2.577585,52.426049]}},{"type":"Feature","properties":{"countryName":"England","Type of Animal":"Chicken"},"geometry":{"type":"Point","coordinates":[-2.817555,52.799827]}},{"type":"Feature","properties":{"countryName":"England","Type of Animal":"Chicken"},"geometry":{"type":"Point","coordinates":[-2.625462,52.408949]}},{"type":"Feature","properties":{"countryName":"England","Type of Animal":"Chicken"},"geometry":{"type":"Point","coordinates":[-2.764028,52.458161]}},{"type":"Feature","properties":{"countryName":"England","Type of Animal":"Chicken"},"geometry":{"type":"Point","coordinates":[-2.730193,52.993243]}},{"type":"Feature","properties":{"countryName":"England","Type of Animal":"Chicken"},"geometry":{"type":"Point","coordinates":[-3.064103,52.597367]}},{"type":"Feature","properties":{"countryName":"England","Type of Animal":"Chicken"},"geometry":{"type":"Point","coordinates":[-2.795005,52.819716]}},{"type":"Feature","properties":{"countryName":"England","Type of Animal":"Chicken"},"geometry":{"type":"Point","coordinates":[-2.901844,52.70559]}},{"type":"Feature","properties":{"countryName":"England","Type of Animal":"Chicken"},"geometry":{"type":"Point","coordinates":[-2.640704,52.705507]}},{"type":"Feature","properties":{"countryName":"England","Type of Animal":"Chicken"},"geometry":{"type":"Point","coordinates":[-2.979083,52.864538]}},{"type":"Feature","properties":{"countryName":"England","Type of Animal":"Chicken"},"geometry":{"type":"Point","coordinates":[-2.425557,52.77991]}},{"type":"Feature","properties":{"countryName":"England","Type of Animal":"Chicken"},"geometry":{"type":"Point","coordinates":[-2.719146,52.884454]}},{"type":"Feature","properties":{"countryName":"England","Type of Animal":"Chicken"},"geometry":{"type":"Point","coordinates":[-2.601432,52.49679]}},{"type":"Feature","properties":{"countryName":"England","Type of Animal":"Chicken"},"geometry":{"type":"Point","coordinates":[-2.522577,52.823589]}},{"type":"Feature","properties":{"countryName":"England","Type of Animal":"Chicken"},"geometry":{"type":"Point","coordinates":[-2.59284,52.532614]}},{"type":"Feature","properties":{"countryName":"England","Type of Animal":"Chicken"},"geometry":{"type":"Point","coordinates":[-2.462547,52.730961]}},{"type":"Feature","properties":{"countryName":"England","Type of Animal":"Chicken"},"geometry":{"type":"Point","coordinates":[-2.729754,52.913276]}},{"type":"Feature","properties":{"countryName":"England","Type of Animal":"Chicken"},"geometry":{"type":"Point","coordinates":[-2.459931,52.958999]}},{"type":"Feature","properties":{"countryName":"England","Type of Animal":"Chicken"},"geometry":{"type":"Point","coordinates":[-2.457641,52.808467]}},{"type":"Feature","properties":{"countryName":"England","Type of Animal":"Chicken"},"geometry":{"type":"Point","coordinates":[-2.90093,52.753154]}},{"type":"Feature","properties":{"countryName":"England","Type of Animal":"Chicken"},"geometry":{"type":"Point","coordinates":[-2.711687,52.886378]}},{"type":"Feature","properties":{"countryName":"England","Type of Animal":"Chicken"},"geometry":{"type":"Point","coordinates":[-2.64556,52.969674]}},{"type":"Feature","properties":{"countryName":"England","Type of Animal":"Chicken"},"geometry":{"type":"Point","coordinates":[-3.093524,52.806067]}},{"type":"Feature","properties":{"countryName":"England","Type of Animal":"Chicken"},"geometry":{"type":"Point","coordinates":[-2.875535,52.714031]}},{"type":"Feature","properties":{"countryName":"England","Type of Animal":"Chicken"},"geometry":{"type":"Point","coordinates":[-2.701915,52.387338]}},{"type":"Feature","properties":{"countryName":"England","Type of Animal":"Chicken"},"geometry":{"type":"Point","coordinates":[-2.528805,52.856113]}},{"type":"Feature","properties":{"countryName":"England","Type of Animal":"Chicken"},"geometry":{"type":"Point","coordinates":[-2.841751,53.039116]}},{"type":"Feature","properties":{"countryName":"England","Type of Animal":"Chicken"},"geometry":{"type":"Point","coordinates":[-2.51931,52.729968]}},{"type":"Feature","properties":{"countryName":"England","Type of Animal":"Chicken"},"geometry":{"type":"Point","coordinates":[-3.124185,52.808914]}},{"type":"Feature","properties":{"countryName":"England","Type of Animal":"Chicken"},"geometry":{"type":"Point","coordinates":[-2.926463,52.708103]}},{"type":"Feature","properties":{"countryName":"England","Type of Animal":"Chicken"},"geometry":{"type":"Point","coordinates":[-2.82992,52.039229]}},{"type":"Feature","properties":{"countryName":"England","Type of Animal":"Chicken"},"geometry":{"type":"Point","coordinates":[-2.804114,52.448189]}},{"type":"Feature","properties":{"countryName":"England","Type of Animal":"Chicken"},"geometry":{"type":"Point","coordinates":[-2.807669,52.643052]}},{"type":"Feature","properties":{"countryName":"England","Type of Animal":"Chicken"},"geometry":{"type":"Point","coordinates":[-2.506548,52.493441]}},{"type":"Feature","properties":{"countryName":"England","Type of Animal":"Chicken"},"geometry":{"type":"Point","coordinates":[-2.817411,52.389167]}},{"type":"Feature","properties":{"countryName":"England","Type of Animal":"Chicken"},"geometry":{"type":"Point","coordinates":[-2.667476,52.322205]}},{"type":"Feature","properties":{"countryName":"England","Type of Animal":"Chicken"},"geometry":{"type":"Point","coordinates":[-2.727435,52.323788]}},{"type":"Feature","properties":{"countryName":"England","Type of Animal":"Chicken"},"geometry":{"type":"Point","coordinates":[-2.891259,52.685119]}},{"type":"Feature","properties":{"countryName":"England","Type of Animal":"Chicken"},"geometry":{"type":"Point","coordinates":[-2.660814,50.978734]}},{"type":"Feature","properties":{"countryName":"England","Type of Animal":"Chicken"},"geometry":{"type":"Point","coordinates":[-2.825273,51.288441]}},{"type":"Feature","properties":{"countryName":"England","Type of Animal":"Chicken"},"geometry":{"type":"Point","coordinates":[-2.808541,50.912088]}},{"type":"Feature","properties":{"countryName":"England","Type of Animal":"Chicken"},"geometry":{"type":"Point","coordinates":[-2.933348,50.889529]}},{"type":"Feature","properties":{"countryName":"England","Type of Animal":"Chicken"},"geometry":{"type":"Point","coordinates":[-2.421476,51.301409]}},{"type":"Feature","properties":{"countryName":"England","Type of Animal":"Chicken"},"geometry":{"type":"Point","coordinates":[-2.81625,50.944373]}},{"type":"Feature","properties":{"countryName":"England","Type of Animal":"Chicken"},"geometry":{"type":"Point","coordinates":[-3.10659,51.180542]}},{"type":"Feature","properties":{"countryName":"England","Type of Animal":"Chicken"},"geometry":{"type":"Point","coordinates":[-2.999863,51.074791]}},{"type":"Feature","properties":{"countryName":"England","Type of Animal":"Chicken"},"geometry":{"type":"Point","coordinates":[-3.119443,50.913315]}},{"type":"Feature","properties":{"countryName":"England","Type of Animal":"Chicken"},"geometry":{"type":"Point","coordinates":[-2.961625,51.21268]}},{"type":"Feature","properties":{"countryName":"England","Type of Animal":"Chicken"},"geometry":{"type":"Point","coordinates":[-3.092849,51.173612]}},{"type":"Feature","properties":{"countryName":"England","Type of Animal":"Chicken"},"geometry":{"type":"Point","coordinates":[-2.35877,50.981636]}},{"type":"Feature","properties":{"countryName":"England","Type of Animal":"Chicken"},"geometry":{"type":"Point","coordinates":[-2.754811,51.181699]}},{"type":"Feature","properties":{"countryName":"England","Type of Animal":"Chicken"},"geometry":{"type":"Point","coordinates":[-2.786413,50.966996]}},{"type":"Feature","properties":{"countryName":"England","Type of Animal":"Chicken"},"geometry":{"type":"Point","coordinates":[-2.588736,51.18996]}},{"type":"Feature","properties":{"countryName":"England","Type of Animal":"Chicken"},"geometry":{"type":"Point","coordinates":[-2.538973,51.164654]}},{"type":"Feature","properties":{"countryName":"England","Type of Animal":"Chicken"},"geometry":{"type":"Point","coordinates":[-3.06313,51.007661]}},{"type":"Feature","properties":{"countryName":"England","Type of Animal":"Chicken"},"geometry":{"type":"Point","coordinates":[-3.195615,50.967604]}},{"type":"Feature","properties":{"countryName":"England","Type of Animal":"Chicken"},"geometry":{"type":"Point","coordinates":[-2.483801,51.387405]}},{"type":"Feature","properties":{"countryName":"England","Type of Animal":"Chicken"},"geometry":{"type":"Point","coordinates":[-3.041654,51.109841]}},{"type":"Feature","properties":{"countryName":"England","Type of Animal":"Chicken"},"geometry":{"type":"Point","coordinates":[-2.429155,51.021612]}},{"type":"Feature","properties":{"countryName":"England","Type of Animal":"Chicken"},"geometry":{"type":"Point","coordinates":[-3.194971,51.010775]}},{"type":"Feature","properties":{"countryName":"England","Type of Animal":"Chicken"},"geometry":{"type":"Point","coordinates":[-2.606069,51.159766]}},{"type":"Feature","properties":{"countryName":"England","Type of Animal":"Chicken"},"geometry":{"type":"Point","coordinates":[-2.958981,51.010496]}},{"type":"Feature","properties":{"countryName":"England","Type of Animal":"Chicken"},"geometry":{"type":"Point","coordinates":[-2.648581,51.187108]}},{"type":"Feature","properties":{"countryName":"England","Type of Animal":"Chicken"},"geometry":{"type":"Point","coordinates":[-2.690647,51.211892]}},{"type":"Feature","properties":{"countryName":"England","Type of Animal":"Chicken"},"geometry":{"type":"Point","coordinates":[-2.645323,51.065141]}},{"type":"Feature","properties":{"countryName":"England","Type of Animal":"Chicken"},"geometry":{"type":"Point","coordinates":[-3.041711,51.208182]}},{"type":"Feature","properties":{"countryName":"England","Type of Animal":"Chicken"},"geometry":{"type":"Point","coordinates":[-2.645323,51.065141]}},{"type":"Feature","properties":{"countryName":"England","Type of Animal":"Chicken"},"geometry":{"type":"Point","coordinates":[-1.161273,53.340448]}},{"type":"Feature","properties":{"countryName":"England","Type of Animal":"Chicken"},"geometry":{"type":"Point","coordinates":[-2.232741,52.69438]}},{"type":"Feature","properties":{"countryName":"England","Type of Animal":"Chicken"},"geometry":{"type":"Point","coordinates":[-2.063745,52.689388]}},{"type":"Feature","properties":{"countryName":"England","Type of Animal":"Chicken"},"geometry":{"type":"Point","coordinates":[-1.786513,52.655466]}},{"type":"Feature","properties":{"countryName":"England","Type of Animal":"Chicken"},"geometry":{"type":"Point","coordinates":[-1.980031,52.90943]}},{"type":"Feature","properties":{"countryName":"England","Type of Animal":"Chicken"},"geometry":{"type":"Point","coordinates":[-1.651096,52.687661]}},{"type":"Feature","properties":{"countryName":"England","Type of Animal":"Chicken"},"geometry":{"type":"Point","coordinates":[-1.811781,52.62017]}},{"type":"Feature","properties":{"countryName":"England","Type of Animal":"Chicken"},"geometry":{"type":"Point","coordinates":[-2.245492,52.699046]}},{"type":"Feature","properties":{"countryName":"England","Type of Animal":"Chicken"},"geometry":{"type":"Point","coordinates":[-2.085922,52.716605]}},{"type":"Feature","properties":{"countryName":"England","Type of Animal":"Chicken"},"geometry":{"type":"Point","coordinates":[-2.063927,52.682744]}},{"type":"Feature","properties":{"countryName":"England","Type of Animal":"Chicken"},"geometry":{"type":"Point","coordinates":[-2.25623,52.558562]}},{"type":"Feature","properties":{"countryName":"England","Type of Animal":"Chicken"},"geometry":{"type":"Point","coordinates":[-2.141445,52.761677]}},{"type":"Feature","properties":{"countryName":"England","Type of Animal":"Chicken"},"geometry":{"type":"Point","coordinates":[1.276976,52.126887]}},{"type":"Feature","properties":{"countryName":"England","Type of Animal":"Chicken"},"geometry":{"type":"Point","coordinates":[0.990103,52.366313]}},{"type":"Feature","properties":{"countryName":"England","Type of Animal":"Chicken"},"geometry":{"type":"Point","coordinates":[0.88847,52.388376]}},{"type":"Feature","properties":{"countryName":"England","Type of Animal":"Chicken"},"geometry":{"type":"Point","coordinates":[1.205319,52.10336]}},{"type":"Feature","properties":{"countryName":"England","Type of Animal":"Chicken"},"geometry":{"type":"Point","coordinates":[1.516091,52.200895]}},{"type":"Feature","properties":{"countryName":"England","Type of Animal":"Chicken"},"geometry":{"type":"Point","coordinates":[1.369288,52.33716]}},{"type":"Feature","properties":{"countryName":"England","Type of Animal":"Chicken"},"geometry":{"type":"Point","coordinates":[1.214193,52.263276]}},{"type":"Feature","properties":{"countryName":"England","Type of Animal":"Chicken"},"geometry":{"type":"Point","coordinates":[0.978629,52.280277]}},{"type":"Feature","properties":{"countryName":"England","Type of Animal":"Chicken"},"geometry":{"type":"Point","coordinates":[1.574005,52.365746]}},{"type":"Feature","properties":{"countryName":"England","Type of Animal":"Chicken"},"geometry":{"type":"Point","coordinates":[1.00154,52.325914]}},{"type":"Feature","properties":{"countryName":"England","Type of Animal":"Chicken"},"geometry":{"type":"Point","coordinates":[1.087526,52.227896]}},{"type":"Feature","properties":{"countryName":"England","Type of Animal":"Chicken"},"geometry":{"type":"Point","coordinates":[0.87817,52.335352]}},{"type":"Feature","properties":{"countryName":"England","Type of Animal":"Chicken"},"geometry":{"type":"Point","coordinates":[0.878278,52.332941]}},{"type":"Feature","properties":{"countryName":"England","Type of Animal":"Chicken"},"geometry":{"type":"Point","coordinates":[1.547316,52.242043]}},{"type":"Feature","properties":{"countryName":"England","Type of Animal":"Chicken"},"geometry":{"type":"Point","coordinates":[1.571798,52.377689]}},{"type":"Feature","properties":{"countryName":"England","Type of Animal":"Chicken"},"geometry":{"type":"Point","coordinates":[1.246809,52.274111]}},{"type":"Feature","properties":{"countryName":"England","Type of Animal":"Chicken"},"geometry":{"type":"Point","coordinates":[1.50704,52.407675]}},{"type":"Feature","properties":{"countryName":"England","Type of Animal":"Chicken"},"geometry":{"type":"Point","coordinates":[1.303846,52.33225]}},{"type":"Feature","properties":{"countryName":"England","Type of Animal":"Chicken"},"geometry":{"type":"Point","coordinates":[1.421456,52.294559]}},{"type":"Feature","properties":{"countryName":"England","Type of Animal":"Chicken"},"geometry":{"type":"Point","coordinates":[-2.979083,52.864538]}},{"type":"Feature","properties":{"countryName":"England","Type of Animal":"Chicken"},"geometry":{"type":"Point","coordinates":[1.529023,52.384984]}},{"type":"Feature","properties":{"countryName":"England","Type of Animal":"Chicken"},"geometry":{"type":"Point","coordinates":[1.541133,52.320522]}},{"type":"Feature","properties":{"countryName":"England","Type of Animal":"Chicken"},"geometry":{"type":"Point","coordinates":[1.161792,52.126015]}},{"type":"Feature","properties":{"countryName":"England","Type of Animal":"Chicken"},"geometry":{"type":"Point","coordinates":[1.074596,52.186404]}},{"type":"Feature","properties":{"countryName":"England","Type of Animal":"Chicken"},"geometry":{"type":"Point","coordinates":[0.741818,52.367851]}},{"type":"Feature","properties":{"countryName":"England","Type of Animal":"Chicken"},"geometry":{"type":"Point","coordinates":[1.16468,52.122231]}},{"type":"Feature","properties":{"countryName":"England","Type of Animal":"Chicken"},"geometry":{"type":"Point","coordinates":[1.003591,52.222248]}},{"type":"Feature","properties":{"countryName":"England","Type of Animal":"Chicken"},"geometry":{"type":"Point","coordinates":[1.45315,52.26602]}},{"type":"Feature","properties":{"countryName":"England","Type of Animal":"Chicken"},"geometry":{"type":"Point","coordinates":[1.651276,52.364986]}},{"type":"Feature","properties":{"countryName":"England","Type of Animal":"Chicken"},"geometry":{"type":"Point","coordinates":[1.275308,52.309237]}},{"type":"Feature","properties":{"countryName":"England","Type of Animal":"Chicken"},"geometry":{"type":"Point","coordinates":[1.437167,52.284343]}},{"type":"Feature","properties":{"countryName":"England","Type of Animal":"Chicken"},"geometry":{"type":"Point","coordinates":[1.388497,52.270386]}},{"type":"Feature","properties":{"countryName":"England","Type of Animal":"Chicken"},"geometry":{"type":"Point","coordinates":[1.285072,52.234413]}},{"type":"Feature","properties":{"countryName":"England","Type of Animal":"Chicken"},"geometry":{"type":"Point","coordinates":[1.336208,52.310266]}},{"type":"Feature","properties":{"countryName":"England","Type of Animal":"Chicken"},"geometry":{"type":"Point","coordinates":[0.456375,52.392655]}},{"type":"Feature","properties":{"countryName":"England","Type of Animal":"Chicken"},"geometry":{"type":"Point","coordinates":[1.211231,52.313318]}},{"type":"Feature","properties":{"countryName":"England","Type of Animal":"Chicken"},"geometry":{"type":"Point","coordinates":[1.225352,52.160314]}},{"type":"Feature","properties":{"countryName":"England","Type of Animal":"Chicken"},"geometry":{"type":"Point","coordinates":[1.388356,52.346688]}},{"type":"Feature","properties":{"countryName":"England","Type of Animal":"Chicken"},"geometry":{"type":"Point","coordinates":[1.228466,52.223475]}},{"type":"Feature","properties":{"countryName":"England","Type of Animal":"Chicken"},"geometry":{"type":"Point","coordinates":[1.050604,52.247761]}},{"type":"Feature","properties":{"countryName":"England","Type of Animal":"Chicken"},"geometry":{"type":"Point","coordinates":[1.054751,52.229424]}},{"type":"Feature","properties":{"countryName":"England","Type of Animal":"Chicken"},"geometry":{"type":"Point","coordinates":[1.006634,52.310343]}},{"type":"Feature","properties":{"countryName":"England","Type of Animal":"Chicken"},"geometry":{"type":"Point","coordinates":[1.070678,52.279348]}},{"type":"Feature","properties":{"countryName":"England","Type of Animal":"Chicken"},"geometry":{"type":"Point","coordinates":[0.972584,52.32465]}},{"type":"Feature","properties":{"countryName":"England","Type of Animal":"Chicken"},"geometry":{"type":"Point","coordinates":[-2.914403,52.696792]}},{"type":"Feature","properties":{"countryName":"England","Type of Animal":"Chicken"},"geometry":{"type":"Point","coordinates":[1.329348,52.207907]}},{"type":"Feature","properties":{"countryName":"England","Type of Animal":"Chicken"},"geometry":{"type":"Point","coordinates":[1.324942,52.278798]}},{"type":"Feature","properties":{"countryName":"England","Type of Animal":"Chicken"},"geometry":{"type":"Point","coordinates":[1.233297,52.415229]}},{"type":"Feature","properties":{"countryName":"England","Type of Animal":"Chicken"},"geometry":{"type":"Point","coordinates":[0.927694,52.258052]}},{"type":"Feature","properties":{"countryName":"England","Type of Animal":"Chicken"},"geometry":{"type":"Point","coordinates":[1.408904,52.427768]}},{"type":"Feature","properties":{"countryName":"England","Type of Animal":"Chicken"},"geometry":{"type":"Point","coordinates":[1.109667,52.269108]}},{"type":"Feature","properties":{"countryName":"England","Type of Animal":"Chicken"},"geometry":{"type":"Point","coordinates":[0.608295,52.555857]}},{"type":"Feature","properties":{"countryName":"England","Type of Animal":"Chicken"},"geometry":{"type":"Point","coordinates":[1.105095,52.119716]}},{"type":"Feature","properties":{"countryName":"England","Type of Animal":"Chicken"},"geometry":{"type":"Point","coordinates":[1.573805,52.405242]}},{"type":"Feature","properties":{"countryName":"England","Type of Animal":"Chicken"},"geometry":{"type":"Point","coordinates":[1.310127,52.323367]}},{"type":"Feature","properties":{"countryName":"England","Type of Animal":"Chicken"},"geometry":{"type":"Point","coordinates":[1.136374,52.249982]}},{"type":"Feature","properties":{"countryName":"England","Type of Animal":"Chicken"},"geometry":{"type":"Point","coordinates":[1.376264,52.306168]}},{"type":"Feature","properties":{"countryName":"England","Type of Animal":"Chicken"},"geometry":{"type":"Point","coordinates":[0.786491,52.640214]}},{"type":"Feature","properties":{"countryName":"England","Type of Animal":"Chicken"},"geometry":{"type":"Point","coordinates":[1.55191,52.304075]}},{"type":"Feature","properties":{"countryName":"England","Type of Animal":"Chicken"},"geometry":{"type":"Point","coordinates":[0.852948,52.341272]}},{"type":"Feature","properties":{"countryName":"England","Type of Animal":"Chicken"},"geometry":{"type":"Point","coordinates":[0.947156,52.319694]}},{"type":"Feature","properties":{"countryName":"England","Type of Animal":"Chicken"},"geometry":{"type":"Point","coordinates":[1.615266,52.431204]}},{"type":"Feature","properties":{"countryName":"England","Type of Animal":"Chicken"},"geometry":{"type":"Point","coordinates":[0.94125,52.27554]}},{"type":"Feature","properties":{"countryName":"England","Type of Animal":"Chicken"},"geometry":{"type":"Point","coordinates":[0.438771,52.400303]}},{"type":"Feature","properties":{"countryName":"England","Type of Animal":"Chicken"},"geometry":{"type":"Point","coordinates":[0.503269,52.274284]}},{"type":"Feature","properties":{"countryName":"England","Type of Animal":"Chicken"},"geometry":{"type":"Point","coordinates":[1.397406,52.271857]}},{"type":"Feature","properties":{"countryName":"England","Type of Animal":"Chicken"},"geometry":{"type":"Point","coordinates":[1.388497,52.270386]}},{"type":"Feature","properties":{"countryName":"England","Type of Animal":"Chicken"},"geometry":{"type":"Point","coordinates":[1.484472,52.412615]}},{"type":"Feature","properties":{"countryName":"England","Type of Animal":"Chicken"},"geometry":{"type":"Point","coordinates":[1.028286,52.325735]}},{"type":"Feature","properties":{"countryName":"England","Type of Animal":"Chicken"},"geometry":{"type":"Point","coordinates":[1.133079,52.210929]}},{"type":"Feature","properties":{"countryName":"England","Type of Animal":"Chicken"},"geometry":{"type":"Point","coordinates":[1.015885,52.125315]}},{"type":"Feature","properties":{"countryName":"England","Type of Animal":"Chicken"},"geometry":{"type":"Point","coordinates":[0.935747,52.237977]}},{"type":"Feature","properties":{"countryName":"England","Type of Animal":"Chicken"},"geometry":{"type":"Point","coordinates":[0.948557,52.17268]}},{"type":"Feature","properties":{"countryName":"England","Type of Animal":"Chicken"},"geometry":{"type":"Point","coordinates":[0.97199,52.186715]}},{"type":"Feature","properties":{"countryName":"England","Type of Animal":"Chicken"},"geometry":{"type":"Point","coordinates":[-1.522894,52.562203]}},{"type":"Feature","properties":{"countryName":"England","Type of Animal":"Chicken"},"geometry":{"type":"Point","coordinates":[-1.660224,52.123694]}},{"type":"Feature","properties":{"countryName":"England","Type of Animal":"Chicken"},"geometry":{"type":"Point","coordinates":[-1.308982,52.211401]}},{"type":"Feature","properties":{"countryName":"England","Type of Animal":"Chicken"},"geometry":{"type":"Point","coordinates":[-1.687722,52.122983]}},{"type":"Feature","properties":{"countryName":"England","Type of Animal":"Chicken"},"geometry":{"type":"Point","coordinates":[-2.577227,53.077683]}},{"type":"Feature","properties":{"countryName":"England","Type of Animal":"Chicken"},"geometry":{"type":"Point","coordinates":[-1.828829,52.363058]}},{"type":"Feature","properties":{"countryName":"England","Type of Animal":"Chicken"},"geometry":{"type":"Point","coordinates":[-1.801029,52.268365]}},{"type":"Feature","properties":{"countryName":"England","Type of Animal":"Chicken"},"geometry":{"type":"Point","coordinates":[-1.52781,52.255908]}},{"type":"Feature","properties":{"countryName":"England","Type of Animal":"Chicken"},"geometry":{"type":"Point","coordinates":[-1.595126,52.502995]}},{"type":"Feature","properties":{"countryName":"England","Type of Animal":"Chicken"},"geometry":{"type":"Point","coordinates":[-2.90093,52.753154]}},{"type":"Feature","properties":{"countryName":"England","Type of Animal":"Chicken"},"geometry":{"type":"Point","coordinates":[-0.440596,50.983323]}},{"type":"Feature","properties":{"countryName":"England","Type of Animal":"Chicken"},"geometry":{"type":"Point","coordinates":[-0.857069,50.854469]}},{"type":"Feature","properties":{"countryName":"England","Type of Animal":"Chicken"},"geometry":{"type":"Point","coordinates":[-0.391891,51.016913]}},{"type":"Feature","properties":{"countryName":"England","Type of Animal":"Chicken"},"geometry":{"type":"Point","coordinates":[-1.611556,53.777817]}},{"type":"Feature","properties":{"countryName":"England","Type of Animal":"Chicken"},"geometry":{"type":"Point","coordinates":[-1.193381,53.938545]}},{"type":"Feature","properties":{"countryName":"England","Type of Animal":"Chicken"},"geometry":{"type":"Point","coordinates":[-1.788321,53.569902]}},{"type":"Feature","properties":{"countryName":"England","Type of Animal":"Chicken"},"geometry":{"type":"Point","coordinates":[-1.358335,53.626446]}},{"type":"Feature","properties":{"countryName":"England","Type of Animal":"Chicken"},"geometry":{"type":"Point","coordinates":[-1.391701,53.816208]}},{"type":"Feature","properties":{"countryName":"England","Type of Animal":"Chicken"},"geometry":{"type":"Point","coordinates":[-2.15915,51.176012]}},{"type":"Feature","properties":{"countryName":"England","Type of Animal":"Chicken"},"geometry":{"type":"Point","coordinates":[-2.26428,51.513164]}},{"type":"Feature","properties":{"countryName":"England","Type of Animal":"Chicken"},"geometry":{"type":"Point","coordinates":[-1.999079,51.039063]}},{"type":"Feature","properties":{"countryName":"England","Type of Animal":"Chicken"},"geometry":{"type":"Point","coordinates":[-1.784241,51.401434]}},{"type":"Feature","properties":{"countryName":"England","Type of Animal":"Chicken"},"geometry":{"type":"Point","coordinates":[-2.035713,51.525002]}},{"type":"Feature","properties":{"countryName":"England","Type of Animal":"Chicken"},"geometry":{"type":"Point","coordinates":[-2.072633,51.492561]}},{"type":"Feature","properties":{"countryName":"England","Type of Animal":"Chicken"},"geometry":{"type":"Point","coordinates":[-1.68268,51.057466]}},{"type":"Feature","properties":{"countryName":"England","Type of Animal":"Chicken"},"geometry":{"type":"Point","coordinates":[-1.602418,51.25542]}},{"type":"Feature","properties":{"countryName":"England","Type of Animal":"Chicken"},"geometry":{"type":"Point","coordinates":[-1.994771,51.10701]}},{"type":"Feature","properties":{"countryName":"England","Type of Animal":"Chicken"},"geometry":{"type":"Point","coordinates":[-2.079362,51.543556]}},{"type":"Feature","properties":{"countryName":"England","Type of Animal":"Chicken"},"geometry":{"type":"Point","coordinates":[-2.093852,51.500405]}},{"type":"Feature","properties":{"countryName":"England","Type of Animal":"Chicken"},"geometry":{"type":"Point","coordinates":[-1.673411,51.321684]}},{"type":"Feature","properties":{"countryName":"England","Type of Animal":"Chicken"},"geometry":{"type":"Point","coordinates":[-2.068409,51.321297]}},{"type":"Feature","properties":{"countryName":"England","Type of Animal":"Chicken"},"geometry":{"type":"Point","coordinates":[-2.050952,51.373965]}},{"type":"Feature","properties":{"countryName":"England","Type of Animal":"Chicken"},"geometry":{"type":"Point","coordinates":[-2.138357,51.318124]}},{"type":"Feature","properties":{"countryName":"England","Type of Animal":"Chicken"},"geometry":{"type":"Point","coordinates":[-2.066948,51.368283]}},{"type":"Feature","properties":{"countryName":"England","Type of Animal":"Chicken"},"geometry":{"type":"Point","coordinates":[-2.155656,51.289314]}},{"type":"Feature","properties":{"countryName":"England","Type of Animal":"Chicken"},"geometry":{"type":"Point","coordinates":[-2.064481,52.17563]}},{"type":"Feature","properties":{"countryName":"England","Type of Animal":"Chicken"},"geometry":{"type":"Point","coordinates":[-2.416234,52.289258]}},{"type":"Feature","properties":{"countryName":"England","Type of Animal":"Chicken"},"geometry":{"type":"Point","coordinates":[-2.588845,52.253326]}},{"type":"Feature","properties":{"countryName":"England","Type of Animal":"Chicken"},"geometry":{"type":"Point","coordinates":[-2.303459,52.280081]}},{"type":"Feature","properties":{"countryName":"England","Type of Animal":"Chicken"},"geometry":{"type":"Point","coordinates":[-2.29197,52.017075]}},{"type":"Feature","properties":{"countryName":"England","Type of Animal":"Chicken"},"geometry":{"type":"Point","coordinates":[-2.266732,52.240194]}},{"type":"Feature","properties":{"countryName":"England","Type of Animal":"Chicken"},"geometry":{"type":"Point","coordinates":[-1.900175,52.353997]}},{"type":"Feature","properties":{"countryName":"England","Type of Animal":"Chicken"},"geometry":{"type":"Point","coordinates":[-2.23294,52.045159]}},{"type":"Feature","properties":{"countryName":"England","Type of Animal":"Chicken"},"geometry":{"type":"Point","coordinates":[-2.449055,52.13648]}},{"type":"Feature","properties":{"countryName":"England","Type of Animal":"Chicken"},"geometry":{"type":"Point","coordinates":[-2.069485,52.186272]}},{"type":"Feature","properties":{"countryName":"England","Type of Animal":"Chicken"},"geometry":{"type":"Point","coordinates":[-2.099384,52.344005]}},{"type":"Feature","properties":{"countryName":"England","Type of Animal":"Chicken"},"geometry":{"type":"Point","coordinates":[-1.921462,52.159475]}},{"type":"Feature","properties":{"countryName":"England","Type of Animal":"Chicken"},"geometry":{"type":"Point","coordinates":[-2.50841,52.133119]}},{"type":"Feature","properties":{"countryName":"England","Type of Animal":"Chicken"},"geometry":{"type":"Point","coordinates":[-2.106933,52.336837]}},{"type":"Feature","properties":{"countryName":"Scotland","Type of Animal":"Pork"},"geometry":{"type":"Point","coordinates":[-2.505481,57.320311]}},{"type":"Feature","properties":{"countryName":"Scotland","Type of Animal":"Pork"},"geometry":{"type":"Point","coordinates":[-3.847456,57.817987]}},{"type":"Feature","properties":{"countryName":"Scotland","Type of Animal":"Pork"},"geometry":{"type":"Point","coordinates":[-2.363893,57.217889]}},{"type":"Feature","properties":{"countryName":"Scotland","Type of Animal":"Pork"},"geometry":{"type":"Point","coordinates":[-2.584159,57.619643]}},{"type":"Feature","properties":{"countryName":"Scotland","Type of Animal":"Pork"},"geometry":{"type":"Point","coordinates":[-3.777643,55.605333]}},{"type":"Feature","properties":{"countryName":"Scotland","Type of Animal":"Pork"},"geometry":{"type":"Point","coordinates":[-2.254871,56.861372]}},{"type":"Feature","properties":{"countryName":"Scotland","Type of Animal":"Pork"},"geometry":{"type":"Point","coordinates":[-2.208432,56.965405]}},{"type":"Feature","properties":{"countryName":"Scotland","Type of Animal":"Pork"},"geometry":{"type":"Point","coordinates":[-2.212479,57.55816]}},{"type":"Feature","properties":{"countryName":"Scotland","Type of Animal":"Chicken"},"geometry":{"type":"Point","coordinates":[-3.569295,56.484902]}},{"type":"Feature","properties":{"countryName":"Scotland","Type of Animal":"Chicken"},"geometry":{"type":"Point","coordinates":[-2.773991,56.642748]}},{"type":"Feature","properties":{"countryName":"Scotland","Type of Animal":"Chicken"},"geometry":{"type":"Point","coordinates":[-4.443724,55.481385]}},{"type":"Feature","properties":{"countryName":"Scotland","Type of Animal":"Chicken"},"geometry":{"type":"Point","coordinates":[-2.636374,55.660515]}},{"type":"Feature","properties":{"countryName":"Scotland","Type of Animal":"Chicken"},"geometry":{"type":"Point","coordinates":[-3.275712,57.659183]}},{"type":"Feature","properties":{"countryName":"Scotland","Type of Animal":"Chicken"},"geometry":{"type":"Point","coordinates":[-2.409724,56.785067]}},{"type":"Feature","properties":{"countryName":"Scotland","Type of Animal":"Chicken"},"geometry":{"type":"Point","coordinates":[-3.362027,56.558617]}},{"type":"Feature","properties":{"countryName":"Scotland","Type of Animal":"Chicken"},"geometry":{"type":"Point","coordinates":[-3.644355,55.777547]}},{"type":"Feature","properties":{"countryName":"Scotland","Type of Animal":"Chicken"},"geometry":{"type":"Point","coordinates":[-2.521459,57.61351]}},{"type":"Feature","properties":{"countryName":"Scotland","Type of Animal":"Chicken"},"geometry":{"type":"Point","coordinates":[-3.644355,55.777547]}},{"type":"Feature","properties":{"countryName":"Scotland","Type of Animal":"Chicken"},"geometry":{"type":"Point","coordinates":[-3.702226,55.753092]}},{"type":"Feature","properties":{"countryName":"Scotland","Type of Animal":"Chicken"},"geometry":{"type":"Point","coordinates":[-2.446187,55.67049]}},{"type":"Feature","properties":{"countryName":"Scotland","Type of Animal":"Chicken"},"geometry":{"type":"Point","coordinates":[-2.644177,56.594624]}},{"type":"Feature","properties":{"countryName":"Scotland","Type of Animal":"Chicken"},"geometry":{"type":"Point","coordinates":[-3.312326,56.08897]}},{"type":"Feature","properties":{"countryName":"Scotland","Type of Animal":"Chicken"},"geometry":{"type":"Point","coordinates":[-2.874064,56.435509]}},{"type":"Feature","properties":{"countryName":"Scotland","Type of Animal":"Chicken"},"geometry":{"type":"Point","coordinates":[-3.685299,56.37905]}},{"type":"Feature","properties":{"countryName":"Scotland","Type of Animal":"Chicken"},"geometry":{"type":"Point","coordinates":[-3.7107,56.084805]}},{"type":"Feature","properties":{"countryName":"Scotland","Type of Animal":"Chicken"},"geometry":{"type":"Point","coordinates":[-2.493077,57.567906]}},{"type":"Feature","properties":{"countryName":"Scotland","Type of Animal":"Chicken"},"geometry":{"type":"Point","coordinates":[-2.693592,56.610107]}},{"type":"Feature","properties":{"countryName":"Scotland","Type of Animal":"Chicken"},"geometry":{"type":"Point","coordinates":[-2.799381,55.89823]}},{"type":"Feature","properties":{"countryName":"Scotland","Type of Animal":"Chicken"},"geometry":{"type":"Point","coordinates":[-3.604537,55.689703]}},{"type":"Feature","properties":{"countryName":"Scotland","Type of Animal":"Chicken"},"geometry":{"type":"Point","coordinates":[-3.285784,55.643873]}},{"type":"Feature","properties":{"countryName":"Scotland","Type of Animal":"Chicken"},"geometry":{"type":"Point","coordinates":[-2.863997,56.613962]}},{"type":"Feature","properties":{"countryName":"Scotland","Type of Animal":"Chicken"},"geometry":{"type":"Point","coordinates":[-3.616587,55.704534]}},{"type":"Feature","properties":{"countryName":"Scotland","Type of Animal":"Chicken"},"geometry":{"type":"Point","coordinates":[-2.799381,55.89823]}},{"type":"Feature","properties":{"countryName":"Scotland","Type of Animal":"Chicken"},"geometry":{"type":"Point","coordinates":[-3.449789,55.619309]}},{"type":"Feature","properties":{"countryName":"Scotland","Type of Animal":"Chicken"},"geometry":{"type":"Point","coordinates":[-3.124688,56.508054]}},{"type":"Feature","properties":{"countryName":"Scotland","Type of Animal":"Chicken"},"geometry":{"type":"Point","coordinates":[-3.61311,55.595737]}},{"type":"Feature","properties":{"countryName":"Scotland","Type of Animal":"Chicken"},"geometry":{"type":"Point","coordinates":[-4.231948,55.453956]}},{"type":"Feature","properties":{"countryName":"Scotland","Type of Animal":"Chicken"},"geometry":{"type":"Point","coordinates":[-3.677937,57.621731]}},{"type":"Feature","properties":{"countryName":"Scotland","Type of Animal":"Chicken"},"geometry":{"type":"Point","coordinates":[-3.607876,55.830845]}},{"type":"Feature","properties":{"countryName":"Scotland","Type of Animal":"Chicken"},"geometry":{"type":"Point","coordinates":[-2.257524,55.720587]}},{"type":"Feature","properties":{"countryName":"Scotland","Type of Animal":"Chicken"},"geometry":{"type":"Point","coordinates":[-3.439906,56.099358]}},{"type":"Feature","properties":{"countryName":"Scotland","Type of Animal":"Chicken"},"geometry":{"type":"Point","coordinates":[-3.330622,56.083593]}},{"type":"Feature","properties":{"countryName":"Scotland","Type of Animal":"Chicken"},"geometry":{"type":"Point","coordinates":[-2.312164,57.542332]}},{"type":"Feature","properties":{"countryName":"Scotland","Type of Animal":"Chicken"},"geometry":{"type":"Point","coordinates":[-2.551712,57.512408]}},{"type":"Feature","properties":{"countryName":"Scotland","Type of Animal":"Chicken"},"geometry":{"type":"Point","coordinates":[-2.779196,56.614971]}},{"type":"Feature","properties":{"countryName":"Scotland","Type of Animal":"Chicken"},"geometry":{"type":"Point","coordinates":[-3.192934,55.041294]}},{"type":"Feature","properties":{"countryName":"Scotland","Type of Animal":"Chicken"},"geometry":{"type":"Point","coordinates":[-2.471436,57.580346]}},{"type":"Feature","properties":{"countryName":"Scotland","Type of Animal":"Chicken"},"geometry":{"type":"Point","coordinates":[-2.635729,55.659009]}},{"type":"Feature","properties":{"countryName":"Scotland","Type of Animal":"Chicken"},"geometry":{"type":"Point","coordinates":[-2.326103,57.625303]}},{"type":"Feature","properties":{"countryName":"Scotland","Type of Animal":"Chicken"},"geometry":{"type":"Point","coordinates":[-2.584159,57.619643]}},{"type":"Feature","properties":{"countryName":"Scotland","Type of Animal":"Chicken"},"geometry":{"type":"Point","coordinates":[-4.047739,55.523064]}},{"type":"Feature","properties":{"countryName":"Scotland","Type of Animal":"Chicken"},"geometry":{"type":"Point","coordinates":[-2.493077,57.567906]}},{"type":"Feature","properties":{"countryName":"Scotland","Type of Animal":"Chicken"},"geometry":{"type":"Point","coordinates":[-2.773673,56.001363]}},{"type":"Feature","properties":{"countryName":"Scotland","Type of Animal":"Chicken"},"geometry":{"type":"Point","coordinates":[-2.762365,56.050823]}},{"type":"Feature","properties":{"countryName":"Scotland","Type of Animal":"Chicken"},"geometry":{"type":"Point","coordinates":[-3.421616,56.124295]}},{"type":"Feature","properties":{"countryName":"Scotland","Type of Animal":"Chicken"},"geometry":{"type":"Point","coordinates":[-3.102903,56.493075]}},{"type":"Feature","properties":{"countryName":"Scotland","Type of Animal":"Chicken"},"geometry":{"type":"Point","coordinates":[-3.356388,56.425944]}},{"type":"Feature","properties":{"countryName":"Scotland","Type of Animal":"Chicken"},"geometry":{"type":"Point","coordinates":[-2.440186,57.532267]}},{"type":"Feature","properties":{"countryName":"Scotland","Type of Animal":"Chicken"},"geometry":{"type":"Point","coordinates":[-3.091191,56.506601]}},{"type":"Feature","properties":{"countryName":"Scotland","Type of Animal":"Chicken"},"geometry":{"type":"Point","coordinates":[-3.754827,54.971713]}},{"type":"Feature","properties":{"countryName":"Scotland","Type of Animal":"Chicken"},"geometry":{"type":"Point","coordinates":[-4.655236,55.686065]}},{"type":"Feature","properties":{"countryName":"Scotland","Type of Animal":"Chicken"},"geometry":{"type":"Point","coordinates":[-3.749364,56.113635]}},{"type":"Feature","properties":{"countryName":"Scotland","Type of Animal":"Chicken"},"geometry":{"type":"Point","coordinates":[-3.561506,56.204431]}},{"type":"Feature","properties":{"countryName":"Scotland","Type of Animal":"Chicken"},"geometry":{"type":"Point","coordinates":[-3.490666,56.05336]}},{"type":"Feature","properties":{"countryName":"Scotland","Type of Animal":"Chicken"},"geometry":{"type":"Point","coordinates":[-4.25718,55.473759]}},{"type":"Feature","properties":{"countryName":"Scotland","Type of Animal":"Chicken"},"geometry":{"type":"Point","coordinates":[-2.705599,56.665111]}},{"type":"Feature","properties":{"countryName":"Scotland","Type of Animal":"Chicken"},"geometry":{"type":"Point","coordinates":[-3.596677,56.320965]}},{"type":"Feature","properties":{"countryName":"Scotland","Type of Animal":"Chicken"},"geometry":{"type":"Point","coordinates":[-2.636374,55.660515]}},{"type":"Feature","properties":{"countryName":"Scotland","Type of Animal":"Chicken"},"geometry":{"type":"Point","coordinates":[-2.952917,56.674523]}},{"type":"Feature","properties":{"countryName":"Scotland","Type of Animal":"Chicken"},"geometry":{"type":"Point","coordinates":[-4.88772,54.679765]}},{"type":"Feature","properties":{"countryName":"Scotland","Type of Animal":"Chicken"},"geometry":{"type":"Point","coordinates":[-3.255982,55.591919]}},{"type":"Feature","properties":{"countryName":"Scotland","Type of Animal":"Chicken"},"geometry":{"type":"Point","coordinates":[-3.202163,56.574812]}},{"type":"Feature","properties":{"countryName":"Scotland","Type of Animal":"Chicken"},"geometry":{"type":"Point","coordinates":[-2.764584,56.497414]}},{"type":"Feature","properties":{"countryName":"Scotland","Type of Animal":"Chicken"},"geometry":{"type":"Point","coordinates":[-5.112623,54.927582]}},{"type":"Feature","properties":{"countryName":"Scotland","Type of Animal":"Chicken"},"geometry":{"type":"Point","coordinates":[-2.172427,55.782993]}},{"type":"Feature","properties":{"countryName":"Scotland","Type of Animal":"Chicken"},"geometry":{"type":"Point","coordinates":[-3.38126,56.55863]}},{"type":"Feature","properties":{"countryName":"Scotland","Type of Animal":"Chicken"},"geometry":{"type":"Point","coordinates":[-3.496589,56.174151]}},{"type":"Feature","properties":{"countryName":"Scotland","Type of Animal":"Chicken"},"geometry":{"type":"Point","coordinates":[-3.673211,55.835488]}},{"type":"Feature","properties":{"countryName":"Scotland","Type of Animal":"Chicken"},"geometry":{"type":"Point","coordinates":[-3.561187,56.08176]}},{"type":"Feature","properties":{"countryName":"Scotland","Type of Animal":"Chicken"},"geometry":{"type":"Point","coordinates":[-3.363517,55.70156]}},{"type":"Feature","properties":{"countryName":"Scotland","Type of Animal":"Chicken"},"geometry":{"type":"Point","coordinates":[-3.204923,55.051829]}},{"type":"Feature","properties":{"countryName":"Scotland","Type of Animal":"Chicken"},"geometry":{"type":"Point","coordinates":[-2.638172,56.813464]}},{"type":"Feature","properties":{"countryName":"Scotland","Type of Animal":"Chicken"},"geometry":{"type":"Point","coordinates":[-3.570839,55.86154]}},{"type":"Feature","properties":{"countryName":"Scotland","Type of Animal":"Chicken"},"geometry":{"type":"Point","coordinates":[-3.421638,55.921995]}},{"type":"Feature","properties":{"countryName":"Scotland","Type of Animal":"Chicken"},"geometry":{"type":"Point","coordinates":[-1.939591,57.536102]}},{"type":"Feature","properties":{"countryName":"Scotland","Type of Animal":"Chicken"},"geometry":{"type":"Point","coordinates":[-2.971696,56.529093]}},{"type":"Feature","properties":{"countryName":"Scotland","Type of Animal":"Chicken"},"geometry":{"type":"Point","coordinates":[-4.017638,54.954837]}},{"type":"Feature","properties":{"countryName":"Scotland","Type of Animal":"Chicken"},"geometry":{"type":"Point","coordinates":[-2.636374,55.660515]}},{"type":"Feature","properties":{"countryName":"Scotland","Type of Animal":"Chicken"},"geometry":{"type":"Point","coordinates":[-2.537606,57.502968]}},{"type":"Feature","properties":{"countryName":"Scotland","Type of Animal":"Chicken"},"geometry":{"type":"Point","coordinates":[-3.223259,56.179236]}},{"type":"Feature","properties":{"countryName":"Scotland","Type of Animal":"Chicken"},"geometry":{"type":"Point","coordinates":[-1.786286,57.504335]}},{"type":"Feature","properties":{"countryName":"Scotland","Type of Animal":"Chicken"},"geometry":{"type":"Point","coordinates":[-2.378929,55.665543]}},{"type":"Feature","properties":{"countryName":"Scotland","Type of Animal":"Chicken"},"geometry":{"type":"Point","coordinates":[-3.326666,55.92439]}},{"type":"Feature","properties":{"countryName":"Scotland","Type of Animal":"Chicken"},"geometry":{"type":"Point","coordinates":[-3.177357,56.162734]}},{"type":"Feature","properties":{"countryName":"Scotland","Type of Animal":"Chicken"},"geometry":{"type":"Point","coordinates":[-2.995985,56.415076]}},{"type":"Feature","properties":{"countryName":"Scotland","Type of Animal":"Chicken"},"geometry":{"type":"Point","coordinates":[-3.468556,56.211562]}},{"type":"Feature","properties":{"countryName":"Scotland","Type of Animal":"Chicken"},"geometry":{"type":"Point","coordinates":[-3.867025,56.124116]}},{"type":"Feature","properties":{"countryName":"Scotland","Type of Animal":"Chicken"},"geometry":{"type":"Point","coordinates":[-3.462539,55.908222]}},{"type":"Feature","properties":{"countryName":"Scotland","Type of Animal":"Chicken"},"geometry":{"type":"Point","coordinates":[-2.07393,57.563257]}},{"type":"Feature","properties":{"countryName":"Scotland","Type of Animal":"Pork"},"geometry":{"type":"Point","coordinates":[-2.335501,57.204973]}},{"type":"Feature","properties":{"countryName":"Scotland","Type of Animal":"Pork"},"geometry":{"type":"Point","coordinates":[-2.321232,55.896848]}},{"type":"Feature","properties":{"countryName":"Scotland","Type of Animal":"Pork"},"geometry":{"type":"Point","coordinates":[-2.709734,57.32838]}},{"type":"Feature","properties":{"countryName":"Scotland","Type of Animal":"Pork"},"geometry":{"type":"Point","coordinates":[-2.617501,55.962076]}},{"type":"Feature","properties":{"countryName":"Scotland","Type of Animal":"Pork"},"geometry":{"type":"Point","coordinates":[-2.044697,57.315175]}},{"type":"Feature","properties":{"countryName":"Scotland","Type of Animal":"Chicken"},"geometry":{"type":"Point","coordinates":[-3.215699,55.776104]}},{"type":"Feature","properties":{"countryName":"Scotland","Type of Animal":"Pork"},"geometry":{"type":"Point","coordinates":[-2.129732,57.331147]}},{"type":"Feature","properties":{"countryName":"Scotland","Type of Animal":"Pork"},"geometry":{"type":"Point","coordinates":[-3.39223,55.136927]}},{"type":"Feature","properties":{"countryName":"Wales","Type of Animal":"Pork"},"geometry":{"type":"Point","coordinates":[-2.960121,53.120703]}},{"type":"Feature","properties":{"countryName":"Wales","Type of Animal":"Chicken"},"geometry":{"type":"Point","coordinates":[-3.457419,53.008655]}},{"type":"Feature","properties":{"countryName":"Wales","Type of Animal":"Chicken"},"geometry":{"type":"Point","coordinates":[-2.947069,53.084376]}},{"type":"Feature","properties":{"countryName":"Wales","Type of Animal":"Chicken"},"geometry":{"type":"Point","coordinates":[-3.256731,53.238196]}},{"type":"Feature","properties":{"countryName":"Wales","Type of Animal":"Chicken"},"geometry":{"type":"Point","coordinates":[-3.446711,53.129621]}},{"type":"Feature","properties":{"countryName":"Wales","Type of Animal":"Chicken"},"geometry":{"type":"Point","coordinates":[-3.27317,53.27102]}},{"type":"Feature","properties":{"countryName":"Wales","Type of Animal":"Chicken"},"geometry":{"type":"Point","coordinates":[-3.462252,53.137009]}},{"type":"Feature","properties":{"countryName":"Wales","Type of Animal":"Chicken"},"geometry":{"type":"Point","coordinates":[-3.325207,53.283264]}},{"type":"Feature","properties":{"countryName":"Wales","Type of Animal":"Chicken"},"geometry":{"type":"Point","coordinates":[-3.378884,53.056294]}},{"type":"Feature","properties":{"countryName":"Wales","Type of Animal":"Chicken"},"geometry":{"type":"Point","coordinates":[-2.936032,53.021599]}},{"type":"Feature","properties":{"countryName":"Wales","Type of Animal":"Chicken"},"geometry":{"type":"Point","coordinates":[-2.84989,52.994911]}},{"type":"Feature","properties":{"countryName":"Wales","Type of Animal":"Chicken"},"geometry":{"type":"Point","coordinates":[-3.228265,53.246709]}},{"type":"Feature","properties":{"countryName":"Wales","Type of Animal":"Chicken"},"geometry":{"type":"Point","coordinates":[-3.275312,53.243238]}},{"type":"Feature","properties":{"countryName":"Wales","Type of Animal":"Chicken"},"geometry":{"type":"Point","coordinates":[-3.644003,53.057036]}},{"type":"Feature","properties":{"countryName":"Wales","Type of Animal":"Chicken"},"geometry":{"type":"Point","coordinates":[-3.275664,53.257124]}},{"type":"Feature","properties":{"countryName":"Wales","Type of Animal":"Chicken"},"geometry":{"type":"Point","coordinates":[-3.131061,53.094321]}},{"type":"Feature","properties":{"countryName":"Wales","Type of Animal":"Chicken"},"geometry":{"type":"Point","coordinates":[-3.007847,52.98644]}},{"type":"Feature","properties":{"countryName":"Wales","Type of Animal":"Chicken"},"geometry":{"type":"Point","coordinates":[-2.880982,53.040153]}},{"type":"Feature","properties":{"countryName":"Wales","Type of Animal":"Chicken"},"geometry":{"type":"Point","coordinates":[-3.986508,52.31231]}},{"type":"Feature","properties":{"countryName":"Wales","Type of Animal":"Chicken"},"geometry":{"type":"Point","coordinates":[-4.764692,51.731911]}},{"type":"Feature","properties":{"countryName":"Wales","Type of Animal":"Chicken"},"geometry":{"type":"Point","coordinates":[-4.918917,51.819474]}},{"type":"Feature","properties":{"countryName":"Wales","Type of Animal":"Chicken"},"geometry":{"type":"Point","coordinates":[-4.229423,51.831419]}},{"type":"Feature","properties":{"countryName":"Wales","Type of Animal":"Chicken"},"geometry":{"type":"Point","coordinates":[-5.094679,51.745173]}},{"type":"Feature","properties":{"countryName":"Wales","Type of Animal":"Chicken"},"geometry":{"type":"Point","coordinates":[-2.73825,51.801092]}},{"type":"Feature","properties":{"countryName":"Wales","Type of Animal":"Chicken"},"geometry":{"type":"Point","coordinates":[-2.897019,51.911973]}},{"type":"Feature","properties":{"countryName":"Wales","Type of Animal":"Chicken"},"geometry":{"type":"Point","coordinates":[-2.886164,51.758965]}},{"type":"Feature","properties":{"countryName":"Wales","Type of Animal":"Chicken"},"geometry":{"type":"Point","coordinates":[-2.962136,51.746559]}},{"type":"Feature","properties":{"countryName":"Wales","Type of Animal":"Chicken"},"geometry":{"type":"Point","coordinates":[-2.852468,51.832287]}},{"type":"Feature","properties":{"countryName":"Wales","Type of Animal":"Chicken"},"geometry":{"type":"Point","coordinates":[-2.950846,51.721448]}},{"type":"Feature","properties":{"countryName":"Wales","Type of Animal":"Chicken"},"geometry":{"type":"Point","coordinates":[-2.828702,51.856522]}},{"type":"Feature","properties":{"countryName":"Wales","Type of Animal":"Chicken"},"geometry":{"type":"Point","coordinates":[-2.710389,51.607591]}},{"type":"Feature","properties":{"countryName":"Wales","Type of Animal":"Chicken"},"geometry":{"type":"Point","coordinates":[-2.718513,51.723566]}},{"type":"Feature","properties":{"countryName":"Wales","Type of Animal":"Chicken"},"geometry":{"type":"Point","coordinates":[-2.896944,51.776533]}},{"type":"Feature","properties":{"countryName":"Wales","Type of Animal":"Chicken"},"geometry":{"type":"Point","coordinates":[-2.782898,51.777996]}},{"type":"Feature","properties":{"countryName":"Wales","Type of Animal":"Chicken"},"geometry":{"type":"Point","coordinates":[-2.920058,51.734913]}},{"type":"Feature","properties":{"countryName":"Wales","Type of Animal":"Chicken"},"geometry":{"type":"Point","coordinates":[-2.968562,51.74944]}},{"type":"Feature","properties":{"countryName":"Wales","Type of Animal":"Chicken"},"geometry":{"type":"Point","coordinates":[-2.873833,51.770162]}},{"type":"Feature","properties":{"countryName":"Wales","Type of Animal":"Chicken"},"geometry":{"type":"Point","coordinates":[-3.000439,51.856176]}},{"type":"Feature","properties":{"countryName":"Wales","Type of Animal":"Chicken"},"geometry":{"type":"Point","coordinates":[-2.860641,51.791556]}},{"type":"Feature","properties":{"countryName":"Wales","Type of Animal":"Chicken"},"geometry":{"type":"Point","coordinates":[-2.782793,51.634698]}},{"type":"Feature","properties":{"countryName":"Wales","Type of Animal":"Chicken"},"geometry":{"type":"Point","coordinates":[-2.962628,51.820495]}},{"type":"Feature","properties":{"countryName":"Wales","Type of Animal":"Chicken"},"geometry":{"type":"Point","coordinates":[-2.950846,51.721448]}},{"type":"Feature","properties":{"countryName":"Wales","Type of Animal":"Chicken"},"geometry":{"type":"Point","coordinates":[-4.61562,52.860237]}},{"type":"Feature","properties":{"countryName":"Wales","Type of Animal":"Chicken"},"geometry":{"type":"Point","coordinates":[-4.484069,53.258982]}},{"type":"Feature","properties":{"countryName":"Wales","Type of Animal":"Chicken"},"geometry":{"type":"Point","coordinates":[-4.349808,53.157114]}},{"type":"Feature","properties":{"countryName":"Wales","Type of Animal":"Chicken"},"geometry":{"type":"Point","coordinates":[-4.371734,53.201553]}},{"type":"Feature","properties":{"countryName":"Wales","Type of Animal":"Chicken"},"geometry":{"type":"Point","coordinates":[-4.243451,53.259153]}},{"type":"Feature","properties":{"countryName":"Wales","Type of Animal":"Chicken"},"geometry":{"type":"Point","coordinates":[-4.393509,53.301026]}},{"type":"Feature","properties":{"countryName":"Wales","Type of Animal":"Chicken"},"geometry":{"type":"Point","coordinates":[-4.368443,53.255169]}},{"type":"Feature","properties":{"countryName":"Wales","Type of Animal":"Chicken"},"geometry":{"type":"Point","coordinates":[-4.240033,53.218435]}},{"type":"Feature","properties":{"countryName":"Wales","Type of Animal":"Chicken"},"geometry":{"type":"Point","coordinates":[-4.346337,53.343151]}},{"type":"Feature","properties":{"countryName":"Wales","Type of Animal":"Chicken"},"geometry":{"type":"Point","coordinates":[-4.378547,53.241904]}},{"type":"Feature","properties":{"countryName":"Wales","Type of Animal":"Chicken"},"geometry":{"type":"Point","coordinates":[-4.464371,53.258798]}},{"type":"Feature","properties":{"countryName":"Wales","Type of Animal":"Chicken"},"geometry":{"type":"Point","coordinates":[-3.18034,52.050435]}},{"type":"Feature","properties":{"countryName":"Wales","Type of Animal":"Chicken"},"geometry":{"type":"Point","coordinates":[-3.31747,52.477065]}},{"type":"Feature","properties":{"countryName":"Wales","Type of Animal":"Chicken"},"geometry":{"type":"Point","coordinates":[-3.26001,52.549471]}},{"type":"Feature","properties":{"countryName":"Wales","Type of Animal":"Chicken"},"geometry":{"type":"Point","coordinates":[-3.535929,52.512415]}},{"type":"Feature","properties":{"countryName":"Wales","Type of Animal":"Chicken"},"geometry":{"type":"Point","coordinates":[-3.403754,52.247086]}},{"type":"Feature","properties":{"countryName":"Wales","Type of Animal":"Chicken"},"geometry":{"type":"Point","coordinates":[-3.173066,52.752527]}},{"type":"Feature","properties":{"countryName":"Wales","Type of Animal":"Chicken"},"geometry":{"type":"Point","coordinates":[-3.400955,52.201463]}},{"type":"Feature","properties":{"countryName":"Wales","Type of Animal":"Chicken"},"geometry":{"type":"Point","coordinates":[-3.253143,52.50567]}},{"type":"Feature","properties":{"countryName":"Wales","Type of Animal":"Chicken"},"geometry":{"type":"Point","coordinates":[-3.474703,52.513824]}},{"type":"Feature","properties":{"countryName":"Wales","Type of Animal":"Chicken"},"geometry":{"type":"Point","coordinates":[-3.299475,52.280385]}},{"type":"Feature","properties":{"countryName":"Wales","Type of Animal":"Chicken"},"geometry":{"type":"Point","coordinates":[-3.534672,52.491564]}},{"type":"Feature","properties":{"countryName":"Wales","Type of Animal":"Chicken"},"geometry":{"type":"Point","coordinates":[-3.519537,52.444756]}},{"type":"Feature","properties":{"countryName":"Wales","Type of Animal":"Chicken"},"geometry":{"type":"Point","coordinates":[-3.489377,52.512408]}},{"type":"Feature","properties":{"countryName":"Wales","Type of Animal":"Chicken"},"geometry":{"type":"Point","coordinates":[-3.164512,52.542088]}},{"type":"Feature","properties":{"countryName":"Wales","Type of Animal":"Chicken"},"geometry":{"type":"Point","coordinates":[-3.401532,52.551224]}},{"type":"Feature","properties":{"countryName":"Wales","Type of Animal":"Chicken"},"geometry":{"type":"Point","coordinates":[-3.215218,52.54299]}},{"type":"Feature","properties":{"countryName":"Wales","Type of Animal":"Chicken"},"geometry":{"type":"Point","coordinates":[-3.305956,52.700945]}},{"type":"Feature","properties":{"countryName":"Wales","Type of Animal":"Chicken"},"geometry":{"type":"Point","coordinates":[-3.269647,52.693114]}},{"type":"Feature","properties":{"countryName":"Wales","Type of Animal":"Chicken"},"geometry":{"type":"Point","coordinates":[-3.317281,52.427376]}},{"type":"Feature","properties":{"countryName":"Wales","Type of Animal":"Chicken"},"geometry":{"type":"Point","coordinates":[-3.297815,52.564625]}},{"type":"Feature","properties":{"countryName":"Wales","Type of Animal":"Chicken"},"geometry":{"type":"Point","coordinates":[-3.467006,52.534325]}},{"type":"Feature","properties":{"countryName":"Wales","Type of Animal":"Chicken"},"geometry":{"type":"Point","coordinates":[-3.019069,52.527112]}},{"type":"Feature","properties":{"countryName":"Wales","Type of Animal":"Chicken"},"geometry":{"type":"Point","coordinates":[-3.46603,52.343871]}},{"type":"Feature","properties":{"countryName":"Wales","Type of Animal":"Chicken"},"geometry":{"type":"Point","coordinates":[-2.986814,52.267502]}},{"type":"Feature","properties":{"countryName":"Wales","Type of Animal":"Chicken"},"geometry":{"type":"Point","coordinates":[-3.346576,52.172083]}},{"type":"Feature","properties":{"countryName":"Wales","Type of Animal":"Chicken"},"geometry":{"type":"Point","coordinates":[-3.428549,52.218924]}},{"type":"Feature","properties":{"countryName":"Wales","Type of Animal":"Chicken"},"geometry":{"type":"Point","coordinates":[-3.443989,52.103649]}},{"type":"Feature","properties":{"countryName":"Wales","Type of Animal":"Chicken"},"geometry":{"type":"Point","coordinates":[-3.46884,53.020671]}},{"type":"Feature","properties":{"countryName":"Wales","Type of Animal":"Chicken"},"geometry":{"type":"Point","coordinates":[-3.522533,52.185201]}},{"type":"Feature","properties":{"countryName":"Wales","Type of Animal":"Chicken"},"geometry":{"type":"Point","coordinates":[-3.230139,52.615648]}},{"type":"Feature","properties":{"countryName":"Wales","Type of Animal":"Chicken"},"geometry":{"type":"Point","coordinates":[-3.159841,52.758366]}},{"type":"Feature","properties":{"countryName":"Wales","Type of Animal":"Chicken"},"geometry":{"type":"Point","coordinates":[-3.220632,52.489908]}},{"type":"Feature","properties":{"countryName":"Wales","Type of Animal":"Chicken"},"geometry":{"type":"Point","coordinates":[-3.142946,52.304158]}},{"type":"Feature","properties":{"countryName":"Wales","Type of Animal":"Chicken"},"geometry":{"type":"Point","coordinates":[-3.226168,52.517919]}},{"type":"Feature","properties":{"countryName":"Wales","Type of Animal":"Chicken"},"geometry":{"type":"Point","coordinates":[-3.083908,52.734352]}},{"type":"Feature","properties":{"countryName":"Wales","Type of Animal":"Chicken"},"geometry":{"type":"Point","coordinates":[-3.0814,52.645545]}},{"type":"Feature","properties":{"countryName":"Wales","Type of Animal":"Chicken"},"geometry":{"type":"Point","coordinates":[-3.172188,52.799302]}},{"type":"Feature","properties":{"countryName":"Wales","Type of Animal":"Chicken"},"geometry":{"type":"Point","coordinates":[-3.189812,52.774395]}},{"type":"Feature","properties":{"countryName":"Wales","Type of Animal":"Chicken"},"geometry":{"type":"Point","coordinates":[-3.086176,52.519683]}},{"type":"Feature","properties":{"countryName":"Wales","Type of Animal":"Chicken"},"geometry":{"type":"Point","coordinates":[-3.298751,52.647191]}},{"type":"Feature","properties":{"countryName":"Wales","Type of Animal":"Chicken"},"geometry":{"type":"Point","coordinates":[-3.332324,52.403858]}},{"type":"Feature","properties":{"countryName":"Wales","Type of Animal":"Chicken"},"geometry":{"type":"Point","coordinates":[-3.395445,52.243479]}},{"type":"Feature","properties":{"countryName":"Wales","Type of Animal":"Chicken"},"geometry":{"type":"Point","coordinates":[-3.441785,52.669972]}},{"type":"Feature","properties":{"countryName":"Wales","Type of Animal":"Chicken"},"geometry":{"type":"Point","coordinates":[-3.233849,52.678218]}},{"type":"Feature","properties":{"countryName":"Wales","Type of Animal":"Chicken"},"geometry":{"type":"Point","coordinates":[-3.291073,52.664042]}},{"type":"Feature","properties":{"countryName":"Wales","Type of Animal":"Chicken"},"geometry":{"type":"Point","coordinates":[-3.309569,52.256322]}},{"type":"Feature","properties":{"countryName":"Wales","Type of Animal":"Chicken"},"geometry":{"type":"Point","coordinates":[-3.260919,52.438069]}},{"type":"Feature","properties":{"countryName":"Wales","Type of Animal":"Chicken"},"geometry":{"type":"Point","coordinates":[-3.046025,52.285268]}},{"type":"Feature","properties":{"countryName":"Wales","Type of Animal":"Chicken"},"geometry":{"type":"Point","coordinates":[-3.077721,52.762125]}},{"type":"Feature","properties":{"countryName":"Wales","Type of Animal":"Chicken"},"geometry":{"type":"Point","coordinates":[-3.463479,52.686605]}},{"type":"Feature","properties":{"countryName":"Wales","Type of Animal":"Chicken"},"geometry":{"type":"Point","coordinates":[-3.298807,52.238001]}},{"type":"Feature","properties":{"countryName":"Wales","Type of Animal":"Chicken"},"geometry":{"type":"Point","coordinates":[-3.124899,52.517613]}},{"type":"Feature","properties":{"countryName":"Wales","Type of Animal":"Chicken"},"geometry":{"type":"Point","coordinates":[-3.174534,52.738907]}},{"type":"Feature","properties":{"countryName":"Wales","Type of Animal":"Chicken"},"geometry":{"type":"Point","coordinates":[-3.124899,52.517613]}},{"type":"Feature","properties":{"countryName":"Wales","Type of Animal":"Chicken"},"geometry":{"type":"Point","coordinates":[-3.236818,52.501437]}},{"type":"Feature","properties":{"countryName":"Wales","Type of Animal":"Chicken"},"geometry":{"type":"Point","coordinates":[-3.183713,52.740815]}},{"type":"Feature","properties":{"countryName":"Wales","Type of Animal":"Chicken"},"geometry":{"type":"Point","coordinates":[-3.266968,52.344789]}},{"type":"Feature","properties":{"countryName":"Wales","Type of Animal":"Chicken"},"geometry":{"type":"Point","coordinates":[-3.328667,51.942219]}},{"type":"Feature","properties":{"countryName":"Wales","Type of Animal":"Chicken"},"geometry":{"type":"Point","coordinates":[-3.466472,52.693935]}},{"type":"Feature","properties":{"countryName":"Wales","Type of Animal":"Chicken"},"geometry":{"type":"Point","coordinates":[-2.962271,52.346787]}},{"type":"Feature","properties":{"countryName":"Wales","Type of Animal":"Chicken"},"geometry":{"type":"Point","coordinates":[-3.262445,52.295289]}},{"type":"Feature","properties":{"countryName":"Wales","Type of Animal":"Chicken"},"geometry":{"type":"Point","coordinates":[-3.311502,52.307908]}},{"type":"Feature","properties":{"countryName":"Wales","Type of Animal":"Chicken"},"geometry":{"type":"Point","coordinates":[-3.142946,52.304158]}},{"type":"Feature","properties":{"countryName":"Wales","Type of Animal":"Chicken"},"geometry":{"type":"Point","coordinates":[-3.195057,52.733167]}},{"type":"Feature","properties":{"countryName":"Wales","Type of Animal":"Chicken"},"geometry":{"type":"Point","coordinates":[-3.079692,52.254281]}},{"type":"Feature","properties":{"countryName":"Wales","Type of Animal":"Chicken"},"geometry":{"type":"Point","coordinates":[-4.100067,51.58728]}},{"type":"Feature","properties":{"countryName":"Wales","Type of Animal":"Chicken"},"geometry":{"type":"Point","coordinates":[-4.06318,51.588983]}},{"type":"Feature","properties":{"countryName":"NI","Type of Animal":"Pork"},"geometry":{"type":"Point","coordinates":[-6.850015,54.323963]}},{"type":"Feature","properties":{"countryName":"NI","Type of Animal":"Pork"},"geometry":{"type":"Point","coordinates":[-6.850015,54.323963]}},{"type":"Feature","properties":{"countryName":"NI","Type of Animal":"Pork"},"geometry":{"type":"Point","coordinates":[-6.445752,54.359475]}},{"type":"Feature","properties":{"countryName":"NI","Type of Animal":"Pork"},"geometry":{"type":"Point","coordinates":[-7.616015,54.688382]}},{"type":"Feature","properties":{"countryName":"NI","Type of Animal":"Pork"},"geometry":{"type":"Point","coordinates":[-5.676596,54.382607]}},{"type":"Feature","properties":{"countryName":"NI","Type of Animal":"Pork"},"geometry":{"type":"Point","coordinates":[-6.850015,54.323963]}},{"type":"Feature","properties":{"countryName":"NI","Type of Animal":"Pork"},"geometry":{"type":"Point","coordinates":[-7.226127,54.406801]}},{"type":"Feature","properties":{"countryName":"NI","Type of Animal":"Pork"},"geometry":{"type":"Point","coordinates":[-7.226127,54.406801]}},{"type":"Feature","properties":{"countryName":"NI","Type of Animal":"Pork"},"geometry":{"type":"Point","coordinates":[-5.718232,54.416828]}},{"type":"Feature","properties":{"countryName":"NI","Type of Animal":"Pork"},"geometry":{"type":"Point","coordinates":[-6.331717,54.992501]}},{"type":"Feature","properties":{"countryName":"NI","Type of Animal":"Pork"},"geometry":{"type":"Point","coordinates":[-5.920885,54.696754]}},{"type":"Feature","properties":{"countryName":"NI","Type of Animal":"Pork"},"geometry":{"type":"Point","coordinates":[-5.545151,54.384758]}},{"type":"Feature","properties":{"countryName":"NI","Type of Animal":"Pork"},"geometry":{"type":"Point","coordinates":[-6.850015,54.323963]}},{"type":"Feature","properties":{"countryName":"NI","Type of Animal":"Pork"},"geometry":{"type":"Point","coordinates":[-6.657118,54.614195]}},{"type":"Feature","properties":{"countryName":"NI","Type of Animal":"Chicken"},"geometry":{"type":"Point","coordinates":[-6.60457,54.871435]}},{"type":"Feature","properties":{"countryName":"NI","Type of Animal":"Chicken"},"geometry":{"type":"Point","coordinates":[-6.813509,54.559681]}},{"type":"Feature","properties":{"countryName":"NI","Type of Animal":"Chicken"},"geometry":{"type":"Point","coordinates":[-6.628475,54.617153]}},{"type":"Feature","properties":{"countryName":"NI","Type of Animal":"Chicken"},"geometry":{"type":"Point","coordinates":[-6.845369,54.565658]}},{"type":"Feature","properties":{"countryName":"NI","Type of Animal":"Chicken"},"geometry":{"type":"Point","coordinates":[-6.88883,54.633766]}},{"type":"Feature","properties":{"countryName":"NI","Type of Animal":"Chicken"},"geometry":{"type":"Point","coordinates":[-6.540263,54.301493]}},{"type":"Feature","properties":{"countryName":"NI","Type of Animal":"Chicken"},"geometry":{"type":"Point","coordinates":[-6.930042,54.62183]}},{"type":"Feature","properties":{"countryName":"NI","Type of Animal":"Chicken"},"geometry":{"type":"Point","coordinates":[-6.737761,54.717208]}},{"type":"Feature","properties":{"countryName":"NI","Type of Animal":"Chicken"},"geometry":{"type":"Point","coordinates":[-6.669687,54.521153]}},{"type":"Feature","properties":{"countryName":"NI","Type of Animal":"Chicken"},"geometry":{"type":"Point","coordinates":[-7.103865,54.467565]}},{"type":"Feature","properties":{"countryName":"NI","Type of Animal":"Chicken"},"geometry":{"type":"Point","coordinates":[-7.030538,54.534952]}},{"type":"Feature","properties":{"countryName":"NI","Type of Animal":"Chicken"},"geometry":{"type":"Point","coordinates":[-6.845369,54.565658]}},{"type":"Feature","properties":{"countryName":"NI","Type of Animal":"Chicken"},"geometry":{"type":"Point","coordinates":[-6.828422,54.520468]}},{"type":"Feature","properties":{"countryName":"NI","Type of Animal":"Chicken"},"geometry":{"type":"Point","coordinates":[-6.732378,54.366851]}},{"type":"Feature","properties":{"countryName":"NI","Type of Animal":"Chicken"},"geometry":{"type":"Point","coordinates":[-6.946097,54.401159]}},{"type":"Feature","properties":{"countryName":"NI","Type of Animal":"Chicken"},"geometry":{"type":"Point","coordinates":[-7.081411,54.444758]}},{"type":"Feature","properties":{"countryName":"NI","Type of Animal":"Chicken"},"geometry":{"type":"Point","coordinates":[-6.918636,54.572633]}},{"type":"Feature","properties":{"countryName":"NI","Type of Animal":"Chicken"},"geometry":{"type":"Point","coordinates":[-6.8198,54.397924]}},{"type":"Feature","properties":{"countryName":"NI","Type of Animal":"Chicken"},"geometry":{"type":"Point","coordinates":[-6.84429,54.549153]}},{"type":"Feature","properties":{"countryName":"NI","Type of Animal":"Chicken"},"geometry":{"type":"Point","coordinates":[-6.774488,54.449985]}},{"type":"Feature","properties":{"countryName":"NI","Type of Animal":"Chicken"},"geometry":{"type":"Point","coordinates":[-6.797781,54.437937]}},{"type":"Feature","properties":{"countryName":"NI","Type of Animal":"Chicken"},"geometry":{"type":"Point","coordinates":[-6.930042,54.62183]}},{"type":"Feature","properties":{"countryName":"NI","Type of Animal":"Chicken"},"geometry":{"type":"Point","coordinates":[-6.204894,54.756127]}},{"type":"Feature","properties":{"countryName":"NI","Type of Animal":"Chicken"},"geometry":{"type":"Point","coordinates":[-6.905078,54.56907]}},{"type":"Feature","properties":{"countryName":"NI","Type of Animal":"Chicken"},"geometry":{"type":"Point","coordinates":[-6.264405,54.224817]}},{"type":"Feature","properties":{"countryName":"NI","Type of Animal":"Chicken"},"geometry":{"type":"Point","coordinates":[-6.48662,54.350866]}},{"type":"Feature","properties":{"countryName":"NI","Type of Animal":"Chicken"},"geometry":{"type":"Point","coordinates":[-6.587874,54.599159]}},{"type":"Feature","properties":{"countryName":"NI","Type of Animal":"Chicken"},"geometry":{"type":"Point","coordinates":[-6.739202,54.413263]}},{"type":"Feature","properties":{"countryName":"NI","Type of Animal":"Chicken"},"geometry":{"type":"Point","coordinates":[-6.893715,54.355843]}},{"type":"Feature","properties":{"countryName":"NI","Type of Animal":"Chicken"},"geometry":{"type":"Point","coordinates":[-7.1172,54.420526]}},{"type":"Feature","properties":{"countryName":"NI","Type of Animal":"Chicken"},"geometry":{"type":"Point","coordinates":[-6.229455,54.199833]}},{"type":"Feature","properties":{"countryName":"NI","Type of Animal":"Chicken"},"geometry":{"type":"Point","coordinates":[-6.232561,54.214291]}},{"type":"Feature","properties":{"countryName":"NI","Type of Animal":"Chicken"},"geometry":{"type":"Point","coordinates":[-6.904788,54.522226]}},{"type":"Feature","properties":{"countryName":"NI","Type of Animal":"Chicken"},"geometry":{"type":"Point","coordinates":[-6.180618,54.632327]}},{"type":"Feature","properties":{"countryName":"NI","Type of Animal":"Chicken"},"geometry":{"type":"Point","coordinates":[-6.809678,54.585588]}},{"type":"Feature","properties":{"countryName":"NI","Type of Animal":"Chicken"},"geometry":{"type":"Point","coordinates":[-6.780724,54.500537]}},{"type":"Feature","properties":{"countryName":"NI","Type of Animal":"Chicken"},"geometry":{"type":"Point","coordinates":[-7.516181,54.763033]}},{"type":"Feature","properties":{"countryName":"NI","Type of Animal":"Chicken"},"geometry":{"type":"Point","coordinates":[-7.050175,54.431697]}},{"type":"Feature","properties":{"countryName":"NI","Type of Animal":"Chicken"},"geometry":{"type":"Point","coordinates":[-6.858679,54.531385]}},{"type":"Feature","properties":{"countryName":"NI","Type of Animal":"Chicken"},"geometry":{"type":"Point","coordinates":[-7.151666,54.490388]}},{"type":"Feature","properties":{"countryName":"NI","Type of Animal":"Chicken"},"geometry":{"type":"Point","coordinates":[-7.149891,54.497822]}},{"type":"Feature","properties":{"countryName":"NI","Type of Animal":"Chicken"},"geometry":{"type":"Point","coordinates":[-6.732378,54.366851]}},{"type":"Feature","properties":{"countryName":"NI","Type of Animal":"Chicken"},"geometry":{"type":"Point","coordinates":[-7.02367,54.575413]}},{"type":"Feature","properties":{"countryName":"NI","Type of Animal":"Chicken"},"geometry":{"type":"Point","coordinates":[-6.892198,54.587881]}},{"type":"Feature","properties":{"countryName":"NI","Type of Animal":"Chicken"},"geometry":{"type":"Point","coordinates":[-6.86774,54.514348]}},{"type":"Feature","properties":{"countryName":"NI","Type of Animal":"Chicken"},"geometry":{"type":"Point","coordinates":[-6.520125,55.026391]}},{"type":"Feature","properties":{"countryName":"NI","Type of Animal":"Chicken"},"geometry":{"type":"Point","coordinates":[-7.476752,54.776487]}},{"type":"Feature","properties":{"countryName":"NI","Type of Animal":"Chicken"},"geometry":{"type":"Point","coordinates":[-6.834742,54.575618]}},{"type":"Feature","properties":{"countryName":"NI","Type of Animal":"Chicken"},"geometry":{"type":"Point","coordinates":[-7.20434,54.525]}},{"type":"Feature","properties":{"countryName":"NI","Type of Animal":"Chicken"},"geometry":{"type":"Point","coordinates":[-7.296962,54.635315]}},{"type":"Feature","properties":{"countryName":"NI","Type of Animal":"Chicken"},"geometry":{"type":"Point","coordinates":[-6.505919,55.017755]}},{"type":"Feature","properties":{"countryName":"NI","Type of Animal":"Chicken"},"geometry":{"type":"Point","coordinates":[-6.643749,55.162158]}},{"type":"Feature","properties":{"countryName":"NI","Type of Animal":"Chicken"},"geometry":{"type":"Point","coordinates":[-6.549567,55.131635]}},{"type":"Feature","properties":{"countryName":"NI","Type of Animal":"Chicken"},"geometry":{"type":"Point","coordinates":[-6.678788,55.162579]}},{"type":"Feature","properties":{"countryName":"NI","Type of Animal":"Chicken"},"geometry":{"type":"Point","coordinates":[-6.295019,54.190401]}},{"type":"Feature","properties":{"countryName":"NI","Type of Animal":"Chicken"},"geometry":{"type":"Point","coordinates":[-6.459384,55.152286]}},{"type":"Feature","properties":{"countryName":"NI","Type of Animal":"Chicken"},"geometry":{"type":"Point","coordinates":[-6.374263,54.929517]}},{"type":"Feature","properties":{"countryName":"NI","Type of Animal":"Chicken"},"geometry":{"type":"Point","coordinates":[-6.909896,54.66018]}},{"type":"Feature","properties":{"countryName":"NI","Type of Animal":"Chicken"},"geometry":{"type":"Point","coordinates":[-6.581672,54.314188]}},{"type":"Feature","properties":{"countryName":"NI","Type of Animal":"Chicken"},"geometry":{"type":"Point","coordinates":[-6.755911,54.472344]}},{"type":"Feature","properties":{"countryName":"NI","Type of Animal":"Chicken"},"geometry":{"type":"Point","coordinates":[-6.857306,54.428444]}},{"type":"Feature","properties":{"countryName":"NI","Type of Animal":"Chicken"},"geometry":{"type":"Point","coordinates":[-6.284301,54.424349]}},{"type":"Feature","properties":{"countryName":"NI","Type of Animal":"Chicken"},"geometry":{"type":"Point","coordinates":[-6.813928,54.632516]}},{"type":"Feature","properties":{"countryName":"NI","Type of Animal":"Chicken"},"geometry":{"type":"Point","coordinates":[-6.488122,54.513762]}},{"type":"Feature","properties":{"countryName":"NI","Type of Animal":"Chicken"},"geometry":{"type":"Point","coordinates":[-6.930042,54.62183]}},{"type":"Feature","properties":{"countryName":"NI","Type of Animal":"Chicken"},"geometry":{"type":"Point","coordinates":[-7.297646,54.584842]}},{"type":"Feature","properties":{"countryName":"NI","Type of Animal":"Chicken"},"geometry":{"type":"Point","coordinates":[-6.191063,54.744062]}},{"type":"Feature","properties":{"countryName":"NI","Type of Animal":"Chicken"},"geometry":{"type":"Point","coordinates":[-6.630141,54.412964]}},{"type":"Feature","properties":{"countryName":"NI","Type of Animal":"Chicken"},"geometry":{"type":"Point","coordinates":[-6.180618,54.632327]}},{"type":"Feature","properties":{"countryName":"NI","Type of Animal":"Chicken"},"geometry":{"type":"Point","coordinates":[-5.863073,54.439615]}},{"type":"Feature","properties":{"countryName":"NI","Type of Animal":"Chicken"},"geometry":{"type":"Point","coordinates":[-6.735085,54.46389]}},{"type":"Feature","properties":{"countryName":"NI","Type of Animal":"Chicken"},"geometry":{"type":"Point","coordinates":[-6.498747,54.33295]}},{"type":"Feature","properties":{"countryName":"NI","Type of Animal":"Chicken"},"geometry":{"type":"Point","coordinates":[-6.753932,54.449639]}},{"type":"Feature","properties":{"countryName":"NI","Type of Animal":"Chicken"},"geometry":{"type":"Point","coordinates":[-6.425131,54.498242]}},{"type":"Feature","properties":{"countryName":"NI","Type of Animal":"Chicken"},"geometry":{"type":"Point","coordinates":[-6.155989,54.51669]}},{"type":"Feature","properties":{"countryName":"NI","Type of Animal":"Chicken"},"geometry":{"type":"Point","coordinates":[-6.241099,54.48574]}},{"type":"Feature","properties":{"countryName":"NI","Type of Animal":"Chicken"},"geometry":{"type":"Point","coordinates":[-6.16515,54.736709]}},{"type":"Feature","properties":{"countryName":"NI","Type of Animal":"Chicken"},"geometry":{"type":"Point","coordinates":[-7.036117,54.444378]}},{"type":"Feature","properties":{"countryName":"NI","Type of Animal":"Chicken"},"geometry":{"type":"Point","coordinates":[-6.753932,54.449639]}},{"type":"Feature","properties":{"countryName":"NI","Type of Animal":"Chicken"},"geometry":{"type":"Point","coordinates":[-6.766063,54.571101]}},{"type":"Feature","properties":{"countryName":"NI","Type of Animal":"Chicken"},"geometry":{"type":"Point","coordinates":[-6.741249,54.571995]}},{"type":"Feature","properties":{"countryName":"NI","Type of Animal":"Chicken"},"geometry":{"type":"Point","coordinates":[-6.180618,54.632327]}},{"type":"Feature","properties":{"countryName":"NI","Type of Animal":"Chicken"},"geometry":{"type":"Point","coordinates":[-6.284301,54.424349]}},{"type":"Feature","properties":{"countryName":"NI","Type of Animal":"Chicken"},"geometry":{"type":"Point","coordinates":[-7.013012,54.624188]}},{"type":"Feature","properties":{"countryName":"NI","Type of Animal":"Chicken"},"geometry":{"type":"Point","coordinates":[-6.247293,54.268919]}},{"type":"Feature","properties":{"countryName":"NI","Type of Animal":"Chicken"},"geometry":{"type":"Point","coordinates":[-6.793898,54.420614]}},{"type":"Feature","properties":{"countryName":"NI","Type of Animal":"Chicken"},"geometry":{"type":"Point","coordinates":[-6.919925,54.548451]}},{"type":"Feature","properties":{"countryName":"NI","Type of Animal":"Chicken"},"geometry":{"type":"Point","coordinates":[-6.739531,54.851055]}},{"type":"Feature","properties":{"countryName":"NI","Type of Animal":"Chicken"},"geometry":{"type":"Point","coordinates":[-6.227525,54.62066]}},{"type":"Feature","properties":{"countryName":"NI","Type of Animal":"Chicken"},"geometry":{"type":"Point","coordinates":[-6.419137,54.913857]}},{"type":"Feature","properties":{"countryName":"NI","Type of Animal":"Chicken"},"geometry":{"type":"Point","coordinates":[-5.93512,54.474599]}},{"type":"Feature","properties":{"countryName":"NI","Type of Animal":"Chicken"},"geometry":{"type":"Point","coordinates":[-6.744171,54.569986]}},{"type":"Feature","properties":{"countryName":"NI","Type of Animal":"Chicken"},"geometry":{"type":"Point","coordinates":[-6.743649,54.324717]}},{"type":"Feature","properties":{"countryName":"NI","Type of Animal":"Chicken"},"geometry":{"type":"Point","coordinates":[-6.821689,54.438892]}},{"type":"Feature","properties":{"countryName":"NI","Type of Animal":"Chicken"},"geometry":{"type":"Point","coordinates":[-6.905798,54.528335]}},{"type":"Feature","properties":{"countryName":"NI","Type of Animal":"Chicken"},"geometry":{"type":"Point","coordinates":[-6.765557,54.454242]}},{"type":"Feature","properties":{"countryName":"NI","Type of Animal":"Chicken"},"geometry":{"type":"Point","coordinates":[-6.803527,54.234801]}},{"type":"Feature","properties":{"countryName":"NI","Type of Animal":"Chicken"},"geometry":{"type":"Point","coordinates":[-7.113432,54.405289]}},{"type":"Feature","properties":{"countryName":"NI","Type of Animal":"Chicken"},"geometry":{"type":"Point","coordinates":[-6.813071,54.340872]}},{"type":"Feature","properties":{"countryName":"NI","Type of Animal":"Chicken"},"geometry":{"type":"Point","coordinates":[-6.832637,54.369354]}},{"type":"Feature","properties":{"countryName":"NI","Type of Animal":"Chicken"},"geometry":{"type":"Point","coordinates":[-6.618933,54.31701]}},{"type":"Feature","properties":{"countryName":"NI","Type of Animal":"Chicken"},"geometry":{"type":"Point","coordinates":[-6.618933,54.31701]}},{"type":"Feature","properties":{"countryName":"NI","Type of Animal":"Chicken"},"geometry":{"type":"Point","coordinates":[-6.581672,54.314188]}},{"type":"Feature","properties":{"countryName":"NI","Type of Animal":"Chicken"},"geometry":{"type":"Point","coordinates":[-6.793898,54.420614]}},{"type":"Feature","properties":{"countryName":"NI","Type of Animal":"Chicken"},"geometry":{"type":"Point","coordinates":[-6.642549,54.501221]}},{"type":"Feature","properties":{"countryName":"NI","Type of Animal":"Chicken"},"geometry":{"type":"Point","coordinates":[-6.205311,54.463246]}},{"type":"Feature","properties":{"countryName":"NI","Type of Animal":"Chicken"},"geometry":{"type":"Point","coordinates":[-6.384185,54.725416]}},{"type":"Feature","properties":{"countryName":"NI","Type of Animal":"Chicken"},"geometry":{"type":"Point","coordinates":[-6.482778,54.124252]}},{"type":"Feature","properties":{"countryName":"NI","Type of Animal":"Chicken"},"geometry":{"type":"Point","coordinates":[-6.699189,54.992702]}},{"type":"Feature","properties":{"countryName":"NI","Type of Animal":"Chicken"},"geometry":{"type":"Point","coordinates":[-6.725562,54.37827]}},{"type":"Feature","properties":{"countryName":"NI","Type of Animal":"Chicken"},"geometry":{"type":"Point","coordinates":[-7.417985,54.900435]}},{"type":"Feature","properties":{"countryName":"NI","Type of Animal":"Chicken"},"geometry":{"type":"Point","coordinates":[-6.9426,54.996202]}},{"type":"Feature","properties":{"countryName":"NI","Type of Animal":"Chicken"},"geometry":{"type":"Point","coordinates":[-7.333189,54.187284]}},{"type":"Feature","properties":{"countryName":"NI","Type of Animal":"Chicken"},"geometry":{"type":"Point","coordinates":[-6.160121,54.818822]}},{"type":"Feature","properties":{"countryName":"NI","Type of Animal":"Chicken"},"geometry":{"type":"Point","coordinates":[-6.186516,54.924443]}},{"type":"Feature","properties":{"countryName":"NI","Type of Animal":"Chicken"},"geometry":{"type":"Point","coordinates":[-7.496272,54.780073]}},{"type":"Feature","properties":{"countryName":"NI","Type of Animal":"Chicken"},"geometry":{"type":"Point","coordinates":[-6.732378,54.366851]}},{"type":"Feature","properties":{"countryName":"NI","Type of Animal":"Chicken"},"geometry":{"type":"Point","coordinates":[-6.227638,54.446621]}},{"type":"Feature","properties":{"countryName":"NI","Type of Animal":"Chicken"},"geometry":{"type":"Point","coordinates":[-6.651898,54.379878]}},{"type":"Feature","properties":{"countryName":"NI","Type of Animal":"Chicken"},"geometry":{"type":"Point","coordinates":[-6.688959,54.456139]}},{"type":"Feature","properties":{"countryName":"NI","Type of Animal":"Chicken"},"geometry":{"type":"Point","coordinates":[-6.596545,54.745023]}},{"type":"Feature","properties":{"countryName":"NI","Type of Animal":"Chicken"},"geometry":{"type":"Point","coordinates":[-7.158862,54.438288]}},{"type":"Feature","properties":{"countryName":"NI","Type of Animal":"Chicken"},"geometry":{"type":"Point","coordinates":[-7.173181,54.437479]}},{"type":"Feature","properties":{"countryName":"NI","Type of Animal":"Chicken"},"geometry":{"type":"Point","coordinates":[-6.802164,54.49635]}},{"type":"Feature","properties":{"countryName":"NI","Type of Animal":"Chicken"},"geometry":{"type":"Point","coordinates":[-6.091496,55.066043]}},{"type":"Feature","properties":{"countryName":"NI","Type of Animal":"Chicken"},"geometry":{"type":"Point","coordinates":[-6.243803,54.884892]}},{"type":"Feature","properties":{"countryName":"NI","Type of Animal":"Chicken"},"geometry":{"type":"Point","coordinates":[-6.585701,54.295727]}},{"type":"Feature","properties":{"countryName":"NI","Type of Animal":"Chicken"},"geometry":{"type":"Point","coordinates":[-6.250558,54.648173]}},{"type":"Feature","properties":{"countryName":"NI","Type of Animal":"Chicken"},"geometry":{"type":"Point","coordinates":[-7.13272,54.428985]}},{"type":"Feature","properties":{"countryName":"NI","Type of Animal":"Chicken"},"geometry":{"type":"Point","coordinates":[-6.671476,54.203382]}},{"type":"Feature","properties":{"countryName":"NI","Type of Animal":"Chicken"},"geometry":{"type":"Point","coordinates":[-7.492904,54.687741]}},{"type":"Feature","properties":{"countryName":"NI","Type of Animal":"Chicken"},"geometry":{"type":"Point","coordinates":[-6.880750179,54.51459885]}},{"type":"Feature","properties":{"countryName":"NI","Type of Animal":"Chicken"},"geometry":{"type":"Point","coordinates":[-6.808908,54.470372]}},{"type":"Feature","properties":{"countryName":"NI","Type of Animal":"Chicken"},"geometry":{"type":"Point","coordinates":[-6.988942,54.97457]}},{"type":"Feature","properties":{"countryName":"NI","Type of Animal":"Chicken"},"geometry":{"type":"Point","coordinates":[-6.317216,54.99699]}},{"type":"Feature","properties":{"countryName":"NI","Type of Animal":"Chicken"},"geometry":{"type":"Point","coordinates":[-6.65785,55.057642]}},{"type":"Feature","properties":{"countryName":"NI","Type of Animal":"Chicken"},"geometry":{"type":"Point","coordinates":[-6.255519,54.394583]}},{"type":"Feature","properties":{"countryName":"NI","Type of Animal":"Chicken"},"geometry":{"type":"Point","coordinates":[-6.783103,54.433972]}},{"type":"Feature","properties":{"countryName":"NI","Type of Animal":"Chicken"},"geometry":{"type":"Point","coordinates":[-6.251688,54.797796]}},{"type":"Feature","properties":{"countryName":"NI","Type of Animal":"Chicken"},"geometry":{"type":"Point","coordinates":[-6.500116,54.386963]}},{"type":"Feature","properties":{"countryName":"NI","Type of Animal":"Chicken"},"geometry":{"type":"Point","coordinates":[-7.02292,54.60675]}},{"type":"Feature","properties":{"countryName":"NI","Type of Animal":"Chicken"},"geometry":{"type":"Point","coordinates":[-6.240548,54.513647]}},{"type":"Feature","properties":{"countryName":"NI","Type of Animal":"Chicken"},"geometry":{"type":"Point","coordinates":[-6.225343,54.896447]}},{"type":"Feature","properties":{"countryName":"NI","Type of Animal":"Chicken"},"geometry":{"type":"Point","coordinates":[-6.195469,54.879853]}},{"type":"Feature","properties":{"countryName":"NI","Type of Animal":"Chicken"},"geometry":{"type":"Point","coordinates":[-6.109897,54.769202]}},{"type":"Feature","properties":{"countryName":"NI","Type of Animal":"Chicken"},"geometry":{"type":"Point","coordinates":[-6.304505,55.054158]}},{"type":"Feature","properties":{"countryName":"NI","Type of Animal":"Chicken"},"geometry":{"type":"Point","coordinates":[-6.162421,54.851749]}},{"type":"Feature","properties":{"countryName":"NI","Type of Animal":"Chicken"},"geometry":{"type":"Point","coordinates":[-6.519358,54.282586]}},{"type":"Feature","properties":{"countryName":"NI","Type of Animal":"Chicken"},"geometry":{"type":"Point","coordinates":[-6.132997,54.341787]}},{"type":"Feature","properties":{"countryName":"NI","Type of Animal":"Chicken"},"geometry":{"type":"Point","coordinates":[-6.304566,54.998665]}},{"type":"Feature","properties":{"countryName":"NI","Type of Animal":"Chicken"},"geometry":{"type":"Point","coordinates":[-6.400792,54.931683]}},{"type":"Feature","properties":{"countryName":"NI","Type of Animal":"Chicken"},"geometry":{"type":"Point","coordinates":[-6.128795,54.465984]}},{"type":"Feature","properties":{"countryName":"NI","Type of Animal":"Chicken"},"geometry":{"type":"Point","coordinates":[-6.063879,54.48675]}},{"type":"Feature","properties":{"countryName":"NI","Type of Animal":"Chicken"},"geometry":{"type":"Point","coordinates":[-6.518134,54.99982]}},{"type":"Feature","properties":{"countryName":"NI","Type of Animal":"Chicken"},"geometry":{"type":"Point","coordinates":[-6.276109,54.507843]}},{"type":"Feature","properties":{"countryName":"NI","Type of Animal":"Chicken"},"geometry":{"type":"Point","coordinates":[-6.365792,54.98681]}},{"type":"Feature","properties":{"countryName":"NI","Type of Animal":"Chicken"},"geometry":{"type":"Point","coordinates":[-7.173181,54.437479]}},{"type":"Feature","properties":{"countryName":"NI","Type of Animal":"Chicken"},"geometry":{"type":"Point","coordinates":[-6.808279,54.821708]}},{"type":"Feature","properties":{"countryName":"NI","Type of Animal":"Chicken"},"geometry":{"type":"Point","coordinates":[-6.340324,54.733664]}},{"type":"Feature","properties":{"countryName":"NI","Type of Animal":"Chicken"},"geometry":{"type":"Point","coordinates":[-6.450507,54.249861]}},{"type":"Feature","properties":{"countryName":"NI","Type of Animal":"Chicken"},"geometry":{"type":"Point","coordinates":[-6.691263,54.569874]}},{"type":"Feature","properties":{"countryName":"NI","Type of Animal":"Chicken"},"geometry":{"type":"Point","coordinates":[-6.172702,54.686906]}},{"type":"Feature","properties":{"countryName":"NI","Type of Animal":"Chicken"},"geometry":{"type":"Point","coordinates":[-5.770271,54.767133]}},{"type":"Feature","properties":{"countryName":"NI","Type of Animal":"Chicken"},"geometry":{"type":"Point","coordinates":[-6.091496,55.066043]}},{"type":"Feature","properties":{"countryName":"NI","Type of Animal":"Chicken"},"geometry":{"type":"Point","coordinates":[-6.499683,54.270923]}},{"type":"Feature","properties":{"countryName":"NI","Type of Animal":"Chicken"},"geometry":{"type":"Point","coordinates":[-6.526189,54.280495]}},{"type":"Feature","properties":{"countryName":"NI","Type of Animal":"Chicken"},"geometry":{"type":"Point","coordinates":[-6.143416,54.220775]}},{"type":"Feature","properties":{"countryName":"NI","Type of Animal":"Chicken"},"geometry":{"type":"Point","coordinates":[-7.196616,54.507781]}},{"type":"Feature","properties":{"countryName":"NI","Type of Animal":"Chicken"},"geometry":{"type":"Point","coordinates":[-6.957177,54.496646]}},{"type":"Feature","properties":{"countryName":"NI","Type of Animal":"Chicken"},"geometry":{"type":"Point","coordinates":[-6.930042,54.62183]}},{"type":"Feature","properties":{"countryName":"NI","Type of Animal":"Chicken"},"geometry":{"type":"Point","coordinates":[-6.230217,54.457953]}},{"type":"Feature","properties":{"countryName":"NI","Type of Animal":"Chicken"},"geometry":{"type":"Point","coordinates":[-7.065708,54.615622]}},{"type":"Feature","properties":{"countryName":"NI","Type of Animal":"Chicken"},"geometry":{"type":"Point","coordinates":[-6.067682,55.055722]}},{"type":"Feature","properties":{"countryName":"NI","Type of Animal":"Chicken"},"geometry":{"type":"Point","coordinates":[-6.446825,54.884083]}},{"type":"Feature","properties":{"countryName":"NI","Type of Animal":"Chicken"},"geometry":{"type":"Point","coordinates":[-6.5576,55.183618]}},{"type":"Feature","properties":{"countryName":"NI","Type of Animal":"Chicken"},"geometry":{"type":"Point","coordinates":[-5.835938,54.302517]}},{"type":"Feature","properties":{"countryName":"NI","Type of Animal":"Chicken"},"geometry":{"type":"Point","coordinates":[-6.570707,54.382654]}},{"type":"Feature","properties":{"countryName":"NI","Type of Animal":"Chicken"},"geometry":{"type":"Point","coordinates":[-6.304505,55.054158]}},{"type":"Feature","properties":{"countryName":"NI","Type of Animal":"Chicken"},"geometry":{"type":"Point","coordinates":[-7.124621,54.392587]}},{"type":"Feature","properties":{"countryName":"NI","Type of Animal":"Chicken"},"geometry":{"type":"Point","coordinates":[-6.086498,55.033011]}},{"type":"Feature","properties":{"countryName":"NI","Type of Animal":"Chicken"},"geometry":{"type":"Point","coordinates":[-6.24545,54.90221]}},{"type":"Feature","properties":{"countryName":"NI","Type of Animal":"Chicken"},"geometry":{"type":"Point","coordinates":[-6.59769,54.157982]}},{"type":"Feature","properties":{"countryName":"NI","Type of Animal":"Chicken"},"geometry":{"type":"Point","coordinates":[-6.192554,54.870151]}},{"type":"Feature","properties":{"countryName":"NI","Type of Animal":"Chicken"},"geometry":{"type":"Point","coordinates":[-6.281493,54.941033]}},{"type":"Feature","properties":{"countryName":"NI","Type of Animal":"Chicken"},"geometry":{"type":"Point","coordinates":[-6.392488,54.721915]}},{"type":"Feature","properties":{"countryName":"NI","Type of Animal":"Chicken"},"geometry":{"type":"Point","coordinates":[-6.786079,54.393269]}},{"type":"Feature","properties":{"countryName":"NI","Type of Animal":"Chicken"},"geometry":{"type":"Point","coordinates":[-5.812987,54.478111]}},{"type":"Feature","properties":{"countryName":"NI","Type of Animal":"Chicken"},"geometry":{"type":"Point","coordinates":[-6.25549,54.967435]}},{"type":"Feature","properties":{"countryName":"NI","Type of Animal":"Chicken"},"geometry":{"type":"Point","coordinates":[-6.488226,55.202217]}},{"type":"Feature","properties":{"countryName":"NI","Type of Animal":"Chicken"},"geometry":{"type":"Point","coordinates":[-5.915634,54.370206]}},{"type":"Feature","properties":{"countryName":"NI","Type of Animal":"Chicken"},"geometry":{"type":"Point","coordinates":[-6.708814,54.469991]}},{"type":"Feature","properties":{"countryName":"NI","Type of Animal":"Chicken"},"geometry":{"type":"Point","coordinates":[-6.645552,54.75115]}},{"type":"Feature","properties":{"countryName":"NI","Type of Animal":"Chicken"},"geometry":{"type":"Point","coordinates":[-6.870476,54.682431]}},{"type":"Feature","properties":{"countryName":"NI","Type of Animal":"Chicken"},"geometry":{"type":"Point","coordinates":[-6.649709,55.02982]}},{"type":"Feature","properties":{"countryName":"NI","Type of Animal":"Chicken"},"geometry":{"type":"Point","coordinates":[-6.152626,54.233254]}},{"type":"Feature","properties":{"countryName":"NI","Type of Animal":"Chicken"},"geometry":{"type":"Point","coordinates":[-7.18977,54.436343]}},{"type":"Feature","properties":{"countryName":"NI","Type of Animal":"Chicken"},"geometry":{"type":"Point","coordinates":[-6.499683,54.270923]}},{"type":"Feature","properties":{"countryName":"NI","Type of Animal":"Chicken"},"geometry":{"type":"Point","coordinates":[-6.652621,55.025541]}},{"type":"Feature","properties":{"countryName":"NI","Type of Animal":"Chicken"},"geometry":{"type":"Point","coordinates":[-6.001775,54.992288]}},{"type":"Feature","properties":{"countryName":"NI","Type of Animal":"Chicken"},"geometry":{"type":"Point","coordinates":[-6.028944,54.899608]}},{"type":"Feature","properties":{"countryName":"NI","Type of Animal":"Chicken"},"geometry":{"type":"Point","coordinates":[-7.633648,54.682867]}},{"type":"Feature","properties":{"countryName":"NI","Type of Animal":"Chicken"},"geometry":{"type":"Point","coordinates":[-6.718003,54.326495]}},{"type":"Feature","properties":{"countryName":"NI","Type of Animal":"Chicken"},"geometry":{"type":"Point","coordinates":[-6.241729,54.374994]}},{"type":"Feature","properties":{"countryName":"NI","Type of Animal":"Chicken"},"geometry":{"type":"Point","coordinates":[-6.410942,54.9789]}},{"type":"Feature","properties":{"countryName":"NI","Type of Animal":"Chicken"},"geometry":{"type":"Point","coordinates":[-5.915634,54.370206]}},{"type":"Feature","properties":{"countryName":"NI","Type of Animal":"Chicken"},"geometry":{"type":"Point","coordinates":[-6.192208,54.51624]}},{"type":"Feature","properties":{"countryName":"NI","Type of Animal":"Chicken"},"geometry":{"type":"Point","coordinates":[-6.636161,54.909723]}},{"type":"Feature","properties":{"countryName":"NI","Type of Animal":"Chicken"},"geometry":{"type":"Point","coordinates":[-5.687806,54.4764]}},{"type":"Feature","properties":{"countryName":"NI","Type of Animal":"Chicken"},"geometry":{"type":"Point","coordinates":[-6.099211,54.296819]}},{"type":"Feature","properties":{"countryName":"NI","Type of Animal":"Chicken"},"geometry":{"type":"Point","coordinates":[-6.181452,54.916362]}},{"type":"Feature","properties":{"countryName":"NI","Type of Animal":"Chicken"},"geometry":{"type":"Point","coordinates":[-6.299168,55.037562]}},{"type":"Feature","properties":{"countryName":"NI","Type of Animal":"Chicken"},"geometry":{"type":"Point","coordinates":[-6.181452,54.916362]}},{"type":"Feature","properties":{"countryName":"NI","Type of Animal":"Chicken"},"geometry":{"type":"Point","coordinates":[-6.614555,54.172813]}},{"type":"Feature","properties":{"countryName":"NI","Type of Animal":"Chicken"},"geometry":{"type":"Point","coordinates":[-6.202831,54.233456]}},{"type":"Feature","properties":{"countryName":"NI","Type of Animal":"Chicken"},"geometry":{"type":"Point","coordinates":[-6.913408,54.599411]}},{"type":"Feature","properties":{"countryName":"NI","Type of Animal":"Chicken"},"geometry":{"type":"Point","coordinates":[-7.1972,54.267507]}}]}