{"type":"FeatureCollection","features":[{"type":"Feature","properties":{"CountryName":"Estonia","Type of Animal":"Pork"},"geometry":{"type":"Point","coordinates":[25.99766761,59.10755046]}},{"type":"Feature","properties":{"CountryName":"Estonia","Type of Animal":"Chicken"},"geometry":{"type":"Point","coordinates":[25.01969501,59.40631669]}},{"type":"Feature","properties":{"CountryName":"Estonia","Type of Animal":"Pork"},"geometry":{"type":"Point","coordinates":[25.4260356,59.4638699]}},{"type":"Feature","properties":{"CountryName":"Estonia","Type of Animal":"Pork"},"geometry":{"type":"Point","coordinates":[26.36771923,58.69808475]}},{"type":"Feature","properties":{"CountryName":"Estonia","Type of Animal":"Chicken"},"geometry":{"type":"Point","coordinates":[24.56688312,59.40442399]}},{"type":"Feature","properties":{"CountryName":"Estonia","Type of Animal":"Chicken"},"geometry":{"type":"Point","coordinates":[24.51848716,59.41738835]}},{"type":"Feature","properties":{"CountryName":"Estonia","Type of Animal":"Pork"},"geometry":{"type":"Point","coordinates":[27.3466182,57.99334272]}},{"type":"Feature","properties":{"CountryName":"Estonia","Type of Animal":"Pork"},"geometry":{"type":"Point","coordinates":[26.59982531,58.69433678]}},{"type":"Feature","properties":{"CountryName":"Estonia","Type of Animal":"Chicken"},"geometry":{"type":"Point","coordinates":[26.38890273,57.85521104]}},{"type":"Feature","properties":{"CountryName":"Estonia","Type of Animal":"Pork"},"geometry":{"type":"Point","coordinates":[23.99998281,58.56891918]}},{"type":"Feature","properties":{"CountryName":"Estonia","Type of Animal":"Pork"},"geometry":{"type":"Point","coordinates":[26.5523626,58.38755759]}},{"type":"Feature","properties":{"CountryName":"Estonia","Type of Animal":"Pork"},"geometry":{"type":"Point","coordinates":[26.39614373,58.48788277]}},{"type":"Feature","properties":{"CountryName":"Estonia","Type of Animal":"Chicken"},"geometry":{"type":"Point","coordinates":[27.07970064,58.04549006]}},{"type":"Feature","properties":{"CountryName":"Estonia","Type of Animal":"Chicken"},"geometry":{"type":"Point","coordinates":[26.30721142,57.9305822]}},{"type":"Feature","properties":{"CountryName":"Estonia","Type of Animal":"Pork"},"geometry":{"type":"Point","coordinates":[24.90594537,58.91242212]}},{"type":"Feature","properties":{"CountryName":"Estonia","Type of Animal":"Pork"},"geometry":{"type":"Point","coordinates":[25.62190185,58.24485796]}},{"type":"Feature","properties":{"CountryName":"Estonia","Type of Animal":"Pork"},"geometry":{"type":"Point","coordinates":[25.8238046,58.62864059]}},{"type":"Feature","properties":{"CountryName":"Estonia","Type of Animal":"Pork"},"geometry":{"type":"Point","coordinates":[24.23943219,58.39058253]}},{"type":"Feature","properties":{"CountryName":"Estonia","Type of Animal":"Pork"},"geometry":{"type":"Point","coordinates":[26.2997006,59.16273664]}},{"type":"Feature","properties":{"CountryName":"Estonia","Type of Animal":"Pork"},"geometry":{"type":"Point","coordinates":[27.03130989,58.06857158]}},{"type":"Feature","properties":{"CountryName":"Estonia","Type of Animal":"Pork"},"geometry":{"type":"Point","coordinates":[27.27236267,58.1438718]}},{"type":"Feature","properties":{"CountryName":"Estonia","Type of Animal":"Pork"},"geometry":{"type":"Point","coordinates":[25.96184284,58.13228036]}},{"type":"Feature","properties":{"CountryName":"Estonia","Type of Animal":"Pork"},"geometry":{"type":"Point","coordinates":[25.24263599,58.11313483]}},{"type":"Feature","properties":{"CountryName":"Estonia","Type of Animal":"Pork"},"geometry":{"type":"Point","coordinates":[22.54329374,58.33715683]}},{"type":"Feature","properties":{"CountryName":"Estonia","Type of Animal":"Pork"},"geometry":{"type":"Point","coordinates":[26.50115302,59.2554767]}},{"type":"Feature","properties":{"CountryName":"Estonia","Type of Animal":"Pork"},"geometry":{"type":"Point","coordinates":[26.29806295,58.56105502]}},{"type":"Feature","properties":{"CountryName":"Estonia","Type of Animal":"Pork"},"geometry":{"type":"Point","coordinates":[26.64380877,59.32068914]}},{"type":"Feature","properties":{"CountryName":"Estonia","Type of Animal":"Pork"},"geometry":{"type":"Point","coordinates":[26.18253899,58.95214069]}},{"type":"Feature","properties":{"CountryName":"Estonia","Type of Animal":"Pork"},"geometry":{"type":"Point","coordinates":[24.76838728,58.93736299]}},{"type":"Feature","properties":{"CountryName":"Estonia","Type of Animal":"Pork"},"geometry":{"type":"Point","coordinates":[27.14284161,58.5918077]}},{"type":"Feature","properties":{"CountryName":"Estonia","Type of Animal":"Pork"},"geometry":{"type":"Point","coordinates":[25.59068021,59.4749683]}},{"type":"Feature","properties":{"CountryName":"Estonia","Type of Animal":"Chicken"},"geometry":{"type":"Point","coordinates":[26.24379468,59.11117244]}},{"type":"Feature","properties":{"CountryName":"Estonia","Type of Animal":"Pork"},"geometry":{"type":"Point","coordinates":[26.27068768,58.18081939]}},{"type":"Feature","properties":{"CountryName":"Estonia","Type of Animal":"Chicken"},"geometry":{"type":"Point","coordinates":[24.45640513,59.32520345]}},{"type":"Feature","properties":{"CountryName":"Estonia","Type of Animal":"Pork"},"geometry":{"type":"Point","coordinates":[25.88637824,58.20475207]}},{"type":"Feature","properties":{"CountryName":"Estonia","Type of Animal":"Chicken"},"geometry":{"type":"Point","coordinates":[26.13192734,59.17721471]}},{"type":"Feature","properties":{"CountryName":"Estonia","Type of Animal":"Chicken"},"geometry":{"type":"Point","coordinates":[26.3635664,57.91220789]}},{"type":"Feature","properties":{"CountryName":"Estonia","Type of Animal":"Pork"},"geometry":{"type":"Point","coordinates":[25.25920963,59.09542034]}},{"type":"Feature","properties":{"CountryName":"Estonia","Type of Animal":"Pork"},"geometry":{"type":"Point","coordinates":[25.50668808,58.89514057]}},{"type":"Feature","properties":{"CountryName":"Estonia","Type of Animal":"Pork"},"geometry":{"type":"Point","coordinates":[22.78254069,58.42985014]}},{"type":"Feature","properties":{"CountryName":"Estonia","Type of Animal":"Pork"},"geometry":{"type":"Point","coordinates":[26.11753358,58.62438994]}},{"type":"Feature","properties":{"CountryName":"Estonia","Type of Animal":"Pork"},"geometry":{"type":"Point","coordinates":[26.73173245,58.11655019]}},{"type":"Feature","properties":{"CountryName":"Estonia","Type of Animal":"Pork"},"geometry":{"type":"Point","coordinates":[26.04129,59.360557]}},{"type":"Feature","properties":{"CountryName":"Estonia","Type of Animal":"Pork"},"geometry":{"type":"Point","coordinates":[25.732561,58.14465]}},{"type":"Feature","properties":{"CountryName":"Estonia","Type of Animal":"Chicken"},"geometry":{"type":"Point","coordinates":[24.951769,59.415953]}},{"type":"Feature","properties":{"CountryName":"Estonia","Type of Animal":"Chicken"},"geometry":{"type":"Point","coordinates":[25.071123,59.489855]}},{"type":"Feature","properties":{"CountryName":"Estonia","Type of Animal":"Pork"},"geometry":{"type":"Point","coordinates":[26.7437768,58.7239051]}},{"type":"Feature","properties":{"CountryName":"Estonia","Type of Animal":"Chicken"},"geometry":{"type":"Point","coordinates":[27.05803368,58.02317802]}},{"type":"Feature","properties":{"CountryName":"Estonia","Type of Animal":"Pork"},"geometry":{"type":"Point","coordinates":[26.653761,58.785656]}},{"type":"Feature","properties":{"CountryName":"Estonia","Type of Animal":"Pork"},"geometry":{"type":"Point","coordinates":[22.4683242,58.31950232]}},{"type":"Feature","properties":{"CountryName":"Estonia","Type of Animal":"Pork"},"geometry":{"type":"Point","coordinates":[22.87757839,58.35892724]}},{"type":"Feature","properties":{"CountryName":"Estonia","Type of Animal":"Pork"},"geometry":{"type":"Point","coordinates":[22.90422666,58.51684011]}},{"type":"Feature","properties":{"CountryName":"Estonia","Type of Animal":"Pork"},"geometry":{"type":"Point","coordinates":[25.65582107,58.33628957]}},{"type":"Feature","properties":{"CountryName":"Estonia","Type of Animal":"Pork"},"geometry":{"type":"Point","coordinates":[27.14662696,58.0516617]}},{"type":"Feature","properties":{"CountryName":"Estonia","Type of Animal":"Pork"},"geometry":{"type":"Point","coordinates":[23.72687842,59.00419601]}},{"type":"Feature","properties":{"CountryName":"Estonia","Type of Animal":"Pork"},"geometry":{"type":"Point","coordinates":[25.79295107,58.13696386]}},{"type":"Feature","properties":{"CountryName":"Estonia","Type of Animal":"Chicken"},"geometry":{"type":"Point","coordinates":[24.951281,59.427477]}},{"type":"Feature","properties":{"CountryName":"Finland","Type of Animal":"Pork"},"geometry":{"type":"Point","coordinates":[22.82608,61.06505]}},{"type":"Feature","properties":{"CountryName":"Finland","Type of Animal":"Pork"},"geometry":{"type":"Point","coordinates":[22.8735,61.20497]}},{"type":"Feature","properties":{"CountryName":"Finland","Type of Animal":"Chicken"},"geometry":{"type":"Point","coordinates":[22.31629,61.16962]}},{"type":"Feature","properties":{"CountryName":"Finland","Type of Animal":"Pork"},"geometry":{"type":"Point","coordinates":[22.06742,60.58023]}},{"type":"Feature","properties":{"CountryName":"Finland","Type of Animal":"Chicken"},"geometry":{"type":"Point","coordinates":[21.96501,61.2036]}},{"type":"Feature","properties":{"CountryName":"Finland","Type of Animal":"Chicken"},"geometry":{"type":"Point","coordinates":[22.55106,60.77913]}},{"type":"Feature","properties":{"CountryName":"Finland","Type of Animal":"Pork"},"geometry":{"type":"Point","coordinates":[22.76611,60.66817]}},{"type":"Feature","properties":{"CountryName":"Finland","Type of Animal":"Chicken"},"geometry":{"type":"Point","coordinates":[22.76468,61.21762]}},{"type":"Feature","properties":{"CountryName":"Finland","Type of Animal":"Chicken"},"geometry":{"type":"Point","coordinates":[22.81925,61.05254]}},{"type":"Feature","properties":{"CountryName":"Finland","Type of Animal":"Chicken"},"geometry":{"type":"Point","coordinates":[21.64579,60.65803]}},{"type":"Feature","properties":{"CountryName":"Finland","Type of Animal":"Chicken"},"geometry":{"type":"Point","coordinates":[21.67955,60.88144]}},{"type":"Feature","properties":{"CountryName":"Finland","Type of Animal":"Chicken"},"geometry":{"type":"Point","coordinates":[22.16383,61.02386]}},{"type":"Feature","properties":{"CountryName":"Finland","Type of Animal":"Chicken"},"geometry":{"type":"Point","coordinates":[22.12082,61.15689]}},{"type":"Feature","properties":{"CountryName":"Finland","Type of Animal":"Pork"},"geometry":{"type":"Point","coordinates":[23.0327,60.72307]}},{"type":"Feature","properties":{"CountryName":"Finland","Type of Animal":"Chicken"},"geometry":{"type":"Point","coordinates":[23.14506,60.24765]}},{"type":"Feature","properties":{"CountryName":"Finland","Type of Animal":"Chicken"},"geometry":{"type":"Point","coordinates":[21.95484,61.20669]}},{"type":"Feature","properties":{"CountryName":"Finland","Type of Animal":"Chicken"},"geometry":{"type":"Point","coordinates":[22.39768,61.09672]}},{"type":"Feature","properties":{"CountryName":"Finland","Type of Animal":"Chicken"},"geometry":{"type":"Point","coordinates":[22.64249,60.81784]}},{"type":"Feature","properties":{"CountryName":"Finland","Type of Animal":"Pork"},"geometry":{"type":"Point","coordinates":[21.91601,60.68123]}},{"type":"Feature","properties":{"CountryName":"Finland","Type of Animal":"Pork"},"geometry":{"type":"Point","coordinates":[22.99092,61.03806]}},{"type":"Feature","properties":{"CountryName":"Finland","Type of Animal":"Chicken"},"geometry":{"type":"Point","coordinates":[21.81219,61.2393]}},{"type":"Feature","properties":{"CountryName":"Finland","Type of Animal":"Chicken"},"geometry":{"type":"Point","coordinates":[22.95882,60.57027]}},{"type":"Feature","properties":{"CountryName":"Finland","Type of Animal":"Chicken"},"geometry":{"type":"Point","coordinates":[22.88957,60.57677]}},{"type":"Feature","properties":{"CountryName":"Finland","Type of Animal":"Chicken"},"geometry":{"type":"Point","coordinates":[22.95723,60.6261]}},{"type":"Feature","properties":{"CountryName":"Finland","Type of Animal":"Chicken"},"geometry":{"type":"Point","coordinates":[21.9205,60.69079]}},{"type":"Feature","properties":{"CountryName":"Finland","Type of Animal":"Chicken"},"geometry":{"type":"Point","coordinates":[21.75518,61.34855]}},{"type":"Feature","properties":{"CountryName":"Finland","Type of Animal":"Chicken"},"geometry":{"type":"Point","coordinates":[22.74648,60.7109]}},{"type":"Feature","properties":{"CountryName":"Finland","Type of Animal":"Pork"},"geometry":{"type":"Point","coordinates":[22.7477,60.43118]}},{"type":"Feature","properties":{"CountryName":"Finland","Type of Animal":"Pork"},"geometry":{"type":"Point","coordinates":[22.98143,60.61514]}},{"type":"Feature","properties":{"CountryName":"Finland","Type of Animal":"Pork"},"geometry":{"type":"Point","coordinates":[22.54603,60.54324]}},{"type":"Feature","properties":{"CountryName":"Finland","Type of Animal":"Chicken"},"geometry":{"type":"Point","coordinates":[23.10475,60.678]}},{"type":"Feature","properties":{"CountryName":"Finland","Type of Animal":"Chicken"},"geometry":{"type":"Point","coordinates":[22.73391,61.23157]}},{"type":"Feature","properties":{"CountryName":"Finland","Type of Animal":"Chicken"},"geometry":{"type":"Point","coordinates":[21.68132,60.60591]}},{"type":"Feature","properties":{"CountryName":"Finland","Type of Animal":"Chicken"},"geometry":{"type":"Point","coordinates":[21.96285,60.96036]}},{"type":"Feature","properties":{"CountryName":"Finland","Type of Animal":"Chicken"},"geometry":{"type":"Point","coordinates":[22.20891,60.54106]}},{"type":"Feature","properties":{"CountryName":"Finland","Type of Animal":"Pork"},"geometry":{"type":"Point","coordinates":[22.68763,60.901]}},{"type":"Feature","properties":{"CountryName":"Finland","Type of Animal":"Chicken"},"geometry":{"type":"Point","coordinates":[22.10227,61.21779]}},{"type":"Feature","properties":{"CountryName":"Finland","Type of Animal":"Chicken"},"geometry":{"type":"Point","coordinates":[23.15013,60.81231]}},{"type":"Feature","properties":{"CountryName":"Finland","Type of Animal":"Chicken"},"geometry":{"type":"Point","coordinates":[22.40334,61.04252]}},{"type":"Feature","properties":{"CountryName":"Finland","Type of Animal":"Chicken"},"geometry":{"type":"Point","coordinates":[23.58,60.61592]}},{"type":"Feature","properties":{"CountryName":"Finland","Type of Animal":"Chicken"},"geometry":{"type":"Point","coordinates":[22.53107,61.05177]}},{"type":"Feature","properties":{"CountryName":"Finland","Type of Animal":"Pork"},"geometry":{"type":"Point","coordinates":[22.88441,60.87813]}},{"type":"Feature","properties":{"CountryName":"Finland","Type of Animal":"Pork"},"geometry":{"type":"Point","coordinates":[22.84568,60.89328]}},{"type":"Feature","properties":{"CountryName":"Finland","Type of Animal":"Chicken"},"geometry":{"type":"Point","coordinates":[22.55757,60.90521]}},{"type":"Feature","properties":{"CountryName":"Finland","Type of Animal":"Chicken"},"geometry":{"type":"Point","coordinates":[22.32843,61.08495]}},{"type":"Feature","properties":{"CountryName":"Finland","Type of Animal":"Chicken"},"geometry":{"type":"Point","coordinates":[22.83089,60.99906]}},{"type":"Feature","properties":{"CountryName":"Finland","Type of Animal":"Chicken"},"geometry":{"type":"Point","coordinates":[22.86797,60.6683]}},{"type":"Feature","properties":{"CountryName":"Finland","Type of Animal":"Pork"},"geometry":{"type":"Point","coordinates":[22.88486,60.50942]}},{"type":"Feature","properties":{"CountryName":"Finland","Type of Animal":"Pork"},"geometry":{"type":"Point","coordinates":[22.98262,60.51004]}},{"type":"Feature","properties":{"CountryName":"Finland","Type of Animal":"Chicken"},"geometry":{"type":"Point","coordinates":[22.05442,61.17777]}},{"type":"Feature","properties":{"CountryName":"Finland","Type of Animal":"Pork"},"geometry":{"type":"Point","coordinates":[22.8537,61.20461]}},{"type":"Feature","properties":{"CountryName":"Finland","Type of Animal":"Chicken"},"geometry":{"type":"Point","coordinates":[21.91003,61.29442]}},{"type":"Feature","properties":{"CountryName":"Finland","Type of Animal":"Chicken"},"geometry":{"type":"Point","coordinates":[22.75961,60.89612]}},{"type":"Feature","properties":{"CountryName":"Finland","Type of Animal":"Chicken"},"geometry":{"type":"Point","coordinates":[22.92416,60.92407]}},{"type":"Feature","properties":{"CountryName":"Finland","Type of Animal":"Chicken"},"geometry":{"type":"Point","coordinates":[22.9345,60.71079]}},{"type":"Feature","properties":{"CountryName":"Finland","Type of Animal":"Chicken"},"geometry":{"type":"Point","coordinates":[22.05189,60.55177]}},{"type":"Feature","properties":{"CountryName":"Finland","Type of Animal":"Chicken"},"geometry":{"type":"Point","coordinates":[21.92785,60.36251]}},{"type":"Feature","properties":{"CountryName":"Finland","Type of Animal":"Pork"},"geometry":{"type":"Point","coordinates":[22.81599,61.21194]}},{"type":"Feature","properties":{"CountryName":"Finland","Type of Animal":"Chicken"},"geometry":{"type":"Point","coordinates":[22.42547,61.56377]}},{"type":"Feature","properties":{"CountryName":"Finland","Type of Animal":"Chicken"},"geometry":{"type":"Point","coordinates":[21.99152,61.05183]}},{"type":"Feature","properties":{"CountryName":"Finland","Type of Animal":"Chicken"},"geometry":{"type":"Point","coordinates":[21.96227,61.22458]}},{"type":"Feature","properties":{"CountryName":"Finland","Type of Animal":"Chicken"},"geometry":{"type":"Point","coordinates":[22.70516,60.55477]}},{"type":"Feature","properties":{"CountryName":"Finland","Type of Animal":"Chicken"},"geometry":{"type":"Point","coordinates":[22.52933,61.05048]}},{"type":"Feature","properties":{"CountryName":"Finland","Type of Animal":"Chicken"},"geometry":{"type":"Point","coordinates":[22.60486,60.60453]}},{"type":"Feature","properties":{"CountryName":"Finland","Type of Animal":"Chicken"},"geometry":{"type":"Point","coordinates":[22.7954,60.92073]}},{"type":"Feature","properties":{"CountryName":"Finland","Type of Animal":"Chicken"},"geometry":{"type":"Point","coordinates":[21.62601,60.93124]}},{"type":"Feature","properties":{"CountryName":"Finland","Type of Animal":"Chicken"},"geometry":{"type":"Point","coordinates":[22.36033,61.06648]}},{"type":"Feature","properties":{"CountryName":"Finland","Type of Animal":"Chicken"},"geometry":{"type":"Point","coordinates":[22.63221,61.20024]}},{"type":"Feature","properties":{"CountryName":"Finland","Type of Animal":"Chicken"},"geometry":{"type":"Point","coordinates":[21.68353,61.20764]}},{"type":"Feature","properties":{"CountryName":"Finland","Type of Animal":"Chicken"},"geometry":{"type":"Point","coordinates":[21.70304,61.2062]}},{"type":"Feature","properties":{"CountryName":"Finland","Type of Animal":"Chicken"},"geometry":{"type":"Point","coordinates":[22.50996,61.06552]}},{"type":"Feature","properties":{"CountryName":"Finland","Type of Animal":"Chicken"},"geometry":{"type":"Point","coordinates":[22.64336,60.74478]}},{"type":"Feature","properties":{"CountryName":"Finland","Type of Animal":"Chicken"},"geometry":{"type":"Point","coordinates":[22.5544,60.77763]}},{"type":"Feature","properties":{"CountryName":"Finland","Type of Animal":"Chicken"},"geometry":{"type":"Point","coordinates":[23.55807,60.47099]}},{"type":"Feature","properties":{"CountryName":"Finland","Type of Animal":"Pork"},"geometry":{"type":"Point","coordinates":[22.62353,61.01717]}},{"type":"Feature","properties":{"CountryName":"Finland","Type of Animal":"Chicken"},"geometry":{"type":"Point","coordinates":[22.80058,60.88031]}},{"type":"Feature","properties":{"CountryName":"Finland","Type of Animal":"Pork"},"geometry":{"type":"Point","coordinates":[23.45414,60.67192]}},{"type":"Feature","properties":{"CountryName":"Finland","Type of Animal":"Pork"},"geometry":{"type":"Point","coordinates":[22.17549,63.13983]}},{"type":"Feature","properties":{"CountryName":"Finland","Type of Animal":"Pork"},"geometry":{"type":"Point","coordinates":[22.40672,62.73927]}},{"type":"Feature","properties":{"CountryName":"Finland","Type of Animal":"Chicken"},"geometry":{"type":"Point","coordinates":[22.74884,62.79047]}},{"type":"Feature","properties":{"CountryName":"Finland","Type of Animal":"Chicken"},"geometry":{"type":"Point","coordinates":[22.75113,62.79014]}},{"type":"Feature","properties":{"CountryName":"Finland","Type of Animal":"Pork"},"geometry":{"type":"Point","coordinates":[23.59375,62.54969]}},{"type":"Feature","properties":{"CountryName":"Finland","Type of Animal":"Chicken"},"geometry":{"type":"Point","coordinates":[23.73223,62.71993]}},{"type":"Feature","properties":{"CountryName":"Finland","Type of Animal":"Chicken"},"geometry":{"type":"Point","coordinates":[22.92977,62.8267]}},{"type":"Feature","properties":{"CountryName":"Finland","Type of Animal":"Chicken"},"geometry":{"type":"Point","coordinates":[22.88432,62.86508]}},{"type":"Feature","properties":{"CountryName":"Finland","Type of Animal":"Chicken"},"geometry":{"type":"Point","coordinates":[22.88378,62.86232]}},{"type":"Feature","properties":{"CountryName":"Finland","Type of Animal":"Chicken"},"geometry":{"type":"Point","coordinates":[22.18891,62.55699]}},{"type":"Feature","properties":{"CountryName":"Finland","Type of Animal":"Chicken"},"geometry":{"type":"Point","coordinates":[22.99296,62.47086]}},{"type":"Feature","properties":{"CountryName":"Finland","Type of Animal":"Chicken"},"geometry":{"type":"Point","coordinates":[22.78869,62.39019]}},{"type":"Feature","properties":{"CountryName":"Finland","Type of Animal":"Chicken"},"geometry":{"type":"Point","coordinates":[22.45272,62.95965]}},{"type":"Feature","properties":{"CountryName":"Finland","Type of Animal":"Chicken"},"geometry":{"type":"Point","coordinates":[22.63274,63.05427]}},{"type":"Feature","properties":{"CountryName":"Finland","Type of Animal":"Pork"},"geometry":{"type":"Point","coordinates":[22.90446,61.50678]}},{"type":"Feature","properties":{"CountryName":"Finland","Type of Animal":"Chicken"},"geometry":{"type":"Point","coordinates":[24.36008,62.07041]}},{"type":"Feature","properties":{"CountryName":"Finland","Type of Animal":"Chicken"},"geometry":{"type":"Point","coordinates":[24.4067,61.99749]}},{"type":"Feature","properties":{"CountryName":"Finland","Type of Animal":"Pork"},"geometry":{"type":"Point","coordinates":[26.21233,60.66271]}},{"type":"Feature","properties":{"CountryName":"Finland","Type of Animal":"Pork"},"geometry":{"type":"Point","coordinates":[26.0385,60.70564]}},{"type":"Feature","properties":{"CountryName":"Finland","Type of Animal":"Pork"},"geometry":{"type":"Point","coordinates":[26.05783,60.69223]}},{"type":"Feature","properties":{"CountryName":"Finland","Type of Animal":"Pork"},"geometry":{"type":"Point","coordinates":[26.2465,60.68714]}},{"type":"Feature","properties":{"CountryName":"Finland","Type of Animal":"Pork"},"geometry":{"type":"Point","coordinates":[26.20323,60.66086]}},{"type":"Feature","properties":{"CountryName":"Finland","Type of Animal":"Chicken"},"geometry":{"type":"Point","coordinates":[22.94549,60.94363]}},{"type":"Feature","properties":{"CountryName":"Finland","Type of Animal":"Pork"},"geometry":{"type":"Point","coordinates":[21.73683,60.63129]}},{"type":"Feature","properties":{"CountryName":"Finland","Type of Animal":"Pork"},"geometry":{"type":"Point","coordinates":[21.72911,60.70587]}},{"type":"Feature","properties":{"CountryName":"Finland","Type of Animal":"Pork"},"geometry":{"type":"Point","coordinates":[22.78273,61.00114]}},{"type":"Feature","properties":{"CountryName":"Finland","Type of Animal":"Pork"},"geometry":{"type":"Point","coordinates":[22.84171,61.09128]}},{"type":"Feature","properties":{"CountryName":"Finland","Type of Animal":"Chicken"},"geometry":{"type":"Point","coordinates":[22.81365,60.97477]}},{"type":"Feature","properties":{"CountryName":"Finland","Type of Animal":"Pork"},"geometry":{"type":"Point","coordinates":[23.03031,60.93096]}},{"type":"Feature","properties":{"CountryName":"Finland","Type of Animal":"Chicken"},"geometry":{"type":"Point","coordinates":[22.62541,60.88279]}},{"type":"Feature","properties":{"CountryName":"Finland","Type of Animal":"Chicken"},"geometry":{"type":"Point","coordinates":[21.72012,61.21631]}},{"type":"Feature","properties":{"CountryName":"Finland","Type of Animal":"Chicken"},"geometry":{"type":"Point","coordinates":[21.86512,60.92086]}},{"type":"Feature","properties":{"CountryName":"Finland","Type of Animal":"Chicken"},"geometry":{"type":"Point","coordinates":[23.50394,60.52513]}},{"type":"Feature","properties":{"CountryName":"Finland","Type of Animal":"Chicken"},"geometry":{"type":"Point","coordinates":[23.36167,60.29833]}},{"type":"Feature","properties":{"CountryName":"Finland","Type of Animal":"Pork"},"geometry":{"type":"Point","coordinates":[22.85727,60.75202]}},{"type":"Feature","properties":{"CountryName":"Finland","Type of Animal":"Pork"},"geometry":{"type":"Point","coordinates":[22.30374,62.00263]}},{"type":"Feature","properties":{"CountryName":"Finland","Type of Animal":"Chicken"},"geometry":{"type":"Point","coordinates":[22.29832,61.21442]}},{"type":"Feature","properties":{"CountryName":"Finland","Type of Animal":"Chicken"},"geometry":{"type":"Point","coordinates":[22.04371,60.58207]}},{"type":"Feature","properties":{"CountryName":"Finland","Type of Animal":"Chicken"},"geometry":{"type":"Point","coordinates":[22.69878,60.85982]}},{"type":"Feature","properties":{"CountryName":"Finland","Type of Animal":"Pork"},"geometry":{"type":"Point","coordinates":[22.67454,60.82184]}},{"type":"Feature","properties":{"CountryName":"Finland","Type of Animal":"Chicken"},"geometry":{"type":"Point","coordinates":[22.51515,61.26529]}},{"type":"Feature","properties":{"CountryName":"Finland","Type of Animal":"Chicken"},"geometry":{"type":"Point","coordinates":[22.92817,60.91076]}},{"type":"Feature","properties":{"CountryName":"Finland","Type of Animal":"Chicken"},"geometry":{"type":"Point","coordinates":[22.76682,60.85803]}},{"type":"Feature","properties":{"CountryName":"Finland","Type of Animal":"Chicken"},"geometry":{"type":"Point","coordinates":[22.31654,61.06188]}},{"type":"Feature","properties":{"CountryName":"Finland","Type of Animal":"Pork"},"geometry":{"type":"Point","coordinates":[23.06456,60.66534]}},{"type":"Feature","properties":{"CountryName":"Finland","Type of Animal":"Chicken"},"geometry":{"type":"Point","coordinates":[23.10825,60.6308]}},{"type":"Feature","properties":{"CountryName":"Finland","Type of Animal":"Chicken"},"geometry":{"type":"Point","coordinates":[22.14068,60.57257]}},{"type":"Feature","properties":{"CountryName":"Finland","Type of Animal":"Pork"},"geometry":{"type":"Point","coordinates":[22.63354,61.0636]}},{"type":"Feature","properties":{"CountryName":"Finland","Type of Animal":"Chicken"},"geometry":{"type":"Point","coordinates":[22.74494,60.65767]}},{"type":"Feature","properties":{"CountryName":"Finland","Type of Animal":"Pork"},"geometry":{"type":"Point","coordinates":[21.56373,60.66603]}},{"type":"Feature","properties":{"CountryName":"Finland","Type of Animal":"Pork"},"geometry":{"type":"Point","coordinates":[25.23318,61.01831]}},{"type":"Feature","properties":{"CountryName":"Finland","Type of Animal":"Pork"},"geometry":{"type":"Point","coordinates":[25.2996,61.28128]}},{"type":"Feature","properties":{"CountryName":"Finland","Type of Animal":"Pork"},"geometry":{"type":"Point","coordinates":[24.61136,61.13186]}},{"type":"Feature","properties":{"CountryName":"Finland","Type of Animal":"Pork"},"geometry":{"type":"Point","coordinates":[26.66799,60.67161]}},{"type":"Feature","properties":{"CountryName":"Finland","Type of Animal":"Pork"},"geometry":{"type":"Point","coordinates":[27.83818,60.9444]}},{"type":"Feature","properties":{"CountryName":"Finland","Type of Animal":"Pork"},"geometry":{"type":"Point","coordinates":[28.39456,61.05694]}},{"type":"Feature","properties":{"CountryName":"Finland","Type of Animal":"Chicken"},"geometry":{"type":"Point","coordinates":[22.88502,63.22705]}},{"type":"Feature","properties":{"CountryName":"Finland","Type of Animal":"Chicken"},"geometry":{"type":"Point","coordinates":[21.28473,62.4747]}},{"type":"Feature","properties":{"CountryName":"Finland","Type of Animal":"Chicken"},"geometry":{"type":"Point","coordinates":[23.12594,62.95684]}},{"type":"Feature","properties":{"CountryName":"Finland","Type of Animal":"Pork"},"geometry":{"type":"Point","coordinates":[22.55308,63.43319]}},{"type":"Feature","properties":{"CountryName":"Finland","Type of Animal":"Chicken"},"geometry":{"type":"Point","coordinates":[22.9467,62.82039]}},{"type":"Feature","properties":{"CountryName":"Finland","Type of Animal":"Chicken"},"geometry":{"type":"Point","coordinates":[22.95254,62.80394]}},{"type":"Feature","properties":{"CountryName":"Finland","Type of Animal":"Chicken"},"geometry":{"type":"Point","coordinates":[22.74081,62.82334]}},{"type":"Feature","properties":{"CountryName":"Finland","Type of Animal":"Chicken"},"geometry":{"type":"Point","coordinates":[22.58139,62.9626]}},{"type":"Feature","properties":{"CountryName":"Finland","Type of Animal":"Chicken"},"geometry":{"type":"Point","coordinates":[22.53954,62.91518]}},{"type":"Feature","properties":{"CountryName":"Finland","Type of Animal":"Chicken"},"geometry":{"type":"Point","coordinates":[23.23076,63.28591]}},{"type":"Feature","properties":{"CountryName":"Finland","Type of Animal":"Chicken"},"geometry":{"type":"Point","coordinates":[22.56784,62.6024]}},{"type":"Feature","properties":{"CountryName":"Finland","Type of Animal":"Chicken"},"geometry":{"type":"Point","coordinates":[22.33442,62.57985]}},{"type":"Feature","properties":{"CountryName":"Finland","Type of Animal":"Chicken"},"geometry":{"type":"Point","coordinates":[22.5762,62.56584]}},{"type":"Feature","properties":{"CountryName":"Finland","Type of Animal":"Chicken"},"geometry":{"type":"Point","coordinates":[21.93608,63.00228]}},{"type":"Feature","properties":{"CountryName":"Finland","Type of Animal":"Chicken"},"geometry":{"type":"Point","coordinates":[22.84169,63.13662]}},{"type":"Feature","properties":{"CountryName":"Finland","Type of Animal":"Chicken"},"geometry":{"type":"Point","coordinates":[22.33319,62.58118]}},{"type":"Feature","properties":{"CountryName":"Finland","Type of Animal":"Pork"},"geometry":{"type":"Point","coordinates":[22.01997,62.46013]}},{"type":"Feature","properties":{"CountryName":"Finland","Type of Animal":"Chicken"},"geometry":{"type":"Point","coordinates":[23.08143,62.52079]}},{"type":"Feature","properties":{"CountryName":"Finland","Type of Animal":"Chicken"},"geometry":{"type":"Point","coordinates":[23.1956,62.93118]}},{"type":"Feature","properties":{"CountryName":"Finland","Type of Animal":"Chicken"},"geometry":{"type":"Point","coordinates":[23.13538,62.94061]}},{"type":"Feature","properties":{"CountryName":"Finland","Type of Animal":"Chicken"},"geometry":{"type":"Point","coordinates":[22.48858,62.90479]}},{"type":"Feature","properties":{"CountryName":"Finland","Type of Animal":"Chicken"},"geometry":{"type":"Point","coordinates":[22.99608,62.48544]}},{"type":"Feature","properties":{"CountryName":"Finland","Type of Animal":"Pork"},"geometry":{"type":"Point","coordinates":[23.19841,62.97483]}},{"type":"Feature","properties":{"CountryName":"Finland","Type of Animal":"Pork"},"geometry":{"type":"Point","coordinates":[22.10437,62.94148]}},{"type":"Feature","properties":{"CountryName":"Finland","Type of Animal":"Chicken"},"geometry":{"type":"Point","coordinates":[22.60381,62.91042]}},{"type":"Feature","properties":{"CountryName":"Finland","Type of Animal":"Pork"},"geometry":{"type":"Point","coordinates":[22.63084,63.42613]}},{"type":"Feature","properties":{"CountryName":"Finland","Type of Animal":"Pork"},"geometry":{"type":"Point","coordinates":[23.30247,63.68548]}},{"type":"Feature","properties":{"CountryName":"Finland","Type of Animal":"Pork"},"geometry":{"type":"Point","coordinates":[22.64853,63.24895]}},{"type":"Feature","properties":{"CountryName":"Finland","Type of Animal":"Pork"},"geometry":{"type":"Point","coordinates":[22.54399,63.34499]}},{"type":"Feature","properties":{"CountryName":"Finland","Type of Animal":"Pork"},"geometry":{"type":"Point","coordinates":[22.53234,62.70715]}},{"type":"Feature","properties":{"CountryName":"Finland","Type of Animal":"Chicken"},"geometry":{"type":"Point","coordinates":[22.54308,62.82569]}},{"type":"Feature","properties":{"CountryName":"Finland","Type of Animal":"Chicken"},"geometry":{"type":"Point","coordinates":[22.86535,63.00334]}},{"type":"Feature","properties":{"CountryName":"Finland","Type of Animal":"Chicken"},"geometry":{"type":"Point","coordinates":[22.84183,63.02918]}},{"type":"Feature","properties":{"CountryName":"Finland","Type of Animal":"Chicken"},"geometry":{"type":"Point","coordinates":[21.87619,63.0031]}},{"type":"Feature","properties":{"CountryName":"Finland","Type of Animal":"Chicken"},"geometry":{"type":"Point","coordinates":[23.07627,62.50719]}},{"type":"Feature","properties":{"CountryName":"Finland","Type of Animal":"Chicken"},"geometry":{"type":"Point","coordinates":[22.57828,62.79374]}},{"type":"Feature","properties":{"CountryName":"Finland","Type of Animal":"Chicken"},"geometry":{"type":"Point","coordinates":[22.86248,62.99538]}},{"type":"Feature","properties":{"CountryName":"Finland","Type of Animal":"Pork"},"geometry":{"type":"Point","coordinates":[21.46358,62.93581]}},{"type":"Feature","properties":{"CountryName":"Finland","Type of Animal":"Chicken"},"geometry":{"type":"Point","coordinates":[22.859,62.99493]}},{"type":"Feature","properties":{"CountryName":"Finland","Type of Animal":"Chicken"},"geometry":{"type":"Point","coordinates":[23.07297,62.97173]}},{"type":"Feature","properties":{"CountryName":"Finland","Type of Animal":"Pork"},"geometry":{"type":"Point","coordinates":[22.94736,62.59217]}},{"type":"Feature","properties":{"CountryName":"Finland","Type of Animal":"Pork"},"geometry":{"type":"Point","coordinates":[22.69861,62.87985]}},{"type":"Feature","properties":{"CountryName":"Finland","Type of Animal":"Chicken"},"geometry":{"type":"Point","coordinates":[25.04389,62.80892]}},{"type":"Feature","properties":{"CountryName":"Finland","Type of Animal":"Pork"},"geometry":{"type":"Point","coordinates":[26.59566,62.35372]}},{"type":"Feature","properties":{"CountryName":"Finland","Type of Animal":"Pork"},"geometry":{"type":"Point","coordinates":[24.87636,64.86772]}},{"type":"Feature","properties":{"CountryName":"Finland","Type of Animal":"Pork"},"geometry":{"type":"Point","coordinates":[25.69627,63.96429]}},{"type":"Feature","properties":{"CountryName":"Finland","Type of Animal":"Pork"},"geometry":{"type":"Point","coordinates":[24.14297,64.37003]}},{"type":"Feature","properties":{"CountryName":"Finland","Type of Animal":"Pork"},"geometry":{"type":"Point","coordinates":[25.10925,63.96342]}},{"type":"Feature","properties":{"CountryName":"Finland","Type of Animal":"Pork"},"geometry":{"type":"Point","coordinates":[23.90773,61.10512]}},{"type":"Feature","properties":{"CountryName":"Finland","Type of Animal":"Pork"},"geometry":{"type":"Point","coordinates":[23.57498,61.0629]}},{"type":"Feature","properties":{"CountryName":"Finland","Type of Animal":"Chicken"},"geometry":{"type":"Point","coordinates":[24.29887,61.41548]}},{"type":"Feature","properties":{"CountryName":"Finland","Type of Animal":"Chicken"},"geometry":{"type":"Point","coordinates":[24.27693,61.48198]}},{"type":"Feature","properties":{"CountryName":"Finland","Type of Animal":"Chicken"},"geometry":{"type":"Point","coordinates":[24.38493,61.45281]}},{"type":"Feature","properties":{"CountryName":"Finland","Type of Animal":"Chicken"},"geometry":{"type":"Point","coordinates":[24.39305,61.45674]}},{"type":"Feature","properties":{"CountryName":"Finland","Type of Animal":"Chicken"},"geometry":{"type":"Point","coordinates":[24.39171,61.45258]}},{"type":"Feature","properties":{"CountryName":"Finland","Type of Animal":"Chicken"},"geometry":{"type":"Point","coordinates":[24.40893,61.45533]}},{"type":"Feature","properties":{"CountryName":"Finland","Type of Animal":"Chicken"},"geometry":{"type":"Point","coordinates":[24.3756,61.45909]}},{"type":"Feature","properties":{"CountryName":"Finland","Type of Animal":"Chicken"},"geometry":{"type":"Point","coordinates":[24.23225,61.38978]}},{"type":"Feature","properties":{"CountryName":"Finland","Type of Animal":"Chicken"},"geometry":{"type":"Point","coordinates":[24.35046,61.25011]}},{"type":"Feature","properties":{"CountryName":"Finland","Type of Animal":"Chicken"},"geometry":{"type":"Point","coordinates":[24.19939,61.39931]}},{"type":"Feature","properties":{"CountryName":"Finland","Type of Animal":"Pork"},"geometry":{"type":"Point","coordinates":[23.70821,61.02307]}},{"type":"Feature","properties":{"CountryName":"Finland","Type of Animal":"Chicken"},"geometry":{"type":"Point","coordinates":[22.67442,61.26047]}},{"type":"Feature","properties":{"CountryName":"Finland","Type of Animal":"Pork"},"geometry":{"type":"Point","coordinates":[22.2458,62.9768]}},{"type":"Feature","properties":{"CountryName":"Finland","Type of Animal":"Pork"},"geometry":{"type":"Point","coordinates":[22.70664,61.12819]}},{"type":"Feature","properties":{"CountryName":"Finland","Type of Animal":"Pork"},"geometry":{"type":"Point","coordinates":[22.65784,61.05944]}},{"type":"Feature","properties":{"CountryName":"Finland","Type of Animal":"Chicken"},"geometry":{"type":"Point","coordinates":[22.94242,62.86297]}},{"type":"Feature","properties":{"CountryName":"Finland","Type of Animal":"Pork"},"geometry":{"type":"Point","coordinates":[21.54255,60.66211]}},{"type":"Feature","properties":{"CountryName":"Finland","Type of Animal":"Chicken"},"geometry":{"type":"Point","coordinates":[22.84522,62.8411]}},{"type":"Feature","properties":{"CountryName":"Finland","Type of Animal":"Chicken"},"geometry":{"type":"Point","coordinates":[23.56402,60.57607]}},{"type":"Feature","properties":{"CountryName":"Finland","Type of Animal":"Chicken"},"geometry":{"type":"Point","coordinates":[24.38875,61.4588]}},{"type":"Feature","properties":{"CountryName":"Finland","Type of Animal":"Chicken"},"geometry":{"type":"Point","coordinates":[22.45625,62.95692]}},{"type":"Feature","properties":{"CountryName":"Finland","Type of Animal":"Pork"},"geometry":{"type":"Point","coordinates":[23.57627,62.47051]}},{"type":"Feature","properties":{"CountryName":"Finland","Type of Animal":"Chicken"},"geometry":{"type":"Point","coordinates":[22.56407,62.74426]}},{"type":"Feature","properties":{"CountryName":"Finland","Type of Animal":"Pork"},"geometry":{"type":"Point","coordinates":[22.69884,62.87979]}},{"type":"Feature","properties":{"CountryName":"Finland","Type of Animal":"Chicken"},"geometry":{"type":"Point","coordinates":[22.96928,63.07046]}},{"type":"Feature","properties":{"CountryName":"Finland","Type of Animal":"Chicken"},"geometry":{"type":"Point","coordinates":[22.77976,62.79174]}},{"type":"Feature","properties":{"CountryName":"Finland","Type of Animal":"Pork"},"geometry":{"type":"Point","coordinates":[22.18443,60.54019]}},{"type":"Feature","properties":{"CountryName":"Finland","Type of Animal":"Chicken"},"geometry":{"type":"Point","coordinates":[21.68758,60.84858]}},{"type":"Feature","properties":{"CountryName":"Finland","Type of Animal":"Pork"},"geometry":{"type":"Point","coordinates":[21.55598,60.61915]}},{"type":"Feature","properties":{"CountryName":"Finland","Type of Animal":"Pork"},"geometry":{"type":"Point","coordinates":[22.98857,63.04824]}},{"type":"Feature","properties":{"CountryName":"Finland","Type of Animal":"Pork"},"geometry":{"type":"Point","coordinates":[22.51515,63.31756]}},{"type":"Feature","properties":{"CountryName":"Finland","Type of Animal":"Pork"},"geometry":{"type":"Point","coordinates":[23.98504,64.32023]}},{"type":"Feature","properties":{"CountryName":"Finland","Type of Animal":"Pork"},"geometry":{"type":"Point","coordinates":[22.88321,62.86443]}},{"type":"Feature","properties":{"CountryName":"Finland","Type of Animal":"Chicken"},"geometry":{"type":"Point","coordinates":[22.69231,61.23334]}},{"type":"Feature","properties":{"CountryName":"Finland","Type of Animal":"Chicken"},"geometry":{"type":"Point","coordinates":[21.71546,61.32138]}},{"type":"Feature","properties":{"CountryName":"Finland","Type of Animal":"Pork"},"geometry":{"type":"Point","coordinates":[22.36419,63.37962]}},{"type":"Feature","properties":{"CountryName":"Finland","Type of Animal":"Chicken"},"geometry":{"type":"Point","coordinates":[23.08821,61.01914]}},{"type":"Feature","properties":{"CountryName":"Finland","Type of Animal":"Pork"},"geometry":{"type":"Point","coordinates":[22.5975,63.42083]}},{"type":"Feature","properties":{"CountryName":"Finland","Type of Animal":"Pork"},"geometry":{"type":"Point","coordinates":[23.30392,63.68544]}},{"type":"Feature","properties":{"CountryName":"Finland","Type of Animal":"Pork"},"geometry":{"type":"Point","coordinates":[21.71348,60.70457]}},{"type":"Feature","properties":{"CountryName":"Finland","Type of Animal":"Pork"},"geometry":{"type":"Point","coordinates":[22.31701,62.97831]}},{"type":"Feature","properties":{"CountryName":"Finland","Type of Animal":"Pork"},"geometry":{"type":"Point","coordinates":[22.62618,62.7399]}},{"type":"Feature","properties":{"CountryName":"Finland","Type of Animal":"Pork"},"geometry":{"type":"Point","coordinates":[24.13557,64.41075]}},{"type":"Feature","properties":{"CountryName":"Finland","Type of Animal":"Pork"},"geometry":{"type":"Point","coordinates":[21.54979,60.61873]}},{"type":"Feature","properties":{"CountryName":"Finland","Type of Animal":"Pork"},"geometry":{"type":"Point","coordinates":[22.65196,62.74507]}},{"type":"Feature","properties":{"CountryName":"Finland","Type of Animal":"Chicken"},"geometry":{"type":"Point","coordinates":[21.20317,62.52901]}},{"type":"Feature","properties":{"CountryName":"Finland","Type of Animal":"Chicken"},"geometry":{"type":"Point","coordinates":[22.93524,60.98928]}},{"type":"Feature","properties":{"CountryName":"Finland","Type of Animal":"Pork"},"geometry":{"type":"Point","coordinates":[22.70883,61.51586]}},{"type":"Feature","properties":{"CountryName":"Finland","Type of Animal":"Chicken"},"geometry":{"type":"Point","coordinates":[22.63353,61.19854]}},{"type":"Feature","properties":{"CountryName":"Finland","Type of Animal":"Chicken"},"geometry":{"type":"Point","coordinates":[22.88575,60.5706]}},{"type":"Feature","properties":{"CountryName":"Finland","Type of Animal":"Chicken"},"geometry":{"type":"Point","coordinates":[23.75427,63.23994]}},{"type":"Feature","properties":{"CountryName":"Finland","Type of Animal":"Chicken"},"geometry":{"type":"Point","coordinates":[23.06666,62.52583]}},{"type":"Feature","properties":{"CountryName":"Finland","Type of Animal":"Chicken"},"geometry":{"type":"Point","coordinates":[22.69418,61.25703]}},{"type":"Feature","properties":{"CountryName":"Finland","Type of Animal":"Chicken"},"geometry":{"type":"Point","coordinates":[22.95057,62.82208]}},{"type":"Feature","properties":{"CountryName":"Finland","Type of Animal":"Chicken"},"geometry":{"type":"Point","coordinates":[22.67148,60.75203]}},{"type":"Feature","properties":{"CountryName":"Finland","Type of Animal":"Chicken"},"geometry":{"type":"Point","coordinates":[22.54932,60.9095]}},{"type":"Feature","properties":{"CountryName":"Finland","Type of Animal":"Pork"},"geometry":{"type":"Point","coordinates":[21.9432,62.68787]}},{"type":"Feature","properties":{"CountryName":"Finland","Type of Animal":"Pork"},"geometry":{"type":"Point","coordinates":[22.29235,63.20933]}},{"type":"Feature","properties":{"CountryName":"Finland","Type of Animal":"Pork"},"geometry":{"type":"Point","coordinates":[22.70528,62.88044]}},{"type":"Feature","properties":{"CountryName":"Finland","Type of Animal":"Pork"},"geometry":{"type":"Point","coordinates":[22.49363,62.71263]}},{"type":"Feature","properties":{"CountryName":"Finland","Type of Animal":"Pork"},"geometry":{"type":"Point","coordinates":[21.59908,62.97277]}},{"type":"Feature","properties":{"CountryName":"Finland","Type of Animal":"Pork"},"geometry":{"type":"Point","coordinates":[22.92913,61.20393]}},{"type":"Feature","properties":{"CountryName":"Finland","Type of Animal":"Chicken"},"geometry":{"type":"Point","coordinates":[22.52729,61.05271]}},{"type":"Feature","properties":{"CountryName":"Finland","Type of Animal":"Chicken"},"geometry":{"type":"Point","coordinates":[22.86247,62.98891]}},{"type":"Feature","properties":{"CountryName":"Finland","Type of Animal":"Chicken"},"geometry":{"type":"Point","coordinates":[23.16382,63.09536]}},{"type":"Feature","properties":{"CountryName":"Finland","Type of Animal":"Chicken"},"geometry":{"type":"Point","coordinates":[22.57986,60.89094]}},{"type":"Feature","properties":{"CountryName":"Finland","Type of Animal":"Chicken"},"geometry":{"type":"Point","coordinates":[22.7807,62.79328]}},{"type":"Feature","properties":{"CountryName":"Finland","Type of Animal":"Pork"},"geometry":{"type":"Point","coordinates":[22.60538,63.41802]}},{"type":"Feature","properties":{"CountryName":"Finland","Type of Animal":"Chicken"},"geometry":{"type":"Point","coordinates":[23.46404,62.85739]}},{"type":"Feature","properties":{"CountryName":"Finland","Type of Animal":"Pork"},"geometry":{"type":"Point","coordinates":[22.34126,62.74245]}},{"type":"Feature","properties":{"CountryName":"Finland","Type of Animal":"Chicken"},"geometry":{"type":"Point","coordinates":[22.00931,61.21786]}},{"type":"Feature","properties":{"CountryName":"Finland","Type of Animal":"Chicken"},"geometry":{"type":"Point","coordinates":[22.78763,60.6467]}},{"type":"Feature","properties":{"CountryName":"Finland","Type of Animal":"Chicken"},"geometry":{"type":"Point","coordinates":[22.67238,62.89386]}},{"type":"Feature","properties":{"CountryName":"Finland","Type of Animal":"Chicken"},"geometry":{"type":"Point","coordinates":[23.02357,62.77185]}},{"type":"Feature","properties":{"CountryName":"Finland","Type of Animal":"Chicken"},"geometry":{"type":"Point","coordinates":[22.6516,63.06594]}},{"type":"Feature","properties":{"CountryName":"Finland","Type of Animal":"Chicken"},"geometry":{"type":"Point","coordinates":[22.79688,61.18592]}},{"type":"Feature","properties":{"CountryName":"Finland","Type of Animal":"Chicken"},"geometry":{"type":"Point","coordinates":[21.89754,60.70112]}},{"type":"Feature","properties":{"CountryName":"Finland","Type of Animal":"Chicken"},"geometry":{"type":"Point","coordinates":[22.75898,61.06834]}},{"type":"Feature","properties":{"CountryName":"Finland","Type of Animal":"Chicken"},"geometry":{"type":"Point","coordinates":[22.82542,62.99106]}},{"type":"Feature","properties":{"CountryName":"Finland","Type of Animal":"Pork"},"geometry":{"type":"Point","coordinates":[22.60713,63.41641]}},{"type":"Feature","properties":{"CountryName":"Finland","Type of Animal":"Chicken"},"geometry":{"type":"Point","coordinates":[23.43889,60.90402]}},{"type":"Feature","properties":{"CountryName":"Finland","Type of Animal":"Chicken"},"geometry":{"type":"Point","coordinates":[23.26331,62.91782]}},{"type":"Feature","properties":{"CountryName":"Finland","Type of Animal":"Pork"},"geometry":{"type":"Point","coordinates":[24.81787,63.98573]}},{"type":"Feature","properties":{"CountryName":"Finland","Type of Animal":"Pork"},"geometry":{"type":"Point","coordinates":[22.69918,61.13833]}},{"type":"Feature","properties":{"CountryName":"Finland","Type of Animal":"Chicken"},"geometry":{"type":"Point","coordinates":[22.60131,60.88789]}},{"type":"Feature","properties":{"CountryName":"Finland","Type of Animal":"Chicken"},"geometry":{"type":"Point","coordinates":[21.19605,62.50846]}},{"type":"Feature","properties":{"CountryName":"Finland","Type of Animal":"Chicken"},"geometry":{"type":"Point","coordinates":[22.09702,61.12272]}},{"type":"Feature","properties":{"CountryName":"Finland","Type of Animal":"Chicken"},"geometry":{"type":"Point","coordinates":[22.79377,60.85636]}},{"type":"Feature","properties":{"CountryName":"Finland","Type of Animal":"Chicken"},"geometry":{"type":"Point","coordinates":[21.87538,60.76299]}},{"type":"Feature","properties":{"CountryName":"Finland","Type of Animal":"Chicken"},"geometry":{"type":"Point","coordinates":[22.65041,62.54994]}},{"type":"Feature","properties":{"CountryName":"Finland","Type of Animal":"Chicken"},"geometry":{"type":"Point","coordinates":[22.26712,61.10529]}},{"type":"Feature","properties":{"CountryName":"Finland","Type of Animal":"Chicken"},"geometry":{"type":"Point","coordinates":[21.96606,61.1869]}},{"type":"Feature","properties":{"CountryName":"Germany","Type of Animal":"Pork"},"geometry":{"type":"Point","coordinates":[13.83466,53.42097]}},{"type":"Feature","properties":{"CountryName":"Germany","Type of Animal":"Chicken"},"geometry":{"type":"Point","coordinates":[11.84212,53.19013]}},{"type":"Feature","properties":{"CountryName":"Germany","Type of Animal":"Chicken"},"geometry":{"type":"Point","coordinates":[12.26252,53.24545]}},{"type":"Feature","properties":{"CountryName":"Germany","Type of Animal":"Pork"},"geometry":{"type":"Point","coordinates":[12.91483,52.91895]}},{"type":"Feature","properties":{"CountryName":"Germany","Type of Animal":"Pork"},"geometry":{"type":"Point","coordinates":[12.11029,53.12366]}},{"type":"Feature","properties":{"CountryName":"Germany","Type of Animal":"Pork"},"geometry":{"type":"Point","coordinates":[12.09986,53.176]}},{"type":"Feature","properties":{"CountryName":"Germany","Type of Animal":"Pork"},"geometry":{"type":"Point","coordinates":[11.90628,53.13405]}},{"type":"Feature","properties":{"CountryName":"Germany","Type of Animal":"Chicken"},"geometry":{"type":"Point","coordinates":[11.78008,53.12112]}},{"type":"Feature","properties":{"CountryName":"Germany","Type of Animal":"Pork"},"geometry":{"type":"Point","coordinates":[12.17557,52.96295]}},{"type":"Feature","properties":{"CountryName":"Germany","Type of Animal":"Chicken"},"geometry":{"type":"Point","coordinates":[11.97096,52.92246]}},{"type":"Feature","properties":{"CountryName":"Germany","Type of Animal":"Pork"},"geometry":{"type":"Point","coordinates":[12.06371,53.16601]}},{"type":"Feature","properties":{"CountryName":"Germany","Type of Animal":"Pork"},"geometry":{"type":"Point","coordinates":[12.22892,53.06171]}},{"type":"Feature","properties":{"CountryName":"Germany","Type of Animal":"Pork"},"geometry":{"type":"Point","coordinates":[11.92647,53.03683]}},{"type":"Feature","properties":{"CountryName":"Germany","Type of Animal":"Pork"},"geometry":{"type":"Point","coordinates":[11.61253,53.20668]}},{"type":"Feature","properties":{"CountryName":"Germany","Type of Animal":"Pork"},"geometry":{"type":"Point","coordinates":[12.43916,53.2072]}},{"type":"Feature","properties":{"CountryName":"Germany","Type of Animal":"Chicken"},"geometry":{"type":"Point","coordinates":[12.73804,53.06732]}},{"type":"Feature","properties":{"CountryName":"Germany","Type of Animal":"Pork"},"geometry":{"type":"Point","coordinates":[12.86821,52.92267]}},{"type":"Feature","properties":{"CountryName":"Germany","Type of Animal":"Pork"},"geometry":{"type":"Point","coordinates":[12.61023,52.87858]}},{"type":"Feature","properties":{"CountryName":"Germany","Type of Animal":"Pork"},"geometry":{"type":"Point","coordinates":[13.20219,53.03383]}},{"type":"Feature","properties":{"CountryName":"Germany","Type of Animal":"Chicken"},"geometry":{"type":"Point","coordinates":[13.04687,53.08283]}},{"type":"Feature","properties":{"CountryName":"Germany","Type of Animal":"Pork"},"geometry":{"type":"Point","coordinates":[12.21109,52.52331]}},{"type":"Feature","properties":{"CountryName":"Germany","Type of Animal":"Chicken"},"geometry":{"type":"Point","coordinates":[12.58179,52.1146]}},{"type":"Feature","properties":{"CountryName":"Germany","Type of Animal":"Pork"},"geometry":{"type":"Point","coordinates":[12.622,52.3785]}},{"type":"Feature","properties":{"CountryName":"Germany","Type of Animal":"Pork"},"geometry":{"type":"Point","coordinates":[12.64017,52.17781]}},{"type":"Feature","properties":{"CountryName":"Germany","Type of Animal":"Chicken"},"geometry":{"type":"Point","coordinates":[12.71535,52.39405]}},{"type":"Feature","properties":{"CountryName":"Germany","Type of Animal":"Chicken"},"geometry":{"type":"Point","coordinates":[12.651,52.69669]}},{"type":"Feature","properties":{"CountryName":"Germany","Type of Animal":"Pork"},"geometry":{"type":"Point","coordinates":[12.49975,52.05364]}},{"type":"Feature","properties":{"CountryName":"Germany","Type of Animal":"Pork"},"geometry":{"type":"Point","coordinates":[12.49227,52.26803]}},{"type":"Feature","properties":{"CountryName":"Germany","Type of Animal":"Chicken"},"geometry":{"type":"Point","coordinates":[12.4212,53.15841]}},{"type":"Feature","properties":{"CountryName":"Germany","Type of Animal":"Chicken"},"geometry":{"type":"Point","coordinates":[12.15651,53.17184]}},{"type":"Feature","properties":{"CountryName":"Germany","Type of Animal":"Chicken"},"geometry":{"type":"Point","coordinates":[12.42214,53.15909]}},{"type":"Feature","properties":{"CountryName":"Germany","Type of Animal":"Chicken"},"geometry":{"type":"Point","coordinates":[12.42363,53.1602]}},{"type":"Feature","properties":{"CountryName":"Germany","Type of Animal":"Pork"},"geometry":{"type":"Point","coordinates":[13.57119,52.82525]}},{"type":"Feature","properties":{"CountryName":"Germany","Type of Animal":"Chicken"},"geometry":{"type":"Point","coordinates":[14.00942,53.3955]}},{"type":"Feature","properties":{"CountryName":"Germany","Type of Animal":"Chicken"},"geometry":{"type":"Point","coordinates":[14.09284,53.41358]}},{"type":"Feature","properties":{"CountryName":"Germany","Type of Animal":"Pork"},"geometry":{"type":"Point","coordinates":[14.17285,53.21002]}},{"type":"Feature","properties":{"CountryName":"Germany","Type of Animal":"Chicken"},"geometry":{"type":"Point","coordinates":[13.71178,53.30007]}},{"type":"Feature","properties":{"CountryName":"Germany","Type of Animal":"Pork"},"geometry":{"type":"Point","coordinates":[13.92215,53.07654]}},{"type":"Feature","properties":{"CountryName":"Germany","Type of Animal":"Pork"},"geometry":{"type":"Point","coordinates":[14.07893,53.09994]}},{"type":"Feature","properties":{"CountryName":"Germany","Type of Animal":"Chicken"},"geometry":{"type":"Point","coordinates":[14.42465,53.2649]}},{"type":"Feature","properties":{"CountryName":"Germany","Type of Animal":"Pork"},"geometry":{"type":"Point","coordinates":[13.60187,53.33467]}},{"type":"Feature","properties":{"CountryName":"Germany","Type of Animal":"Pork"},"geometry":{"type":"Point","coordinates":[13.66451,52.69848]}},{"type":"Feature","properties":{"CountryName":"Germany","Type of Animal":"Pork"},"geometry":{"type":"Point","coordinates":[13.80026,53.35692]}},{"type":"Feature","properties":{"CountryName":"Germany","Type of Animal":"Pork"},"geometry":{"type":"Point","coordinates":[13.41745,52.65897]}},{"type":"Feature","properties":{"CountryName":"Germany","Type of Animal":"Pork"},"geometry":{"type":"Point","coordinates":[14.14827,53.20455]}},{"type":"Feature","properties":{"CountryName":"Germany","Type of Animal":"Chicken"},"geometry":{"type":"Point","coordinates":[13.64449,52.73631]}},{"type":"Feature","properties":{"CountryName":"Germany","Type of Animal":"Pork"},"geometry":{"type":"Point","coordinates":[13.4831,53.09319]}},{"type":"Feature","properties":{"CountryName":"Germany","Type of Animal":"Chicken"},"geometry":{"type":"Point","coordinates":[14.29202,52.17544]}},{"type":"Feature","properties":{"CountryName":"Germany","Type of Animal":"Pork"},"geometry":{"type":"Point","coordinates":[14.5045,52.51479]}},{"type":"Feature","properties":{"CountryName":"Germany","Type of Animal":"Chicken"},"geometry":{"type":"Point","coordinates":[13.90266,52.29526]}},{"type":"Feature","properties":{"CountryName":"Germany","Type of Animal":"Chicken"},"geometry":{"type":"Point","coordinates":[13.99463,52.64063]}},{"type":"Feature","properties":{"CountryName":"Germany","Type of Animal":"Chicken"},"geometry":{"type":"Point","coordinates":[13.91619,52.33694]}},{"type":"Feature","properties":{"CountryName":"Germany","Type of Animal":"Pork"},"geometry":{"type":"Point","coordinates":[14.17307,52.13503]}},{"type":"Feature","properties":{"CountryName":"Germany","Type of Animal":"Chicken"},"geometry":{"type":"Point","coordinates":[13.90744,52.33646]}},{"type":"Feature","properties":{"CountryName":"Germany","Type of Animal":"Chicken"},"geometry":{"type":"Point","coordinates":[13.91231,52.34423]}},{"type":"Feature","properties":{"CountryName":"Germany","Type of Animal":"Chicken"},"geometry":{"type":"Point","coordinates":[13.9106,52.34779]}},{"type":"Feature","properties":{"CountryName":"Germany","Type of Animal":"Chicken"},"geometry":{"type":"Point","coordinates":[13.92383,52.34764]}},{"type":"Feature","properties":{"CountryName":"Germany","Type of Animal":"Chicken"},"geometry":{"type":"Point","coordinates":[13.92338,52.34364]}},{"type":"Feature","properties":{"CountryName":"Germany","Type of Animal":"Pork"},"geometry":{"type":"Point","coordinates":[14.71383,52.07544]}},{"type":"Feature","properties":{"CountryName":"Germany","Type of Animal":"Pork"},"geometry":{"type":"Point","coordinates":[14.27512,52.04438]}},{"type":"Feature","properties":{"CountryName":"Germany","Type of Animal":"Chicken"},"geometry":{"type":"Point","coordinates":[14.65577,52.08103]}},{"type":"Feature","properties":{"CountryName":"Germany","Type of Animal":"Pork"},"geometry":{"type":"Point","coordinates":[14.49828,52.13583]}},{"type":"Feature","properties":{"CountryName":"Germany","Type of Animal":"Chicken"},"geometry":{"type":"Point","coordinates":[14.21966,52.10415]}},{"type":"Feature","properties":{"CountryName":"Germany","Type of Animal":"Chicken"},"geometry":{"type":"Point","coordinates":[13.86975,52.1929]}},{"type":"Feature","properties":{"CountryName":"Germany","Type of Animal":"Chicken"},"geometry":{"type":"Point","coordinates":[13.90747,52.34004]}},{"type":"Feature","properties":{"CountryName":"Germany","Type of Animal":"Chicken"},"geometry":{"type":"Point","coordinates":[14.22945,52.58643]}},{"type":"Feature","properties":{"CountryName":"Germany","Type of Animal":"Pork"},"geometry":{"type":"Point","coordinates":[14.20247,52.73439]}},{"type":"Feature","properties":{"CountryName":"Germany","Type of Animal":"Chicken"},"geometry":{"type":"Point","coordinates":[14.12155,52.70019]}},{"type":"Feature","properties":{"CountryName":"Germany","Type of Animal":"Pork"},"geometry":{"type":"Point","coordinates":[14.10696,52.68732]}},{"type":"Feature","properties":{"CountryName":"Germany","Type of Animal":"Chicken"},"geometry":{"type":"Point","coordinates":[14.22625,52.58826]}},{"type":"Feature","properties":{"CountryName":"Germany","Type of Animal":"Pork"},"geometry":{"type":"Point","coordinates":[14.09361,52.66442]}},{"type":"Feature","properties":{"CountryName":"Germany","Type of Animal":"Chicken"},"geometry":{"type":"Point","coordinates":[13.94735,52.51796]}},{"type":"Feature","properties":{"CountryName":"Germany","Type of Animal":"Chicken"},"geometry":{"type":"Point","coordinates":[14.28935,52.65586]}},{"type":"Feature","properties":{"CountryName":"Germany","Type of Animal":"Pork"},"geometry":{"type":"Point","coordinates":[14.11184,52.48226]}},{"type":"Feature","properties":{"CountryName":"Germany","Type of Animal":"Chicken"},"geometry":{"type":"Point","coordinates":[14.34262,52.63204]}},{"type":"Feature","properties":{"CountryName":"Germany","Type of Animal":"Pork"},"geometry":{"type":"Point","coordinates":[14.54442,52.46125]}},{"type":"Feature","properties":{"CountryName":"Germany","Type of Animal":"Chicken"},"geometry":{"type":"Point","coordinates":[14.50308,52.5172]}},{"type":"Feature","properties":{"CountryName":"Germany","Type of Animal":"Pork"},"geometry":{"type":"Point","coordinates":[14.14659,52.52147]}},{"type":"Feature","properties":{"CountryName":"Germany","Type of Animal":"Pork"},"geometry":{"type":"Point","coordinates":[13.98192,52.5413]}},{"type":"Feature","properties":{"CountryName":"Germany","Type of Animal":"Chicken"},"geometry":{"type":"Point","coordinates":[14.20806,52.66719]}},{"type":"Feature","properties":{"CountryName":"Germany","Type of Animal":"Chicken"},"geometry":{"type":"Point","coordinates":[13.95689,52.27321]}},{"type":"Feature","properties":{"CountryName":"Germany","Type of Animal":"Chicken"},"geometry":{"type":"Point","coordinates":[13.91714,52.34096]}},{"type":"Feature","properties":{"CountryName":"Germany","Type of Animal":"Chicken"},"geometry":{"type":"Point","coordinates":[13.87201,53.49473]}},{"type":"Feature","properties":{"CountryName":"Germany","Type of Animal":"Chicken"},"geometry":{"type":"Point","coordinates":[14.30216,52.61749]}},{"type":"Feature","properties":{"CountryName":"Germany","Type of Animal":"Chicken"},"geometry":{"type":"Point","coordinates":[14.17507,52.74145]}},{"type":"Feature","properties":{"CountryName":"Germany","Type of Animal":"Chicken"},"geometry":{"type":"Point","coordinates":[13.87013,53.49472]}},{"type":"Feature","properties":{"CountryName":"Germany","Type of Animal":"Chicken"},"geometry":{"type":"Point","coordinates":[14.05343,52.69869]}},{"type":"Feature","properties":{"CountryName":"Germany","Type of Animal":"Chicken"},"geometry":{"type":"Point","coordinates":[14.12321,52.69415]}},{"type":"Feature","properties":{"CountryName":"Germany","Type of Animal":"Pork"},"geometry":{"type":"Point","coordinates":[13.63732,51.43092]}},{"type":"Feature","properties":{"CountryName":"Germany","Type of Animal":"Pork"},"geometry":{"type":"Point","coordinates":[14.26294,51.66494]}},{"type":"Feature","properties":{"CountryName":"Germany","Type of Animal":"Pork"},"geometry":{"type":"Point","coordinates":[13.62179,51.68996]}},{"type":"Feature","properties":{"CountryName":"Germany","Type of Animal":"Pork"},"geometry":{"type":"Point","coordinates":[13.62125,51.69121]}},{"type":"Feature","properties":{"CountryName":"Germany","Type of Animal":"Chicken"},"geometry":{"type":"Point","coordinates":[13.76347,51.65389]}},{"type":"Feature","properties":{"CountryName":"Germany","Type of Animal":"Pork"},"geometry":{"type":"Point","coordinates":[13.50055,51.65811]}},{"type":"Feature","properties":{"CountryName":"Germany","Type of Animal":"Pork"},"geometry":{"type":"Point","coordinates":[14.26956,51.65455]}},{"type":"Feature","properties":{"CountryName":"Germany","Type of Animal":"Pork"},"geometry":{"type":"Point","coordinates":[13.13632,51.61114]}},{"type":"Feature","properties":{"CountryName":"Germany","Type of Animal":"Pork"},"geometry":{"type":"Point","coordinates":[13.2041,51.61485]}},{"type":"Feature","properties":{"CountryName":"Germany","Type of Animal":"Pork"},"geometry":{"type":"Point","coordinates":[13.59683,51.55617]}},{"type":"Feature","properties":{"CountryName":"Germany","Type of Animal":"Pork"},"geometry":{"type":"Point","coordinates":[13.38638,51.48257]}},{"type":"Feature","properties":{"CountryName":"Germany","Type of Animal":"Pork"},"geometry":{"type":"Point","coordinates":[13.58709,51.40292]}},{"type":"Feature","properties":{"CountryName":"Germany","Type of Animal":"Pork"},"geometry":{"type":"Point","coordinates":[13.23012,51.45389]}},{"type":"Feature","properties":{"CountryName":"Germany","Type of Animal":"Pork"},"geometry":{"type":"Point","coordinates":[13.21643,51.56676]}},{"type":"Feature","properties":{"CountryName":"Germany","Type of Animal":"Pork"},"geometry":{"type":"Point","coordinates":[13.24167,51.63087]}},{"type":"Feature","properties":{"CountryName":"Germany","Type of Animal":"Pork"},"geometry":{"type":"Point","coordinates":[14.59761,51.66494]}},{"type":"Feature","properties":{"CountryName":"Germany","Type of Animal":"Pork"},"geometry":{"type":"Point","coordinates":[14.55961,51.93001]}},{"type":"Feature","properties":{"CountryName":"Germany","Type of Animal":"Pork"},"geometry":{"type":"Point","coordinates":[13.26709,51.59603]}},{"type":"Feature","properties":{"CountryName":"Germany","Type of Animal":"Chicken"},"geometry":{"type":"Point","coordinates":[13.1765,51.67861]}},{"type":"Feature","properties":{"CountryName":"Germany","Type of Animal":"Pork"},"geometry":{"type":"Point","coordinates":[13.31004,51.71226]}},{"type":"Feature","properties":{"CountryName":"Germany","Type of Animal":"Pork"},"geometry":{"type":"Point","coordinates":[13.24373,51.80227]}},{"type":"Feature","properties":{"CountryName":"Germany","Type of Animal":"Pork"},"geometry":{"type":"Point","coordinates":[14.31481,51.88705]}},{"type":"Feature","properties":{"CountryName":"Germany","Type of Animal":"Chicken"},"geometry":{"type":"Point","coordinates":[14.63062,51.93109]}},{"type":"Feature","properties":{"CountryName":"Germany","Type of Animal":"Pork"},"geometry":{"type":"Point","coordinates":[13.86311,51.395]}},{"type":"Feature","properties":{"CountryName":"Germany","Type of Animal":"Pork"},"geometry":{"type":"Point","coordinates":[13.86224,51.39531]}},{"type":"Feature","properties":{"CountryName":"Germany","Type of Animal":"Pork"},"geometry":{"type":"Point","coordinates":[14.09013,51.75353]}},{"type":"Feature","properties":{"CountryName":"Germany","Type of Animal":"Pork"},"geometry":{"type":"Point","coordinates":[14.09178,51.75424]}},{"type":"Feature","properties":{"CountryName":"Germany","Type of Animal":"Chicken"},"geometry":{"type":"Point","coordinates":[14.10588,51.76828]}},{"type":"Feature","properties":{"CountryName":"Germany","Type of Animal":"Chicken"},"geometry":{"type":"Point","coordinates":[14.44968,51.71469]}},{"type":"Feature","properties":{"CountryName":"Germany","Type of Animal":"Pork"},"geometry":{"type":"Point","coordinates":[14.5873,51.85107]}},{"type":"Feature","properties":{"CountryName":"Germany","Type of Animal":"Chicken"},"geometry":{"type":"Point","coordinates":[14.44645,51.69498]}},{"type":"Feature","properties":{"CountryName":"Germany","Type of Animal":"Pork"},"geometry":{"type":"Point","coordinates":[13.77683,51.46076]}},{"type":"Feature","properties":{"CountryName":"Germany","Type of Animal":"Pork"},"geometry":{"type":"Point","coordinates":[13.86299,51.71772]}},{"type":"Feature","properties":{"CountryName":"Germany","Type of Animal":"Pork"},"geometry":{"type":"Point","coordinates":[13.04977,52.11327]}},{"type":"Feature","properties":{"CountryName":"Germany","Type of Animal":"Chicken"},"geometry":{"type":"Point","coordinates":[13.61457,52.21725]}},{"type":"Feature","properties":{"CountryName":"Germany","Type of Animal":"Pork"},"geometry":{"type":"Point","coordinates":[13.23039,52.0581]}},{"type":"Feature","properties":{"CountryName":"Germany","Type of Animal":"Pork"},"geometry":{"type":"Point","coordinates":[13.55589,51.89384]}},{"type":"Feature","properties":{"CountryName":"Germany","Type of Animal":"Pork"},"geometry":{"type":"Point","coordinates":[13.06935,51.91815]}},{"type":"Feature","properties":{"CountryName":"Germany","Type of Animal":"Pork"},"geometry":{"type":"Point","coordinates":[13.38569,52.18294]}},{"type":"Feature","properties":{"CountryName":"Germany","Type of Animal":"Pork"},"geometry":{"type":"Point","coordinates":[12.99334,52.13822]}},{"type":"Feature","properties":{"CountryName":"Germany","Type of Animal":"Chicken"},"geometry":{"type":"Point","coordinates":[13.08386,52.02695]}},{"type":"Feature","properties":{"CountryName":"Germany","Type of Animal":"Pork"},"geometry":{"type":"Point","coordinates":[13.26556,51.85158]}},{"type":"Feature","properties":{"CountryName":"Germany","Type of Animal":"Pork"},"geometry":{"type":"Point","coordinates":[13.18411,51.95275]}},{"type":"Feature","properties":{"CountryName":"Germany","Type of Animal":"Pork"},"geometry":{"type":"Point","coordinates":[13.6335,51.82741]}},{"type":"Feature","properties":{"CountryName":"Germany","Type of Animal":"Chicken"},"geometry":{"type":"Point","coordinates":[12.99537,51.98536]}},{"type":"Feature","properties":{"CountryName":"Germany","Type of Animal":"Chicken"},"geometry":{"type":"Point","coordinates":[13.17798,52.19586]}},{"type":"Feature","properties":{"CountryName":"Germany","Type of Animal":"Chicken"},"geometry":{"type":"Point","coordinates":[13.67294,52.30546]}},{"type":"Feature","properties":{"CountryName":"Germany","Type of Animal":"Chicken"},"geometry":{"type":"Point","coordinates":[13.62605,52.27404]}},{"type":"Feature","properties":{"CountryName":"Germany","Type of Animal":"Pork"},"geometry":{"type":"Point","coordinates":[13.4607,51.89963]}},{"type":"Feature","properties":{"CountryName":"Germany","Type of Animal":"Chicken"},"geometry":{"type":"Point","coordinates":[13.11146,52.02802]}},{"type":"Feature","properties":{"CountryName":"Germany","Type of Animal":"Pork"},"geometry":{"type":"Point","coordinates":[14.07386,51.99537]}},{"type":"Feature","properties":{"CountryName":"Germany","Type of Animal":"Pork"},"geometry":{"type":"Point","coordinates":[13.83958,51.97432]}},{"type":"Feature","properties":{"CountryName":"Germany","Type of Animal":"Chicken"},"geometry":{"type":"Point","coordinates":[13.15123,51.93071]}},{"type":"Feature","properties":{"CountryName":"Germany","Type of Animal":"Chicken"},"geometry":{"type":"Point","coordinates":[13.59744,52.23654]}},{"type":"Feature","properties":{"CountryName":"Germany","Type of Animal":"Chicken"},"geometry":{"type":"Point","coordinates":[14.02252,51.94101]}},{"type":"Feature","properties":{"CountryName":"Germany","Type of Animal":"Chicken"},"geometry":{"type":"Point","coordinates":[13.31252,51.68273]}},{"type":"Feature","properties":{"CountryName":"Germany","Type of Animal":"Pork"},"geometry":{"type":"Point","coordinates":[13.04977,52.11327]}},{"type":"Feature","properties":{"CountryName":"Germany","Type of Animal":"Pork"},"geometry":{"type":"Point","coordinates":[12.99334,52.13822]}},{"type":"Feature","properties":{"CountryName":"Germany","Type of Animal":"Pork"},"geometry":{"type":"Point","coordinates":[9.65029,49.44637]}},{"type":"Feature","properties":{"CountryName":"Germany","Type of Animal":"Chicken"},"geometry":{"type":"Point","coordinates":[9.90383,49.19613]}},{"type":"Feature","properties":{"CountryName":"Germany","Type of Animal":"Chicken"},"geometry":{"type":"Point","coordinates":[10.17036,48.96764]}},{"type":"Feature","properties":{"CountryName":"Germany","Type of Animal":"Chicken"},"geometry":{"type":"Point","coordinates":[9.63864,48.65114]}},{"type":"Feature","properties":{"CountryName":"Germany","Type of Animal":"Chicken"},"geometry":{"type":"Point","coordinates":[10.0906,48.12791]}},{"type":"Feature","properties":{"CountryName":"Germany","Type of Animal":"Pork"},"geometry":{"type":"Point","coordinates":[8.6244,48.33859]}},{"type":"Feature","properties":{"CountryName":"Germany","Type of Animal":"Pork"},"geometry":{"type":"Point","coordinates":[10.06796,49.53663]}},{"type":"Feature","properties":{"CountryName":"Germany","Type of Animal":"Pork"},"geometry":{"type":"Point","coordinates":[10.23791,48.9532]}},{"type":"Feature","properties":{"CountryName":"Germany","Type of Animal":"Chicken"},"geometry":{"type":"Point","coordinates":[9.0015,48.96272]}},{"type":"Feature","properties":{"CountryName":"Germany","Type of Animal":"Chicken"},"geometry":{"type":"Point","coordinates":[9.03733,49.26948]}},{"type":"Feature","properties":{"CountryName":"Germany","Type of Animal":"Pork"},"geometry":{"type":"Point","coordinates":[9.84245,48.66469]}},{"type":"Feature","properties":{"CountryName":"Germany","Type of Animal":"Chicken"},"geometry":{"type":"Point","coordinates":[9.18586,48.2148]}},{"type":"Feature","properties":{"CountryName":"Germany","Type of Animal":"Pork"},"geometry":{"type":"Point","coordinates":[9.8574,48.05993]}},{"type":"Feature","properties":{"CountryName":"Germany","Type of Animal":"Pork"},"geometry":{"type":"Point","coordinates":[9.95733,48.15579]}},{"type":"Feature","properties":{"CountryName":"Germany","Type of Animal":"Pork"},"geometry":{"type":"Point","coordinates":[9.90289,48.07915]}},{"type":"Feature","properties":{"CountryName":"Germany","Type of Animal":"Chicken"},"geometry":{"type":"Point","coordinates":[9.93823,48.51766]}},{"type":"Feature","properties":{"CountryName":"Germany","Type of Animal":"Chicken"},"geometry":{"type":"Point","coordinates":[9.85467,48.55213]}},{"type":"Feature","properties":{"CountryName":"Germany","Type of Animal":"Pork"},"geometry":{"type":"Point","coordinates":[9.85465,48.20427]}},{"type":"Feature","properties":{"CountryName":"Germany","Type of Animal":"Chicken"},"geometry":{"type":"Point","coordinates":[9.2031,47.93724]}},{"type":"Feature","properties":{"CountryName":"Germany","Type of Animal":"Pork"},"geometry":{"type":"Point","coordinates":[9.74799,48.34198]}},{"type":"Feature","properties":{"CountryName":"Germany","Type of Animal":"Pork"},"geometry":{"type":"Point","coordinates":[9.50585,47.98258]}},{"type":"Feature","properties":{"CountryName":"Germany","Type of Animal":"Chicken"},"geometry":{"type":"Point","coordinates":[10.08906,48.47158]}},{"type":"Feature","properties":{"CountryName":"Germany","Type of Animal":"Pork"},"geometry":{"type":"Point","coordinates":[9.15385,47.99711]}},{"type":"Feature","properties":{"CountryName":"Germany","Type of Animal":"Pork"},"geometry":{"type":"Point","coordinates":[9.90624,48.01635]}},{"type":"Feature","properties":{"CountryName":"Germany","Type of Animal":"Pork"},"geometry":{"type":"Point","coordinates":[9.34259,47.93864]}},{"type":"Feature","properties":{"CountryName":"Germany","Type of Animal":"Pork"},"geometry":{"type":"Point","coordinates":[9.94274,49.27704]}},{"type":"Feature","properties":{"CountryName":"Germany","Type of Animal":"Pork"},"geometry":{"type":"Point","coordinates":[9.4825,49.44455]}},{"type":"Feature","properties":{"CountryName":"Germany","Type of Animal":"Chicken"},"geometry":{"type":"Point","coordinates":[9.04081,49.26503]}},{"type":"Feature","properties":{"CountryName":"Germany","Type of Animal":"Chicken"},"geometry":{"type":"Point","coordinates":[9.63672,48.50931]}},{"type":"Feature","properties":{"CountryName":"Germany","Type of Animal":"Chicken"},"geometry":{"type":"Point","coordinates":[9.4545,48.17508]}},{"type":"Feature","properties":{"CountryName":"Germany","Type of Animal":"Chicken"},"geometry":{"type":"Point","coordinates":[9.2031,47.93724]}},{"type":"Feature","properties":{"CountryName":"Germany","Type of Animal":"Pork"},"geometry":{"type":"Point","coordinates":[9.54583,47.78161]}},{"type":"Feature","properties":{"CountryName":"Germany","Type of Animal":"Chicken"},"geometry":{"type":"Point","coordinates":[10.26183,48.95635]}},{"type":"Feature","properties":{"CountryName":"Germany","Type of Animal":"Chicken"},"geometry":{"type":"Point","coordinates":[10.25745,48.95748]}},{"type":"Feature","properties":{"CountryName":"Germany","Type of Animal":"Chicken"},"geometry":{"type":"Point","coordinates":[10.08686,48.16098]}},{"type":"Feature","properties":{"CountryName":"Germany","Type of Animal":"Pork"},"geometry":{"type":"Point","coordinates":[10.4371,48.91763]}},{"type":"Feature","properties":{"CountryName":"Germany","Type of Animal":"Chicken"},"geometry":{"type":"Point","coordinates":[10.24977,48.70572]}},{"type":"Feature","properties":{"CountryName":"Germany","Type of Animal":"Chicken"},"geometry":{"type":"Point","coordinates":[10.2831,49.02347]}},{"type":"Feature","properties":{"CountryName":"Germany","Type of Animal":"Chicken"},"geometry":{"type":"Point","coordinates":[12.69265373,48.10677815]}},{"type":"Feature","properties":{"CountryName":"Germany","Type of Animal":"Chicken"},"geometry":{"type":"Point","coordinates":[12.66420702,48.19220821]}},{"type":"Feature","properties":{"CountryName":"Germany","Type of Animal":"Chicken"},"geometry":{"type":"Point","coordinates":[11.2685149,48.35916664]}},{"type":"Feature","properties":{"CountryName":"Germany","Type of Animal":"Chicken"},"geometry":{"type":"Point","coordinates":[12.52643439,48.16090534]}},{"type":"Feature","properties":{"CountryName":"Germany","Type of Animal":"Chicken"},"geometry":{"type":"Point","coordinates":[12.34728784,48.28586784]}},{"type":"Feature","properties":{"CountryName":"Germany","Type of Animal":"Chicken"},"geometry":{"type":"Point","coordinates":[12.37160014,48.20933502]}},{"type":"Feature","properties":{"CountryName":"Germany","Type of Animal":"Pork"},"geometry":{"type":"Point","coordinates":[11.33645256,48.55247316]}},{"type":"Feature","properties":{"CountryName":"Germany","Type of Animal":"Chicken"},"geometry":{"type":"Point","coordinates":[11.58319938,48.57395668]}},{"type":"Feature","properties":{"CountryName":"Germany","Type of Animal":"Chicken"},"geometry":{"type":"Point","coordinates":[12.54925299,48.15730451]}},{"type":"Feature","properties":{"CountryName":"Germany","Type of Animal":"Chicken"},"geometry":{"type":"Point","coordinates":[12.50160232,48.12315058]}},{"type":"Feature","properties":{"CountryName":"Germany","Type of Animal":"Chicken"},"geometry":{"type":"Point","coordinates":[12.45040423,48.11347047]}},{"type":"Feature","properties":{"CountryName":"Germany","Type of Animal":"Chicken"},"geometry":{"type":"Point","coordinates":[12.80509773,48.79425348]}},{"type":"Feature","properties":{"CountryName":"Germany","Type of Animal":"Chicken"},"geometry":{"type":"Point","coordinates":[12.77970796,48.78879109]}},{"type":"Feature","properties":{"CountryName":"Germany","Type of Animal":"Pork"},"geometry":{"type":"Point","coordinates":[11.73968311,48.84430795]}},{"type":"Feature","properties":{"CountryName":"Germany","Type of Animal":"Pork"},"geometry":{"type":"Point","coordinates":[11.98686944,48.75426187]}},{"type":"Feature","properties":{"CountryName":"Germany","Type of Animal":"Chicken"},"geometry":{"type":"Point","coordinates":[11.7601525,48.91060565]}},{"type":"Feature","properties":{"CountryName":"Germany","Type of Animal":"Chicken"},"geometry":{"type":"Point","coordinates":[11.98545455,48.86889105]}},{"type":"Feature","properties":{"CountryName":"Germany","Type of Animal":"Pork"},"geometry":{"type":"Point","coordinates":[11.96070558,48.74969203]}},{"type":"Feature","properties":{"CountryName":"Germany","Type of Animal":"Chicken"},"geometry":{"type":"Point","coordinates":[12.28849601,48.56544171]}},{"type":"Feature","properties":{"CountryName":"Germany","Type of Animal":"Chicken"},"geometry":{"type":"Point","coordinates":[12.44420335,48.4610833]}},{"type":"Feature","properties":{"CountryName":"Germany","Type of Animal":"Chicken"},"geometry":{"type":"Point","coordinates":[12.3039965,48.37604325]}},{"type":"Feature","properties":{"CountryName":"Germany","Type of Animal":"Chicken"},"geometry":{"type":"Point","coordinates":[12.29371544,48.53081143]}},{"type":"Feature","properties":{"CountryName":"Germany","Type of Animal":"Chicken"},"geometry":{"type":"Point","coordinates":[12.29391988,48.53333406]}},{"type":"Feature","properties":{"CountryName":"Germany","Type of Animal":"Pork"},"geometry":{"type":"Point","coordinates":[12.06091918,48.65634729]}},{"type":"Feature","properties":{"CountryName":"Germany","Type of Animal":"Pork"},"geometry":{"type":"Point","coordinates":[12.08332392,48.62422981]}},{"type":"Feature","properties":{"CountryName":"Germany","Type of Animal":"Chicken"},"geometry":{"type":"Point","coordinates":[12.27355849,48.36287692]}},{"type":"Feature","properties":{"CountryName":"Germany","Type of Animal":"Pork"},"geometry":{"type":"Point","coordinates":[12.0028362,48.6442999]}},{"type":"Feature","properties":{"CountryName":"Germany","Type of Animal":"Chicken"},"geometry":{"type":"Point","coordinates":[12.45181897,48.51086797]}},{"type":"Feature","properties":{"CountryName":"Germany","Type of Animal":"Chicken"},"geometry":{"type":"Point","coordinates":[12.44511334,48.48689045]}},{"type":"Feature","properties":{"CountryName":"Germany","Type of Animal":"Pork"},"geometry":{"type":"Point","coordinates":[12.11377109,48.64985461]}},{"type":"Feature","properties":{"CountryName":"Germany","Type of Animal":"Chicken"},"geometry":{"type":"Point","coordinates":[12.14949206,48.64386167]}},{"type":"Feature","properties":{"CountryName":"Germany","Type of Animal":"Pork"},"geometry":{"type":"Point","coordinates":[12.09224304,48.68504966]}},{"type":"Feature","properties":{"CountryName":"Germany","Type of Animal":"Chicken"},"geometry":{"type":"Point","coordinates":[12.29706705,48.3760353]}},{"type":"Feature","properties":{"CountryName":"Germany","Type of Animal":"Pork"},"geometry":{"type":"Point","coordinates":[12.19613028,48.72534738]}},{"type":"Feature","properties":{"CountryName":"Germany","Type of Animal":"Pork"},"geometry":{"type":"Point","coordinates":[12.25109223,48.62120423]}},{"type":"Feature","properties":{"CountryName":"Germany","Type of Animal":"Pork"},"geometry":{"type":"Point","coordinates":[12.11407102,48.65031438]}},{"type":"Feature","properties":{"CountryName":"Germany","Type of Animal":"Pork"},"geometry":{"type":"Point","coordinates":[12.21622987,48.6018486]}},{"type":"Feature","properties":{"CountryName":"Germany","Type of Animal":"Pork"},"geometry":{"type":"Point","coordinates":[12.06157456,48.65483623]}},{"type":"Feature","properties":{"CountryName":"Germany","Type of Animal":"Pork"},"geometry":{"type":"Point","coordinates":[12.05193551,48.65017047]}},{"type":"Feature","properties":{"CountryName":"Germany","Type of Animal":"Pork"},"geometry":{"type":"Point","coordinates":[12.17888557,48.50877625]}},{"type":"Feature","properties":{"CountryName":"Germany","Type of Animal":"Chicken"},"geometry":{"type":"Point","coordinates":[12.27588479,48.67078197]}},{"type":"Feature","properties":{"CountryName":"Germany","Type of Animal":"Chicken"},"geometry":{"type":"Point","coordinates":[12.41350944,48.38048213]}},{"type":"Feature","properties":{"CountryName":"Germany","Type of Animal":"Pork"},"geometry":{"type":"Point","coordinates":[12.17474114,48.62949996]}},{"type":"Feature","properties":{"CountryName":"Germany","Type of Animal":"Pork"},"geometry":{"type":"Point","coordinates":[12.15377325,48.62673837]}},{"type":"Feature","properties":{"CountryName":"Germany","Type of Animal":"Pork"},"geometry":{"type":"Point","coordinates":[12.21158915,48.37698004]}},{"type":"Feature","properties":{"CountryName":"Germany","Type of Animal":"Pork"},"geometry":{"type":"Point","coordinates":[12.04755706,48.6728079]}},{"type":"Feature","properties":{"CountryName":"Germany","Type of Animal":"Pork"},"geometry":{"type":"Point","coordinates":[12.04548332,48.62625432]}},{"type":"Feature","properties":{"CountryName":"Germany","Type of Animal":"Pork"},"geometry":{"type":"Point","coordinates":[12.15481834,48.62543201]}},{"type":"Feature","properties":{"CountryName":"Germany","Type of Animal":"Pork"},"geometry":{"type":"Point","coordinates":[12.20256603,48.63610717]}},{"type":"Feature","properties":{"CountryName":"Germany","Type of Animal":"Pork"},"geometry":{"type":"Point","coordinates":[12.11677501,48.73679104]}},{"type":"Feature","properties":{"CountryName":"Germany","Type of Animal":"Pork"},"geometry":{"type":"Point","coordinates":[12.11498957,48.74047445]}},{"type":"Feature","properties":{"CountryName":"Germany","Type of Animal":"Pork"},"geometry":{"type":"Point","coordinates":[13.22770043,48.36358087]}},{"type":"Feature","properties":{"CountryName":"Germany","Type of Animal":"Pork"},"geometry":{"type":"Point","coordinates":[13.24896203,48.41531721]}},{"type":"Feature","properties":{"CountryName":"Germany","Type of Animal":"Chicken"},"geometry":{"type":"Point","coordinates":[13.23182629,48.51823725]}},{"type":"Feature","properties":{"CountryName":"Germany","Type of Animal":"Pork"},"geometry":{"type":"Point","coordinates":[13.29357353,48.48578034]}},{"type":"Feature","properties":{"CountryName":"Germany","Type of Animal":"Chicken"},"geometry":{"type":"Point","coordinates":[12.80640908,48.48670671]}},{"type":"Feature","properties":{"CountryName":"Germany","Type of Animal":"Chicken"},"geometry":{"type":"Point","coordinates":[12.78626446,48.47687948]}},{"type":"Feature","properties":{"CountryName":"Germany","Type of Animal":"Chicken"},"geometry":{"type":"Point","coordinates":[12.48508306,48.47342084]}},{"type":"Feature","properties":{"CountryName":"Germany","Type of Animal":"Chicken"},"geometry":{"type":"Point","coordinates":[13.09154924,48.29442985]}},{"type":"Feature","properties":{"CountryName":"Germany","Type of Animal":"Chicken"},"geometry":{"type":"Point","coordinates":[12.64800868,48.40175742]}},{"type":"Feature","properties":{"CountryName":"Germany","Type of Animal":"Chicken"},"geometry":{"type":"Point","coordinates":[12.65534335,48.40848933]}},{"type":"Feature","properties":{"CountryName":"Germany","Type of Animal":"Chicken"},"geometry":{"type":"Point","coordinates":[12.58567326,48.51310625]}},{"type":"Feature","properties":{"CountryName":"Germany","Type of Animal":"Chicken"},"geometry":{"type":"Point","coordinates":[12.76005752,48.51320396]}},{"type":"Feature","properties":{"CountryName":"Germany","Type of Animal":"Chicken"},"geometry":{"type":"Point","coordinates":[12.63486842,48.3920323]}},{"type":"Feature","properties":{"CountryName":"Germany","Type of Animal":"Chicken"},"geometry":{"type":"Point","coordinates":[12.85325402,48.42217128]}},{"type":"Feature","properties":{"CountryName":"Germany","Type of Animal":"Chicken"},"geometry":{"type":"Point","coordinates":[12.63201402,48.39596501]}},{"type":"Feature","properties":{"CountryName":"Germany","Type of Animal":"Chicken"},"geometry":{"type":"Point","coordinates":[12.64272507,48.40157409]}},{"type":"Feature","properties":{"CountryName":"Germany","Type of Animal":"Chicken"},"geometry":{"type":"Point","coordinates":[12.60892473,48.43588163]}},{"type":"Feature","properties":{"CountryName":"Germany","Type of Animal":"Chicken"},"geometry":{"type":"Point","coordinates":[12.80567035,48.43744447]}},{"type":"Feature","properties":{"CountryName":"Germany","Type of Animal":"Chicken"},"geometry":{"type":"Point","coordinates":[12.59344496,48.46025797]}},{"type":"Feature","properties":{"CountryName":"Germany","Type of Animal":"Chicken"},"geometry":{"type":"Point","coordinates":[12.61949895,48.40372983]}},{"type":"Feature","properties":{"CountryName":"Germany","Type of Animal":"Chicken"},"geometry":{"type":"Point","coordinates":[12.71898097,48.53430131]}},{"type":"Feature","properties":{"CountryName":"Germany","Type of Animal":"Chicken"},"geometry":{"type":"Point","coordinates":[12.82615192,48.50942117]}},{"type":"Feature","properties":{"CountryName":"Germany","Type of Animal":"Chicken"},"geometry":{"type":"Point","coordinates":[12.74417821,48.43543303]}},{"type":"Feature","properties":{"CountryName":"Germany","Type of Animal":"Chicken"},"geometry":{"type":"Point","coordinates":[12.58789111,48.42755959]}},{"type":"Feature","properties":{"CountryName":"Germany","Type of Animal":"Chicken"},"geometry":{"type":"Point","coordinates":[13.02539384,48.47670723]}},{"type":"Feature","properties":{"CountryName":"Germany","Type of Animal":"Chicken"},"geometry":{"type":"Point","coordinates":[13.11292395,48.2898864]}},{"type":"Feature","properties":{"CountryName":"Germany","Type of Animal":"Chicken"},"geometry":{"type":"Point","coordinates":[13.06704269,48.28694917]}},{"type":"Feature","properties":{"CountryName":"Germany","Type of Animal":"Chicken"},"geometry":{"type":"Point","coordinates":[12.76422961,48.89005411]}},{"type":"Feature","properties":{"CountryName":"Germany","Type of Animal":"Chicken"},"geometry":{"type":"Point","coordinates":[12.74103298,48.89865662]}},{"type":"Feature","properties":{"CountryName":"Germany","Type of Animal":"Chicken"},"geometry":{"type":"Point","coordinates":[12.51575995,48.96121754]}},{"type":"Feature","properties":{"CountryName":"Germany","Type of Animal":"Chicken"},"geometry":{"type":"Point","coordinates":[12.78420236,48.85332466]}},{"type":"Feature","properties":{"CountryName":"Germany","Type of Animal":"Chicken"},"geometry":{"type":"Point","coordinates":[12.77893554,48.86051646]}},{"type":"Feature","properties":{"CountryName":"Germany","Type of Animal":"Chicken"},"geometry":{"type":"Point","coordinates":[12.80239732,48.87244088]}},{"type":"Feature","properties":{"CountryName":"Germany","Type of Animal":"Chicken"},"geometry":{"type":"Point","coordinates":[12.83864577,48.83669263]}},{"type":"Feature","properties":{"CountryName":"Germany","Type of Animal":"Chicken"},"geometry":{"type":"Point","coordinates":[12.37194835,48.81907522]}},{"type":"Feature","properties":{"CountryName":"Germany","Type of Animal":"Chicken"},"geometry":{"type":"Point","coordinates":[12.44295487,48.86578824]}},{"type":"Feature","properties":{"CountryName":"Germany","Type of Animal":"Pork"},"geometry":{"type":"Point","coordinates":[12.3088743,48.75100008]}},{"type":"Feature","properties":{"CountryName":"Germany","Type of Animal":"Pork"},"geometry":{"type":"Point","coordinates":[12.18324158,48.74865799]}},{"type":"Feature","properties":{"CountryName":"Germany","Type of Animal":"Chicken"},"geometry":{"type":"Point","coordinates":[12.73477358,48.90201822]}},{"type":"Feature","properties":{"CountryName":"Germany","Type of Animal":"Chicken"},"geometry":{"type":"Point","coordinates":[12.38322169,48.79689742]}},{"type":"Feature","properties":{"CountryName":"Germany","Type of Animal":"Chicken"},"geometry":{"type":"Point","coordinates":[12.58493746,48.55616907]}},{"type":"Feature","properties":{"CountryName":"Germany","Type of Animal":"Pork"},"geometry":{"type":"Point","coordinates":[12.41891209,48.70003137]}},{"type":"Feature","properties":{"CountryName":"Germany","Type of Animal":"Chicken"},"geometry":{"type":"Point","coordinates":[12.78304769,48.7131744]}},{"type":"Feature","properties":{"CountryName":"Germany","Type of Animal":"Chicken"},"geometry":{"type":"Point","coordinates":[12.49001121,48.59749418]}},{"type":"Feature","properties":{"CountryName":"Germany","Type of Animal":"Chicken"},"geometry":{"type":"Point","coordinates":[12.41495882,48.56182826]}},{"type":"Feature","properties":{"CountryName":"Germany","Type of Animal":"Pork"},"geometry":{"type":"Point","coordinates":[12.44066482,48.61714838]}},{"type":"Feature","properties":{"CountryName":"Germany","Type of Animal":"Pork"},"geometry":{"type":"Point","coordinates":[12.77047756,48.68765307]}},{"type":"Feature","properties":{"CountryName":"Germany","Type of Animal":"Pork"},"geometry":{"type":"Point","coordinates":[12.68026674,48.54583254]}},{"type":"Feature","properties":{"CountryName":"Germany","Type of Animal":"Chicken"},"geometry":{"type":"Point","coordinates":[12.64177882,48.63445173]}},{"type":"Feature","properties":{"CountryName":"Germany","Type of Animal":"Chicken"},"geometry":{"type":"Point","coordinates":[11.46081474,49.1530907]}},{"type":"Feature","properties":{"CountryName":"Germany","Type of Animal":"Chicken"},"geometry":{"type":"Point","coordinates":[11.4234622,49.15524862]}},{"type":"Feature","properties":{"CountryName":"Germany","Type of Animal":"Chicken"},"geometry":{"type":"Point","coordinates":[11.43400293,49.18111671]}},{"type":"Feature","properties":{"CountryName":"Germany","Type of Animal":"Chicken"},"geometry":{"type":"Point","coordinates":[11.74028296,49.20233884]}},{"type":"Feature","properties":{"CountryName":"Germany","Type of Animal":"Chicken"},"geometry":{"type":"Point","coordinates":[11.74028296,49.20233884]}},{"type":"Feature","properties":{"CountryName":"Germany","Type of Animal":"Chicken"},"geometry":{"type":"Point","coordinates":[12.39814208,48.94828032]}},{"type":"Feature","properties":{"CountryName":"Germany","Type of Animal":"Chicken"},"geometry":{"type":"Point","coordinates":[12.13900213,49.13803609]}},{"type":"Feature","properties":{"CountryName":"Germany","Type of Animal":"Chicken"},"geometry":{"type":"Point","coordinates":[12.02707446,49.08484886]}},{"type":"Feature","properties":{"CountryName":"Germany","Type of Animal":"Chicken"},"geometry":{"type":"Point","coordinates":[12.2756144,48.92238818]}},{"type":"Feature","properties":{"CountryName":"Germany","Type of Animal":"Chicken"},"geometry":{"type":"Point","coordinates":[12.05652856,49.15599605]}},{"type":"Feature","properties":{"CountryName":"Germany","Type of Animal":"Chicken"},"geometry":{"type":"Point","coordinates":[12.07250338,49.14392927]}},{"type":"Feature","properties":{"CountryName":"Germany","Type of Animal":"Chicken"},"geometry":{"type":"Point","coordinates":[12.05332099,49.16093948]}},{"type":"Feature","properties":{"CountryName":"Germany","Type of Animal":"Chicken"},"geometry":{"type":"Point","coordinates":[12.32607337,48.96357399]}},{"type":"Feature","properties":{"CountryName":"Germany","Type of Animal":"Chicken"},"geometry":{"type":"Point","coordinates":[12.38225219,48.95814161]}},{"type":"Feature","properties":{"CountryName":"Germany","Type of Animal":"Chicken"},"geometry":{"type":"Point","coordinates":[12.43719989,48.94888533]}},{"type":"Feature","properties":{"CountryName":"Germany","Type of Animal":"Chicken"},"geometry":{"type":"Point","coordinates":[11.82020737,49.11136175]}},{"type":"Feature","properties":{"CountryName":"Germany","Type of Animal":"Chicken"},"geometry":{"type":"Point","coordinates":[11.82020737,49.11136175]}},{"type":"Feature","properties":{"CountryName":"Germany","Type of Animal":"Chicken"},"geometry":{"type":"Point","coordinates":[11.82020737,49.11136175]}},{"type":"Feature","properties":{"CountryName":"Germany","Type of Animal":"Chicken"},"geometry":{"type":"Point","coordinates":[12.0126992,49.32410753]}},{"type":"Feature","properties":{"CountryName":"Germany","Type of Animal":"Chicken"},"geometry":{"type":"Point","coordinates":[12.28956686,49.22465185]}},{"type":"Feature","properties":{"CountryName":"Germany","Type of Animal":"Chicken"},"geometry":{"type":"Point","coordinates":[12.2833714,49.22071648]}},{"type":"Feature","properties":{"CountryName":"Germany","Type of Animal":"Chicken"},"geometry":{"type":"Point","coordinates":[12.24579289,49.25344138]}},{"type":"Feature","properties":{"CountryName":"Germany","Type of Animal":"Chicken"},"geometry":{"type":"Point","coordinates":[12.2471795,49.25613757]}},{"type":"Feature","properties":{"CountryName":"Germany","Type of Animal":"Chicken"},"geometry":{"type":"Point","coordinates":[12.24989181,49.25118466]}},{"type":"Feature","properties":{"CountryName":"Germany","Type of Animal":"Chicken"},"geometry":{"type":"Point","coordinates":[12.27621482,49.22922451]}},{"type":"Feature","properties":{"CountryName":"Germany","Type of Animal":"Chicken"},"geometry":{"type":"Point","coordinates":[12.2341764,49.21746317]}},{"type":"Feature","properties":{"CountryName":"Germany","Type of Animal":"Chicken"},"geometry":{"type":"Point","coordinates":[12.2342108,49.22387733]}},{"type":"Feature","properties":{"CountryName":"Germany","Type of Animal":"Chicken"},"geometry":{"type":"Point","coordinates":[12.28935857,49.84171584]}},{"type":"Feature","properties":{"CountryName":"Germany","Type of Animal":"Chicken"},"geometry":{"type":"Point","coordinates":[12.37975137,49.82887418]}},{"type":"Feature","properties":{"CountryName":"Germany","Type of Animal":"Chicken"},"geometry":{"type":"Point","coordinates":[10.89247637,50.12638797]}},{"type":"Feature","properties":{"CountryName":"Germany","Type of Animal":"Chicken"},"geometry":{"type":"Point","coordinates":[10.60131861,49.35056685]}},{"type":"Feature","properties":{"CountryName":"Germany","Type of Animal":"Pork"},"geometry":{"type":"Point","coordinates":[10.23875264,49.44855489]}},{"type":"Feature","properties":{"CountryName":"Germany","Type of Animal":"Pork"},"geometry":{"type":"Point","coordinates":[0,0]}},{"type":"Feature","properties":{"CountryName":"Germany","Type of Animal":"Chicken"},"geometry":{"type":"Point","coordinates":[10.30620752,49.56588344]}},{"type":"Feature","properties":{"CountryName":"Germany","Type of Animal":"Pork"},"geometry":{"type":"Point","coordinates":[10.1198147,49.48806013]}},{"type":"Feature","properties":{"CountryName":"Germany","Type of Animal":"Chicken"},"geometry":{"type":"Point","coordinates":[10.59336309,49.72215663]}},{"type":"Feature","properties":{"CountryName":"Germany","Type of Animal":"Pork"},"geometry":{"type":"Point","coordinates":[10.33042803,49.52125243]}},{"type":"Feature","properties":{"CountryName":"Germany","Type of Animal":"Chicken"},"geometry":{"type":"Point","coordinates":[11.28900847,49.22379302]}},{"type":"Feature","properties":{"CountryName":"Germany","Type of Animal":"Pork"},"geometry":{"type":"Point","coordinates":[11.07386096,49.0976467]}},{"type":"Feature","properties":{"CountryName":"Germany","Type of Animal":"Pork"},"geometry":{"type":"Point","coordinates":[10.7682265,48.91914032]}},{"type":"Feature","properties":{"CountryName":"Germany","Type of Animal":"Pork"},"geometry":{"type":"Point","coordinates":[10.16926986,49.60545097]}},{"type":"Feature","properties":{"CountryName":"Germany","Type of Animal":"Pork"},"geometry":{"type":"Point","coordinates":[10.23789718,49.74319584]}},{"type":"Feature","properties":{"CountryName":"Germany","Type of Animal":"Pork"},"geometry":{"type":"Point","coordinates":[10.02082449,49.66895579]}},{"type":"Feature","properties":{"CountryName":"Germany","Type of Animal":"Pork"},"geometry":{"type":"Point","coordinates":[10.01968895,49.56350983]}},{"type":"Feature","properties":{"CountryName":"Germany","Type of Animal":"Pork"},"geometry":{"type":"Point","coordinates":[11.04322032,48.26980923]}},{"type":"Feature","properties":{"CountryName":"Germany","Type of Animal":"Pork"},"geometry":{"type":"Point","coordinates":[11.14585436,48.40816327]}},{"type":"Feature","properties":{"CountryName":"Germany","Type of Animal":"Pork"},"geometry":{"type":"Point","coordinates":[11.01333923,48.29100344]}},{"type":"Feature","properties":{"CountryName":"Germany","Type of Animal":"Pork"},"geometry":{"type":"Point","coordinates":[11.0095664,48.43447677]}},{"type":"Feature","properties":{"CountryName":"Germany","Type of Animal":"Pork"},"geometry":{"type":"Point","coordinates":[10.97280825,48.2261782]}},{"type":"Feature","properties":{"CountryName":"Germany","Type of Animal":"Pork"},"geometry":{"type":"Point","coordinates":[10.78627809,48.57471592]}},{"type":"Feature","properties":{"CountryName":"Germany","Type of Animal":"Pork"},"geometry":{"type":"Point","coordinates":[10.83979757,48.51549209]}},{"type":"Feature","properties":{"CountryName":"Germany","Type of Animal":"Pork"},"geometry":{"type":"Point","coordinates":[10.86239437,48.60505254]}},{"type":"Feature","properties":{"CountryName":"Germany","Type of Animal":"Pork"},"geometry":{"type":"Point","coordinates":[10.51349068,48.5539836]}},{"type":"Feature","properties":{"CountryName":"Germany","Type of Animal":"Pork"},"geometry":{"type":"Point","coordinates":[10.50890473,48.60390331]}},{"type":"Feature","properties":{"CountryName":"Germany","Type of Animal":"Chicken"},"geometry":{"type":"Point","coordinates":[10.720917,48.54876618]}},{"type":"Feature","properties":{"CountryName":"Germany","Type of Animal":"Pork"},"geometry":{"type":"Point","coordinates":[10.4190355,48.59666115]}},{"type":"Feature","properties":{"CountryName":"Germany","Type of Animal":"Pork"},"geometry":{"type":"Point","coordinates":[10.66457881,48.5154698]}},{"type":"Feature","properties":{"CountryName":"Germany","Type of Animal":"Chicken"},"geometry":{"type":"Point","coordinates":[10.39406405,48.61237733]}},{"type":"Feature","properties":{"CountryName":"Germany","Type of Animal":"Pork"},"geometry":{"type":"Point","coordinates":[10.04523708,48.34580479]}},{"type":"Feature","properties":{"CountryName":"Germany","Type of Animal":"Chicken"},"geometry":{"type":"Point","coordinates":[10.1125466,48.36393181]}},{"type":"Feature","properties":{"CountryName":"Germany","Type of Animal":"Chicken"},"geometry":{"type":"Point","coordinates":[10.10234878,48.34745784]}},{"type":"Feature","properties":{"CountryName":"Germany","Type of Animal":"Pork"},"geometry":{"type":"Point","coordinates":[10.68587114,48.71117116]}},{"type":"Feature","properties":{"CountryName":"Germany","Type of Animal":"Chicken"},"geometry":{"type":"Point","coordinates":[12.72818589,48.84011584]}},{"type":"Feature","properties":{"CountryName":"Germany","Type of Animal":"Chicken"},"geometry":{"type":"Point","coordinates":[11.65078205,48.79531977]}},{"type":"Feature","properties":{"CountryName":"Germany","Type of Animal":"Pork"},"geometry":{"type":"Point","coordinates":[10.49954926,49.44566486]}},{"type":"Feature","properties":{"CountryName":"Germany","Type of Animal":"Chicken"},"geometry":{"type":"Point","coordinates":[10.9002054,50.07847251]}},{"type":"Feature","properties":{"CountryName":"Germany","Type of Animal":"Pork"},"geometry":{"type":"Point","coordinates":[11.0682643,50.24695078]}},{"type":"Feature","properties":{"CountryName":"Germany","Type of Animal":"Pork"},"geometry":{"type":"Point","coordinates":[10.28863706,49.51938676]}},{"type":"Feature","properties":{"CountryName":"Germany","Type of Animal":"Chicken"},"geometry":{"type":"Point","coordinates":[12.72380235,48.57097679]}},{"type":"Feature","properties":{"CountryName":"Germany","Type of Animal":"Pork"},"geometry":{"type":"Point","coordinates":[12.15182492,48.58370963]}},{"type":"Feature","properties":{"CountryName":"Germany","Type of Animal":"Chicken"},"geometry":{"type":"Point","coordinates":[12.686901,48.19805087]}},{"type":"Feature","properties":{"CountryName":"Germany","Type of Animal":"Chicken"},"geometry":{"type":"Point","coordinates":[8.840789288,50.04292986]}},{"type":"Feature","properties":{"CountryName":"Germany","Type of Animal":"Chicken"},"geometry":{"type":"Point","coordinates":[8.804933995,49.85433093]}},{"type":"Feature","properties":{"CountryName":"Germany","Type of Animal":"Chicken"},"geometry":{"type":"Point","coordinates":[9.610951184,50.29437505]}},{"type":"Feature","properties":{"CountryName":"Germany","Type of Animal":"Chicken"},"geometry":{"type":"Point","coordinates":[9.72032298,50.35134434]}},{"type":"Feature","properties":{"CountryName":"Germany","Type of Animal":"Pork"},"geometry":{"type":"Point","coordinates":[9.329145046,51.09852634]}},{"type":"Feature","properties":{"CountryName":"Germany","Type of Animal":"Chicken"},"geometry":{"type":"Point","coordinates":[9.256762808,50.83696099]}},{"type":"Feature","properties":{"CountryName":"Germany","Type of Animal":"Chicken"},"geometry":{"type":"Point","coordinates":[9.137567236,51.35110274]}},{"type":"Feature","properties":{"CountryName":"Germany","Type of Animal":"Chicken"},"geometry":{"type":"Point","coordinates":[9.589526569,51.26679285]}},{"type":"Feature","properties":{"CountryName":"Germany","Type of Animal":"Chicken"},"geometry":{"type":"Point","coordinates":[9.236190283,51.36219438]}},{"type":"Feature","properties":{"CountryName":"Germany","Type of Animal":"Chicken"},"geometry":{"type":"Point","coordinates":[9.402859709,51.46656753]}},{"type":"Feature","properties":{"CountryName":"Germany","Type of Animal":"Chicken"},"geometry":{"type":"Point","coordinates":[9.485846672,50.46657057]}},{"type":"Feature","properties":{"CountryName":"Germany","Type of Animal":"Chicken"},"geometry":{"type":"Point","coordinates":[9.778794892,50.43964429]}},{"type":"Feature","properties":{"CountryName":"Germany","Type of Animal":"Pork"},"geometry":{"type":"Point","coordinates":[9.38125653,51.20936005]}},{"type":"Feature","properties":{"CountryName":"Germany","Type of Animal":"Chicken"},"geometry":{"type":"Point","coordinates":[9.125055216,51.20683894]}},{"type":"Feature","properties":{"CountryName":"Germany","Type of Animal":"Chicken"},"geometry":{"type":"Point","coordinates":[9.410670106,51.5299415]}},{"type":"Feature","properties":{"CountryName":"Germany","Type of Animal":"Chicken"},"geometry":{"type":"Point","coordinates":[9.241025774,51.47609354]}},{"type":"Feature","properties":{"CountryName":"Germany","Type of Animal":"Chicken"},"geometry":{"type":"Point","coordinates":[9.334968276,51.19677771]}},{"type":"Feature","properties":{"CountryName":"Germany","Type of Animal":"Chicken"},"geometry":{"type":"Point","coordinates":[9.299409694,51.10275175]}},{"type":"Feature","properties":{"CountryName":"Germany","Type of Animal":"Chicken"},"geometry":{"type":"Point","coordinates":[9.336962086,51.17384175]}},{"type":"Feature","properties":{"CountryName":"Germany","Type of Animal":"Chicken"},"geometry":{"type":"Point","coordinates":[9.589278197,51.26642542]}},{"type":"Feature","properties":{"CountryName":"Germany","Type of Animal":"Pork"},"geometry":{"type":"Point","coordinates":[9.398023456,51.47162846]}},{"type":"Feature","properties":{"CountryName":"Germany","Type of Animal":"Pork"},"geometry":{"type":"Point","coordinates":[9.234673138,51.03646368]}},{"type":"Feature","properties":{"CountryName":"Germany","Type of Animal":"Pork"},"geometry":{"type":"Point","coordinates":[9.287062555,50.77804137]}},{"type":"Feature","properties":{"CountryName":"Germany","Type of Animal":"Chicken"},"geometry":{"type":"Point","coordinates":[8.125935412,50.46953672]}},{"type":"Feature","properties":{"CountryName":"Germany","Type of Animal":"Chicken"},"geometry":{"type":"Point","coordinates":[8.026134085,50.5136941]}},{"type":"Feature","properties":{"CountryName":"Germany","Type of Animal":"Pork"},"geometry":{"type":"Point","coordinates":[9.397621393,50.6588387]}},{"type":"Feature","properties":{"CountryName":"Germany","Type of Animal":"Pork"},"geometry":{"type":"Point","coordinates":[8.985974213,50.77197286]}},{"type":"Feature","properties":{"CountryName":"Germany","Type of Animal":"Pork"},"geometry":{"type":"Point","coordinates":[9.410489927,50.38657636]}},{"type":"Feature","properties":{"CountryName":"Germany","Type of Animal":"Chicken"},"geometry":{"type":"Point","coordinates":[9.899199827,50.85679196]}},{"type":"Feature","properties":{"CountryName":"Germany","Type of Animal":"Chicken"},"geometry":{"type":"Point","coordinates":[11.35451,53.2409]}},{"type":"Feature","properties":{"CountryName":"Germany","Type of Animal":"Chicken"},"geometry":{"type":"Point","coordinates":[12.78937,53.9336]}},{"type":"Feature","properties":{"CountryName":"Germany","Type of Animal":"Chicken"},"geometry":{"type":"Point","coordinates":[12.28115,53.80387]}},{"type":"Feature","properties":{"CountryName":"Germany","Type of Animal":"Pork"},"geometry":{"type":"Point","coordinates":[11.84449,53.96052]}},{"type":"Feature","properties":{"CountryName":"Germany","Type of Animal":"Pork"},"geometry":{"type":"Point","coordinates":[12.51864,53.77509]}},{"type":"Feature","properties":{"CountryName":"Germany","Type of Animal":"Pork"},"geometry":{"type":"Point","coordinates":[12.40532,53.7414]}},{"type":"Feature","properties":{"CountryName":"Germany","Type of Animal":"Pork"},"geometry":{"type":"Point","coordinates":[11.68647,54.03283]}},{"type":"Feature","properties":{"CountryName":"Germany","Type of Animal":"Pork"},"geometry":{"type":"Point","coordinates":[12.27231,54.17061]}},{"type":"Feature","properties":{"CountryName":"Germany","Type of Animal":"Pork"},"geometry":{"type":"Point","coordinates":[12.62698,53.89544]}},{"type":"Feature","properties":{"CountryName":"Germany","Type of Animal":"Pork"},"geometry":{"type":"Point","coordinates":[11.64354,54.04583]}},{"type":"Feature","properties":{"CountryName":"Germany","Type of Animal":"Pork"},"geometry":{"type":"Point","coordinates":[12.03172,53.75754]}},{"type":"Feature","properties":{"CountryName":"Germany","Type of Animal":"Pork"},"geometry":{"type":"Point","coordinates":[12.52437,53.67199]}},{"type":"Feature","properties":{"CountryName":"Germany","Type of Animal":"Chicken"},"geometry":{"type":"Point","coordinates":[11.69044,54.04377]}},{"type":"Feature","properties":{"CountryName":"Germany","Type of Animal":"Pork"},"geometry":{"type":"Point","coordinates":[12.57651,53.82787]}},{"type":"Feature","properties":{"CountryName":"Germany","Type of Animal":"Pork"},"geometry":{"type":"Point","coordinates":[12.25764,54.01791]}},{"type":"Feature","properties":{"CountryName":"Germany","Type of Animal":"Pork"},"geometry":{"type":"Point","coordinates":[12.5503,53.96347]}},{"type":"Feature","properties":{"CountryName":"Germany","Type of Animal":"Pork"},"geometry":{"type":"Point","coordinates":[11.89906,53.9209]}},{"type":"Feature","properties":{"CountryName":"Germany","Type of Animal":"Pork"},"geometry":{"type":"Point","coordinates":[12.70383,53.91298]}},{"type":"Feature","properties":{"CountryName":"Germany","Type of Animal":"Pork"},"geometry":{"type":"Point","coordinates":[12.36395,53.73471]}},{"type":"Feature","properties":{"CountryName":"Germany","Type of Animal":"Chicken"},"geometry":{"type":"Point","coordinates":[12.23923,53.95502]}},{"type":"Feature","properties":{"CountryName":"Germany","Type of Animal":"Chicken"},"geometry":{"type":"Point","coordinates":[12.54228,53.84151]}},{"type":"Feature","properties":{"CountryName":"Germany","Type of Animal":"Pork"},"geometry":{"type":"Point","coordinates":[12.31819,53.68485]}},{"type":"Feature","properties":{"CountryName":"Germany","Type of Animal":"Pork"},"geometry":{"type":"Point","coordinates":[11.90726,53.90461]}},{"type":"Feature","properties":{"CountryName":"Germany","Type of Animal":"Chicken"},"geometry":{"type":"Point","coordinates":[11.72171,54.0546]}},{"type":"Feature","properties":{"CountryName":"Germany","Type of Animal":"Pork"},"geometry":{"type":"Point","coordinates":[11.98062,54.08777]}},{"type":"Feature","properties":{"CountryName":"Germany","Type of Animal":"Chicken"},"geometry":{"type":"Point","coordinates":[12.60196,54.01564]}},{"type":"Feature","properties":{"CountryName":"Germany","Type of Animal":"Pork"},"geometry":{"type":"Point","coordinates":[12.64048,54.01917]}},{"type":"Feature","properties":{"CountryName":"Germany","Type of Animal":"Pork"},"geometry":{"type":"Point","coordinates":[12.09466,53.97451]}},{"type":"Feature","properties":{"CountryName":"Germany","Type of Animal":"Pork"},"geometry":{"type":"Point","coordinates":[12.65224,53.85175]}},{"type":"Feature","properties":{"CountryName":"Germany","Type of Animal":"Pork"},"geometry":{"type":"Point","coordinates":[12.38632,53.64135]}},{"type":"Feature","properties":{"CountryName":"Germany","Type of Animal":"Pork"},"geometry":{"type":"Point","coordinates":[11.83712,53.90297]}},{"type":"Feature","properties":{"CountryName":"Germany","Type of Animal":"Pork"},"geometry":{"type":"Point","coordinates":[12.69974,53.99542]}},{"type":"Feature","properties":{"CountryName":"Germany","Type of Animal":"Chicken"},"geometry":{"type":"Point","coordinates":[12.4522,53.72578]}},{"type":"Feature","properties":{"CountryName":"Germany","Type of Animal":"Chicken"},"geometry":{"type":"Point","coordinates":[12.45139,53.72518]}},{"type":"Feature","properties":{"CountryName":"Germany","Type of Animal":"Pork"},"geometry":{"type":"Point","coordinates":[12.42895,53.74923]}},{"type":"Feature","properties":{"CountryName":"Germany","Type of Animal":"Pork"},"geometry":{"type":"Point","coordinates":[12.71691,53.93559]}},{"type":"Feature","properties":{"CountryName":"Germany","Type of Animal":"Chicken"},"geometry":{"type":"Point","coordinates":[11.67983,53.28604]}},{"type":"Feature","properties":{"CountryName":"Germany","Type of Animal":"Pork"},"geometry":{"type":"Point","coordinates":[11.30832,53.51192]}},{"type":"Feature","properties":{"CountryName":"Germany","Type of Animal":"Pork"},"geometry":{"type":"Point","coordinates":[11.6652,53.29804]}},{"type":"Feature","properties":{"CountryName":"Germany","Type of Animal":"Pork"},"geometry":{"type":"Point","coordinates":[11.31365,53.24074]}},{"type":"Feature","properties":{"CountryName":"Germany","Type of Animal":"Chicken"},"geometry":{"type":"Point","coordinates":[10.67945,53.42995]}},{"type":"Feature","properties":{"CountryName":"Germany","Type of Animal":"Pork"},"geometry":{"type":"Point","coordinates":[11.05302,53.53207]}},{"type":"Feature","properties":{"CountryName":"Germany","Type of Animal":"Pork"},"geometry":{"type":"Point","coordinates":[11.14313,53.2364]}},{"type":"Feature","properties":{"CountryName":"Germany","Type of Animal":"Pork"},"geometry":{"type":"Point","coordinates":[11.14419,53.2356]}},{"type":"Feature","properties":{"CountryName":"Germany","Type of Animal":"Pork"},"geometry":{"type":"Point","coordinates":[11.03112,53.33729]}},{"type":"Feature","properties":{"CountryName":"Germany","Type of Animal":"Pork"},"geometry":{"type":"Point","coordinates":[11.37959,53.24864]}},{"type":"Feature","properties":{"CountryName":"Germany","Type of Animal":"Pork"},"geometry":{"type":"Point","coordinates":[10.96792,53.46799]}},{"type":"Feature","properties":{"CountryName":"Germany","Type of Animal":"Pork"},"geometry":{"type":"Point","coordinates":[11.49968,53.24792]}},{"type":"Feature","properties":{"CountryName":"Germany","Type of Animal":"Chicken"},"geometry":{"type":"Point","coordinates":[11.06849,53.501]}},{"type":"Feature","properties":{"CountryName":"Germany","Type of Animal":"Pork"},"geometry":{"type":"Point","coordinates":[11.49715,53.4445]}},{"type":"Feature","properties":{"CountryName":"Germany","Type of Animal":"Pork"},"geometry":{"type":"Point","coordinates":[11.57226,53.35345]}},{"type":"Feature","properties":{"CountryName":"Germany","Type of Animal":"Pork"},"geometry":{"type":"Point","coordinates":[11.57226,53.35345]}},{"type":"Feature","properties":{"CountryName":"Germany","Type of Animal":"Pork"},"geometry":{"type":"Point","coordinates":[11.16207,53.73001]}},{"type":"Feature","properties":{"CountryName":"Germany","Type of Animal":"Pork"},"geometry":{"type":"Point","coordinates":[11.53148,53.9207]}},{"type":"Feature","properties":{"CountryName":"Germany","Type of Animal":"Pork"},"geometry":{"type":"Point","coordinates":[11.46521,53.80012]}},{"type":"Feature","properties":{"CountryName":"Germany","Type of Animal":"Pork"},"geometry":{"type":"Point","coordinates":[11.46515,53.8001]}},{"type":"Feature","properties":{"CountryName":"Germany","Type of Animal":"Chicken"},"geometry":{"type":"Point","coordinates":[11.42917,53.81492]}},{"type":"Feature","properties":{"CountryName":"Germany","Type of Animal":"Chicken"},"geometry":{"type":"Point","coordinates":[11.75721,53.8157]}},{"type":"Feature","properties":{"CountryName":"Germany","Type of Animal":"Pork"},"geometry":{"type":"Point","coordinates":[11.35743,53.89645]}},{"type":"Feature","properties":{"CountryName":"Germany","Type of Animal":"Pork"},"geometry":{"type":"Point","coordinates":[11.54547,53.86532]}},{"type":"Feature","properties":{"CountryName":"Germany","Type of Animal":"Chicken"},"geometry":{"type":"Point","coordinates":[11.28035,53.60773]}},{"type":"Feature","properties":{"CountryName":"Germany","Type of Animal":"Pork"},"geometry":{"type":"Point","coordinates":[11.13142,53.99619]}},{"type":"Feature","properties":{"CountryName":"Germany","Type of Animal":"Pork"},"geometry":{"type":"Point","coordinates":[11.13142,53.99619]}},{"type":"Feature","properties":{"CountryName":"Germany","Type of Animal":"Pork"},"geometry":{"type":"Point","coordinates":[11.67969,53.92505]}},{"type":"Feature","properties":{"CountryName":"Germany","Type of Animal":"Pork"},"geometry":{"type":"Point","coordinates":[11.14852,53.72324]}},{"type":"Feature","properties":{"CountryName":"Germany","Type of Animal":"Pork"},"geometry":{"type":"Point","coordinates":[11.73512,53.8011]}},{"type":"Feature","properties":{"CountryName":"Germany","Type of Animal":"Chicken"},"geometry":{"type":"Point","coordinates":[11.65777,53.51358]}},{"type":"Feature","properties":{"CountryName":"Germany","Type of Animal":"Pork"},"geometry":{"type":"Point","coordinates":[11.56497,53.552]}},{"type":"Feature","properties":{"CountryName":"Germany","Type of Animal":"Chicken"},"geometry":{"type":"Point","coordinates":[11.79547,53.53105]}},{"type":"Feature","properties":{"CountryName":"Germany","Type of Animal":"Pork"},"geometry":{"type":"Point","coordinates":[11.82512,53.69282]}},{"type":"Feature","properties":{"CountryName":"Germany","Type of Animal":"Pork"},"geometry":{"type":"Point","coordinates":[12.22338,53.40154]}},{"type":"Feature","properties":{"CountryName":"Germany","Type of Animal":"Pork"},"geometry":{"type":"Point","coordinates":[12.07801,53.54232]}},{"type":"Feature","properties":{"CountryName":"Germany","Type of Animal":"Pork"},"geometry":{"type":"Point","coordinates":[11.92577,53.53264]}},{"type":"Feature","properties":{"CountryName":"Germany","Type of Animal":"Chicken"},"geometry":{"type":"Point","coordinates":[11.87355,53.44248]}},{"type":"Feature","properties":{"CountryName":"Germany","Type of Animal":"Chicken"},"geometry":{"type":"Point","coordinates":[11.47424,53.52555]}},{"type":"Feature","properties":{"CountryName":"Germany","Type of Animal":"Chicken"},"geometry":{"type":"Point","coordinates":[11.49375,53.49018]}},{"type":"Feature","properties":{"CountryName":"Germany","Type of Animal":"Pork"},"geometry":{"type":"Point","coordinates":[11.89032,53.53171]}},{"type":"Feature","properties":{"CountryName":"Germany","Type of Animal":"Pork"},"geometry":{"type":"Point","coordinates":[11.89032,53.53171]}},{"type":"Feature","properties":{"CountryName":"Germany","Type of Animal":"Pork"},"geometry":{"type":"Point","coordinates":[12.31742,53.33178]}},{"type":"Feature","properties":{"CountryName":"Germany","Type of Animal":"Pork"},"geometry":{"type":"Point","coordinates":[12.31742,53.33178]}},{"type":"Feature","properties":{"CountryName":"Germany","Type of Animal":"Chicken"},"geometry":{"type":"Point","coordinates":[11.69977,53.61881]}},{"type":"Feature","properties":{"CountryName":"Germany","Type of Animal":"Pork"},"geometry":{"type":"Point","coordinates":[11.81442,53.33556]}},{"type":"Feature","properties":{"CountryName":"Germany","Type of Animal":"Pork"},"geometry":{"type":"Point","coordinates":[11.56542,53.72217]}},{"type":"Feature","properties":{"CountryName":"Germany","Type of Animal":"Chicken"},"geometry":{"type":"Point","coordinates":[11.70547,53.41621]}},{"type":"Feature","properties":{"CountryName":"Germany","Type of Animal":"Chicken"},"geometry":{"type":"Point","coordinates":[11.93593,53.39167]}},{"type":"Feature","properties":{"CountryName":"Germany","Type of Animal":"Pork"},"geometry":{"type":"Point","coordinates":[11.9061,53.35544]}},{"type":"Feature","properties":{"CountryName":"Germany","Type of Animal":"Pork"},"geometry":{"type":"Point","coordinates":[11.94217,53.67461]}},{"type":"Feature","properties":{"CountryName":"Germany","Type of Animal":"Chicken"},"geometry":{"type":"Point","coordinates":[12.22327,53.5223]}},{"type":"Feature","properties":{"CountryName":"Germany","Type of Animal":"Chicken"},"geometry":{"type":"Point","coordinates":[11.46973,53.52471]}},{"type":"Feature","properties":{"CountryName":"Germany","Type of Animal":"Chicken"},"geometry":{"type":"Point","coordinates":[11.47506,53.52214]}},{"type":"Feature","properties":{"CountryName":"Germany","Type of Animal":"Pork"},"geometry":{"type":"Point","coordinates":[11.2913,53.77174]}},{"type":"Feature","properties":{"CountryName":"Germany","Type of Animal":"Chicken"},"geometry":{"type":"Point","coordinates":[11.47439,53.52312]}},{"type":"Feature","properties":{"CountryName":"Germany","Type of Animal":"Chicken"},"geometry":{"type":"Point","coordinates":[12.15312,53.49894]}},{"type":"Feature","properties":{"CountryName":"Germany","Type of Animal":"Pork"},"geometry":{"type":"Point","coordinates":[11.48719,53.56169]}},{"type":"Feature","properties":{"CountryName":"Germany","Type of Animal":"Chicken"},"geometry":{"type":"Point","coordinates":[12.76792,53.25349]}},{"type":"Feature","properties":{"CountryName":"Germany","Type of Animal":"Chicken"},"geometry":{"type":"Point","coordinates":[13.29345,53.74468]}},{"type":"Feature","properties":{"CountryName":"Germany","Type of Animal":"Chicken"},"geometry":{"type":"Point","coordinates":[13.48698,53.60733]}},{"type":"Feature","properties":{"CountryName":"Germany","Type of Animal":"Chicken"},"geometry":{"type":"Point","coordinates":[12.88459,53.66645]}},{"type":"Feature","properties":{"CountryName":"Germany","Type of Animal":"Pork"},"geometry":{"type":"Point","coordinates":[12.81143,53.73987]}},{"type":"Feature","properties":{"CountryName":"Germany","Type of Animal":"Chicken"},"geometry":{"type":"Point","coordinates":[12.76251,53.70476]}},{"type":"Feature","properties":{"CountryName":"Germany","Type of Animal":"Chicken"},"geometry":{"type":"Point","coordinates":[13.51229,53.61726]}},{"type":"Feature","properties":{"CountryName":"Germany","Type of Animal":"Chicken"},"geometry":{"type":"Point","coordinates":[13.68046,53.55843]}},{"type":"Feature","properties":{"CountryName":"Germany","Type of Animal":"Chicken"},"geometry":{"type":"Point","coordinates":[13.47501,53.56896]}},{"type":"Feature","properties":{"CountryName":"Germany","Type of Animal":"Pork"},"geometry":{"type":"Point","coordinates":[13.4331,53.45927]}},{"type":"Feature","properties":{"CountryName":"Germany","Type of Animal":"Chicken"},"geometry":{"type":"Point","coordinates":[13.36332,53.6017]}},{"type":"Feature","properties":{"CountryName":"Germany","Type of Animal":"Chicken"},"geometry":{"type":"Point","coordinates":[13.5546,53.56244]}},{"type":"Feature","properties":{"CountryName":"Germany","Type of Animal":"Chicken"},"geometry":{"type":"Point","coordinates":[13.66955,53.55811]}},{"type":"Feature","properties":{"CountryName":"Germany","Type of Animal":"Chicken"},"geometry":{"type":"Point","coordinates":[12.97142,53.99553]}},{"type":"Feature","properties":{"CountryName":"Germany","Type of Animal":"Pork"},"geometry":{"type":"Point","coordinates":[13.26373,53.92815]}},{"type":"Feature","properties":{"CountryName":"Germany","Type of Animal":"Pork"},"geometry":{"type":"Point","coordinates":[13.26696,53.99333]}},{"type":"Feature","properties":{"CountryName":"Germany","Type of Animal":"Chicken"},"geometry":{"type":"Point","coordinates":[13.16898,54.01887]}},{"type":"Feature","properties":{"CountryName":"Germany","Type of Animal":"Chicken"},"geometry":{"type":"Point","coordinates":[13.47554,53.7257]}},{"type":"Feature","properties":{"CountryName":"Germany","Type of Animal":"Chicken"},"geometry":{"type":"Point","coordinates":[13.08088,53.68205]}},{"type":"Feature","properties":{"CountryName":"Germany","Type of Animal":"Chicken"},"geometry":{"type":"Point","coordinates":[13.44328,53.5154]}},{"type":"Feature","properties":{"CountryName":"Germany","Type of Animal":"Pork"},"geometry":{"type":"Point","coordinates":[12.83479,53.76578]}},{"type":"Feature","properties":{"CountryName":"Germany","Type of Animal":"Pork"},"geometry":{"type":"Point","coordinates":[13.14186,53.71921]}},{"type":"Feature","properties":{"CountryName":"Germany","Type of Animal":"Pork"},"geometry":{"type":"Point","coordinates":[13.50603,53.55075]}},{"type":"Feature","properties":{"CountryName":"Germany","Type of Animal":"Pork"},"geometry":{"type":"Point","coordinates":[13.3529,53.3455]}},{"type":"Feature","properties":{"CountryName":"Germany","Type of Animal":"Pork"},"geometry":{"type":"Point","coordinates":[13.38753,53.73289]}},{"type":"Feature","properties":{"CountryName":"Germany","Type of Animal":"Chicken"},"geometry":{"type":"Point","coordinates":[13.26988,53.68756]}},{"type":"Feature","properties":{"CountryName":"Germany","Type of Animal":"Chicken"},"geometry":{"type":"Point","coordinates":[12.74523,53.76406]}},{"type":"Feature","properties":{"CountryName":"Germany","Type of Animal":"Chicken"},"geometry":{"type":"Point","coordinates":[13.50126,53.70823]}},{"type":"Feature","properties":{"CountryName":"Germany","Type of Animal":"Pork"},"geometry":{"type":"Point","coordinates":[13.34851,53.34633]}},{"type":"Feature","properties":{"CountryName":"Germany","Type of Animal":"Pork"},"geometry":{"type":"Point","coordinates":[12.56257,53.41389]}},{"type":"Feature","properties":{"CountryName":"Germany","Type of Animal":"Pork"},"geometry":{"type":"Point","coordinates":[12.5099,53.58665]}},{"type":"Feature","properties":{"CountryName":"Germany","Type of Animal":"Chicken"},"geometry":{"type":"Point","coordinates":[12.65432,53.30722]}},{"type":"Feature","properties":{"CountryName":"Germany","Type of Animal":"Pork"},"geometry":{"type":"Point","coordinates":[12.46389,53.61855]}},{"type":"Feature","properties":{"CountryName":"Germany","Type of Animal":"Chicken"},"geometry":{"type":"Point","coordinates":[12.48544,53.63886]}},{"type":"Feature","properties":{"CountryName":"Germany","Type of Animal":"Chicken"},"geometry":{"type":"Point","coordinates":[13.33954,53.30729]}},{"type":"Feature","properties":{"CountryName":"Germany","Type of Animal":"Chicken"},"geometry":{"type":"Point","coordinates":[13.9161,53.67405]}},{"type":"Feature","properties":{"CountryName":"Germany","Type of Animal":"Chicken"},"geometry":{"type":"Point","coordinates":[13.90034,53.48008]}},{"type":"Feature","properties":{"CountryName":"Germany","Type of Animal":"Chicken"},"geometry":{"type":"Point","coordinates":[14.20343,53.26457]}},{"type":"Feature","properties":{"CountryName":"Germany","Type of Animal":"Pork"},"geometry":{"type":"Point","coordinates":[14.01805,53.51921]}},{"type":"Feature","properties":{"CountryName":"Germany","Type of Animal":"Chicken"},"geometry":{"type":"Point","coordinates":[13.82294,53.59667]}},{"type":"Feature","properties":{"CountryName":"Germany","Type of Animal":"Pork"},"geometry":{"type":"Point","coordinates":[13.27381,53.85528]}},{"type":"Feature","properties":{"CountryName":"Germany","Type of Animal":"Pork"},"geometry":{"type":"Point","coordinates":[14.1371,53.46191]}},{"type":"Feature","properties":{"CountryName":"Germany","Type of Animal":"Chicken"},"geometry":{"type":"Point","coordinates":[13.65289,53.54399]}},{"type":"Feature","properties":{"CountryName":"Germany","Type of Animal":"Pork"},"geometry":{"type":"Point","coordinates":[13.42861,53.45583]}},{"type":"Feature","properties":{"CountryName":"Germany","Type of Animal":"Chicken"},"geometry":{"type":"Point","coordinates":[12.63889,53.3114]}},{"type":"Feature","properties":{"CountryName":"Germany","Type of Animal":"Chicken"},"geometry":{"type":"Point","coordinates":[13.24222,53.4112]}},{"type":"Feature","properties":{"CountryName":"Germany","Type of Animal":"Chicken"},"geometry":{"type":"Point","coordinates":[12.78904,54.06919]}},{"type":"Feature","properties":{"CountryName":"Germany","Type of Animal":"Chicken"},"geometry":{"type":"Point","coordinates":[13.31773,54.34291]}},{"type":"Feature","properties":{"CountryName":"Germany","Type of Animal":"Chicken"},"geometry":{"type":"Point","coordinates":[13.127,54.12098]}},{"type":"Feature","properties":{"CountryName":"Germany","Type of Animal":"Chicken"},"geometry":{"type":"Point","coordinates":[12.92245,54.08211]}},{"type":"Feature","properties":{"CountryName":"Germany","Type of Animal":"Pork"},"geometry":{"type":"Point","coordinates":[13.32296,54.36666]}},{"type":"Feature","properties":{"CountryName":"Germany","Type of Animal":"Chicken"},"geometry":{"type":"Point","coordinates":[13.11247,54.12469]}},{"type":"Feature","properties":{"CountryName":"Germany","Type of Animal":"Pork"},"geometry":{"type":"Point","coordinates":[13.16654,54.20709]}},{"type":"Feature","properties":{"CountryName":"Germany","Type of Animal":"Chicken"},"geometry":{"type":"Point","coordinates":[12.93762,54.09445]}},{"type":"Feature","properties":{"CountryName":"Germany","Type of Animal":"Chicken"},"geometry":{"type":"Point","coordinates":[13.22726,54.4344]}},{"type":"Feature","properties":{"CountryName":"Germany","Type of Animal":"Chicken"},"geometry":{"type":"Point","coordinates":[12.88183,54.29301]}},{"type":"Feature","properties":{"CountryName":"Germany","Type of Animal":"Chicken"},"geometry":{"type":"Point","coordinates":[13.26533,54.30418]}},{"type":"Feature","properties":{"CountryName":"Germany","Type of Animal":"Pork"},"geometry":{"type":"Point","coordinates":[13.36465,54.29203]}},{"type":"Feature","properties":{"CountryName":"Germany","Type of Animal":"Chicken"},"geometry":{"type":"Point","coordinates":[12.49523,54.15651]}},{"type":"Feature","properties":{"CountryName":"Germany","Type of Animal":"Chicken"},"geometry":{"type":"Point","coordinates":[12.82945,54.26847]}},{"type":"Feature","properties":{"CountryName":"Germany","Type of Animal":"Chicken"},"geometry":{"type":"Point","coordinates":[13.21305,54.44894]}},{"type":"Feature","properties":{"CountryName":"Germany","Type of Animal":"Pork"},"geometry":{"type":"Point","coordinates":[12.65377,54.17368]}},{"type":"Feature","properties":{"CountryName":"Germany","Type of Animal":"Pork"},"geometry":{"type":"Point","coordinates":[13.16395,54.16175]}},{"type":"Feature","properties":{"CountryName":"Germany","Type of Animal":"Chicken"},"geometry":{"type":"Point","coordinates":[13.17735,54.14113]}},{"type":"Feature","properties":{"CountryName":"Germany","Type of Animal":"Chicken"},"geometry":{"type":"Point","coordinates":[13.64523,54.10809]}},{"type":"Feature","properties":{"CountryName":"Germany","Type of Animal":"Chicken"},"geometry":{"type":"Point","coordinates":[13.64818,53.71728]}},{"type":"Feature","properties":{"CountryName":"Germany","Type of Animal":"Chicken"},"geometry":{"type":"Point","coordinates":[13.84093,54.08105]}},{"type":"Feature","properties":{"CountryName":"Germany","Type of Animal":"Chicken"},"geometry":{"type":"Point","coordinates":[13.71212,53.94785]}},{"type":"Feature","properties":{"CountryName":"Germany","Type of Animal":"Chicken"},"geometry":{"type":"Point","coordinates":[13.38181,54.01588]}},{"type":"Feature","properties":{"CountryName":"Germany","Type of Animal":"Pork"},"geometry":{"type":"Point","coordinates":[13.72574,53.93867]}},{"type":"Feature","properties":{"CountryName":"Germany","Type of Animal":"Chicken"},"geometry":{"type":"Point","coordinates":[13.59967,53.72553]}},{"type":"Feature","properties":{"CountryName":"Germany","Type of Animal":"Pork"},"geometry":{"type":"Point","coordinates":[13.47627,53.78718]}},{"type":"Feature","properties":{"CountryName":"Germany","Type of Animal":"Chicken"},"geometry":{"type":"Point","coordinates":[13.50944,53.87216]}},{"type":"Feature","properties":{"CountryName":"Germany","Type of Animal":"Pork"},"geometry":{"type":"Point","coordinates":[13.50949,53.83909]}},{"type":"Feature","properties":{"CountryName":"Germany","Type of Animal":"Chicken"},"geometry":{"type":"Point","coordinates":[8.51933,52.7292]}},{"type":"Feature","properties":{"CountryName":"Germany","Type of Animal":"Chicken"},"geometry":{"type":"Point","coordinates":[8.51432,52.80205]}},{"type":"Feature","properties":{"CountryName":"Germany","Type of Animal":"Pork"},"geometry":{"type":"Point","coordinates":[10.50533,52.70309]}},{"type":"Feature","properties":{"CountryName":"Germany","Type of Animal":"Chicken"},"geometry":{"type":"Point","coordinates":[10.43455,52.64159]}},{"type":"Feature","properties":{"CountryName":"Germany","Type of Animal":"Chicken"},"geometry":{"type":"Point","coordinates":[10.43469,52.63855]}},{"type":"Feature","properties":{"CountryName":"Germany","Type of Animal":"Pork"},"geometry":{"type":"Point","coordinates":[10.63088,52.63963]}},{"type":"Feature","properties":{"CountryName":"Germany","Type of Animal":"Pork"},"geometry":{"type":"Point","coordinates":[10.57297,52.79997]}},{"type":"Feature","properties":{"CountryName":"Germany","Type of Animal":"Chicken"},"geometry":{"type":"Point","coordinates":[10.53857,52.80099]}},{"type":"Feature","properties":{"CountryName":"Germany","Type of Animal":"Chicken"},"geometry":{"type":"Point","coordinates":[10.8177,52.6747]}},{"type":"Feature","properties":{"CountryName":"Germany","Type of Animal":"Pork"},"geometry":{"type":"Point","coordinates":[10.6793,52.75229]}},{"type":"Feature","properties":{"CountryName":"Germany","Type of Animal":"Chicken"},"geometry":{"type":"Point","coordinates":[10.73982,52.77837]}},{"type":"Feature","properties":{"CountryName":"Germany","Type of Animal":"Chicken"},"geometry":{"type":"Point","coordinates":[10.32976,51.61935]}},{"type":"Feature","properties":{"CountryName":"Germany","Type of Animal":"Pork"},"geometry":{"type":"Point","coordinates":[9.74462,52.18236]}},{"type":"Feature","properties":{"CountryName":"Germany","Type of Animal":"Pork"},"geometry":{"type":"Point","coordinates":[8.99575,52.74342]}},{"type":"Feature","properties":{"CountryName":"Germany","Type of Animal":"Chicken"},"geometry":{"type":"Point","coordinates":[9.03229,52.72059]}},{"type":"Feature","properties":{"CountryName":"Germany","Type of Animal":"Pork"},"geometry":{"type":"Point","coordinates":[8.94537,52.75386]}},{"type":"Feature","properties":{"CountryName":"Germany","Type of Animal":"Pork"},"geometry":{"type":"Point","coordinates":[9.0349,52.72565]}},{"type":"Feature","properties":{"CountryName":"Germany","Type of Animal":"Pork"},"geometry":{"type":"Point","coordinates":[8.99674,52.76125]}},{"type":"Feature","properties":{"CountryName":"Germany","Type of Animal":"Pork"},"geometry":{"type":"Point","coordinates":[8.80607,52.58288]}},{"type":"Feature","properties":{"CountryName":"Germany","Type of Animal":"Pork"},"geometry":{"type":"Point","coordinates":[8.50348,52.73301]}},{"type":"Feature","properties":{"CountryName":"Germany","Type of Animal":"Chicken"},"geometry":{"type":"Point","coordinates":[8.50028,52.72272]}},{"type":"Feature","properties":{"CountryName":"Germany","Type of Animal":"Chicken"},"geometry":{"type":"Point","coordinates":[8.48106,52.68662]}},{"type":"Feature","properties":{"CountryName":"Germany","Type of Animal":"Pork"},"geometry":{"type":"Point","coordinates":[8.46586,52.7061]}},{"type":"Feature","properties":{"CountryName":"Germany","Type of Animal":"Pork"},"geometry":{"type":"Point","coordinates":[8.69833,52.86736]}},{"type":"Feature","properties":{"CountryName":"Germany","Type of Animal":"Pork"},"geometry":{"type":"Point","coordinates":[8.85489,52.83275]}},{"type":"Feature","properties":{"CountryName":"Germany","Type of Animal":"Chicken"},"geometry":{"type":"Point","coordinates":[8.64884,52.89733]}},{"type":"Feature","properties":{"CountryName":"Germany","Type of Animal":"Chicken"},"geometry":{"type":"Point","coordinates":[8.7695,52.78673]}},{"type":"Feature","properties":{"CountryName":"Germany","Type of Animal":"Chicken"},"geometry":{"type":"Point","coordinates":[8.77882,52.79143]}},{"type":"Feature","properties":{"CountryName":"Germany","Type of Animal":"Chicken"},"geometry":{"type":"Point","coordinates":[8.64843,52.8894]}},{"type":"Feature","properties":{"CountryName":"Germany","Type of Animal":"Chicken"},"geometry":{"type":"Point","coordinates":[8.78058,52.84774]}},{"type":"Feature","properties":{"CountryName":"Germany","Type of Animal":"Chicken"},"geometry":{"type":"Point","coordinates":[8.68578,52.88619]}},{"type":"Feature","properties":{"CountryName":"Germany","Type of Animal":"Chicken"},"geometry":{"type":"Point","coordinates":[8.68653,52.88278]}},{"type":"Feature","properties":{"CountryName":"Germany","Type of Animal":"Pork"},"geometry":{"type":"Point","coordinates":[8.93044,52.65834]}},{"type":"Feature","properties":{"CountryName":"Germany","Type of Animal":"Chicken"},"geometry":{"type":"Point","coordinates":[8.45084,52.51734]}},{"type":"Feature","properties":{"CountryName":"Germany","Type of Animal":"Pork"},"geometry":{"type":"Point","coordinates":[9.006,52.84327]}},{"type":"Feature","properties":{"CountryName":"Germany","Type of Animal":"Pork"},"geometry":{"type":"Point","coordinates":[8.97457,52.7885]}},{"type":"Feature","properties":{"CountryName":"Germany","Type of Animal":"Pork"},"geometry":{"type":"Point","coordinates":[9.00321,52.84344]}},{"type":"Feature","properties":{"CountryName":"Germany","Type of Animal":"Pork"},"geometry":{"type":"Point","coordinates":[8.41986,52.54721]}},{"type":"Feature","properties":{"CountryName":"Germany","Type of Animal":"Pork"},"geometry":{"type":"Point","coordinates":[8.39068,52.54649]}},{"type":"Feature","properties":{"CountryName":"Germany","Type of Animal":"Pork"},"geometry":{"type":"Point","coordinates":[8.48287,52.78192]}},{"type":"Feature","properties":{"CountryName":"Germany","Type of Animal":"Pork"},"geometry":{"type":"Point","coordinates":[8.70438,52.59129]}},{"type":"Feature","properties":{"CountryName":"Germany","Type of Animal":"Chicken"},"geometry":{"type":"Point","coordinates":[8.37155,52.6776]}},{"type":"Feature","properties":{"CountryName":"Germany","Type of Animal":"Chicken"},"geometry":{"type":"Point","coordinates":[8.48216,52.66296]}},{"type":"Feature","properties":{"CountryName":"Germany","Type of Animal":"Pork"},"geometry":{"type":"Point","coordinates":[8.52424,52.76947]}},{"type":"Feature","properties":{"CountryName":"Germany","Type of Animal":"Pork"},"geometry":{"type":"Point","coordinates":[8.53479,52.73769]}},{"type":"Feature","properties":{"CountryName":"Germany","Type of Animal":"Chicken"},"geometry":{"type":"Point","coordinates":[8.65057,52.7416]}},{"type":"Feature","properties":{"CountryName":"Germany","Type of Animal":"Chicken"},"geometry":{"type":"Point","coordinates":[8.69498,52.71595]}},{"type":"Feature","properties":{"CountryName":"Germany","Type of Animal":"Pork"},"geometry":{"type":"Point","coordinates":[8.9243,52.77747]}},{"type":"Feature","properties":{"CountryName":"Germany","Type of Animal":"Pork"},"geometry":{"type":"Point","coordinates":[8.55278,52.79537]}},{"type":"Feature","properties":{"CountryName":"Germany","Type of Animal":"Pork"},"geometry":{"type":"Point","coordinates":[8.956,52.78972]}},{"type":"Feature","properties":{"CountryName":"Germany","Type of Animal":"Chicken"},"geometry":{"type":"Point","coordinates":[8.5776,52.71452]}},{"type":"Feature","properties":{"CountryName":"Germany","Type of Animal":"Pork"},"geometry":{"type":"Point","coordinates":[8.59679,52.68499]}},{"type":"Feature","properties":{"CountryName":"Germany","Type of Animal":"Pork"},"geometry":{"type":"Point","coordinates":[8.56134,52.69324]}},{"type":"Feature","properties":{"CountryName":"Germany","Type of Animal":"Pork"},"geometry":{"type":"Point","coordinates":[8.58658,52.69791]}},{"type":"Feature","properties":{"CountryName":"Germany","Type of Animal":"Chicken"},"geometry":{"type":"Point","coordinates":[8.56837,52.69596]}},{"type":"Feature","properties":{"CountryName":"Germany","Type of Animal":"Chicken"},"geometry":{"type":"Point","coordinates":[8.80206,52.58499]}},{"type":"Feature","properties":{"CountryName":"Germany","Type of Animal":"Pork"},"geometry":{"type":"Point","coordinates":[8.80182,52.58502]}},{"type":"Feature","properties":{"CountryName":"Germany","Type of Animal":"Pork"},"geometry":{"type":"Point","coordinates":[8.39389,52.53791]}},{"type":"Feature","properties":{"CountryName":"Germany","Type of Animal":"Pork"},"geometry":{"type":"Point","coordinates":[8.38562,52.53059]}},{"type":"Feature","properties":{"CountryName":"Germany","Type of Animal":"Chicken"},"geometry":{"type":"Point","coordinates":[8.48712,52.76249]}},{"type":"Feature","properties":{"CountryName":"Germany","Type of Animal":"Pork"},"geometry":{"type":"Point","coordinates":[9.02365,52.87543]}},{"type":"Feature","properties":{"CountryName":"Germany","Type of Animal":"Chicken"},"geometry":{"type":"Point","coordinates":[9.04103,52.88103]}},{"type":"Feature","properties":{"CountryName":"Germany","Type of Animal":"Pork"},"geometry":{"type":"Point","coordinates":[8.8889,52.7136]}},{"type":"Feature","properties":{"CountryName":"Germany","Type of Animal":"Pork"},"geometry":{"type":"Point","coordinates":[8.46601,52.56029]}},{"type":"Feature","properties":{"CountryName":"Germany","Type of Animal":"Pork"},"geometry":{"type":"Point","coordinates":[8.48377,52.59839]}},{"type":"Feature","properties":{"CountryName":"Germany","Type of Animal":"Chicken"},"geometry":{"type":"Point","coordinates":[8.52229,52.61574]}},{"type":"Feature","properties":{"CountryName":"Germany","Type of Animal":"Pork"},"geometry":{"type":"Point","coordinates":[8.76589,52.75434]}},{"type":"Feature","properties":{"CountryName":"Germany","Type of Animal":"Chicken"},"geometry":{"type":"Point","coordinates":[9.05248,52.92152]}},{"type":"Feature","properties":{"CountryName":"Germany","Type of Animal":"Pork"},"geometry":{"type":"Point","coordinates":[8.74229,52.96517]}},{"type":"Feature","properties":{"CountryName":"Germany","Type of Animal":"Pork"},"geometry":{"type":"Point","coordinates":[8.93517,52.85143]}},{"type":"Feature","properties":{"CountryName":"Germany","Type of Animal":"Pork"},"geometry":{"type":"Point","coordinates":[8.92449,52.83951]}},{"type":"Feature","properties":{"CountryName":"Germany","Type of Animal":"Chicken"},"geometry":{"type":"Point","coordinates":[8.90101,52.85743]}},{"type":"Feature","properties":{"CountryName":"Germany","Type of Animal":"Pork"},"geometry":{"type":"Point","coordinates":[8.9345,52.87117]}},{"type":"Feature","properties":{"CountryName":"Germany","Type of Animal":"Pork"},"geometry":{"type":"Point","coordinates":[8.91307,52.84531]}},{"type":"Feature","properties":{"CountryName":"Germany","Type of Animal":"Pork"},"geometry":{"type":"Point","coordinates":[8.89712,52.84977]}},{"type":"Feature","properties":{"CountryName":"Germany","Type of Animal":"Pork"},"geometry":{"type":"Point","coordinates":[8.93873,52.83059]}},{"type":"Feature","properties":{"CountryName":"Germany","Type of Animal":"Pork"},"geometry":{"type":"Point","coordinates":[8.8321,52.72899]}},{"type":"Feature","properties":{"CountryName":"Germany","Type of Animal":"Pork"},"geometry":{"type":"Point","coordinates":[8.7656,52.69004]}},{"type":"Feature","properties":{"CountryName":"Germany","Type of Animal":"Pork"},"geometry":{"type":"Point","coordinates":[8.59748,52.7552]}},{"type":"Feature","properties":{"CountryName":"Germany","Type of Animal":"Pork"},"geometry":{"type":"Point","coordinates":[8.49069,52.77401]}},{"type":"Feature","properties":{"CountryName":"Germany","Type of Animal":"Pork"},"geometry":{"type":"Point","coordinates":[8.62722,52.76713]}},{"type":"Feature","properties":{"CountryName":"Germany","Type of Animal":"Pork"},"geometry":{"type":"Point","coordinates":[8.51822,52.79421]}},{"type":"Feature","properties":{"CountryName":"Germany","Type of Animal":"Chicken"},"geometry":{"type":"Point","coordinates":[8.62746,52.82495]}},{"type":"Feature","properties":{"CountryName":"Germany","Type of Animal":"Chicken"},"geometry":{"type":"Point","coordinates":[8.61968,52.79175]}},{"type":"Feature","properties":{"CountryName":"Germany","Type of Animal":"Pork"},"geometry":{"type":"Point","coordinates":[8.60345,52.76758]}},{"type":"Feature","properties":{"CountryName":"Germany","Type of Animal":"Chicken"},"geometry":{"type":"Point","coordinates":[8.6352,52.77887]}},{"type":"Feature","properties":{"CountryName":"Germany","Type of Animal":"Chicken"},"geometry":{"type":"Point","coordinates":[8.62517,52.82094]}},{"type":"Feature","properties":{"CountryName":"Germany","Type of Animal":"Chicken"},"geometry":{"type":"Point","coordinates":[8.5979,52.83641]}},{"type":"Feature","properties":{"CountryName":"Germany","Type of Animal":"Chicken"},"geometry":{"type":"Point","coordinates":[8.62108,52.79414]}},{"type":"Feature","properties":{"CountryName":"Germany","Type of Animal":"Chicken"},"geometry":{"type":"Point","coordinates":[8.48872,52.75878]}},{"type":"Feature","properties":{"CountryName":"Germany","Type of Animal":"Chicken"},"geometry":{"type":"Point","coordinates":[8.48689,52.76206]}},{"type":"Feature","properties":{"CountryName":"Germany","Type of Animal":"Chicken"},"geometry":{"type":"Point","coordinates":[8.46478,52.78457]}},{"type":"Feature","properties":{"CountryName":"Germany","Type of Animal":"Pork"},"geometry":{"type":"Point","coordinates":[8.64788,52.83054]}},{"type":"Feature","properties":{"CountryName":"Germany","Type of Animal":"Chicken"},"geometry":{"type":"Point","coordinates":[8.55855,52.80684]}},{"type":"Feature","properties":{"CountryName":"Germany","Type of Animal":"Chicken"},"geometry":{"type":"Point","coordinates":[8.72094,52.58983]}},{"type":"Feature","properties":{"CountryName":"Germany","Type of Animal":"Chicken"},"geometry":{"type":"Point","coordinates":[8.63698,52.52682]}},{"type":"Feature","properties":{"CountryName":"Germany","Type of Animal":"Pork"},"geometry":{"type":"Point","coordinates":[8.44411,52.58898]}},{"type":"Feature","properties":{"CountryName":"Germany","Type of Animal":"Chicken"},"geometry":{"type":"Point","coordinates":[8.66987,52.73813]}},{"type":"Feature","properties":{"CountryName":"Germany","Type of Animal":"Pork"},"geometry":{"type":"Point","coordinates":[8.69863,52.79825]}},{"type":"Feature","properties":{"CountryName":"Germany","Type of Animal":"Chicken"},"geometry":{"type":"Point","coordinates":[8.45627,52.62259]}},{"type":"Feature","properties":{"CountryName":"Germany","Type of Animal":"Pork"},"geometry":{"type":"Point","coordinates":[8.43086,52.57152]}},{"type":"Feature","properties":{"CountryName":"Germany","Type of Animal":"Pork"},"geometry":{"type":"Point","coordinates":[8.43069,52.57668]}},{"type":"Feature","properties":{"CountryName":"Germany","Type of Animal":"Pork"},"geometry":{"type":"Point","coordinates":[8.58838,52.72877]}},{"type":"Feature","properties":{"CountryName":"Germany","Type of Animal":"Chicken"},"geometry":{"type":"Point","coordinates":[8.546,51.88675]}},{"type":"Feature","properties":{"CountryName":"Germany","Type of Animal":"Pork"},"geometry":{"type":"Point","coordinates":[9.33959,51.96361]}},{"type":"Feature","properties":{"CountryName":"Germany","Type of Animal":"Chicken"},"geometry":{"type":"Point","coordinates":[9.4897,52.13924]}},{"type":"Feature","properties":{"CountryName":"Germany","Type of Animal":"Chicken"},"geometry":{"type":"Point","coordinates":[9.51841,52.14228]}},{"type":"Feature","properties":{"CountryName":"Germany","Type of Animal":"Pork"},"geometry":{"type":"Point","coordinates":[9.33659,52.05901]}},{"type":"Feature","properties":{"CountryName":"Germany","Type of Animal":"Pork"},"geometry":{"type":"Point","coordinates":[9.6146,52.09003]}},{"type":"Feature","properties":{"CountryName":"Germany","Type of Animal":"Chicken"},"geometry":{"type":"Point","coordinates":[9.46883,52.37741]}},{"type":"Feature","properties":{"CountryName":"Germany","Type of Animal":"Pork"},"geometry":{"type":"Point","coordinates":[9.53158,52.58916]}},{"type":"Feature","properties":{"CountryName":"Germany","Type of Animal":"Pork"},"geometry":{"type":"Point","coordinates":[9.65971,52.58249]}},{"type":"Feature","properties":{"CountryName":"Germany","Type of Animal":"Chicken"},"geometry":{"type":"Point","coordinates":[9.74238,52.59404]}},{"type":"Feature","properties":{"CountryName":"Germany","Type of Animal":"Pork"},"geometry":{"type":"Point","coordinates":[10.17528,52.05903]}},{"type":"Feature","properties":{"CountryName":"Germany","Type of Animal":"Pork"},"geometry":{"type":"Point","coordinates":[9.82345,52.24555]}},{"type":"Feature","properties":{"CountryName":"Germany","Type of Animal":"Pork"},"geometry":{"type":"Point","coordinates":[8.71207,52.44546]}},{"type":"Feature","properties":{"CountryName":"Germany","Type of Animal":"Chicken"},"geometry":{"type":"Point","coordinates":[9.22545,52.80169]}},{"type":"Feature","properties":{"CountryName":"Germany","Type of Animal":"Chicken"},"geometry":{"type":"Point","coordinates":[9.29537,52.7179]}},{"type":"Feature","properties":{"CountryName":"Germany","Type of Animal":"Chicken"},"geometry":{"type":"Point","coordinates":[9.12985,52.87809]}},{"type":"Feature","properties":{"CountryName":"Germany","Type of Animal":"Chicken"},"geometry":{"type":"Point","coordinates":[9.27223,52.57623]}},{"type":"Feature","properties":{"CountryName":"Germany","Type of Animal":"Chicken"},"geometry":{"type":"Point","coordinates":[9.24767,52.60193]}},{"type":"Feature","properties":{"CountryName":"Germany","Type of Animal":"Chicken"},"geometry":{"type":"Point","coordinates":[9.19594,52.55073]}},{"type":"Feature","properties":{"CountryName":"Germany","Type of Animal":"Pork"},"geometry":{"type":"Point","coordinates":[9.29416,52.60226]}},{"type":"Feature","properties":{"CountryName":"Germany","Type of Animal":"Chicken"},"geometry":{"type":"Point","coordinates":[8.94838,52.46219]}},{"type":"Feature","properties":{"CountryName":"Germany","Type of Animal":"Pork"},"geometry":{"type":"Point","coordinates":[9.07492,52.58243]}},{"type":"Feature","properties":{"CountryName":"Germany","Type of Animal":"Chicken"},"geometry":{"type":"Point","coordinates":[9.01279,52.55326]}},{"type":"Feature","properties":{"CountryName":"Germany","Type of Animal":"Chicken"},"geometry":{"type":"Point","coordinates":[9.0362,52.52499]}},{"type":"Feature","properties":{"CountryName":"Germany","Type of Animal":"Chicken"},"geometry":{"type":"Point","coordinates":[9.02789,52.52759]}},{"type":"Feature","properties":{"CountryName":"Germany","Type of Animal":"Chicken"},"geometry":{"type":"Point","coordinates":[8.92284,52.4715]}},{"type":"Feature","properties":{"CountryName":"Germany","Type of Animal":"Pork"},"geometry":{"type":"Point","coordinates":[8.9101,52.54149]}},{"type":"Feature","properties":{"CountryName":"Germany","Type of Animal":"Chicken"},"geometry":{"type":"Point","coordinates":[8.91485,52.51035]}},{"type":"Feature","properties":{"CountryName":"Germany","Type of Animal":"Chicken"},"geometry":{"type":"Point","coordinates":[8.92492,52.47082]}},{"type":"Feature","properties":{"CountryName":"Germany","Type of Animal":"Chicken"},"geometry":{"type":"Point","coordinates":[9.05552,52.67277]}},{"type":"Feature","properties":{"CountryName":"Germany","Type of Animal":"Chicken"},"geometry":{"type":"Point","coordinates":[9.07932,52.7256]}},{"type":"Feature","properties":{"CountryName":"Germany","Type of Animal":"Chicken"},"geometry":{"type":"Point","coordinates":[8.9201,52.61841]}},{"type":"Feature","properties":{"CountryName":"Germany","Type of Animal":"Chicken"},"geometry":{"type":"Point","coordinates":[10.40082,52.21093]}},{"type":"Feature","properties":{"CountryName":"Germany","Type of Animal":"Chicken"},"geometry":{"type":"Point","coordinates":[10.14299,52.25849]}},{"type":"Feature","properties":{"CountryName":"Germany","Type of Animal":"Chicken"},"geometry":{"type":"Point","coordinates":[9.32581,53.51347]}},{"type":"Feature","properties":{"CountryName":"Germany","Type of Animal":"Chicken"},"geometry":{"type":"Point","coordinates":[8.73276,53.78666]}},{"type":"Feature","properties":{"CountryName":"Germany","Type of Animal":"Chicken"},"geometry":{"type":"Point","coordinates":[9.12123,53.17558]}},{"type":"Feature","properties":{"CountryName":"Germany","Type of Animal":"Chicken"},"geometry":{"type":"Point","coordinates":[9.01315,53.80679]}},{"type":"Feature","properties":{"CountryName":"Germany","Type of Animal":"Chicken"},"geometry":{"type":"Point","coordinates":[8.74733,53.59252]}},{"type":"Feature","properties":{"CountryName":"Germany","Type of Animal":"Chicken"},"geometry":{"type":"Point","coordinates":[8.74883,53.59567]}},{"type":"Feature","properties":{"CountryName":"Germany","Type of Animal":"Chicken"},"geometry":{"type":"Point","coordinates":[8.8214,53.60121]}},{"type":"Feature","properties":{"CountryName":"Germany","Type of Animal":"Chicken"},"geometry":{"type":"Point","coordinates":[8.49069,53.67812]}},{"type":"Feature","properties":{"CountryName":"Germany","Type of Animal":"Chicken"},"geometry":{"type":"Point","coordinates":[8.80449,53.61397]}},{"type":"Feature","properties":{"CountryName":"Germany","Type of Animal":"Pork"},"geometry":{"type":"Point","coordinates":[10.52512,53.33658]}},{"type":"Feature","properties":{"CountryName":"Germany","Type of Animal":"Pork"},"geometry":{"type":"Point","coordinates":[10.97425,53.29426]}},{"type":"Feature","properties":{"CountryName":"Germany","Type of Animal":"Chicken"},"geometry":{"type":"Point","coordinates":[9.32573,53.1278]}},{"type":"Feature","properties":{"CountryName":"Germany","Type of Animal":"Chicken"},"geometry":{"type":"Point","coordinates":[9.34043,53.12993]}},{"type":"Feature","properties":{"CountryName":"Germany","Type of Animal":"Chicken"},"geometry":{"type":"Point","coordinates":[9.32521,53.1287]}},{"type":"Feature","properties":{"CountryName":"Germany","Type of Animal":"Chicken"},"geometry":{"type":"Point","coordinates":[9.32451,53.22437]}},{"type":"Feature","properties":{"CountryName":"Germany","Type of Animal":"Chicken"},"geometry":{"type":"Point","coordinates":[9.43856,53.25269]}},{"type":"Feature","properties":{"CountryName":"Germany","Type of Animal":"Chicken"},"geometry":{"type":"Point","coordinates":[9.32415,53.22466]}},{"type":"Feature","properties":{"CountryName":"Germany","Type of Animal":"Chicken"},"geometry":{"type":"Point","coordinates":[9.24223,53.06214]}},{"type":"Feature","properties":{"CountryName":"Germany","Type of Animal":"Chicken"},"geometry":{"type":"Point","coordinates":[9.44088,53.08893]}},{"type":"Feature","properties":{"CountryName":"Germany","Type of Animal":"Chicken"},"geometry":{"type":"Point","coordinates":[9.00108,53.45604]}},{"type":"Feature","properties":{"CountryName":"Germany","Type of Animal":"Chicken"},"geometry":{"type":"Point","coordinates":[9.15226,53.39852]}},{"type":"Feature","properties":{"CountryName":"Germany","Type of Animal":"Pork"},"geometry":{"type":"Point","coordinates":[9.46714,53.14142]}},{"type":"Feature","properties":{"CountryName":"Germany","Type of Animal":"Chicken"},"geometry":{"type":"Point","coordinates":[9.45659,53.11688]}},{"type":"Feature","properties":{"CountryName":"Germany","Type of Animal":"Pork"},"geometry":{"type":"Point","coordinates":[9.49727,53.14271]}},{"type":"Feature","properties":{"CountryName":"Germany","Type of Animal":"Pork"},"geometry":{"type":"Point","coordinates":[9.20761,53.32787]}},{"type":"Feature","properties":{"CountryName":"Germany","Type of Animal":"Chicken"},"geometry":{"type":"Point","coordinates":[9.0632,53.20916]}},{"type":"Feature","properties":{"CountryName":"Germany","Type of Animal":"Pork"},"geometry":{"type":"Point","coordinates":[9.5851,52.96825]}},{"type":"Feature","properties":{"CountryName":"Germany","Type of Animal":"Pork"},"geometry":{"type":"Point","coordinates":[9.38332,53.00982]}},{"type":"Feature","properties":{"CountryName":"Germany","Type of Animal":"Pork"},"geometry":{"type":"Point","coordinates":[9.27232,53.25171]}},{"type":"Feature","properties":{"CountryName":"Germany","Type of Animal":"Pork"},"geometry":{"type":"Point","coordinates":[9.16286,53.82894]}},{"type":"Feature","properties":{"CountryName":"Germany","Type of Animal":"Pork"},"geometry":{"type":"Point","coordinates":[9.3703,53.54648]}},{"type":"Feature","properties":{"CountryName":"Germany","Type of Animal":"Pork"},"geometry":{"type":"Point","coordinates":[9.24921,53.82787]}},{"type":"Feature","properties":{"CountryName":"Germany","Type of Animal":"Chicken"},"geometry":{"type":"Point","coordinates":[9.33701,53.52029]}},{"type":"Feature","properties":{"CountryName":"Germany","Type of Animal":"Chicken"},"geometry":{"type":"Point","coordinates":[9.41668,53.5727]}},{"type":"Feature","properties":{"CountryName":"Germany","Type of Animal":"Chicken"},"geometry":{"type":"Point","coordinates":[11.36051,53.04124]}},{"type":"Feature","properties":{"CountryName":"Germany","Type of Animal":"Chicken"},"geometry":{"type":"Point","coordinates":[9.47868,52.8033]}},{"type":"Feature","properties":{"CountryName":"Germany","Type of Animal":"Pork"},"geometry":{"type":"Point","coordinates":[9.82216,52.92957]}},{"type":"Feature","properties":{"CountryName":"Germany","Type of Animal":"Pork"},"geometry":{"type":"Point","coordinates":[9.69925,52.69269]}},{"type":"Feature","properties":{"CountryName":"Germany","Type of Animal":"Pork"},"geometry":{"type":"Point","coordinates":[9.76316,52.91495]}},{"type":"Feature","properties":{"CountryName":"Germany","Type of Animal":"Pork"},"geometry":{"type":"Point","coordinates":[9.45801,52.76609]}},{"type":"Feature","properties":{"CountryName":"Germany","Type of Animal":"Pork"},"geometry":{"type":"Point","coordinates":[10.15025,52.92402]}},{"type":"Feature","properties":{"CountryName":"Germany","Type of Animal":"Pork"},"geometry":{"type":"Point","coordinates":[9.37176,52.77242]}},{"type":"Feature","properties":{"CountryName":"Germany","Type of Animal":"Pork"},"geometry":{"type":"Point","coordinates":[9.77763,53.09832]}},{"type":"Feature","properties":{"CountryName":"Germany","Type of Animal":"Chicken"},"geometry":{"type":"Point","coordinates":[9.91242,53.01761]}},{"type":"Feature","properties":{"CountryName":"Germany","Type of Animal":"Pork"},"geometry":{"type":"Point","coordinates":[9.07841,53.82018]}},{"type":"Feature","properties":{"CountryName":"Germany","Type of Animal":"Chicken"},"geometry":{"type":"Point","coordinates":[9.12082,53.8284]}},{"type":"Feature","properties":{"CountryName":"Germany","Type of Animal":"Chicken"},"geometry":{"type":"Point","coordinates":[9.15993,53.82199]}},{"type":"Feature","properties":{"CountryName":"Germany","Type of Animal":"Chicken"},"geometry":{"type":"Point","coordinates":[9.11829,53.82827]}},{"type":"Feature","properties":{"CountryName":"Germany","Type of Animal":"Chicken"},"geometry":{"type":"Point","coordinates":[9.60928,53.46703]}},{"type":"Feature","properties":{"CountryName":"Germany","Type of Animal":"Chicken"},"geometry":{"type":"Point","coordinates":[9.43994,53.52231]}},{"type":"Feature","properties":{"CountryName":"Germany","Type of Animal":"Chicken"},"geometry":{"type":"Point","coordinates":[9.40172,53.5013]}},{"type":"Feature","properties":{"CountryName":"Germany","Type of Animal":"Chicken"},"geometry":{"type":"Point","coordinates":[9.40085,53.50171]}},{"type":"Feature","properties":{"CountryName":"Germany","Type of Animal":"Chicken"},"geometry":{"type":"Point","coordinates":[9.1833,53.82254]}},{"type":"Feature","properties":{"CountryName":"Germany","Type of Animal":"Chicken"},"geometry":{"type":"Point","coordinates":[9.29688,53.79739]}},{"type":"Feature","properties":{"CountryName":"Germany","Type of Animal":"Chicken"},"geometry":{"type":"Point","coordinates":[9.30709,53.79128]}},{"type":"Feature","properties":{"CountryName":"Germany","Type of Animal":"Chicken"},"geometry":{"type":"Point","coordinates":[9.32934,53.78503]}},{"type":"Feature","properties":{"CountryName":"Germany","Type of Animal":"Pork"},"geometry":{"type":"Point","coordinates":[10.66266,52.88715]}},{"type":"Feature","properties":{"CountryName":"Germany","Type of Animal":"Chicken"},"geometry":{"type":"Point","coordinates":[10.40186,52.97011]}},{"type":"Feature","properties":{"CountryName":"Germany","Type of Animal":"Chicken"},"geometry":{"type":"Point","coordinates":[10.56582,52.90993]}},{"type":"Feature","properties":{"CountryName":"Germany","Type of Animal":"Chicken"},"geometry":{"type":"Point","coordinates":[10.63764,52.82]}},{"type":"Feature","properties":{"CountryName":"Germany","Type of Animal":"Pork"},"geometry":{"type":"Point","coordinates":[10.43792,53.00061]}},{"type":"Feature","properties":{"CountryName":"Germany","Type of Animal":"Chicken"},"geometry":{"type":"Point","coordinates":[10.80735,52.87686]}},{"type":"Feature","properties":{"CountryName":"Germany","Type of Animal":"Pork"},"geometry":{"type":"Point","coordinates":[10.81041,52.93653]}},{"type":"Feature","properties":{"CountryName":"Germany","Type of Animal":"Pork"},"geometry":{"type":"Point","coordinates":[10.69417,52.91719]}},{"type":"Feature","properties":{"CountryName":"Germany","Type of Animal":"Chicken"},"geometry":{"type":"Point","coordinates":[10.56582,52.90993]}},{"type":"Feature","properties":{"CountryName":"Germany","Type of Animal":"Chicken"},"geometry":{"type":"Point","coordinates":[10.56582,52.90993]}},{"type":"Feature","properties":{"CountryName":"Germany","Type of Animal":"Chicken"},"geometry":{"type":"Point","coordinates":[10.28811,53.0338]}},{"type":"Feature","properties":{"CountryName":"Germany","Type of Animal":"Chicken"},"geometry":{"type":"Point","coordinates":[9.06907,52.97679]}},{"type":"Feature","properties":{"CountryName":"Germany","Type of Animal":"Pork"},"geometry":{"type":"Point","coordinates":[9.06904,52.97682]}},{"type":"Feature","properties":{"CountryName":"Germany","Type of Animal":"Pork"},"geometry":{"type":"Point","coordinates":[8.00676,53.60972]}},{"type":"Feature","properties":{"CountryName":"Germany","Type of Animal":"Pork"},"geometry":{"type":"Point","coordinates":[7.77337,53.57663]}},{"type":"Feature","properties":{"CountryName":"Germany","Type of Animal":"Chicken"},"geometry":{"type":"Point","coordinates":[7.71424,53.21039]}},{"type":"Feature","properties":{"CountryName":"Germany","Type of Animal":"Pork"},"geometry":{"type":"Point","coordinates":[7.87415,53.29446]}},{"type":"Feature","properties":{"CountryName":"Germany","Type of Animal":"Chicken"},"geometry":{"type":"Point","coordinates":[8.05034,53.27477]}},{"type":"Feature","properties":{"CountryName":"Germany","Type of Animal":"Chicken"},"geometry":{"type":"Point","coordinates":[7.89283,53.31165]}},{"type":"Feature","properties":{"CountryName":"Germany","Type of Animal":"Chicken"},"geometry":{"type":"Point","coordinates":[8.09202,53.25345]}},{"type":"Feature","properties":{"CountryName":"Germany","Type of Animal":"Chicken"},"geometry":{"type":"Point","coordinates":[8.09217,53.25319]}},{"type":"Feature","properties":{"CountryName":"Germany","Type of Animal":"Chicken"},"geometry":{"type":"Point","coordinates":[8.09187,53.25381]}},{"type":"Feature","properties":{"CountryName":"Germany","Type of Animal":"Pork"},"geometry":{"type":"Point","coordinates":[7.25706,53.65974]}},{"type":"Feature","properties":{"CountryName":"Germany","Type of Animal":"Chicken"},"geometry":{"type":"Point","coordinates":[7.21925,53.50442]}},{"type":"Feature","properties":{"CountryName":"Germany","Type of Animal":"Chicken"},"geometry":{"type":"Point","coordinates":[7.79229,53.10415]}},{"type":"Feature","properties":{"CountryName":"Germany","Type of Animal":"Chicken"},"geometry":{"type":"Point","coordinates":[7.79614,53.1491]}},{"type":"Feature","properties":{"CountryName":"Germany","Type of Animal":"Pork"},"geometry":{"type":"Point","coordinates":[7.78742,53.16351]}},{"type":"Feature","properties":{"CountryName":"Germany","Type of Animal":"Chicken"},"geometry":{"type":"Point","coordinates":[7.74625,53.11093]}},{"type":"Feature","properties":{"CountryName":"Germany","Type of Animal":"Chicken"},"geometry":{"type":"Point","coordinates":[7.77898,53.14951]}},{"type":"Feature","properties":{"CountryName":"Germany","Type of Animal":"Chicken"},"geometry":{"type":"Point","coordinates":[7.76409,53.1416]}},{"type":"Feature","properties":{"CountryName":"Germany","Type of Animal":"Pork"},"geometry":{"type":"Point","coordinates":[7.96408,52.9887]}},{"type":"Feature","properties":{"CountryName":"Germany","Type of Animal":"Pork"},"geometry":{"type":"Point","coordinates":[7.93382,53.02984]}},{"type":"Feature","properties":{"CountryName":"Germany","Type of Animal":"Pork"},"geometry":{"type":"Point","coordinates":[7.93359,52.99271]}},{"type":"Feature","properties":{"CountryName":"Germany","Type of Animal":"Pork"},"geometry":{"type":"Point","coordinates":[7.90372,53.00208]}},{"type":"Feature","properties":{"CountryName":"Germany","Type of Animal":"Chicken"},"geometry":{"type":"Point","coordinates":[7.94122,52.98702]}},{"type":"Feature","properties":{"CountryName":"Germany","Type of Animal":"Pork"},"geometry":{"type":"Point","coordinates":[7.93,52.99993]}},{"type":"Feature","properties":{"CountryName":"Germany","Type of Animal":"Pork"},"geometry":{"type":"Point","coordinates":[7.94645,53.01576]}},{"type":"Feature","properties":{"CountryName":"Germany","Type of Animal":"Chicken"},"geometry":{"type":"Point","coordinates":[7.95994,53.05994]}},{"type":"Feature","properties":{"CountryName":"Germany","Type of Animal":"Pork"},"geometry":{"type":"Point","coordinates":[7.96906,53.05044]}},{"type":"Feature","properties":{"CountryName":"Germany","Type of Animal":"Chicken"},"geometry":{"type":"Point","coordinates":[7.92387,53.03235]}},{"type":"Feature","properties":{"CountryName":"Germany","Type of Animal":"Pork"},"geometry":{"type":"Point","coordinates":[8.01869,53.05326]}},{"type":"Feature","properties":{"CountryName":"Germany","Type of Animal":"Chicken"},"geometry":{"type":"Point","coordinates":[7.97457,53.02324]}},{"type":"Feature","properties":{"CountryName":"Germany","Type of Animal":"Pork"},"geometry":{"type":"Point","coordinates":[8.02743,53.05164]}},{"type":"Feature","properties":{"CountryName":"Germany","Type of Animal":"Pork"},"geometry":{"type":"Point","coordinates":[7.95988,53.03598]}},{"type":"Feature","properties":{"CountryName":"Germany","Type of Animal":"Pork"},"geometry":{"type":"Point","coordinates":[7.94072,53.04365]}},{"type":"Feature","properties":{"CountryName":"Germany","Type of Animal":"Chicken"},"geometry":{"type":"Point","coordinates":[7.9938,53.01815]}},{"type":"Feature","properties":{"CountryName":"Germany","Type of Animal":"Pork"},"geometry":{"type":"Point","coordinates":[7.94674,53.02171]}},{"type":"Feature","properties":{"CountryName":"Germany","Type of Animal":"Chicken"},"geometry":{"type":"Point","coordinates":[7.92511,53.02044]}},{"type":"Feature","properties":{"CountryName":"Germany","Type of Animal":"Pork"},"geometry":{"type":"Point","coordinates":[7.95484,52.98137]}},{"type":"Feature","properties":{"CountryName":"Germany","Type of Animal":"Chicken"},"geometry":{"type":"Point","coordinates":[8.0203,53.05608]}},{"type":"Feature","properties":{"CountryName":"Germany","Type of Animal":"Pork"},"geometry":{"type":"Point","coordinates":[7.9781,52.97878]}},{"type":"Feature","properties":{"CountryName":"Germany","Type of Animal":"Pork"},"geometry":{"type":"Point","coordinates":[7.9781,52.97878]}},{"type":"Feature","properties":{"CountryName":"Germany","Type of Animal":"Chicken"},"geometry":{"type":"Point","coordinates":[7.90439,53.00931]}},{"type":"Feature","properties":{"CountryName":"Germany","Type of Animal":"Chicken"},"geometry":{"type":"Point","coordinates":[7.95423,53.03407]}},{"type":"Feature","properties":{"CountryName":"Germany","Type of Animal":"Chicken"},"geometry":{"type":"Point","coordinates":[7.97002,53.01818]}},{"type":"Feature","properties":{"CountryName":"Germany","Type of Animal":"Chicken"},"geometry":{"type":"Point","coordinates":[7.91843,53.01812]}},{"type":"Feature","properties":{"CountryName":"Germany","Type of Animal":"Pork"},"geometry":{"type":"Point","coordinates":[8.07848,52.78903]}},{"type":"Feature","properties":{"CountryName":"Germany","Type of Animal":"Pork"},"geometry":{"type":"Point","coordinates":[8.06909,52.77953]}},{"type":"Feature","properties":{"CountryName":"Germany","Type of Animal":"Chicken"},"geometry":{"type":"Point","coordinates":[8.03904,52.77205]}},{"type":"Feature","properties":{"CountryName":"Germany","Type of Animal":"Pork"},"geometry":{"type":"Point","coordinates":[8.09509,52.8212]}},{"type":"Feature","properties":{"CountryName":"Germany","Type of Animal":"Pork"},"geometry":{"type":"Point","coordinates":[8.04234,52.8134]}},{"type":"Feature","properties":{"CountryName":"Germany","Type of Animal":"Chicken"},"geometry":{"type":"Point","coordinates":[8.04997,52.79945]}},{"type":"Feature","properties":{"CountryName":"Germany","Type of Animal":"Pork"},"geometry":{"type":"Point","coordinates":[8.00015,52.80453]}},{"type":"Feature","properties":{"CountryName":"Germany","Type of Animal":"Pork"},"geometry":{"type":"Point","coordinates":[8.00015,52.80453]}},{"type":"Feature","properties":{"CountryName":"Germany","Type of Animal":"Pork"},"geometry":{"type":"Point","coordinates":[8.09875,52.76372]}},{"type":"Feature","properties":{"CountryName":"Germany","Type of Animal":"Pork"},"geometry":{"type":"Point","coordinates":[8.10357,52.76716]}},{"type":"Feature","properties":{"CountryName":"Germany","Type of Animal":"Pork"},"geometry":{"type":"Point","coordinates":[8.11677,52.77766]}},{"type":"Feature","properties":{"CountryName":"Germany","Type of Animal":"Pork"},"geometry":{"type":"Point","coordinates":[8.04528,52.81447]}},{"type":"Feature","properties":{"CountryName":"Germany","Type of Animal":"Pork"},"geometry":{"type":"Point","coordinates":[8.00891,52.75673]}},{"type":"Feature","properties":{"CountryName":"Germany","Type of Animal":"Pork"},"geometry":{"type":"Point","coordinates":[8.11463,52.79338]}},{"type":"Feature","properties":{"CountryName":"Germany","Type of Animal":"Chicken"},"geometry":{"type":"Point","coordinates":[8.07157,52.80751]}},{"type":"Feature","properties":{"CountryName":"Germany","Type of Animal":"Pork"},"geometry":{"type":"Point","coordinates":[8.07086,52.78165]}},{"type":"Feature","properties":{"CountryName":"Germany","Type of Animal":"Chicken"},"geometry":{"type":"Point","coordinates":[8.07501,52.80774]}},{"type":"Feature","properties":{"CountryName":"Germany","Type of Animal":"Pork"},"geometry":{"type":"Point","coordinates":[7.98702,52.81735]}},{"type":"Feature","properties":{"CountryName":"Germany","Type of Animal":"Pork"},"geometry":{"type":"Point","coordinates":[7.99736,52.81705]}},{"type":"Feature","properties":{"CountryName":"Germany","Type of Animal":"Pork"},"geometry":{"type":"Point","coordinates":[7.99709,52.86589]}},{"type":"Feature","properties":{"CountryName":"Germany","Type of Animal":"Chicken"},"geometry":{"type":"Point","coordinates":[8.02768,52.8227]}},{"type":"Feature","properties":{"CountryName":"Germany","Type of Animal":"Pork"},"geometry":{"type":"Point","coordinates":[8.07015,52.88119]}},{"type":"Feature","properties":{"CountryName":"Germany","Type of Animal":"Pork"},"geometry":{"type":"Point","coordinates":[8.05825,52.8815]}},{"type":"Feature","properties":{"CountryName":"Germany","Type of Animal":"Pork"},"geometry":{"type":"Point","coordinates":[7.99597,52.81486]}},{"type":"Feature","properties":{"CountryName":"Germany","Type of Animal":"Chicken"},"geometry":{"type":"Point","coordinates":[7.99597,52.81486]}},{"type":"Feature","properties":{"CountryName":"Germany","Type of Animal":"Pork"},"geometry":{"type":"Point","coordinates":[7.99127,52.81157]}},{"type":"Feature","properties":{"CountryName":"Germany","Type of Animal":"Pork"},"geometry":{"type":"Point","coordinates":[8.05818,52.83153]}},{"type":"Feature","properties":{"CountryName":"Germany","Type of Animal":"Pork"},"geometry":{"type":"Point","coordinates":[8.01765,52.82189]}},{"type":"Feature","properties":{"CountryName":"Germany","Type of Animal":"Pork"},"geometry":{"type":"Point","coordinates":[8.05515,52.87535]}},{"type":"Feature","properties":{"CountryName":"Germany","Type of Animal":"Chicken"},"geometry":{"type":"Point","coordinates":[8.00748,52.81364]}},{"type":"Feature","properties":{"CountryName":"Germany","Type of Animal":"Chicken"},"geometry":{"type":"Point","coordinates":[8.00261,52.81327]}},{"type":"Feature","properties":{"CountryName":"Germany","Type of Animal":"Chicken"},"geometry":{"type":"Point","coordinates":[7.99749,52.81831]}},{"type":"Feature","properties":{"CountryName":"Germany","Type of Animal":"Chicken"},"geometry":{"type":"Point","coordinates":[8.00271,52.81325]}},{"type":"Feature","properties":{"CountryName":"Germany","Type of Animal":"Pork"},"geometry":{"type":"Point","coordinates":[8.07699,52.91366]}},{"type":"Feature","properties":{"CountryName":"Germany","Type of Animal":"Chicken"},"geometry":{"type":"Point","coordinates":[8.06308,52.88644]}},{"type":"Feature","properties":{"CountryName":"Germany","Type of Animal":"Pork"},"geometry":{"type":"Point","coordinates":[8.22091,52.83076]}},{"type":"Feature","properties":{"CountryName":"Germany","Type of Animal":"Pork"},"geometry":{"type":"Point","coordinates":[8.21276,52.8363]}},{"type":"Feature","properties":{"CountryName":"Germany","Type of Animal":"Chicken"},"geometry":{"type":"Point","coordinates":[8.14464,52.82181]}},{"type":"Feature","properties":{"CountryName":"Germany","Type of Animal":"Pork"},"geometry":{"type":"Point","coordinates":[8.1489,52.85987]}},{"type":"Feature","properties":{"CountryName":"Germany","Type of Animal":"Chicken"},"geometry":{"type":"Point","coordinates":[8.20732,52.8344]}},{"type":"Feature","properties":{"CountryName":"Germany","Type of Animal":"Chicken"},"geometry":{"type":"Point","coordinates":[8.10194,52.85896]}},{"type":"Feature","properties":{"CountryName":"Germany","Type of Animal":"Chicken"},"geometry":{"type":"Point","coordinates":[8.13576,52.82371]}},{"type":"Feature","properties":{"CountryName":"Germany","Type of Animal":"Pork"},"geometry":{"type":"Point","coordinates":[8.13576,52.82371]}},{"type":"Feature","properties":{"CountryName":"Germany","Type of Animal":"Chicken"},"geometry":{"type":"Point","coordinates":[8.11994,52.82354]}},{"type":"Feature","properties":{"CountryName":"Germany","Type of Animal":"Pork"},"geometry":{"type":"Point","coordinates":[8.11994,52.82354]}},{"type":"Feature","properties":{"CountryName":"Germany","Type of Animal":"Pork"},"geometry":{"type":"Point","coordinates":[8.0962,52.85457]}},{"type":"Feature","properties":{"CountryName":"Germany","Type of Animal":"Pork"},"geometry":{"type":"Point","coordinates":[8.13582,52.87679]}},{"type":"Feature","properties":{"CountryName":"Germany","Type of Animal":"Pork"},"geometry":{"type":"Point","coordinates":[8.20228,52.81555]}},{"type":"Feature","properties":{"CountryName":"Germany","Type of Animal":"Pork"},"geometry":{"type":"Point","coordinates":[8.1027,52.8275]}},{"type":"Feature","properties":{"CountryName":"Germany","Type of Animal":"Pork"},"geometry":{"type":"Point","coordinates":[8.1027,52.8275]}},{"type":"Feature","properties":{"CountryName":"Germany","Type of Animal":"Pork"},"geometry":{"type":"Point","coordinates":[8.15234,52.88997]}},{"type":"Feature","properties":{"CountryName":"Germany","Type of Animal":"Pork"},"geometry":{"type":"Point","coordinates":[8.13144,52.87945]}},{"type":"Feature","properties":{"CountryName":"Germany","Type of Animal":"Pork"},"geometry":{"type":"Point","coordinates":[8.23899,52.81767]}},{"type":"Feature","properties":{"CountryName":"Germany","Type of Animal":"Chicken"},"geometry":{"type":"Point","coordinates":[8.1582,52.81717]}},{"type":"Feature","properties":{"CountryName":"Germany","Type of Animal":"Pork"},"geometry":{"type":"Point","coordinates":[8.1582,52.81717]}},{"type":"Feature","properties":{"CountryName":"Germany","Type of Animal":"Pork"},"geometry":{"type":"Point","coordinates":[8.2039,52.81285]}},{"type":"Feature","properties":{"CountryName":"Germany","Type of Animal":"Pork"},"geometry":{"type":"Point","coordinates":[8.17578,52.80177]}},{"type":"Feature","properties":{"CountryName":"Germany","Type of Animal":"Chicken"},"geometry":{"type":"Point","coordinates":[8.16382,52.88338]}},{"type":"Feature","properties":{"CountryName":"Germany","Type of Animal":"Chicken"},"geometry":{"type":"Point","coordinates":[8.10911,52.85102]}},{"type":"Feature","properties":{"CountryName":"Germany","Type of Animal":"Pork"},"geometry":{"type":"Point","coordinates":[8.08615,52.82842]}},{"type":"Feature","properties":{"CountryName":"Germany","Type of Animal":"Pork"},"geometry":{"type":"Point","coordinates":[8.22612,52.81471]}},{"type":"Feature","properties":{"CountryName":"Germany","Type of Animal":"Chicken"},"geometry":{"type":"Point","coordinates":[8.22312,52.83509]}},{"type":"Feature","properties":{"CountryName":"Germany","Type of Animal":"Chicken"},"geometry":{"type":"Point","coordinates":[8.18564,52.82987]}},{"type":"Feature","properties":{"CountryName":"Germany","Type of Animal":"Pork"},"geometry":{"type":"Point","coordinates":[8.22287,52.80151]}},{"type":"Feature","properties":{"CountryName":"Germany","Type of Animal":"Chicken"},"geometry":{"type":"Point","coordinates":[8.10883,52.89566]}},{"type":"Feature","properties":{"CountryName":"Germany","Type of Animal":"Chicken"},"geometry":{"type":"Point","coordinates":[8.11617,52.86751]}},{"type":"Feature","properties":{"CountryName":"Germany","Type of Animal":"Chicken"},"geometry":{"type":"Point","coordinates":[8.23561,52.84541]}},{"type":"Feature","properties":{"CountryName":"Germany","Type of Animal":"Chicken"},"geometry":{"type":"Point","coordinates":[8.10527,52.85578]}},{"type":"Feature","properties":{"CountryName":"Germany","Type of Animal":"Pork"},"geometry":{"type":"Point","coordinates":[8.21992,52.86331]}},{"type":"Feature","properties":{"CountryName":"Germany","Type of Animal":"Pork"},"geometry":{"type":"Point","coordinates":[8.00609,52.7627]}},{"type":"Feature","properties":{"CountryName":"Germany","Type of Animal":"Pork"},"geometry":{"type":"Point","coordinates":[8.02907,52.71964]}},{"type":"Feature","properties":{"CountryName":"Germany","Type of Animal":"Pork"},"geometry":{"type":"Point","coordinates":[7.99332,52.71732]}},{"type":"Feature","properties":{"CountryName":"Germany","Type of Animal":"Pork"},"geometry":{"type":"Point","coordinates":[7.96759,52.70226]}},{"type":"Feature","properties":{"CountryName":"Germany","Type of Animal":"Pork"},"geometry":{"type":"Point","coordinates":[7.9723,52.75246]}},{"type":"Feature","properties":{"CountryName":"Germany","Type of Animal":"Pork"},"geometry":{"type":"Point","coordinates":[7.93656,52.76005]}},{"type":"Feature","properties":{"CountryName":"Germany","Type of Animal":"Pork"},"geometry":{"type":"Point","coordinates":[7.99974,52.74339]}},{"type":"Feature","properties":{"CountryName":"Germany","Type of Animal":"Pork"},"geometry":{"type":"Point","coordinates":[7.99448,52.72612]}},{"type":"Feature","properties":{"CountryName":"Germany","Type of Animal":"Pork"},"geometry":{"type":"Point","coordinates":[7.91013,52.69351]}},{"type":"Feature","properties":{"CountryName":"Germany","Type of Animal":"Chicken"},"geometry":{"type":"Point","coordinates":[7.99332,52.71732]}},{"type":"Feature","properties":{"CountryName":"Germany","Type of Animal":"Pork"},"geometry":{"type":"Point","coordinates":[7.90488,52.75396]}},{"type":"Feature","properties":{"CountryName":"Germany","Type of Animal":"Chicken"},"geometry":{"type":"Point","coordinates":[7.97361,52.73166]}},{"type":"Feature","properties":{"CountryName":"Germany","Type of Animal":"Chicken"},"geometry":{"type":"Point","coordinates":[7.99312,52.71313]}},{"type":"Feature","properties":{"CountryName":"Germany","Type of Animal":"Pork"},"geometry":{"type":"Point","coordinates":[8.04764,52.70924]}},{"type":"Feature","properties":{"CountryName":"Germany","Type of Animal":"Pork"},"geometry":{"type":"Point","coordinates":[8.05545,52.75335]}},{"type":"Feature","properties":{"CountryName":"Germany","Type of Animal":"Pork"},"geometry":{"type":"Point","coordinates":[7.92937,52.68795]}},{"type":"Feature","properties":{"CountryName":"Germany","Type of Animal":"Pork"},"geometry":{"type":"Point","coordinates":[7.90661,52.74575]}},{"type":"Feature","properties":{"CountryName":"Germany","Type of Animal":"Pork"},"geometry":{"type":"Point","coordinates":[8.0046,52.69545]}},{"type":"Feature","properties":{"CountryName":"Germany","Type of Animal":"Pork"},"geometry":{"type":"Point","coordinates":[7.93889,52.75008]}},{"type":"Feature","properties":{"CountryName":"Germany","Type of Animal":"Chicken"},"geometry":{"type":"Point","coordinates":[7.9278,52.73467]}},{"type":"Feature","properties":{"CountryName":"Germany","Type of Animal":"Pork"},"geometry":{"type":"Point","coordinates":[7.96269,52.74093]}},{"type":"Feature","properties":{"CountryName":"Germany","Type of Animal":"Pork"},"geometry":{"type":"Point","coordinates":[8.03733,52.74189]}},{"type":"Feature","properties":{"CountryName":"Germany","Type of Animal":"Pork"},"geometry":{"type":"Point","coordinates":[7.99311,52.72353]}},{"type":"Feature","properties":{"CountryName":"Germany","Type of Animal":"Chicken"},"geometry":{"type":"Point","coordinates":[8.02607,52.75183]}},{"type":"Feature","properties":{"CountryName":"Germany","Type of Animal":"Pork"},"geometry":{"type":"Point","coordinates":[8.02496,52.72474]}},{"type":"Feature","properties":{"CountryName":"Germany","Type of Animal":"Pork"},"geometry":{"type":"Point","coordinates":[7.90201,52.72538]}},{"type":"Feature","properties":{"CountryName":"Germany","Type of Animal":"Pork"},"geometry":{"type":"Point","coordinates":[7.9988,52.72074]}},{"type":"Feature","properties":{"CountryName":"Germany","Type of Animal":"Pork"},"geometry":{"type":"Point","coordinates":[8.02134,52.73539]}},{"type":"Feature","properties":{"CountryName":"Germany","Type of Animal":"Pork"},"geometry":{"type":"Point","coordinates":[7.89198,52.73315]}},{"type":"Feature","properties":{"CountryName":"Germany","Type of Animal":"Chicken"},"geometry":{"type":"Point","coordinates":[7.98541,52.69472]}},{"type":"Feature","properties":{"CountryName":"Germany","Type of Animal":"Chicken"},"geometry":{"type":"Point","coordinates":[7.74344,53.00725]}},{"type":"Feature","properties":{"CountryName":"Germany","Type of Animal":"Pork"},"geometry":{"type":"Point","coordinates":[7.82102,52.9926]}},{"type":"Feature","properties":{"CountryName":"Germany","Type of Animal":"Chicken"},"geometry":{"type":"Point","coordinates":[7.76552,52.97111]}},{"type":"Feature","properties":{"CountryName":"Germany","Type of Animal":"Pork"},"geometry":{"type":"Point","coordinates":[7.8832,52.92572]}},{"type":"Feature","properties":{"CountryName":"Germany","Type of Animal":"Chicken"},"geometry":{"type":"Point","coordinates":[7.87392,53.06699]}},{"type":"Feature","properties":{"CountryName":"Germany","Type of Animal":"Chicken"},"geometry":{"type":"Point","coordinates":[7.79325,53.02224]}},{"type":"Feature","properties":{"CountryName":"Germany","Type of Animal":"Pork"},"geometry":{"type":"Point","coordinates":[7.72821,52.98098]}},{"type":"Feature","properties":{"CountryName":"Germany","Type of Animal":"Pork"},"geometry":{"type":"Point","coordinates":[7.82434,53.03324]}},{"type":"Feature","properties":{"CountryName":"Germany","Type of Animal":"Pork"},"geometry":{"type":"Point","coordinates":[7.8294,53.04693]}},{"type":"Feature","properties":{"CountryName":"Germany","Type of Animal":"Chicken"},"geometry":{"type":"Point","coordinates":[7.7367,52.98146]}},{"type":"Feature","properties":{"CountryName":"Germany","Type of Animal":"Pork"},"geometry":{"type":"Point","coordinates":[7.90121,53.11657]}},{"type":"Feature","properties":{"CountryName":"Germany","Type of Animal":"Chicken"},"geometry":{"type":"Point","coordinates":[7.8722,53.07348]}},{"type":"Feature","properties":{"CountryName":"Germany","Type of Animal":"Chicken"},"geometry":{"type":"Point","coordinates":[7.83071,53.04674]}},{"type":"Feature","properties":{"CountryName":"Germany","Type of Animal":"Chicken"},"geometry":{"type":"Point","coordinates":[7.85147,52.97525]}},{"type":"Feature","properties":{"CountryName":"Germany","Type of Animal":"Chicken"},"geometry":{"type":"Point","coordinates":[7.75332,52.98015]}},{"type":"Feature","properties":{"CountryName":"Germany","Type of Animal":"Pork"},"geometry":{"type":"Point","coordinates":[7.81068,52.9686]}},{"type":"Feature","properties":{"CountryName":"Germany","Type of Animal":"Pork"},"geometry":{"type":"Point","coordinates":[7.90925,52.96221]}},{"type":"Feature","properties":{"CountryName":"Germany","Type of Animal":"Chicken"},"geometry":{"type":"Point","coordinates":[7.93465,52.9412]}},{"type":"Feature","properties":{"CountryName":"Germany","Type of Animal":"Chicken"},"geometry":{"type":"Point","coordinates":[7.7638,52.99572]}},{"type":"Feature","properties":{"CountryName":"Germany","Type of Animal":"Chicken"},"geometry":{"type":"Point","coordinates":[7.72169,52.97157]}},{"type":"Feature","properties":{"CountryName":"Germany","Type of Animal":"Chicken"},"geometry":{"type":"Point","coordinates":[7.78746,52.9906]}},{"type":"Feature","properties":{"CountryName":"Germany","Type of Animal":"Chicken"},"geometry":{"type":"Point","coordinates":[7.7459,52.97028]}},{"type":"Feature","properties":{"CountryName":"Germany","Type of Animal":"Pork"},"geometry":{"type":"Point","coordinates":[7.91122,53.103]}},{"type":"Feature","properties":{"CountryName":"Germany","Type of Animal":"Chicken"},"geometry":{"type":"Point","coordinates":[7.85342,52.99936]}},{"type":"Feature","properties":{"CountryName":"Germany","Type of Animal":"Chicken"},"geometry":{"type":"Point","coordinates":[7.85761,52.93707]}},{"type":"Feature","properties":{"CountryName":"Germany","Type of Animal":"Chicken"},"geometry":{"type":"Point","coordinates":[7.85412,52.94991]}},{"type":"Feature","properties":{"CountryName":"Germany","Type of Animal":"Chicken"},"geometry":{"type":"Point","coordinates":[7.73178,52.9723]}},{"type":"Feature","properties":{"CountryName":"Germany","Type of Animal":"Chicken"},"geometry":{"type":"Point","coordinates":[7.73682,52.98079]}},{"type":"Feature","properties":{"CountryName":"Germany","Type of Animal":"Pork"},"geometry":{"type":"Point","coordinates":[7.88487,52.99229]}},{"type":"Feature","properties":{"CountryName":"Germany","Type of Animal":"Chicken"},"geometry":{"type":"Point","coordinates":[7.73576,52.99623]}},{"type":"Feature","properties":{"CountryName":"Germany","Type of Animal":"Pork"},"geometry":{"type":"Point","coordinates":[7.80651,52.98041]}},{"type":"Feature","properties":{"CountryName":"Germany","Type of Animal":"Pork"},"geometry":{"type":"Point","coordinates":[7.86888,52.9958]}},{"type":"Feature","properties":{"CountryName":"Germany","Type of Animal":"Pork"},"geometry":{"type":"Point","coordinates":[7.85656,52.98718]}},{"type":"Feature","properties":{"CountryName":"Germany","Type of Animal":"Chicken"},"geometry":{"type":"Point","coordinates":[7.76391,53.01804]}},{"type":"Feature","properties":{"CountryName":"Germany","Type of Animal":"Chicken"},"geometry":{"type":"Point","coordinates":[7.79062,52.95656]}},{"type":"Feature","properties":{"CountryName":"Germany","Type of Animal":"Pork"},"geometry":{"type":"Point","coordinates":[7.82428,53.03956]}},{"type":"Feature","properties":{"CountryName":"Germany","Type of Animal":"Chicken"},"geometry":{"type":"Point","coordinates":[7.89921,53.06146]}},{"type":"Feature","properties":{"CountryName":"Germany","Type of Animal":"Pork"},"geometry":{"type":"Point","coordinates":[7.91412,53.04485]}},{"type":"Feature","properties":{"CountryName":"Germany","Type of Animal":"Chicken"},"geometry":{"type":"Point","coordinates":[7.7369,52.98587]}},{"type":"Feature","properties":{"CountryName":"Germany","Type of Animal":"Pork"},"geometry":{"type":"Point","coordinates":[7.92649,53.04694]}},{"type":"Feature","properties":{"CountryName":"Germany","Type of Animal":"Chicken"},"geometry":{"type":"Point","coordinates":[7.84863,53.08016]}},{"type":"Feature","properties":{"CountryName":"Germany","Type of Animal":"Pork"},"geometry":{"type":"Point","coordinates":[7.76184,52.96063]}},{"type":"Feature","properties":{"CountryName":"Germany","Type of Animal":"Chicken"},"geometry":{"type":"Point","coordinates":[7.78289,53.07694]}},{"type":"Feature","properties":{"CountryName":"Germany","Type of Animal":"Chicken"},"geometry":{"type":"Point","coordinates":[7.74707,52.99562]}},{"type":"Feature","properties":{"CountryName":"Germany","Type of Animal":"Chicken"},"geometry":{"type":"Point","coordinates":[7.76798,52.98162]}},{"type":"Feature","properties":{"CountryName":"Germany","Type of Animal":"Chicken"},"geometry":{"type":"Point","coordinates":[7.76806,52.98176]}},{"type":"Feature","properties":{"CountryName":"Germany","Type of Animal":"Chicken"},"geometry":{"type":"Point","coordinates":[7.95002,52.94759]}},{"type":"Feature","properties":{"CountryName":"Germany","Type of Animal":"Chicken"},"geometry":{"type":"Point","coordinates":[7.77762,52.95658]}},{"type":"Feature","properties":{"CountryName":"Germany","Type of Animal":"Chicken"},"geometry":{"type":"Point","coordinates":[7.73194,52.9946]}},{"type":"Feature","properties":{"CountryName":"Germany","Type of Animal":"Chicken"},"geometry":{"type":"Point","coordinates":[7.73546,52.99269]}},{"type":"Feature","properties":{"CountryName":"Germany","Type of Animal":"Chicken"},"geometry":{"type":"Point","coordinates":[7.7356,52.99215]}},{"type":"Feature","properties":{"CountryName":"Germany","Type of Animal":"Chicken"},"geometry":{"type":"Point","coordinates":[7.81311,53.01424]}},{"type":"Feature","properties":{"CountryName":"Germany","Type of Animal":"Chicken"},"geometry":{"type":"Point","coordinates":[7.7287,52.98148]}},{"type":"Feature","properties":{"CountryName":"Germany","Type of Animal":"Chicken"},"geometry":{"type":"Point","coordinates":[7.92946,52.98191]}},{"type":"Feature","properties":{"CountryName":"Germany","Type of Animal":"Chicken"},"geometry":{"type":"Point","coordinates":[7.9284,52.97268]}},{"type":"Feature","properties":{"CountryName":"Germany","Type of Animal":"Chicken"},"geometry":{"type":"Point","coordinates":[7.72297,53.00013]}},{"type":"Feature","properties":{"CountryName":"Germany","Type of Animal":"Chicken"},"geometry":{"type":"Point","coordinates":[7.74116,52.97144]}},{"type":"Feature","properties":{"CountryName":"Germany","Type of Animal":"Chicken"},"geometry":{"type":"Point","coordinates":[7.82439,53.00929]}},{"type":"Feature","properties":{"CountryName":"Germany","Type of Animal":"Chicken"},"geometry":{"type":"Point","coordinates":[7.93694,52.95026]}},{"type":"Feature","properties":{"CountryName":"Germany","Type of Animal":"Chicken"},"geometry":{"type":"Point","coordinates":[7.86012,52.96273]}},{"type":"Feature","properties":{"CountryName":"Germany","Type of Animal":"Pork"},"geometry":{"type":"Point","coordinates":[7.75415,53.02011]}},{"type":"Feature","properties":{"CountryName":"Germany","Type of Animal":"Chicken"},"geometry":{"type":"Point","coordinates":[7.8108,52.9682]}},{"type":"Feature","properties":{"CountryName":"Germany","Type of Animal":"Chicken"},"geometry":{"type":"Point","coordinates":[7.73527,52.96916]}},{"type":"Feature","properties":{"CountryName":"Germany","Type of Animal":"Chicken"},"geometry":{"type":"Point","coordinates":[7.73668,52.97288]}},{"type":"Feature","properties":{"CountryName":"Germany","Type of Animal":"Pork"},"geometry":{"type":"Point","coordinates":[7.79821,53.0586]}},{"type":"Feature","properties":{"CountryName":"Germany","Type of Animal":"Chicken"},"geometry":{"type":"Point","coordinates":[7.75636,52.97997]}},{"type":"Feature","properties":{"CountryName":"Germany","Type of Animal":"Chicken"},"geometry":{"type":"Point","coordinates":[8.05917,52.95373]}},{"type":"Feature","properties":{"CountryName":"Germany","Type of Animal":"Pork"},"geometry":{"type":"Point","coordinates":[8.04946,52.97773]}},{"type":"Feature","properties":{"CountryName":"Germany","Type of Animal":"Pork"},"geometry":{"type":"Point","coordinates":[8.10048,52.9909]}},{"type":"Feature","properties":{"CountryName":"Germany","Type of Animal":"Pork"},"geometry":{"type":"Point","coordinates":[8.01653,52.89255]}},{"type":"Feature","properties":{"CountryName":"Germany","Type of Animal":"Pork"},"geometry":{"type":"Point","coordinates":[8.08766,52.96438]}},{"type":"Feature","properties":{"CountryName":"Germany","Type of Animal":"Chicken"},"geometry":{"type":"Point","coordinates":[8.10893,52.93435]}},{"type":"Feature","properties":{"CountryName":"Germany","Type of Animal":"Chicken"},"geometry":{"type":"Point","coordinates":[7.9846,52.96927]}},{"type":"Feature","properties":{"CountryName":"Germany","Type of Animal":"Pork"},"geometry":{"type":"Point","coordinates":[8.09336,52.95187]}},{"type":"Feature","properties":{"CountryName":"Germany","Type of Animal":"Chicken"},"geometry":{"type":"Point","coordinates":[8.06328,52.96498]}},{"type":"Feature","properties":{"CountryName":"Germany","Type of Animal":"Pork"},"geometry":{"type":"Point","coordinates":[8.06328,52.96498]}},{"type":"Feature","properties":{"CountryName":"Germany","Type of Animal":"Pork"},"geometry":{"type":"Point","coordinates":[8.10487,52.9609]}},{"type":"Feature","properties":{"CountryName":"Germany","Type of Animal":"Pork"},"geometry":{"type":"Point","coordinates":[8.09207,52.92945]}},{"type":"Feature","properties":{"CountryName":"Germany","Type of Animal":"Pork"},"geometry":{"type":"Point","coordinates":[8.08385,52.95025]}},{"type":"Feature","properties":{"CountryName":"Germany","Type of Animal":"Chicken"},"geometry":{"type":"Point","coordinates":[7.9878,52.93305]}},{"type":"Feature","properties":{"CountryName":"Germany","Type of Animal":"Pork"},"geometry":{"type":"Point","coordinates":[8.07005,53.00401]}},{"type":"Feature","properties":{"CountryName":"Germany","Type of Animal":"Pork"},"geometry":{"type":"Point","coordinates":[8.00992,52.95732]}},{"type":"Feature","properties":{"CountryName":"Germany","Type of Animal":"Chicken"},"geometry":{"type":"Point","coordinates":[8.05412,52.94859]}},{"type":"Feature","properties":{"CountryName":"Germany","Type of Animal":"Pork"},"geometry":{"type":"Point","coordinates":[8.08894,52.95466]}},{"type":"Feature","properties":{"CountryName":"Germany","Type of Animal":"Chicken"},"geometry":{"type":"Point","coordinates":[8.08946,52.92286]}},{"type":"Feature","properties":{"CountryName":"Germany","Type of Animal":"Pork"},"geometry":{"type":"Point","coordinates":[8.08256,52.96751]}},{"type":"Feature","properties":{"CountryName":"Germany","Type of Animal":"Pork"},"geometry":{"type":"Point","coordinates":[8.10574,52.96805]}},{"type":"Feature","properties":{"CountryName":"Germany","Type of Animal":"Pork"},"geometry":{"type":"Point","coordinates":[8.04377,52.99351]}},{"type":"Feature","properties":{"CountryName":"Germany","Type of Animal":"Pork"},"geometry":{"type":"Point","coordinates":[8.06938,52.93921]}},{"type":"Feature","properties":{"CountryName":"Germany","Type of Animal":"Pork"},"geometry":{"type":"Point","coordinates":[8.11399,52.92986]}},{"type":"Feature","properties":{"CountryName":"Germany","Type of Animal":"Chicken"},"geometry":{"type":"Point","coordinates":[8.01087,52.95573]}},{"type":"Feature","properties":{"CountryName":"Germany","Type of Animal":"Chicken"},"geometry":{"type":"Point","coordinates":[8.09382,52.97174]}},{"type":"Feature","properties":{"CountryName":"Germany","Type of Animal":"Chicken"},"geometry":{"type":"Point","coordinates":[8.04475,52.92533]}},{"type":"Feature","properties":{"CountryName":"Germany","Type of Animal":"Chicken"},"geometry":{"type":"Point","coordinates":[7.97556,52.91426]}},{"type":"Feature","properties":{"CountryName":"Germany","Type of Animal":"Pork"},"geometry":{"type":"Point","coordinates":[8.06332,52.94413]}},{"type":"Feature","properties":{"CountryName":"Germany","Type of Animal":"Chicken"},"geometry":{"type":"Point","coordinates":[8.02723,52.90321]}},{"type":"Feature","properties":{"CountryName":"Germany","Type of Animal":"Chicken"},"geometry":{"type":"Point","coordinates":[8.08003,52.99161]}},{"type":"Feature","properties":{"CountryName":"Germany","Type of Animal":"Chicken"},"geometry":{"type":"Point","coordinates":[7.99136,52.95462]}},{"type":"Feature","properties":{"CountryName":"Germany","Type of Animal":"Pork"},"geometry":{"type":"Point","coordinates":[8.01252,52.93169]}},{"type":"Feature","properties":{"CountryName":"Germany","Type of Animal":"Chicken"},"geometry":{"type":"Point","coordinates":[8.07821,53.00193]}},{"type":"Feature","properties":{"CountryName":"Germany","Type of Animal":"Chicken"},"geometry":{"type":"Point","coordinates":[8.00578,52.95021]}},{"type":"Feature","properties":{"CountryName":"Germany","Type of Animal":"Pork"},"geometry":{"type":"Point","coordinates":[8.06636,52.9885]}},{"type":"Feature","properties":{"CountryName":"Germany","Type of Animal":"Pork"},"geometry":{"type":"Point","coordinates":[7.81962,52.80203]}},{"type":"Feature","properties":{"CountryName":"Germany","Type of Animal":"Pork"},"geometry":{"type":"Point","coordinates":[7.83386,52.75665]}},{"type":"Feature","properties":{"CountryName":"Germany","Type of Animal":"Pork"},"geometry":{"type":"Point","coordinates":[7.95443,52.7732]}},{"type":"Feature","properties":{"CountryName":"Germany","Type of Animal":"Pork"},"geometry":{"type":"Point","coordinates":[7.92495,52.77692]}},{"type":"Feature","properties":{"CountryName":"Germany","Type of Animal":"Pork"},"geometry":{"type":"Point","coordinates":[7.80413,52.79178]}},{"type":"Feature","properties":{"CountryName":"Germany","Type of Animal":"Chicken"},"geometry":{"type":"Point","coordinates":[7.84842,52.80449]}},{"type":"Feature","properties":{"CountryName":"Germany","Type of Animal":"Chicken"},"geometry":{"type":"Point","coordinates":[7.89238,52.8207]}},{"type":"Feature","properties":{"CountryName":"Germany","Type of Animal":"Chicken"},"geometry":{"type":"Point","coordinates":[7.83732,52.79086]}},{"type":"Feature","properties":{"CountryName":"Germany","Type of Animal":"Chicken"},"geometry":{"type":"Point","coordinates":[7.89268,52.76582]}},{"type":"Feature","properties":{"CountryName":"Germany","Type of Animal":"Chicken"},"geometry":{"type":"Point","coordinates":[7.84259,52.78356]}},{"type":"Feature","properties":{"CountryName":"Germany","Type of Animal":"Chicken"},"geometry":{"type":"Point","coordinates":[7.90704,52.81605]}},{"type":"Feature","properties":{"CountryName":"Germany","Type of Animal":"Pork"},"geometry":{"type":"Point","coordinates":[7.95068,52.76979]}},{"type":"Feature","properties":{"CountryName":"Germany","Type of Animal":"Chicken"},"geometry":{"type":"Point","coordinates":[7.81579,52.78728]}},{"type":"Feature","properties":{"CountryName":"Germany","Type of Animal":"Chicken"},"geometry":{"type":"Point","coordinates":[7.97656,52.80013]}},{"type":"Feature","properties":{"CountryName":"Germany","Type of Animal":"Pork"},"geometry":{"type":"Point","coordinates":[7.82463,52.79387]}},{"type":"Feature","properties":{"CountryName":"Germany","Type of Animal":"Pork"},"geometry":{"type":"Point","coordinates":[7.96558,52.77031]}},{"type":"Feature","properties":{"CountryName":"Germany","Type of Animal":"Pork"},"geometry":{"type":"Point","coordinates":[7.95041,52.81029]}},{"type":"Feature","properties":{"CountryName":"Germany","Type of Animal":"Pork"},"geometry":{"type":"Point","coordinates":[7.98358,52.79706]}},{"type":"Feature","properties":{"CountryName":"Germany","Type of Animal":"Pork"},"geometry":{"type":"Point","coordinates":[7.91105,52.77566]}},{"type":"Feature","properties":{"CountryName":"Germany","Type of Animal":"Pork"},"geometry":{"type":"Point","coordinates":[7.92151,52.77282]}},{"type":"Feature","properties":{"CountryName":"Germany","Type of Animal":"Chicken"},"geometry":{"type":"Point","coordinates":[7.83539,52.79997]}},{"type":"Feature","properties":{"CountryName":"Germany","Type of Animal":"Pork"},"geometry":{"type":"Point","coordinates":[7.99457,52.77364]}},{"type":"Feature","properties":{"CountryName":"Germany","Type of Animal":"Pork"},"geometry":{"type":"Point","coordinates":[7.76782,52.83461]}},{"type":"Feature","properties":{"CountryName":"Germany","Type of Animal":"Chicken"},"geometry":{"type":"Point","coordinates":[7.79687,52.85762]}},{"type":"Feature","properties":{"CountryName":"Germany","Type of Animal":"Chicken"},"geometry":{"type":"Point","coordinates":[7.80656,52.81678]}},{"type":"Feature","properties":{"CountryName":"Germany","Type of Animal":"Chicken"},"geometry":{"type":"Point","coordinates":[7.78443,52.80205]}},{"type":"Feature","properties":{"CountryName":"Germany","Type of Animal":"Chicken"},"geometry":{"type":"Point","coordinates":[7.79616,52.83194]}},{"type":"Feature","properties":{"CountryName":"Germany","Type of Animal":"Chicken"},"geometry":{"type":"Point","coordinates":[7.80943,52.75628]}},{"type":"Feature","properties":{"CountryName":"Germany","Type of Animal":"Chicken"},"geometry":{"type":"Point","coordinates":[7.75942,52.77598]}},{"type":"Feature","properties":{"CountryName":"Germany","Type of Animal":"Pork"},"geometry":{"type":"Point","coordinates":[7.74769,52.72315]}},{"type":"Feature","properties":{"CountryName":"Germany","Type of Animal":"Pork"},"geometry":{"type":"Point","coordinates":[7.71421,52.79362]}},{"type":"Feature","properties":{"CountryName":"Germany","Type of Animal":"Chicken"},"geometry":{"type":"Point","coordinates":[7.79196,52.75514]}},{"type":"Feature","properties":{"CountryName":"Germany","Type of Animal":"Pork"},"geometry":{"type":"Point","coordinates":[7.81136,52.74555]}},{"type":"Feature","properties":{"CountryName":"Germany","Type of Animal":"Pork"},"geometry":{"type":"Point","coordinates":[7.74664,52.72148]}},{"type":"Feature","properties":{"CountryName":"Germany","Type of Animal":"Chicken"},"geometry":{"type":"Point","coordinates":[7.78411,52.7526]}},{"type":"Feature","properties":{"CountryName":"Germany","Type of Animal":"Pork"},"geometry":{"type":"Point","coordinates":[7.76139,52.77517]}},{"type":"Feature","properties":{"CountryName":"Germany","Type of Animal":"Pork"},"geometry":{"type":"Point","coordinates":[7.71722,52.74474]}},{"type":"Feature","properties":{"CountryName":"Germany","Type of Animal":"Pork"},"geometry":{"type":"Point","coordinates":[7.71692,52.73417]}},{"type":"Feature","properties":{"CountryName":"Germany","Type of Animal":"Chicken"},"geometry":{"type":"Point","coordinates":[7.76445,52.71147]}},{"type":"Feature","properties":{"CountryName":"Germany","Type of Animal":"Chicken"},"geometry":{"type":"Point","coordinates":[7.64335,52.72712]}},{"type":"Feature","properties":{"CountryName":"Germany","Type of Animal":"Chicken"},"geometry":{"type":"Point","coordinates":[7.75857,52.77567]}},{"type":"Feature","properties":{"CountryName":"Germany","Type of Animal":"Pork"},"geometry":{"type":"Point","coordinates":[7.7974,52.69228]}},{"type":"Feature","properties":{"CountryName":"Germany","Type of Animal":"Pork"},"geometry":{"type":"Point","coordinates":[7.82061,52.74747]}},{"type":"Feature","properties":{"CountryName":"Germany","Type of Animal":"Chicken"},"geometry":{"type":"Point","coordinates":[7.82061,52.74747]}},{"type":"Feature","properties":{"CountryName":"Germany","Type of Animal":"Pork"},"geometry":{"type":"Point","coordinates":[7.66596,52.71031]}},{"type":"Feature","properties":{"CountryName":"Germany","Type of Animal":"Chicken"},"geometry":{"type":"Point","coordinates":[7.70657,52.75123]}},{"type":"Feature","properties":{"CountryName":"Germany","Type of Animal":"Chicken"},"geometry":{"type":"Point","coordinates":[7.6819,52.72748]}},{"type":"Feature","properties":{"CountryName":"Germany","Type of Animal":"Chicken"},"geometry":{"type":"Point","coordinates":[7.95697,52.87332]}},{"type":"Feature","properties":{"CountryName":"Germany","Type of Animal":"Pork"},"geometry":{"type":"Point","coordinates":[7.9662,52.88104]}},{"type":"Feature","properties":{"CountryName":"Germany","Type of Animal":"Pork"},"geometry":{"type":"Point","coordinates":[7.85132,52.88084]}},{"type":"Feature","properties":{"CountryName":"Germany","Type of Animal":"Pork"},"geometry":{"type":"Point","coordinates":[7.96263,52.86569]}},{"type":"Feature","properties":{"CountryName":"Germany","Type of Animal":"Pork"},"geometry":{"type":"Point","coordinates":[7.82258,52.88011]}},{"type":"Feature","properties":{"CountryName":"Germany","Type of Animal":"Pork"},"geometry":{"type":"Point","coordinates":[7.94637,52.86407]}},{"type":"Feature","properties":{"CountryName":"Germany","Type of Animal":"Pork"},"geometry":{"type":"Point","coordinates":[7.91217,52.84283]}},{"type":"Feature","properties":{"CountryName":"Germany","Type of Animal":"Pork"},"geometry":{"type":"Point","coordinates":[7.82002,52.87696]}},{"type":"Feature","properties":{"CountryName":"Germany","Type of Animal":"Pork"},"geometry":{"type":"Point","coordinates":[7.80298,52.88022]}},{"type":"Feature","properties":{"CountryName":"Germany","Type of Animal":"Pork"},"geometry":{"type":"Point","coordinates":[7.91159,52.83069]}},{"type":"Feature","properties":{"CountryName":"Germany","Type of Animal":"Chicken"},"geometry":{"type":"Point","coordinates":[7.86368,52.83721]}},{"type":"Feature","properties":{"CountryName":"Germany","Type of Animal":"Chicken"},"geometry":{"type":"Point","coordinates":[7.81813,52.88066]}},{"type":"Feature","properties":{"CountryName":"Germany","Type of Animal":"Chicken"},"geometry":{"type":"Point","coordinates":[7.91823,52.87652]}},{"type":"Feature","properties":{"CountryName":"Germany","Type of Animal":"Pork"},"geometry":{"type":"Point","coordinates":[7.6704,53.07294]}},{"type":"Feature","properties":{"CountryName":"Germany","Type of Animal":"Pork"},"geometry":{"type":"Point","coordinates":[7.71786,53.07429]}},{"type":"Feature","properties":{"CountryName":"Germany","Type of Animal":"Chicken"},"geometry":{"type":"Point","coordinates":[7.67785,53.07104]}},{"type":"Feature","properties":{"CountryName":"Germany","Type of Animal":"Chicken"},"geometry":{"type":"Point","coordinates":[7.69971,53.11703]}},{"type":"Feature","properties":{"CountryName":"Germany","Type of Animal":"Pork"},"geometry":{"type":"Point","coordinates":[7.71894,53.05824]}},{"type":"Feature","properties":{"CountryName":"Germany","Type of Animal":"Pork"},"geometry":{"type":"Point","coordinates":[7.69525,53.05739]}},{"type":"Feature","properties":{"CountryName":"Germany","Type of Animal":"Chicken"},"geometry":{"type":"Point","coordinates":[7.71101,53.05595]}},{"type":"Feature","properties":{"CountryName":"Germany","Type of Animal":"Chicken"},"geometry":{"type":"Point","coordinates":[7.73184,52.96293]}},{"type":"Feature","properties":{"CountryName":"Germany","Type of Animal":"Chicken"},"geometry":{"type":"Point","coordinates":[10.29259,52.54155]}},{"type":"Feature","properties":{"CountryName":"Germany","Type of Animal":"Pork"},"geometry":{"type":"Point","coordinates":[10.36333,52.64591]}},{"type":"Feature","properties":{"CountryName":"Germany","Type of Animal":"Chicken"},"geometry":{"type":"Point","coordinates":[9.84301,52.73197]}},{"type":"Feature","properties":{"CountryName":"Germany","Type of Animal":"Chicken"},"geometry":{"type":"Point","coordinates":[10.30544,52.57903]}},{"type":"Feature","properties":{"CountryName":"Germany","Type of Animal":"Chicken"},"geometry":{"type":"Point","coordinates":[10.27603,52.65453]}},{"type":"Feature","properties":{"CountryName":"Germany","Type of Animal":"Pork"},"geometry":{"type":"Point","coordinates":[7.58256,52.49559]}},{"type":"Feature","properties":{"CountryName":"Germany","Type of Animal":"Chicken"},"geometry":{"type":"Point","coordinates":[7.59971,52.51612]}},{"type":"Feature","properties":{"CountryName":"Germany","Type of Animal":"Chicken"},"geometry":{"type":"Point","coordinates":[7.42427,52.56126]}},{"type":"Feature","properties":{"CountryName":"Germany","Type of Animal":"Chicken"},"geometry":{"type":"Point","coordinates":[7.40921,52.57137]}},{"type":"Feature","properties":{"CountryName":"Germany","Type of Animal":"Chicken"},"geometry":{"type":"Point","coordinates":[7.4243,52.59005]}},{"type":"Feature","properties":{"CountryName":"Germany","Type of Animal":"Chicken"},"geometry":{"type":"Point","coordinates":[7.41102,52.5956]}},{"type":"Feature","properties":{"CountryName":"Germany","Type of Animal":"Pork"},"geometry":{"type":"Point","coordinates":[7.39821,52.57358]}},{"type":"Feature","properties":{"CountryName":"Germany","Type of Animal":"Pork"},"geometry":{"type":"Point","coordinates":[7.48453,52.44082]}},{"type":"Feature","properties":{"CountryName":"Germany","Type of Animal":"Pork"},"geometry":{"type":"Point","coordinates":[7.48867,52.45137]}},{"type":"Feature","properties":{"CountryName":"Germany","Type of Animal":"Pork"},"geometry":{"type":"Point","coordinates":[7.5043,52.45039]}},{"type":"Feature","properties":{"CountryName":"Germany","Type of Animal":"Chicken"},"geometry":{"type":"Point","coordinates":[7.55592,52.92533]}},{"type":"Feature","properties":{"CountryName":"Germany","Type of Animal":"Chicken"},"geometry":{"type":"Point","coordinates":[7.25659,52.94829]}},{"type":"Feature","properties":{"CountryName":"Germany","Type of Animal":"Chicken"},"geometry":{"type":"Point","coordinates":[7.2189,52.95736]}},{"type":"Feature","properties":{"CountryName":"Germany","Type of Animal":"Chicken"},"geometry":{"type":"Point","coordinates":[7.25482,52.97704]}},{"type":"Feature","properties":{"CountryName":"Germany","Type of Animal":"Chicken"},"geometry":{"type":"Point","coordinates":[7.24619,52.9448]}},{"type":"Feature","properties":{"CountryName":"Germany","Type of Animal":"Chicken"},"geometry":{"type":"Point","coordinates":[7.25749,52.94947]}},{"type":"Feature","properties":{"CountryName":"Germany","Type of Animal":"Chicken"},"geometry":{"type":"Point","coordinates":[7.25869,52.9785]}},{"type":"Feature","properties":{"CountryName":"Germany","Type of Animal":"Pork"},"geometry":{"type":"Point","coordinates":[7.25638,52.95572]}},{"type":"Feature","properties":{"CountryName":"Germany","Type of Animal":"Pork"},"geometry":{"type":"Point","coordinates":[7.26175,52.97691]}},{"type":"Feature","properties":{"CountryName":"Germany","Type of Animal":"Chicken"},"geometry":{"type":"Point","coordinates":[7.24917,52.96541]}},{"type":"Feature","properties":{"CountryName":"Germany","Type of Animal":"Pork"},"geometry":{"type":"Point","coordinates":[7.27639,52.95713]}},{"type":"Feature","properties":{"CountryName":"Germany","Type of Animal":"Chicken"},"geometry":{"type":"Point","coordinates":[7.24917,52.96043]}},{"type":"Feature","properties":{"CountryName":"Germany","Type of Animal":"Pork"},"geometry":{"type":"Point","coordinates":[7.22995,52.95365]}},{"type":"Feature","properties":{"CountryName":"Germany","Type of Animal":"Chicken"},"geometry":{"type":"Point","coordinates":[7.37178,52.96378]}},{"type":"Feature","properties":{"CountryName":"Germany","Type of Animal":"Chicken"},"geometry":{"type":"Point","coordinates":[7.4026,52.96507]}},{"type":"Feature","properties":{"CountryName":"Germany","Type of Animal":"Chicken"},"geometry":{"type":"Point","coordinates":[7.39619,52.96789]}},{"type":"Feature","properties":{"CountryName":"Germany","Type of Animal":"Chicken"},"geometry":{"type":"Point","coordinates":[7.30736,52.97755]}},{"type":"Feature","properties":{"CountryName":"Germany","Type of Animal":"Chicken"},"geometry":{"type":"Point","coordinates":[7.36502,52.95066]}},{"type":"Feature","properties":{"CountryName":"Germany","Type of Animal":"Chicken"},"geometry":{"type":"Point","coordinates":[7.4019,52.95574]}},{"type":"Feature","properties":{"CountryName":"Germany","Type of Animal":"Chicken"},"geometry":{"type":"Point","coordinates":[7.3763,52.94968]}},{"type":"Feature","properties":{"CountryName":"Germany","Type of Animal":"Chicken"},"geometry":{"type":"Point","coordinates":[7.39977,52.97219]}},{"type":"Feature","properties":{"CountryName":"Germany","Type of Animal":"Chicken"},"geometry":{"type":"Point","coordinates":[7.37711,52.95645]}},{"type":"Feature","properties":{"CountryName":"Germany","Type of Animal":"Chicken"},"geometry":{"type":"Point","coordinates":[7.40253,52.97447]}},{"type":"Feature","properties":{"CountryName":"Germany","Type of Animal":"Chicken"},"geometry":{"type":"Point","coordinates":[7.31023,52.36218]}},{"type":"Feature","properties":{"CountryName":"Germany","Type of Animal":"Pork"},"geometry":{"type":"Point","coordinates":[7.28275,52.37627]}},{"type":"Feature","properties":{"CountryName":"Germany","Type of Animal":"Pork"},"geometry":{"type":"Point","coordinates":[7.38839,52.39444]}},{"type":"Feature","properties":{"CountryName":"Germany","Type of Animal":"Chicken"},"geometry":{"type":"Point","coordinates":[7.26549,52.43276]}},{"type":"Feature","properties":{"CountryName":"Germany","Type of Animal":"Pork"},"geometry":{"type":"Point","coordinates":[7.33942,52.40035]}},{"type":"Feature","properties":{"CountryName":"Germany","Type of Animal":"Chicken"},"geometry":{"type":"Point","coordinates":[7.66618,53.003]}},{"type":"Feature","properties":{"CountryName":"Germany","Type of Animal":"Chicken"},"geometry":{"type":"Point","coordinates":[7.60539,52.97191]}},{"type":"Feature","properties":{"CountryName":"Germany","Type of Animal":"Pork"},"geometry":{"type":"Point","coordinates":[7.58175,52.47706]}},{"type":"Feature","properties":{"CountryName":"Germany","Type of Animal":"Pork"},"geometry":{"type":"Point","coordinates":[7.54938,52.4398]}},{"type":"Feature","properties":{"CountryName":"Germany","Type of Animal":"Chicken"},"geometry":{"type":"Point","coordinates":[7.52907,52.4447]}},{"type":"Feature","properties":{"CountryName":"Germany","Type of Animal":"Pork"},"geometry":{"type":"Point","coordinates":[7.52266,52.45137]}},{"type":"Feature","properties":{"CountryName":"Germany","Type of Animal":"Chicken"},"geometry":{"type":"Point","coordinates":[7.56804,52.47609]}},{"type":"Feature","properties":{"CountryName":"Germany","Type of Animal":"Pork"},"geometry":{"type":"Point","coordinates":[7.52167,52.49679]}},{"type":"Feature","properties":{"CountryName":"Germany","Type of Animal":"Pork"},"geometry":{"type":"Point","coordinates":[7.53243,52.47062]}},{"type":"Feature","properties":{"CountryName":"Germany","Type of Animal":"Chicken"},"geometry":{"type":"Point","coordinates":[7.55885,52.46072]}},{"type":"Feature","properties":{"CountryName":"Germany","Type of Animal":"Pork"},"geometry":{"type":"Point","coordinates":[7.31945,52.90138]}},{"type":"Feature","properties":{"CountryName":"Germany","Type of Animal":"Chicken"},"geometry":{"type":"Point","coordinates":[7.37454,52.87713]}},{"type":"Feature","properties":{"CountryName":"Germany","Type of Animal":"Pork"},"geometry":{"type":"Point","coordinates":[7.35448,52.62523]}},{"type":"Feature","properties":{"CountryName":"Germany","Type of Animal":"Chicken"},"geometry":{"type":"Point","coordinates":[7.15773,52.62857]}},{"type":"Feature","properties":{"CountryName":"Germany","Type of Animal":"Chicken"},"geometry":{"type":"Point","coordinates":[7.19507,52.64234]}},{"type":"Feature","properties":{"CountryName":"Germany","Type of Animal":"Chicken"},"geometry":{"type":"Point","coordinates":[7.20461,52.64102]}},{"type":"Feature","properties":{"CountryName":"Germany","Type of Animal":"Pork"},"geometry":{"type":"Point","coordinates":[7.20679,52.64233]}},{"type":"Feature","properties":{"CountryName":"Germany","Type of Animal":"Chicken"},"geometry":{"type":"Point","coordinates":[7.13916,52.62612]}},{"type":"Feature","properties":{"CountryName":"Germany","Type of Animal":"Chicken"},"geometry":{"type":"Point","coordinates":[7.16144,52.62822]}},{"type":"Feature","properties":{"CountryName":"Germany","Type of Animal":"Pork"},"geometry":{"type":"Point","coordinates":[7.13421,52.61941]}},{"type":"Feature","properties":{"CountryName":"Germany","Type of Animal":"Chicken"},"geometry":{"type":"Point","coordinates":[7.21244,52.62454]}},{"type":"Feature","properties":{"CountryName":"Germany","Type of Animal":"Chicken"},"geometry":{"type":"Point","coordinates":[7.23135,52.60951]}},{"type":"Feature","properties":{"CountryName":"Germany","Type of Animal":"Chicken"},"geometry":{"type":"Point","coordinates":[7.23734,52.61398]}},{"type":"Feature","properties":{"CountryName":"Germany","Type of Animal":"Chicken"},"geometry":{"type":"Point","coordinates":[7.24026,52.64331]}},{"type":"Feature","properties":{"CountryName":"Germany","Type of Animal":"Pork"},"geometry":{"type":"Point","coordinates":[7.24593,52.57805]}},{"type":"Feature","properties":{"CountryName":"Germany","Type of Animal":"Chicken"},"geometry":{"type":"Point","coordinates":[7.2329,52.63078]}},{"type":"Feature","properties":{"CountryName":"Germany","Type of Animal":"Pork"},"geometry":{"type":"Point","coordinates":[7.2938,52.62521]}},{"type":"Feature","properties":{"CountryName":"Germany","Type of Animal":"Chicken"},"geometry":{"type":"Point","coordinates":[7.14745,52.62991]}},{"type":"Feature","properties":{"CountryName":"Germany","Type of Animal":"Chicken"},"geometry":{"type":"Point","coordinates":[7.19706,52.64321]}},{"type":"Feature","properties":{"CountryName":"Germany","Type of Animal":"Chicken"},"geometry":{"type":"Point","coordinates":[7.21319,52.55657]}},{"type":"Feature","properties":{"CountryName":"Germany","Type of Animal":"Chicken"},"geometry":{"type":"Point","coordinates":[7.21639,52.57082]}},{"type":"Feature","properties":{"CountryName":"Germany","Type of Animal":"Pork"},"geometry":{"type":"Point","coordinates":[7.20334,52.58968]}},{"type":"Feature","properties":{"CountryName":"Germany","Type of Animal":"Chicken"},"geometry":{"type":"Point","coordinates":[7.51155,52.59298]}},{"type":"Feature","properties":{"CountryName":"Germany","Type of Animal":"Chicken"},"geometry":{"type":"Point","coordinates":[7.48934,52.77768]}},{"type":"Feature","properties":{"CountryName":"Germany","Type of Animal":"Chicken"},"geometry":{"type":"Point","coordinates":[7.50284,52.78817]}},{"type":"Feature","properties":{"CountryName":"Germany","Type of Animal":"Chicken"},"geometry":{"type":"Point","coordinates":[7.51142,52.76392]}},{"type":"Feature","properties":{"CountryName":"Germany","Type of Animal":"Chicken"},"geometry":{"type":"Point","coordinates":[7.4894,52.79268]}},{"type":"Feature","properties":{"CountryName":"Germany","Type of Animal":"Chicken"},"geometry":{"type":"Point","coordinates":[7.48112,52.77365]}},{"type":"Feature","properties":{"CountryName":"Germany","Type of Animal":"Pork"},"geometry":{"type":"Point","coordinates":[7.56378,52.57245]}},{"type":"Feature","properties":{"CountryName":"Germany","Type of Animal":"Chicken"},"geometry":{"type":"Point","coordinates":[7.60171,52.55104]}},{"type":"Feature","properties":{"CountryName":"Germany","Type of Animal":"Pork"},"geometry":{"type":"Point","coordinates":[7.57835,52.57876]}},{"type":"Feature","properties":{"CountryName":"Germany","Type of Animal":"Pork"},"geometry":{"type":"Point","coordinates":[7.2521,52.75517]}},{"type":"Feature","properties":{"CountryName":"Germany","Type of Animal":"Chicken"},"geometry":{"type":"Point","coordinates":[7.10117,52.82425]}},{"type":"Feature","properties":{"CountryName":"Germany","Type of Animal":"Chicken"},"geometry":{"type":"Point","coordinates":[7.15291,52.81674]}},{"type":"Feature","properties":{"CountryName":"Germany","Type of Animal":"Chicken"},"geometry":{"type":"Point","coordinates":[7.25963,52.82348]}},{"type":"Feature","properties":{"CountryName":"Germany","Type of Animal":"Chicken"},"geometry":{"type":"Point","coordinates":[7.21583,52.74156]}},{"type":"Feature","properties":{"CountryName":"Germany","Type of Animal":"Chicken"},"geometry":{"type":"Point","coordinates":[7.10263,52.72836]}},{"type":"Feature","properties":{"CountryName":"Germany","Type of Animal":"Chicken"},"geometry":{"type":"Point","coordinates":[7.09538,52.79668]}},{"type":"Feature","properties":{"CountryName":"Germany","Type of Animal":"Chicken"},"geometry":{"type":"Point","coordinates":[7.14036,52.77925]}},{"type":"Feature","properties":{"CountryName":"Germany","Type of Animal":"Chicken"},"geometry":{"type":"Point","coordinates":[7.12337,52.79956]}},{"type":"Feature","properties":{"CountryName":"Germany","Type of Animal":"Chicken"},"geometry":{"type":"Point","coordinates":[7.32304,52.80791]}},{"type":"Feature","properties":{"CountryName":"Germany","Type of Animal":"Chicken"},"geometry":{"type":"Point","coordinates":[7.1097,52.84616]}},{"type":"Feature","properties":{"CountryName":"Germany","Type of Animal":"Chicken"},"geometry":{"type":"Point","coordinates":[7.1131,52.81885]}},{"type":"Feature","properties":{"CountryName":"Germany","Type of Animal":"Chicken"},"geometry":{"type":"Point","coordinates":[7.17974,52.74625]}},{"type":"Feature","properties":{"CountryName":"Germany","Type of Animal":"Chicken"},"geometry":{"type":"Point","coordinates":[7.08555,52.81355]}},{"type":"Feature","properties":{"CountryName":"Germany","Type of Animal":"Chicken"},"geometry":{"type":"Point","coordinates":[7.14849,52.76224]}},{"type":"Feature","properties":{"CountryName":"Germany","Type of Animal":"Chicken"},"geometry":{"type":"Point","coordinates":[7.2173,52.7515]}},{"type":"Feature","properties":{"CountryName":"Germany","Type of Animal":"Chicken"},"geometry":{"type":"Point","coordinates":[7.10241,52.75449]}},{"type":"Feature","properties":{"CountryName":"Germany","Type of Animal":"Chicken"},"geometry":{"type":"Point","coordinates":[7.15291,52.81675]}},{"type":"Feature","properties":{"CountryName":"Germany","Type of Animal":"Chicken"},"geometry":{"type":"Point","coordinates":[7.12271,52.87645]}},{"type":"Feature","properties":{"CountryName":"Germany","Type of Animal":"Chicken"},"geometry":{"type":"Point","coordinates":[7.1404,52.76677]}},{"type":"Feature","properties":{"CountryName":"Germany","Type of Animal":"Chicken"},"geometry":{"type":"Point","coordinates":[7.15318,52.76454]}},{"type":"Feature","properties":{"CountryName":"Germany","Type of Animal":"Chicken"},"geometry":{"type":"Point","coordinates":[7.1433,52.76062]}},{"type":"Feature","properties":{"CountryName":"Germany","Type of Animal":"Chicken"},"geometry":{"type":"Point","coordinates":[7.18362,52.77217]}},{"type":"Feature","properties":{"CountryName":"Germany","Type of Animal":"Chicken"},"geometry":{"type":"Point","coordinates":[7.18939,52.75642]}},{"type":"Feature","properties":{"CountryName":"Germany","Type of Animal":"Chicken"},"geometry":{"type":"Point","coordinates":[7.17201,52.7421]}},{"type":"Feature","properties":{"CountryName":"Germany","Type of Animal":"Chicken"},"geometry":{"type":"Point","coordinates":[7.10024,52.8226]}},{"type":"Feature","properties":{"CountryName":"Germany","Type of Animal":"Chicken"},"geometry":{"type":"Point","coordinates":[7.12352,52.84006]}},{"type":"Feature","properties":{"CountryName":"Germany","Type of Animal":"Pork"},"geometry":{"type":"Point","coordinates":[7.54114,52.64853]}},{"type":"Feature","properties":{"CountryName":"Germany","Type of Animal":"Chicken"},"geometry":{"type":"Point","coordinates":[7.44047,52.72582]}},{"type":"Feature","properties":{"CountryName":"Germany","Type of Animal":"Chicken"},"geometry":{"type":"Point","coordinates":[7.50727,52.62835]}},{"type":"Feature","properties":{"CountryName":"Germany","Type of Animal":"Chicken"},"geometry":{"type":"Point","coordinates":[7.50099,52.73155]}},{"type":"Feature","properties":{"CountryName":"Germany","Type of Animal":"Chicken"},"geometry":{"type":"Point","coordinates":[7.57061,52.70908]}},{"type":"Feature","properties":{"CountryName":"Germany","Type of Animal":"Chicken"},"geometry":{"type":"Point","coordinates":[7.51869,52.67763]}},{"type":"Feature","properties":{"CountryName":"Germany","Type of Animal":"Chicken"},"geometry":{"type":"Point","coordinates":[7.51237,52.71786]}},{"type":"Feature","properties":{"CountryName":"Germany","Type of Animal":"Chicken"},"geometry":{"type":"Point","coordinates":[7.40626,52.67273]}},{"type":"Feature","properties":{"CountryName":"Germany","Type of Animal":"Chicken"},"geometry":{"type":"Point","coordinates":[7.52131,52.63064]}},{"type":"Feature","properties":{"CountryName":"Germany","Type of Animal":"Pork"},"geometry":{"type":"Point","coordinates":[7.51922,52.65981]}},{"type":"Feature","properties":{"CountryName":"Germany","Type of Animal":"Pork"},"geometry":{"type":"Point","coordinates":[7.54465,52.67069]}},{"type":"Feature","properties":{"CountryName":"Germany","Type of Animal":"Pork"},"geometry":{"type":"Point","coordinates":[7.54465,52.67069]}},{"type":"Feature","properties":{"CountryName":"Germany","Type of Animal":"Chicken"},"geometry":{"type":"Point","coordinates":[7.48878,52.64598]}},{"type":"Feature","properties":{"CountryName":"Germany","Type of Animal":"Chicken"},"geometry":{"type":"Point","coordinates":[7.45688,52.70769]}},{"type":"Feature","properties":{"CountryName":"Germany","Type of Animal":"Chicken"},"geometry":{"type":"Point","coordinates":[7.44767,52.6311]}},{"type":"Feature","properties":{"CountryName":"Germany","Type of Animal":"Chicken"},"geometry":{"type":"Point","coordinates":[7.50923,52.71172]}},{"type":"Feature","properties":{"CountryName":"Germany","Type of Animal":"Chicken"},"geometry":{"type":"Point","coordinates":[7.53872,52.6803]}},{"type":"Feature","properties":{"CountryName":"Germany","Type of Animal":"Chicken"},"geometry":{"type":"Point","coordinates":[7.44322,52.65941]}},{"type":"Feature","properties":{"CountryName":"Germany","Type of Animal":"Chicken"},"geometry":{"type":"Point","coordinates":[7.25513,53.00172]}},{"type":"Feature","properties":{"CountryName":"Germany","Type of Animal":"Chicken"},"geometry":{"type":"Point","coordinates":[7.26262,52.99592]}},{"type":"Feature","properties":{"CountryName":"Germany","Type of Animal":"Chicken"},"geometry":{"type":"Point","coordinates":[7.25257,52.99551]}},{"type":"Feature","properties":{"CountryName":"Germany","Type of Animal":"Chicken"},"geometry":{"type":"Point","coordinates":[7.64221,52.71932]}},{"type":"Feature","properties":{"CountryName":"Germany","Type of Animal":"Pork"},"geometry":{"type":"Point","coordinates":[7.57117,52.68309]}},{"type":"Feature","properties":{"CountryName":"Germany","Type of Animal":"Pork"},"geometry":{"type":"Point","coordinates":[7.63958,52.69738]}},{"type":"Feature","properties":{"CountryName":"Germany","Type of Animal":"Pork"},"geometry":{"type":"Point","coordinates":[7.63759,52.68953]}},{"type":"Feature","properties":{"CountryName":"Germany","Type of Animal":"Chicken"},"geometry":{"type":"Point","coordinates":[7.64062,52.71734]}},{"type":"Feature","properties":{"CountryName":"Germany","Type of Animal":"Chicken"},"geometry":{"type":"Point","coordinates":[7.6966,53.0013]}},{"type":"Feature","properties":{"CountryName":"Germany","Type of Animal":"Chicken"},"geometry":{"type":"Point","coordinates":[7.71427,52.9739]}},{"type":"Feature","properties":{"CountryName":"Germany","Type of Animal":"Chicken"},"geometry":{"type":"Point","coordinates":[7.6948,52.99273]}},{"type":"Feature","properties":{"CountryName":"Germany","Type of Animal":"Chicken"},"geometry":{"type":"Point","coordinates":[7.7001,52.99146]}},{"type":"Feature","properties":{"CountryName":"Germany","Type of Animal":"Chicken"},"geometry":{"type":"Point","coordinates":[7.57751,52.79176]}},{"type":"Feature","properties":{"CountryName":"Germany","Type of Animal":"Pork"},"geometry":{"type":"Point","coordinates":[7.58337,52.7843]}},{"type":"Feature","properties":{"CountryName":"Germany","Type of Animal":"Chicken"},"geometry":{"type":"Point","coordinates":[7.53432,52.78344]}},{"type":"Feature","properties":{"CountryName":"Germany","Type of Animal":"Chicken"},"geometry":{"type":"Point","coordinates":[7.58033,52.79075]}},{"type":"Feature","properties":{"CountryName":"Germany","Type of Animal":"Chicken"},"geometry":{"type":"Point","coordinates":[7.52425,52.77921]}},{"type":"Feature","properties":{"CountryName":"Germany","Type of Animal":"Chicken"},"geometry":{"type":"Point","coordinates":[7.52665,52.77693]}},{"type":"Feature","properties":{"CountryName":"Germany","Type of Animal":"Chicken"},"geometry":{"type":"Point","coordinates":[7.52655,52.77376]}},{"type":"Feature","properties":{"CountryName":"Germany","Type of Animal":"Chicken"},"geometry":{"type":"Point","coordinates":[7.44313,52.77253]}},{"type":"Feature","properties":{"CountryName":"Germany","Type of Animal":"Chicken"},"geometry":{"type":"Point","coordinates":[7.4435,52.77326]}},{"type":"Feature","properties":{"CountryName":"Germany","Type of Animal":"Chicken"},"geometry":{"type":"Point","coordinates":[7.31559,52.9188]}},{"type":"Feature","properties":{"CountryName":"Germany","Type of Animal":"Chicken"},"geometry":{"type":"Point","coordinates":[7.60101,52.7187]}},{"type":"Feature","properties":{"CountryName":"Germany","Type of Animal":"Chicken"},"geometry":{"type":"Point","coordinates":[7.59881,52.7723]}},{"type":"Feature","properties":{"CountryName":"Germany","Type of Animal":"Chicken"},"geometry":{"type":"Point","coordinates":[7.67038,52.77191]}},{"type":"Feature","properties":{"CountryName":"Germany","Type of Animal":"Chicken"},"geometry":{"type":"Point","coordinates":[7.64903,52.74181]}},{"type":"Feature","properties":{"CountryName":"Germany","Type of Animal":"Chicken"},"geometry":{"type":"Point","coordinates":[7.52976,52.75672]}},{"type":"Feature","properties":{"CountryName":"Germany","Type of Animal":"Chicken"},"geometry":{"type":"Point","coordinates":[7.59527,52.74816]}},{"type":"Feature","properties":{"CountryName":"Germany","Type of Animal":"Chicken"},"geometry":{"type":"Point","coordinates":[7.62069,52.78549]}},{"type":"Feature","properties":{"CountryName":"Germany","Type of Animal":"Chicken"},"geometry":{"type":"Point","coordinates":[7.62739,52.817]}},{"type":"Feature","properties":{"CountryName":"Germany","Type of Animal":"Chicken"},"geometry":{"type":"Point","coordinates":[7.602,52.83409]}},{"type":"Feature","properties":{"CountryName":"Germany","Type of Animal":"Chicken"},"geometry":{"type":"Point","coordinates":[7.62108,52.81254]}},{"type":"Feature","properties":{"CountryName":"Germany","Type of Animal":"Chicken"},"geometry":{"type":"Point","coordinates":[7.64161,52.8182]}},{"type":"Feature","properties":{"CountryName":"Germany","Type of Animal":"Chicken"},"geometry":{"type":"Point","coordinates":[7.49157,52.54178]}},{"type":"Feature","properties":{"CountryName":"Germany","Type of Animal":"Chicken"},"geometry":{"type":"Point","coordinates":[7.4779,52.5458]}},{"type":"Feature","properties":{"CountryName":"Germany","Type of Animal":"Chicken"},"geometry":{"type":"Point","coordinates":[7.48945,52.55653]}},{"type":"Feature","properties":{"CountryName":"Germany","Type of Animal":"Pork"},"geometry":{"type":"Point","coordinates":[7.46195,52.55923]}},{"type":"Feature","properties":{"CountryName":"Germany","Type of Animal":"Chicken"},"geometry":{"type":"Point","coordinates":[7.41126,52.54733]}},{"type":"Feature","properties":{"CountryName":"Germany","Type of Animal":"Pork"},"geometry":{"type":"Point","coordinates":[7.48677,52.53201]}},{"type":"Feature","properties":{"CountryName":"Germany","Type of Animal":"Chicken"},"geometry":{"type":"Point","coordinates":[7.48142,52.52866]}},{"type":"Feature","properties":{"CountryName":"Germany","Type of Animal":"Chicken"},"geometry":{"type":"Point","coordinates":[7.4871,52.54942]}},{"type":"Feature","properties":{"CountryName":"Germany","Type of Animal":"Chicken"},"geometry":{"type":"Point","coordinates":[7.3459,52.84986]}},{"type":"Feature","properties":{"CountryName":"Germany","Type of Animal":"Chicken"},"geometry":{"type":"Point","coordinates":[7.36151,53.01528]}},{"type":"Feature","properties":{"CountryName":"Germany","Type of Animal":"Chicken"},"geometry":{"type":"Point","coordinates":[7.36208,52.98789]}},{"type":"Feature","properties":{"CountryName":"Germany","Type of Animal":"Pork"},"geometry":{"type":"Point","coordinates":[7.37495,52.99604]}},{"type":"Feature","properties":{"CountryName":"Germany","Type of Animal":"Chicken"},"geometry":{"type":"Point","coordinates":[7.36095,53.0165]}},{"type":"Feature","properties":{"CountryName":"Germany","Type of Animal":"Chicken"},"geometry":{"type":"Point","coordinates":[7.55846,52.53944]}},{"type":"Feature","properties":{"CountryName":"Germany","Type of Animal":"Chicken"},"geometry":{"type":"Point","coordinates":[7.56201,52.54055]}},{"type":"Feature","properties":{"CountryName":"Germany","Type of Animal":"Pork"},"geometry":{"type":"Point","coordinates":[7.56416,52.5635]}},{"type":"Feature","properties":{"CountryName":"Germany","Type of Animal":"Chicken"},"geometry":{"type":"Point","coordinates":[7.53786,52.58012]}},{"type":"Feature","properties":{"CountryName":"Germany","Type of Animal":"Chicken"},"geometry":{"type":"Point","coordinates":[7.56694,52.56374]}},{"type":"Feature","properties":{"CountryName":"Germany","Type of Animal":"Pork"},"geometry":{"type":"Point","coordinates":[7.52613,52.55944]}},{"type":"Feature","properties":{"CountryName":"Germany","Type of Animal":"Chicken"},"geometry":{"type":"Point","coordinates":[7.50102,52.55936]}},{"type":"Feature","properties":{"CountryName":"Germany","Type of Animal":"Chicken"},"geometry":{"type":"Point","coordinates":[7.34413,52.55745]}},{"type":"Feature","properties":{"CountryName":"Germany","Type of Animal":"Chicken"},"geometry":{"type":"Point","coordinates":[7.27859,52.4901]}},{"type":"Feature","properties":{"CountryName":"Germany","Type of Animal":"Chicken"},"geometry":{"type":"Point","coordinates":[7.34385,52.57277]}},{"type":"Feature","properties":{"CountryName":"Germany","Type of Animal":"Pork"},"geometry":{"type":"Point","coordinates":[7.33296,52.57775]}},{"type":"Feature","properties":{"CountryName":"Germany","Type of Animal":"Chicken"},"geometry":{"type":"Point","coordinates":[7.36448,52.47123]}},{"type":"Feature","properties":{"CountryName":"Germany","Type of Animal":"Chicken"},"geometry":{"type":"Point","coordinates":[7.4022,52.4938]}},{"type":"Feature","properties":{"CountryName":"Germany","Type of Animal":"Chicken"},"geometry":{"type":"Point","coordinates":[7.22407,52.54158]}},{"type":"Feature","properties":{"CountryName":"Germany","Type of Animal":"Chicken"},"geometry":{"type":"Point","coordinates":[7.39034,52.55117]}},{"type":"Feature","properties":{"CountryName":"Germany","Type of Animal":"Pork"},"geometry":{"type":"Point","coordinates":[7.7168,52.96117]}},{"type":"Feature","properties":{"CountryName":"Germany","Type of Animal":"Pork"},"geometry":{"type":"Point","coordinates":[7.63454,52.94853]}},{"type":"Feature","properties":{"CountryName":"Germany","Type of Animal":"Chicken"},"geometry":{"type":"Point","coordinates":[7.60566,52.91255]}},{"type":"Feature","properties":{"CountryName":"Germany","Type of Animal":"Chicken"},"geometry":{"type":"Point","coordinates":[7.69387,52.92537]}},{"type":"Feature","properties":{"CountryName":"Germany","Type of Animal":"Chicken"},"geometry":{"type":"Point","coordinates":[7.62686,52.9158]}},{"type":"Feature","properties":{"CountryName":"Germany","Type of Animal":"Chicken"},"geometry":{"type":"Point","coordinates":[7.65298,52.95535]}},{"type":"Feature","properties":{"CountryName":"Germany","Type of Animal":"Chicken"},"geometry":{"type":"Point","coordinates":[7.6299,52.90892]}},{"type":"Feature","properties":{"CountryName":"Germany","Type of Animal":"Chicken"},"geometry":{"type":"Point","coordinates":[7.64723,52.95364]}},{"type":"Feature","properties":{"CountryName":"Germany","Type of Animal":"Pork"},"geometry":{"type":"Point","coordinates":[7.62292,52.93873]}},{"type":"Feature","properties":{"CountryName":"Germany","Type of Animal":"Chicken"},"geometry":{"type":"Point","coordinates":[7.62407,52.93236]}},{"type":"Feature","properties":{"CountryName":"Germany","Type of Animal":"Chicken"},"geometry":{"type":"Point","coordinates":[7.63545,52.95186]}},{"type":"Feature","properties":{"CountryName":"Germany","Type of Animal":"Chicken"},"geometry":{"type":"Point","coordinates":[7.67786,52.95335]}},{"type":"Feature","properties":{"CountryName":"Germany","Type of Animal":"Chicken"},"geometry":{"type":"Point","coordinates":[7.67786,52.95335]}},{"type":"Feature","properties":{"CountryName":"Germany","Type of Animal":"Chicken"},"geometry":{"type":"Point","coordinates":[7.43546,52.43886]}},{"type":"Feature","properties":{"CountryName":"Germany","Type of Animal":"Pork"},"geometry":{"type":"Point","coordinates":[7.45386,52.41815]}},{"type":"Feature","properties":{"CountryName":"Germany","Type of Animal":"Pork"},"geometry":{"type":"Point","coordinates":[7.41672,52.39027]}},{"type":"Feature","properties":{"CountryName":"Germany","Type of Animal":"Chicken"},"geometry":{"type":"Point","coordinates":[7.19066,52.68688]}},{"type":"Feature","properties":{"CountryName":"Germany","Type of Animal":"Chicken"},"geometry":{"type":"Point","coordinates":[7.18843,52.68856]}},{"type":"Feature","properties":{"CountryName":"Germany","Type of Animal":"Chicken"},"geometry":{"type":"Point","coordinates":[7.2044,52.70629]}},{"type":"Feature","properties":{"CountryName":"Germany","Type of Animal":"Chicken"},"geometry":{"type":"Point","coordinates":[7.20209,52.69817]}},{"type":"Feature","properties":{"CountryName":"Germany","Type of Animal":"Pork"},"geometry":{"type":"Point","coordinates":[7.1873,52.69609]}},{"type":"Feature","properties":{"CountryName":"Germany","Type of Animal":"Chicken"},"geometry":{"type":"Point","coordinates":[7.31187,52.64416]}},{"type":"Feature","properties":{"CountryName":"Germany","Type of Animal":"Pork"},"geometry":{"type":"Point","coordinates":[7.22454,52.70763]}},{"type":"Feature","properties":{"CountryName":"Germany","Type of Animal":"Chicken"},"geometry":{"type":"Point","coordinates":[7.21139,52.72843]}},{"type":"Feature","properties":{"CountryName":"Germany","Type of Animal":"Chicken"},"geometry":{"type":"Point","coordinates":[7.16349,52.6985]}},{"type":"Feature","properties":{"CountryName":"Germany","Type of Animal":"Chicken"},"geometry":{"type":"Point","coordinates":[7.16973,52.69718]}},{"type":"Feature","properties":{"CountryName":"Germany","Type of Animal":"Chicken"},"geometry":{"type":"Point","coordinates":[7.26623,52.73934]}},{"type":"Feature","properties":{"CountryName":"Germany","Type of Animal":"Chicken"},"geometry":{"type":"Point","coordinates":[7.23701,52.68991]}},{"type":"Feature","properties":{"CountryName":"Germany","Type of Animal":"Chicken"},"geometry":{"type":"Point","coordinates":[7.17642,52.70931]}},{"type":"Feature","properties":{"CountryName":"Germany","Type of Animal":"Chicken"},"geometry":{"type":"Point","coordinates":[7.20406,52.71403]}},{"type":"Feature","properties":{"CountryName":"Germany","Type of Animal":"Chicken"},"geometry":{"type":"Point","coordinates":[7.20084,52.73257]}},{"type":"Feature","properties":{"CountryName":"Germany","Type of Animal":"Chicken"},"geometry":{"type":"Point","coordinates":[7.22814,52.65935]}},{"type":"Feature","properties":{"CountryName":"Germany","Type of Animal":"Chicken"},"geometry":{"type":"Point","coordinates":[7.32098,52.64753]}},{"type":"Feature","properties":{"CountryName":"Germany","Type of Animal":"Chicken"},"geometry":{"type":"Point","coordinates":[7.1711,52.69129]}},{"type":"Feature","properties":{"CountryName":"Germany","Type of Animal":"Chicken"},"geometry":{"type":"Point","coordinates":[7.17993,52.73352]}},{"type":"Feature","properties":{"CountryName":"Germany","Type of Animal":"Chicken"},"geometry":{"type":"Point","coordinates":[7.35327,52.63783]}},{"type":"Feature","properties":{"CountryName":"Germany","Type of Animal":"Chicken"},"geometry":{"type":"Point","coordinates":[7.19908,52.69401]}},{"type":"Feature","properties":{"CountryName":"Germany","Type of Animal":"Chicken"},"geometry":{"type":"Point","coordinates":[7.20032,52.69401]}},{"type":"Feature","properties":{"CountryName":"Germany","Type of Animal":"Chicken"},"geometry":{"type":"Point","coordinates":[7.1952,52.71202]}},{"type":"Feature","properties":{"CountryName":"Germany","Type of Animal":"Chicken"},"geometry":{"type":"Point","coordinates":[7.37429,52.71824]}},{"type":"Feature","properties":{"CountryName":"Germany","Type of Animal":"Chicken"},"geometry":{"type":"Point","coordinates":[7.16966,52.69901]}},{"type":"Feature","properties":{"CountryName":"Germany","Type of Animal":"Pork"},"geometry":{"type":"Point","coordinates":[7.35877,52.64367]}},{"type":"Feature","properties":{"CountryName":"Germany","Type of Animal":"Pork"},"geometry":{"type":"Point","coordinates":[7.188,52.69956]}},{"type":"Feature","properties":{"CountryName":"Germany","Type of Animal":"Chicken"},"geometry":{"type":"Point","coordinates":[7.45322,52.45323]}},{"type":"Feature","properties":{"CountryName":"Germany","Type of Animal":"Pork"},"geometry":{"type":"Point","coordinates":[7.46284,52.45212]}},{"type":"Feature","properties":{"CountryName":"Germany","Type of Animal":"Chicken"},"geometry":{"type":"Point","coordinates":[7.4656,52.96806]}},{"type":"Feature","properties":{"CountryName":"Germany","Type of Animal":"Pork"},"geometry":{"type":"Point","coordinates":[7.4553,52.99668]}},{"type":"Feature","properties":{"CountryName":"Germany","Type of Animal":"Chicken"},"geometry":{"type":"Point","coordinates":[7.38861,52.98793]}},{"type":"Feature","properties":{"CountryName":"Germany","Type of Animal":"Chicken"},"geometry":{"type":"Point","coordinates":[7.45317,52.99695]}},{"type":"Feature","properties":{"CountryName":"Germany","Type of Animal":"Chicken"},"geometry":{"type":"Point","coordinates":[7.43623,52.99454]}},{"type":"Feature","properties":{"CountryName":"Germany","Type of Animal":"Chicken"},"geometry":{"type":"Point","coordinates":[7.45913,52.99654]}},{"type":"Feature","properties":{"CountryName":"Germany","Type of Animal":"Chicken"},"geometry":{"type":"Point","coordinates":[7.44202,52.99974]}},{"type":"Feature","properties":{"CountryName":"Germany","Type of Animal":"Pork"},"geometry":{"type":"Point","coordinates":[7.29637,52.84956]}},{"type":"Feature","properties":{"CountryName":"Germany","Type of Animal":"Chicken"},"geometry":{"type":"Point","coordinates":[7.19368,52.87188]}},{"type":"Feature","properties":{"CountryName":"Germany","Type of Animal":"Chicken"},"geometry":{"type":"Point","coordinates":[7.24085,52.85759]}},{"type":"Feature","properties":{"CountryName":"Germany","Type of Animal":"Chicken"},"geometry":{"type":"Point","coordinates":[7.2119,52.8616]}},{"type":"Feature","properties":{"CountryName":"Germany","Type of Animal":"Chicken"},"geometry":{"type":"Point","coordinates":[7.1827,52.86016]}},{"type":"Feature","properties":{"CountryName":"Germany","Type of Animal":"Chicken"},"geometry":{"type":"Point","coordinates":[7.24131,52.83759]}},{"type":"Feature","properties":{"CountryName":"Germany","Type of Animal":"Chicken"},"geometry":{"type":"Point","coordinates":[7.15488,52.85348]}},{"type":"Feature","properties":{"CountryName":"Germany","Type of Animal":"Chicken"},"geometry":{"type":"Point","coordinates":[7.22727,52.83484]}},{"type":"Feature","properties":{"CountryName":"Germany","Type of Animal":"Chicken"},"geometry":{"type":"Point","coordinates":[7.36068,53.08892]}},{"type":"Feature","properties":{"CountryName":"Germany","Type of Animal":"Chicken"},"geometry":{"type":"Point","coordinates":[7.36966,53.04731]}},{"type":"Feature","properties":{"CountryName":"Germany","Type of Animal":"Chicken"},"geometry":{"type":"Point","coordinates":[7.4151,53.0206]}},{"type":"Feature","properties":{"CountryName":"Germany","Type of Animal":"Chicken"},"geometry":{"type":"Point","coordinates":[7.36797,53.01809]}},{"type":"Feature","properties":{"CountryName":"Germany","Type of Animal":"Pork"},"geometry":{"type":"Point","coordinates":[7.40464,53.03011]}},{"type":"Feature","properties":{"CountryName":"Germany","Type of Animal":"Chicken"},"geometry":{"type":"Point","coordinates":[7.369,53.0371]}},{"type":"Feature","properties":{"CountryName":"Germany","Type of Animal":"Pork"},"geometry":{"type":"Point","coordinates":[7.32667,53.09253]}},{"type":"Feature","properties":{"CountryName":"Germany","Type of Animal":"Chicken"},"geometry":{"type":"Point","coordinates":[7.70077,52.93149]}},{"type":"Feature","properties":{"CountryName":"Germany","Type of Animal":"Chicken"},"geometry":{"type":"Point","coordinates":[7.69207,52.92618]}},{"type":"Feature","properties":{"CountryName":"Germany","Type of Animal":"Chicken"},"geometry":{"type":"Point","coordinates":[7.72911,52.91615]}},{"type":"Feature","properties":{"CountryName":"Germany","Type of Animal":"Pork"},"geometry":{"type":"Point","coordinates":[7.70054,52.94498]}},{"type":"Feature","properties":{"CountryName":"Germany","Type of Animal":"Chicken"},"geometry":{"type":"Point","coordinates":[7.72073,52.92202]}},{"type":"Feature","properties":{"CountryName":"Germany","Type of Animal":"Pork"},"geometry":{"type":"Point","coordinates":[7.68996,52.90703]}},{"type":"Feature","properties":{"CountryName":"Germany","Type of Animal":"Pork"},"geometry":{"type":"Point","coordinates":[7.39875,52.90342]}},{"type":"Feature","properties":{"CountryName":"Germany","Type of Animal":"Chicken"},"geometry":{"type":"Point","coordinates":[7.37905,52.89582]}},{"type":"Feature","properties":{"CountryName":"Germany","Type of Animal":"Chicken"},"geometry":{"type":"Point","coordinates":[7.21414,53.06224]}},{"type":"Feature","properties":{"CountryName":"Germany","Type of Animal":"Pork"},"geometry":{"type":"Point","coordinates":[7.21046,53.08469]}},{"type":"Feature","properties":{"CountryName":"Germany","Type of Animal":"Chicken"},"geometry":{"type":"Point","coordinates":[7.21346,53.10203]}},{"type":"Feature","properties":{"CountryName":"Germany","Type of Animal":"Chicken"},"geometry":{"type":"Point","coordinates":[7.25915,53.04052]}},{"type":"Feature","properties":{"CountryName":"Germany","Type of Animal":"Chicken"},"geometry":{"type":"Point","coordinates":[7.23745,53.10237]}},{"type":"Feature","properties":{"CountryName":"Germany","Type of Animal":"Chicken"},"geometry":{"type":"Point","coordinates":[7.21059,53.05745]}},{"type":"Feature","properties":{"CountryName":"Germany","Type of Animal":"Pork"},"geometry":{"type":"Point","coordinates":[7.24045,53.07138]}},{"type":"Feature","properties":{"CountryName":"Germany","Type of Animal":"Chicken"},"geometry":{"type":"Point","coordinates":[7.23077,53.11458]}},{"type":"Feature","properties":{"CountryName":"Germany","Type of Animal":"Chicken"},"geometry":{"type":"Point","coordinates":[7.26627,53.09816]}},{"type":"Feature","properties":{"CountryName":"Germany","Type of Animal":"Chicken"},"geometry":{"type":"Point","coordinates":[7.24871,53.1008]}},{"type":"Feature","properties":{"CountryName":"Germany","Type of Animal":"Chicken"},"geometry":{"type":"Point","coordinates":[7.24871,53.1008]}},{"type":"Feature","properties":{"CountryName":"Germany","Type of Animal":"Chicken"},"geometry":{"type":"Point","coordinates":[7.26766,53.04354]}},{"type":"Feature","properties":{"CountryName":"Germany","Type of Animal":"Pork"},"geometry":{"type":"Point","coordinates":[7.35098,52.30544]}},{"type":"Feature","properties":{"CountryName":"Germany","Type of Animal":"Chicken"},"geometry":{"type":"Point","coordinates":[7.33097,52.30441]}},{"type":"Feature","properties":{"CountryName":"Germany","Type of Animal":"Pork"},"geometry":{"type":"Point","coordinates":[7.31096,52.3068]}},{"type":"Feature","properties":{"CountryName":"Germany","Type of Animal":"Chicken"},"geometry":{"type":"Point","coordinates":[7.31053,52.33473]}},{"type":"Feature","properties":{"CountryName":"Germany","Type of Animal":"Pork"},"geometry":{"type":"Point","coordinates":[7.31053,52.33473]}},{"type":"Feature","properties":{"CountryName":"Germany","Type of Animal":"Chicken"},"geometry":{"type":"Point","coordinates":[7.56811,52.39142]}},{"type":"Feature","properties":{"CountryName":"Germany","Type of Animal":"Chicken"},"geometry":{"type":"Point","coordinates":[7.48479,52.83222]}},{"type":"Feature","properties":{"CountryName":"Germany","Type of Animal":"Chicken"},"geometry":{"type":"Point","coordinates":[7.59098,52.86086]}},{"type":"Feature","properties":{"CountryName":"Germany","Type of Animal":"Chicken"},"geometry":{"type":"Point","coordinates":[7.63855,52.88536]}},{"type":"Feature","properties":{"CountryName":"Germany","Type of Animal":"Chicken"},"geometry":{"type":"Point","coordinates":[7.61389,52.86266]}},{"type":"Feature","properties":{"CountryName":"Germany","Type of Animal":"Chicken"},"geometry":{"type":"Point","coordinates":[7.63524,52.88407]}},{"type":"Feature","properties":{"CountryName":"Germany","Type of Animal":"Chicken"},"geometry":{"type":"Point","coordinates":[7.63074,52.86655]}},{"type":"Feature","properties":{"CountryName":"Germany","Type of Animal":"Chicken"},"geometry":{"type":"Point","coordinates":[7.6365,52.87628]}},{"type":"Feature","properties":{"CountryName":"Germany","Type of Animal":"Chicken"},"geometry":{"type":"Point","coordinates":[7.62943,52.87163]}},{"type":"Feature","properties":{"CountryName":"Germany","Type of Animal":"Chicken"},"geometry":{"type":"Point","coordinates":[7.62603,52.87142]}},{"type":"Feature","properties":{"CountryName":"Germany","Type of Animal":"Chicken"},"geometry":{"type":"Point","coordinates":[7.62861,52.87683]}},{"type":"Feature","properties":{"CountryName":"Germany","Type of Animal":"Chicken"},"geometry":{"type":"Point","coordinates":[7.59823,52.8788]}},{"type":"Feature","properties":{"CountryName":"Germany","Type of Animal":"Chicken"},"geometry":{"type":"Point","coordinates":[7.59032,52.86295]}},{"type":"Feature","properties":{"CountryName":"Germany","Type of Animal":"Chicken"},"geometry":{"type":"Point","coordinates":[7.44092,52.79047]}},{"type":"Feature","properties":{"CountryName":"Germany","Type of Animal":"Chicken"},"geometry":{"type":"Point","coordinates":[7.40952,52.76942]}},{"type":"Feature","properties":{"CountryName":"Germany","Type of Animal":"Chicken"},"geometry":{"type":"Point","coordinates":[7.39924,52.76714]}},{"type":"Feature","properties":{"CountryName":"Germany","Type of Animal":"Chicken"},"geometry":{"type":"Point","coordinates":[7.55588,52.97873]}},{"type":"Feature","properties":{"CountryName":"Germany","Type of Animal":"Chicken"},"geometry":{"type":"Point","coordinates":[7.54045,52.98511]}},{"type":"Feature","properties":{"CountryName":"Germany","Type of Animal":"Chicken"},"geometry":{"type":"Point","coordinates":[7.53226,52.98658]}},{"type":"Feature","properties":{"CountryName":"Germany","Type of Animal":"Chicken"},"geometry":{"type":"Point","coordinates":[7.53858,52.99624]}},{"type":"Feature","properties":{"CountryName":"Germany","Type of Animal":"Chicken"},"geometry":{"type":"Point","coordinates":[7.50728,52.99746]}},{"type":"Feature","properties":{"CountryName":"Germany","Type of Animal":"Chicken"},"geometry":{"type":"Point","coordinates":[7.58122,52.98099]}},{"type":"Feature","properties":{"CountryName":"Germany","Type of Animal":"Chicken"},"geometry":{"type":"Point","coordinates":[7.52888,53.03698]}},{"type":"Feature","properties":{"CountryName":"Germany","Type of Animal":"Chicken"},"geometry":{"type":"Point","coordinates":[7.5198,52.98417]}},{"type":"Feature","properties":{"CountryName":"Germany","Type of Animal":"Pork"},"geometry":{"type":"Point","coordinates":[7.17899,52.89649]}},{"type":"Feature","properties":{"CountryName":"Germany","Type of Animal":"Pork"},"geometry":{"type":"Point","coordinates":[7.21574,52.91297]}},{"type":"Feature","properties":{"CountryName":"Germany","Type of Animal":"Pork"},"geometry":{"type":"Point","coordinates":[7.2454,52.90938]}},{"type":"Feature","properties":{"CountryName":"Germany","Type of Animal":"Chicken"},"geometry":{"type":"Point","coordinates":[7.13526,52.89037]}},{"type":"Feature","properties":{"CountryName":"Germany","Type of Animal":"Pork"},"geometry":{"type":"Point","coordinates":[7.20464,52.88841]}},{"type":"Feature","properties":{"CountryName":"Germany","Type of Animal":"Chicken"},"geometry":{"type":"Point","coordinates":[7.11803,52.69461]}},{"type":"Feature","properties":{"CountryName":"Germany","Type of Animal":"Chicken"},"geometry":{"type":"Point","coordinates":[7.09658,52.74995]}},{"type":"Feature","properties":{"CountryName":"Germany","Type of Animal":"Chicken"},"geometry":{"type":"Point","coordinates":[7.09573,52.74259]}},{"type":"Feature","properties":{"CountryName":"Germany","Type of Animal":"Chicken"},"geometry":{"type":"Point","coordinates":[7.13098,52.63786]}},{"type":"Feature","properties":{"CountryName":"Germany","Type of Animal":"Chicken"},"geometry":{"type":"Point","coordinates":[7.09673,52.69195]}},{"type":"Feature","properties":{"CountryName":"Germany","Type of Animal":"Chicken"},"geometry":{"type":"Point","coordinates":[7.02146,52.62202]}},{"type":"Feature","properties":{"CountryName":"Germany","Type of Animal":"Chicken"},"geometry":{"type":"Point","coordinates":[7.1243,52.69326]}},{"type":"Feature","properties":{"CountryName":"Germany","Type of Animal":"Chicken"},"geometry":{"type":"Point","coordinates":[7.09401,52.74791]}},{"type":"Feature","properties":{"CountryName":"Germany","Type of Animal":"Pork"},"geometry":{"type":"Point","coordinates":[7.08905,52.68058]}},{"type":"Feature","properties":{"CountryName":"Germany","Type of Animal":"Pork"},"geometry":{"type":"Point","coordinates":[7.086,52.67861]}},{"type":"Feature","properties":{"CountryName":"Germany","Type of Animal":"Chicken"},"geometry":{"type":"Point","coordinates":[7.79778,52.89293]}},{"type":"Feature","properties":{"CountryName":"Germany","Type of Animal":"Chicken"},"geometry":{"type":"Point","coordinates":[7.78154,52.87895]}},{"type":"Feature","properties":{"CountryName":"Germany","Type of Animal":"Chicken"},"geometry":{"type":"Point","coordinates":[7.7554,52.89927]}},{"type":"Feature","properties":{"CountryName":"Germany","Type of Animal":"Chicken"},"geometry":{"type":"Point","coordinates":[7.25542,52.92004]}},{"type":"Feature","properties":{"CountryName":"Germany","Type of Animal":"Chicken"},"geometry":{"type":"Point","coordinates":[7.23939,52.93345]}},{"type":"Feature","properties":{"CountryName":"Germany","Type of Animal":"Chicken"},"geometry":{"type":"Point","coordinates":[7.19669,52.93941]}},{"type":"Feature","properties":{"CountryName":"Germany","Type of Animal":"Chicken"},"geometry":{"type":"Point","coordinates":[7.20058,52.91524]}},{"type":"Feature","properties":{"CountryName":"Germany","Type of Animal":"Chicken"},"geometry":{"type":"Point","coordinates":[7.20929,52.92715]}},{"type":"Feature","properties":{"CountryName":"Germany","Type of Animal":"Pork"},"geometry":{"type":"Point","coordinates":[7.24342,52.9135]}},{"type":"Feature","properties":{"CountryName":"Germany","Type of Animal":"Chicken"},"geometry":{"type":"Point","coordinates":[7.25797,52.91706]}},{"type":"Feature","properties":{"CountryName":"Germany","Type of Animal":"Chicken"},"geometry":{"type":"Point","coordinates":[7.25797,52.91706]}},{"type":"Feature","properties":{"CountryName":"Germany","Type of Animal":"Chicken"},"geometry":{"type":"Point","coordinates":[7.2307,52.91464]}},{"type":"Feature","properties":{"CountryName":"Germany","Type of Animal":"Chicken"},"geometry":{"type":"Point","coordinates":[7.64184,52.83748]}},{"type":"Feature","properties":{"CountryName":"Germany","Type of Animal":"Pork"},"geometry":{"type":"Point","coordinates":[7.70317,52.87201]}},{"type":"Feature","properties":{"CountryName":"Germany","Type of Animal":"Chicken"},"geometry":{"type":"Point","coordinates":[7.70453,52.85426]}},{"type":"Feature","properties":{"CountryName":"Germany","Type of Animal":"Pork"},"geometry":{"type":"Point","coordinates":[7.70047,52.88682]}},{"type":"Feature","properties":{"CountryName":"Germany","Type of Animal":"Chicken"},"geometry":{"type":"Point","coordinates":[7.72624,52.86813]}},{"type":"Feature","properties":{"CountryName":"Germany","Type of Animal":"Chicken"},"geometry":{"type":"Point","coordinates":[7.65772,52.83472]}},{"type":"Feature","properties":{"CountryName":"Germany","Type of Animal":"Chicken"},"geometry":{"type":"Point","coordinates":[7.67136,52.80682]}},{"type":"Feature","properties":{"CountryName":"Germany","Type of Animal":"Chicken"},"geometry":{"type":"Point","coordinates":[7.73142,52.87593]}},{"type":"Feature","properties":{"CountryName":"Germany","Type of Animal":"Chicken"},"geometry":{"type":"Point","coordinates":[7.51862,52.87239]}},{"type":"Feature","properties":{"CountryName":"Germany","Type of Animal":"Chicken"},"geometry":{"type":"Point","coordinates":[7.51864,52.86782]}},{"type":"Feature","properties":{"CountryName":"Germany","Type of Animal":"Chicken"},"geometry":{"type":"Point","coordinates":[7.51136,52.87958]}},{"type":"Feature","properties":{"CountryName":"Germany","Type of Animal":"Chicken"},"geometry":{"type":"Point","coordinates":[7.41469,52.91608]}},{"type":"Feature","properties":{"CountryName":"Germany","Type of Animal":"Chicken"},"geometry":{"type":"Point","coordinates":[7.41751,52.93643]}},{"type":"Feature","properties":{"CountryName":"Germany","Type of Animal":"Chicken"},"geometry":{"type":"Point","coordinates":[7.309,52.94821]}},{"type":"Feature","properties":{"CountryName":"Germany","Type of Animal":"Chicken"},"geometry":{"type":"Point","coordinates":[7.87847,53.69124]}},{"type":"Feature","properties":{"CountryName":"Germany","Type of Animal":"Chicken"},"geometry":{"type":"Point","coordinates":[7.95066,53.37921]}},{"type":"Feature","properties":{"CountryName":"Germany","Type of Animal":"Chicken"},"geometry":{"type":"Point","coordinates":[10.22976,52.15405]}},{"type":"Feature","properties":{"CountryName":"Germany","Type of Animal":"Chicken"},"geometry":{"type":"Point","coordinates":[10.46391,52.10435]}},{"type":"Feature","properties":{"CountryName":"Germany","Type of Animal":"Pork"},"geometry":{"type":"Point","coordinates":[10.51107,52.0254]}},{"type":"Feature","properties":{"CountryName":"Germany","Type of Animal":"Chicken"},"geometry":{"type":"Point","coordinates":[7.07583,52.36238]}},{"type":"Feature","properties":{"CountryName":"Germany","Type of Animal":"Chicken"},"geometry":{"type":"Point","coordinates":[7.07192,52.29653]}},{"type":"Feature","properties":{"CountryName":"Germany","Type of Animal":"Chicken"},"geometry":{"type":"Point","coordinates":[7.17387,52.26849]}},{"type":"Feature","properties":{"CountryName":"Germany","Type of Animal":"Chicken"},"geometry":{"type":"Point","coordinates":[7.09052,52.30778]}},{"type":"Feature","properties":{"CountryName":"Germany","Type of Animal":"Chicken"},"geometry":{"type":"Point","coordinates":[7.05242,52.29617]}},{"type":"Feature","properties":{"CountryName":"Germany","Type of Animal":"Chicken"},"geometry":{"type":"Point","coordinates":[7.09522,52.32903]}},{"type":"Feature","properties":{"CountryName":"Germany","Type of Animal":"Chicken"},"geometry":{"type":"Point","coordinates":[7.07671,52.35464]}},{"type":"Feature","properties":{"CountryName":"Germany","Type of Animal":"Chicken"},"geometry":{"type":"Point","coordinates":[7.07129,52.26549]}},{"type":"Feature","properties":{"CountryName":"Germany","Type of Animal":"Chicken"},"geometry":{"type":"Point","coordinates":[7.07088,52.2655]}},{"type":"Feature","properties":{"CountryName":"Germany","Type of Animal":"Chicken"},"geometry":{"type":"Point","coordinates":[7.05337,52.27179]}},{"type":"Feature","properties":{"CountryName":"Germany","Type of Animal":"Chicken"},"geometry":{"type":"Point","coordinates":[7.18152,52.26744]}},{"type":"Feature","properties":{"CountryName":"Germany","Type of Animal":"Chicken"},"geometry":{"type":"Point","coordinates":[6.81937,52.64536]}},{"type":"Feature","properties":{"CountryName":"Germany","Type of Animal":"Chicken"},"geometry":{"type":"Point","coordinates":[6.8924,52.61904]}},{"type":"Feature","properties":{"CountryName":"Germany","Type of Animal":"Pork"},"geometry":{"type":"Point","coordinates":[7.17061,52.39221]}},{"type":"Feature","properties":{"CountryName":"Germany","Type of Animal":"Chicken"},"geometry":{"type":"Point","coordinates":[7.14646,52.39577]}},{"type":"Feature","properties":{"CountryName":"Germany","Type of Animal":"Pork"},"geometry":{"type":"Point","coordinates":[7.20853,52.38005]}},{"type":"Feature","properties":{"CountryName":"Germany","Type of Animal":"Chicken"},"geometry":{"type":"Point","coordinates":[7.19046,52.39578]}},{"type":"Feature","properties":{"CountryName":"Germany","Type of Animal":"Pork"},"geometry":{"type":"Point","coordinates":[7.1572,52.39117]}},{"type":"Feature","properties":{"CountryName":"Germany","Type of Animal":"Chicken"},"geometry":{"type":"Point","coordinates":[6.90555,52.51218]}},{"type":"Feature","properties":{"CountryName":"Germany","Type of Animal":"Chicken"},"geometry":{"type":"Point","coordinates":[6.90901,52.45086]}},{"type":"Feature","properties":{"CountryName":"Germany","Type of Animal":"Chicken"},"geometry":{"type":"Point","coordinates":[6.9224,52.44411]}},{"type":"Feature","properties":{"CountryName":"Germany","Type of Animal":"Chicken"},"geometry":{"type":"Point","coordinates":[6.98492,52.59907]}},{"type":"Feature","properties":{"CountryName":"Germany","Type of Animal":"Pork"},"geometry":{"type":"Point","coordinates":[7.13582,52.35624]}},{"type":"Feature","properties":{"CountryName":"Germany","Type of Animal":"Pork"},"geometry":{"type":"Point","coordinates":[7.14032,52.34513]}},{"type":"Feature","properties":{"CountryName":"Germany","Type of Animal":"Chicken"},"geometry":{"type":"Point","coordinates":[6.79978,52.49322]}},{"type":"Feature","properties":{"CountryName":"Germany","Type of Animal":"Chicken"},"geometry":{"type":"Point","coordinates":[6.71825,52.50636]}},{"type":"Feature","properties":{"CountryName":"Germany","Type of Animal":"Chicken"},"geometry":{"type":"Point","coordinates":[6.76029,52.49325]}},{"type":"Feature","properties":{"CountryName":"Germany","Type of Animal":"Chicken"},"geometry":{"type":"Point","coordinates":[6.76117,52.53611]}},{"type":"Feature","properties":{"CountryName":"Germany","Type of Animal":"Chicken"},"geometry":{"type":"Point","coordinates":[6.79536,52.61294]}},{"type":"Feature","properties":{"CountryName":"Germany","Type of Animal":"Chicken"},"geometry":{"type":"Point","coordinates":[6.78555,52.5981]}},{"type":"Feature","properties":{"CountryName":"Germany","Type of Animal":"Chicken"},"geometry":{"type":"Point","coordinates":[6.88394,52.63517]}},{"type":"Feature","properties":{"CountryName":"Germany","Type of Animal":"Chicken"},"geometry":{"type":"Point","coordinates":[6.75985,52.63821]}},{"type":"Feature","properties":{"CountryName":"Germany","Type of Animal":"Chicken"},"geometry":{"type":"Point","coordinates":[6.78715,52.60388]}},{"type":"Feature","properties":{"CountryName":"Germany","Type of Animal":"Chicken"},"geometry":{"type":"Point","coordinates":[6.75221,52.60591]}},{"type":"Feature","properties":{"CountryName":"Germany","Type of Animal":"Pork"},"geometry":{"type":"Point","coordinates":[6.72449,52.59059]}},{"type":"Feature","properties":{"CountryName":"Germany","Type of Animal":"Chicken"},"geometry":{"type":"Point","coordinates":[6.79528,52.59043]}},{"type":"Feature","properties":{"CountryName":"Germany","Type of Animal":"Chicken"},"geometry":{"type":"Point","coordinates":[6.7204,52.62596]}},{"type":"Feature","properties":{"CountryName":"Germany","Type of Animal":"Chicken"},"geometry":{"type":"Point","coordinates":[6.80521,52.58264]}},{"type":"Feature","properties":{"CountryName":"Germany","Type of Animal":"Chicken"},"geometry":{"type":"Point","coordinates":[6.7267,52.58944]}},{"type":"Feature","properties":{"CountryName":"Germany","Type of Animal":"Chicken"},"geometry":{"type":"Point","coordinates":[6.79075,52.58202]}},{"type":"Feature","properties":{"CountryName":"Germany","Type of Animal":"Pork"},"geometry":{"type":"Point","coordinates":[6.73555,52.62677]}},{"type":"Feature","properties":{"CountryName":"Germany","Type of Animal":"Chicken"},"geometry":{"type":"Point","coordinates":[6.99585,52.53167]}},{"type":"Feature","properties":{"CountryName":"Germany","Type of Animal":"Chicken"},"geometry":{"type":"Point","coordinates":[7.03085,52.47822]}},{"type":"Feature","properties":{"CountryName":"Germany","Type of Animal":"Chicken"},"geometry":{"type":"Point","coordinates":[7.03085,52.47822]}},{"type":"Feature","properties":{"CountryName":"Germany","Type of Animal":"Chicken"},"geometry":{"type":"Point","coordinates":[7.07651,52.45547]}},{"type":"Feature","properties":{"CountryName":"Germany","Type of Animal":"Pork"},"geometry":{"type":"Point","coordinates":[7.04341,52.49558]}},{"type":"Feature","properties":{"CountryName":"Germany","Type of Animal":"Pork"},"geometry":{"type":"Point","coordinates":[7.05927,52.39899]}},{"type":"Feature","properties":{"CountryName":"Germany","Type of Animal":"Chicken"},"geometry":{"type":"Point","coordinates":[7.04074,52.53331]}},{"type":"Feature","properties":{"CountryName":"Germany","Type of Animal":"Chicken"},"geometry":{"type":"Point","coordinates":[7.08794,52.52625]}},{"type":"Feature","properties":{"CountryName":"Germany","Type of Animal":"Chicken"},"geometry":{"type":"Point","coordinates":[6.99193,52.61259]}},{"type":"Feature","properties":{"CountryName":"Germany","Type of Animal":"Chicken"},"geometry":{"type":"Point","coordinates":[6.98005,52.60954]}},{"type":"Feature","properties":{"CountryName":"Germany","Type of Animal":"Chicken"},"geometry":{"type":"Point","coordinates":[6.94883,52.61312]}},{"type":"Feature","properties":{"CountryName":"Germany","Type of Animal":"Chicken"},"geometry":{"type":"Point","coordinates":[6.96088,52.60976]}},{"type":"Feature","properties":{"CountryName":"Germany","Type of Animal":"Pork"},"geometry":{"type":"Point","coordinates":[7.28006,52.31656]}},{"type":"Feature","properties":{"CountryName":"Germany","Type of Animal":"Chicken"},"geometry":{"type":"Point","coordinates":[7.24531,52.31667]}},{"type":"Feature","properties":{"CountryName":"Germany","Type of Animal":"Pork"},"geometry":{"type":"Point","coordinates":[6.91204,52.49793]}},{"type":"Feature","properties":{"CountryName":"Germany","Type of Animal":"Chicken"},"geometry":{"type":"Point","coordinates":[6.74473,52.5479]}},{"type":"Feature","properties":{"CountryName":"Germany","Type of Animal":"Chicken"},"geometry":{"type":"Point","coordinates":[6.71576,52.48578]}},{"type":"Feature","properties":{"CountryName":"Germany","Type of Animal":"Chicken"},"geometry":{"type":"Point","coordinates":[6.73894,52.54605]}},{"type":"Feature","properties":{"CountryName":"Germany","Type of Animal":"Chicken"},"geometry":{"type":"Point","coordinates":[6.74078,52.54145]}},{"type":"Feature","properties":{"CountryName":"Germany","Type of Animal":"Chicken"},"geometry":{"type":"Point","coordinates":[6.7308,52.54322]}},{"type":"Feature","properties":{"CountryName":"Germany","Type of Animal":"Chicken"},"geometry":{"type":"Point","coordinates":[7.16521,52.4886]}},{"type":"Feature","properties":{"CountryName":"Germany","Type of Animal":"Chicken"},"geometry":{"type":"Point","coordinates":[6.78114,52.53966]}},{"type":"Feature","properties":{"CountryName":"Germany","Type of Animal":"Chicken"},"geometry":{"type":"Point","coordinates":[7.14561,52.53849]}},{"type":"Feature","properties":{"CountryName":"Germany","Type of Animal":"Chicken"},"geometry":{"type":"Point","coordinates":[7.17801,52.47711]}},{"type":"Feature","properties":{"CountryName":"Germany","Type of Animal":"Chicken"},"geometry":{"type":"Point","coordinates":[7.15321,52.56574]}},{"type":"Feature","properties":{"CountryName":"Germany","Type of Animal":"Pork"},"geometry":{"type":"Point","coordinates":[7.16484,52.51367]}},{"type":"Feature","properties":{"CountryName":"Germany","Type of Animal":"Chicken"},"geometry":{"type":"Point","coordinates":[7.17584,52.48755]}},{"type":"Feature","properties":{"CountryName":"Germany","Type of Animal":"Pork"},"geometry":{"type":"Point","coordinates":[7.2539,52.52706]}},{"type":"Feature","properties":{"CountryName":"Germany","Type of Animal":"Pork"},"geometry":{"type":"Point","coordinates":[7.13306,52.56153]}},{"type":"Feature","properties":{"CountryName":"Germany","Type of Animal":"Chicken"},"geometry":{"type":"Point","coordinates":[7.18122,52.54749]}},{"type":"Feature","properties":{"CountryName":"Germany","Type of Animal":"Pork"},"geometry":{"type":"Point","coordinates":[7.16522,52.52756]}},{"type":"Feature","properties":{"CountryName":"Germany","Type of Animal":"Pork"},"geometry":{"type":"Point","coordinates":[7.19443,52.46748]}},{"type":"Feature","properties":{"CountryName":"Germany","Type of Animal":"Pork"},"geometry":{"type":"Point","coordinates":[7.24391,52.52548]}},{"type":"Feature","properties":{"CountryName":"Germany","Type of Animal":"Chicken"},"geometry":{"type":"Point","coordinates":[7.14116,52.54848]}},{"type":"Feature","properties":{"CountryName":"Germany","Type of Animal":"Pork"},"geometry":{"type":"Point","coordinates":[7.22109,52.47582]}},{"type":"Feature","properties":{"CountryName":"Germany","Type of Animal":"Chicken"},"geometry":{"type":"Point","coordinates":[7.11189,52.52866]}},{"type":"Feature","properties":{"CountryName":"Germany","Type of Animal":"Pork"},"geometry":{"type":"Point","coordinates":[6.80836,52.56563]}},{"type":"Feature","properties":{"CountryName":"Germany","Type of Animal":"Chicken"},"geometry":{"type":"Point","coordinates":[6.8041,52.53763]}},{"type":"Feature","properties":{"CountryName":"Germany","Type of Animal":"Chicken"},"geometry":{"type":"Point","coordinates":[6.75971,52.53675]}},{"type":"Feature","properties":{"CountryName":"Germany","Type of Animal":"Chicken"},"geometry":{"type":"Point","coordinates":[6.87263,52.55242]}},{"type":"Feature","properties":{"CountryName":"Germany","Type of Animal":"Chicken"},"geometry":{"type":"Point","coordinates":[7.17557,52.48212]}},{"type":"Feature","properties":{"CountryName":"Germany","Type of Animal":"Pork"},"geometry":{"type":"Point","coordinates":[7.23312,52.49868]}},{"type":"Feature","properties":{"CountryName":"Germany","Type of Animal":"Pork"},"geometry":{"type":"Point","coordinates":[7.46742,53.1013]}},{"type":"Feature","properties":{"CountryName":"Germany","Type of Animal":"Chicken"},"geometry":{"type":"Point","coordinates":[7.61574,53.17759]}},{"type":"Feature","properties":{"CountryName":"Germany","Type of Animal":"Chicken"},"geometry":{"type":"Point","coordinates":[8.61767,52.87694]}},{"type":"Feature","properties":{"CountryName":"Germany","Type of Animal":"Chicken"},"geometry":{"type":"Point","coordinates":[8.59536,52.87843]}},{"type":"Feature","properties":{"CountryName":"Germany","Type of Animal":"Pork"},"geometry":{"type":"Point","coordinates":[8.49539,52.82257]}},{"type":"Feature","properties":{"CountryName":"Germany","Type of Animal":"Pork"},"geometry":{"type":"Point","coordinates":[8.40568,52.93807]}},{"type":"Feature","properties":{"CountryName":"Germany","Type of Animal":"Chicken"},"geometry":{"type":"Point","coordinates":[8.34501,52.98144]}},{"type":"Feature","properties":{"CountryName":"Germany","Type of Animal":"Pork"},"geometry":{"type":"Point","coordinates":[8.47501,52.97803]}},{"type":"Feature","properties":{"CountryName":"Germany","Type of Animal":"Pork"},"geometry":{"type":"Point","coordinates":[8.40819,52.94381]}},{"type":"Feature","properties":{"CountryName":"Germany","Type of Animal":"Chicken"},"geometry":{"type":"Point","coordinates":[8.4838,52.97632]}},{"type":"Feature","properties":{"CountryName":"Germany","Type of Animal":"Chicken"},"geometry":{"type":"Point","coordinates":[8.38395,52.95294]}},{"type":"Feature","properties":{"CountryName":"Germany","Type of Animal":"Pork"},"geometry":{"type":"Point","coordinates":[8.46281,52.97187]}},{"type":"Feature","properties":{"CountryName":"Germany","Type of Animal":"Chicken"},"geometry":{"type":"Point","coordinates":[8.37297,52.99796]}},{"type":"Feature","properties":{"CountryName":"Germany","Type of Animal":"Chicken"},"geometry":{"type":"Point","coordinates":[8.50418,52.96907]}},{"type":"Feature","properties":{"CountryName":"Germany","Type of Animal":"Chicken"},"geometry":{"type":"Point","coordinates":[8.45127,53.01077]}},{"type":"Feature","properties":{"CountryName":"Germany","Type of Animal":"Chicken"},"geometry":{"type":"Point","coordinates":[8.45592,53.02299]}},{"type":"Feature","properties":{"CountryName":"Germany","Type of Animal":"Chicken"},"geometry":{"type":"Point","coordinates":[6.94402,52.59663]}},{"type":"Feature","properties":{"CountryName":"Germany","Type of Animal":"Chicken"},"geometry":{"type":"Point","coordinates":[8.54991,52.99808]}},{"type":"Feature","properties":{"CountryName":"Germany","Type of Animal":"Chicken"},"geometry":{"type":"Point","coordinates":[8.55428,53.01814]}},{"type":"Feature","properties":{"CountryName":"Germany","Type of Animal":"Chicken"},"geometry":{"type":"Point","coordinates":[8.5188,52.98565]}},{"type":"Feature","properties":{"CountryName":"Germany","Type of Animal":"Chicken"},"geometry":{"type":"Point","coordinates":[8.58879,53.03628]}},{"type":"Feature","properties":{"CountryName":"Germany","Type of Animal":"Chicken"},"geometry":{"type":"Point","coordinates":[8.51519,53.05105]}},{"type":"Feature","properties":{"CountryName":"Germany","Type of Animal":"Chicken"},"geometry":{"type":"Point","coordinates":[8.52749,53.05513]}},{"type":"Feature","properties":{"CountryName":"Germany","Type of Animal":"Chicken"},"geometry":{"type":"Point","coordinates":[8.512,53.0291]}},{"type":"Feature","properties":{"CountryName":"Germany","Type of Animal":"Chicken"},"geometry":{"type":"Point","coordinates":[8.55318,53.01277]}},{"type":"Feature","properties":{"CountryName":"Germany","Type of Animal":"Chicken"},"geometry":{"type":"Point","coordinates":[8.50818,53.02603]}},{"type":"Feature","properties":{"CountryName":"Germany","Type of Animal":"Chicken"},"geometry":{"type":"Point","coordinates":[8.49595,52.99175]}},{"type":"Feature","properties":{"CountryName":"Germany","Type of Animal":"Chicken"},"geometry":{"type":"Point","coordinates":[8.51756,52.99031]}},{"type":"Feature","properties":{"CountryName":"Germany","Type of Animal":"Chicken"},"geometry":{"type":"Point","coordinates":[8.57239,53.05377]}},{"type":"Feature","properties":{"CountryName":"Germany","Type of Animal":"Pork"},"geometry":{"type":"Point","coordinates":[8.62065,52.99483]}},{"type":"Feature","properties":{"CountryName":"Germany","Type of Animal":"Chicken"},"geometry":{"type":"Point","coordinates":[8.18047,52.97536]}},{"type":"Feature","properties":{"CountryName":"Germany","Type of Animal":"Chicken"},"geometry":{"type":"Point","coordinates":[8.19566,52.97702]}},{"type":"Feature","properties":{"CountryName":"Germany","Type of Animal":"Chicken"},"geometry":{"type":"Point","coordinates":[8.28956,52.93581]}},{"type":"Feature","properties":{"CountryName":"Germany","Type of Animal":"Chicken"},"geometry":{"type":"Point","coordinates":[8.15569,52.94904]}},{"type":"Feature","properties":{"CountryName":"Germany","Type of Animal":"Chicken"},"geometry":{"type":"Point","coordinates":[8.32407,52.92431]}},{"type":"Feature","properties":{"CountryName":"Germany","Type of Animal":"Pork"},"geometry":{"type":"Point","coordinates":[8.31305,52.92222]}},{"type":"Feature","properties":{"CountryName":"Germany","Type of Animal":"Chicken"},"geometry":{"type":"Point","coordinates":[8.24635,52.91048]}},{"type":"Feature","properties":{"CountryName":"Germany","Type of Animal":"Chicken"},"geometry":{"type":"Point","coordinates":[8.1804,52.96221]}},{"type":"Feature","properties":{"CountryName":"Germany","Type of Animal":"Chicken"},"geometry":{"type":"Point","coordinates":[8.21195,52.96568]}},{"type":"Feature","properties":{"CountryName":"Germany","Type of Animal":"Pork"},"geometry":{"type":"Point","coordinates":[8.26851,52.9781]}},{"type":"Feature","properties":{"CountryName":"Germany","Type of Animal":"Chicken"},"geometry":{"type":"Point","coordinates":[8.24639,52.90663]}},{"type":"Feature","properties":{"CountryName":"Germany","Type of Animal":"Chicken"},"geometry":{"type":"Point","coordinates":[8.22163,52.97187]}},{"type":"Feature","properties":{"CountryName":"Germany","Type of Animal":"Chicken"},"geometry":{"type":"Point","coordinates":[8.16909,52.95518]}},{"type":"Feature","properties":{"CountryName":"Germany","Type of Animal":"Chicken"},"geometry":{"type":"Point","coordinates":[8.3017,52.98297]}},{"type":"Feature","properties":{"CountryName":"Germany","Type of Animal":"Chicken"},"geometry":{"type":"Point","coordinates":[8.17531,52.9934]}},{"type":"Feature","properties":{"CountryName":"Germany","Type of Animal":"Chicken"},"geometry":{"type":"Point","coordinates":[8.30951,52.98977]}},{"type":"Feature","properties":{"CountryName":"Germany","Type of Animal":"Chicken"},"geometry":{"type":"Point","coordinates":[8.27228,52.93907]}},{"type":"Feature","properties":{"CountryName":"Germany","Type of Animal":"Chicken"},"geometry":{"type":"Point","coordinates":[8.33479,53.06511]}},{"type":"Feature","properties":{"CountryName":"Germany","Type of Animal":"Chicken"},"geometry":{"type":"Point","coordinates":[8.31068,53.05903]}},{"type":"Feature","properties":{"CountryName":"Germany","Type of Animal":"Chicken"},"geometry":{"type":"Point","coordinates":[8.31537,53.07949]}},{"type":"Feature","properties":{"CountryName":"Germany","Type of Animal":"Chicken"},"geometry":{"type":"Point","coordinates":[8.39289,53.07321]}},{"type":"Feature","properties":{"CountryName":"Germany","Type of Animal":"Chicken"},"geometry":{"type":"Point","coordinates":[8.35192,53.10899]}},{"type":"Feature","properties":{"CountryName":"Germany","Type of Animal":"Chicken"},"geometry":{"type":"Point","coordinates":[8.44999,53.06601]}},{"type":"Feature","properties":{"CountryName":"Germany","Type of Animal":"Chicken"},"geometry":{"type":"Point","coordinates":[8.31541,53.12906]}},{"type":"Feature","properties":{"CountryName":"Germany","Type of Animal":"Chicken"},"geometry":{"type":"Point","coordinates":[8.40424,53.08162]}},{"type":"Feature","properties":{"CountryName":"Germany","Type of Animal":"Chicken"},"geometry":{"type":"Point","coordinates":[8.49228,52.92913]}},{"type":"Feature","properties":{"CountryName":"Germany","Type of Animal":"Chicken"},"geometry":{"type":"Point","coordinates":[8.17795,53.01863]}},{"type":"Feature","properties":{"CountryName":"Germany","Type of Animal":"Chicken"},"geometry":{"type":"Point","coordinates":[8.10874,53.02614]}},{"type":"Feature","properties":{"CountryName":"Germany","Type of Animal":"Chicken"},"geometry":{"type":"Point","coordinates":[8.16207,53.01718]}},{"type":"Feature","properties":{"CountryName":"Germany","Type of Animal":"Chicken"},"geometry":{"type":"Point","coordinates":[8.38522,52.86476]}},{"type":"Feature","properties":{"CountryName":"Germany","Type of Animal":"Chicken"},"geometry":{"type":"Point","coordinates":[8.4473,52.8295]}},{"type":"Feature","properties":{"CountryName":"Germany","Type of Animal":"Chicken"},"geometry":{"type":"Point","coordinates":[8.46411,52.84314]}},{"type":"Feature","properties":{"CountryName":"Germany","Type of Animal":"Chicken"},"geometry":{"type":"Point","coordinates":[8.4043,52.86167]}},{"type":"Feature","properties":{"CountryName":"Germany","Type of Animal":"Pork"},"geometry":{"type":"Point","coordinates":[8.34835,52.933]}},{"type":"Feature","properties":{"CountryName":"Germany","Type of Animal":"Chicken"},"geometry":{"type":"Point","coordinates":[8.46359,52.82257]}},{"type":"Feature","properties":{"CountryName":"Germany","Type of Animal":"Pork"},"geometry":{"type":"Point","coordinates":[8.36954,52.855]}},{"type":"Feature","properties":{"CountryName":"Germany","Type of Animal":"Pork"},"geometry":{"type":"Point","coordinates":[8.459,52.83444]}},{"type":"Feature","properties":{"CountryName":"Germany","Type of Animal":"Chicken"},"geometry":{"type":"Point","coordinates":[8.3971,52.86039]}},{"type":"Feature","properties":{"CountryName":"Germany","Type of Animal":"Chicken"},"geometry":{"type":"Point","coordinates":[8.43166,52.8627]}},{"type":"Feature","properties":{"CountryName":"Germany","Type of Animal":"Chicken"},"geometry":{"type":"Point","coordinates":[8.39538,52.85772]}},{"type":"Feature","properties":{"CountryName":"Germany","Type of Animal":"Chicken"},"geometry":{"type":"Point","coordinates":[8.50375,52.86755]}},{"type":"Feature","properties":{"CountryName":"Germany","Type of Animal":"Pork"},"geometry":{"type":"Point","coordinates":[7.93945,52.51383]}},{"type":"Feature","properties":{"CountryName":"Germany","Type of Animal":"Pork"},"geometry":{"type":"Point","coordinates":[8.00554,52.51749]}},{"type":"Feature","properties":{"CountryName":"Germany","Type of Animal":"Chicken"},"geometry":{"type":"Point","coordinates":[7.88066,52.57819]}},{"type":"Feature","properties":{"CountryName":"Germany","Type of Animal":"Chicken"},"geometry":{"type":"Point","coordinates":[7.88473,52.50142]}},{"type":"Feature","properties":{"CountryName":"Germany","Type of Animal":"Chicken"},"geometry":{"type":"Point","coordinates":[7.88159,52.50679]}},{"type":"Feature","properties":{"CountryName":"Germany","Type of Animal":"Pork"},"geometry":{"type":"Point","coordinates":[7.86471,52.49485]}},{"type":"Feature","properties":{"CountryName":"Germany","Type of Animal":"Pork"},"geometry":{"type":"Point","coordinates":[8.36278,52.3423]}},{"type":"Feature","properties":{"CountryName":"Germany","Type of Animal":"Pork"},"geometry":{"type":"Point","coordinates":[8.32573,52.30268]}},{"type":"Feature","properties":{"CountryName":"Germany","Type of Animal":"Chicken"},"geometry":{"type":"Point","coordinates":[8.0145,52.14841]}},{"type":"Feature","properties":{"CountryName":"Germany","Type of Animal":"Pork"},"geometry":{"type":"Point","coordinates":[7.93885,52.6345]}},{"type":"Feature","properties":{"CountryName":"Germany","Type of Animal":"Pork"},"geometry":{"type":"Point","coordinates":[7.78795,52.58961]}},{"type":"Feature","properties":{"CountryName":"Germany","Type of Animal":"Pork"},"geometry":{"type":"Point","coordinates":[7.74749,52.63177]}},{"type":"Feature","properties":{"CountryName":"Germany","Type of Animal":"Chicken"},"geometry":{"type":"Point","coordinates":[7.63217,52.61774]}},{"type":"Feature","properties":{"CountryName":"Germany","Type of Animal":"Chicken"},"geometry":{"type":"Point","coordinates":[7.95739,52.56674]}},{"type":"Feature","properties":{"CountryName":"Germany","Type of Animal":"Chicken"},"geometry":{"type":"Point","coordinates":[7.92594,52.56611]}},{"type":"Feature","properties":{"CountryName":"Germany","Type of Animal":"Chicken"},"geometry":{"type":"Point","coordinates":[8.00982,52.53324]}},{"type":"Feature","properties":{"CountryName":"Germany","Type of Animal":"Pork"},"geometry":{"type":"Point","coordinates":[7.96979,52.5661]}},{"type":"Feature","properties":{"CountryName":"Germany","Type of Animal":"Pork"},"geometry":{"type":"Point","coordinates":[7.93107,52.58991]}},{"type":"Feature","properties":{"CountryName":"Germany","Type of Animal":"Chicken"},"geometry":{"type":"Point","coordinates":[7.67072,52.55011]}},{"type":"Feature","properties":{"CountryName":"Germany","Type of Animal":"Pork"},"geometry":{"type":"Point","coordinates":[8.33511,52.36973]}},{"type":"Feature","properties":{"CountryName":"Germany","Type of Animal":"Pork"},"geometry":{"type":"Point","coordinates":[8.3548,52.36583]}},{"type":"Feature","properties":{"CountryName":"Germany","Type of Animal":"Pork"},"geometry":{"type":"Point","coordinates":[8.35869,52.3638]}},{"type":"Feature","properties":{"CountryName":"Germany","Type of Animal":"Chicken"},"geometry":{"type":"Point","coordinates":[8.31399,52.39145]}},{"type":"Feature","properties":{"CountryName":"Germany","Type of Animal":"Pork"},"geometry":{"type":"Point","coordinates":[8.28426,52.44399]}},{"type":"Feature","properties":{"CountryName":"Germany","Type of Animal":"Chicken"},"geometry":{"type":"Point","coordinates":[7.92753,52.41898]}},{"type":"Feature","properties":{"CountryName":"Germany","Type of Animal":"Pork"},"geometry":{"type":"Point","coordinates":[8.03951,52.43453]}},{"type":"Feature","properties":{"CountryName":"Germany","Type of Animal":"Pork"},"geometry":{"type":"Point","coordinates":[8.09238,52.44279]}},{"type":"Feature","properties":{"CountryName":"Germany","Type of Animal":"Chicken"},"geometry":{"type":"Point","coordinates":[8.21557,52.38238]}},{"type":"Feature","properties":{"CountryName":"Germany","Type of Animal":"Chicken"},"geometry":{"type":"Point","coordinates":[7.79993,52.54691]}},{"type":"Feature","properties":{"CountryName":"Germany","Type of Animal":"Chicken"},"geometry":{"type":"Point","coordinates":[7.78598,52.56895]}},{"type":"Feature","properties":{"CountryName":"Germany","Type of Animal":"Chicken"},"geometry":{"type":"Point","coordinates":[7.81643,52.53607]}},{"type":"Feature","properties":{"CountryName":"Germany","Type of Animal":"Chicken"},"geometry":{"type":"Point","coordinates":[7.76235,52.51876]}},{"type":"Feature","properties":{"CountryName":"Germany","Type of Animal":"Chicken"},"geometry":{"type":"Point","coordinates":[7.77333,52.52659]}},{"type":"Feature","properties":{"CountryName":"Germany","Type of Animal":"Chicken"},"geometry":{"type":"Point","coordinates":[7.66948,52.50909]}},{"type":"Feature","properties":{"CountryName":"Germany","Type of Animal":"Pork"},"geometry":{"type":"Point","coordinates":[8.03903,52.59492]}},{"type":"Feature","properties":{"CountryName":"Germany","Type of Animal":"Chicken"},"geometry":{"type":"Point","coordinates":[8.00871,52.58584]}},{"type":"Feature","properties":{"CountryName":"Germany","Type of Animal":"Chicken"},"geometry":{"type":"Point","coordinates":[8.00513,52.36749]}},{"type":"Feature","properties":{"CountryName":"Germany","Type of Animal":"Chicken"},"geometry":{"type":"Point","coordinates":[7.82818,52.6185]}},{"type":"Feature","properties":{"CountryName":"Germany","Type of Animal":"Chicken"},"geometry":{"type":"Point","coordinates":[7.82651,52.62353]}},{"type":"Feature","properties":{"CountryName":"Germany","Type of Animal":"Chicken"},"geometry":{"type":"Point","coordinates":[8.24167,52.25526]}},{"type":"Feature","properties":{"CountryName":"Germany","Type of Animal":"Chicken"},"geometry":{"type":"Point","coordinates":[8.40243,52.12285]}},{"type":"Feature","properties":{"CountryName":"Germany","Type of Animal":"Chicken"},"geometry":{"type":"Point","coordinates":[8.30757,52.15026]}},{"type":"Feature","properties":{"CountryName":"Germany","Type of Animal":"Pork"},"geometry":{"type":"Point","coordinates":[8.29291,52.1802]}},{"type":"Feature","properties":{"CountryName":"Germany","Type of Animal":"Chicken"},"geometry":{"type":"Point","coordinates":[8.24457,52.20918]}},{"type":"Feature","properties":{"CountryName":"Germany","Type of Animal":"Chicken"},"geometry":{"type":"Point","coordinates":[7.84376,52.68328]}},{"type":"Feature","properties":{"CountryName":"Germany","Type of Animal":"Pork"},"geometry":{"type":"Point","coordinates":[7.90293,52.68273]}},{"type":"Feature","properties":{"CountryName":"Germany","Type of Animal":"Chicken"},"geometry":{"type":"Point","coordinates":[7.7716,52.47734]}},{"type":"Feature","properties":{"CountryName":"Germany","Type of Animal":"Chicken"},"geometry":{"type":"Point","coordinates":[7.76732,52.4659]}},{"type":"Feature","properties":{"CountryName":"Germany","Type of Animal":"Chicken"},"geometry":{"type":"Point","coordinates":[7.76115,52.47804]}},{"type":"Feature","properties":{"CountryName":"Germany","Type of Animal":"Pork"},"geometry":{"type":"Point","coordinates":[7.82712,52.44764]}},{"type":"Feature","properties":{"CountryName":"Germany","Type of Animal":"Chicken"},"geometry":{"type":"Point","coordinates":[7.90619,52.58916]}},{"type":"Feature","properties":{"CountryName":"Germany","Type of Animal":"Pork"},"geometry":{"type":"Point","coordinates":[7.90619,52.58916]}},{"type":"Feature","properties":{"CountryName":"Germany","Type of Animal":"Chicken"},"geometry":{"type":"Point","coordinates":[7.80405,52.51094]}},{"type":"Feature","properties":{"CountryName":"Germany","Type of Animal":"Pork"},"geometry":{"type":"Point","coordinates":[7.82027,52.46601]}},{"type":"Feature","properties":{"CountryName":"Germany","Type of Animal":"Chicken"},"geometry":{"type":"Point","coordinates":[7.75601,52.49994]}},{"type":"Feature","properties":{"CountryName":"Germany","Type of Animal":"Chicken"},"geometry":{"type":"Point","coordinates":[7.81439,52.50302]}},{"type":"Feature","properties":{"CountryName":"Germany","Type of Animal":"Pork"},"geometry":{"type":"Point","coordinates":[7.80437,52.48688]}},{"type":"Feature","properties":{"CountryName":"Germany","Type of Animal":"Chicken"},"geometry":{"type":"Point","coordinates":[7.77493,52.49084]}},{"type":"Feature","properties":{"CountryName":"Germany","Type of Animal":"Chicken"},"geometry":{"type":"Point","coordinates":[7.81802,52.48517]}},{"type":"Feature","properties":{"CountryName":"Germany","Type of Animal":"Chicken"},"geometry":{"type":"Point","coordinates":[7.83346,52.46199]}},{"type":"Feature","properties":{"CountryName":"Germany","Type of Animal":"Chicken"},"geometry":{"type":"Point","coordinates":[7.80456,52.43996]}},{"type":"Feature","properties":{"CountryName":"Germany","Type of Animal":"Chicken"},"geometry":{"type":"Point","coordinates":[7.80576,52.4072]}},{"type":"Feature","properties":{"CountryName":"Germany","Type of Animal":"Pork"},"geometry":{"type":"Point","coordinates":[7.85567,52.41974]}},{"type":"Feature","properties":{"CountryName":"Germany","Type of Animal":"Chicken"},"geometry":{"type":"Point","coordinates":[7.9035,52.60462]}},{"type":"Feature","properties":{"CountryName":"Germany","Type of Animal":"Pork"},"geometry":{"type":"Point","coordinates":[7.89145,52.60524]}},{"type":"Feature","properties":{"CountryName":"Germany","Type of Animal":"Chicken"},"geometry":{"type":"Point","coordinates":[8.14424,52.4031]}},{"type":"Feature","properties":{"CountryName":"Germany","Type of Animal":"Chicken"},"geometry":{"type":"Point","coordinates":[8.22025,52.38354]}},{"type":"Feature","properties":{"CountryName":"Germany","Type of Animal":"Pork"},"geometry":{"type":"Point","coordinates":[8.03374,52.48123]}},{"type":"Feature","properties":{"CountryName":"Germany","Type of Animal":"Chicken"},"geometry":{"type":"Point","coordinates":[8.02562,52.4612]}},{"type":"Feature","properties":{"CountryName":"Germany","Type of Animal":"Pork"},"geometry":{"type":"Point","coordinates":[8.01613,52.4816]}},{"type":"Feature","properties":{"CountryName":"Germany","Type of Animal":"Chicken"},"geometry":{"type":"Point","coordinates":[7.76923,52.46495]}},{"type":"Feature","properties":{"CountryName":"Germany","Type of Animal":"Pork"},"geometry":{"type":"Point","coordinates":[7.73138,52.461]}},{"type":"Feature","properties":{"CountryName":"Germany","Type of Animal":"Pork"},"geometry":{"type":"Point","coordinates":[7.73777,52.4384]}},{"type":"Feature","properties":{"CountryName":"Germany","Type of Animal":"Chicken"},"geometry":{"type":"Point","coordinates":[7.72342,52.44539]}},{"type":"Feature","properties":{"CountryName":"Germany","Type of Animal":"Chicken"},"geometry":{"type":"Point","coordinates":[8.08606,52.34539]}},{"type":"Feature","properties":{"CountryName":"Germany","Type of Animal":"Chicken"},"geometry":{"type":"Point","coordinates":[7.98103,52.05894]}},{"type":"Feature","properties":{"CountryName":"Germany","Type of Animal":"Pork"},"geometry":{"type":"Point","coordinates":[7.90255,52.08614]}},{"type":"Feature","properties":{"CountryName":"Germany","Type of Animal":"Pork"},"geometry":{"type":"Point","coordinates":[7.97623,52.08654]}},{"type":"Feature","properties":{"CountryName":"Germany","Type of Animal":"Chicken"},"geometry":{"type":"Point","coordinates":[8.04581,52.08001]}},{"type":"Feature","properties":{"CountryName":"Germany","Type of Animal":"Chicken"},"geometry":{"type":"Point","coordinates":[7.82393,52.37903]}},{"type":"Feature","properties":{"CountryName":"Germany","Type of Animal":"Pork"},"geometry":{"type":"Point","coordinates":[8.14832,52.67393]}},{"type":"Feature","properties":{"CountryName":"Germany","Type of Animal":"Chicken"},"geometry":{"type":"Point","coordinates":[8.12945,52.74068]}},{"type":"Feature","properties":{"CountryName":"Germany","Type of Animal":"Pork"},"geometry":{"type":"Point","coordinates":[8.20716,52.73358]}},{"type":"Feature","properties":{"CountryName":"Germany","Type of Animal":"Chicken"},"geometry":{"type":"Point","coordinates":[8.09034,52.7088]}},{"type":"Feature","properties":{"CountryName":"Germany","Type of Animal":"Pork"},"geometry":{"type":"Point","coordinates":[8.10588,52.70602]}},{"type":"Feature","properties":{"CountryName":"Germany","Type of Animal":"Chicken"},"geometry":{"type":"Point","coordinates":[8.29005,52.85346]}},{"type":"Feature","properties":{"CountryName":"Germany","Type of Animal":"Pork"},"geometry":{"type":"Point","coordinates":[8.19191,52.74809]}},{"type":"Feature","properties":{"CountryName":"Germany","Type of Animal":"Chicken"},"geometry":{"type":"Point","coordinates":[8.15882,52.71157]}},{"type":"Feature","properties":{"CountryName":"Germany","Type of Animal":"Pork"},"geometry":{"type":"Point","coordinates":[8.22965,52.74066]}},{"type":"Feature","properties":{"CountryName":"Germany","Type of Animal":"Pork"},"geometry":{"type":"Point","coordinates":[8.0952,52.7287]}},{"type":"Feature","properties":{"CountryName":"Germany","Type of Animal":"Chicken"},"geometry":{"type":"Point","coordinates":[8.08372,52.72113]}},{"type":"Feature","properties":{"CountryName":"Germany","Type of Animal":"Pork"},"geometry":{"type":"Point","coordinates":[8.19669,52.71846]}},{"type":"Feature","properties":{"CountryName":"Germany","Type of Animal":"Pork"},"geometry":{"type":"Point","coordinates":[8.22662,52.722]}},{"type":"Feature","properties":{"CountryName":"Germany","Type of Animal":"Chicken"},"geometry":{"type":"Point","coordinates":[8.28084,52.87302]}},{"type":"Feature","properties":{"CountryName":"Germany","Type of Animal":"Chicken"},"geometry":{"type":"Point","coordinates":[8.20535,52.75192]}},{"type":"Feature","properties":{"CountryName":"Germany","Type of Animal":"Pork"},"geometry":{"type":"Point","coordinates":[8.09059,52.74024]}},{"type":"Feature","properties":{"CountryName":"Germany","Type of Animal":"Pork"},"geometry":{"type":"Point","coordinates":[8.06108,52.74256]}},{"type":"Feature","properties":{"CountryName":"Germany","Type of Animal":"Chicken"},"geometry":{"type":"Point","coordinates":[8.08317,52.70633]}},{"type":"Feature","properties":{"CountryName":"Germany","Type of Animal":"Chicken"},"geometry":{"type":"Point","coordinates":[8.20939,52.72621]}},{"type":"Feature","properties":{"CountryName":"Germany","Type of Animal":"Pork"},"geometry":{"type":"Point","coordinates":[8.20366,52.73264]}},{"type":"Feature","properties":{"CountryName":"Germany","Type of Animal":"Pork"},"geometry":{"type":"Point","coordinates":[8.13821,52.73648]}},{"type":"Feature","properties":{"CountryName":"Germany","Type of Animal":"Pork"},"geometry":{"type":"Point","coordinates":[8.1243,52.76312]}},{"type":"Feature","properties":{"CountryName":"Germany","Type of Animal":"Pork"},"geometry":{"type":"Point","coordinates":[8.15411,52.71158]}},{"type":"Feature","properties":{"CountryName":"Germany","Type of Animal":"Pork"},"geometry":{"type":"Point","coordinates":[8.12682,52.74549]}},{"type":"Feature","properties":{"CountryName":"Germany","Type of Animal":"Pork"},"geometry":{"type":"Point","coordinates":[8.18124,52.71547]}},{"type":"Feature","properties":{"CountryName":"Germany","Type of Animal":"Pork"},"geometry":{"type":"Point","coordinates":[8.20965,52.72456]}},{"type":"Feature","properties":{"CountryName":"Germany","Type of Animal":"Chicken"},"geometry":{"type":"Point","coordinates":[8.22557,52.74232]}},{"type":"Feature","properties":{"CountryName":"Germany","Type of Animal":"Chicken"},"geometry":{"type":"Point","coordinates":[8.0522,52.72262]}},{"type":"Feature","properties":{"CountryName":"Germany","Type of Animal":"Chicken"},"geometry":{"type":"Point","coordinates":[8.07238,52.74573]}},{"type":"Feature","properties":{"CountryName":"Germany","Type of Animal":"Pork"},"geometry":{"type":"Point","coordinates":[8.11851,52.76148]}},{"type":"Feature","properties":{"CountryName":"Germany","Type of Animal":"Chicken"},"geometry":{"type":"Point","coordinates":[8.10926,52.72534]}},{"type":"Feature","properties":{"CountryName":"Germany","Type of Animal":"Pork"},"geometry":{"type":"Point","coordinates":[8.06955,52.7203]}},{"type":"Feature","properties":{"CountryName":"Germany","Type of Animal":"Pork"},"geometry":{"type":"Point","coordinates":[8.19989,52.75418]}},{"type":"Feature","properties":{"CountryName":"Germany","Type of Animal":"Pork"},"geometry":{"type":"Point","coordinates":[8.09832,52.74038]}},{"type":"Feature","properties":{"CountryName":"Germany","Type of Animal":"Pork"},"geometry":{"type":"Point","coordinates":[8.26024,52.78091]}},{"type":"Feature","properties":{"CountryName":"Germany","Type of Animal":"Pork"},"geometry":{"type":"Point","coordinates":[8.2319,52.5341]}},{"type":"Feature","properties":{"CountryName":"Germany","Type of Animal":"Pork"},"geometry":{"type":"Point","coordinates":[8.23012,52.50283]}},{"type":"Feature","properties":{"CountryName":"Germany","Type of Animal":"Chicken"},"geometry":{"type":"Point","coordinates":[8.21525,52.73786]}},{"type":"Feature","properties":{"CountryName":"Germany","Type of Animal":"Chicken"},"geometry":{"type":"Point","coordinates":[8.23391,52.54485]}},{"type":"Feature","properties":{"CountryName":"Germany","Type of Animal":"Pork"},"geometry":{"type":"Point","coordinates":[8.28436,52.54113]}},{"type":"Feature","properties":{"CountryName":"Germany","Type of Animal":"Pork"},"geometry":{"type":"Point","coordinates":[8.22738,52.50955]}},{"type":"Feature","properties":{"CountryName":"Germany","Type of Animal":"Pork"},"geometry":{"type":"Point","coordinates":[8.25945,52.53114]}},{"type":"Feature","properties":{"CountryName":"Germany","Type of Animal":"Pork"},"geometry":{"type":"Point","coordinates":[8.26673,52.53482]}},{"type":"Feature","properties":{"CountryName":"Germany","Type of Animal":"Pork"},"geometry":{"type":"Point","coordinates":[8.25077,52.5318]}},{"type":"Feature","properties":{"CountryName":"Germany","Type of Animal":"Pork"},"geometry":{"type":"Point","coordinates":[8.18951,52.51703]}},{"type":"Feature","properties":{"CountryName":"Germany","Type of Animal":"Chicken"},"geometry":{"type":"Point","coordinates":[8.22202,52.49102]}},{"type":"Feature","properties":{"CountryName":"Germany","Type of Animal":"Pork"},"geometry":{"type":"Point","coordinates":[8.28116,52.52041]}},{"type":"Feature","properties":{"CountryName":"Germany","Type of Animal":"Chicken"},"geometry":{"type":"Point","coordinates":[8.2609,52.55463]}},{"type":"Feature","properties":{"CountryName":"Germany","Type of Animal":"Pork"},"geometry":{"type":"Point","coordinates":[8.25226,52.54095]}},{"type":"Feature","properties":{"CountryName":"Germany","Type of Animal":"Pork"},"geometry":{"type":"Point","coordinates":[8.22495,52.51604]}},{"type":"Feature","properties":{"CountryName":"Germany","Type of Animal":"Pork"},"geometry":{"type":"Point","coordinates":[8.28258,52.51845]}},{"type":"Feature","properties":{"CountryName":"Germany","Type of Animal":"Pork"},"geometry":{"type":"Point","coordinates":[8.21636,52.5006]}},{"type":"Feature","properties":{"CountryName":"Germany","Type of Animal":"Pork"},"geometry":{"type":"Point","coordinates":[8.2949,52.54956]}},{"type":"Feature","properties":{"CountryName":"Germany","Type of Animal":"Pork"},"geometry":{"type":"Point","coordinates":[8.28571,52.5737]}},{"type":"Feature","properties":{"CountryName":"Germany","Type of Animal":"Pork"},"geometry":{"type":"Point","coordinates":[8.27113,52.52118]}},{"type":"Feature","properties":{"CountryName":"Germany","Type of Animal":"Pork"},"geometry":{"type":"Point","coordinates":[8.18264,52.49321]}},{"type":"Feature","properties":{"CountryName":"Germany","Type of Animal":"Pork"},"geometry":{"type":"Point","coordinates":[8.19562,52.52343]}},{"type":"Feature","properties":{"CountryName":"Germany","Type of Animal":"Pork"},"geometry":{"type":"Point","coordinates":[8.2816,52.52547]}},{"type":"Feature","properties":{"CountryName":"Germany","Type of Animal":"Chicken"},"geometry":{"type":"Point","coordinates":[8.28201,52.52436]}},{"type":"Feature","properties":{"CountryName":"Germany","Type of Animal":"Pork"},"geometry":{"type":"Point","coordinates":[8.29588,52.54578]}},{"type":"Feature","properties":{"CountryName":"Germany","Type of Animal":"Pork"},"geometry":{"type":"Point","coordinates":[8.15366,52.5051]}},{"type":"Feature","properties":{"CountryName":"Germany","Type of Animal":"Pork"},"geometry":{"type":"Point","coordinates":[8.25922,52.53064]}},{"type":"Feature","properties":{"CountryName":"Germany","Type of Animal":"Pork"},"geometry":{"type":"Point","coordinates":[8.22213,52.75226]}},{"type":"Feature","properties":{"CountryName":"Germany","Type of Animal":"Pork"},"geometry":{"type":"Point","coordinates":[8.24556,52.54045]}},{"type":"Feature","properties":{"CountryName":"Germany","Type of Animal":"Pork"},"geometry":{"type":"Point","coordinates":[8.28001,52.52872]}},{"type":"Feature","properties":{"CountryName":"Germany","Type of Animal":"Pork"},"geometry":{"type":"Point","coordinates":[8.22648,52.51116]}},{"type":"Feature","properties":{"CountryName":"Germany","Type of Animal":"Pork"},"geometry":{"type":"Point","coordinates":[8.12953,52.4997]}},{"type":"Feature","properties":{"CountryName":"Germany","Type of Animal":"Pork"},"geometry":{"type":"Point","coordinates":[8.24188,52.52068]}},{"type":"Feature","properties":{"CountryName":"Germany","Type of Animal":"Pork"},"geometry":{"type":"Point","coordinates":[8.25605,52.53164]}},{"type":"Feature","properties":{"CountryName":"Germany","Type of Animal":"Pork"},"geometry":{"type":"Point","coordinates":[8.25857,52.52225]}},{"type":"Feature","properties":{"CountryName":"Germany","Type of Animal":"Chicken"},"geometry":{"type":"Point","coordinates":[8.09545,52.61768]}},{"type":"Feature","properties":{"CountryName":"Germany","Type of Animal":"Chicken"},"geometry":{"type":"Point","coordinates":[8.10345,52.61841]}},{"type":"Feature","properties":{"CountryName":"Germany","Type of Animal":"Pork"},"geometry":{"type":"Point","coordinates":[8.11392,52.69239]}},{"type":"Feature","properties":{"CountryName":"Germany","Type of Animal":"Pork"},"geometry":{"type":"Point","coordinates":[8.12259,52.69354]}},{"type":"Feature","properties":{"CountryName":"Germany","Type of Animal":"Pork"},"geometry":{"type":"Point","coordinates":[8.10708,52.65816]}},{"type":"Feature","properties":{"CountryName":"Germany","Type of Animal":"Chicken"},"geometry":{"type":"Point","coordinates":[8.10284,52.67684]}},{"type":"Feature","properties":{"CountryName":"Germany","Type of Animal":"Pork"},"geometry":{"type":"Point","coordinates":[8.0976,52.63887]}},{"type":"Feature","properties":{"CountryName":"Germany","Type of Animal":"Chicken"},"geometry":{"type":"Point","coordinates":[8.14256,52.68912]}},{"type":"Feature","properties":{"CountryName":"Germany","Type of Animal":"Chicken"},"geometry":{"type":"Point","coordinates":[8.12352,52.66329]}},{"type":"Feature","properties":{"CountryName":"Germany","Type of Animal":"Chicken"},"geometry":{"type":"Point","coordinates":[8.15473,52.68856]}},{"type":"Feature","properties":{"CountryName":"Germany","Type of Animal":"Chicken"},"geometry":{"type":"Point","coordinates":[8.09815,52.61478]}},{"type":"Feature","properties":{"CountryName":"Germany","Type of Animal":"Chicken"},"geometry":{"type":"Point","coordinates":[8.1261,52.67965]}},{"type":"Feature","properties":{"CountryName":"Germany","Type of Animal":"Chicken"},"geometry":{"type":"Point","coordinates":[8.09827,52.63979]}},{"type":"Feature","properties":{"CountryName":"Germany","Type of Animal":"Chicken"},"geometry":{"type":"Point","coordinates":[8.04697,52.67006]}},{"type":"Feature","properties":{"CountryName":"Germany","Type of Animal":"Chicken"},"geometry":{"type":"Point","coordinates":[8.11974,52.68941]}},{"type":"Feature","properties":{"CountryName":"Germany","Type of Animal":"Chicken"},"geometry":{"type":"Point","coordinates":[8.12307,52.61903]}},{"type":"Feature","properties":{"CountryName":"Germany","Type of Animal":"Chicken"},"geometry":{"type":"Point","coordinates":[8.42187,52.75894]}},{"type":"Feature","properties":{"CountryName":"Germany","Type of Animal":"Pork"},"geometry":{"type":"Point","coordinates":[8.43529,52.76534]}},{"type":"Feature","properties":{"CountryName":"Germany","Type of Animal":"Pork"},"geometry":{"type":"Point","coordinates":[8.31911,52.76727]}},{"type":"Feature","properties":{"CountryName":"Germany","Type of Animal":"Chicken"},"geometry":{"type":"Point","coordinates":[8.39412,52.74707]}},{"type":"Feature","properties":{"CountryName":"Germany","Type of Animal":"Pork"},"geometry":{"type":"Point","coordinates":[8.33698,52.76862]}},{"type":"Feature","properties":{"CountryName":"Germany","Type of Animal":"Chicken"},"geometry":{"type":"Point","coordinates":[8.35818,52.7442]}},{"type":"Feature","properties":{"CountryName":"Germany","Type of Animal":"Pork"},"geometry":{"type":"Point","coordinates":[8.38607,52.8161]}},{"type":"Feature","properties":{"CountryName":"Germany","Type of Animal":"Pork"},"geometry":{"type":"Point","coordinates":[8.36751,52.76046]}},{"type":"Feature","properties":{"CountryName":"Germany","Type of Animal":"Chicken"},"geometry":{"type":"Point","coordinates":[8.38219,52.7505]}},{"type":"Feature","properties":{"CountryName":"Germany","Type of Animal":"Pork"},"geometry":{"type":"Point","coordinates":[8.10712,52.55588]}},{"type":"Feature","properties":{"CountryName":"Germany","Type of Animal":"Pork"},"geometry":{"type":"Point","coordinates":[8.14341,52.61415]}},{"type":"Feature","properties":{"CountryName":"Germany","Type of Animal":"Pork"},"geometry":{"type":"Point","coordinates":[8.15399,52.55923]}},{"type":"Feature","properties":{"CountryName":"Germany","Type of Animal":"Pork"},"geometry":{"type":"Point","coordinates":[8.11239,52.5847]}},{"type":"Feature","properties":{"CountryName":"Germany","Type of Animal":"Pork"},"geometry":{"type":"Point","coordinates":[8.12879,52.60319]}},{"type":"Feature","properties":{"CountryName":"Germany","Type of Animal":"Pork"},"geometry":{"type":"Point","coordinates":[8.18018,52.56769]}},{"type":"Feature","properties":{"CountryName":"Germany","Type of Animal":"Chicken"},"geometry":{"type":"Point","coordinates":[8.0804,52.56452]}},{"type":"Feature","properties":{"CountryName":"Germany","Type of Animal":"Chicken"},"geometry":{"type":"Point","coordinates":[8.10214,52.59658]}},{"type":"Feature","properties":{"CountryName":"Germany","Type of Animal":"Chicken"},"geometry":{"type":"Point","coordinates":[8.14293,52.56273]}},{"type":"Feature","properties":{"CountryName":"Germany","Type of Animal":"Pork"},"geometry":{"type":"Point","coordinates":[8.14579,52.5928]}},{"type":"Feature","properties":{"CountryName":"Germany","Type of Animal":"Pork"},"geometry":{"type":"Point","coordinates":[8.15055,52.68682]}},{"type":"Feature","properties":{"CountryName":"Germany","Type of Animal":"Pork"},"geometry":{"type":"Point","coordinates":[8.2822,52.66273]}},{"type":"Feature","properties":{"CountryName":"Germany","Type of Animal":"Chicken"},"geometry":{"type":"Point","coordinates":[8.23868,52.66667]}},{"type":"Feature","properties":{"CountryName":"Germany","Type of Animal":"Chicken"},"geometry":{"type":"Point","coordinates":[8.23868,52.66667]}},{"type":"Feature","properties":{"CountryName":"Germany","Type of Animal":"Pork"},"geometry":{"type":"Point","coordinates":[8.1947,52.6937]}},{"type":"Feature","properties":{"CountryName":"Germany","Type of Animal":"Chicken"},"geometry":{"type":"Point","coordinates":[8.21026,52.69025]}},{"type":"Feature","properties":{"CountryName":"Germany","Type of Animal":"Chicken"},"geometry":{"type":"Point","coordinates":[8.21284,52.66244]}},{"type":"Feature","properties":{"CountryName":"Germany","Type of Animal":"Pork"},"geometry":{"type":"Point","coordinates":[8.2623,52.6838]}},{"type":"Feature","properties":{"CountryName":"Germany","Type of Animal":"Chicken"},"geometry":{"type":"Point","coordinates":[8.26664,52.63738]}},{"type":"Feature","properties":{"CountryName":"Germany","Type of Animal":"Pork"},"geometry":{"type":"Point","coordinates":[8.24782,52.67643]}},{"type":"Feature","properties":{"CountryName":"Germany","Type of Animal":"Pork"},"geometry":{"type":"Point","coordinates":[8.07387,52.55959]}},{"type":"Feature","properties":{"CountryName":"Germany","Type of Animal":"Chicken"},"geometry":{"type":"Point","coordinates":[8.07485,52.45597]}},{"type":"Feature","properties":{"CountryName":"Germany","Type of Animal":"Chicken"},"geometry":{"type":"Point","coordinates":[8.06672,52.51667]}},{"type":"Feature","properties":{"CountryName":"Germany","Type of Animal":"Pork"},"geometry":{"type":"Point","coordinates":[8.05069,52.56245]}},{"type":"Feature","properties":{"CountryName":"Germany","Type of Animal":"Chicken"},"geometry":{"type":"Point","coordinates":[8.15744,52.46145]}},{"type":"Feature","properties":{"CountryName":"Germany","Type of Animal":"Pork"},"geometry":{"type":"Point","coordinates":[8.10357,52.52898]}},{"type":"Feature","properties":{"CountryName":"Germany","Type of Animal":"Chicken"},"geometry":{"type":"Point","coordinates":[8.1627,52.46654]}},{"type":"Feature","properties":{"CountryName":"Germany","Type of Animal":"Pork"},"geometry":{"type":"Point","coordinates":[8.06295,52.52905]}},{"type":"Feature","properties":{"CountryName":"Germany","Type of Animal":"Chicken"},"geometry":{"type":"Point","coordinates":[8.0312,52.57435]}},{"type":"Feature","properties":{"CountryName":"Germany","Type of Animal":"Chicken"},"geometry":{"type":"Point","coordinates":[8.05098,52.57079]}},{"type":"Feature","properties":{"CountryName":"Germany","Type of Animal":"Chicken"},"geometry":{"type":"Point","coordinates":[8.07472,52.54701]}},{"type":"Feature","properties":{"CountryName":"Germany","Type of Animal":"Pork"},"geometry":{"type":"Point","coordinates":[8.07464,52.52565]}},{"type":"Feature","properties":{"CountryName":"Germany","Type of Animal":"Chicken"},"geometry":{"type":"Point","coordinates":[8.06781,52.53588]}},{"type":"Feature","properties":{"CountryName":"Germany","Type of Animal":"Pork"},"geometry":{"type":"Point","coordinates":[8.09947,52.53803]}},{"type":"Feature","properties":{"CountryName":"Germany","Type of Animal":"Pork"},"geometry":{"type":"Point","coordinates":[8.09332,52.46169]}},{"type":"Feature","properties":{"CountryName":"Germany","Type of Animal":"Chicken"},"geometry":{"type":"Point","coordinates":[8.10182,52.61802]}},{"type":"Feature","properties":{"CountryName":"Germany","Type of Animal":"Pork"},"geometry":{"type":"Point","coordinates":[8.2027,52.61101]}},{"type":"Feature","properties":{"CountryName":"Germany","Type of Animal":"Pork"},"geometry":{"type":"Point","coordinates":[8.24012,52.59092]}},{"type":"Feature","properties":{"CountryName":"Germany","Type of Animal":"Pork"},"geometry":{"type":"Point","coordinates":[8.22439,52.59481]}},{"type":"Feature","properties":{"CountryName":"Germany","Type of Animal":"Pork"},"geometry":{"type":"Point","coordinates":[8.23446,52.58956]}},{"type":"Feature","properties":{"CountryName":"Germany","Type of Animal":"Pork"},"geometry":{"type":"Point","coordinates":[8.2445,52.56867]}},{"type":"Feature","properties":{"CountryName":"Germany","Type of Animal":"Pork"},"geometry":{"type":"Point","coordinates":[8.28571,52.5737]}},{"type":"Feature","properties":{"CountryName":"Germany","Type of Animal":"Chicken"},"geometry":{"type":"Point","coordinates":[8.16636,52.57111]}},{"type":"Feature","properties":{"CountryName":"Germany","Type of Animal":"Chicken"},"geometry":{"type":"Point","coordinates":[8.16922,52.5903]}},{"type":"Feature","properties":{"CountryName":"Germany","Type of Animal":"Chicken"},"geometry":{"type":"Point","coordinates":[8.26312,52.5761]}},{"type":"Feature","properties":{"CountryName":"Germany","Type of Animal":"Pork"},"geometry":{"type":"Point","coordinates":[8.17569,52.60391]}},{"type":"Feature","properties":{"CountryName":"Germany","Type of Animal":"Pork"},"geometry":{"type":"Point","coordinates":[8.29711,52.78025]}},{"type":"Feature","properties":{"CountryName":"Germany","Type of Animal":"Pork"},"geometry":{"type":"Point","coordinates":[8.30386,52.75242]}},{"type":"Feature","properties":{"CountryName":"Germany","Type of Animal":"Pork"},"geometry":{"type":"Point","coordinates":[8.2504,52.75924]}},{"type":"Feature","properties":{"CountryName":"Germany","Type of Animal":"Chicken"},"geometry":{"type":"Point","coordinates":[8.27347,52.74398]}},{"type":"Feature","properties":{"CountryName":"Germany","Type of Animal":"Pork"},"geometry":{"type":"Point","coordinates":[8.29522,52.78074]}},{"type":"Feature","properties":{"CountryName":"Germany","Type of Animal":"Chicken"},"geometry":{"type":"Point","coordinates":[8.28392,52.72922]}},{"type":"Feature","properties":{"CountryName":"Germany","Type of Animal":"Chicken"},"geometry":{"type":"Point","coordinates":[8.30541,52.70102]}},{"type":"Feature","properties":{"CountryName":"Germany","Type of Animal":"Pork"},"geometry":{"type":"Point","coordinates":[8.3284,52.73427]}},{"type":"Feature","properties":{"CountryName":"Germany","Type of Animal":"Pork"},"geometry":{"type":"Point","coordinates":[8.3097,52.7007]}},{"type":"Feature","properties":{"CountryName":"Germany","Type of Animal":"Chicken"},"geometry":{"type":"Point","coordinates":[8.27901,52.79516]}},{"type":"Feature","properties":{"CountryName":"Germany","Type of Animal":"Pork"},"geometry":{"type":"Point","coordinates":[8.32475,52.70839]}},{"type":"Feature","properties":{"CountryName":"Germany","Type of Animal":"Pork"},"geometry":{"type":"Point","coordinates":[8.24353,52.78198]}},{"type":"Feature","properties":{"CountryName":"Germany","Type of Animal":"Chicken"},"geometry":{"type":"Point","coordinates":[8.25605,52.76431]}},{"type":"Feature","properties":{"CountryName":"Germany","Type of Animal":"Pork"},"geometry":{"type":"Point","coordinates":[8.28197,52.78035]}},{"type":"Feature","properties":{"CountryName":"Germany","Type of Animal":"Pork"},"geometry":{"type":"Point","coordinates":[8.29643,52.77832]}},{"type":"Feature","properties":{"CountryName":"Germany","Type of Animal":"Pork"},"geometry":{"type":"Point","coordinates":[8.30408,52.7764]}},{"type":"Feature","properties":{"CountryName":"Germany","Type of Animal":"Chicken"},"geometry":{"type":"Point","coordinates":[8.21779,52.77961]}},{"type":"Feature","properties":{"CountryName":"Germany","Type of Animal":"Chicken"},"geometry":{"type":"Point","coordinates":[8.29524,52.69671]}},{"type":"Feature","properties":{"CountryName":"Germany","Type of Animal":"Chicken"},"geometry":{"type":"Point","coordinates":[8.23906,52.76196]}},{"type":"Feature","properties":{"CountryName":"Germany","Type of Animal":"Chicken"},"geometry":{"type":"Point","coordinates":[8.28666,52.68927]}},{"type":"Feature","properties":{"CountryName":"Germany","Type of Animal":"Chicken"},"geometry":{"type":"Point","coordinates":[8.25316,52.71126]}},{"type":"Feature","properties":{"CountryName":"Germany","Type of Animal":"Chicken"},"geometry":{"type":"Point","coordinates":[8.31168,52.86407]}},{"type":"Feature","properties":{"CountryName":"Germany","Type of Animal":"Pork"},"geometry":{"type":"Point","coordinates":[8.30633,52.82169]}},{"type":"Feature","properties":{"CountryName":"Germany","Type of Animal":"Pork"},"geometry":{"type":"Point","coordinates":[8.14848,52.70058]}},{"type":"Feature","properties":{"CountryName":"Germany","Type of Animal":"Chicken"},"geometry":{"type":"Point","coordinates":[8.31279,52.86369]}},{"type":"Feature","properties":{"CountryName":"Germany","Type of Animal":"Pork"},"geometry":{"type":"Point","coordinates":[8.18897,52.72989]}},{"type":"Feature","properties":{"CountryName":"Germany","Type of Animal":"Pork"},"geometry":{"type":"Point","coordinates":[8.2499,52.82779]}},{"type":"Feature","properties":{"CountryName":"Germany","Type of Animal":"Pork"},"geometry":{"type":"Point","coordinates":[8.33812,52.83406]}},{"type":"Feature","properties":{"CountryName":"Germany","Type of Animal":"Chicken"},"geometry":{"type":"Point","coordinates":[8.37843,52.84888]}},{"type":"Feature","properties":{"CountryName":"Germany","Type of Animal":"Pork"},"geometry":{"type":"Point","coordinates":[8.32245,52.85333]}},{"type":"Feature","properties":{"CountryName":"Germany","Type of Animal":"Pork"},"geometry":{"type":"Point","coordinates":[8.35325,52.83173]}},{"type":"Feature","properties":{"CountryName":"Germany","Type of Animal":"Chicken"},"geometry":{"type":"Point","coordinates":[8.33501,52.78586]}},{"type":"Feature","properties":{"CountryName":"Germany","Type of Animal":"Pork"},"geometry":{"type":"Point","coordinates":[8.28444,52.83171]}},{"type":"Feature","properties":{"CountryName":"Germany","Type of Animal":"Chicken"},"geometry":{"type":"Point","coordinates":[8.35191,52.83781]}},{"type":"Feature","properties":{"CountryName":"Germany","Type of Animal":"Chicken"},"geometry":{"type":"Point","coordinates":[8.39635,52.83821]}},{"type":"Feature","properties":{"CountryName":"Germany","Type of Animal":"Chicken"},"geometry":{"type":"Point","coordinates":[8.32377,52.8011]}},{"type":"Feature","properties":{"CountryName":"Germany","Type of Animal":"Chicken"},"geometry":{"type":"Point","coordinates":[8.32747,52.79226]}},{"type":"Feature","properties":{"CountryName":"Germany","Type of Animal":"Chicken"},"geometry":{"type":"Point","coordinates":[8.24722,52.8223]}},{"type":"Feature","properties":{"CountryName":"Germany","Type of Animal":"Chicken"},"geometry":{"type":"Point","coordinates":[8.32907,52.79097]}},{"type":"Feature","properties":{"CountryName":"Germany","Type of Animal":"Chicken"},"geometry":{"type":"Point","coordinates":[8.30494,52.86855]}},{"type":"Feature","properties":{"CountryName":"Germany","Type of Animal":"Chicken"},"geometry":{"type":"Point","coordinates":[8.3687,52.84626]}},{"type":"Feature","properties":{"CountryName":"Germany","Type of Animal":"Chicken"},"geometry":{"type":"Point","coordinates":[8.32438,52.80294]}},{"type":"Feature","properties":{"CountryName":"Germany","Type of Animal":"Chicken"},"geometry":{"type":"Point","coordinates":[8.37007,52.82671]}},{"type":"Feature","properties":{"CountryName":"Germany","Type of Animal":"Pork"},"geometry":{"type":"Point","coordinates":[8.30374,52.79885]}},{"type":"Feature","properties":{"CountryName":"Germany","Type of Animal":"Pork"},"geometry":{"type":"Point","coordinates":[8.30416,52.79721]}},{"type":"Feature","properties":{"CountryName":"Germany","Type of Animal":"Chicken"},"geometry":{"type":"Point","coordinates":[8.26631,52.83505]}},{"type":"Feature","properties":{"CountryName":"Germany","Type of Animal":"Chicken"},"geometry":{"type":"Point","coordinates":[8.30302,52.8732]}},{"type":"Feature","properties":{"CountryName":"Germany","Type of Animal":"Chicken"},"geometry":{"type":"Point","coordinates":[8.37172,52.83222]}},{"type":"Feature","properties":{"CountryName":"Germany","Type of Animal":"Pork"},"geometry":{"type":"Point","coordinates":[8.25519,52.8138]}},{"type":"Feature","properties":{"CountryName":"Germany","Type of Animal":"Chicken"},"geometry":{"type":"Point","coordinates":[8.33093,52.80239]}},{"type":"Feature","properties":{"CountryName":"Germany","Type of Animal":"Pork"},"geometry":{"type":"Point","coordinates":[8.25762,52.81212]}},{"type":"Feature","properties":{"CountryName":"Germany","Type of Animal":"Chicken"},"geometry":{"type":"Point","coordinates":[8.30907,52.82111]}},{"type":"Feature","properties":{"CountryName":"Germany","Type of Animal":"Pork"},"geometry":{"type":"Point","coordinates":[8.32019,52.85397]}},{"type":"Feature","properties":{"CountryName":"Germany","Type of Animal":"Pork"},"geometry":{"type":"Point","coordinates":[8.37795,52.82001]}},{"type":"Feature","properties":{"CountryName":"Germany","Type of Animal":"Pork"},"geometry":{"type":"Point","coordinates":[8.06255,52.74437]}},{"type":"Feature","properties":{"CountryName":"Germany","Type of Animal":"Chicken"},"geometry":{"type":"Point","coordinates":[8.1095,52.73024]}},{"type":"Feature","properties":{"CountryName":"Germany","Type of Animal":"Chicken"},"geometry":{"type":"Point","coordinates":[8.20762,52.72974]}},{"type":"Feature","properties":{"CountryName":"Germany","Type of Animal":"Pork"},"geometry":{"type":"Point","coordinates":[8.05443,52.61499]}},{"type":"Feature","properties":{"CountryName":"Germany","Type of Animal":"Pork"},"geometry":{"type":"Point","coordinates":[8.2587,52.53192]}},{"type":"Feature","properties":{"CountryName":"Germany","Type of Animal":"Pork"},"geometry":{"type":"Point","coordinates":[8.28058,52.5184]}},{"type":"Feature","properties":{"CountryName":"Germany","Type of Animal":"Pork"},"geometry":{"type":"Point","coordinates":[8.25979,52.53359]}},{"type":"Feature","properties":{"CountryName":"Germany","Type of Animal":"Pork"},"geometry":{"type":"Point","coordinates":[8.24034,52.51858]}},{"type":"Feature","properties":{"CountryName":"Germany","Type of Animal":"Pork"},"geometry":{"type":"Point","coordinates":[8.21495,52.49297]}},{"type":"Feature","properties":{"CountryName":"Germany","Type of Animal":"Pork"},"geometry":{"type":"Point","coordinates":[8.21495,52.49297]}},{"type":"Feature","properties":{"CountryName":"Germany","Type of Animal":"Pork"},"geometry":{"type":"Point","coordinates":[8.21923,52.51109]}},{"type":"Feature","properties":{"CountryName":"Germany","Type of Animal":"Pork"},"geometry":{"type":"Point","coordinates":[8.18652,52.51095]}},{"type":"Feature","properties":{"CountryName":"Germany","Type of Animal":"Pork"},"geometry":{"type":"Point","coordinates":[8.20089,52.50208]}},{"type":"Feature","properties":{"CountryName":"Germany","Type of Animal":"Pork"},"geometry":{"type":"Point","coordinates":[8.10661,52.64907]}},{"type":"Feature","properties":{"CountryName":"Germany","Type of Animal":"Pork"},"geometry":{"type":"Point","coordinates":[8.11149,52.67893]}},{"type":"Feature","properties":{"CountryName":"Germany","Type of Animal":"Pork"},"geometry":{"type":"Point","coordinates":[8.0483,52.68708]}},{"type":"Feature","properties":{"CountryName":"Germany","Type of Animal":"Pork"},"geometry":{"type":"Point","coordinates":[8.44923,52.81356]}},{"type":"Feature","properties":{"CountryName":"Germany","Type of Animal":"Chicken"},"geometry":{"type":"Point","coordinates":[8.46886,52.73559]}},{"type":"Feature","properties":{"CountryName":"Germany","Type of Animal":"Pork"},"geometry":{"type":"Point","coordinates":[8.32348,52.7604]}},{"type":"Feature","properties":{"CountryName":"Germany","Type of Animal":"Pork"},"geometry":{"type":"Point","coordinates":[8.15044,52.56839]}},{"type":"Feature","properties":{"CountryName":"Germany","Type of Animal":"Pork"},"geometry":{"type":"Point","coordinates":[8.07552,52.58325]}},{"type":"Feature","properties":{"CountryName":"Germany","Type of Animal":"Chicken"},"geometry":{"type":"Point","coordinates":[8.14913,52.5761]}},{"type":"Feature","properties":{"CountryName":"Germany","Type of Animal":"Pork"},"geometry":{"type":"Point","coordinates":[8.18779,52.64778]}},{"type":"Feature","properties":{"CountryName":"Germany","Type of Animal":"Pork"},"geometry":{"type":"Point","coordinates":[8.23044,52.64994]}},{"type":"Feature","properties":{"CountryName":"Germany","Type of Animal":"Pork"},"geometry":{"type":"Point","coordinates":[8.21611,52.71534]}},{"type":"Feature","properties":{"CountryName":"Germany","Type of Animal":"Pork"},"geometry":{"type":"Point","coordinates":[8.24566,52.61204]}},{"type":"Feature","properties":{"CountryName":"Germany","Type of Animal":"Pork"},"geometry":{"type":"Point","coordinates":[8.2157,52.6984]}},{"type":"Feature","properties":{"CountryName":"Germany","Type of Animal":"Pork"},"geometry":{"type":"Point","coordinates":[8.26087,52.62399]}},{"type":"Feature","properties":{"CountryName":"Germany","Type of Animal":"Pork"},"geometry":{"type":"Point","coordinates":[8.26664,52.62584]}},{"type":"Feature","properties":{"CountryName":"Germany","Type of Animal":"Pork"},"geometry":{"type":"Point","coordinates":[8.15383,52.68546]}},{"type":"Feature","properties":{"CountryName":"Germany","Type of Animal":"Pork"},"geometry":{"type":"Point","coordinates":[8.17714,52.6892]}},{"type":"Feature","properties":{"CountryName":"Germany","Type of Animal":"Chicken"},"geometry":{"type":"Point","coordinates":[8.2845,52.41665]}},{"type":"Feature","properties":{"CountryName":"Germany","Type of Animal":"Chicken"},"geometry":{"type":"Point","coordinates":[8.2845,52.41665]}},{"type":"Feature","properties":{"CountryName":"Germany","Type of Animal":"Chicken"},"geometry":{"type":"Point","coordinates":[8.22672,52.43147]}},{"type":"Feature","properties":{"CountryName":"Germany","Type of Animal":"Chicken"},"geometry":{"type":"Point","coordinates":[8.032,52.57499]}},{"type":"Feature","properties":{"CountryName":"Germany","Type of Animal":"Chicken"},"geometry":{"type":"Point","coordinates":[7.86766,52.50786]}},{"type":"Feature","properties":{"CountryName":"Germany","Type of Animal":"Chicken"},"geometry":{"type":"Point","coordinates":[8.03299,52.50274]}},{"type":"Feature","properties":{"CountryName":"Germany","Type of Animal":"Chicken"},"geometry":{"type":"Point","coordinates":[7.98234,52.5502]}},{"type":"Feature","properties":{"CountryName":"Germany","Type of Animal":"Chicken"},"geometry":{"type":"Point","coordinates":[8.04657,52.53939]}},{"type":"Feature","properties":{"CountryName":"Germany","Type of Animal":"Pork"},"geometry":{"type":"Point","coordinates":[8.04573,52.51702]}},{"type":"Feature","properties":{"CountryName":"Germany","Type of Animal":"Pork"},"geometry":{"type":"Point","coordinates":[8.04417,52.54481]}},{"type":"Feature","properties":{"CountryName":"Germany","Type of Animal":"Pork"},"geometry":{"type":"Point","coordinates":[8.18526,52.61821]}},{"type":"Feature","properties":{"CountryName":"Germany","Type of Animal":"Pork"},"geometry":{"type":"Point","coordinates":[8.21125,52.56452]}},{"type":"Feature","properties":{"CountryName":"Germany","Type of Animal":"Pork"},"geometry":{"type":"Point","coordinates":[8.20267,52.5705]}},{"type":"Feature","properties":{"CountryName":"Germany","Type of Animal":"Pork"},"geometry":{"type":"Point","coordinates":[8.22484,52.62178]}},{"type":"Feature","properties":{"CountryName":"Germany","Type of Animal":"Pork"},"geometry":{"type":"Point","coordinates":[8.29663,52.81176]}},{"type":"Feature","properties":{"CountryName":"Germany","Type of Animal":"Pork"},"geometry":{"type":"Point","coordinates":[8.34872,52.85546]}},{"type":"Feature","properties":{"CountryName":"Germany","Type of Animal":"Pork"},"geometry":{"type":"Point","coordinates":[8.33138,52.78179]}},{"type":"Feature","properties":{"CountryName":"Germany","Type of Animal":"Chicken"},"geometry":{"type":"Point","coordinates":[10.10333,51.76993]}},{"type":"Feature","properties":{"CountryName":"Germany","Type of Animal":"Chicken"},"geometry":{"type":"Point","coordinates":[9.98515,51.86183]}},{"type":"Feature","properties":{"CountryName":"Germany","Type of Animal":"Pork"},"geometry":{"type":"Point","coordinates":[9.81633,51.68277]}},{"type":"Feature","properties":{"CountryName":"Germany","Type of Animal":"Chicken"},"geometry":{"type":"Point","coordinates":[9.85137,51.70577]}},{"type":"Feature","properties":{"CountryName":"Germany","Type of Animal":"Pork"},"geometry":{"type":"Point","coordinates":[9.3826,52.30627]}},{"type":"Feature","properties":{"CountryName":"Germany","Type of Animal":"Chicken"},"geometry":{"type":"Point","coordinates":[9.27052,52.36489]}},{"type":"Feature","properties":{"CountryName":"Germany","Type of Animal":"Chicken"},"geometry":{"type":"Point","coordinates":[9.24151,52.31839]}},{"type":"Feature","properties":{"CountryName":"Germany","Type of Animal":"Chicken"},"geometry":{"type":"Point","coordinates":[9.20075,52.3906]}},{"type":"Feature","properties":{"CountryName":"Germany","Type of Animal":"Pork"},"geometry":{"type":"Point","coordinates":[7.77473,53.67115]}},{"type":"Feature","properties":{"CountryName":"Germany","Type of Animal":"Pork"},"geometry":{"type":"Point","coordinates":[6.29374,51.51605]}},{"type":"Feature","properties":{"CountryName":"Germany","Type of Animal":"Pork"},"geometry":{"type":"Point","coordinates":[6.29372,51.51062]}},{"type":"Feature","properties":{"CountryName":"Germany","Type of Animal":"Pork"},"geometry":{"type":"Point","coordinates":[6.27862,51.49941]}},{"type":"Feature","properties":{"CountryName":"Germany","Type of Animal":"Chicken"},"geometry":{"type":"Point","coordinates":[6.28338,51.50055]}},{"type":"Feature","properties":{"CountryName":"Germany","Type of Animal":"Pork"},"geometry":{"type":"Point","coordinates":[6.44822,51.54362]}},{"type":"Feature","properties":{"CountryName":"Germany","Type of Animal":"Pork"},"geometry":{"type":"Point","coordinates":[6.36993,51.44537]}},{"type":"Feature","properties":{"CountryName":"Germany","Type of Animal":"Pork"},"geometry":{"type":"Point","coordinates":[6.32105,51.4857]}},{"type":"Feature","properties":{"CountryName":"Germany","Type of Animal":"Pork"},"geometry":{"type":"Point","coordinates":[6.32944,51.60875]}},{"type":"Feature","properties":{"CountryName":"Germany","Type of Animal":"Chicken"},"geometry":{"type":"Point","coordinates":[6.2442,51.60363]}},{"type":"Feature","properties":{"CountryName":"Germany","Type of Animal":"Chicken"},"geometry":{"type":"Point","coordinates":[6.48176,51.78019]}},{"type":"Feature","properties":{"CountryName":"Germany","Type of Animal":"Pork"},"geometry":{"type":"Point","coordinates":[6.29784,51.42588]}},{"type":"Feature","properties":{"CountryName":"Germany","Type of Animal":"Pork"},"geometry":{"type":"Point","coordinates":[6.31671,51.67661]}},{"type":"Feature","properties":{"CountryName":"Germany","Type of Animal":"Pork"},"geometry":{"type":"Point","coordinates":[6.27491,51.70053]}},{"type":"Feature","properties":{"CountryName":"Germany","Type of Animal":"Pork"},"geometry":{"type":"Point","coordinates":[6.32706,51.43077]}},{"type":"Feature","properties":{"CountryName":"Germany","Type of Animal":"Pork"},"geometry":{"type":"Point","coordinates":[6.19057,51.65318]}},{"type":"Feature","properties":{"CountryName":"Germany","Type of Animal":"Pork"},"geometry":{"type":"Point","coordinates":[6.16656,51.57653]}},{"type":"Feature","properties":{"CountryName":"Germany","Type of Animal":"Chicken"},"geometry":{"type":"Point","coordinates":[6.24224,51.60588]}},{"type":"Feature","properties":{"CountryName":"Germany","Type of Animal":"Pork"},"geometry":{"type":"Point","coordinates":[6.61574,51.16229]}},{"type":"Feature","properties":{"CountryName":"Germany","Type of Animal":"Pork"},"geometry":{"type":"Point","coordinates":[6.48255,51.38171]}},{"type":"Feature","properties":{"CountryName":"Germany","Type of Animal":"Pork"},"geometry":{"type":"Point","coordinates":[6.37649,51.36419]}},{"type":"Feature","properties":{"CountryName":"Germany","Type of Animal":"Pork"},"geometry":{"type":"Point","coordinates":[6.29667,51.25349]}},{"type":"Feature","properties":{"CountryName":"Germany","Type of Animal":"Chicken"},"geometry":{"type":"Point","coordinates":[6.43334,51.61533]}},{"type":"Feature","properties":{"CountryName":"Germany","Type of Animal":"Pork"},"geometry":{"type":"Point","coordinates":[6.54274,51.61789]}},{"type":"Feature","properties":{"CountryName":"Germany","Type of Animal":"Pork"},"geometry":{"type":"Point","coordinates":[6.63482,51.75361]}},{"type":"Feature","properties":{"CountryName":"Germany","Type of Animal":"Chicken"},"geometry":{"type":"Point","coordinates":[6.69548,51.76975]}},{"type":"Feature","properties":{"CountryName":"Germany","Type of Animal":"Chicken"},"geometry":{"type":"Point","coordinates":[6.29611,50.99966]}},{"type":"Feature","properties":{"CountryName":"Germany","Type of Animal":"Pork"},"geometry":{"type":"Point","coordinates":[6.67432,50.80422]}},{"type":"Feature","properties":{"CountryName":"Germany","Type of Animal":"Chicken"},"geometry":{"type":"Point","coordinates":[6.67634,50.76508]}},{"type":"Feature","properties":{"CountryName":"Germany","Type of Animal":"Chicken"},"geometry":{"type":"Point","coordinates":[6.6656,50.69203]}},{"type":"Feature","properties":{"CountryName":"Germany","Type of Animal":"Chicken"},"geometry":{"type":"Point","coordinates":[6.20268,51.0659]}},{"type":"Feature","properties":{"CountryName":"Germany","Type of Animal":"Pork"},"geometry":{"type":"Point","coordinates":[6.9374,51.62801]}},{"type":"Feature","properties":{"CountryName":"Germany","Type of Animal":"Pork"},"geometry":{"type":"Point","coordinates":[6.90296,51.61227]}},{"type":"Feature","properties":{"CountryName":"Germany","Type of Animal":"Pork"},"geometry":{"type":"Point","coordinates":[7.74304,51.93566]}},{"type":"Feature","properties":{"CountryName":"Germany","Type of Animal":"Pork"},"geometry":{"type":"Point","coordinates":[7.72551,51.97691]}},{"type":"Feature","properties":{"CountryName":"Germany","Type of Animal":"Pork"},"geometry":{"type":"Point","coordinates":[7.71645,51.93727]}},{"type":"Feature","properties":{"CountryName":"Germany","Type of Animal":"Pork"},"geometry":{"type":"Point","coordinates":[7.54421,51.97508]}},{"type":"Feature","properties":{"CountryName":"Germany","Type of Animal":"Pork"},"geometry":{"type":"Point","coordinates":[7.5137,51.94487]}},{"type":"Feature","properties":{"CountryName":"Germany","Type of Animal":"Pork"},"geometry":{"type":"Point","coordinates":[6.98814,52.04293]}},{"type":"Feature","properties":{"CountryName":"Germany","Type of Animal":"Pork"},"geometry":{"type":"Point","coordinates":[6.92046,52.1721]}},{"type":"Feature","properties":{"CountryName":"Germany","Type of Animal":"Chicken"},"geometry":{"type":"Point","coordinates":[6.99462,52.04641]}},{"type":"Feature","properties":{"CountryName":"Germany","Type of Animal":"Pork"},"geometry":{"type":"Point","coordinates":[6.90715,52.1249]}},{"type":"Feature","properties":{"CountryName":"Germany","Type of Animal":"Pork"},"geometry":{"type":"Point","coordinates":[6.91096,52.15493]}},{"type":"Feature","properties":{"CountryName":"Germany","Type of Animal":"Pork"},"geometry":{"type":"Point","coordinates":[6.96335,52.041]}},{"type":"Feature","properties":{"CountryName":"Germany","Type of Animal":"Pork"},"geometry":{"type":"Point","coordinates":[6.93234,52.05111]}},{"type":"Feature","properties":{"CountryName":"Germany","Type of Animal":"Pork"},"geometry":{"type":"Point","coordinates":[6.98092,52.04488]}},{"type":"Feature","properties":{"CountryName":"Germany","Type of Animal":"Pork"},"geometry":{"type":"Point","coordinates":[6.97001,52.14492]}},{"type":"Feature","properties":{"CountryName":"Germany","Type of Animal":"Pork"},"geometry":{"type":"Point","coordinates":[6.88709,52.12165]}},{"type":"Feature","properties":{"CountryName":"Germany","Type of Animal":"Chicken"},"geometry":{"type":"Point","coordinates":[6.52343,51.86248]}},{"type":"Feature","properties":{"CountryName":"Germany","Type of Animal":"Pork"},"geometry":{"type":"Point","coordinates":[6.55831,51.87941]}},{"type":"Feature","properties":{"CountryName":"Germany","Type of Animal":"Pork"},"geometry":{"type":"Point","coordinates":[6.86278,51.78833]}},{"type":"Feature","properties":{"CountryName":"Germany","Type of Animal":"Pork"},"geometry":{"type":"Point","coordinates":[6.76349,51.82247]}},{"type":"Feature","properties":{"CountryName":"Germany","Type of Animal":"Chicken"},"geometry":{"type":"Point","coordinates":[6.84121,51.80772]}},{"type":"Feature","properties":{"CountryName":"Germany","Type of Animal":"Pork"},"geometry":{"type":"Point","coordinates":[6.79785,51.82681]}},{"type":"Feature","properties":{"CountryName":"Germany","Type of Animal":"Pork"},"geometry":{"type":"Point","coordinates":[6.89455,51.77693]}},{"type":"Feature","properties":{"CountryName":"Germany","Type of Animal":"Chicken"},"geometry":{"type":"Point","coordinates":[7.02169,51.97113]}},{"type":"Feature","properties":{"CountryName":"Germany","Type of Animal":"Pork"},"geometry":{"type":"Point","coordinates":[6.97653,51.96658]}},{"type":"Feature","properties":{"CountryName":"Germany","Type of Animal":"Pork"},"geometry":{"type":"Point","coordinates":[7.02657,52.14148]}},{"type":"Feature","properties":{"CountryName":"Germany","Type of Animal":"Pork"},"geometry":{"type":"Point","coordinates":[7.02978,52.19891]}},{"type":"Feature","properties":{"CountryName":"Germany","Type of Animal":"Chicken"},"geometry":{"type":"Point","coordinates":[7.09148,52.19803]}},{"type":"Feature","properties":{"CountryName":"Germany","Type of Animal":"Chicken"},"geometry":{"type":"Point","coordinates":[7.01194,52.18707]}},{"type":"Feature","properties":{"CountryName":"Germany","Type of Animal":"Pork"},"geometry":{"type":"Point","coordinates":[6.9868,52.18003]}},{"type":"Feature","properties":{"CountryName":"Germany","Type of Animal":"Chicken"},"geometry":{"type":"Point","coordinates":[7.09374,52.19558]}},{"type":"Feature","properties":{"CountryName":"Germany","Type of Animal":"Pork"},"geometry":{"type":"Point","coordinates":[7.06858,52.09761]}},{"type":"Feature","properties":{"CountryName":"Germany","Type of Animal":"Chicken"},"geometry":{"type":"Point","coordinates":[6.94017,51.84545]}},{"type":"Feature","properties":{"CountryName":"Germany","Type of Animal":"Chicken"},"geometry":{"type":"Point","coordinates":[6.97368,51.82201]}},{"type":"Feature","properties":{"CountryName":"Germany","Type of Animal":"Pork"},"geometry":{"type":"Point","coordinates":[6.9143,51.82175]}},{"type":"Feature","properties":{"CountryName":"Germany","Type of Animal":"Pork"},"geometry":{"type":"Point","coordinates":[6.9881,51.85152]}},{"type":"Feature","properties":{"CountryName":"Germany","Type of Animal":"Chicken"},"geometry":{"type":"Point","coordinates":[6.93122,51.7993]}},{"type":"Feature","properties":{"CountryName":"Germany","Type of Animal":"Pork"},"geometry":{"type":"Point","coordinates":[6.72268,51.78735]}},{"type":"Feature","properties":{"CountryName":"Germany","Type of Animal":"Pork"},"geometry":{"type":"Point","coordinates":[6.75161,51.87691]}},{"type":"Feature","properties":{"CountryName":"Germany","Type of Animal":"Pork"},"geometry":{"type":"Point","coordinates":[6.69669,51.79783]}},{"type":"Feature","properties":{"CountryName":"Germany","Type of Animal":"Chicken"},"geometry":{"type":"Point","coordinates":[7.24702,52.08261]}},{"type":"Feature","properties":{"CountryName":"Germany","Type of Animal":"Chicken"},"geometry":{"type":"Point","coordinates":[7.20483,52.1184]}},{"type":"Feature","properties":{"CountryName":"Germany","Type of Animal":"Chicken"},"geometry":{"type":"Point","coordinates":[7.12033,52.08932]}},{"type":"Feature","properties":{"CountryName":"Germany","Type of Animal":"Chicken"},"geometry":{"type":"Point","coordinates":[7.19631,52.12029]}},{"type":"Feature","properties":{"CountryName":"Germany","Type of Animal":"Chicken"},"geometry":{"type":"Point","coordinates":[7.18924,52.10262]}},{"type":"Feature","properties":{"CountryName":"Germany","Type of Animal":"Pork"},"geometry":{"type":"Point","coordinates":[7.13205,52.07698]}},{"type":"Feature","properties":{"CountryName":"Germany","Type of Animal":"Chicken"},"geometry":{"type":"Point","coordinates":[7.18975,52.11434]}},{"type":"Feature","properties":{"CountryName":"Germany","Type of Animal":"Pork"},"geometry":{"type":"Point","coordinates":[7.19271,52.04797]}},{"type":"Feature","properties":{"CountryName":"Germany","Type of Animal":"Chicken"},"geometry":{"type":"Point","coordinates":[7.23017,52.06912]}},{"type":"Feature","properties":{"CountryName":"Germany","Type of Animal":"Pork"},"geometry":{"type":"Point","coordinates":[6.8829,52.01428]}},{"type":"Feature","properties":{"CountryName":"Germany","Type of Animal":"Pork"},"geometry":{"type":"Point","coordinates":[6.90233,52.01611]}},{"type":"Feature","properties":{"CountryName":"Germany","Type of Animal":"Pork"},"geometry":{"type":"Point","coordinates":[6.94353,52.01156]}},{"type":"Feature","properties":{"CountryName":"Germany","Type of Animal":"Chicken"},"geometry":{"type":"Point","coordinates":[6.9019,52.02107]}},{"type":"Feature","properties":{"CountryName":"Germany","Type of Animal":"Chicken"},"geometry":{"type":"Point","coordinates":[6.89815,52.02063]}},{"type":"Feature","properties":{"CountryName":"Germany","Type of Animal":"Pork"},"geometry":{"type":"Point","coordinates":[6.87847,52.0176]}},{"type":"Feature","properties":{"CountryName":"Germany","Type of Animal":"Chicken"},"geometry":{"type":"Point","coordinates":[6.84593,51.98989]}},{"type":"Feature","properties":{"CountryName":"Germany","Type of Animal":"Pork"},"geometry":{"type":"Point","coordinates":[6.82647,51.95226]}},{"type":"Feature","properties":{"CountryName":"Germany","Type of Animal":"Pork"},"geometry":{"type":"Point","coordinates":[6.81773,51.95208]}},{"type":"Feature","properties":{"CountryName":"Germany","Type of Animal":"Pork"},"geometry":{"type":"Point","coordinates":[6.85536,51.9361]}},{"type":"Feature","properties":{"CountryName":"Germany","Type of Animal":"Pork"},"geometry":{"type":"Point","coordinates":[6.88323,51.94699]}},{"type":"Feature","properties":{"CountryName":"Germany","Type of Animal":"Pork"},"geometry":{"type":"Point","coordinates":[6.78297,51.9199]}},{"type":"Feature","properties":{"CountryName":"Germany","Type of Animal":"Pork"},"geometry":{"type":"Point","coordinates":[6.80198,51.92309]}},{"type":"Feature","properties":{"CountryName":"Germany","Type of Animal":"Pork"},"geometry":{"type":"Point","coordinates":[6.7984,51.91304]}},{"type":"Feature","properties":{"CountryName":"Germany","Type of Animal":"Chicken"},"geometry":{"type":"Point","coordinates":[6.91859,51.90017]}},{"type":"Feature","properties":{"CountryName":"Germany","Type of Animal":"Pork"},"geometry":{"type":"Point","coordinates":[6.96847,51.89944]}},{"type":"Feature","properties":{"CountryName":"Germany","Type of Animal":"Chicken"},"geometry":{"type":"Point","coordinates":[6.84605,52.09998]}},{"type":"Feature","properties":{"CountryName":"Germany","Type of Animal":"Chicken"},"geometry":{"type":"Point","coordinates":[6.74803,52.09143]}},{"type":"Feature","properties":{"CountryName":"Germany","Type of Animal":"Chicken"},"geometry":{"type":"Point","coordinates":[6.8747,52.0443]}},{"type":"Feature","properties":{"CountryName":"Germany","Type of Animal":"Pork"},"geometry":{"type":"Point","coordinates":[6.82585,52.012]}},{"type":"Feature","properties":{"CountryName":"Germany","Type of Animal":"Pork"},"geometry":{"type":"Point","coordinates":[6.82106,51.99546]}},{"type":"Feature","properties":{"CountryName":"Germany","Type of Animal":"Pork"},"geometry":{"type":"Point","coordinates":[7.58317,51.78219]}},{"type":"Feature","properties":{"CountryName":"Germany","Type of Animal":"Pork"},"geometry":{"type":"Point","coordinates":[7.67299,51.79198]}},{"type":"Feature","properties":{"CountryName":"Germany","Type of Animal":"Pork"},"geometry":{"type":"Point","coordinates":[7.5815,51.78412]}},{"type":"Feature","properties":{"CountryName":"Germany","Type of Animal":"Pork"},"geometry":{"type":"Point","coordinates":[7.64561,51.72421]}},{"type":"Feature","properties":{"CountryName":"Germany","Type of Animal":"Pork"},"geometry":{"type":"Point","coordinates":[7.68356,51.79438]}},{"type":"Feature","properties":{"CountryName":"Germany","Type of Animal":"Pork"},"geometry":{"type":"Point","coordinates":[7.67425,51.77221]}},{"type":"Feature","properties":{"CountryName":"Germany","Type of Animal":"Pork"},"geometry":{"type":"Point","coordinates":[7.68736,51.77484]}},{"type":"Feature","properties":{"CountryName":"Germany","Type of Animal":"Pork"},"geometry":{"type":"Point","coordinates":[7.65188,51.79256]}},{"type":"Feature","properties":{"CountryName":"Germany","Type of Animal":"Pork"},"geometry":{"type":"Point","coordinates":[7.63882,51.80021]}},{"type":"Feature","properties":{"CountryName":"Germany","Type of Animal":"Pork"},"geometry":{"type":"Point","coordinates":[7.5696,51.79873]}},{"type":"Feature","properties":{"CountryName":"Germany","Type of Animal":"Pork"},"geometry":{"type":"Point","coordinates":[7.64911,51.78685]}},{"type":"Feature","properties":{"CountryName":"Germany","Type of Animal":"Pork"},"geometry":{"type":"Point","coordinates":[7.69597,51.76423]}},{"type":"Feature","properties":{"CountryName":"Germany","Type of Animal":"Pork"},"geometry":{"type":"Point","coordinates":[7.61843,51.74245]}},{"type":"Feature","properties":{"CountryName":"Germany","Type of Animal":"Chicken"},"geometry":{"type":"Point","coordinates":[7.57376,51.78402]}},{"type":"Feature","properties":{"CountryName":"Germany","Type of Animal":"Pork"},"geometry":{"type":"Point","coordinates":[7.3875,52.01432]}},{"type":"Feature","properties":{"CountryName":"Germany","Type of Animal":"Chicken"},"geometry":{"type":"Point","coordinates":[7.25175,51.96966]}},{"type":"Feature","properties":{"CountryName":"Germany","Type of Animal":"Chicken"},"geometry":{"type":"Point","coordinates":[7.24405,51.94507]}},{"type":"Feature","properties":{"CountryName":"Germany","Type of Animal":"Pork"},"geometry":{"type":"Point","coordinates":[7.35684,52.01834]}},{"type":"Feature","properties":{"CountryName":"Germany","Type of Animal":"Pork"},"geometry":{"type":"Point","coordinates":[7.39983,52.00728]}},{"type":"Feature","properties":{"CountryName":"Germany","Type of Animal":"Pork"},"geometry":{"type":"Point","coordinates":[7.39346,52.00673]}},{"type":"Feature","properties":{"CountryName":"Germany","Type of Animal":"Chicken"},"geometry":{"type":"Point","coordinates":[7.26077,51.96188]}},{"type":"Feature","properties":{"CountryName":"Germany","Type of Animal":"Chicken"},"geometry":{"type":"Point","coordinates":[7.23842,51.97033]}},{"type":"Feature","properties":{"CountryName":"Germany","Type of Animal":"Pork"},"geometry":{"type":"Point","coordinates":[7.41344,52.00642]}},{"type":"Feature","properties":{"CountryName":"Germany","Type of Animal":"Pork"},"geometry":{"type":"Point","coordinates":[7.20356,51.96107]}},{"type":"Feature","properties":{"CountryName":"Germany","Type of Animal":"Pork"},"geometry":{"type":"Point","coordinates":[7.1474,51.95938]}},{"type":"Feature","properties":{"CountryName":"Germany","Type of Animal":"Pork"},"geometry":{"type":"Point","coordinates":[7.19014,51.91362]}},{"type":"Feature","properties":{"CountryName":"Germany","Type of Animal":"Pork"},"geometry":{"type":"Point","coordinates":[7.18086,51.8915]}},{"type":"Feature","properties":{"CountryName":"Germany","Type of Animal":"Pork"},"geometry":{"type":"Point","coordinates":[7.20702,51.88623]}},{"type":"Feature","properties":{"CountryName":"Germany","Type of Animal":"Pork"},"geometry":{"type":"Point","coordinates":[7.10883,51.86654]}},{"type":"Feature","properties":{"CountryName":"Germany","Type of Animal":"Pork"},"geometry":{"type":"Point","coordinates":[7.20084,51.97207]}},{"type":"Feature","properties":{"CountryName":"Germany","Type of Animal":"Chicken"},"geometry":{"type":"Point","coordinates":[7.10175,51.95362]}},{"type":"Feature","properties":{"CountryName":"Germany","Type of Animal":"Chicken"},"geometry":{"type":"Point","coordinates":[7.09946,51.9517]}},{"type":"Feature","properties":{"CountryName":"Germany","Type of Animal":"Pork"},"geometry":{"type":"Point","coordinates":[7.22094,51.95218]}},{"type":"Feature","properties":{"CountryName":"Germany","Type of Animal":"Chicken"},"geometry":{"type":"Point","coordinates":[7.22559,51.90129]}},{"type":"Feature","properties":{"CountryName":"Germany","Type of Animal":"Chicken"},"geometry":{"type":"Point","coordinates":[7.1516,51.89439]}},{"type":"Feature","properties":{"CountryName":"Germany","Type of Animal":"Chicken"},"geometry":{"type":"Point","coordinates":[7.10167,51.95369]}},{"type":"Feature","properties":{"CountryName":"Germany","Type of Animal":"Pork"},"geometry":{"type":"Point","coordinates":[7.18125,51.84349]}},{"type":"Feature","properties":{"CountryName":"Germany","Type of Animal":"Pork"},"geometry":{"type":"Point","coordinates":[7.34163,51.83067]}},{"type":"Feature","properties":{"CountryName":"Germany","Type of Animal":"Pork"},"geometry":{"type":"Point","coordinates":[7.37564,51.83481]}},{"type":"Feature","properties":{"CountryName":"Germany","Type of Animal":"Pork"},"geometry":{"type":"Point","coordinates":[7.29077,51.8958]}},{"type":"Feature","properties":{"CountryName":"Germany","Type of Animal":"Chicken"},"geometry":{"type":"Point","coordinates":[7.37899,51.83947]}},{"type":"Feature","properties":{"CountryName":"Germany","Type of Animal":"Pork"},"geometry":{"type":"Point","coordinates":[7.37832,51.83114]}},{"type":"Feature","properties":{"CountryName":"Germany","Type of Animal":"Pork"},"geometry":{"type":"Point","coordinates":[7.41441,51.85125]}},{"type":"Feature","properties":{"CountryName":"Germany","Type of Animal":"Pork"},"geometry":{"type":"Point","coordinates":[7.2471,51.84995]}},{"type":"Feature","properties":{"CountryName":"Germany","Type of Animal":"Chicken"},"geometry":{"type":"Point","coordinates":[7.38035,51.81984]}},{"type":"Feature","properties":{"CountryName":"Germany","Type of Animal":"Chicken"},"geometry":{"type":"Point","coordinates":[7.28227,51.86349]}},{"type":"Feature","properties":{"CountryName":"Germany","Type of Animal":"Chicken"},"geometry":{"type":"Point","coordinates":[7.36049,51.82459]}},{"type":"Feature","properties":{"CountryName":"Germany","Type of Animal":"Pork"},"geometry":{"type":"Point","coordinates":[7.18017,51.83678]}},{"type":"Feature","properties":{"CountryName":"Germany","Type of Animal":"Pork"},"geometry":{"type":"Point","coordinates":[7.41663,51.78655]}},{"type":"Feature","properties":{"CountryName":"Germany","Type of Animal":"Pork"},"geometry":{"type":"Point","coordinates":[7.43956,51.72983]}},{"type":"Feature","properties":{"CountryName":"Germany","Type of Animal":"Pork"},"geometry":{"type":"Point","coordinates":[7.51953,51.76672]}},{"type":"Feature","properties":{"CountryName":"Germany","Type of Animal":"Pork"},"geometry":{"type":"Point","coordinates":[7.39813,51.79941]}},{"type":"Feature","properties":{"CountryName":"Germany","Type of Animal":"Pork"},"geometry":{"type":"Point","coordinates":[7.5216,51.76749]}},{"type":"Feature","properties":{"CountryName":"Germany","Type of Animal":"Pork"},"geometry":{"type":"Point","coordinates":[7.493,51.78029]}},{"type":"Feature","properties":{"CountryName":"Germany","Type of Animal":"Pork"},"geometry":{"type":"Point","coordinates":[7.35953,51.74843]}},{"type":"Feature","properties":{"CountryName":"Germany","Type of Animal":"Pork"},"geometry":{"type":"Point","coordinates":[7.40593,51.73699]}},{"type":"Feature","properties":{"CountryName":"Germany","Type of Animal":"Pork"},"geometry":{"type":"Point","coordinates":[7.34973,51.75218]}},{"type":"Feature","properties":{"CountryName":"Germany","Type of Animal":"Pork"},"geometry":{"type":"Point","coordinates":[7.3481,51.78012]}},{"type":"Feature","properties":{"CountryName":"Germany","Type of Animal":"Pork"},"geometry":{"type":"Point","coordinates":[7.50185,51.76979]}},{"type":"Feature","properties":{"CountryName":"Germany","Type of Animal":"Chicken"},"geometry":{"type":"Point","coordinates":[7.33742,51.74006]}},{"type":"Feature","properties":{"CountryName":"Germany","Type of Animal":"Chicken"},"geometry":{"type":"Point","coordinates":[7.54968,51.75426]}},{"type":"Feature","properties":{"CountryName":"Germany","Type of Animal":"Pork"},"geometry":{"type":"Point","coordinates":[7.5368,51.76847]}},{"type":"Feature","properties":{"CountryName":"Germany","Type of Animal":"Pork"},"geometry":{"type":"Point","coordinates":[7.57601,51.73559]}},{"type":"Feature","properties":{"CountryName":"Germany","Type of Animal":"Chicken"},"geometry":{"type":"Point","coordinates":[7.54734,51.75643]}},{"type":"Feature","properties":{"CountryName":"Germany","Type of Animal":"Pork"},"geometry":{"type":"Point","coordinates":[7.34705,51.95411]}},{"type":"Feature","properties":{"CountryName":"Germany","Type of Animal":"Chicken"},"geometry":{"type":"Point","coordinates":[7.36237,51.93822]}},{"type":"Feature","properties":{"CountryName":"Germany","Type of Animal":"Pork"},"geometry":{"type":"Point","coordinates":[7.40716,51.93136]}},{"type":"Feature","properties":{"CountryName":"Germany","Type of Animal":"Pork"},"geometry":{"type":"Point","coordinates":[7.3905,51.67989]}},{"type":"Feature","properties":{"CountryName":"Germany","Type of Animal":"Pork"},"geometry":{"type":"Point","coordinates":[7.36342,51.73966]}},{"type":"Feature","properties":{"CountryName":"Germany","Type of Animal":"Pork"},"geometry":{"type":"Point","coordinates":[7.37172,51.68214]}},{"type":"Feature","properties":{"CountryName":"Germany","Type of Animal":"Pork"},"geometry":{"type":"Point","coordinates":[7.38085,51.69426]}},{"type":"Feature","properties":{"CountryName":"Germany","Type of Animal":"Pork"},"geometry":{"type":"Point","coordinates":[7.30975,52.03148]}},{"type":"Feature","properties":{"CountryName":"Germany","Type of Animal":"Pork"},"geometry":{"type":"Point","coordinates":[7.28905,52.03427]}},{"type":"Feature","properties":{"CountryName":"Germany","Type of Animal":"Chicken"},"geometry":{"type":"Point","coordinates":[7.15285,52.01291]}},{"type":"Feature","properties":{"CountryName":"Germany","Type of Animal":"Pork"},"geometry":{"type":"Point","coordinates":[7.18186,52.03678]}},{"type":"Feature","properties":{"CountryName":"Germany","Type of Animal":"Pork"},"geometry":{"type":"Point","coordinates":[7.08044,51.98471]}},{"type":"Feature","properties":{"CountryName":"Germany","Type of Animal":"Chicken"},"geometry":{"type":"Point","coordinates":[7.17291,52.02071]}},{"type":"Feature","properties":{"CountryName":"Germany","Type of Animal":"Pork"},"geometry":{"type":"Point","coordinates":[7.48875,51.82118]}},{"type":"Feature","properties":{"CountryName":"Germany","Type of Animal":"Pork"},"geometry":{"type":"Point","coordinates":[7.54394,51.77765]}},{"type":"Feature","properties":{"CountryName":"Germany","Type of Animal":"Pork"},"geometry":{"type":"Point","coordinates":[7.45035,51.87473]}},{"type":"Feature","properties":{"CountryName":"Germany","Type of Animal":"Pork"},"geometry":{"type":"Point","coordinates":[7.45687,51.91116]}},{"type":"Feature","properties":{"CountryName":"Germany","Type of Animal":"Pork"},"geometry":{"type":"Point","coordinates":[7.56452,51.80856]}},{"type":"Feature","properties":{"CountryName":"Germany","Type of Animal":"Pork"},"geometry":{"type":"Point","coordinates":[7.46595,51.9243]}},{"type":"Feature","properties":{"CountryName":"Germany","Type of Animal":"Pork"},"geometry":{"type":"Point","coordinates":[7.45977,51.93192]}},{"type":"Feature","properties":{"CountryName":"Germany","Type of Animal":"Pork"},"geometry":{"type":"Point","coordinates":[7.53465,51.80364]}},{"type":"Feature","properties":{"CountryName":"Germany","Type of Animal":"Pork"},"geometry":{"type":"Point","coordinates":[7.45249,51.91699]}},{"type":"Feature","properties":{"CountryName":"Germany","Type of Animal":"Chicken"},"geometry":{"type":"Point","coordinates":[7.49794,51.84858]}},{"type":"Feature","properties":{"CountryName":"Germany","Type of Animal":"Pork"},"geometry":{"type":"Point","coordinates":[7.5325,51.84568]}},{"type":"Feature","properties":{"CountryName":"Germany","Type of Animal":"Pork"},"geometry":{"type":"Point","coordinates":[7.49971,51.83496]}},{"type":"Feature","properties":{"CountryName":"Germany","Type of Animal":"Chicken"},"geometry":{"type":"Point","coordinates":[7.54986,51.77723]}},{"type":"Feature","properties":{"CountryName":"Germany","Type of Animal":"Chicken"},"geometry":{"type":"Point","coordinates":[7.43803,51.83604]}},{"type":"Feature","properties":{"CountryName":"Germany","Type of Animal":"Pork"},"geometry":{"type":"Point","coordinates":[7.04023,51.68708]}},{"type":"Feature","properties":{"CountryName":"Germany","Type of Animal":"Pork"},"geometry":{"type":"Point","coordinates":[6.97273,51.75345]}},{"type":"Feature","properties":{"CountryName":"Germany","Type of Animal":"Chicken"},"geometry":{"type":"Point","coordinates":[6.9918,51.77379]}},{"type":"Feature","properties":{"CountryName":"Germany","Type of Animal":"Chicken"},"geometry":{"type":"Point","coordinates":[7.05708,51.77683]}},{"type":"Feature","properties":{"CountryName":"Germany","Type of Animal":"Pork"},"geometry":{"type":"Point","coordinates":[7.04917,51.74112]}},{"type":"Feature","properties":{"CountryName":"Germany","Type of Animal":"Pork"},"geometry":{"type":"Point","coordinates":[6.99385,51.68188]}},{"type":"Feature","properties":{"CountryName":"Germany","Type of Animal":"Pork"},"geometry":{"type":"Point","coordinates":[7.04052,51.69351]}},{"type":"Feature","properties":{"CountryName":"Germany","Type of Animal":"Pork"},"geometry":{"type":"Point","coordinates":[7.03841,51.75235]}},{"type":"Feature","properties":{"CountryName":"Germany","Type of Animal":"Pork"},"geometry":{"type":"Point","coordinates":[7.00784,51.77339]}},{"type":"Feature","properties":{"CountryName":"Germany","Type of Animal":"Pork"},"geometry":{"type":"Point","coordinates":[6.95768,51.75007]}},{"type":"Feature","properties":{"CountryName":"Germany","Type of Animal":"Pork"},"geometry":{"type":"Point","coordinates":[7.07156,51.70298]}},{"type":"Feature","properties":{"CountryName":"Germany","Type of Animal":"Pork"},"geometry":{"type":"Point","coordinates":[7.36602,51.61938]}},{"type":"Feature","properties":{"CountryName":"Germany","Type of Animal":"Pork"},"geometry":{"type":"Point","coordinates":[7.36241,51.62138]}},{"type":"Feature","properties":{"CountryName":"Germany","Type of Animal":"Pork"},"geometry":{"type":"Point","coordinates":[7.41919,52.04309]}},{"type":"Feature","properties":{"CountryName":"Germany","Type of Animal":"Pork"},"geometry":{"type":"Point","coordinates":[7.46738,52.007]}},{"type":"Feature","properties":{"CountryName":"Germany","Type of Animal":"Pork"},"geometry":{"type":"Point","coordinates":[7.49919,52.0341]}},{"type":"Feature","properties":{"CountryName":"Germany","Type of Animal":"Pork"},"geometry":{"type":"Point","coordinates":[7.46553,52.0589]}},{"type":"Feature","properties":{"CountryName":"Germany","Type of Animal":"Chicken"},"geometry":{"type":"Point","coordinates":[7.43595,52.03371]}},{"type":"Feature","properties":{"CountryName":"Germany","Type of Animal":"Pork"},"geometry":{"type":"Point","coordinates":[7.49571,52.18973]}},{"type":"Feature","properties":{"CountryName":"Germany","Type of Animal":"Pork"},"geometry":{"type":"Point","coordinates":[7.51894,52.1929]}},{"type":"Feature","properties":{"CountryName":"Germany","Type of Animal":"Chicken"},"geometry":{"type":"Point","coordinates":[7.49192,52.19156]}},{"type":"Feature","properties":{"CountryName":"Germany","Type of Animal":"Pork"},"geometry":{"type":"Point","coordinates":[7.64111,52.1394]}},{"type":"Feature","properties":{"CountryName":"Germany","Type of Animal":"Chicken"},"geometry":{"type":"Point","coordinates":[7.57519,52.10416]}},{"type":"Feature","properties":{"CountryName":"Germany","Type of Animal":"Chicken"},"geometry":{"type":"Point","coordinates":[7.66797,52.1387]}},{"type":"Feature","properties":{"CountryName":"Germany","Type of Animal":"Pork"},"geometry":{"type":"Point","coordinates":[7.56374,52.31508]}},{"type":"Feature","properties":{"CountryName":"Germany","Type of Animal":"Pork"},"geometry":{"type":"Point","coordinates":[7.57702,52.26443]}},{"type":"Feature","properties":{"CountryName":"Germany","Type of Animal":"Chicken"},"geometry":{"type":"Point","coordinates":[7.51664,52.34675]}},{"type":"Feature","properties":{"CountryName":"Germany","Type of Animal":"Chicken"},"geometry":{"type":"Point","coordinates":[7.59691,52.31252]}},{"type":"Feature","properties":{"CountryName":"Germany","Type of Animal":"Chicken"},"geometry":{"type":"Point","coordinates":[7.58496,52.33055]}},{"type":"Feature","properties":{"CountryName":"Germany","Type of Animal":"Chicken"},"geometry":{"type":"Point","coordinates":[7.51963,52.34595]}},{"type":"Feature","properties":{"CountryName":"Germany","Type of Animal":"Pork"},"geometry":{"type":"Point","coordinates":[7.52473,52.34535]}},{"type":"Feature","properties":{"CountryName":"Germany","Type of Animal":"Pork"},"geometry":{"type":"Point","coordinates":[7.69241,52.4002]}},{"type":"Feature","properties":{"CountryName":"Germany","Type of Animal":"Pork"},"geometry":{"type":"Point","coordinates":[7.58826,52.34904]}},{"type":"Feature","properties":{"CountryName":"Germany","Type of Animal":"Chicken"},"geometry":{"type":"Point","coordinates":[7.59717,52.40444]}},{"type":"Feature","properties":{"CountryName":"Germany","Type of Animal":"Chicken"},"geometry":{"type":"Point","coordinates":[7.31129,52.11363]}},{"type":"Feature","properties":{"CountryName":"Germany","Type of Animal":"Pork"},"geometry":{"type":"Point","coordinates":[7.69743,52.24062]}},{"type":"Feature","properties":{"CountryName":"Germany","Type of Animal":"Pork"},"geometry":{"type":"Point","coordinates":[7.63665,52.32714]}},{"type":"Feature","properties":{"CountryName":"Germany","Type of Animal":"Pork"},"geometry":{"type":"Point","coordinates":[7.76384,52.13658]}},{"type":"Feature","properties":{"CountryName":"Germany","Type of Animal":"Chicken"},"geometry":{"type":"Point","coordinates":[7.33679,52.06249]}},{"type":"Feature","properties":{"CountryName":"Germany","Type of Animal":"Pork"},"geometry":{"type":"Point","coordinates":[7.36803,52.04289]}},{"type":"Feature","properties":{"CountryName":"Germany","Type of Animal":"Chicken"},"geometry":{"type":"Point","coordinates":[7.37217,52.08455]}},{"type":"Feature","properties":{"CountryName":"Germany","Type of Animal":"Pork"},"geometry":{"type":"Point","coordinates":[7.38424,52.04941]}},{"type":"Feature","properties":{"CountryName":"Germany","Type of Animal":"Pork"},"geometry":{"type":"Point","coordinates":[7.34006,52.06659]}},{"type":"Feature","properties":{"CountryName":"Germany","Type of Animal":"Chicken"},"geometry":{"type":"Point","coordinates":[7.20733,52.13282]}},{"type":"Feature","properties":{"CountryName":"Germany","Type of Animal":"Pork"},"geometry":{"type":"Point","coordinates":[7.79328,52.3209]}},{"type":"Feature","properties":{"CountryName":"Germany","Type of Animal":"Pork"},"geometry":{"type":"Point","coordinates":[7.79787,52.31067]}},{"type":"Feature","properties":{"CountryName":"Germany","Type of Animal":"Pork"},"geometry":{"type":"Point","coordinates":[7.40723,52.20038]}},{"type":"Feature","properties":{"CountryName":"Germany","Type of Animal":"Chicken"},"geometry":{"type":"Point","coordinates":[7.37306,52.20202]}},{"type":"Feature","properties":{"CountryName":"Germany","Type of Animal":"Pork"},"geometry":{"type":"Point","coordinates":[7.48833,52.10576]}},{"type":"Feature","properties":{"CountryName":"Germany","Type of Animal":"Chicken"},"geometry":{"type":"Point","coordinates":[7.45921,52.06912]}},{"type":"Feature","properties":{"CountryName":"Germany","Type of Animal":"Pork"},"geometry":{"type":"Point","coordinates":[7.52966,52.10024]}},{"type":"Feature","properties":{"CountryName":"Germany","Type of Animal":"Pork"},"geometry":{"type":"Point","coordinates":[7.49138,52.06989]}},{"type":"Feature","properties":{"CountryName":"Germany","Type of Animal":"Chicken"},"geometry":{"type":"Point","coordinates":[7.5071,52.10878]}},{"type":"Feature","properties":{"CountryName":"Germany","Type of Animal":"Chicken"},"geometry":{"type":"Point","coordinates":[7.50159,52.09681]}},{"type":"Feature","properties":{"CountryName":"Germany","Type of Animal":"Chicken"},"geometry":{"type":"Point","coordinates":[7.09931,52.20323]}},{"type":"Feature","properties":{"CountryName":"Germany","Type of Animal":"Pork"},"geometry":{"type":"Point","coordinates":[7.70668,52.34694]}},{"type":"Feature","properties":{"CountryName":"Germany","Type of Animal":"Chicken"},"geometry":{"type":"Point","coordinates":[7.73314,52.39223]}},{"type":"Feature","properties":{"CountryName":"Germany","Type of Animal":"Chicken"},"geometry":{"type":"Point","coordinates":[7.73699,52.3762]}},{"type":"Feature","properties":{"CountryName":"Germany","Type of Animal":"Pork"},"geometry":{"type":"Point","coordinates":[7.49437,52.30947]}},{"type":"Feature","properties":{"CountryName":"Germany","Type of Animal":"Pork"},"geometry":{"type":"Point","coordinates":[7.4981,52.2956]}},{"type":"Feature","properties":{"CountryName":"Germany","Type of Animal":"Pork"},"geometry":{"type":"Point","coordinates":[7.52556,52.29437]}},{"type":"Feature","properties":{"CountryName":"Germany","Type of Animal":"Pork"},"geometry":{"type":"Point","coordinates":[7.47102,52.31368]}},{"type":"Feature","properties":{"CountryName":"Germany","Type of Animal":"Pork"},"geometry":{"type":"Point","coordinates":[7.50955,52.30553]}},{"type":"Feature","properties":{"CountryName":"Germany","Type of Animal":"Chicken"},"geometry":{"type":"Point","coordinates":[7.4232,52.22795]}},{"type":"Feature","properties":{"CountryName":"Germany","Type of Animal":"Pork"},"geometry":{"type":"Point","coordinates":[7.69632,52.15503]}},{"type":"Feature","properties":{"CountryName":"Germany","Type of Animal":"Chicken"},"geometry":{"type":"Point","coordinates":[7.67914,52.15607]}},{"type":"Feature","properties":{"CountryName":"Germany","Type of Animal":"Chicken"},"geometry":{"type":"Point","coordinates":[7.41022,52.13047]}},{"type":"Feature","properties":{"CountryName":"Germany","Type of Animal":"Pork"},"geometry":{"type":"Point","coordinates":[7.42568,52.10701]}},{"type":"Feature","properties":{"CountryName":"Germany","Type of Animal":"Pork"},"geometry":{"type":"Point","coordinates":[7.3749,52.13425]}},{"type":"Feature","properties":{"CountryName":"Germany","Type of Animal":"Chicken"},"geometry":{"type":"Point","coordinates":[7.30644,52.1498]}},{"type":"Feature","properties":{"CountryName":"Germany","Type of Animal":"Chicken"},"geometry":{"type":"Point","coordinates":[7.35254,52.10201]}},{"type":"Feature","properties":{"CountryName":"Germany","Type of Animal":"Chicken"},"geometry":{"type":"Point","coordinates":[7.77977,52.22889]}},{"type":"Feature","properties":{"CountryName":"Germany","Type of Animal":"Chicken"},"geometry":{"type":"Point","coordinates":[7.326,52.20012]}},{"type":"Feature","properties":{"CountryName":"Germany","Type of Animal":"Pork"},"geometry":{"type":"Point","coordinates":[7.28536,52.23102]}},{"type":"Feature","properties":{"CountryName":"Germany","Type of Animal":"Chicken"},"geometry":{"type":"Point","coordinates":[7.27008,52.2499]}},{"type":"Feature","properties":{"CountryName":"Germany","Type of Animal":"Chicken"},"geometry":{"type":"Point","coordinates":[7.28597,52.20866]}},{"type":"Feature","properties":{"CountryName":"Germany","Type of Animal":"Pork"},"geometry":{"type":"Point","coordinates":[7.97235,51.76154]}},{"type":"Feature","properties":{"CountryName":"Germany","Type of Animal":"Pork"},"geometry":{"type":"Point","coordinates":[7.96169,51.72516]}},{"type":"Feature","properties":{"CountryName":"Germany","Type of Animal":"Pork"},"geometry":{"type":"Point","coordinates":[7.87834,51.78789]}},{"type":"Feature","properties":{"CountryName":"Germany","Type of Animal":"Pork"},"geometry":{"type":"Point","coordinates":[7.87814,51.79533]}},{"type":"Feature","properties":{"CountryName":"Germany","Type of Animal":"Pork"},"geometry":{"type":"Point","coordinates":[7.95907,51.76566]}},{"type":"Feature","properties":{"CountryName":"Germany","Type of Animal":"Pork"},"geometry":{"type":"Point","coordinates":[7.89503,51.72316]}},{"type":"Feature","properties":{"CountryName":"Germany","Type of Animal":"Pork"},"geometry":{"type":"Point","coordinates":[7.81332,51.77258]}},{"type":"Feature","properties":{"CountryName":"Germany","Type of Animal":"Pork"},"geometry":{"type":"Point","coordinates":[8.09571,51.79611]}},{"type":"Feature","properties":{"CountryName":"Germany","Type of Animal":"Pork"},"geometry":{"type":"Point","coordinates":[8.03146,51.78235]}},{"type":"Feature","properties":{"CountryName":"Germany","Type of Animal":"Pork"},"geometry":{"type":"Point","coordinates":[7.9643,51.73197]}},{"type":"Feature","properties":{"CountryName":"Germany","Type of Animal":"Pork"},"geometry":{"type":"Point","coordinates":[8.10982,51.76815]}},{"type":"Feature","properties":{"CountryName":"Germany","Type of Animal":"Pork"},"geometry":{"type":"Point","coordinates":[8.09948,51.7772]}},{"type":"Feature","properties":{"CountryName":"Germany","Type of Animal":"Pork"},"geometry":{"type":"Point","coordinates":[8.10985,51.72096]}},{"type":"Feature","properties":{"CountryName":"Germany","Type of Animal":"Pork"},"geometry":{"type":"Point","coordinates":[8.04489,51.81146]}},{"type":"Feature","properties":{"CountryName":"Germany","Type of Animal":"Pork"},"geometry":{"type":"Point","coordinates":[8.09121,51.93755]}},{"type":"Feature","properties":{"CountryName":"Germany","Type of Animal":"Pork"},"geometry":{"type":"Point","coordinates":[8.12144,51.91866]}},{"type":"Feature","properties":{"CountryName":"Germany","Type of Animal":"Pork"},"geometry":{"type":"Point","coordinates":[7.7215,51.75995]}},{"type":"Feature","properties":{"CountryName":"Germany","Type of Animal":"Pork"},"geometry":{"type":"Point","coordinates":[7.71019,51.80787]}},{"type":"Feature","properties":{"CountryName":"Germany","Type of Animal":"Pork"},"geometry":{"type":"Point","coordinates":[7.7468,51.81573]}},{"type":"Feature","properties":{"CountryName":"Germany","Type of Animal":"Pork"},"geometry":{"type":"Point","coordinates":[7.66948,51.87109]}},{"type":"Feature","properties":{"CountryName":"Germany","Type of Animal":"Pork"},"geometry":{"type":"Point","coordinates":[7.80169,51.77736]}},{"type":"Feature","properties":{"CountryName":"Germany","Type of Animal":"Pork"},"geometry":{"type":"Point","coordinates":[7.79611,51.733]}},{"type":"Feature","properties":{"CountryName":"Germany","Type of Animal":"Pork"},"geometry":{"type":"Point","coordinates":[7.72543,51.75128]}},{"type":"Feature","properties":{"CountryName":"Germany","Type of Animal":"Chicken"},"geometry":{"type":"Point","coordinates":[7.80729,51.75011]}},{"type":"Feature","properties":{"CountryName":"Germany","Type of Animal":"Pork"},"geometry":{"type":"Point","coordinates":[7.89911,51.83222]}},{"type":"Feature","properties":{"CountryName":"Germany","Type of Animal":"Pork"},"geometry":{"type":"Point","coordinates":[7.90246,51.85066]}},{"type":"Feature","properties":{"CountryName":"Germany","Type of Animal":"Pork"},"geometry":{"type":"Point","coordinates":[7.97171,51.8645]}},{"type":"Feature","properties":{"CountryName":"Germany","Type of Animal":"Pork"},"geometry":{"type":"Point","coordinates":[8.07185,51.84066]}},{"type":"Feature","properties":{"CountryName":"Germany","Type of Animal":"Pork"},"geometry":{"type":"Point","coordinates":[7.99866,51.8817]}},{"type":"Feature","properties":{"CountryName":"Germany","Type of Animal":"Pork"},"geometry":{"type":"Point","coordinates":[7.9044,51.84385]}},{"type":"Feature","properties":{"CountryName":"Germany","Type of Animal":"Pork"},"geometry":{"type":"Point","coordinates":[7.82052,51.91341]}},{"type":"Feature","properties":{"CountryName":"Germany","Type of Animal":"Pork"},"geometry":{"type":"Point","coordinates":[8.18676,51.77068]}},{"type":"Feature","properties":{"CountryName":"Germany","Type of Animal":"Chicken"},"geometry":{"type":"Point","coordinates":[8.16905,51.77907]}},{"type":"Feature","properties":{"CountryName":"Germany","Type of Animal":"Chicken"},"geometry":{"type":"Point","coordinates":[8.21021,51.78198]}},{"type":"Feature","properties":{"CountryName":"Germany","Type of Animal":"Chicken"},"geometry":{"type":"Point","coordinates":[7.87138,52.02795]}},{"type":"Feature","properties":{"CountryName":"Germany","Type of Animal":"Chicken"},"geometry":{"type":"Point","coordinates":[7.91017,52.06183]}},{"type":"Feature","properties":{"CountryName":"Germany","Type of Animal":"Pork"},"geometry":{"type":"Point","coordinates":[7.81877,52.03812]}},{"type":"Feature","properties":{"CountryName":"Germany","Type of Animal":"Pork"},"geometry":{"type":"Point","coordinates":[7.78879,52.07328]}},{"type":"Feature","properties":{"CountryName":"Germany","Type of Animal":"Pork"},"geometry":{"type":"Point","coordinates":[7.90356,52.02847]}},{"type":"Feature","properties":{"CountryName":"Germany","Type of Animal":"Pork"},"geometry":{"type":"Point","coordinates":[7.84197,52.0927]}},{"type":"Feature","properties":{"CountryName":"Germany","Type of Animal":"Pork"},"geometry":{"type":"Point","coordinates":[7.83432,52.01032]}},{"type":"Feature","properties":{"CountryName":"Germany","Type of Animal":"Pork"},"geometry":{"type":"Point","coordinates":[7.8532,52.07474]}},{"type":"Feature","properties":{"CountryName":"Germany","Type of Animal":"Chicken"},"geometry":{"type":"Point","coordinates":[7.83994,52.07639]}},{"type":"Feature","properties":{"CountryName":"Germany","Type of Animal":"Chicken"},"geometry":{"type":"Point","coordinates":[7.88165,52.07062]}},{"type":"Feature","properties":{"CountryName":"Germany","Type of Animal":"Chicken"},"geometry":{"type":"Point","coordinates":[7.82608,52.02504]}},{"type":"Feature","properties":{"CountryName":"Germany","Type of Animal":"Chicken"},"geometry":{"type":"Point","coordinates":[8.01785,52.05357]}},{"type":"Feature","properties":{"CountryName":"Germany","Type of Animal":"Chicken"},"geometry":{"type":"Point","coordinates":[8.01716,52.04427]}},{"type":"Feature","properties":{"CountryName":"Germany","Type of Animal":"Pork"},"geometry":{"type":"Point","coordinates":[8.0437,51.97175]}},{"type":"Feature","properties":{"CountryName":"Germany","Type of Animal":"Pork"},"geometry":{"type":"Point","coordinates":[8.0757,51.98363]}},{"type":"Feature","properties":{"CountryName":"Germany","Type of Animal":"Chicken"},"geometry":{"type":"Point","coordinates":[8.05878,52.06003]}},{"type":"Feature","properties":{"CountryName":"Germany","Type of Animal":"Chicken"},"geometry":{"type":"Point","coordinates":[8.02853,52.03721]}},{"type":"Feature","properties":{"CountryName":"Germany","Type of Animal":"Chicken"},"geometry":{"type":"Point","coordinates":[8.07143,52.06184]}},{"type":"Feature","properties":{"CountryName":"Germany","Type of Animal":"Chicken"},"geometry":{"type":"Point","coordinates":[8.04638,52.04259]}},{"type":"Feature","properties":{"CountryName":"Germany","Type of Animal":"Pork"},"geometry":{"type":"Point","coordinates":[7.84355,51.82253]}},{"type":"Feature","properties":{"CountryName":"Germany","Type of Animal":"Pork"},"geometry":{"type":"Point","coordinates":[7.78247,51.87141]}},{"type":"Feature","properties":{"CountryName":"Germany","Type of Animal":"Pork"},"geometry":{"type":"Point","coordinates":[7.80863,51.85638]}},{"type":"Feature","properties":{"CountryName":"Germany","Type of Animal":"Pork"},"geometry":{"type":"Point","coordinates":[7.69462,51.89084]}},{"type":"Feature","properties":{"CountryName":"Germany","Type of Animal":"Pork"},"geometry":{"type":"Point","coordinates":[7.82646,51.80971]}},{"type":"Feature","properties":{"CountryName":"Germany","Type of Animal":"Pork"},"geometry":{"type":"Point","coordinates":[7.8082,51.87504]}},{"type":"Feature","properties":{"CountryName":"Germany","Type of Animal":"Pork"},"geometry":{"type":"Point","coordinates":[7.82756,51.80869]}},{"type":"Feature","properties":{"CountryName":"Germany","Type of Animal":"Pork"},"geometry":{"type":"Point","coordinates":[7.78751,51.85444]}},{"type":"Feature","properties":{"CountryName":"Germany","Type of Animal":"Pork"},"geometry":{"type":"Point","coordinates":[7.8358,51.86883]}},{"type":"Feature","properties":{"CountryName":"Germany","Type of Animal":"Chicken"},"geometry":{"type":"Point","coordinates":[7.89848,51.98563]}},{"type":"Feature","properties":{"CountryName":"Germany","Type of Animal":"Pork"},"geometry":{"type":"Point","coordinates":[7.87439,51.97407]}},{"type":"Feature","properties":{"CountryName":"Germany","Type of Animal":"Pork"},"geometry":{"type":"Point","coordinates":[7.7744,52.02845]}},{"type":"Feature","properties":{"CountryName":"Germany","Type of Animal":"Pork"},"geometry":{"type":"Point","coordinates":[8.29885,51.70492]}},{"type":"Feature","properties":{"CountryName":"Germany","Type of Animal":"Pork"},"geometry":{"type":"Point","coordinates":[8.3045,51.71492]}},{"type":"Feature","properties":{"CountryName":"Germany","Type of Animal":"Pork"},"geometry":{"type":"Point","coordinates":[8.18814,51.70135]}},{"type":"Feature","properties":{"CountryName":"Germany","Type of Animal":"Pork"},"geometry":{"type":"Point","coordinates":[8.22446,51.67304]}},{"type":"Feature","properties":{"CountryName":"Germany","Type of Animal":"Chicken"},"geometry":{"type":"Point","coordinates":[8.13766,51.73314]}},{"type":"Feature","properties":{"CountryName":"Germany","Type of Animal":"Chicken"},"geometry":{"type":"Point","coordinates":[7.94622,51.93271]}},{"type":"Feature","properties":{"CountryName":"Germany","Type of Animal":"Pork"},"geometry":{"type":"Point","coordinates":[7.92395,52.00086]}},{"type":"Feature","properties":{"CountryName":"Germany","Type of Animal":"Pork"},"geometry":{"type":"Point","coordinates":[7.90428,51.8772]}},{"type":"Feature","properties":{"CountryName":"Germany","Type of Animal":"Pork"},"geometry":{"type":"Point","coordinates":[7.95231,51.85981]}},{"type":"Feature","properties":{"CountryName":"Germany","Type of Animal":"Pork"},"geometry":{"type":"Point","coordinates":[7.92785,51.89743]}},{"type":"Feature","properties":{"CountryName":"Germany","Type of Animal":"Pork"},"geometry":{"type":"Point","coordinates":[7.88608,51.86157]}},{"type":"Feature","properties":{"CountryName":"Germany","Type of Animal":"Pork"},"geometry":{"type":"Point","coordinates":[7.92775,51.96074]}},{"type":"Feature","properties":{"CountryName":"Germany","Type of Animal":"Pork"},"geometry":{"type":"Point","coordinates":[7.88269,51.97762]}},{"type":"Feature","properties":{"CountryName":"Germany","Type of Animal":"Pork"},"geometry":{"type":"Point","coordinates":[7.96252,51.87249]}},{"type":"Feature","properties":{"CountryName":"Germany","Type of Animal":"Pork"},"geometry":{"type":"Point","coordinates":[8.01062,51.96195]}},{"type":"Feature","properties":{"CountryName":"Germany","Type of Animal":"Pork"},"geometry":{"type":"Point","coordinates":[7.89312,51.86381]}},{"type":"Feature","properties":{"CountryName":"Germany","Type of Animal":"Chicken"},"geometry":{"type":"Point","coordinates":[7.92537,52.04861]}},{"type":"Feature","properties":{"CountryName":"Germany","Type of Animal":"Chicken"},"geometry":{"type":"Point","coordinates":[7.91168,51.89095]}},{"type":"Feature","properties":{"CountryName":"Germany","Type of Animal":"Chicken"},"geometry":{"type":"Point","coordinates":[7.96608,51.97372]}},{"type":"Feature","properties":{"CountryName":"Germany","Type of Animal":"Pork"},"geometry":{"type":"Point","coordinates":[7.94314,51.89159]}},{"type":"Feature","properties":{"CountryName":"Germany","Type of Animal":"Chicken"},"geometry":{"type":"Point","coordinates":[8.29299,52.01067]}},{"type":"Feature","properties":{"CountryName":"Germany","Type of Animal":"Chicken"},"geometry":{"type":"Point","coordinates":[8.2909,52.00104]}},{"type":"Feature","properties":{"CountryName":"Germany","Type of Animal":"Chicken"},"geometry":{"type":"Point","coordinates":[8.33402,51.7492]}},{"type":"Feature","properties":{"CountryName":"Germany","Type of Animal":"Chicken"},"geometry":{"type":"Point","coordinates":[8.3357,51.77636]}},{"type":"Feature","properties":{"CountryName":"Germany","Type of Animal":"Chicken"},"geometry":{"type":"Point","coordinates":[8.39642,51.83871]}},{"type":"Feature","properties":{"CountryName":"Germany","Type of Animal":"Chicken"},"geometry":{"type":"Point","coordinates":[8.41066,51.76403]}},{"type":"Feature","properties":{"CountryName":"Germany","Type of Animal":"Chicken"},"geometry":{"type":"Point","coordinates":[8.40578,51.8299]}},{"type":"Feature","properties":{"CountryName":"Germany","Type of Animal":"Chicken"},"geometry":{"type":"Point","coordinates":[8.4052,51.82938]}},{"type":"Feature","properties":{"CountryName":"Germany","Type of Animal":"Chicken"},"geometry":{"type":"Point","coordinates":[8.39271,51.79158]}},{"type":"Feature","properties":{"CountryName":"Germany","Type of Animal":"Chicken"},"geometry":{"type":"Point","coordinates":[8.42267,51.76362]}},{"type":"Feature","properties":{"CountryName":"Germany","Type of Animal":"Chicken"},"geometry":{"type":"Point","coordinates":[8.62856,51.87911]}},{"type":"Feature","properties":{"CountryName":"Germany","Type of Animal":"Chicken"},"geometry":{"type":"Point","coordinates":[8.36285,51.99618]}},{"type":"Feature","properties":{"CountryName":"Germany","Type of Animal":"Chicken"},"geometry":{"type":"Point","coordinates":[8.36763,51.99827]}},{"type":"Feature","properties":{"CountryName":"Germany","Type of Animal":"Chicken"},"geometry":{"type":"Point","coordinates":[8.31098,52.0032]}},{"type":"Feature","properties":{"CountryName":"Germany","Type of Animal":"Chicken"},"geometry":{"type":"Point","coordinates":[8.20756,52.04635]}},{"type":"Feature","properties":{"CountryName":"Germany","Type of Animal":"Chicken"},"geometry":{"type":"Point","coordinates":[8.19092,52.0255]}},{"type":"Feature","properties":{"CountryName":"Germany","Type of Animal":"Chicken"},"geometry":{"type":"Point","coordinates":[8.16748,52.02781]}},{"type":"Feature","properties":{"CountryName":"Germany","Type of Animal":"Pork"},"geometry":{"type":"Point","coordinates":[8.74415,52.16637]}},{"type":"Feature","properties":{"CountryName":"Germany","Type of Animal":"Chicken"},"geometry":{"type":"Point","coordinates":[9.24221,51.54177]}},{"type":"Feature","properties":{"CountryName":"Germany","Type of Animal":"Pork"},"geometry":{"type":"Point","coordinates":[9.26989,51.53589]}},{"type":"Feature","properties":{"CountryName":"Germany","Type of Animal":"Pork"},"geometry":{"type":"Point","coordinates":[9.24356,51.54925]}},{"type":"Feature","properties":{"CountryName":"Germany","Type of Animal":"Pork"},"geometry":{"type":"Point","coordinates":[9.26348,51.61253]}},{"type":"Feature","properties":{"CountryName":"Germany","Type of Animal":"Chicken"},"geometry":{"type":"Point","coordinates":[9.2785,51.60913]}},{"type":"Feature","properties":{"CountryName":"Germany","Type of Animal":"Chicken"},"geometry":{"type":"Point","coordinates":[9.18024,51.64499]}},{"type":"Feature","properties":{"CountryName":"Germany","Type of Animal":"Chicken"},"geometry":{"type":"Point","coordinates":[9.18504,51.65416]}},{"type":"Feature","properties":{"CountryName":"Germany","Type of Animal":"Pork"},"geometry":{"type":"Point","coordinates":[9.11779,51.65108]}},{"type":"Feature","properties":{"CountryName":"Germany","Type of Animal":"Pork"},"geometry":{"type":"Point","coordinates":[9.12963,51.64808]}},{"type":"Feature","properties":{"CountryName":"Germany","Type of Animal":"Pork"},"geometry":{"type":"Point","coordinates":[9.2977,51.8397]}},{"type":"Feature","properties":{"CountryName":"Germany","Type of Animal":"Chicken"},"geometry":{"type":"Point","coordinates":[9.05288,51.81976]}},{"type":"Feature","properties":{"CountryName":"Germany","Type of Animal":"Pork"},"geometry":{"type":"Point","coordinates":[9.18178,51.84015]}},{"type":"Feature","properties":{"CountryName":"Germany","Type of Animal":"Chicken"},"geometry":{"type":"Point","coordinates":[9.05345,51.80816]}},{"type":"Feature","properties":{"CountryName":"Germany","Type of Animal":"Chicken"},"geometry":{"type":"Point","coordinates":[9.0642,51.82227]}},{"type":"Feature","properties":{"CountryName":"Germany","Type of Animal":"Chicken"},"geometry":{"type":"Point","coordinates":[9.05431,51.8145]}},{"type":"Feature","properties":{"CountryName":"Germany","Type of Animal":"Chicken"},"geometry":{"type":"Point","coordinates":[9.04825,51.51656]}},{"type":"Feature","properties":{"CountryName":"Germany","Type of Animal":"Pork"},"geometry":{"type":"Point","coordinates":[9.18944,51.59986]}},{"type":"Feature","properties":{"CountryName":"Germany","Type of Animal":"Pork"},"geometry":{"type":"Point","coordinates":[9.07847,52.04418]}},{"type":"Feature","properties":{"CountryName":"Germany","Type of Animal":"Pork"},"geometry":{"type":"Point","coordinates":[9.07006,51.89334]}},{"type":"Feature","properties":{"CountryName":"Germany","Type of Animal":"Pork"},"geometry":{"type":"Point","coordinates":[8.97986,52.14808]}},{"type":"Feature","properties":{"CountryName":"Germany","Type of Animal":"Pork"},"geometry":{"type":"Point","coordinates":[8.96252,52.02064]}},{"type":"Feature","properties":{"CountryName":"Germany","Type of Animal":"Pork"},"geometry":{"type":"Point","coordinates":[8.84595,52.09505]}},{"type":"Feature","properties":{"CountryName":"Germany","Type of Animal":"Chicken"},"geometry":{"type":"Point","coordinates":[8.85615,51.80306]}},{"type":"Feature","properties":{"CountryName":"Germany","Type of Animal":"Chicken"},"geometry":{"type":"Point","coordinates":[9.08129,52.44309]}},{"type":"Feature","properties":{"CountryName":"Germany","Type of Animal":"Pork"},"geometry":{"type":"Point","coordinates":[8.52941,52.32995]}},{"type":"Feature","properties":{"CountryName":"Germany","Type of Animal":"Chicken"},"geometry":{"type":"Point","coordinates":[8.58052,52.40198]}},{"type":"Feature","properties":{"CountryName":"Germany","Type of Animal":"Chicken"},"geometry":{"type":"Point","coordinates":[8.48245,52.46824]}},{"type":"Feature","properties":{"CountryName":"Germany","Type of Animal":"Chicken"},"geometry":{"type":"Point","coordinates":[8.43284,52.43077]}},{"type":"Feature","properties":{"CountryName":"Germany","Type of Animal":"Chicken"},"geometry":{"type":"Point","coordinates":[8.41641,52.39815]}},{"type":"Feature","properties":{"CountryName":"Germany","Type of Animal":"Pork"},"geometry":{"type":"Point","coordinates":[8.82578,51.67273]}},{"type":"Feature","properties":{"CountryName":"Germany","Type of Animal":"Chicken"},"geometry":{"type":"Point","coordinates":[8.64625,51.59642]}},{"type":"Feature","properties":{"CountryName":"Germany","Type of Animal":"Pork"},"geometry":{"type":"Point","coordinates":[8.55659,51.82163]}},{"type":"Feature","properties":{"CountryName":"Germany","Type of Animal":"Chicken"},"geometry":{"type":"Point","coordinates":[8.45415,51.7722]}},{"type":"Feature","properties":{"CountryName":"Germany","Type of Animal":"Chicken"},"geometry":{"type":"Point","coordinates":[8.45419,51.77293]}},{"type":"Feature","properties":{"CountryName":"Germany","Type of Animal":"Chicken"},"geometry":{"type":"Point","coordinates":[8.42364,51.74374]}},{"type":"Feature","properties":{"CountryName":"Germany","Type of Animal":"Chicken"},"geometry":{"type":"Point","coordinates":[8.42845,51.74374]}},{"type":"Feature","properties":{"CountryName":"Germany","Type of Animal":"Chicken"},"geometry":{"type":"Point","coordinates":[8.51517,51.79848]}},{"type":"Feature","properties":{"CountryName":"Germany","Type of Animal":"Pork"},"geometry":{"type":"Point","coordinates":[8.61855,51.8055]}},{"type":"Feature","properties":{"CountryName":"Germany","Type of Animal":"Pork"},"geometry":{"type":"Point","coordinates":[8.5915,51.77498]}},{"type":"Feature","properties":{"CountryName":"Germany","Type of Animal":"Pork"},"geometry":{"type":"Point","coordinates":[8.5749,51.80834]}},{"type":"Feature","properties":{"CountryName":"Germany","Type of Animal":"Pork"},"geometry":{"type":"Point","coordinates":[8.48775,51.7535]}},{"type":"Feature","properties":{"CountryName":"Germany","Type of Animal":"Chicken"},"geometry":{"type":"Point","coordinates":[8.52471,51.77066]}},{"type":"Feature","properties":{"CountryName":"Germany","Type of Animal":"Chicken"},"geometry":{"type":"Point","coordinates":[8.65523,51.79287]}},{"type":"Feature","properties":{"CountryName":"Germany","Type of Animal":"Pork"},"geometry":{"type":"Point","coordinates":[8.59159,51.81798]}},{"type":"Feature","properties":{"CountryName":"Germany","Type of Animal":"Pork"},"geometry":{"type":"Point","coordinates":[8.60307,51.83545]}},{"type":"Feature","properties":{"CountryName":"Germany","Type of Animal":"Pork"},"geometry":{"type":"Point","coordinates":[8.75434,51.61163]}},{"type":"Feature","properties":{"CountryName":"Germany","Type of Animal":"Pork"},"geometry":{"type":"Point","coordinates":[8.83293,51.57415]}},{"type":"Feature","properties":{"CountryName":"Germany","Type of Animal":"Pork"},"geometry":{"type":"Point","coordinates":[8.67146,51.68964]}},{"type":"Feature","properties":{"CountryName":"Germany","Type of Animal":"Pork"},"geometry":{"type":"Point","coordinates":[8.53291,51.67337]}},{"type":"Feature","properties":{"CountryName":"Germany","Type of Animal":"Pork"},"geometry":{"type":"Point","coordinates":[8.79687,51.54773]}},{"type":"Feature","properties":{"CountryName":"Germany","Type of Animal":"Pork"},"geometry":{"type":"Point","coordinates":[8.74776,51.56875]}},{"type":"Feature","properties":{"CountryName":"Germany","Type of Animal":"Chicken"},"geometry":{"type":"Point","coordinates":[7.1179,51.46689]}},{"type":"Feature","properties":{"CountryName":"Germany","Type of Animal":"Pork"},"geometry":{"type":"Point","coordinates":[7.90348,51.69019]}},{"type":"Feature","properties":{"CountryName":"Germany","Type of Animal":"Chicken"},"geometry":{"type":"Point","coordinates":[7.87037,51.59684]}},{"type":"Feature","properties":{"CountryName":"Germany","Type of Animal":"Chicken"},"geometry":{"type":"Point","coordinates":[7.43088,51.27084]}},{"type":"Feature","properties":{"CountryName":"Germany","Type of Animal":"Pork"},"geometry":{"type":"Point","coordinates":[7.87829,51.362]}},{"type":"Feature","properties":{"CountryName":"Germany","Type of Animal":"Chicken"},"geometry":{"type":"Point","coordinates":[8.32378,51.56216]}},{"type":"Feature","properties":{"CountryName":"Germany","Type of Animal":"Chicken"},"geometry":{"type":"Point","coordinates":[8.37305,51.5704]}},{"type":"Feature","properties":{"CountryName":"Germany","Type of Animal":"Chicken"},"geometry":{"type":"Point","coordinates":[8.25933,51.56689]}},{"type":"Feature","properties":{"CountryName":"Germany","Type of Animal":"Chicken"},"geometry":{"type":"Point","coordinates":[8.32836,51.54144]}},{"type":"Feature","properties":{"CountryName":"Germany","Type of Animal":"Pork"},"geometry":{"type":"Point","coordinates":[8.30384,51.54814]}},{"type":"Feature","properties":{"CountryName":"Germany","Type of Animal":"Chicken"},"geometry":{"type":"Point","coordinates":[8.15077,51.59927]}},{"type":"Feature","properties":{"CountryName":"Germany","Type of Animal":"Chicken"},"geometry":{"type":"Point","coordinates":[7.99622,51.53307]}},{"type":"Feature","properties":{"CountryName":"Germany","Type of Animal":"Chicken"},"geometry":{"type":"Point","coordinates":[8.29495,51.63642]}},{"type":"Feature","properties":{"CountryName":"Germany","Type of Animal":"Pork"},"geometry":{"type":"Point","coordinates":[8.31888,51.63318]}},{"type":"Feature","properties":{"CountryName":"Germany","Type of Animal":"Chicken"},"geometry":{"type":"Point","coordinates":[8.29397,51.62415]}},{"type":"Feature","properties":{"CountryName":"Germany","Type of Animal":"Chicken"},"geometry":{"type":"Point","coordinates":[8.40803,51.622]}},{"type":"Feature","properties":{"CountryName":"Germany","Type of Animal":"Chicken"},"geometry":{"type":"Point","coordinates":[8.4771,51.67592]}},{"type":"Feature","properties":{"CountryName":"Germany","Type of Animal":"Pork"},"geometry":{"type":"Point","coordinates":[7.99033,51.71438]}},{"type":"Feature","properties":{"CountryName":"Germany","Type of Animal":"Chicken"},"geometry":{"type":"Point","coordinates":[8.12912,51.63545]}},{"type":"Feature","properties":{"CountryName":"Germany","Type of Animal":"Pork"},"geometry":{"type":"Point","coordinates":[8.14082,51.61908]}},{"type":"Feature","properties":{"CountryName":"Germany","Type of Animal":"Pork"},"geometry":{"type":"Point","coordinates":[8.42506,51.67706]}},{"type":"Feature","properties":{"CountryName":"Germany","Type of Animal":"Chicken"},"geometry":{"type":"Point","coordinates":[8.3334,51.64891]}},{"type":"Feature","properties":{"CountryName":"Germany","Type of Animal":"Chicken"},"geometry":{"type":"Point","coordinates":[8.04077,51.52402]}},{"type":"Feature","properties":{"CountryName":"Germany","Type of Animal":"Chicken"},"geometry":{"type":"Point","coordinates":[8.04953,51.51382]}},{"type":"Feature","properties":{"CountryName":"Germany","Type of Animal":"Pork"},"geometry":{"type":"Point","coordinates":[8.42592,51.54649]}},{"type":"Feature","properties":{"CountryName":"Germany","Type of Animal":"Pork"},"geometry":{"type":"Point","coordinates":[8.38852,51.52654]}},{"type":"Feature","properties":{"CountryName":"Germany","Type of Animal":"Chicken"},"geometry":{"type":"Point","coordinates":[8.09856,51.53043]}},{"type":"Feature","properties":{"CountryName":"Germany","Type of Animal":"Chicken"},"geometry":{"type":"Point","coordinates":[8.00546,51.62367]}},{"type":"Feature","properties":{"CountryName":"Germany","Type of Animal":"Chicken"},"geometry":{"type":"Point","coordinates":[7.84723,51.5522]}},{"type":"Feature","properties":{"CountryName":"Germany","Type of Animal":"Chicken"},"geometry":{"type":"Point","coordinates":[7.97561,51.56975]}},{"type":"Feature","properties":{"CountryName":"Germany","Type of Animal":"Pork"},"geometry":{"type":"Point","coordinates":[7.78194,51.49662]}},{"type":"Feature","properties":{"CountryName":"Germany","Type of Animal":"Pork"},"geometry":{"type":"Point","coordinates":[7.63894,51.51798]}},{"type":"Feature","properties":{"CountryName":"Germany","Type of Animal":"Pork"},"geometry":{"type":"Point","coordinates":[7.47834,51.71205]}},{"type":"Feature","properties":{"CountryName":"Germany","Type of Animal":"Pork"},"geometry":{"type":"Point","coordinates":[7.47848,51.71222]}},{"type":"Feature","properties":{"CountryName":"Germany","Type of Animal":"Pork"},"geometry":{"type":"Point","coordinates":[7.66795,51.51121]}},{"type":"Feature","properties":{"CountryName":"Germany","Type of Animal":"Pork"},"geometry":{"type":"Point","coordinates":[7.72093,51.56331]}},{"type":"Feature","properties":{"CountryName":"Germany","Type of Animal":"Pork"},"geometry":{"type":"Point","coordinates":[7.81082,51.52778]}},{"type":"Feature","properties":{"CountryName":"Germany","Type of Animal":"Pork"},"geometry":{"type":"Point","coordinates":[7.54962,51.68331]}},{"type":"Feature","properties":{"CountryName":"Germany","Type of Animal":"Pork"},"geometry":{"type":"Point","coordinates":[7.6412,51.68808]}},{"type":"Feature","properties":{"CountryName":"Germany","Type of Animal":"Pork"},"geometry":{"type":"Point","coordinates":[7.63871,51.68769]}},{"type":"Feature","properties":{"CountryName":"Germany","Type of Animal":"Pork"},"geometry":{"type":"Point","coordinates":[9.15294,51.64629]}},{"type":"Feature","properties":{"CountryName":"Germany","Type of Animal":"Pork"},"geometry":{"type":"Point","coordinates":[8.45435,52.39569]}},{"type":"Feature","properties":{"CountryName":"Germany","Type of Animal":"Pork"},"geometry":{"type":"Point","coordinates":[8.02671,51.50753]}},{"type":"Feature","properties":{"CountryName":"Germany","Type of Animal":"Chicken"},"geometry":{"type":"Point","coordinates":[6.01448,51.0384]}},{"type":"Feature","properties":{"CountryName":"Germany","Type of Animal":"Chicken"},"geometry":{"type":"Point","coordinates":[6.1191,51.04007]}},{"type":"Feature","properties":{"CountryName":"Germany","Type of Animal":"Chicken"},"geometry":{"type":"Point","coordinates":[8.35288,51.85565]}},{"type":"Feature","properties":{"CountryName":"Germany","Type of Animal":"Chicken"},"geometry":{"type":"Point","coordinates":[6.83419,50.63608]}},{"type":"Feature","properties":{"CountryName":"Germany","Type of Animal":"Pork"},"geometry":{"type":"Point","coordinates":[7.32266,52.01348]}},{"type":"Feature","properties":{"CountryName":"Germany","Type of Animal":"Pork"},"geometry":{"type":"Point","coordinates":[7.40765,52.02975]}},{"type":"Feature","properties":{"CountryName":"Germany","Type of Animal":"Pork"},"geometry":{"type":"Point","coordinates":[7.39819,52.01364]}},{"type":"Feature","properties":{"CountryName":"Germany","Type of Animal":"Pork"},"geometry":{"type":"Point","coordinates":[7.3953,51.84376]}},{"type":"Feature","properties":{"CountryName":"Germany","Type of Animal":"Pork"},"geometry":{"type":"Point","coordinates":[7.48771,51.92507]}},{"type":"Feature","properties":{"CountryName":"Germany","Type of Animal":"Pork"},"geometry":{"type":"Point","coordinates":[8.98352,52.20971]}},{"type":"Feature","properties":{"CountryName":"Germany","Type of Animal":"Chicken"},"geometry":{"type":"Point","coordinates":[8.69513,52.49103]}},{"type":"Feature","properties":{"CountryName":"Germany","Type of Animal":"Chicken"},"geometry":{"type":"Point","coordinates":[8.45932,52.41656]}},{"type":"Feature","properties":{"CountryName":"Germany","Type of Animal":"Chicken"},"geometry":{"type":"Point","coordinates":[8.71502,51.63608]}},{"type":"Feature","properties":{"CountryName":"Germany","Type of Animal":"Chicken"},"geometry":{"type":"Point","coordinates":[7.73163,51.72961]}},{"type":"Feature","properties":{"CountryName":"Germany","Type of Animal":"Pork"},"geometry":{"type":"Point","coordinates":[7.47008,51.8405]}},{"type":"Feature","properties":{"CountryName":"Germany","Type of Animal":"Pork"},"geometry":{"type":"Point","coordinates":[7.52246,51.82295]}},{"type":"Feature","properties":{"CountryName":"Germany","Type of Animal":"Chicken"},"geometry":{"type":"Point","coordinates":[7.70142,51.70125]}},{"type":"Feature","properties":{"CountryName":"Germany","Type of Animal":"Chicken"},"geometry":{"type":"Point","coordinates":[7.35849,50.31609]}},{"type":"Feature","properties":{"CountryName":"Germany","Type of Animal":"Chicken"},"geometry":{"type":"Point","coordinates":[7.2468,50.36283]}},{"type":"Feature","properties":{"CountryName":"Germany","Type of Animal":"Chicken"},"geometry":{"type":"Point","coordinates":[7.32134,50.24234]}},{"type":"Feature","properties":{"CountryName":"Germany","Type of Animal":"Pork"},"geometry":{"type":"Point","coordinates":[7.29446,50.38456]}},{"type":"Feature","properties":{"CountryName":"Germany","Type of Animal":"Chicken"},"geometry":{"type":"Point","coordinates":[6.75856,49.64428]}},{"type":"Feature","properties":{"CountryName":"Germany","Type of Animal":"Chicken"},"geometry":{"type":"Point","coordinates":[8.15933,49.9077]}},{"type":"Feature","properties":{"CountryName":"Germany","Type of Animal":"Chicken"},"geometry":{"type":"Point","coordinates":[8.37562,49.77127]}},{"type":"Feature","properties":{"CountryName":"Germany","Type of Animal":"Chicken"},"geometry":{"type":"Point","coordinates":[8.3732,49.76336]}},{"type":"Feature","properties":{"CountryName":"Germany","Type of Animal":"Pork"},"geometry":{"type":"Point","coordinates":[7.32787,49.19535]}},{"type":"Feature","properties":{"CountryName":"Germany","Type of Animal":"Chicken"},"geometry":{"type":"Point","coordinates":[8.40644,49.78231]}},{"type":"Feature","properties":{"CountryName":"Germany","Type of Animal":"Chicken"},"geometry":{"type":"Point","coordinates":[9.68524,53.99973]}},{"type":"Feature","properties":{"CountryName":"Germany","Type of Animal":"Pork"},"geometry":{"type":"Point","coordinates":[9.4415,54.00025]}},{"type":"Feature","properties":{"CountryName":"Germany","Type of Animal":"Chicken"},"geometry":{"type":"Point","coordinates":[9.04848,54.06143]}},{"type":"Feature","properties":{"CountryName":"Germany","Type of Animal":"Pork"},"geometry":{"type":"Point","coordinates":[9.00648,54.26756]}},{"type":"Feature","properties":{"CountryName":"Germany","Type of Animal":"Pork"},"geometry":{"type":"Point","coordinates":[8.91649,53.95223]}},{"type":"Feature","properties":{"CountryName":"Germany","Type of Animal":"Chicken"},"geometry":{"type":"Point","coordinates":[8.99796,54.24341]}},{"type":"Feature","properties":{"CountryName":"Germany","Type of Animal":"Chicken"},"geometry":{"type":"Point","coordinates":[8.90421,54.19408]}},{"type":"Feature","properties":{"CountryName":"Germany","Type of Animal":"Pork"},"geometry":{"type":"Point","coordinates":[9.00737,54.25967]}},{"type":"Feature","properties":{"CountryName":"Germany","Type of Animal":"Chicken"},"geometry":{"type":"Point","coordinates":[9.1543,53.97661]}},{"type":"Feature","properties":{"CountryName":"Germany","Type of Animal":"Chicken"},"geometry":{"type":"Point","coordinates":[10.34727,54.19451]}},{"type":"Feature","properties":{"CountryName":"Germany","Type of Animal":"Pork"},"geometry":{"type":"Point","coordinates":[9.03838,54.01613]}},{"type":"Feature","properties":{"CountryName":"Germany","Type of Animal":"Pork"},"geometry":{"type":"Point","coordinates":[9.7684,54.375]}},{"type":"Feature","properties":{"CountryName":"Germany","Type of Animal":"Chicken"},"geometry":{"type":"Point","coordinates":[10.62444,53.62961]}},{"type":"Feature","properties":{"CountryName":"Germany","Type of Animal":"Chicken"},"geometry":{"type":"Point","coordinates":[9.9945,54.36905]}},{"type":"Feature","properties":{"CountryName":"Germany","Type of Animal":"Pork"},"geometry":{"type":"Point","coordinates":[10.29989,53.88573]}},{"type":"Feature","properties":{"CountryName":"Germany","Type of Animal":"Chicken"},"geometry":{"type":"Point","coordinates":[10.62716,53.94931]}},{"type":"Feature","properties":{"CountryName":"Germany","Type of Animal":"Pork"},"geometry":{"type":"Point","coordinates":[10.64674,54.28954]}},{"type":"Feature","properties":{"CountryName":"Germany","Type of Animal":"Chicken"},"geometry":{"type":"Point","coordinates":[10.63998,54.2225]}},{"type":"Feature","properties":{"CountryName":"Germany","Type of Animal":"Chicken"},"geometry":{"type":"Point","coordinates":[10.66398,54.23192]}},{"type":"Feature","properties":{"CountryName":"Germany","Type of Animal":"Chicken"},"geometry":{"type":"Point","coordinates":[10.69419,54.23466]}},{"type":"Feature","properties":{"CountryName":"Germany","Type of Animal":"Chicken"},"geometry":{"type":"Point","coordinates":[10.26459,54.19]}},{"type":"Feature","properties":{"CountryName":"Germany","Type of Animal":"Pork"},"geometry":{"type":"Point","coordinates":[10.18449,54.10543]}},{"type":"Feature","properties":{"CountryName":"Germany","Type of Animal":"Chicken"},"geometry":{"type":"Point","coordinates":[9.35648,54.11595]}},{"type":"Feature","properties":{"CountryName":"Germany","Type of Animal":"Chicken"},"geometry":{"type":"Point","coordinates":[9.93332,54.33386]}},{"type":"Feature","properties":{"CountryName":"Germany","Type of Animal":"Chicken"},"geometry":{"type":"Point","coordinates":[9.99624,54.36103]}},{"type":"Feature","properties":{"CountryName":"Germany","Type of Animal":"Pork"},"geometry":{"type":"Point","coordinates":[9.95869,54.54515]}},{"type":"Feature","properties":{"CountryName":"Germany","Type of Animal":"Chicken"},"geometry":{"type":"Point","coordinates":[9.98571,54.35824]}},{"type":"Feature","properties":{"CountryName":"Germany","Type of Animal":"Chicken"},"geometry":{"type":"Point","coordinates":[9.92686,54.33616]}},{"type":"Feature","properties":{"CountryName":"Germany","Type of Animal":"Chicken"},"geometry":{"type":"Point","coordinates":[9.93696,54.33177]}},{"type":"Feature","properties":{"CountryName":"Germany","Type of Animal":"Chicken"},"geometry":{"type":"Point","coordinates":[10.20417,54.10262]}},{"type":"Feature","properties":{"CountryName":"Germany","Type of Animal":"Chicken"},"geometry":{"type":"Point","coordinates":[9.99395,54.36848]}},{"type":"Feature","properties":{"CountryName":"Germany","Type of Animal":"Chicken"},"geometry":{"type":"Point","coordinates":[9.95076,54.32137]}},{"type":"Feature","properties":{"CountryName":"Germany","Type of Animal":"Pork"},"geometry":{"type":"Point","coordinates":[10.05302,54.15932]}},{"type":"Feature","properties":{"CountryName":"Germany","Type of Animal":"Pork"},"geometry":{"type":"Point","coordinates":[11.04834,54.47787]}},{"type":"Feature","properties":{"CountryName":"Germany","Type of Animal":"Chicken"},"geometry":{"type":"Point","coordinates":[9.85692,54.32976]}},{"type":"Feature","properties":{"CountryName":"Germany","Type of Animal":"Pork"},"geometry":{"type":"Point","coordinates":[11.05858,54.48732]}},{"type":"Feature","properties":{"CountryName":"Germany","Type of Animal":"Chicken"},"geometry":{"type":"Point","coordinates":[10.10305,54.16211]}},{"type":"Feature","properties":{"CountryName":"Germany","Type of Animal":"Chicken"},"geometry":{"type":"Point","coordinates":[10.18131,54.09309]}},{"type":"Feature","properties":{"CountryName":"Germany","Type of Animal":"Chicken"},"geometry":{"type":"Point","coordinates":[10.26249,54.19806]}},{"type":"Feature","properties":{"CountryName":"Germany","Type of Animal":"Chicken"},"geometry":{"type":"Point","coordinates":[10.87515,54.17248]}},{"type":"Feature","properties":{"CountryName":"Germany","Type of Animal":"Pork"},"geometry":{"type":"Point","coordinates":[10.35892,54.36855]}},{"type":"Feature","properties":{"CountryName":"Germany","Type of Animal":"Pork"},"geometry":{"type":"Point","coordinates":[10.18204,54.10536]}},{"type":"Feature","properties":{"CountryName":"Germany","Type of Animal":"Chicken"},"geometry":{"type":"Point","coordinates":[10.30328,54.14412]}},{"type":"Feature","properties":{"CountryName":"Germany","Type of Animal":"Chicken"},"geometry":{"type":"Point","coordinates":[10.57002,54.24366]}},{"type":"Feature","properties":{"CountryName":"Germany","Type of Animal":"Pork"},"geometry":{"type":"Point","coordinates":[10.42749,54.37874]}},{"type":"Feature","properties":{"CountryName":"Germany","Type of Animal":"Chicken"},"geometry":{"type":"Point","coordinates":[10.62164,53.6197]}},{"type":"Feature","properties":{"CountryName":"Germany","Type of Animal":"Chicken"},"geometry":{"type":"Point","coordinates":[10.60677,53.8457]}},{"type":"Feature","properties":{"CountryName":"Germany","Type of Animal":"Chicken"},"geometry":{"type":"Point","coordinates":[10.24627,54.02171]}},{"type":"Feature","properties":{"CountryName":"Germany","Type of Animal":"Chicken"},"geometry":{"type":"Point","coordinates":[10.23708,53.97425]}},{"type":"Feature","properties":{"CountryName":"Germany","Type of Animal":"Chicken"},"geometry":{"type":"Point","coordinates":[10.1195,54.04619]}},{"type":"Feature","properties":{"CountryName":"Germany","Type of Animal":"Chicken"},"geometry":{"type":"Point","coordinates":[10.24548,54.04176]}},{"type":"Feature","properties":{"CountryName":"Germany","Type of Animal":"Pork"},"geometry":{"type":"Point","coordinates":[10.34443,54.09853]}},{"type":"Feature","properties":{"CountryName":"Germany","Type of Animal":"Pork"},"geometry":{"type":"Point","coordinates":[10.44232,53.90871]}},{"type":"Feature","properties":{"CountryName":"Germany","Type of Animal":"Chicken"},"geometry":{"type":"Point","coordinates":[10.37017,54.07853]}},{"type":"Feature","properties":{"CountryName":"Germany","Type of Animal":"Chicken"},"geometry":{"type":"Point","coordinates":[10.00331,54.02131]}},{"type":"Feature","properties":{"CountryName":"Germany","Type of Animal":"Pork"},"geometry":{"type":"Point","coordinates":[10.41845,53.89247]}},{"type":"Feature","properties":{"CountryName":"Germany","Type of Animal":"Pork"},"geometry":{"type":"Point","coordinates":[10.49981,53.93868]}},{"type":"Feature","properties":{"CountryName":"Germany","Type of Animal":"Chicken"},"geometry":{"type":"Point","coordinates":[10.34984,53.7095]}},{"type":"Feature","properties":{"CountryName":"Germany","Type of Animal":"Chicken"},"geometry":{"type":"Point","coordinates":[10.61694,53.636]}},{"type":"Feature","properties":{"CountryName":"Germany","Type of Animal":"Pork"},"geometry":{"type":"Point","coordinates":[10.18663,53.68802]}},{"type":"Feature","properties":{"CountryName":"Germany","Type of Animal":"Chicken"},"geometry":{"type":"Point","coordinates":[10.13838,54.0463]}},{"type":"Feature","properties":{"CountryName":"Germany","Type of Animal":"Pork"},"geometry":{"type":"Point","coordinates":[8.75113,54.8197]}},{"type":"Feature","properties":{"CountryName":"Germany","Type of Animal":"Pork"},"geometry":{"type":"Point","coordinates":[9.61021,54.54331]}},{"type":"Feature","properties":{"CountryName":"Germany","Type of Animal":"Pork"},"geometry":{"type":"Point","coordinates":[9.7418,54.60794]}},{"type":"Feature","properties":{"CountryName":"Germany","Type of Animal":"Pork"},"geometry":{"type":"Point","coordinates":[9.65434,54.60623]}},{"type":"Feature","properties":{"CountryName":"Germany","Type of Animal":"Pork"},"geometry":{"type":"Point","coordinates":[9.66063,54.61035]}},{"type":"Feature","properties":{"CountryName":"Germany","Type of Animal":"Pork"},"geometry":{"type":"Point","coordinates":[9.56604,54.78593]}},{"type":"Feature","properties":{"CountryName":"Germany","Type of Animal":"Pork"},"geometry":{"type":"Point","coordinates":[9.32284,54.5868]}},{"type":"Feature","properties":{"CountryName":"Germany","Type of Animal":"Pork"},"geometry":{"type":"Point","coordinates":[9.78501,54.70338]}},{"type":"Feature","properties":{"CountryName":"Germany","Type of Animal":"Pork"},"geometry":{"type":"Point","coordinates":[8.85896,54.81353]}},{"type":"Feature","properties":{"CountryName":"Germany","Type of Animal":"Pork"},"geometry":{"type":"Point","coordinates":[9.82263,54.65244]}},{"type":"Feature","properties":{"CountryName":"Germany","Type of Animal":"Pork"},"geometry":{"type":"Point","coordinates":[9.7734,54.70992]}},{"type":"Feature","properties":{"CountryName":"Germany","Type of Animal":"Pork"},"geometry":{"type":"Point","coordinates":[8.7001,54.87226]}},{"type":"Feature","properties":{"CountryName":"Germany","Type of Animal":"Chicken"},"geometry":{"type":"Point","coordinates":[6.81064,49.44581]}},{"type":"Feature","properties":{"CountryName":"Germany","Type of Animal":"Pork"},"geometry":{"type":"Point","coordinates":[12.6788,50.95103]}},{"type":"Feature","properties":{"CountryName":"Germany","Type of Animal":"Chicken"},"geometry":{"type":"Point","coordinates":[13.10026,51.20477]}},{"type":"Feature","properties":{"CountryName":"Germany","Type of Animal":"Chicken"},"geometry":{"type":"Point","coordinates":[14.20943,51.19832]}},{"type":"Feature","properties":{"CountryName":"Germany","Type of Animal":"Chicken"},"geometry":{"type":"Point","coordinates":[12.68959,51.37311]}},{"type":"Feature","properties":{"CountryName":"Germany","Type of Animal":"Pork"},"geometry":{"type":"Point","coordinates":[12.24269,51.11216]}},{"type":"Feature","properties":{"CountryName":"Germany","Type of Animal":"Pork"},"geometry":{"type":"Point","coordinates":[11.95276,50.5834]}},{"type":"Feature","properties":{"CountryName":"Germany","Type of Animal":"Chicken"},"geometry":{"type":"Point","coordinates":[12.24372,50.49281]}},{"type":"Feature","properties":{"CountryName":"Germany","Type of Animal":"Chicken"},"geometry":{"type":"Point","coordinates":[12.24798,50.50044]}},{"type":"Feature","properties":{"CountryName":"Germany","Type of Animal":"Pork"},"geometry":{"type":"Point","coordinates":[12.27865,50.56276]}},{"type":"Feature","properties":{"CountryName":"Germany","Type of Animal":"Chicken"},"geometry":{"type":"Point","coordinates":[12.83875,50.77321]}},{"type":"Feature","properties":{"CountryName":"Germany","Type of Animal":"Chicken"},"geometry":{"type":"Point","coordinates":[12.85125,50.76785]}},{"type":"Feature","properties":{"CountryName":"Germany","Type of Animal":"Chicken"},"geometry":{"type":"Point","coordinates":[12.81744,50.74275]}},{"type":"Feature","properties":{"CountryName":"Germany","Type of Animal":"Pork"},"geometry":{"type":"Point","coordinates":[13.02084,50.68546]}},{"type":"Feature","properties":{"CountryName":"Germany","Type of Animal":"Pork"},"geometry":{"type":"Point","coordinates":[12.98045,50.54865]}},{"type":"Feature","properties":{"CountryName":"Germany","Type of Animal":"Pork"},"geometry":{"type":"Point","coordinates":[12.58732,50.89482]}},{"type":"Feature","properties":{"CountryName":"Germany","Type of Animal":"Pork"},"geometry":{"type":"Point","coordinates":[12.30778,50.744]}},{"type":"Feature","properties":{"CountryName":"Germany","Type of Animal":"Pork"},"geometry":{"type":"Point","coordinates":[12.46226,50.57755]}},{"type":"Feature","properties":{"CountryName":"Germany","Type of Animal":"Pork"},"geometry":{"type":"Point","coordinates":[13.47619,50.82297]}},{"type":"Feature","properties":{"CountryName":"Germany","Type of Animal":"Chicken"},"geometry":{"type":"Point","coordinates":[13.34272,51.02964]}},{"type":"Feature","properties":{"CountryName":"Germany","Type of Animal":"Pork"},"geometry":{"type":"Point","coordinates":[13.04979,50.97314]}},{"type":"Feature","properties":{"CountryName":"Germany","Type of Animal":"Pork"},"geometry":{"type":"Point","coordinates":[13.27392,50.78525]}},{"type":"Feature","properties":{"CountryName":"Germany","Type of Animal":"Pork"},"geometry":{"type":"Point","coordinates":[12.78415,50.95876]}},{"type":"Feature","properties":{"CountryName":"Germany","Type of Animal":"Pork"},"geometry":{"type":"Point","coordinates":[13.31066,50.87109]}},{"type":"Feature","properties":{"CountryName":"Germany","Type of Animal":"Pork"},"geometry":{"type":"Point","coordinates":[12.92081,50.90434]}},{"type":"Feature","properties":{"CountryName":"Germany","Type of Animal":"Pork"},"geometry":{"type":"Point","coordinates":[13.19704,50.99259]}},{"type":"Feature","properties":{"CountryName":"Germany","Type of Animal":"Pork"},"geometry":{"type":"Point","coordinates":[12.90626,51.01703]}},{"type":"Feature","properties":{"CountryName":"Germany","Type of Animal":"Pork"},"geometry":{"type":"Point","coordinates":[13.15583,51.11095]}},{"type":"Feature","properties":{"CountryName":"Germany","Type of Animal":"Chicken"},"geometry":{"type":"Point","coordinates":[13.14852,51.20057]}},{"type":"Feature","properties":{"CountryName":"Germany","Type of Animal":"Pork"},"geometry":{"type":"Point","coordinates":[13.20979,51.12503]}},{"type":"Feature","properties":{"CountryName":"Germany","Type of Animal":"Pork"},"geometry":{"type":"Point","coordinates":[13.02708,51.19572]}},{"type":"Feature","properties":{"CountryName":"Germany","Type of Animal":"Pork"},"geometry":{"type":"Point","coordinates":[12.93877,51.18685]}},{"type":"Feature","properties":{"CountryName":"Germany","Type of Animal":"Pork"},"geometry":{"type":"Point","coordinates":[13.28401,50.84634]}},{"type":"Feature","properties":{"CountryName":"Germany","Type of Animal":"Pork"},"geometry":{"type":"Point","coordinates":[13.22798,50.83618]}},{"type":"Feature","properties":{"CountryName":"Germany","Type of Animal":"Pork"},"geometry":{"type":"Point","coordinates":[13.09503,51.05294]}},{"type":"Feature","properties":{"CountryName":"Germany","Type of Animal":"Chicken"},"geometry":{"type":"Point","coordinates":[13.28708,51.182]}},{"type":"Feature","properties":{"CountryName":"Germany","Type of Animal":"Chicken"},"geometry":{"type":"Point","coordinates":[13.28967,51.17851]}},{"type":"Feature","properties":{"CountryName":"Germany","Type of Animal":"Pork"},"geometry":{"type":"Point","coordinates":[13.75076,51.32317]}},{"type":"Feature","properties":{"CountryName":"Germany","Type of Animal":"Pork"},"geometry":{"type":"Point","coordinates":[13.64943,51.27916]}},{"type":"Feature","properties":{"CountryName":"Germany","Type of Animal":"Chicken"},"geometry":{"type":"Point","coordinates":[13.73197,51.24289]}},{"type":"Feature","properties":{"CountryName":"Germany","Type of Animal":"Pork"},"geometry":{"type":"Point","coordinates":[13.37038,51.3507]}},{"type":"Feature","properties":{"CountryName":"Germany","Type of Animal":"Chicken"},"geometry":{"type":"Point","coordinates":[13.50171,51.29807]}},{"type":"Feature","properties":{"CountryName":"Germany","Type of Animal":"Pork"},"geometry":{"type":"Point","coordinates":[13.47545,51.27614]}},{"type":"Feature","properties":{"CountryName":"Germany","Type of Animal":"Pork"},"geometry":{"type":"Point","coordinates":[13.47215,51.33062]}},{"type":"Feature","properties":{"CountryName":"Germany","Type of Animal":"Pork"},"geometry":{"type":"Point","coordinates":[13.54281,51.22413]}},{"type":"Feature","properties":{"CountryName":"Germany","Type of Animal":"Pork"},"geometry":{"type":"Point","coordinates":[13.67346,51.25544]}},{"type":"Feature","properties":{"CountryName":"Germany","Type of Animal":"Chicken"},"geometry":{"type":"Point","coordinates":[13.70329,51.20536]}},{"type":"Feature","properties":{"CountryName":"Germany","Type of Animal":"Pork"},"geometry":{"type":"Point","coordinates":[13.36172,51.0571]}},{"type":"Feature","properties":{"CountryName":"Germany","Type of Animal":"Chicken"},"geometry":{"type":"Point","coordinates":[13.36399,51.41697]}},{"type":"Feature","properties":{"CountryName":"Germany","Type of Animal":"Chicken"},"geometry":{"type":"Point","coordinates":[13.27948,51.20177]}},{"type":"Feature","properties":{"CountryName":"Germany","Type of Animal":"Pork"},"geometry":{"type":"Point","coordinates":[14.09003,51.03619]}},{"type":"Feature","properties":{"CountryName":"Germany","Type of Animal":"Pork"},"geometry":{"type":"Point","coordinates":[13.97164,51.27349]}},{"type":"Feature","properties":{"CountryName":"Germany","Type of Animal":"Pork"},"geometry":{"type":"Point","coordinates":[14.11195,51.13236]}},{"type":"Feature","properties":{"CountryName":"Germany","Type of Animal":"Pork"},"geometry":{"type":"Point","coordinates":[14.24603,51.40891]}},{"type":"Feature","properties":{"CountryName":"Germany","Type of Animal":"Pork"},"geometry":{"type":"Point","coordinates":[14.56693,51.16291]}},{"type":"Feature","properties":{"CountryName":"Germany","Type of Animal":"Pork"},"geometry":{"type":"Point","coordinates":[14.50026,51.25837]}},{"type":"Feature","properties":{"CountryName":"Germany","Type of Animal":"Pork"},"geometry":{"type":"Point","coordinates":[14.15858,51.25906]}},{"type":"Feature","properties":{"CountryName":"Germany","Type of Animal":"Pork"},"geometry":{"type":"Point","coordinates":[13.98863,51.35369]}},{"type":"Feature","properties":{"CountryName":"Germany","Type of Animal":"Chicken"},"geometry":{"type":"Point","coordinates":[14.22301,51.28558]}},{"type":"Feature","properties":{"CountryName":"Germany","Type of Animal":"Pork"},"geometry":{"type":"Point","coordinates":[14.26297,51.29867]}},{"type":"Feature","properties":{"CountryName":"Germany","Type of Animal":"Pork"},"geometry":{"type":"Point","coordinates":[14.36415,51.17001]}},{"type":"Feature","properties":{"CountryName":"Germany","Type of Animal":"Chicken"},"geometry":{"type":"Point","coordinates":[14.36148,51.16034]}},{"type":"Feature","properties":{"CountryName":"Germany","Type of Animal":"Pork"},"geometry":{"type":"Point","coordinates":[14.73699,51.07559]}},{"type":"Feature","properties":{"CountryName":"Germany","Type of Animal":"Pork"},"geometry":{"type":"Point","coordinates":[14.90391,51.23591]}},{"type":"Feature","properties":{"CountryName":"Germany","Type of Animal":"Chicken"},"geometry":{"type":"Point","coordinates":[14.58101,51.5647]}},{"type":"Feature","properties":{"CountryName":"Germany","Type of Animal":"Pork"},"geometry":{"type":"Point","coordinates":[14.85621,51.11288]}},{"type":"Feature","properties":{"CountryName":"Germany","Type of Animal":"Pork"},"geometry":{"type":"Point","coordinates":[14.90799,51.31921]}},{"type":"Feature","properties":{"CountryName":"Germany","Type of Animal":"Pork"},"geometry":{"type":"Point","coordinates":[14.61863,51.12456]}},{"type":"Feature","properties":{"CountryName":"Germany","Type of Animal":"Pork"},"geometry":{"type":"Point","coordinates":[14.74952,51.05893]}},{"type":"Feature","properties":{"CountryName":"Germany","Type of Animal":"Chicken"},"geometry":{"type":"Point","coordinates":[14.72598,51.13291]}},{"type":"Feature","properties":{"CountryName":"Germany","Type of Animal":"Chicken"},"geometry":{"type":"Point","coordinates":[12.79419,51.51079]}},{"type":"Feature","properties":{"CountryName":"Germany","Type of Animal":"Chicken"},"geometry":{"type":"Point","coordinates":[12.79031,51.51189]}},{"type":"Feature","properties":{"CountryName":"Germany","Type of Animal":"Chicken"},"geometry":{"type":"Point","coordinates":[12.78606,51.51219]}},{"type":"Feature","properties":{"CountryName":"Germany","Type of Animal":"Chicken"},"geometry":{"type":"Point","coordinates":[12.78713,51.51533]}},{"type":"Feature","properties":{"CountryName":"Germany","Type of Animal":"Chicken"},"geometry":{"type":"Point","coordinates":[12.79122,51.51458]}},{"type":"Feature","properties":{"CountryName":"Germany","Type of Animal":"Pork"},"geometry":{"type":"Point","coordinates":[12.86947,51.48554]}},{"type":"Feature","properties":{"CountryName":"Germany","Type of Animal":"Pork"},"geometry":{"type":"Point","coordinates":[12.43793,51.57165]}},{"type":"Feature","properties":{"CountryName":"Germany","Type of Animal":"Chicken"},"geometry":{"type":"Point","coordinates":[12.56621,51.38807]}},{"type":"Feature","properties":{"CountryName":"Germany","Type of Animal":"Chicken"},"geometry":{"type":"Point","coordinates":[12.51499,51.39253]}},{"type":"Feature","properties":{"CountryName":"Germany","Type of Animal":"Pork"},"geometry":{"type":"Point","coordinates":[12.6497,51.49543]}},{"type":"Feature","properties":{"CountryName":"Germany","Type of Animal":"Pork"},"geometry":{"type":"Point","coordinates":[12.46167,51.5857]}},{"type":"Feature","properties":{"CountryName":"Germany","Type of Animal":"Pork"},"geometry":{"type":"Point","coordinates":[13.10608,51.53639]}},{"type":"Feature","properties":{"CountryName":"Germany","Type of Animal":"Chicken"},"geometry":{"type":"Point","coordinates":[12.54193,51.4476]}},{"type":"Feature","properties":{"CountryName":"Germany","Type of Animal":"Chicken"},"geometry":{"type":"Point","coordinates":[12.52077,51.39637]}},{"type":"Feature","properties":{"CountryName":"Germany","Type of Animal":"Pork"},"geometry":{"type":"Point","coordinates":[13.05754,51.58718]}},{"type":"Feature","properties":{"CountryName":"Germany","Type of Animal":"Chicken"},"geometry":{"type":"Point","coordinates":[12.52876,51.4029]}},{"type":"Feature","properties":{"CountryName":"Germany","Type of Animal":"Chicken"},"geometry":{"type":"Point","coordinates":[12.81921,51.53246]}},{"type":"Feature","properties":{"CountryName":"Germany","Type of Animal":"Pork"},"geometry":{"type":"Point","coordinates":[12.74924,51.50236]}},{"type":"Feature","properties":{"CountryName":"Germany","Type of Animal":"Chicken"},"geometry":{"type":"Point","coordinates":[13.18373,51.34525]}},{"type":"Feature","properties":{"CountryName":"Germany","Type of Animal":"Pork"},"geometry":{"type":"Point","coordinates":[12.95117,51.36431]}},{"type":"Feature","properties":{"CountryName":"Germany","Type of Animal":"Pork"},"geometry":{"type":"Point","coordinates":[12.55802,51.56311]}},{"type":"Feature","properties":{"CountryName":"Germany","Type of Animal":"Pork"},"geometry":{"type":"Point","coordinates":[13.15022,51.28952]}},{"type":"Feature","properties":{"CountryName":"Germany","Type of Animal":"Chicken"},"geometry":{"type":"Point","coordinates":[12.76217,51.5283]}},{"type":"Feature","properties":{"CountryName":"Germany","Type of Animal":"Chicken"},"geometry":{"type":"Point","coordinates":[12.1812,51.45743]}},{"type":"Feature","properties":{"CountryName":"Germany","Type of Animal":"Pork"},"geometry":{"type":"Point","coordinates":[13.0567,51.58654]}},{"type":"Feature","properties":{"CountryName":"Germany","Type of Animal":"Pork"},"geometry":{"type":"Point","coordinates":[13.10136,51.48951]}},{"type":"Feature","properties":{"CountryName":"Germany","Type of Animal":"Pork"},"geometry":{"type":"Point","coordinates":[13.12997,51.33671]}},{"type":"Feature","properties":{"CountryName":"Germany","Type of Animal":"Chicken"},"geometry":{"type":"Point","coordinates":[12.29602,51.43473]}},{"type":"Feature","properties":{"CountryName":"Germany","Type of Animal":"Chicken"},"geometry":{"type":"Point","coordinates":[13.04098,51.35544]}},{"type":"Feature","properties":{"CountryName":"Germany","Type of Animal":"Chicken"},"geometry":{"type":"Point","coordinates":[13.19617,51.3169]}},{"type":"Feature","properties":{"CountryName":"Germany","Type of Animal":"Pork"},"geometry":{"type":"Point","coordinates":[12.95054,51.38742]}},{"type":"Feature","properties":{"CountryName":"Germany","Type of Animal":"Chicken"},"geometry":{"type":"Point","coordinates":[12.29686,51.43059]}},{"type":"Feature","properties":{"CountryName":"Germany","Type of Animal":"Chicken"},"geometry":{"type":"Point","coordinates":[12.30464,51.43353]}},{"type":"Feature","properties":{"CountryName":"Germany","Type of Animal":"Pork"},"geometry":{"type":"Point","coordinates":[13.15591,51.52222]}},{"type":"Feature","properties":{"CountryName":"Germany","Type of Animal":"Pork"},"geometry":{"type":"Point","coordinates":[12.6068,51.10984]}},{"type":"Feature","properties":{"CountryName":"Germany","Type of Animal":"Pork"},"geometry":{"type":"Point","coordinates":[12.65394,51.21333]}},{"type":"Feature","properties":{"CountryName":"Germany","Type of Animal":"Pork"},"geometry":{"type":"Point","coordinates":[12.80822,51.3694]}},{"type":"Feature","properties":{"CountryName":"Germany","Type of Animal":"Pork"},"geometry":{"type":"Point","coordinates":[12.65269,51.05351]}},{"type":"Feature","properties":{"CountryName":"Germany","Type of Animal":"Chicken"},"geometry":{"type":"Point","coordinates":[12.82071,51.28134]}},{"type":"Feature","properties":{"CountryName":"Germany","Type of Animal":"Pork"},"geometry":{"type":"Point","coordinates":[12.26825,51.21278]}},{"type":"Feature","properties":{"CountryName":"Germany","Type of Animal":"Chicken"},"geometry":{"type":"Point","coordinates":[12.62846,51.01293]}},{"type":"Feature","properties":{"CountryName":"Germany","Type of Animal":"Pork"},"geometry":{"type":"Point","coordinates":[12.33922,51.19165]}},{"type":"Feature","properties":{"CountryName":"Germany","Type of Animal":"Chicken"},"geometry":{"type":"Point","coordinates":[12.691,51.37083]}},{"type":"Feature","properties":{"CountryName":"Germany","Type of Animal":"Chicken"},"geometry":{"type":"Point","coordinates":[12.68402,51.35913]}},{"type":"Feature","properties":{"CountryName":"Germany","Type of Animal":"Pork"},"geometry":{"type":"Point","coordinates":[12.7682,51.29371]}},{"type":"Feature","properties":{"CountryName":"Germany","Type of Animal":"Chicken"},"geometry":{"type":"Point","coordinates":[12.64843,51.10567]}},{"type":"Feature","properties":{"CountryName":"Germany","Type of Animal":"Chicken"},"geometry":{"type":"Point","coordinates":[12.6841,51.02681]}},{"type":"Feature","properties":{"CountryName":"Germany","Type of Animal":"Chicken"},"geometry":{"type":"Point","coordinates":[10.77146,51.96607]}},{"type":"Feature","properties":{"CountryName":"Germany","Type of Animal":"Chicken"},"geometry":{"type":"Point","coordinates":[11.50911,52.27256]}},{"type":"Feature","properties":{"CountryName":"Germany","Type of Animal":"Pork"},"geometry":{"type":"Point","coordinates":[10.79497,51.91623]}},{"type":"Feature","properties":{"CountryName":"Germany","Type of Animal":"Chicken"},"geometry":{"type":"Point","coordinates":[11.31997,52.35086]}},{"type":"Feature","properties":{"CountryName":"Germany","Type of Animal":"Chicken"},"geometry":{"type":"Point","coordinates":[11.58666,51.39474]}},{"type":"Feature","properties":{"CountryName":"Germany","Type of Animal":"Chicken"},"geometry":{"type":"Point","coordinates":[11.58219,51.39472]}},{"type":"Feature","properties":{"CountryName":"Germany","Type of Animal":"Chicken"},"geometry":{"type":"Point","coordinates":[11.57766,51.39475]}},{"type":"Feature","properties":{"CountryName":"Germany","Type of Animal":"Chicken"},"geometry":{"type":"Point","coordinates":[10.76898,51.97563]}},{"type":"Feature","properties":{"CountryName":"Germany","Type of Animal":"Chicken"},"geometry":{"type":"Point","coordinates":[12.13547,51.70219]}},{"type":"Feature","properties":{"CountryName":"Germany","Type of Animal":"Pork"},"geometry":{"type":"Point","coordinates":[11.50817,51.21605]}},{"type":"Feature","properties":{"CountryName":"Germany","Type of Animal":"Pork"},"geometry":{"type":"Point","coordinates":[11.54513,51.84653]}},{"type":"Feature","properties":{"CountryName":"Germany","Type of Animal":"Pork"},"geometry":{"type":"Point","coordinates":[11.49282,52.22606]}},{"type":"Feature","properties":{"CountryName":"Germany","Type of Animal":"Pork"},"geometry":{"type":"Point","coordinates":[11.9457,51.32584]}},{"type":"Feature","properties":{"CountryName":"Germany","Type of Animal":"Chicken"},"geometry":{"type":"Point","coordinates":[11.89186,51.60813]}},{"type":"Feature","properties":{"CountryName":"Germany","Type of Animal":"Pork"},"geometry":{"type":"Point","coordinates":[11.13171,52.13474]}},{"type":"Feature","properties":{"CountryName":"Germany","Type of Animal":"Pork"},"geometry":{"type":"Point","coordinates":[11.86042,52.80799]}},{"type":"Feature","properties":{"CountryName":"Germany","Type of Animal":"Pork"},"geometry":{"type":"Point","coordinates":[11.86042,52.80799]}},{"type":"Feature","properties":{"CountryName":"Germany","Type of Animal":"Pork"},"geometry":{"type":"Point","coordinates":[11.26147,51.93081]}},{"type":"Feature","properties":{"CountryName":"Germany","Type of Animal":"Chicken"},"geometry":{"type":"Point","coordinates":[11.58806,51.40881]}},{"type":"Feature","properties":{"CountryName":"Germany","Type of Animal":"Pork"},"geometry":{"type":"Point","coordinates":[11.74667,51.42871]}},{"type":"Feature","properties":{"CountryName":"Germany","Type of Animal":"Pork"},"geometry":{"type":"Point","coordinates":[12.0632,52.69778]}},{"type":"Feature","properties":{"CountryName":"Germany","Type of Animal":"Pork"},"geometry":{"type":"Point","coordinates":[12.0632,52.69778]}},{"type":"Feature","properties":{"CountryName":"Germany","Type of Animal":"Chicken"},"geometry":{"type":"Point","coordinates":[11.58913,51.44131]}},{"type":"Feature","properties":{"CountryName":"Germany","Type of Animal":"Chicken"},"geometry":{"type":"Point","coordinates":[11.35102,52.01155]}},{"type":"Feature","properties":{"CountryName":"Germany","Type of Animal":"Chicken"},"geometry":{"type":"Point","coordinates":[10.78435,51.97288]}},{"type":"Feature","properties":{"CountryName":"Germany","Type of Animal":"Pork"},"geometry":{"type":"Point","coordinates":[11.44657,51.47065]}},{"type":"Feature","properties":{"CountryName":"Germany","Type of Animal":"Chicken"},"geometry":{"type":"Point","coordinates":[11.71308,52.6132]}},{"type":"Feature","properties":{"CountryName":"Germany","Type of Animal":"Chicken"},"geometry":{"type":"Point","coordinates":[11.33053,52.24708]}},{"type":"Feature","properties":{"CountryName":"Germany","Type of Animal":"Pork"},"geometry":{"type":"Point","coordinates":[12.06444,52.24288]}},{"type":"Feature","properties":{"CountryName":"Germany","Type of Animal":"Pork"},"geometry":{"type":"Point","coordinates":[12.83165,51.83802]}},{"type":"Feature","properties":{"CountryName":"Germany","Type of Animal":"Chicken"},"geometry":{"type":"Point","coordinates":[11.35898,52.32075]}},{"type":"Feature","properties":{"CountryName":"Germany","Type of Animal":"Pork"},"geometry":{"type":"Point","coordinates":[11.56801,51.43349]}},{"type":"Feature","properties":{"CountryName":"Germany","Type of Animal":"Pork"},"geometry":{"type":"Point","coordinates":[12.19377,50.97351]}},{"type":"Feature","properties":{"CountryName":"Germany","Type of Animal":"Pork"},"geometry":{"type":"Point","coordinates":[11.36895,52.06018]}},{"type":"Feature","properties":{"CountryName":"Germany","Type of Animal":"Pork"},"geometry":{"type":"Point","coordinates":[11.36895,52.06018]}},{"type":"Feature","properties":{"CountryName":"Germany","Type of Animal":"Pork"},"geometry":{"type":"Point","coordinates":[11.39651,52.84451]}},{"type":"Feature","properties":{"CountryName":"Germany","Type of Animal":"Pork"},"geometry":{"type":"Point","coordinates":[11.39651,52.84451]}},{"type":"Feature","properties":{"CountryName":"Germany","Type of Animal":"Chicken"},"geometry":{"type":"Point","coordinates":[11.48915,52.10201]}},{"type":"Feature","properties":{"CountryName":"Germany","Type of Animal":"Chicken"},"geometry":{"type":"Point","coordinates":[11.62488,51.82567]}},{"type":"Feature","properties":{"CountryName":"Germany","Type of Animal":"Chicken"},"geometry":{"type":"Point","coordinates":[11.80799,52.59977]}},{"type":"Feature","properties":{"CountryName":"Germany","Type of Animal":"Pork"},"geometry":{"type":"Point","coordinates":[11.58857,51.40392]}},{"type":"Feature","properties":{"CountryName":"Germany","Type of Animal":"Pork"},"geometry":{"type":"Point","coordinates":[10.82588,51.94944]}},{"type":"Feature","properties":{"CountryName":"Germany","Type of Animal":"Pork"},"geometry":{"type":"Point","coordinates":[11.20776,51.7895]}},{"type":"Feature","properties":{"CountryName":"Germany","Type of Animal":"Pork"},"geometry":{"type":"Point","coordinates":[11.15374,52.21755]}},{"type":"Feature","properties":{"CountryName":"Germany","Type of Animal":"Pork"},"geometry":{"type":"Point","coordinates":[11.95016,52.58138]}},{"type":"Feature","properties":{"CountryName":"Germany","Type of Animal":"Pork"},"geometry":{"type":"Point","coordinates":[10.8184,51.937]}},{"type":"Feature","properties":{"CountryName":"Germany","Type of Animal":"Pork"},"geometry":{"type":"Point","coordinates":[11.28317,51.83855]}},{"type":"Feature","properties":{"CountryName":"Germany","Type of Animal":"Chicken"},"geometry":{"type":"Point","coordinates":[11.94952,52.17905]}},{"type":"Feature","properties":{"CountryName":"Germany","Type of Animal":"Pork"},"geometry":{"type":"Point","coordinates":[12.06254,52.77533]}},{"type":"Feature","properties":{"CountryName":"Germany","Type of Animal":"Chicken"},"geometry":{"type":"Point","coordinates":[11.51141,51.18663]}},{"type":"Feature","properties":{"CountryName":"Germany","Type of Animal":"Pork"},"geometry":{"type":"Point","coordinates":[11.82988,51.45744]}},{"type":"Feature","properties":{"CountryName":"Germany","Type of Animal":"Pork"},"geometry":{"type":"Point","coordinates":[11.20764,52.11417]}},{"type":"Feature","properties":{"CountryName":"Germany","Type of Animal":"Pork"},"geometry":{"type":"Point","coordinates":[12.25429,52.44666]}},{"type":"Feature","properties":{"CountryName":"Germany","Type of Animal":"Chicken"},"geometry":{"type":"Point","coordinates":[11.98139,52.16167]}},{"type":"Feature","properties":{"CountryName":"Germany","Type of Animal":"Chicken"},"geometry":{"type":"Point","coordinates":[11.98139,52.16167]}},{"type":"Feature","properties":{"CountryName":"Germany","Type of Animal":"Chicken"},"geometry":{"type":"Point","coordinates":[11.98139,52.16167]}},{"type":"Feature","properties":{"CountryName":"Germany","Type of Animal":"Chicken"},"geometry":{"type":"Point","coordinates":[11.98139,52.16167]}},{"type":"Feature","properties":{"CountryName":"Germany","Type of Animal":"Chicken"},"geometry":{"type":"Point","coordinates":[11.98139,52.16167]}},{"type":"Feature","properties":{"CountryName":"Germany","Type of Animal":"Pork"},"geometry":{"type":"Point","coordinates":[11.65607,51.57686]}},{"type":"Feature","properties":{"CountryName":"Germany","Type of Animal":"Chicken"},"geometry":{"type":"Point","coordinates":[12.00776,52.18041]}},{"type":"Feature","properties":{"CountryName":"Germany","Type of Animal":"Chicken"},"geometry":{"type":"Point","coordinates":[11.06321,51.87643]}},{"type":"Feature","properties":{"CountryName":"Germany","Type of Animal":"Chicken"},"geometry":{"type":"Point","coordinates":[11.79891,52.10721]}},{"type":"Feature","properties":{"CountryName":"Germany","Type of Animal":"Pork"},"geometry":{"type":"Point","coordinates":[11.28659,52.67389]}},{"type":"Feature","properties":{"CountryName":"Germany","Type of Animal":"Pork"},"geometry":{"type":"Point","coordinates":[11.01293,52.11278]}},{"type":"Feature","properties":{"CountryName":"Germany","Type of Animal":"Pork"},"geometry":{"type":"Point","coordinates":[11.45656,51.79832]}},{"type":"Feature","properties":{"CountryName":"Germany","Type of Animal":"Pork"},"geometry":{"type":"Point","coordinates":[11.88973,52.11209]}},{"type":"Feature","properties":{"CountryName":"Germany","Type of Animal":"Chicken"},"geometry":{"type":"Point","coordinates":[12.01204,52.30543]}},{"type":"Feature","properties":{"CountryName":"Germany","Type of Animal":"Pork"},"geometry":{"type":"Point","coordinates":[11.31029,52.41947]}},{"type":"Feature","properties":{"CountryName":"Germany","Type of Animal":"Chicken"},"geometry":{"type":"Point","coordinates":[11.63205,51.64177]}},{"type":"Feature","properties":{"CountryName":"Germany","Type of Animal":"Pork"},"geometry":{"type":"Point","coordinates":[11.8181,51.6417]}},{"type":"Feature","properties":{"CountryName":"Germany","Type of Animal":"Pork"},"geometry":{"type":"Point","coordinates":[11.26177,51.85446]}},{"type":"Feature","properties":{"CountryName":"Germany","Type of Animal":"Pork"},"geometry":{"type":"Point","coordinates":[12.03593,52.26177]}},{"type":"Feature","properties":{"CountryName":"Germany","Type of Animal":"Pork"},"geometry":{"type":"Point","coordinates":[12.03593,52.26177]}},{"type":"Feature","properties":{"CountryName":"Germany","Type of Animal":"Pork"},"geometry":{"type":"Point","coordinates":[11.83803,51.99907]}},{"type":"Feature","properties":{"CountryName":"Germany","Type of Animal":"Chicken"},"geometry":{"type":"Point","coordinates":[11.3423,52.28301]}},{"type":"Feature","properties":{"CountryName":"Germany","Type of Animal":"Chicken"},"geometry":{"type":"Point","coordinates":[11.33276,52.29156]}},{"type":"Feature","properties":{"CountryName":"Germany","Type of Animal":"Pork"},"geometry":{"type":"Point","coordinates":[12.09574,52.3176]}},{"type":"Feature","properties":{"CountryName":"Germany","Type of Animal":"Pork"},"geometry":{"type":"Point","coordinates":[12.09574,52.3176]}},{"type":"Feature","properties":{"CountryName":"Germany","Type of Animal":"Chicken"},"geometry":{"type":"Point","coordinates":[12,51.54803]}},{"type":"Feature","properties":{"CountryName":"Germany","Type of Animal":"Chicken"},"geometry":{"type":"Point","coordinates":[12,51.54803]}},{"type":"Feature","properties":{"CountryName":"Germany","Type of Animal":"Chicken"},"geometry":{"type":"Point","coordinates":[12,51.54803]}},{"type":"Feature","properties":{"CountryName":"Germany","Type of Animal":"Chicken"},"geometry":{"type":"Point","coordinates":[12,51.54803]}},{"type":"Feature","properties":{"CountryName":"Germany","Type of Animal":"Chicken"},"geometry":{"type":"Point","coordinates":[12,51.54803]}},{"type":"Feature","properties":{"CountryName":"Germany","Type of Animal":"Chicken"},"geometry":{"type":"Point","coordinates":[12,51.54803]}},{"type":"Feature","properties":{"CountryName":"Germany","Type of Animal":"Chicken"},"geometry":{"type":"Point","coordinates":[11.46785,52.73705]}},{"type":"Feature","properties":{"CountryName":"Germany","Type of Animal":"Chicken"},"geometry":{"type":"Point","coordinates":[12.15188,51.71894]}},{"type":"Feature","properties":{"CountryName":"Germany","Type of Animal":"Pork"},"geometry":{"type":"Point","coordinates":[11.44264,51.88812]}},{"type":"Feature","properties":{"CountryName":"Germany","Type of Animal":"Chicken"},"geometry":{"type":"Point","coordinates":[11.11804,51.53861]}},{"type":"Feature","properties":{"CountryName":"Germany","Type of Animal":"Chicken"},"geometry":{"type":"Point","coordinates":[10.79167,52.0046]}},{"type":"Feature","properties":{"CountryName":"Germany","Type of Animal":"Chicken"},"geometry":{"type":"Point","coordinates":[11.94087,51.61979]}},{"type":"Feature","properties":{"CountryName":"Germany","Type of Animal":"Pork"},"geometry":{"type":"Point","coordinates":[12.01449,51.62149]}},{"type":"Feature","properties":{"CountryName":"Germany","Type of Animal":"Pork"},"geometry":{"type":"Point","coordinates":[12.12956,52.16249]}},{"type":"Feature","properties":{"CountryName":"Germany","Type of Animal":"Chicken"},"geometry":{"type":"Point","coordinates":[11.73384,51.43858]}},{"type":"Feature","properties":{"CountryName":"Germany","Type of Animal":"Pork"},"geometry":{"type":"Point","coordinates":[11.83438,52.55581]}},{"type":"Feature","properties":{"CountryName":"Germany","Type of Animal":"Chicken"},"geometry":{"type":"Point","coordinates":[11.75578,51.75473]}},{"type":"Feature","properties":{"CountryName":"Germany","Type of Animal":"Chicken"},"geometry":{"type":"Point","coordinates":[11.54919,51.43091]}},{"type":"Feature","properties":{"CountryName":"Germany","Type of Animal":"Pork"},"geometry":{"type":"Point","coordinates":[11.47903,51.99371]}},{"type":"Feature","properties":{"CountryName":"Germany","Type of Animal":"Pork"},"geometry":{"type":"Point","coordinates":[11.75231,52.73467]}},{"type":"Feature","properties":{"CountryName":"Germany","Type of Animal":"Pork"},"geometry":{"type":"Point","coordinates":[11.75231,52.73467]}},{"type":"Feature","properties":{"CountryName":"Germany","Type of Animal":"Pork"},"geometry":{"type":"Point","coordinates":[11.75231,52.73467]}},{"type":"Feature","properties":{"CountryName":"Germany","Type of Animal":"Chicken"},"geometry":{"type":"Point","coordinates":[11.48051,51.19874]}},{"type":"Feature","properties":{"CountryName":"Germany","Type of Animal":"Pork"},"geometry":{"type":"Point","coordinates":[11.7736,51.67902]}},{"type":"Feature","properties":{"CountryName":"Germany","Type of Animal":"Pork"},"geometry":{"type":"Point","coordinates":[11.50137,51.45891]}},{"type":"Feature","properties":{"CountryName":"Germany","Type of Animal":"Pork"},"geometry":{"type":"Point","coordinates":[12.19506,50.98861]}},{"type":"Feature","properties":{"CountryName":"Germany","Type of Animal":"Pork"},"geometry":{"type":"Point","coordinates":[12.48325,51.96277]}},{"type":"Feature","properties":{"CountryName":"Germany","Type of Animal":"Pork"},"geometry":{"type":"Point","coordinates":[11.55546,51.16268]}},{"type":"Feature","properties":{"CountryName":"Germany","Type of Animal":"Chicken"},"geometry":{"type":"Point","coordinates":[12.10565,51.31499]}},{"type":"Feature","properties":{"CountryName":"Germany","Type of Animal":"Pork"},"geometry":{"type":"Point","coordinates":[12.02912,51.66257]}},{"type":"Feature","properties":{"CountryName":"Germany","Type of Animal":"Chicken"},"geometry":{"type":"Point","coordinates":[11.46332,51.69374]}},{"type":"Feature","properties":{"CountryName":"Germany","Type of Animal":"Pork"},"geometry":{"type":"Point","coordinates":[11.44776,52.04579]}},{"type":"Feature","properties":{"CountryName":"Germany","Type of Animal":"Chicken"},"geometry":{"type":"Point","coordinates":[11.86173,52.76288]}},{"type":"Feature","properties":{"CountryName":"Germany","Type of Animal":"Pork"},"geometry":{"type":"Point","coordinates":[10.92738,51.87393]}},{"type":"Feature","properties":{"CountryName":"Germany","Type of Animal":"Pork"},"geometry":{"type":"Point","coordinates":[11.52571,52.27799]}},{"type":"Feature","properties":{"CountryName":"Germany","Type of Animal":"Chicken"},"geometry":{"type":"Point","coordinates":[11.07572,51.8102]}},{"type":"Feature","properties":{"CountryName":"Germany","Type of Animal":"Pork"},"geometry":{"type":"Point","coordinates":[12.67322,51.80336]}},{"type":"Feature","properties":{"CountryName":"Germany","Type of Animal":"Pork"},"geometry":{"type":"Point","coordinates":[11.62966,51.12907]}},{"type":"Feature","properties":{"CountryName":"Germany","Type of Animal":"Chicken"},"geometry":{"type":"Point","coordinates":[12.04468,51.75112]}},{"type":"Feature","properties":{"CountryName":"Germany","Type of Animal":"Pork"},"geometry":{"type":"Point","coordinates":[10.99713,52.09728]}},{"type":"Feature","properties":{"CountryName":"Germany","Type of Animal":"Chicken"},"geometry":{"type":"Point","coordinates":[11.05233,51.43745]}},{"type":"Feature","properties":{"CountryName":"Germany","Type of Animal":"Chicken"},"geometry":{"type":"Point","coordinates":[11.98445,51.70933]}},{"type":"Feature","properties":{"CountryName":"Germany","Type of Animal":"Pork"},"geometry":{"type":"Point","coordinates":[11.43732,51.43309]}},{"type":"Feature","properties":{"CountryName":"Germany","Type of Animal":"Chicken"},"geometry":{"type":"Point","coordinates":[11.3782,51.61942]}},{"type":"Feature","properties":{"CountryName":"Germany","Type of Animal":"Pork"},"geometry":{"type":"Point","coordinates":[11.21301,51.46389]}},{"type":"Feature","properties":{"CountryName":"Germany","Type of Animal":"Chicken"},"geometry":{"type":"Point","coordinates":[11.43959,51.60082]}},{"type":"Feature","properties":{"CountryName":"Germany","Type of Animal":"Chicken"},"geometry":{"type":"Point","coordinates":[11.42058,51.71108]}},{"type":"Feature","properties":{"CountryName":"Germany","Type of Animal":"Pork"},"geometry":{"type":"Point","coordinates":[12.75543,51.72721]}},{"type":"Feature","properties":{"CountryName":"Germany","Type of Animal":"Pork"},"geometry":{"type":"Point","coordinates":[11.65095,51.36318]}},{"type":"Feature","properties":{"CountryName":"Germany","Type of Animal":"Pork"},"geometry":{"type":"Point","coordinates":[11.19339,52.12306]}},{"type":"Feature","properties":{"CountryName":"Germany","Type of Animal":"Pork"},"geometry":{"type":"Point","coordinates":[11.67664,51.42691]}},{"type":"Feature","properties":{"CountryName":"Germany","Type of Animal":"Chicken"},"geometry":{"type":"Point","coordinates":[11.84337,51.17384]}},{"type":"Feature","properties":{"CountryName":"Germany","Type of Animal":"Chicken"},"geometry":{"type":"Point","coordinates":[12.11443,52.41723]}},{"type":"Feature","properties":{"CountryName":"Germany","Type of Animal":"Pork"},"geometry":{"type":"Point","coordinates":[11.72054,52.38897]}},{"type":"Feature","properties":{"CountryName":"Germany","Type of Animal":"Pork"},"geometry":{"type":"Point","coordinates":[12.38804,51.9225]}},{"type":"Feature","properties":{"CountryName":"Germany","Type of Animal":"Pork"},"geometry":{"type":"Point","coordinates":[12.38804,51.9225]}},{"type":"Feature","properties":{"CountryName":"Germany","Type of Animal":"Pork"},"geometry":{"type":"Point","coordinates":[12.7103,51.89538]}},{"type":"Feature","properties":{"CountryName":"Germany","Type of Animal":"Chicken"},"geometry":{"type":"Point","coordinates":[10.98856,52.56311]}},{"type":"Feature","properties":{"CountryName":"Germany","Type of Animal":"Pork"},"geometry":{"type":"Point","coordinates":[11.61122,51.60696]}},{"type":"Feature","properties":{"CountryName":"Germany","Type of Animal":"Pork"},"geometry":{"type":"Point","coordinates":[12.42823,51.65587]}},{"type":"Feature","properties":{"CountryName":"Germany","Type of Animal":"Chicken"},"geometry":{"type":"Point","coordinates":[12.08194,51.05711]}},{"type":"Feature","properties":{"CountryName":"Germany","Type of Animal":"Pork"},"geometry":{"type":"Point","coordinates":[11.9697,51.0498]}},{"type":"Feature","properties":{"CountryName":"Germany","Type of Animal":"Chicken"},"geometry":{"type":"Point","coordinates":[11.9665,52.06164]}},{"type":"Feature","properties":{"CountryName":"Germany","Type of Animal":"Pork"},"geometry":{"type":"Point","coordinates":[11.95,51.32589]}},{"type":"Feature","properties":{"CountryName":"Germany","Type of Animal":"Chicken"},"geometry":{"type":"Point","coordinates":[11.69307,52.54789]}},{"type":"Feature","properties":{"CountryName":"Germany","Type of Animal":"Chicken"},"geometry":{"type":"Point","coordinates":[12.12138,52.74986]}},{"type":"Feature","properties":{"CountryName":"Germany","Type of Animal":"Pork"},"geometry":{"type":"Point","coordinates":[12.14155,51.65864]}},{"type":"Feature","properties":{"CountryName":"Germany","Type of Animal":"Pork"},"geometry":{"type":"Point","coordinates":[11.843,51.39516]}},{"type":"Feature","properties":{"CountryName":"Germany","Type of Animal":"Chicken"},"geometry":{"type":"Point","coordinates":[11.90333,51.69302]}},{"type":"Feature","properties":{"CountryName":"Germany","Type of Animal":"Chicken"},"geometry":{"type":"Point","coordinates":[11.94857,51.72504]}},{"type":"Feature","properties":{"CountryName":"Germany","Type of Animal":"Chicken"},"geometry":{"type":"Point","coordinates":[11.92891,51.79469]}},{"type":"Feature","properties":{"CountryName":"Germany","Type of Animal":"Chicken"},"geometry":{"type":"Point","coordinates":[11.47014,51.95928]}},{"type":"Feature","properties":{"CountryName":"Germany","Type of Animal":"Pork"},"geometry":{"type":"Point","coordinates":[12.15879,52.20786]}},{"type":"Feature","properties":{"CountryName":"Germany","Type of Animal":"Chicken"},"geometry":{"type":"Point","coordinates":[11.99759,51.56969]}},{"type":"Feature","properties":{"CountryName":"Germany","Type of Animal":"Chicken"},"geometry":{"type":"Point","coordinates":[11.99759,51.56969]}},{"type":"Feature","properties":{"CountryName":"Germany","Type of Animal":"Chicken"},"geometry":{"type":"Point","coordinates":[11.99759,51.56969]}},{"type":"Feature","properties":{"CountryName":"Germany","Type of Animal":"Chicken"},"geometry":{"type":"Point","coordinates":[11.99759,51.56969]}},{"type":"Feature","properties":{"CountryName":"Germany","Type of Animal":"Chicken"},"geometry":{"type":"Point","coordinates":[11.99759,51.56969]}},{"type":"Feature","properties":{"CountryName":"Germany","Type of Animal":"Pork"},"geometry":{"type":"Point","coordinates":[11.72616,51.95229]}},{"type":"Feature","properties":{"CountryName":"Germany","Type of Animal":"Pork"},"geometry":{"type":"Point","coordinates":[12.0707,52.08848]}},{"type":"Feature","properties":{"CountryName":"Germany","Type of Animal":"Chicken"},"geometry":{"type":"Point","coordinates":[11.94915,51.96663]}},{"type":"Feature","properties":{"CountryName":"Germany","Type of Animal":"Chicken"},"geometry":{"type":"Point","coordinates":[11.11169,52.82226]}},{"type":"Feature","properties":{"CountryName":"Germany","Type of Animal":"Chicken"},"geometry":{"type":"Point","coordinates":[11.88793,51.79746]}},{"type":"Feature","properties":{"CountryName":"Germany","Type of Animal":"Pork"},"geometry":{"type":"Point","coordinates":[12.06486,51.88583]}},{"type":"Feature","properties":{"CountryName":"Germany","Type of Animal":"Pork"},"geometry":{"type":"Point","coordinates":[11.81381,51.26822]}},{"type":"Feature","properties":{"CountryName":"Germany","Type of Animal":"Chicken"},"geometry":{"type":"Point","coordinates":[11.12704,51.80761]}},{"type":"Feature","properties":{"CountryName":"Germany","Type of Animal":"Chicken"},"geometry":{"type":"Point","coordinates":[12.10864,51.92142]}},{"type":"Feature","properties":{"CountryName":"Germany","Type of Animal":"Chicken"},"geometry":{"type":"Point","coordinates":[11.93885,51.71041]}},{"type":"Feature","properties":{"CountryName":"Germany","Type of Animal":"Chicken"},"geometry":{"type":"Point","coordinates":[12.14275,52.4119]}},{"type":"Feature","properties":{"CountryName":"Germany","Type of Animal":"Pork"},"geometry":{"type":"Point","coordinates":[11.46832,51.43249]}},{"type":"Feature","properties":{"CountryName":"Germany","Type of Animal":"Chicken"},"geometry":{"type":"Point","coordinates":[11.04206,52.07123]}},{"type":"Feature","properties":{"CountryName":"Germany","Type of Animal":"Chicken"},"geometry":{"type":"Point","coordinates":[11.97874,51.71994]}},{"type":"Feature","properties":{"CountryName":"Germany","Type of Animal":"Pork"},"geometry":{"type":"Point","coordinates":[13.09156,51.8015]}},{"type":"Feature","properties":{"CountryName":"Germany","Type of Animal":"Pork"},"geometry":{"type":"Point","coordinates":[11.8729,52.00026]}},{"type":"Feature","properties":{"CountryName":"Germany","Type of Animal":"Chicken"},"geometry":{"type":"Point","coordinates":[12.10152,52.10185]}},{"type":"Feature","properties":{"CountryName":"Germany","Type of Animal":"Chicken"},"geometry":{"type":"Point","coordinates":[12.1452,52.11793]}},{"type":"Feature","properties":{"CountryName":"Germany","Type of Animal":"Chicken"},"geometry":{"type":"Point","coordinates":[12.13847,52.1087]}},{"type":"Feature","properties":{"CountryName":"Germany","Type of Animal":"Chicken"},"geometry":{"type":"Point","coordinates":[11.95435,52.01157]}},{"type":"Feature","properties":{"CountryName":"Germany","Type of Animal":"Pork"},"geometry":{"type":"Point","coordinates":[12.78242,51.86526]}},{"type":"Feature","properties":{"CountryName":"Germany","Type of Animal":"Chicken"},"geometry":{"type":"Point","coordinates":[12.01921,52.12176]}},{"type":"Feature","properties":{"CountryName":"Germany","Type of Animal":"Chicken"},"geometry":{"type":"Point","coordinates":[12.02067,52.1214]}},{"type":"Feature","properties":{"CountryName":"Germany","Type of Animal":"Pork"},"geometry":{"type":"Point","coordinates":[12.96096,51.7521]}},{"type":"Feature","properties":{"CountryName":"Germany","Type of Animal":"Pork"},"geometry":{"type":"Point","coordinates":[11.56192,51.81595]}},{"type":"Feature","properties":{"CountryName":"Germany","Type of Animal":"Pork"},"geometry":{"type":"Point","coordinates":[11.27509,52.5892]}},{"type":"Feature","properties":{"CountryName":"Germany","Type of Animal":"Pork"},"geometry":{"type":"Point","coordinates":[11.31202,51.96387]}},{"type":"Feature","properties":{"CountryName":"Germany","Type of Animal":"Chicken"},"geometry":{"type":"Point","coordinates":[11.34215,52.43675]}},{"type":"Feature","properties":{"CountryName":"Germany","Type of Animal":"Chicken"},"geometry":{"type":"Point","coordinates":[12.31923,51.7319]}},{"type":"Feature","properties":{"CountryName":"Germany","Type of Animal":"Pork"},"geometry":{"type":"Point","coordinates":[10.97145,52.59546]}},{"type":"Feature","properties":{"CountryName":"Germany","Type of Animal":"Pork"},"geometry":{"type":"Point","coordinates":[11.49994,51.57999]}},{"type":"Feature","properties":{"CountryName":"Germany","Type of Animal":"Pork"},"geometry":{"type":"Point","coordinates":[11.49994,51.57999]}},{"type":"Feature","properties":{"CountryName":"Germany","Type of Animal":"Chicken"},"geometry":{"type":"Point","coordinates":[11.89032,51.91143]}},{"type":"Feature","properties":{"CountryName":"Germany","Type of Animal":"Pork"},"geometry":{"type":"Point","coordinates":[11.72625,52.34994]}},{"type":"Feature","properties":{"CountryName":"Germany","Type of Animal":"Chicken"},"geometry":{"type":"Point","coordinates":[11.5085,52.52339]}},{"type":"Feature","properties":{"CountryName":"Germany","Type of Animal":"Chicken"},"geometry":{"type":"Point","coordinates":[11.55523,52.26323]}},{"type":"Feature","properties":{"CountryName":"Germany","Type of Animal":"Pork"},"geometry":{"type":"Point","coordinates":[10.9901,51.97949]}},{"type":"Feature","properties":{"CountryName":"Germany","Type of Animal":"Chicken"},"geometry":{"type":"Point","coordinates":[10.92762,52.84207]}},{"type":"Feature","properties":{"CountryName":"Germany","Type of Animal":"Pork"},"geometry":{"type":"Point","coordinates":[11.72793,51.3424]}},{"type":"Feature","properties":{"CountryName":"Germany","Type of Animal":"Chicken"},"geometry":{"type":"Point","coordinates":[10.76871,51.98097]}},{"type":"Feature","properties":{"CountryName":"Germany","Type of Animal":"Chicken"},"geometry":{"type":"Point","coordinates":[11.82211,52.09332]}},{"type":"Feature","properties":{"CountryName":"Germany","Type of Animal":"Chicken"},"geometry":{"type":"Point","coordinates":[11.96145,52.06138]}},{"type":"Feature","properties":{"CountryName":"Germany","Type of Animal":"Pork"},"geometry":{"type":"Point","coordinates":[11.25464,52.77343]}},{"type":"Feature","properties":{"CountryName":"Germany","Type of Animal":"Pork"},"geometry":{"type":"Point","coordinates":[11.48616,51.91086]}},{"type":"Feature","properties":{"CountryName":"Germany","Type of Animal":"Chicken"},"geometry":{"type":"Point","coordinates":[12.11011,51.79897]}},{"type":"Feature","properties":{"CountryName":"Germany","Type of Animal":"Pork"},"geometry":{"type":"Point","coordinates":[11.71413,52.79087]}},{"type":"Feature","properties":{"CountryName":"Germany","Type of Animal":"Pork"},"geometry":{"type":"Point","coordinates":[10.76486,51.92557]}},{"type":"Feature","properties":{"CountryName":"Germany","Type of Animal":"Chicken"},"geometry":{"type":"Point","coordinates":[11.8607,52.25894]}},{"type":"Feature","properties":{"CountryName":"Germany","Type of Animal":"Chicken"},"geometry":{"type":"Point","coordinates":[12.2794,52.04642]}},{"type":"Feature","properties":{"CountryName":"Germany","Type of Animal":"Pork"},"geometry":{"type":"Point","coordinates":[11.24139,51.74269]}},{"type":"Feature","properties":{"CountryName":"Germany","Type of Animal":"Chicken"},"geometry":{"type":"Point","coordinates":[11.47333,52.7426]}},{"type":"Feature","properties":{"CountryName":"Germany","Type of Animal":"Chicken"},"geometry":{"type":"Point","coordinates":[10.97321,52.56342]}},{"type":"Feature","properties":{"CountryName":"Germany","Type of Animal":"Pork"},"geometry":{"type":"Point","coordinates":[11.02601,52.83459]}},{"type":"Feature","properties":{"CountryName":"Germany","Type of Animal":"Pork"},"geometry":{"type":"Point","coordinates":[11.02601,52.83459]}},{"type":"Feature","properties":{"CountryName":"Germany","Type of Animal":"Pork"},"geometry":{"type":"Point","coordinates":[11.67458,51.55923]}},{"type":"Feature","properties":{"CountryName":"Germany","Type of Animal":"Chicken"},"geometry":{"type":"Point","coordinates":[11.36843,51.95277]}},{"type":"Feature","properties":{"CountryName":"Germany","Type of Animal":"Chicken"},"geometry":{"type":"Point","coordinates":[10.66884,52.00775]}},{"type":"Feature","properties":{"CountryName":"Germany","Type of Animal":"Pork"},"geometry":{"type":"Point","coordinates":[11.55924,51.81501]}},{"type":"Feature","properties":{"CountryName":"Germany","Type of Animal":"Pork"},"geometry":{"type":"Point","coordinates":[11.55924,51.81501]}},{"type":"Feature","properties":{"CountryName":"Germany","Type of Animal":"Pork"},"geometry":{"type":"Point","coordinates":[12.92723,51.88273]}},{"type":"Feature","properties":{"CountryName":"Germany","Type of Animal":"Pork"},"geometry":{"type":"Point","coordinates":[12.91727,51.90712]}},{"type":"Feature","properties":{"CountryName":"Germany","Type of Animal":"Chicken"},"geometry":{"type":"Point","coordinates":[11.92585,52.18132]}},{"type":"Feature","properties":{"CountryName":"Germany","Type of Animal":"Chicken"},"geometry":{"type":"Point","coordinates":[10.72109,51.90033]}},{"type":"Feature","properties":{"CountryName":"Germany","Type of Animal":"Pork"},"geometry":{"type":"Point","coordinates":[11.19291,52.505]}},{"type":"Feature","properties":{"CountryName":"Germany","Type of Animal":"Pork"},"geometry":{"type":"Point","coordinates":[11.24185,51.7441]}},{"type":"Feature","properties":{"CountryName":"Germany","Type of Animal":"Chicken"},"geometry":{"type":"Point","coordinates":[11.61315,51.74497]}},{"type":"Feature","properties":{"CountryName":"Germany","Type of Animal":"Chicken"},"geometry":{"type":"Point","coordinates":[11.23056,52.49872]}},{"type":"Feature","properties":{"CountryName":"Germany","Type of Animal":"Pork"},"geometry":{"type":"Point","coordinates":[11.62996,52.79369]}},{"type":"Feature","properties":{"CountryName":"Germany","Type of Animal":"Pork"},"geometry":{"type":"Point","coordinates":[11.24162,51.49973]}},{"type":"Feature","properties":{"CountryName":"Germany","Type of Animal":"Pork"},"geometry":{"type":"Point","coordinates":[11.67487,51.92744]}},{"type":"Feature","properties":{"CountryName":"Germany","Type of Animal":"Chicken"},"geometry":{"type":"Point","coordinates":[11.6715,52.54245]}},{"type":"Feature","properties":{"CountryName":"Germany","Type of Animal":"Chicken"},"geometry":{"type":"Point","coordinates":[11.07614,51.80845]}},{"type":"Feature","properties":{"CountryName":"Germany","Type of Animal":"Pork"},"geometry":{"type":"Point","coordinates":[11.72597,51.93387]}},{"type":"Feature","properties":{"CountryName":"Germany","Type of Animal":"Pork"},"geometry":{"type":"Point","coordinates":[12.24675,51.97618]}},{"type":"Feature","properties":{"CountryName":"Germany","Type of Animal":"Pork"},"geometry":{"type":"Point","coordinates":[10.65749,51.05608]}},{"type":"Feature","properties":{"CountryName":"Germany","Type of Animal":"Pork"},"geometry":{"type":"Point","coordinates":[10.95445,51.28684]}},{"type":"Feature","properties":{"CountryName":"Germany","Type of Animal":"Chicken"},"geometry":{"type":"Point","coordinates":[12.37373,50.95931]}},{"type":"Feature","properties":{"CountryName":"Germany","Type of Animal":"Chicken"},"geometry":{"type":"Point","coordinates":[10.82973,50.92273]}},{"type":"Feature","properties":{"CountryName":"Germany","Type of Animal":"Pork"},"geometry":{"type":"Point","coordinates":[10.63311,51.046]}},{"type":"Feature","properties":{"CountryName":"Germany","Type of Animal":"Chicken"},"geometry":{"type":"Point","coordinates":[11.28325,51.14838]}},{"type":"Feature","properties":{"CountryName":"Germany","Type of Animal":"Pork"},"geometry":{"type":"Point","coordinates":[12.369,50.9271]}},{"type":"Feature","properties":{"CountryName":"Germany","Type of Animal":"Pork"},"geometry":{"type":"Point","coordinates":[12.38772,51.03896]}},{"type":"Feature","properties":{"CountryName":"Germany","Type of Animal":"Pork"},"geometry":{"type":"Point","coordinates":[12.61267,50.96033]}},{"type":"Feature","properties":{"CountryName":"Germany","Type of Animal":"Pork"},"geometry":{"type":"Point","coordinates":[12.25997,50.88427]}},{"type":"Feature","properties":{"CountryName":"Germany","Type of Animal":"Pork"},"geometry":{"type":"Point","coordinates":[12.63269,50.92579]}},{"type":"Feature","properties":{"CountryName":"Germany","Type of Animal":"Chicken"},"geometry":{"type":"Point","coordinates":[12.29667,51.06979]}},{"type":"Feature","properties":{"CountryName":"Germany","Type of Animal":"Chicken"},"geometry":{"type":"Point","coordinates":[12.39875,50.89528]}},{"type":"Feature","properties":{"CountryName":"Germany","Type of Animal":"Pork"},"geometry":{"type":"Point","coordinates":[10.44871,51.35142]}},{"type":"Feature","properties":{"CountryName":"Germany","Type of Animal":"Pork"},"geometry":{"type":"Point","coordinates":[10.44871,51.35142]}},{"type":"Feature","properties":{"CountryName":"Germany","Type of Animal":"Pork"},"geometry":{"type":"Point","coordinates":[9.95488,51.36854]}},{"type":"Feature","properties":{"CountryName":"Germany","Type of Animal":"Pork"},"geometry":{"type":"Point","coordinates":[9.95488,51.36854]}},{"type":"Feature","properties":{"CountryName":"Germany","Type of Animal":"Pork"},"geometry":{"type":"Point","coordinates":[10.4426,51.42611]}},{"type":"Feature","properties":{"CountryName":"Germany","Type of Animal":"Chicken"},"geometry":{"type":"Point","coordinates":[10.42252,51.41836]}},{"type":"Feature","properties":{"CountryName":"Germany","Type of Animal":"Chicken"},"geometry":{"type":"Point","coordinates":[10.01373,51.3809]}},{"type":"Feature","properties":{"CountryName":"Germany","Type of Animal":"Chicken"},"geometry":{"type":"Point","coordinates":[10.82876,50.89305]}},{"type":"Feature","properties":{"CountryName":"Germany","Type of Animal":"Pork"},"geometry":{"type":"Point","coordinates":[10.78194,50.99883]}},{"type":"Feature","properties":{"CountryName":"Germany","Type of Animal":"Pork"},"geometry":{"type":"Point","coordinates":[10.56479,50.94945]}},{"type":"Feature","properties":{"CountryName":"Germany","Type of Animal":"Pork"},"geometry":{"type":"Point","coordinates":[10.59622,50.92187]}},{"type":"Feature","properties":{"CountryName":"Germany","Type of Animal":"Pork"},"geometry":{"type":"Point","coordinates":[10.71205,51.02757]}},{"type":"Feature","properties":{"CountryName":"Germany","Type of Animal":"Chicken"},"geometry":{"type":"Point","coordinates":[10.8686,50.89165]}},{"type":"Feature","properties":{"CountryName":"Germany","Type of Animal":"Pork"},"geometry":{"type":"Point","coordinates":[12.20892,50.90952]}},{"type":"Feature","properties":{"CountryName":"Germany","Type of Animal":"Chicken"},"geometry":{"type":"Point","coordinates":[12.17779,50.76395]}},{"type":"Feature","properties":{"CountryName":"Germany","Type of Animal":"Pork"},"geometry":{"type":"Point","coordinates":[12.18914,50.93922]}},{"type":"Feature","properties":{"CountryName":"Germany","Type of Animal":"Pork"},"geometry":{"type":"Point","coordinates":[12.15693,50.67229]}},{"type":"Feature","properties":{"CountryName":"Germany","Type of Animal":"Pork"},"geometry":{"type":"Point","coordinates":[12.21894,50.83454]}},{"type":"Feature","properties":{"CountryName":"Germany","Type of Animal":"Pork"},"geometry":{"type":"Point","coordinates":[12.20461,50.89964]}},{"type":"Feature","properties":{"CountryName":"Germany","Type of Animal":"Pork"},"geometry":{"type":"Point","coordinates":[12.11029,50.68987]}},{"type":"Feature","properties":{"CountryName":"Germany","Type of Animal":"Pork"},"geometry":{"type":"Point","coordinates":[10.76873,50.49824]}},{"type":"Feature","properties":{"CountryName":"Germany","Type of Animal":"Pork"},"geometry":{"type":"Point","coordinates":[10.6903,50.35938]}},{"type":"Feature","properties":{"CountryName":"Germany","Type of Animal":"Pork"},"geometry":{"type":"Point","coordinates":[10.56097,50.40236]}},{"type":"Feature","properties":{"CountryName":"Germany","Type of Animal":"Chicken"},"geometry":{"type":"Point","coordinates":[10.96853,50.85515]}},{"type":"Feature","properties":{"CountryName":"Germany","Type of Animal":"Pork"},"geometry":{"type":"Point","coordinates":[11.11272,50.81924]}},{"type":"Feature","properties":{"CountryName":"Germany","Type of Animal":"Pork"},"geometry":{"type":"Point","coordinates":[11.02094,50.84493]}},{"type":"Feature","properties":{"CountryName":"Germany","Type of Animal":"Pork"},"geometry":{"type":"Point","coordinates":[10.72734,51.36968]}},{"type":"Feature","properties":{"CountryName":"Germany","Type of Animal":"Chicken"},"geometry":{"type":"Point","coordinates":[10.94471,51.24194]}},{"type":"Feature","properties":{"CountryName":"Germany","Type of Animal":"Pork"},"geometry":{"type":"Point","coordinates":[10.93082,51.34429]}},{"type":"Feature","properties":{"CountryName":"Germany","Type of Animal":"Pork"},"geometry":{"type":"Point","coordinates":[11.36584,51.34961]}},{"type":"Feature","properties":{"CountryName":"Germany","Type of Animal":"Pork"},"geometry":{"type":"Point","coordinates":[11.2503,51.28451]}},{"type":"Feature","properties":{"CountryName":"Germany","Type of Animal":"Pork"},"geometry":{"type":"Point","coordinates":[11.27622,51.27143]}},{"type":"Feature","properties":{"CountryName":"Germany","Type of Animal":"Pork"},"geometry":{"type":"Point","coordinates":[11.38247,51.37142]}},{"type":"Feature","properties":{"CountryName":"Germany","Type of Animal":"Chicken"},"geometry":{"type":"Point","coordinates":[11.39523,51.27701]}},{"type":"Feature","properties":{"CountryName":"Germany","Type of Animal":"Pork"},"geometry":{"type":"Point","coordinates":[10.73184,51.24136]}},{"type":"Feature","properties":{"CountryName":"Germany","Type of Animal":"Pork"},"geometry":{"type":"Point","coordinates":[11.18863,51.2767]}},{"type":"Feature","properties":{"CountryName":"Germany","Type of Animal":"Pork"},"geometry":{"type":"Point","coordinates":[10.62247,51.33905]}},{"type":"Feature","properties":{"CountryName":"Germany","Type of Animal":"Pork"},"geometry":{"type":"Point","coordinates":[10.76266,51.25678]}},{"type":"Feature","properties":{"CountryName":"Germany","Type of Animal":"Pork"},"geometry":{"type":"Point","coordinates":[10.81242,51.45252]}},{"type":"Feature","properties":{"CountryName":"Germany","Type of Animal":"Pork"},"geometry":{"type":"Point","coordinates":[10.78931,51.48036]}},{"type":"Feature","properties":{"CountryName":"Germany","Type of Animal":"Pork"},"geometry":{"type":"Point","coordinates":[10.78931,51.48036]}},{"type":"Feature","properties":{"CountryName":"Germany","Type of Animal":"Chicken"},"geometry":{"type":"Point","coordinates":[11.81449,50.93276]}},{"type":"Feature","properties":{"CountryName":"Germany","Type of Animal":"Chicken"},"geometry":{"type":"Point","coordinates":[11.80582,50.91539]}},{"type":"Feature","properties":{"CountryName":"Germany","Type of Animal":"Pork"},"geometry":{"type":"Point","coordinates":[11.95141,50.99608]}},{"type":"Feature","properties":{"CountryName":"Germany","Type of Animal":"Pork"},"geometry":{"type":"Point","coordinates":[11.72729,50.92243]}},{"type":"Feature","properties":{"CountryName":"Germany","Type of Animal":"Pork"},"geometry":{"type":"Point","coordinates":[11.80459,50.86685]}},{"type":"Feature","properties":{"CountryName":"Germany","Type of Animal":"Chicken"},"geometry":{"type":"Point","coordinates":[11.82733,50.92559]}},{"type":"Feature","properties":{"CountryName":"Germany","Type of Animal":"Pork"},"geometry":{"type":"Point","coordinates":[11.8388,51.04174]}},{"type":"Feature","properties":{"CountryName":"Germany","Type of Animal":"Chicken"},"geometry":{"type":"Point","coordinates":[11.55555,50.49572]}},{"type":"Feature","properties":{"CountryName":"Germany","Type of Animal":"Chicken"},"geometry":{"type":"Point","coordinates":[11.53703,50.70294]}},{"type":"Feature","properties":{"CountryName":"Germany","Type of Animal":"Pork"},"geometry":{"type":"Point","coordinates":[11.56182,50.54837]}},{"type":"Feature","properties":{"CountryName":"Germany","Type of Animal":"Pork"},"geometry":{"type":"Point","coordinates":[11.91457,50.49895]}},{"type":"Feature","properties":{"CountryName":"Germany","Type of Animal":"Pork"},"geometry":{"type":"Point","coordinates":[11.91457,50.49895]}},{"type":"Feature","properties":{"CountryName":"Germany","Type of Animal":"Pork"},"geometry":{"type":"Point","coordinates":[11.52846,50.4841]}},{"type":"Feature","properties":{"CountryName":"Germany","Type of Animal":"Pork"},"geometry":{"type":"Point","coordinates":[11.52846,50.4841]}},{"type":"Feature","properties":{"CountryName":"Germany","Type of Animal":"Pork"},"geometry":{"type":"Point","coordinates":[11.4142,50.66544]}},{"type":"Feature","properties":{"CountryName":"Germany","Type of Animal":"Chicken"},"geometry":{"type":"Point","coordinates":[11.33912,50.75547]}},{"type":"Feature","properties":{"CountryName":"Germany","Type of Animal":"Pork"},"geometry":{"type":"Point","coordinates":[11.21867,50.76327]}},{"type":"Feature","properties":{"CountryName":"Germany","Type of Animal":"Pork"},"geometry":{"type":"Point","coordinates":[11.31211,50.5969]}},{"type":"Feature","properties":{"CountryName":"Germany","Type of Animal":"Chicken"},"geometry":{"type":"Point","coordinates":[10.53129,50.59339]}},{"type":"Feature","properties":{"CountryName":"Germany","Type of Animal":"Chicken"},"geometry":{"type":"Point","coordinates":[10.53129,50.59339]}},{"type":"Feature","properties":{"CountryName":"Germany","Type of Animal":"Pork"},"geometry":{"type":"Point","coordinates":[10.36218,50.61541]}},{"type":"Feature","properties":{"CountryName":"Germany","Type of Animal":"Pork"},"geometry":{"type":"Point","coordinates":[10.43531,50.53148]}},{"type":"Feature","properties":{"CountryName":"Germany","Type of Animal":"Pork"},"geometry":{"type":"Point","coordinates":[10.34655,50.61884]}},{"type":"Feature","properties":{"CountryName":"Germany","Type of Animal":"Chicken"},"geometry":{"type":"Point","coordinates":[11.18623,51.0392]}},{"type":"Feature","properties":{"CountryName":"Germany","Type of Animal":"Pork"},"geometry":{"type":"Point","coordinates":[11.1089,51.14278]}},{"type":"Feature","properties":{"CountryName":"Germany","Type of Animal":"Pork"},"geometry":{"type":"Point","coordinates":[11.15065,51.10277]}},{"type":"Feature","properties":{"CountryName":"Germany","Type of Animal":"Chicken"},"geometry":{"type":"Point","coordinates":[11.02433,51.17873]}},{"type":"Feature","properties":{"CountryName":"Germany","Type of Animal":"Pork"},"geometry":{"type":"Point","coordinates":[10.96115,51.10735]}},{"type":"Feature","properties":{"CountryName":"Germany","Type of Animal":"Pork"},"geometry":{"type":"Point","coordinates":[10.96115,51.10735]}},{"type":"Feature","properties":{"CountryName":"Germany","Type of Animal":"Pork"},"geometry":{"type":"Point","coordinates":[11.17477,51.18744]}},{"type":"Feature","properties":{"CountryName":"Germany","Type of Animal":"Chicken"},"geometry":{"type":"Point","coordinates":[11.36448,51.1287]}},{"type":"Feature","properties":{"CountryName":"Germany","Type of Animal":"Chicken"},"geometry":{"type":"Point","coordinates":[10.64083,51.2234]}},{"type":"Feature","properties":{"CountryName":"Germany","Type of Animal":"Pork"},"geometry":{"type":"Point","coordinates":[10.62994,51.18233]}},{"type":"Feature","properties":{"CountryName":"Germany","Type of Animal":"Pork"},"geometry":{"type":"Point","coordinates":[10.5893,51.2268]}},{"type":"Feature","properties":{"CountryName":"Germany","Type of Animal":"Pork"},"geometry":{"type":"Point","coordinates":[10.71967,51.1598]}},{"type":"Feature","properties":{"CountryName":"Germany","Type of Animal":"Pork"},"geometry":{"type":"Point","coordinates":[10.3858,51.23984]}},{"type":"Feature","properties":{"CountryName":"Germany","Type of Animal":"Pork"},"geometry":{"type":"Point","coordinates":[10.3858,51.23984]}},{"type":"Feature","properties":{"CountryName":"Germany","Type of Animal":"Pork"},"geometry":{"type":"Point","coordinates":[10.5272,51.2111]}},{"type":"Feature","properties":{"CountryName":"Germany","Type of Animal":"Chicken"},"geometry":{"type":"Point","coordinates":[10.47002,51.24693]}},{"type":"Feature","properties":{"CountryName":"Germany","Type of Animal":"Chicken"},"geometry":{"type":"Point","coordinates":[10.41705,51.22584]}},{"type":"Feature","properties":{"CountryName":"Germany","Type of Animal":"Pork"},"geometry":{"type":"Point","coordinates":[10.77624,51.16103]}},{"type":"Feature","properties":{"CountryName":"Germany","Type of Animal":"Chicken"},"geometry":{"type":"Point","coordinates":[10.67025,51.25246]}},{"type":"Feature","properties":{"CountryName":"Germany","Type of Animal":"Chicken"},"geometry":{"type":"Point","coordinates":[10.64089,51.22384]}},{"type":"Feature","properties":{"CountryName":"Germany","Type of Animal":"Chicken"},"geometry":{"type":"Point","coordinates":[10.26163,51.01121]}},{"type":"Feature","properties":{"CountryName":"Germany","Type of Animal":"Pork"},"geometry":{"type":"Point","coordinates":[10.49522,51.00595]}},{"type":"Feature","properties":{"CountryName":"Germany","Type of Animal":"Pork"},"geometry":{"type":"Point","coordinates":[11.19332,51.00132]}},{"type":"Feature","properties":{"CountryName":"Germany","Type of Animal":"Chicken"},"geometry":{"type":"Point","coordinates":[11.23217,51.03745]}},{"type":"Feature","properties":{"CountryName":"Germany","Type of Animal":"Pork"},"geometry":{"type":"Point","coordinates":[11.42604,50.86695]}},{"type":"Feature","properties":{"CountryName":"Germany","Type of Animal":"Pork"},"geometry":{"type":"Point","coordinates":[11.53797,50.99689]}},{"type":"Feature","properties":{"CountryName":"Germany","Type of Animal":"Pork"},"geometry":{"type":"Point","coordinates":[11.33789,51.04285]}},{"type":"Feature","properties":{"CountryName":"Germany","Type of Animal":"Pork"},"geometry":{"type":"Point","coordinates":[11.24632,51.08841]}},{"type":"Feature","properties":{"CountryName":"Germany","Type of Animal":"Pork"},"geometry":{"type":"Point","coordinates":[11.60656,51.07202]}},{"type":"Feature","properties":{"CountryName":"Germany","Type of Animal":"Chicken"},"geometry":{"type":"Point","coordinates":[11.22558,51.0401]}},{"type":"Feature","properties":{"CountryName":"Germany","Type of Animal":"Chicken"},"geometry":{"type":"Point","coordinates":[11.20863,51.0549]}},{"type":"Feature","properties":{"CountryName":"Germany","Type of Animal":"Chicken"},"geometry":{"type":"Point","coordinates":[11.22551,51.03569]}},{"type":"Feature","properties":{"CountryName":"Germany","Type of Animal":"Pork"},"geometry":{"type":"Point","coordinates":[11.45893,51.09318]}}]}