{"type":"FeatureCollection","features":[{"type":"Feature","properties":{"CountryName":"France","Type of Animal":"Pigs"},"geometry":{"type":"Point","coordinates":[-0.85839,44.77444]}},{"type":"Feature","properties":{"CountryName":"France","Type of Animal":"Pigs"},"geometry":{"type":"Point","coordinates":[1.76704,46.68755]}},{"type":"Feature","properties":{"CountryName":"France","Type of Animal":"Pigs"},"geometry":{"type":"Point","coordinates":[-0.45417,43.6133]}},{"type":"Feature","properties":{"CountryName":"France","Type of Animal":"Pigs"},"geometry":{"type":"Point","coordinates":[-0.26294,43.70241]}},{"type":"Feature","properties":{"CountryName":"France","Type of Animal":"Pigs"},"geometry":{"type":"Point","coordinates":[5.4664,45.7669]}},{"type":"Feature","properties":{"CountryName":"France","Type of Animal":"Pigs"},"geometry":{"type":"Point","coordinates":[4.9509,46.2123]}},{"type":"Feature","properties":{"CountryName":"France","Type of Animal":"Pigs"},"geometry":{"type":"Point","coordinates":[5.06471,46.274]}},{"type":"Feature","properties":{"CountryName":"France","Type of Animal":"Pigs"},"geometry":{"type":"Point","coordinates":[5.2818,46.42433]}},{"type":"Feature","properties":{"CountryName":"France","Type of Animal":"Pigs"},"geometry":{"type":"Point","coordinates":[5.1667,46.3905]}},{"type":"Feature","properties":{"CountryName":"France","Type of Animal":"Pigs"},"geometry":{"type":"Point","coordinates":[5.21419,46.37957]}},{"type":"Feature","properties":{"CountryName":"France","Type of Animal":"Pigs"},"geometry":{"type":"Point","coordinates":[5.23031,46.39863]}},{"type":"Feature","properties":{"CountryName":"France","Type of Animal":"Pigs"},"geometry":{"type":"Point","coordinates":[5.14645,46.25497]}},{"type":"Feature","properties":{"CountryName":"France","Type of Animal":"Pigs"},"geometry":{"type":"Point","coordinates":[5.112,46.23697]}},{"type":"Feature","properties":{"CountryName":"France","Type of Animal":"Pigs"},"geometry":{"type":"Point","coordinates":[5.37823,46.32068]}},{"type":"Feature","properties":{"CountryName":"France","Type of Animal":"Pigs"},"geometry":{"type":"Point","coordinates":[4.94795,46.28303]}},{"type":"Feature","properties":{"CountryName":"France","Type of Animal":"Pigs"},"geometry":{"type":"Point","coordinates":[5.07661,46.31459]}},{"type":"Feature","properties":{"CountryName":"France","Type of Animal":"Pigs"},"geometry":{"type":"Point","coordinates":[5.0955,46.41107]}},{"type":"Feature","properties":{"CountryName":"France","Type of Animal":"Pigs"},"geometry":{"type":"Point","coordinates":[5.32574,46.11365]}},{"type":"Feature","properties":{"CountryName":"France","Type of Animal":"Pigs"},"geometry":{"type":"Point","coordinates":[5.54392,46.09263]}},{"type":"Feature","properties":{"CountryName":"France","Type of Animal":"Pigs"},"geometry":{"type":"Point","coordinates":[5.31315,46.35818]}},{"type":"Feature","properties":{"CountryName":"France","Type of Animal":"Pigs"},"geometry":{"type":"Point","coordinates":[5.31737,46.33503]}},{"type":"Feature","properties":{"CountryName":"France","Type of Animal":"Pigs"},"geometry":{"type":"Point","coordinates":[3.439,49.7063]}},{"type":"Feature","properties":{"CountryName":"France","Type of Animal":"Pigs"},"geometry":{"type":"Point","coordinates":[2.87083,46.71154]}},{"type":"Feature","properties":{"CountryName":"France","Type of Animal":"Pigs"},"geometry":{"type":"Point","coordinates":[4.05167,48.62107]}},{"type":"Feature","properties":{"CountryName":"France","Type of Animal":"Pigs"},"geometry":{"type":"Point","coordinates":[4.3739,48.5686]}},{"type":"Feature","properties":{"CountryName":"France","Type of Animal":"Pigs"},"geometry":{"type":"Point","coordinates":[4.37146,48.55252]}},{"type":"Feature","properties":{"CountryName":"France","Type of Animal":"Pigs"},"geometry":{"type":"Point","coordinates":[4.17742,48.46218]}},{"type":"Feature","properties":{"CountryName":"France","Type of Animal":"Pigs"},"geometry":{"type":"Point","coordinates":[4.1559,48.6553]}},{"type":"Feature","properties":{"CountryName":"France","Type of Animal":"Pigs"},"geometry":{"type":"Point","coordinates":[1.94531,43.40715]}},{"type":"Feature","properties":{"CountryName":"France","Type of Animal":"Pigs"},"geometry":{"type":"Point","coordinates":[2.61623,44.57157]}},{"type":"Feature","properties":{"CountryName":"France","Type of Animal":"Pigs"},"geometry":{"type":"Point","coordinates":[2.4218,44.28722]}},{"type":"Feature","properties":{"CountryName":"France","Type of Animal":"Pigs"},"geometry":{"type":"Point","coordinates":[2.35761,44.34833]}},{"type":"Feature","properties":{"CountryName":"France","Type of Animal":"Pigs"},"geometry":{"type":"Point","coordinates":[2.59988,44.57413]}},{"type":"Feature","properties":{"CountryName":"France","Type of Animal":"Pigs"},"geometry":{"type":"Point","coordinates":[2.35621,44.38186]}},{"type":"Feature","properties":{"CountryName":"France","Type of Animal":"Pigs"},"geometry":{"type":"Point","coordinates":[2.10127,44.48093]}},{"type":"Feature","properties":{"CountryName":"France","Type of Animal":"Pigs"},"geometry":{"type":"Point","coordinates":[2.83249,44.29273]}},{"type":"Feature","properties":{"CountryName":"France","Type of Animal":"Pigs"},"geometry":{"type":"Point","coordinates":[-0.6581,49.01047]}},{"type":"Feature","properties":{"CountryName":"France","Type of Animal":"Pigs"},"geometry":{"type":"Point","coordinates":[0.34142,45.77199]}},{"type":"Feature","properties":{"CountryName":"France","Type of Animal":"Pigs"},"geometry":{"type":"Point","coordinates":[0.40543,45.90244]}},{"type":"Feature","properties":{"CountryName":"France","Type of Animal":"Pigs"},"geometry":{"type":"Point","coordinates":[0.07697,45.88137]}},{"type":"Feature","properties":{"CountryName":"France","Type of Animal":"Pigs"},"geometry":{"type":"Point","coordinates":[0.36907,45.9897]}},{"type":"Feature","properties":{"CountryName":"France","Type of Animal":"Pigs"},"geometry":{"type":"Point","coordinates":[0.30381,45.99228]}},{"type":"Feature","properties":{"CountryName":"France","Type of Animal":"Pigs"},"geometry":{"type":"Point","coordinates":[-0.15485,45.50157]}},{"type":"Feature","properties":{"CountryName":"France","Type of Animal":"Pigs"},"geometry":{"type":"Point","coordinates":[0.49816,45.81477]}},{"type":"Feature","properties":{"CountryName":"France","Type of Animal":"Pigs"},"geometry":{"type":"Point","coordinates":[2.18235,46.94893]}},{"type":"Feature","properties":{"CountryName":"France","Type of Animal":"Pigs"},"geometry":{"type":"Point","coordinates":[2.40394,47.42683]}},{"type":"Feature","properties":{"CountryName":"France","Type of Animal":"Pigs"},"geometry":{"type":"Point","coordinates":[2.37698,47.26458]}},{"type":"Feature","properties":{"CountryName":"France","Type of Animal":"Pigs"},"geometry":{"type":"Point","coordinates":[1.8727,45.41278]}},{"type":"Feature","properties":{"CountryName":"France","Type of Animal":"Pigs"},"geometry":{"type":"Point","coordinates":[5.03528,47.17958]}},{"type":"Feature","properties":{"CountryName":"France","Type of Animal":"Pigs"},"geometry":{"type":"Point","coordinates":[-2.60277,48.07342]}},{"type":"Feature","properties":{"CountryName":"France","Type of Animal":"Pigs"},"geometry":{"type":"Point","coordinates":[-2.6064,48.49634]}},{"type":"Feature","properties":{"CountryName":"France","Type of Animal":"Pigs"},"geometry":{"type":"Point","coordinates":[-2.94455,48.4501]}},{"type":"Feature","properties":{"CountryName":"France","Type of Animal":"Pigs"},"geometry":{"type":"Point","coordinates":[-2.0616,48.333]}},{"type":"Feature","properties":{"CountryName":"France","Type of Animal":"Pigs"},"geometry":{"type":"Point","coordinates":[-3.04741,48.34996]}},{"type":"Feature","properties":{"CountryName":"France","Type of Animal":"Pigs"},"geometry":{"type":"Point","coordinates":[-3.06007,48.3369]}},{"type":"Feature","properties":{"CountryName":"France","Type of Animal":"Pigs"},"geometry":{"type":"Point","coordinates":[-2.84655,48.14662]}},{"type":"Feature","properties":{"CountryName":"France","Type of Animal":"Pigs"},"geometry":{"type":"Point","coordinates":[-2.38359,48.55717]}},{"type":"Feature","properties":{"CountryName":"France","Type of Animal":"Pigs"},"geometry":{"type":"Point","coordinates":[-2.37516,48.56061]}},{"type":"Feature","properties":{"CountryName":"France","Type of Animal":"Pigs"},"geometry":{"type":"Point","coordinates":[-2.39656,48.55246]}},{"type":"Feature","properties":{"CountryName":"France","Type of Animal":"Pigs"},"geometry":{"type":"Point","coordinates":[-2.39458,48.5669]}},{"type":"Feature","properties":{"CountryName":"France","Type of Animal":"Pigs"},"geometry":{"type":"Point","coordinates":[-2.74585,48.38314]}},{"type":"Feature","properties":{"CountryName":"France","Type of Animal":"Pigs"},"geometry":{"type":"Point","coordinates":[-2.54575,48.44119]}},{"type":"Feature","properties":{"CountryName":"France","Type of Animal":"Pigs"},"geometry":{"type":"Point","coordinates":[-2.5244,48.43954]}},{"type":"Feature","properties":{"CountryName":"France","Type of Animal":"Pigs"},"geometry":{"type":"Point","coordinates":[-3.28073,48.74738]}},{"type":"Feature","properties":{"CountryName":"France","Type of Animal":"Pigs"},"geometry":{"type":"Point","coordinates":[-2.75469,48.21273]}},{"type":"Feature","properties":{"CountryName":"France","Type of Animal":"Pigs"},"geometry":{"type":"Point","coordinates":[-2.77442,48.19339]}},{"type":"Feature","properties":{"CountryName":"France","Type of Animal":"Pigs"},"geometry":{"type":"Point","coordinates":[-2.28198,48.58864]}},{"type":"Feature","properties":{"CountryName":"France","Type of Animal":"Pigs"},"geometry":{"type":"Point","coordinates":[-3.28701,48.76489]}},{"type":"Feature","properties":{"CountryName":"France","Type of Animal":"Pigs"},"geometry":{"type":"Point","coordinates":[-2.49404,48.35713]}},{"type":"Feature","properties":{"CountryName":"France","Type of Animal":"Pigs"},"geometry":{"type":"Point","coordinates":[-2.21831,48.50168]}},{"type":"Feature","properties":{"CountryName":"France","Type of Animal":"Pigs"},"geometry":{"type":"Point","coordinates":[-2.36219,48.4357]}},{"type":"Feature","properties":{"CountryName":"France","Type of Animal":"Pigs"},"geometry":{"type":"Point","coordinates":[-2.23887,48.44204]}},{"type":"Feature","properties":{"CountryName":"France","Type of Animal":"Pigs"},"geometry":{"type":"Point","coordinates":[-2.90646,48.58604]}},{"type":"Feature","properties":{"CountryName":"France","Type of Animal":"Pigs"},"geometry":{"type":"Point","coordinates":[-2.36853,48.37753]}},{"type":"Feature","properties":{"CountryName":"France","Type of Animal":"Pigs"},"geometry":{"type":"Point","coordinates":[-2.43266,48.37737]}},{"type":"Feature","properties":{"CountryName":"France","Type of Animal":"Pigs"},"geometry":{"type":"Point","coordinates":[-2.36763,48.37698]}},{"type":"Feature","properties":{"CountryName":"France","Type of Animal":"Pigs"},"geometry":{"type":"Point","coordinates":[-2.46101,48.41232]}},{"type":"Feature","properties":{"CountryName":"France","Type of Animal":"Pigs"},"geometry":{"type":"Point","coordinates":[-2.04551,48.30362]}},{"type":"Feature","properties":{"CountryName":"France","Type of Animal":"Pigs"},"geometry":{"type":"Point","coordinates":[-2.14491,48.55675]}},{"type":"Feature","properties":{"CountryName":"France","Type of Animal":"Pigs"},"geometry":{"type":"Point","coordinates":[-2.1536,48.54864]}},{"type":"Feature","properties":{"CountryName":"France","Type of Animal":"Pigs"},"geometry":{"type":"Point","coordinates":[-2.73711,48.28562]}},{"type":"Feature","properties":{"CountryName":"France","Type of Animal":"Pigs"},"geometry":{"type":"Point","coordinates":[-2.94219,48.68196]}},{"type":"Feature","properties":{"CountryName":"France","Type of Animal":"Pigs"},"geometry":{"type":"Point","coordinates":[-2.26321,48.51226]}},{"type":"Feature","properties":{"CountryName":"France","Type of Animal":"Pigs"},"geometry":{"type":"Point","coordinates":[-2.41847,48.61016]}},{"type":"Feature","properties":{"CountryName":"France","Type of Animal":"Pigs"},"geometry":{"type":"Point","coordinates":[-2.403,48.6086]}},{"type":"Feature","properties":{"CountryName":"France","Type of Animal":"Pigs"},"geometry":{"type":"Point","coordinates":[-3.1044,48.6186]}},{"type":"Feature","properties":{"CountryName":"France","Type of Animal":"Pigs"},"geometry":{"type":"Point","coordinates":[-3.1236,48.629]}},{"type":"Feature","properties":{"CountryName":"France","Type of Animal":"Pigs"},"geometry":{"type":"Point","coordinates":[-3.27067,48.68925]}},{"type":"Feature","properties":{"CountryName":"France","Type of Animal":"Pigs"},"geometry":{"type":"Point","coordinates":[-3.12174,48.68143]}},{"type":"Feature","properties":{"CountryName":"France","Type of Animal":"Pigs"},"geometry":{"type":"Point","coordinates":[-2.95077,48.38498]}},{"type":"Feature","properties":{"CountryName":"France","Type of Animal":"Pigs"},"geometry":{"type":"Point","coordinates":[-2.8906,48.38131]}},{"type":"Feature","properties":{"CountryName":"France","Type of Animal":"Pigs"},"geometry":{"type":"Point","coordinates":[-2.56753,48.10231]}},{"type":"Feature","properties":{"CountryName":"France","Type of Animal":"Pigs"},"geometry":{"type":"Point","coordinates":[-2.50846,48.38321]}},{"type":"Feature","properties":{"CountryName":"France","Type of Animal":"Pigs"},"geometry":{"type":"Point","coordinates":[-2.29747,48.35589]}},{"type":"Feature","properties":{"CountryName":"France","Type of Animal":"Pigs"},"geometry":{"type":"Point","coordinates":[-2.25815,48.35405]}},{"type":"Feature","properties":{"CountryName":"France","Type of Animal":"Pigs"},"geometry":{"type":"Point","coordinates":[-2.03172,48.53924]}},{"type":"Feature","properties":{"CountryName":"France","Type of Animal":"Pigs"},"geometry":{"type":"Point","coordinates":[-2.8254,48.5697]}},{"type":"Feature","properties":{"CountryName":"France","Type of Animal":"Pigs"},"geometry":{"type":"Point","coordinates":[0.72628,45.28312]}},{"type":"Feature","properties":{"CountryName":"France","Type of Animal":"Pigs"},"geometry":{"type":"Point","coordinates":[0.88385,44.96525]}},{"type":"Feature","properties":{"CountryName":"France","Type of Animal":"Pigs"},"geometry":{"type":"Point","coordinates":[1.25457,44.95823]}},{"type":"Feature","properties":{"CountryName":"France","Type of Animal":"Pigs"},"geometry":{"type":"Point","coordinates":[1.25774,44.95471]}},{"type":"Feature","properties":{"CountryName":"France","Type of Animal":"Pigs"},"geometry":{"type":"Point","coordinates":[6.63546,47.11781]}},{"type":"Feature","properties":{"CountryName":"France","Type of Animal":"Pigs"},"geometry":{"type":"Point","coordinates":[6.34656,47.3489]}},{"type":"Feature","properties":{"CountryName":"France","Type of Animal":"Pigs"},"geometry":{"type":"Point","coordinates":[4.90518,44.81783]}},{"type":"Feature","properties":{"CountryName":"France","Type of Animal":"Pigs"},"geometry":{"type":"Point","coordinates":[1.01599,49.07501]}},{"type":"Feature","properties":{"CountryName":"France","Type of Animal":"Pigs"},"geometry":{"type":"Point","coordinates":[0.61833,48.86763]}},{"type":"Feature","properties":{"CountryName":"France","Type of Animal":"Pigs"},"geometry":{"type":"Point","coordinates":[1.144,49.08845]}},{"type":"Feature","properties":{"CountryName":"France","Type of Animal":"Pigs"},"geometry":{"type":"Point","coordinates":[1.1189,48.92021]}},{"type":"Feature","properties":{"CountryName":"France","Type of Animal":"Pigs"},"geometry":{"type":"Point","coordinates":[0.94085,49.13591]}},{"type":"Feature","properties":{"CountryName":"France","Type of Animal":"Pigs"},"geometry":{"type":"Point","coordinates":[0.9115,48.2072]}},{"type":"Feature","properties":{"CountryName":"France","Type of Animal":"Pigs"},"geometry":{"type":"Point","coordinates":[0.84235,48.23536]}},{"type":"Feature","properties":{"CountryName":"France","Type of Animal":"Pigs"},"geometry":{"type":"Point","coordinates":[1.18688,48.30389]}},{"type":"Feature","properties":{"CountryName":"France","Type of Animal":"Pigs"},"geometry":{"type":"Point","coordinates":[1.27079,48.33682]}},{"type":"Feature","properties":{"CountryName":"France","Type of Animal":"Pigs"},"geometry":{"type":"Point","coordinates":[-3.44453,47.87528]}},{"type":"Feature","properties":{"CountryName":"France","Type of Animal":"Pigs"},"geometry":{"type":"Point","coordinates":[-3.44603,47.90021]}},{"type":"Feature","properties":{"CountryName":"France","Type of Animal":"Pigs"},"geometry":{"type":"Point","coordinates":[-4.47196,48.50177]}},{"type":"Feature","properties":{"CountryName":"France","Type of Animal":"Pigs"},"geometry":{"type":"Point","coordinates":[-4.48265,48.48455]}},{"type":"Feature","properties":{"CountryName":"France","Type of Animal":"Pigs"},"geometry":{"type":"Point","coordinates":[-4.49174,48.49263]}},{"type":"Feature","properties":{"CountryName":"France","Type of Animal":"Pigs"},"geometry":{"type":"Point","coordinates":[-4.69511,48.47334]}},{"type":"Feature","properties":{"CountryName":"France","Type of Animal":"Pigs"},"geometry":{"type":"Point","coordinates":[-3.89016,48.24476]}},{"type":"Feature","properties":{"CountryName":"France","Type of Animal":"Pigs"},"geometry":{"type":"Point","coordinates":[-3.8867,48.276]}},{"type":"Feature","properties":{"CountryName":"France","Type of Animal":"Pigs"},"geometry":{"type":"Point","coordinates":[-4.55045,48.49594]}},{"type":"Feature","properties":{"CountryName":"France","Type of Animal":"Pigs"},"geometry":{"type":"Point","coordinates":[-4.26792,48.41629]}},{"type":"Feature","properties":{"CountryName":"France","Type of Animal":"Pigs"},"geometry":{"type":"Point","coordinates":[-4.24146,48.39444]}},{"type":"Feature","properties":{"CountryName":"France","Type of Animal":"Pigs"},"geometry":{"type":"Point","coordinates":[-4.36508,48.51818]}},{"type":"Feature","properties":{"CountryName":"France","Type of Animal":"Pigs"},"geometry":{"type":"Point","coordinates":[-4.39474,48.54125]}},{"type":"Feature","properties":{"CountryName":"France","Type of Animal":"Pigs"},"geometry":{"type":"Point","coordinates":[-3.88863,48.04045]}},{"type":"Feature","properties":{"CountryName":"France","Type of Animal":"Pigs"},"geometry":{"type":"Point","coordinates":[-3.99445,48.18858]}},{"type":"Feature","properties":{"CountryName":"France","Type of Animal":"Pigs"},"geometry":{"type":"Point","coordinates":[-3.95091,48.17937]}},{"type":"Feature","properties":{"CountryName":"France","Type of Animal":"Pigs"},"geometry":{"type":"Point","coordinates":[-3.96773,48.5305]}},{"type":"Feature","properties":{"CountryName":"France","Type of Animal":"Pigs"},"geometry":{"type":"Point","coordinates":[-3.95323,48.57487]}},{"type":"Feature","properties":{"CountryName":"France","Type of Animal":"Pigs"},"geometry":{"type":"Point","coordinates":[-4.14015,48.33255]}},{"type":"Feature","properties":{"CountryName":"France","Type of Animal":"Pigs"},"geometry":{"type":"Point","coordinates":[-4.41628,48.59044]}},{"type":"Feature","properties":{"CountryName":"France","Type of Animal":"Pigs"},"geometry":{"type":"Point","coordinates":[-4.063,48.47931]}},{"type":"Feature","properties":{"CountryName":"France","Type of Animal":"Pigs"},"geometry":{"type":"Point","coordinates":[-4.06823,48.52737]}},{"type":"Feature","properties":{"CountryName":"France","Type of Animal":"Pigs"},"geometry":{"type":"Point","coordinates":[-4.72022,48.52673]}},{"type":"Feature","properties":{"CountryName":"France","Type of Animal":"Pigs"},"geometry":{"type":"Point","coordinates":[-3.9452,48.0542]}},{"type":"Feature","properties":{"CountryName":"France","Type of Animal":"Pigs"},"geometry":{"type":"Point","coordinates":[-4.21083,48.56305]}},{"type":"Feature","properties":{"CountryName":"France","Type of Animal":"Pigs"},"geometry":{"type":"Point","coordinates":[-4.49202,48.5717]}},{"type":"Feature","properties":{"CountryName":"France","Type of Animal":"Pigs"},"geometry":{"type":"Point","coordinates":[-4.55258,48.57518]}},{"type":"Feature","properties":{"CountryName":"France","Type of Animal":"Pigs"},"geometry":{"type":"Point","coordinates":[-4.59973,48.49709]}},{"type":"Feature","properties":{"CountryName":"France","Type of Animal":"Pigs"},"geometry":{"type":"Point","coordinates":[-3.90661,48.18927]}},{"type":"Feature","properties":{"CountryName":"France","Type of Animal":"Pigs"},"geometry":{"type":"Point","coordinates":[-4.09787,48.45581]}},{"type":"Feature","properties":{"CountryName":"France","Type of Animal":"Pigs"},"geometry":{"type":"Point","coordinates":[-4.09397,48.45872]}},{"type":"Feature","properties":{"CountryName":"France","Type of Animal":"Pigs"},"geometry":{"type":"Point","coordinates":[-4.10969,48.4674]}},{"type":"Feature","properties":{"CountryName":"France","Type of Animal":"Pigs"},"geometry":{"type":"Point","coordinates":[-3.50399,47.92597]}},{"type":"Feature","properties":{"CountryName":"France","Type of Animal":"Pigs"},"geometry":{"type":"Point","coordinates":[-3.49483,47.91096]}},{"type":"Feature","properties":{"CountryName":"France","Type of Animal":"Pigs"},"geometry":{"type":"Point","coordinates":[-4.02468,48.2123]}},{"type":"Feature","properties":{"CountryName":"France","Type of Animal":"Pigs"},"geometry":{"type":"Point","coordinates":[-4.14251,48.43763]}},{"type":"Feature","properties":{"CountryName":"France","Type of Animal":"Pigs"},"geometry":{"type":"Point","coordinates":[-4.60078,48.47266]}},{"type":"Feature","properties":{"CountryName":"France","Type of Animal":"Pigs"},"geometry":{"type":"Point","coordinates":[-3.59131,47.8366]}},{"type":"Feature","properties":{"CountryName":"France","Type of Animal":"Pigs"},"geometry":{"type":"Point","coordinates":[-3.7176,48.45111]}},{"type":"Feature","properties":{"CountryName":"France","Type of Animal":"Pigs"},"geometry":{"type":"Point","coordinates":[-4.38367,48.46135]}},{"type":"Feature","properties":{"CountryName":"France","Type of Animal":"Pigs"},"geometry":{"type":"Point","coordinates":[-3.9628,48.241]}},{"type":"Feature","properties":{"CountryName":"France","Type of Animal":"Pigs"},"geometry":{"type":"Point","coordinates":[-4.00757,48.20371]}},{"type":"Feature","properties":{"CountryName":"France","Type of Animal":"Pigs"},"geometry":{"type":"Point","coordinates":[-3.95737,48.2259]}},{"type":"Feature","properties":{"CountryName":"France","Type of Animal":"Pigs"},"geometry":{"type":"Point","coordinates":[-3.88517,48.49476]}},{"type":"Feature","properties":{"CountryName":"France","Type of Animal":"Pigs"},"geometry":{"type":"Point","coordinates":[-4.26675,47.99536]}},{"type":"Feature","properties":{"CountryName":"France","Type of Animal":"Pigs"},"geometry":{"type":"Point","coordinates":[-4.27672,47.97528]}},{"type":"Feature","properties":{"CountryName":"France","Type of Animal":"Pigs"},"geometry":{"type":"Point","coordinates":[-4.24179,47.95401]}},{"type":"Feature","properties":{"CountryName":"France","Type of Animal":"Pigs"},"geometry":{"type":"Point","coordinates":[-4.289,47.88175]}},{"type":"Feature","properties":{"CountryName":"France","Type of Animal":"Pigs"},"geometry":{"type":"Point","coordinates":[-3.82746,48.27672]}},{"type":"Feature","properties":{"CountryName":"France","Type of Animal":"Pigs"},"geometry":{"type":"Point","coordinates":[-3.829,48.2678]}},{"type":"Feature","properties":{"CountryName":"France","Type of Animal":"Pigs"},"geometry":{"type":"Point","coordinates":[-4.21146,48.13241]}},{"type":"Feature","properties":{"CountryName":"France","Type of Animal":"Pigs"},"geometry":{"type":"Point","coordinates":[-4.6604,48.4365]}},{"type":"Feature","properties":{"CountryName":"France","Type of Animal":"Pigs"},"geometry":{"type":"Point","coordinates":[-4.7514,48.42101]}},{"type":"Feature","properties":{"CountryName":"France","Type of Animal":"Pigs"},"geometry":{"type":"Point","coordinates":[-4.68866,48.5358]}},{"type":"Feature","properties":{"CountryName":"France","Type of Animal":"Pigs"},"geometry":{"type":"Point","coordinates":[-4.30286,48.56345]}},{"type":"Feature","properties":{"CountryName":"France","Type of Animal":"Pigs"},"geometry":{"type":"Point","coordinates":[-4.13606,48.48012]}},{"type":"Feature","properties":{"CountryName":"France","Type of Animal":"Pigs"},"geometry":{"type":"Point","coordinates":[-4.15893,48.47168]}},{"type":"Feature","properties":{"CountryName":"France","Type of Animal":"Pigs"},"geometry":{"type":"Point","coordinates":[-4.15893,48.47168]}},{"type":"Feature","properties":{"CountryName":"France","Type of Animal":"Pigs"},"geometry":{"type":"Point","coordinates":[-4.25215,48.49403]}},{"type":"Feature","properties":{"CountryName":"France","Type of Animal":"Pigs"},"geometry":{"type":"Point","coordinates":[-3.99382,48.60547]}},{"type":"Feature","properties":{"CountryName":"France","Type of Animal":"Pigs"},"geometry":{"type":"Point","coordinates":[-4.1063,48.56422]}},{"type":"Feature","properties":{"CountryName":"France","Type of Animal":"Pigs"},"geometry":{"type":"Point","coordinates":[-4.13328,48.5472]}},{"type":"Feature","properties":{"CountryName":"France","Type of Animal":"Pigs"},"geometry":{"type":"Point","coordinates":[-4.1102,48.549]}},{"type":"Feature","properties":{"CountryName":"France","Type of Animal":"Pigs"},"geometry":{"type":"Point","coordinates":[-4.1063,48.56422]}},{"type":"Feature","properties":{"CountryName":"France","Type of Animal":"Pigs"},"geometry":{"type":"Point","coordinates":[-4.71707,48.36078]}},{"type":"Feature","properties":{"CountryName":"France","Type of Animal":"Pigs"},"geometry":{"type":"Point","coordinates":[-4.50562,48.60636]}},{"type":"Feature","properties":{"CountryName":"France","Type of Animal":"Pigs"},"geometry":{"type":"Point","coordinates":[-4.50464,48.61987]}},{"type":"Feature","properties":{"CountryName":"France","Type of Animal":"Pigs"},"geometry":{"type":"Point","coordinates":[-4.48687,48.59675]}},{"type":"Feature","properties":{"CountryName":"France","Type of Animal":"Pigs"},"geometry":{"type":"Point","coordinates":[-4.58112,48.52371]}},{"type":"Feature","properties":{"CountryName":"France","Type of Animal":"Pigs"},"geometry":{"type":"Point","coordinates":[-4.57522,48.51442]}},{"type":"Feature","properties":{"CountryName":"France","Type of Animal":"Pigs"},"geometry":{"type":"Point","coordinates":[-4.60454,48.53628]}},{"type":"Feature","properties":{"CountryName":"France","Type of Animal":"Pigs"},"geometry":{"type":"Point","coordinates":[-4.57801,48.52155]}},{"type":"Feature","properties":{"CountryName":"France","Type of Animal":"Pigs"},"geometry":{"type":"Point","coordinates":[-4.24742,48.58432]}},{"type":"Feature","properties":{"CountryName":"France","Type of Animal":"Pigs"},"geometry":{"type":"Point","coordinates":[-3.6991,48.5414]}},{"type":"Feature","properties":{"CountryName":"France","Type of Animal":"Pigs"},"geometry":{"type":"Point","coordinates":[-3.76709,48.57882]}},{"type":"Feature","properties":{"CountryName":"France","Type of Animal":"Pigs"},"geometry":{"type":"Point","coordinates":[-3.72931,48.59348]}},{"type":"Feature","properties":{"CountryName":"France","Type of Animal":"Pigs"},"geometry":{"type":"Point","coordinates":[-4.67,48.41418]}},{"type":"Feature","properties":{"CountryName":"France","Type of Animal":"Pigs"},"geometry":{"type":"Point","coordinates":[-4.75906,48.3883]}},{"type":"Feature","properties":{"CountryName":"France","Type of Animal":"Pigs"},"geometry":{"type":"Point","coordinates":[-4.20506,48.5125]}},{"type":"Feature","properties":{"CountryName":"France","Type of Animal":"Pigs"},"geometry":{"type":"Point","coordinates":[-4.21796,48.54541]}},{"type":"Feature","properties":{"CountryName":"France","Type of Animal":"Pigs"},"geometry":{"type":"Point","coordinates":[-4.22168,48.53414]}},{"type":"Feature","properties":{"CountryName":"France","Type of Animal":"Pigs"},"geometry":{"type":"Point","coordinates":[-4.18683,48.49985]}},{"type":"Feature","properties":{"CountryName":"France","Type of Animal":"Pigs"},"geometry":{"type":"Point","coordinates":[-3.60333,48.30606]}},{"type":"Feature","properties":{"CountryName":"France","Type of Animal":"Pigs"},"geometry":{"type":"Point","coordinates":[-4.22198,48.59696]}},{"type":"Feature","properties":{"CountryName":"France","Type of Animal":"Pigs"},"geometry":{"type":"Point","coordinates":[-4.21855,48.59278]}},{"type":"Feature","properties":{"CountryName":"France","Type of Animal":"Pigs"},"geometry":{"type":"Point","coordinates":[-4.64569,48.48475]}},{"type":"Feature","properties":{"CountryName":"France","Type of Animal":"Pigs"},"geometry":{"type":"Point","coordinates":[-4.00418,48.5718]}},{"type":"Feature","properties":{"CountryName":"France","Type of Animal":"Pigs"},"geometry":{"type":"Point","coordinates":[-3.99412,48.58124]}},{"type":"Feature","properties":{"CountryName":"France","Type of Animal":"Pigs"},"geometry":{"type":"Point","coordinates":[-4.05208,48.54118]}},{"type":"Feature","properties":{"CountryName":"France","Type of Animal":"Pigs"},"geometry":{"type":"Point","coordinates":[-4.04711,48.5605]}},{"type":"Feature","properties":{"CountryName":"France","Type of Animal":"Pigs"},"geometry":{"type":"Point","coordinates":[-3.96316,48.58474]}},{"type":"Feature","properties":{"CountryName":"France","Type of Animal":"Pigs"},"geometry":{"type":"Point","coordinates":[-4.03896,48.58777]}},{"type":"Feature","properties":{"CountryName":"France","Type of Animal":"Pigs"},"geometry":{"type":"Point","coordinates":[-4.029,48.59936]}},{"type":"Feature","properties":{"CountryName":"France","Type of Animal":"Pigs"},"geometry":{"type":"Point","coordinates":[-3.6884,48.2963]}},{"type":"Feature","properties":{"CountryName":"France","Type of Animal":"Pigs"},"geometry":{"type":"Point","coordinates":[-4.336,47.9517]}},{"type":"Feature","properties":{"CountryName":"France","Type of Animal":"Pigs"},"geometry":{"type":"Point","coordinates":[-4.3649,48.0309]}},{"type":"Feature","properties":{"CountryName":"France","Type of Animal":"Pigs"},"geometry":{"type":"Point","coordinates":[-4.31176,48.03763]}},{"type":"Feature","properties":{"CountryName":"France","Type of Animal":"Pigs"},"geometry":{"type":"Point","coordinates":[-4.32576,47.96482]}},{"type":"Feature","properties":{"CountryName":"France","Type of Animal":"Pigs"},"geometry":{"type":"Point","coordinates":[-4.6152,48.02072]}},{"type":"Feature","properties":{"CountryName":"France","Type of Animal":"Pigs"},"geometry":{"type":"Point","coordinates":[-4.1398,48.1162]}},{"type":"Feature","properties":{"CountryName":"France","Type of Animal":"Pigs"},"geometry":{"type":"Point","coordinates":[-3.56921,47.97591]}},{"type":"Feature","properties":{"CountryName":"France","Type of Animal":"Pigs"},"geometry":{"type":"Point","coordinates":[-3.70167,47.87583]}},{"type":"Feature","properties":{"CountryName":"France","Type of Animal":"Pigs"},"geometry":{"type":"Point","coordinates":[-4.1781,48.5395]}},{"type":"Feature","properties":{"CountryName":"France","Type of Animal":"Pigs"},"geometry":{"type":"Point","coordinates":[-4.393,48.59196]}},{"type":"Feature","properties":{"CountryName":"France","Type of Animal":"Pigs"},"geometry":{"type":"Point","coordinates":[-3.86016,48.59686]}},{"type":"Feature","properties":{"CountryName":"France","Type of Animal":"Pigs"},"geometry":{"type":"Point","coordinates":[-4.25741,48.5729]}},{"type":"Feature","properties":{"CountryName":"France","Type of Animal":"Pigs"},"geometry":{"type":"Point","coordinates":[-4.27736,48.56821]}},{"type":"Feature","properties":{"CountryName":"France","Type of Animal":"Pigs"},"geometry":{"type":"Point","coordinates":[-4.26789,48.54447]}},{"type":"Feature","properties":{"CountryName":"France","Type of Animal":"Pigs"},"geometry":{"type":"Point","coordinates":[-4.3021,48.2034]}},{"type":"Feature","properties":{"CountryName":"France","Type of Animal":"Pigs"},"geometry":{"type":"Point","coordinates":[-4.63404,48.55709]}},{"type":"Feature","properties":{"CountryName":"France","Type of Animal":"Pigs"},"geometry":{"type":"Point","coordinates":[-4.64613,48.42903]}},{"type":"Feature","properties":{"CountryName":"France","Type of Animal":"Pigs"},"geometry":{"type":"Point","coordinates":[-3.98891,48.45417]}},{"type":"Feature","properties":{"CountryName":"France","Type of Animal":"Pigs"},"geometry":{"type":"Point","coordinates":[-4.06657,48.25043]}},{"type":"Feature","properties":{"CountryName":"France","Type of Animal":"Pigs"},"geometry":{"type":"Point","coordinates":[-4.06324,48.23859]}},{"type":"Feature","properties":{"CountryName":"France","Type of Animal":"Pigs"},"geometry":{"type":"Point","coordinates":[-3.96614,48.51054]}},{"type":"Feature","properties":{"CountryName":"France","Type of Animal":"Pigs"},"geometry":{"type":"Point","coordinates":[-4.30823,48.47409]}},{"type":"Feature","properties":{"CountryName":"France","Type of Animal":"Pigs"},"geometry":{"type":"Point","coordinates":[-3.74292,48.0218]}},{"type":"Feature","properties":{"CountryName":"France","Type of Animal":"Pigs"},"geometry":{"type":"Point","coordinates":[-3.71603,48.44517]}},{"type":"Feature","properties":{"CountryName":"France","Type of Animal":"Pigs"},"geometry":{"type":"Point","coordinates":[-3.70997,48.44723]}},{"type":"Feature","properties":{"CountryName":"France","Type of Animal":"Pigs"},"geometry":{"type":"Point","coordinates":[-4.0491,48.4279]}},{"type":"Feature","properties":{"CountryName":"France","Type of Animal":"Pigs"},"geometry":{"type":"Point","coordinates":[-4.05527,48.42148]}},{"type":"Feature","properties":{"CountryName":"France","Type of Animal":"Pigs"},"geometry":{"type":"Point","coordinates":[-3.66174,48.16307]}},{"type":"Feature","properties":{"CountryName":"France","Type of Animal":"Pigs"},"geometry":{"type":"Point","coordinates":[-3.90962,48.59022]}},{"type":"Feature","properties":{"CountryName":"France","Type of Animal":"Pigs"},"geometry":{"type":"Point","coordinates":[-3.9009,48.6108]}},{"type":"Feature","properties":{"CountryName":"France","Type of Animal":"Pigs"},"geometry":{"type":"Point","coordinates":[-4.32811,48.22]}},{"type":"Feature","properties":{"CountryName":"France","Type of Animal":"Pigs"},"geometry":{"type":"Point","coordinates":[-4.13315,48.40049]}},{"type":"Feature","properties":{"CountryName":"France","Type of Animal":"Pigs"},"geometry":{"type":"Point","coordinates":[-4.1123,48.2806]}},{"type":"Feature","properties":{"CountryName":"France","Type of Animal":"Pigs"},"geometry":{"type":"Point","coordinates":[-3.62898,48.30097]}},{"type":"Feature","properties":{"CountryName":"France","Type of Animal":"Pigs"},"geometry":{"type":"Point","coordinates":[1.6805,43.2823]}},{"type":"Feature","properties":{"CountryName":"France","Type of Animal":"Pigs"},"geometry":{"type":"Point","coordinates":[-1.90296,48.29984]}},{"type":"Feature","properties":{"CountryName":"France","Type of Animal":"Pigs"},"geometry":{"type":"Point","coordinates":[-1.56171,48.43297]}},{"type":"Feature","properties":{"CountryName":"France","Type of Animal":"Pigs"},"geometry":{"type":"Point","coordinates":[-1.8585,48.03291]}},{"type":"Feature","properties":{"CountryName":"France","Type of Animal":"Pigs"},"geometry":{"type":"Point","coordinates":[-1.1003,48.0148]}},{"type":"Feature","properties":{"CountryName":"France","Type of Animal":"Pigs"},"geometry":{"type":"Point","coordinates":[-1.40403,48.11978]}},{"type":"Feature","properties":{"CountryName":"France","Type of Animal":"Pigs"},"geometry":{"type":"Point","coordinates":[-1.16884,48.21016]}},{"type":"Feature","properties":{"CountryName":"France","Type of Animal":"Pigs"},"geometry":{"type":"Point","coordinates":[-1.22481,47.85573]}},{"type":"Feature","properties":{"CountryName":"France","Type of Animal":"Pigs"},"geometry":{"type":"Point","coordinates":[-2.08214,47.87508]}},{"type":"Feature","properties":{"CountryName":"France","Type of Animal":"Pigs"},"geometry":{"type":"Point","coordinates":[-1.63302,47.75382]}},{"type":"Feature","properties":{"CountryName":"France","Type of Animal":"Pigs"},"geometry":{"type":"Point","coordinates":[-1.26024,47.91615]}},{"type":"Feature","properties":{"CountryName":"France","Type of Animal":"Pigs"},"geometry":{"type":"Point","coordinates":[-1.43454,47.94753]}},{"type":"Feature","properties":{"CountryName":"France","Type of Animal":"Pigs"},"geometry":{"type":"Point","coordinates":[-2.2374,48.12227]}},{"type":"Feature","properties":{"CountryName":"France","Type of Animal":"Pigs"},"geometry":{"type":"Point","coordinates":[-2.25787,48.13195]}},{"type":"Feature","properties":{"CountryName":"France","Type of Animal":"Pigs"},"geometry":{"type":"Point","coordinates":[-1.71142,47.70824]}},{"type":"Feature","properties":{"CountryName":"France","Type of Animal":"Pigs"},"geometry":{"type":"Point","coordinates":[-1.83135,47.83724]}},{"type":"Feature","properties":{"CountryName":"France","Type of Animal":"Pigs"},"geometry":{"type":"Point","coordinates":[-1.93193,48.27934]}},{"type":"Feature","properties":{"CountryName":"France","Type of Animal":"Pigs"},"geometry":{"type":"Point","coordinates":[-1.96075,48.07799]}},{"type":"Feature","properties":{"CountryName":"France","Type of Animal":"Pigs"},"geometry":{"type":"Point","coordinates":[-1.88896,48.4281]}},{"type":"Feature","properties":{"CountryName":"France","Type of Animal":"Pigs"},"geometry":{"type":"Point","coordinates":[-2.14713,48.19526]}},{"type":"Feature","properties":{"CountryName":"France","Type of Animal":"Pigs"},"geometry":{"type":"Point","coordinates":[-2.0127,47.86058]}},{"type":"Feature","properties":{"CountryName":"France","Type of Animal":"Pigs"},"geometry":{"type":"Point","coordinates":[-1.16473,48.31988]}},{"type":"Feature","properties":{"CountryName":"France","Type of Animal":"Pigs"},"geometry":{"type":"Point","coordinates":[-2.04616,47.76025]}},{"type":"Feature","properties":{"CountryName":"France","Type of Animal":"Pigs"},"geometry":{"type":"Point","coordinates":[-1.2608,48.1916]}},{"type":"Feature","properties":{"CountryName":"France","Type of Animal":"Pigs"},"geometry":{"type":"Point","coordinates":[-1.28728,48.1846]}},{"type":"Feature","properties":{"CountryName":"France","Type of Animal":"Pigs"},"geometry":{"type":"Point","coordinates":[-2.21912,48.14192]}},{"type":"Feature","properties":{"CountryName":"France","Type of Animal":"Pigs"},"geometry":{"type":"Point","coordinates":[-1.79685,48.19284]}},{"type":"Feature","properties":{"CountryName":"France","Type of Animal":"Pigs"},"geometry":{"type":"Point","coordinates":[1.36976,47.01506]}},{"type":"Feature","properties":{"CountryName":"France","Type of Animal":"Pigs"},"geometry":{"type":"Point","coordinates":[1.39719,46.62173]}},{"type":"Feature","properties":{"CountryName":"France","Type of Animal":"Pigs"},"geometry":{"type":"Point","coordinates":[1.45389,46.81371]}},{"type":"Feature","properties":{"CountryName":"France","Type of Animal":"Pigs"},"geometry":{"type":"Point","coordinates":[0.18501,47.06853]}},{"type":"Feature","properties":{"CountryName":"France","Type of Animal":"Pigs"},"geometry":{"type":"Point","coordinates":[0.21791,47.06738]}},{"type":"Feature","properties":{"CountryName":"France","Type of Animal":"Pigs"},"geometry":{"type":"Point","coordinates":[1.28604,47.08014]}},{"type":"Feature","properties":{"CountryName":"France","Type of Animal":"Pigs"},"geometry":{"type":"Point","coordinates":[5.2827,45.78076]}},{"type":"Feature","properties":{"CountryName":"France","Type of Animal":"Pigs"},"geometry":{"type":"Point","coordinates":[-0.36275,43.62588]}},{"type":"Feature","properties":{"CountryName":"France","Type of Animal":"Pigs"},"geometry":{"type":"Point","coordinates":[-0.93985,44.26421]}},{"type":"Feature","properties":{"CountryName":"France","Type of Animal":"Pigs"},"geometry":{"type":"Point","coordinates":[-0.40037,43.61252]}},{"type":"Feature","properties":{"CountryName":"France","Type of Animal":"Pigs"},"geometry":{"type":"Point","coordinates":[-1.66537,47.68778]}},{"type":"Feature","properties":{"CountryName":"France","Type of Animal":"Pigs"},"geometry":{"type":"Point","coordinates":[-1.8852,47.6517]}},{"type":"Feature","properties":{"CountryName":"France","Type of Animal":"Pigs"},"geometry":{"type":"Point","coordinates":[-1.6227,46.90197]}},{"type":"Feature","properties":{"CountryName":"France","Type of Animal":"Pigs"},"geometry":{"type":"Point","coordinates":[-1.2844,47.4296]}},{"type":"Feature","properties":{"CountryName":"France","Type of Animal":"Pigs"},"geometry":{"type":"Point","coordinates":[-1.61444,47.57519]}},{"type":"Feature","properties":{"CountryName":"France","Type of Animal":"Pigs"},"geometry":{"type":"Point","coordinates":[-1.08835,47.44759]}},{"type":"Feature","properties":{"CountryName":"France","Type of Animal":"Pigs"},"geometry":{"type":"Point","coordinates":[-1.03529,47.38842]}},{"type":"Feature","properties":{"CountryName":"France","Type of Animal":"Pigs"},"geometry":{"type":"Point","coordinates":[-1.22998,47.53461]}},{"type":"Feature","properties":{"CountryName":"France","Type of Animal":"Pigs"},"geometry":{"type":"Point","coordinates":[1.22633,44.6323]}},{"type":"Feature","properties":{"CountryName":"France","Type of Animal":"Pigs"},"geometry":{"type":"Point","coordinates":[-1.08332,47.63081]}},{"type":"Feature","properties":{"CountryName":"France","Type of Animal":"Pigs"},"geometry":{"type":"Point","coordinates":[-0.71518,47.0374]}},{"type":"Feature","properties":{"CountryName":"France","Type of Animal":"Pigs"},"geometry":{"type":"Point","coordinates":[-0.71076,47.06343]}},{"type":"Feature","properties":{"CountryName":"France","Type of Animal":"Pigs"},"geometry":{"type":"Point","coordinates":[-1.0137,48.6193]}},{"type":"Feature","properties":{"CountryName":"France","Type of Animal":"Pigs"},"geometry":{"type":"Point","coordinates":[-1.14401,48.644]}},{"type":"Feature","properties":{"CountryName":"France","Type of Animal":"Pigs"},"geometry":{"type":"Point","coordinates":[-1.45474,48.77983]}},{"type":"Feature","properties":{"CountryName":"France","Type of Animal":"Pigs"},"geometry":{"type":"Point","coordinates":[-1.0047,48.69158]}},{"type":"Feature","properties":{"CountryName":"France","Type of Animal":"Pigs"},"geometry":{"type":"Point","coordinates":[-1.37509,49.23362]}},{"type":"Feature","properties":{"CountryName":"France","Type of Animal":"Pigs"},"geometry":{"type":"Point","coordinates":[-1.36275,49.20923]}},{"type":"Feature","properties":{"CountryName":"France","Type of Animal":"Pigs"},"geometry":{"type":"Point","coordinates":[-1.30935,48.5918]}},{"type":"Feature","properties":{"CountryName":"France","Type of Animal":"Pigs"},"geometry":{"type":"Point","coordinates":[-1.6607,49.35573]}},{"type":"Feature","properties":{"CountryName":"France","Type of Animal":"Pigs"},"geometry":{"type":"Point","coordinates":[-1.51838,48.78346]}},{"type":"Feature","properties":{"CountryName":"France","Type of Animal":"Pigs"},"geometry":{"type":"Point","coordinates":[-1.0094,48.5004]}},{"type":"Feature","properties":{"CountryName":"France","Type of Animal":"Pigs"},"geometry":{"type":"Point","coordinates":[-1.44446,48.56933]}},{"type":"Feature","properties":{"CountryName":"France","Type of Animal":"Pigs"},"geometry":{"type":"Point","coordinates":[4.42605,48.57921]}},{"type":"Feature","properties":{"CountryName":"France","Type of Animal":"Pigs"},"geometry":{"type":"Point","coordinates":[4.4717,48.6657]}},{"type":"Feature","properties":{"CountryName":"France","Type of Animal":"Pigs"},"geometry":{"type":"Point","coordinates":[4.61453,48.88154]}},{"type":"Feature","properties":{"CountryName":"France","Type of Animal":"Pigs"},"geometry":{"type":"Point","coordinates":[4.4295,48.5997]}},{"type":"Feature","properties":{"CountryName":"France","Type of Animal":"Pigs"},"geometry":{"type":"Point","coordinates":[4.19899,48.83943]}},{"type":"Feature","properties":{"CountryName":"France","Type of Animal":"Pigs"},"geometry":{"type":"Point","coordinates":[4.60628,49.01584]}},{"type":"Feature","properties":{"CountryName":"France","Type of Animal":"Pigs"},"geometry":{"type":"Point","coordinates":[-0.83365,47.81987]}},{"type":"Feature","properties":{"CountryName":"France","Type of Animal":"Pigs"},"geometry":{"type":"Point","coordinates":[-0.81836,47.78737]}},{"type":"Feature","properties":{"CountryName":"France","Type of Animal":"Pigs"},"geometry":{"type":"Point","coordinates":[-0.9751,47.9521]}},{"type":"Feature","properties":{"CountryName":"France","Type of Animal":"Pigs"},"geometry":{"type":"Point","coordinates":[-0.92208,48.27204]}},{"type":"Feature","properties":{"CountryName":"France","Type of Animal":"Pigs"},"geometry":{"type":"Point","coordinates":[-0.67953,47.98308]}},{"type":"Feature","properties":{"CountryName":"France","Type of Animal":"Pigs"},"geometry":{"type":"Point","coordinates":[-1.15652,47.85209]}},{"type":"Feature","properties":{"CountryName":"France","Type of Animal":"Pigs"},"geometry":{"type":"Point","coordinates":[-0.72873,48.21668]}},{"type":"Feature","properties":{"CountryName":"France","Type of Animal":"Pigs"},"geometry":{"type":"Point","coordinates":[-1.13977,47.87135]}},{"type":"Feature","properties":{"CountryName":"France","Type of Animal":"Pigs"},"geometry":{"type":"Point","coordinates":[-1.12767,47.8657]}},{"type":"Feature","properties":{"CountryName":"France","Type of Animal":"Pigs"},"geometry":{"type":"Point","coordinates":[-0.5626,48.16793]}},{"type":"Feature","properties":{"CountryName":"France","Type of Animal":"Pigs"},"geometry":{"type":"Point","coordinates":[-0.43121,48.0024]}},{"type":"Feature","properties":{"CountryName":"France","Type of Animal":"Pigs"},"geometry":{"type":"Point","coordinates":[-1.208,47.8076]}},{"type":"Feature","properties":{"CountryName":"France","Type of Animal":"Pigs"},"geometry":{"type":"Point","coordinates":[-1.01583,47.79725]}},{"type":"Feature","properties":{"CountryName":"France","Type of Animal":"Pigs"},"geometry":{"type":"Point","coordinates":[5.20535,48.9678]}},{"type":"Feature","properties":{"CountryName":"France","Type of Animal":"Pigs"},"geometry":{"type":"Point","coordinates":[5.27546,49.50477]}},{"type":"Feature","properties":{"CountryName":"France","Type of Animal":"Pigs"},"geometry":{"type":"Point","coordinates":[5.1422,49.36914]}},{"type":"Feature","properties":{"CountryName":"France","Type of Animal":"Pigs"},"geometry":{"type":"Point","coordinates":[5.45939,49.39084]}},{"type":"Feature","properties":{"CountryName":"France","Type of Animal":"Pigs"},"geometry":{"type":"Point","coordinates":[5.6667,49.35309]}},{"type":"Feature","properties":{"CountryName":"France","Type of Animal":"Pigs"},"geometry":{"type":"Point","coordinates":[4.97102,48.89613]}},{"type":"Feature","properties":{"CountryName":"France","Type of Animal":"Pigs"},"geometry":{"type":"Point","coordinates":[-2.97337,47.86377]}},{"type":"Feature","properties":{"CountryName":"France","Type of Animal":"Pigs"},"geometry":{"type":"Point","coordinates":[-2.32132,47.85489]}},{"type":"Feature","properties":{"CountryName":"France","Type of Animal":"Pigs"},"geometry":{"type":"Point","coordinates":[-2.68866,47.8809]}},{"type":"Feature","properties":{"CountryName":"France","Type of Animal":"Pigs"},"geometry":{"type":"Point","coordinates":[-2.43439,48.05181]}},{"type":"Feature","properties":{"CountryName":"France","Type of Animal":"Pigs"},"geometry":{"type":"Point","coordinates":[-2.38297,48.06849]}},{"type":"Feature","properties":{"CountryName":"France","Type of Animal":"Pigs"},"geometry":{"type":"Point","coordinates":[-3.10939,47.74099]}},{"type":"Feature","properties":{"CountryName":"France","Type of Animal":"Pigs"},"geometry":{"type":"Point","coordinates":[-3.46169,48.15544]}},{"type":"Feature","properties":{"CountryName":"France","Type of Animal":"Pigs"},"geometry":{"type":"Point","coordinates":[-2.34343,47.53223]}},{"type":"Feature","properties":{"CountryName":"France","Type of Animal":"Pigs"},"geometry":{"type":"Point","coordinates":[-2.32827,48.11393]}},{"type":"Feature","properties":{"CountryName":"France","Type of Animal":"Pigs"},"geometry":{"type":"Point","coordinates":[-2.34477,48.11227]}},{"type":"Feature","properties":{"CountryName":"France","Type of Animal":"Pigs"},"geometry":{"type":"Point","coordinates":[-2.4469,48.15438]}},{"type":"Feature","properties":{"CountryName":"France","Type of Animal":"Pigs"},"geometry":{"type":"Point","coordinates":[-3.24432,47.74035]}},{"type":"Feature","properties":{"CountryName":"France","Type of Animal":"Pigs"},"geometry":{"type":"Point","coordinates":[-3.20825,47.746]}},{"type":"Feature","properties":{"CountryName":"France","Type of Animal":"Pigs"},"geometry":{"type":"Point","coordinates":[-2.83021,47.85494]}},{"type":"Feature","properties":{"CountryName":"France","Type of Animal":"Pigs"},"geometry":{"type":"Point","coordinates":[-2.30317,48.02609]}},{"type":"Feature","properties":{"CountryName":"France","Type of Animal":"Pigs"},"geometry":{"type":"Point","coordinates":[-2.9369,48.05399]}},{"type":"Feature","properties":{"CountryName":"France","Type of Animal":"Pigs"},"geometry":{"type":"Point","coordinates":[-3.32485,47.95521]}},{"type":"Feature","properties":{"CountryName":"France","Type of Animal":"Pigs"},"geometry":{"type":"Point","coordinates":[-3.46447,48.01789]}},{"type":"Feature","properties":{"CountryName":"France","Type of Animal":"Pigs"},"geometry":{"type":"Point","coordinates":[-3.4634,48.0327]}},{"type":"Feature","properties":{"CountryName":"France","Type of Animal":"Pigs"},"geometry":{"type":"Point","coordinates":[-2.06294,47.82268]}},{"type":"Feature","properties":{"CountryName":"France","Type of Animal":"Pigs"},"geometry":{"type":"Point","coordinates":[-2.7321,48.07762]}},{"type":"Feature","properties":{"CountryName":"France","Type of Animal":"Pigs"},"geometry":{"type":"Point","coordinates":[-2.53032,47.77304]}},{"type":"Feature","properties":{"CountryName":"France","Type of Animal":"Pigs"},"geometry":{"type":"Point","coordinates":[-2.53032,47.77304]}},{"type":"Feature","properties":{"CountryName":"France","Type of Animal":"Pigs"},"geometry":{"type":"Point","coordinates":[-2.42753,47.80873]}},{"type":"Feature","properties":{"CountryName":"France","Type of Animal":"Pigs"},"geometry":{"type":"Point","coordinates":[-2.19692,47.79804]}},{"type":"Feature","properties":{"CountryName":"France","Type of Animal":"Pigs"},"geometry":{"type":"Point","coordinates":[-3.18515,48.14934]}},{"type":"Feature","properties":{"CountryName":"France","Type of Animal":"Pigs"},"geometry":{"type":"Point","coordinates":[-2.61347,47.78827]}},{"type":"Feature","properties":{"CountryName":"France","Type of Animal":"Pigs"},"geometry":{"type":"Point","coordinates":[-2.79145,47.87913]}},{"type":"Feature","properties":{"CountryName":"France","Type of Animal":"Pigs"},"geometry":{"type":"Point","coordinates":[2.534,50.8617]}},{"type":"Feature","properties":{"CountryName":"France","Type of Animal":"Pigs"},"geometry":{"type":"Point","coordinates":[2.6413,50.73684]}},{"type":"Feature","properties":{"CountryName":"France","Type of Animal":"Pigs"},"geometry":{"type":"Point","coordinates":[2.59406,50.74415]}},{"type":"Feature","properties":{"CountryName":"France","Type of Animal":"Pigs"},"geometry":{"type":"Point","coordinates":[2.45134,50.90913]}},{"type":"Feature","properties":{"CountryName":"France","Type of Animal":"Pigs"},"geometry":{"type":"Point","coordinates":[2.48414,50.90589]}},{"type":"Feature","properties":{"CountryName":"France","Type of Animal":"Pigs"},"geometry":{"type":"Point","coordinates":[2.4345,50.7994]}},{"type":"Feature","properties":{"CountryName":"France","Type of Animal":"Pigs"},"geometry":{"type":"Point","coordinates":[1.82518,49.59769]}},{"type":"Feature","properties":{"CountryName":"France","Type of Animal":"Pigs"},"geometry":{"type":"Point","coordinates":[0.74899,48.68833]}},{"type":"Feature","properties":{"CountryName":"France","Type of Animal":"Pigs"},"geometry":{"type":"Point","coordinates":[2.57909,50.41641]}},{"type":"Feature","properties":{"CountryName":"France","Type of Animal":"Pigs"},"geometry":{"type":"Point","coordinates":[2.96669,50.28841]}},{"type":"Feature","properties":{"CountryName":"France","Type of Animal":"Pigs"},"geometry":{"type":"Point","coordinates":[2.21788,50.36191]}},{"type":"Feature","properties":{"CountryName":"France","Type of Animal":"Pigs"},"geometry":{"type":"Point","coordinates":[-0.24621,43.42415]}},{"type":"Feature","properties":{"CountryName":"France","Type of Animal":"Pigs"},"geometry":{"type":"Point","coordinates":[-0.25188,43.40333]}},{"type":"Feature","properties":{"CountryName":"France","Type of Animal":"Pigs"},"geometry":{"type":"Point","coordinates":[-0.19547,43.34919]}},{"type":"Feature","properties":{"CountryName":"France","Type of Animal":"Pigs"},"geometry":{"type":"Point","coordinates":[-0.28788,43.5599]}},{"type":"Feature","properties":{"CountryName":"France","Type of Animal":"Pigs"},"geometry":{"type":"Point","coordinates":[-0.15372,43.34889]}},{"type":"Feature","properties":{"CountryName":"France","Type of Animal":"Pigs"},"geometry":{"type":"Point","coordinates":[-0.98205,43.2806]}},{"type":"Feature","properties":{"CountryName":"France","Type of Animal":"Pigs"},"geometry":{"type":"Point","coordinates":[-0.1471,43.41238]}},{"type":"Feature","properties":{"CountryName":"France","Type of Animal":"Pigs"},"geometry":{"type":"Point","coordinates":[-0.2158,43.279]}},{"type":"Feature","properties":{"CountryName":"France","Type of Animal":"Pigs"},"geometry":{"type":"Point","coordinates":[-0.19945,43.27088]}},{"type":"Feature","properties":{"CountryName":"France","Type of Animal":"Pigs"},"geometry":{"type":"Point","coordinates":[-0.22043,43.27618]}},{"type":"Feature","properties":{"CountryName":"France","Type of Animal":"Pigs"},"geometry":{"type":"Point","coordinates":[-0.24608,43.47778]}},{"type":"Feature","properties":{"CountryName":"France","Type of Animal":"Pigs"},"geometry":{"type":"Point","coordinates":[-0.25807,43.122]}},{"type":"Feature","properties":{"CountryName":"France","Type of Animal":"Pigs"},"geometry":{"type":"Point","coordinates":[7.66943,48.30853]}},{"type":"Feature","properties":{"CountryName":"France","Type of Animal":"Pigs"},"geometry":{"type":"Point","coordinates":[7.5603,48.8567]}},{"type":"Feature","properties":{"CountryName":"France","Type of Animal":"Pigs"},"geometry":{"type":"Point","coordinates":[8.09067,48.93815]}},{"type":"Feature","properties":{"CountryName":"France","Type of Animal":"Pigs"},"geometry":{"type":"Point","coordinates":[7.54324,47.92557]}},{"type":"Feature","properties":{"CountryName":"France","Type of Animal":"Pigs"},"geometry":{"type":"Point","coordinates":[5.07716,45.75611]}},{"type":"Feature","properties":{"CountryName":"France","Type of Animal":"Pigs"},"geometry":{"type":"Point","coordinates":[5.9763,47.88839]}},{"type":"Feature","properties":{"CountryName":"France","Type of Animal":"Pigs"},"geometry":{"type":"Point","coordinates":[-0.21221,48.02837]}},{"type":"Feature","properties":{"CountryName":"France","Type of Animal":"Pigs"},"geometry":{"type":"Point","coordinates":[-0.10688,47.86481]}},{"type":"Feature","properties":{"CountryName":"France","Type of Animal":"Pigs"},"geometry":{"type":"Point","coordinates":[-0.23142,47.81444]}},{"type":"Feature","properties":{"CountryName":"France","Type of Animal":"Pigs"},"geometry":{"type":"Point","coordinates":[0.11658,48.27313]}},{"type":"Feature","properties":{"CountryName":"France","Type of Animal":"Pigs"},"geometry":{"type":"Point","coordinates":[-0.40161,47.80981]}},{"type":"Feature","properties":{"CountryName":"France","Type of Animal":"Pigs"},"geometry":{"type":"Point","coordinates":[0.15426,48.23745]}},{"type":"Feature","properties":{"CountryName":"France","Type of Animal":"Pigs"},"geometry":{"type":"Point","coordinates":[0.62754,49.64776]}},{"type":"Feature","properties":{"CountryName":"France","Type of Animal":"Pigs"},"geometry":{"type":"Point","coordinates":[0.62754,49.64776]}},{"type":"Feature","properties":{"CountryName":"France","Type of Animal":"Pigs"},"geometry":{"type":"Point","coordinates":[1.05467,49.81522]}},{"type":"Feature","properties":{"CountryName":"France","Type of Animal":"Pigs"},"geometry":{"type":"Point","coordinates":[0.6943,49.7419]}},{"type":"Feature","properties":{"CountryName":"France","Type of Animal":"Pigs"},"geometry":{"type":"Point","coordinates":[0.63005,49.62302]}},{"type":"Feature","properties":{"CountryName":"France","Type of Animal":"Pigs"},"geometry":{"type":"Point","coordinates":[0.30204,49.66277]}},{"type":"Feature","properties":{"CountryName":"France","Type of Animal":"Pigs"},"geometry":{"type":"Point","coordinates":[0.90616,49.80521]}},{"type":"Feature","properties":{"CountryName":"France","Type of Animal":"Pigs"},"geometry":{"type":"Point","coordinates":[1.0794,49.7266]}},{"type":"Feature","properties":{"CountryName":"France","Type of Animal":"Pigs"},"geometry":{"type":"Point","coordinates":[1.06096,49.81398]}},{"type":"Feature","properties":{"CountryName":"France","Type of Animal":"Pigs"},"geometry":{"type":"Point","coordinates":[1.48873,49.8342]}},{"type":"Feature","properties":{"CountryName":"France","Type of Animal":"Pigs"},"geometry":{"type":"Point","coordinates":[0.8905,49.6325]}},{"type":"Feature","properties":{"CountryName":"France","Type of Animal":"Pigs"},"geometry":{"type":"Point","coordinates":[-0.04145,46.09845]}},{"type":"Feature","properties":{"CountryName":"France","Type of Animal":"Pigs"},"geometry":{"type":"Point","coordinates":[-0.08854,46.20217]}},{"type":"Feature","properties":{"CountryName":"France","Type of Animal":"Pigs"},"geometry":{"type":"Point","coordinates":[-0.53381,46.44979]}},{"type":"Feature","properties":{"CountryName":"France","Type of Animal":"Pigs"},"geometry":{"type":"Point","coordinates":[-0.43309,46.53102]}},{"type":"Feature","properties":{"CountryName":"France","Type of Animal":"Pigs"},"geometry":{"type":"Point","coordinates":[0.00153,46.32482]}},{"type":"Feature","properties":{"CountryName":"France","Type of Animal":"Pigs"},"geometry":{"type":"Point","coordinates":[-0.70972,46.26114]}},{"type":"Feature","properties":{"CountryName":"France","Type of Animal":"Pigs"},"geometry":{"type":"Point","coordinates":[-0.41614,46.48987]}},{"type":"Feature","properties":{"CountryName":"France","Type of Animal":"Pigs"},"geometry":{"type":"Point","coordinates":[2.3234,50.0707]}},{"type":"Feature","properties":{"CountryName":"France","Type of Animal":"Pigs"},"geometry":{"type":"Point","coordinates":[2.59782,49.70893]}},{"type":"Feature","properties":{"CountryName":"France","Type of Animal":"Pigs"},"geometry":{"type":"Point","coordinates":[2.4718,49.6893]}},{"type":"Feature","properties":{"CountryName":"France","Type of Animal":"Pigs"},"geometry":{"type":"Point","coordinates":[2.26208,43.79321]}},{"type":"Feature","properties":{"CountryName":"France","Type of Animal":"Pigs"},"geometry":{"type":"Point","coordinates":[2.05908,43.46938]}},{"type":"Feature","properties":{"CountryName":"France","Type of Animal":"Pigs"},"geometry":{"type":"Point","coordinates":[2.27495,44.09255]}},{"type":"Feature","properties":{"CountryName":"France","Type of Animal":"Pigs"},"geometry":{"type":"Point","coordinates":[-1.69476,46.76982]}},{"type":"Feature","properties":{"CountryName":"France","Type of Animal":"Pigs"},"geometry":{"type":"Point","coordinates":[-1.23781,46.87351]}},{"type":"Feature","properties":{"CountryName":"France","Type of Animal":"Pigs"},"geometry":{"type":"Point","coordinates":[-1.2026,46.86817]}},{"type":"Feature","properties":{"CountryName":"France","Type of Animal":"Pigs"},"geometry":{"type":"Point","coordinates":[-1.08421,46.5357]}},{"type":"Feature","properties":{"CountryName":"France","Type of Animal":"Pigs"},"geometry":{"type":"Point","coordinates":[0.59453,46.33734]}},{"type":"Feature","properties":{"CountryName":"France","Type of Animal":"Pigs"},"geometry":{"type":"Point","coordinates":[0.72071,46.50567]}},{"type":"Feature","properties":{"CountryName":"France","Type of Animal":"Pigs"},"geometry":{"type":"Point","coordinates":[0.16904,46.43393]}},{"type":"Feature","properties":{"CountryName":"France","Type of Animal":"Pigs"},"geometry":{"type":"Point","coordinates":[0.18199,46.1634]}},{"type":"Feature","properties":{"CountryName":"France","Type of Animal":"Pigs"},"geometry":{"type":"Point","coordinates":[0.80301,46.56323]}},{"type":"Feature","properties":{"CountryName":"France","Type of Animal":"Pigs"},"geometry":{"type":"Point","coordinates":[0.28316,46.99652]}},{"type":"Feature","properties":{"CountryName":"France","Type of Animal":"Pigs"},"geometry":{"type":"Point","coordinates":[0.6388,46.781]}},{"type":"Feature","properties":{"CountryName":"France","Type of Animal":"Pigs"},"geometry":{"type":"Point","coordinates":[0.56187,46.26055]}},{"type":"Feature","properties":{"CountryName":"France","Type of Animal":"Pigs"},"geometry":{"type":"Point","coordinates":[1.20471,45.59626]}},{"type":"Feature","properties":{"CountryName":"France","Type of Animal":"Pigs"},"geometry":{"type":"Point","coordinates":[4.05561,47.75148]}},{"type":"Feature","properties":{"CountryName":"France","Type of Animal":"Pigs"},"geometry":{"type":"Point","coordinates":[3.00655,48.17728]}},{"type":"Feature","properties":{"CountryName":"France","Type of Animal":"Pigs"},"geometry":{"type":"Point","coordinates":[3.24771,47.94401]}},{"type":"Feature","properties":{"CountryName":"France","Type of Animal":"Pigs"},"geometry":{"type":"Point","coordinates":[2.58,47.0738]}},{"type":"Feature","properties":{"CountryName":"France","Type of Animal":"Pigs"},"geometry":{"type":"Point","coordinates":[2.49,46.5945]}},{"type":"Feature","properties":{"CountryName":"France","Type of Animal":"Pigs"},"geometry":{"type":"Point","coordinates":[0.89,49.2004]}},{"type":"Feature","properties":{"CountryName":"France","Type of Animal":"Pigs"},"geometry":{"type":"Point","coordinates":[-4.35,48.2123]}},{"type":"Feature","properties":{"CountryName":"France","Type of Animal":"Pigs"},"geometry":{"type":"Point","coordinates":[-1.16,48.2205]}},{"type":"Feature","properties":{"CountryName":"France","Type of Animal":"Pigs"},"geometry":{"type":"Point","coordinates":[-2.01,47.963]}},{"type":"Feature","properties":{"CountryName":"France","Type of Animal":"Pigs"},"geometry":{"type":"Point","coordinates":[3.37,45.33]}},{"type":"Feature","properties":{"CountryName":"France","Type of Animal":"Pigs"},"geometry":{"type":"Point","coordinates":[-1.83,47.6191]}},{"type":"Feature","properties":{"CountryName":"France","Type of Animal":"Pigs"},"geometry":{"type":"Point","coordinates":[-1.41,49.0303]}},{"type":"Feature","properties":{"CountryName":"France","Type of Animal":"Pigs"},"geometry":{"type":"Point","coordinates":[-0.98,48.5638]}},{"type":"Feature","properties":{"CountryName":"France","Type of Animal":"Pigs"},"geometry":{"type":"Point","coordinates":[-2.92,48.1398]}},{"type":"Feature","properties":{"CountryName":"France","Type of Animal":"Pigs"},"geometry":{"type":"Point","coordinates":[2.6526,50.749]}},{"type":"Feature","properties":{"CountryName":"France","Type of Animal":"Pigs"},"geometry":{"type":"Point","coordinates":[2.53,50.8948]}},{"type":"Feature","properties":{"CountryName":"France","Type of Animal":"Pigs"},"geometry":{"type":"Point","coordinates":[2.42,50.9252]}},{"type":"Feature","properties":{"CountryName":"France","Type of Animal":"Pigs"},"geometry":{"type":"Point","coordinates":[2.56,50.8648]}},{"type":"Feature","properties":{"CountryName":"France","Type of Animal":"Pigs"},"geometry":{"type":"Point","coordinates":[-0.54,48.4797]}},{"type":"Feature","properties":{"CountryName":"France","Type of Animal":"Pigs"},"geometry":{"type":"Point","coordinates":[0.79624,47.16183]}},{"type":"Feature","properties":{"CountryName":"France","Type of Animal":"Pigs"},"geometry":{"type":"Point","coordinates":[4.35549,49.803]}},{"type":"Feature","properties":{"CountryName":"France","Type of Animal":"Pigs"},"geometry":{"type":"Point","coordinates":[-1.31201,47.71422]}},{"type":"Feature","properties":{"CountryName":"France","Type of Animal":"Pigs"},"geometry":{"type":"Point","coordinates":[-0.25104,43.41336]}},{"type":"Feature","properties":{"CountryName":"France","Type of Animal":"Pigs"},"geometry":{"type":"Point","coordinates":[-4.01469,48.59577]}},{"type":"Feature","properties":{"CountryName":"France","Type of Animal":"Pigs"},"geometry":{"type":"Point","coordinates":[-3.59476,47.91649]}},{"type":"Feature","properties":{"CountryName":"France","Type of Animal":"Pigs"},"geometry":{"type":"Point","coordinates":[-3.08191,47.99273]}},{"type":"Feature","properties":{"CountryName":"France","Type of Animal":"Pigs"},"geometry":{"type":"Point","coordinates":[2.28325,50.83363]}},{"type":"Feature","properties":{"CountryName":"France","Type of Animal":"Pigs"},"geometry":{"type":"Point","coordinates":[-0.14077,48.63794]}},{"type":"Feature","properties":{"CountryName":"France","Type of Animal":"Pigs"},"geometry":{"type":"Point","coordinates":[-0.16862,43.29452]}},{"type":"Feature","properties":{"CountryName":"France","Type of Animal":"Pigs"},"geometry":{"type":"Point","coordinates":[-1.96407,47.62742]}},{"type":"Feature","properties":{"CountryName":"France","Type of Animal":"Pigs"},"geometry":{"type":"Point","coordinates":[-2.09885,48.35682]}},{"type":"Feature","properties":{"CountryName":"France","Type of Animal":"Pigs"},"geometry":{"type":"Point","coordinates":[-2.59766,48.37212]}},{"type":"Feature","properties":{"CountryName":"France","Type of Animal":"Pigs"},"geometry":{"type":"Point","coordinates":[0.12465,48.7893]}},{"type":"Feature","properties":{"CountryName":"France","Type of Animal":"Pigs"},"geometry":{"type":"Point","coordinates":[-2.99616,48.61868]}},{"type":"Feature","properties":{"CountryName":"France","Type of Animal":"Pigs"},"geometry":{"type":"Point","coordinates":[-2.07134,48.52685]}},{"type":"Feature","properties":{"CountryName":"France","Type of Animal":"Pigs"},"geometry":{"type":"Point","coordinates":[-2.92942,48.553]}},{"type":"Feature","properties":{"CountryName":"France","Type of Animal":"Pigs"},"geometry":{"type":"Point","coordinates":[-2.56269,48.50132]}},{"type":"Feature","properties":{"CountryName":"France","Type of Animal":"Pigs"},"geometry":{"type":"Point","coordinates":[-2.85934,48.17801]}},{"type":"Feature","properties":{"CountryName":"France","Type of Animal":"Pigs"},"geometry":{"type":"Point","coordinates":[-2.59688,48.20188]}},{"type":"Feature","properties":{"CountryName":"France","Type of Animal":"Pigs"},"geometry":{"type":"Point","coordinates":[-2.50504,48.43766]}},{"type":"Feature","properties":{"CountryName":"France","Type of Animal":"Pigs"},"geometry":{"type":"Point","coordinates":[-2.85481,48.1486]}},{"type":"Feature","properties":{"CountryName":"France","Type of Animal":"Pigs"},"geometry":{"type":"Point","coordinates":[-2.17079,48.48812]}},{"type":"Feature","properties":{"CountryName":"France","Type of Animal":"Pigs"},"geometry":{"type":"Point","coordinates":[-2.09529,47.82915]}},{"type":"Feature","properties":{"CountryName":"France","Type of Animal":"Pigs"},"geometry":{"type":"Point","coordinates":[-2.00747,48.43801]}},{"type":"Feature","properties":{"CountryName":"France","Type of Animal":"Pigs"},"geometry":{"type":"Point","coordinates":[-1.90715,47.91302]}},{"type":"Feature","properties":{"CountryName":"France","Type of Animal":"Pigs"},"geometry":{"type":"Point","coordinates":[-4.33349,48.52105]}},{"type":"Feature","properties":{"CountryName":"France","Type of Animal":"Pigs"},"geometry":{"type":"Point","coordinates":[0.29,44.4472]}},{"type":"Feature","properties":{"CountryName":"France","Type of Animal":"Pigs"},"geometry":{"type":"Point","coordinates":[-2.9627,48.306]}},{"type":"Feature","properties":{"CountryName":"France","Type of Animal":"Pigs"},"geometry":{"type":"Point","coordinates":[-2.9552,48.1628]}},{"type":"Feature","properties":{"CountryName":"France","Type of Animal":"Pigs"},"geometry":{"type":"Point","coordinates":[-2.4574,48.0773]}},{"type":"Feature","properties":{"CountryName":"France","Type of Animal":"Pigs"},"geometry":{"type":"Point","coordinates":[-2.3761,48.5537]}},{"type":"Feature","properties":{"CountryName":"France","Type of Animal":"Pigs"},"geometry":{"type":"Point","coordinates":[-1.2203,48.3056]}},{"type":"Feature","properties":{"CountryName":"France","Type of Animal":"Pigs"},"geometry":{"type":"Point","coordinates":[-2.7536,48.1791]}},{"type":"Feature","properties":{"CountryName":"France","Type of Animal":"Pigs"},"geometry":{"type":"Point","coordinates":[5.6464,43.478]}},{"type":"Feature","properties":{"CountryName":"France","Type of Animal":"Pigs"},"geometry":{"type":"Point","coordinates":[-0.017,43.3011]}},{"type":"Feature","properties":{"CountryName":"France","Type of Animal":"Pigs"},"geometry":{"type":"Point","coordinates":[2.2912,50.69]}},{"type":"Feature","properties":{"CountryName":"France","Type of Animal":"Pigs"},"geometry":{"type":"Point","coordinates":[5.2124,46.4029]}},{"type":"Feature","properties":{"CountryName":"France","Type of Animal":"Pigs"},"geometry":{"type":"Point","coordinates":[3.6515,49.9335]}},{"type":"Feature","properties":{"CountryName":"France","Type of Animal":"Pigs"},"geometry":{"type":"Point","coordinates":[3.479,49.6909]}},{"type":"Feature","properties":{"CountryName":"France","Type of Animal":"Pigs"},"geometry":{"type":"Point","coordinates":[3.7124,49.8939]}},{"type":"Feature","properties":{"CountryName":"France","Type of Animal":"Pigs"},"geometry":{"type":"Point","coordinates":[2.72,46.6962]}},{"type":"Feature","properties":{"CountryName":"France","Type of Animal":"Pigs"},"geometry":{"type":"Point","coordinates":[3.0255,46.2566]}},{"type":"Feature","properties":{"CountryName":"France","Type of Animal":"Pigs"},"geometry":{"type":"Point","coordinates":[3.05,46.6793]}},{"type":"Feature","properties":{"CountryName":"France","Type of Animal":"Pigs"},"geometry":{"type":"Point","coordinates":[4.1673,49.4817]}},{"type":"Feature","properties":{"CountryName":"France","Type of Animal":"Pigs"},"geometry":{"type":"Point","coordinates":[4.5377,49.7399]}},{"type":"Feature","properties":{"CountryName":"France","Type of Animal":"Pigs"},"geometry":{"type":"Point","coordinates":[4.6372,49.4289]}},{"type":"Feature","properties":{"CountryName":"France","Type of Animal":"Pigs"},"geometry":{"type":"Point","coordinates":[4.1425,49.6029]}},{"type":"Feature","properties":{"CountryName":"France","Type of Animal":"Pigs"},"geometry":{"type":"Point","coordinates":[4.5392,49.3673]}},{"type":"Feature","properties":{"CountryName":"France","Type of Animal":"Pigs"},"geometry":{"type":"Point","coordinates":[4.3537,48.5604]}},{"type":"Feature","properties":{"CountryName":"France","Type of Animal":"Pigs"},"geometry":{"type":"Point","coordinates":[1.8491,45.5808]}},{"type":"Feature","properties":{"CountryName":"France","Type of Animal":"Pigs"},"geometry":{"type":"Point","coordinates":[-2.8901,48.3129]}},{"type":"Feature","properties":{"CountryName":"France","Type of Animal":"Pigs"},"geometry":{"type":"Point","coordinates":[-2.8735,48.3034]}},{"type":"Feature","properties":{"CountryName":"France","Type of Animal":"Pigs"},"geometry":{"type":"Point","coordinates":[-2.5518,48.4976]}},{"type":"Feature","properties":{"CountryName":"France","Type of Animal":"Pigs"},"geometry":{"type":"Point","coordinates":[-2.55,48.494]}},{"type":"Feature","properties":{"CountryName":"France","Type of Animal":"Pigs"},"geometry":{"type":"Point","coordinates":[-2.4443,48.593]}},{"type":"Feature","properties":{"CountryName":"France","Type of Animal":"Pigs"},"geometry":{"type":"Point","coordinates":[-2.5897,48.0651]}},{"type":"Feature","properties":{"CountryName":"France","Type of Animal":"Pigs"},"geometry":{"type":"Point","coordinates":[-3.0911,48.3243]}},{"type":"Feature","properties":{"CountryName":"France","Type of Animal":"Pigs"},"geometry":{"type":"Point","coordinates":[-3.0905,48.3232]}},{"type":"Feature","properties":{"CountryName":"France","Type of Animal":"Pigs"},"geometry":{"type":"Point","coordinates":[-2.9929,48.6074]}},{"type":"Feature","properties":{"CountryName":"France","Type of Animal":"Pigs"},"geometry":{"type":"Point","coordinates":[-2.102,48.2955]}},{"type":"Feature","properties":{"CountryName":"France","Type of Animal":"Pigs"},"geometry":{"type":"Point","coordinates":[-2.96,48.346]}},{"type":"Feature","properties":{"CountryName":"France","Type of Animal":"Pigs"},"geometry":{"type":"Point","coordinates":[-2.4097,48.5633]}},{"type":"Feature","properties":{"CountryName":"France","Type of Animal":"Pigs"},"geometry":{"type":"Point","coordinates":[-2.4968,48.4682]}},{"type":"Feature","properties":{"CountryName":"France","Type of Animal":"Pigs"},"geometry":{"type":"Point","coordinates":[-2.4968,48.4682]}},{"type":"Feature","properties":{"CountryName":"France","Type of Animal":"Pigs"},"geometry":{"type":"Point","coordinates":[-2.1891,48.4342]}},{"type":"Feature","properties":{"CountryName":"France","Type of Animal":"Pigs"},"geometry":{"type":"Point","coordinates":[-3.163,48.2275]}},{"type":"Feature","properties":{"CountryName":"France","Type of Animal":"Pigs"},"geometry":{"type":"Point","coordinates":[-3.0339,48.6538]}},{"type":"Feature","properties":{"CountryName":"France","Type of Animal":"Pigs"},"geometry":{"type":"Point","coordinates":[-3.5549,48.4641]}},{"type":"Feature","properties":{"CountryName":"France","Type of Animal":"Pigs"},"geometry":{"type":"Point","coordinates":[-2.75,48.1825]}},{"type":"Feature","properties":{"CountryName":"France","Type of Animal":"Pigs"},"geometry":{"type":"Point","coordinates":[-2.7402,48.1388]}},{"type":"Feature","properties":{"CountryName":"France","Type of Animal":"Pigs"},"geometry":{"type":"Point","coordinates":[-2.8067,48.1882]}},{"type":"Feature","properties":{"CountryName":"France","Type of Animal":"Pigs"},"geometry":{"type":"Point","coordinates":[-2.807,48.2147]}},{"type":"Feature","properties":{"CountryName":"France","Type of Animal":"Pigs"},"geometry":{"type":"Point","coordinates":[-2.4378,48.1785]}},{"type":"Feature","properties":{"CountryName":"France","Type of Animal":"Pigs"},"geometry":{"type":"Point","coordinates":[-2.9129,48.2748]}},{"type":"Feature","properties":{"CountryName":"France","Type of Animal":"Pigs"},"geometry":{"type":"Point","coordinates":[-2.7361,48.2219]}},{"type":"Feature","properties":{"CountryName":"France","Type of Animal":"Pigs"},"geometry":{"type":"Point","coordinates":[-2.4806,48.3614]}},{"type":"Feature","properties":{"CountryName":"France","Type of Animal":"Pigs"},"geometry":{"type":"Point","coordinates":[-2.4954,48.3602]}},{"type":"Feature","properties":{"CountryName":"France","Type of Animal":"Pigs"},"geometry":{"type":"Point","coordinates":[-2.7421,48.4418]}},{"type":"Feature","properties":{"CountryName":"France","Type of Animal":"Pigs"},"geometry":{"type":"Point","coordinates":[-2.5703,48.1907]}},{"type":"Feature","properties":{"CountryName":"France","Type of Animal":"Pigs"},"geometry":{"type":"Point","coordinates":[-2.0713,48.5268]}},{"type":"Feature","properties":{"CountryName":"France","Type of Animal":"Pigs"},"geometry":{"type":"Point","coordinates":[-2.5854,48.2449]}},{"type":"Feature","properties":{"CountryName":"France","Type of Animal":"Pigs"},"geometry":{"type":"Point","coordinates":[-2.4832,48.3982]}},{"type":"Feature","properties":{"CountryName":"France","Type of Animal":"Pigs"},"geometry":{"type":"Point","coordinates":[-3.4917,48.6239]}},{"type":"Feature","properties":{"CountryName":"France","Type of Animal":"Pigs"},"geometry":{"type":"Point","coordinates":[-2.239,48.2567]}},{"type":"Feature","properties":{"CountryName":"France","Type of Animal":"Pigs"},"geometry":{"type":"Point","coordinates":[-2.5673,48.1038]}},{"type":"Feature","properties":{"CountryName":"France","Type of Animal":"Pigs"},"geometry":{"type":"Point","coordinates":[-2.6188,48.0935]}},{"type":"Feature","properties":{"CountryName":"France","Type of Animal":"Pigs"},"geometry":{"type":"Point","coordinates":[-3.0495,48.2629]}},{"type":"Feature","properties":{"CountryName":"France","Type of Animal":"Pigs"},"geometry":{"type":"Point","coordinates":[-3.085,48.2635]}},{"type":"Feature","properties":{"CountryName":"France","Type of Animal":"Pigs"},"geometry":{"type":"Point","coordinates":[-2.3563,48.3053]}},{"type":"Feature","properties":{"CountryName":"France","Type of Animal":"Pigs"},"geometry":{"type":"Point","coordinates":[-2.7021,48.136]}},{"type":"Feature","properties":{"CountryName":"France","Type of Animal":"Pigs"},"geometry":{"type":"Point","coordinates":[-2.7507,48.4005]}},{"type":"Feature","properties":{"CountryName":"France","Type of Animal":"Pigs"},"geometry":{"type":"Point","coordinates":[-3.1456,48.1839]}},{"type":"Feature","properties":{"CountryName":"France","Type of Animal":"Pigs"},"geometry":{"type":"Point","coordinates":[-2.1604,48.2678]}},{"type":"Feature","properties":{"CountryName":"France","Type of Animal":"Pigs"},"geometry":{"type":"Point","coordinates":[-2.057,48.3355]}},{"type":"Feature","properties":{"CountryName":"France","Type of Animal":"Pigs"},"geometry":{"type":"Point","coordinates":[-2.848,48.2422]}},{"type":"Feature","properties":{"CountryName":"France","Type of Animal":"Pigs"},"geometry":{"type":"Point","coordinates":[-2.8504,48.5467]}},{"type":"Feature","properties":{"CountryName":"France","Type of Animal":"Pigs"},"geometry":{"type":"Point","coordinates":[-2.3157,48.2095]}},{"type":"Feature","properties":{"CountryName":"France","Type of Animal":"Pigs"},"geometry":{"type":"Point","coordinates":[-2.2952,48.2145]}},{"type":"Feature","properties":{"CountryName":"France","Type of Animal":"Pigs"},"geometry":{"type":"Point","coordinates":[-2.9758,48.6045]}},{"type":"Feature","properties":{"CountryName":"France","Type of Animal":"Pigs"},"geometry":{"type":"Point","coordinates":[-3.0665,48.6541]}},{"type":"Feature","properties":{"CountryName":"France","Type of Animal":"Pigs"},"geometry":{"type":"Point","coordinates":[-2.1567,48.3525]}},{"type":"Feature","properties":{"CountryName":"France","Type of Animal":"Pigs"},"geometry":{"type":"Point","coordinates":[-2.7283,48.197]}},{"type":"Feature","properties":{"CountryName":"France","Type of Animal":"Pigs"},"geometry":{"type":"Point","coordinates":[-3.2301,48.7591]}},{"type":"Feature","properties":{"CountryName":"France","Type of Animal":"Pigs"},"geometry":{"type":"Point","coordinates":[-2.8754,48.1851]}},{"type":"Feature","properties":{"CountryName":"France","Type of Animal":"Pigs"},"geometry":{"type":"Point","coordinates":[-3.4726,48.299]}},{"type":"Feature","properties":{"CountryName":"France","Type of Animal":"Pigs"},"geometry":{"type":"Point","coordinates":[0.87,45.3411]}},{"type":"Feature","properties":{"CountryName":"France","Type of Animal":"Pigs"},"geometry":{"type":"Point","coordinates":[1.1464,45.1798]}},{"type":"Feature","properties":{"CountryName":"France","Type of Animal":"Pigs"},"geometry":{"type":"Point","coordinates":[1.6308,48.3345]}},{"type":"Feature","properties":{"CountryName":"France","Type of Animal":"Pigs"},"geometry":{"type":"Point","coordinates":[-3.7395,47.9481]}},{"type":"Feature","properties":{"CountryName":"France","Type of Animal":"Pigs"},"geometry":{"type":"Point","coordinates":[-3.7383,47.947]}},{"type":"Feature","properties":{"CountryName":"France","Type of Animal":"Pigs"},"geometry":{"type":"Point","coordinates":[-4.4585,48.0869]}},{"type":"Feature","properties":{"CountryName":"France","Type of Animal":"Pigs"},"geometry":{"type":"Point","coordinates":[-4.539,48.0659]}},{"type":"Feature","properties":{"CountryName":"France","Type of Animal":"Pigs"},"geometry":{"type":"Point","coordinates":[-3.671,48.2503]}},{"type":"Feature","properties":{"CountryName":"France","Type of Animal":"Pigs"},"geometry":{"type":"Point","coordinates":[-4.2874,48.3767]}},{"type":"Feature","properties":{"CountryName":"France","Type of Animal":"Pigs"},"geometry":{"type":"Point","coordinates":[-3.9891,48.0775]}},{"type":"Feature","properties":{"CountryName":"France","Type of Animal":"Pigs"},"geometry":{"type":"Point","coordinates":[-3.9421,48.1635]}},{"type":"Feature","properties":{"CountryName":"France","Type of Animal":"Pigs"},"geometry":{"type":"Point","coordinates":[-3.9393,48.5818]}},{"type":"Feature","properties":{"CountryName":"France","Type of Animal":"Pigs"},"geometry":{"type":"Point","coordinates":[-3.9818,48.5095]}},{"type":"Feature","properties":{"CountryName":"France","Type of Animal":"Pigs"},"geometry":{"type":"Point","coordinates":[-4.2443,48.3415]}},{"type":"Feature","properties":{"CountryName":"France","Type of Animal":"Pigs"},"geometry":{"type":"Point","coordinates":[-3.6219,48.2978]}},{"type":"Feature","properties":{"CountryName":"France","Type of Animal":"Pigs"},"geometry":{"type":"Point","coordinates":[-4.4037,48.5742]}},{"type":"Feature","properties":{"CountryName":"France","Type of Animal":"Pigs"},"geometry":{"type":"Point","coordinates":[-3.7366,48.2353]}},{"type":"Feature","properties":{"CountryName":"France","Type of Animal":"Pigs"},"geometry":{"type":"Point","coordinates":[-4.033,48.5122]}},{"type":"Feature","properties":{"CountryName":"France","Type of Animal":"Pigs"},"geometry":{"type":"Point","coordinates":[-4.7227,48.4905]}},{"type":"Feature","properties":{"CountryName":"France","Type of Animal":"Pigs"},"geometry":{"type":"Point","coordinates":[-3.8995,48.2871]}},{"type":"Feature","properties":{"CountryName":"France","Type of Animal":"Pigs"},"geometry":{"type":"Point","coordinates":[-4.4961,48.5648]}},{"type":"Feature","properties":{"CountryName":"France","Type of Animal":"Pigs"},"geometry":{"type":"Point","coordinates":[-4.0863,48.4597]}},{"type":"Feature","properties":{"CountryName":"France","Type of Animal":"Pigs"},"geometry":{"type":"Point","coordinates":[-4.0999,48.4755]}},{"type":"Feature","properties":{"CountryName":"France","Type of Animal":"Pigs"},"geometry":{"type":"Point","coordinates":[-3.6879,48.3421]}},{"type":"Feature","properties":{"CountryName":"France","Type of Animal":"Pigs"},"geometry":{"type":"Point","coordinates":[-4.5488,48.4697]}},{"type":"Feature","properties":{"CountryName":"France","Type of Animal":"Pigs"},"geometry":{"type":"Point","coordinates":[-4.3897,48.4775]}},{"type":"Feature","properties":{"CountryName":"France","Type of Animal":"Pigs"},"geometry":{"type":"Point","coordinates":[-4.4091,48.507]}},{"type":"Feature","properties":{"CountryName":"France","Type of Animal":"Pigs"},"geometry":{"type":"Point","coordinates":[-4.2162,48.1823]}},{"type":"Feature","properties":{"CountryName":"France","Type of Animal":"Pigs"},"geometry":{"type":"Point","coordinates":[-4.2065,48.0069]}},{"type":"Feature","properties":{"CountryName":"France","Type of Animal":"Pigs"},"geometry":{"type":"Point","coordinates":[-4.1312,48.4392]}},{"type":"Feature","properties":{"CountryName":"France","Type of Animal":"Pigs"},"geometry":{"type":"Point","coordinates":[-4.2271,48.4848]}},{"type":"Feature","properties":{"CountryName":"France","Type of Animal":"Pigs"},"geometry":{"type":"Point","coordinates":[-4.5537,48.5222]}},{"type":"Feature","properties":{"CountryName":"France","Type of Animal":"Pigs"},"geometry":{"type":"Point","coordinates":[-4.5911,48.5322]}},{"type":"Feature","properties":{"CountryName":"France","Type of Animal":"Pigs"},"geometry":{"type":"Point","coordinates":[-4.3008,48.5998]}},{"type":"Feature","properties":{"CountryName":"France","Type of Animal":"Pigs"},"geometry":{"type":"Point","coordinates":[-4.1704,48.4979]}},{"type":"Feature","properties":{"CountryName":"France","Type of Animal":"Pigs"},"geometry":{"type":"Point","coordinates":[-4.0389,48.5826]}},{"type":"Feature","properties":{"CountryName":"France","Type of Animal":"Pigs"},"geometry":{"type":"Point","coordinates":[-4.0615,48.5778]}},{"type":"Feature","properties":{"CountryName":"France","Type of Animal":"Pigs"},"geometry":{"type":"Point","coordinates":[-4.0147,48.5957]}},{"type":"Feature","properties":{"CountryName":"France","Type of Animal":"Pigs"},"geometry":{"type":"Point","coordinates":[-4.0407,48.6088]}},{"type":"Feature","properties":{"CountryName":"France","Type of Animal":"Pigs"},"geometry":{"type":"Point","coordinates":[-3.5698,48.3532]}},{"type":"Feature","properties":{"CountryName":"France","Type of Animal":"Pigs"},"geometry":{"type":"Point","coordinates":[-4.1397,48.1198]}},{"type":"Feature","properties":{"CountryName":"France","Type of Animal":"Pigs"},"geometry":{"type":"Point","coordinates":[-4.2129,48.5443]}},{"type":"Feature","properties":{"CountryName":"France","Type of Animal":"Pigs"},"geometry":{"type":"Point","coordinates":[-3.7635,48.6692]}},{"type":"Feature","properties":{"CountryName":"France","Type of Animal":"Pigs"},"geometry":{"type":"Point","coordinates":[-3.8704,48.5072]}},{"type":"Feature","properties":{"CountryName":"France","Type of Animal":"Pigs"},"geometry":{"type":"Point","coordinates":[-4.3389,48.4997]}},{"type":"Feature","properties":{"CountryName":"France","Type of Animal":"Pigs"},"geometry":{"type":"Point","coordinates":[-3.7656,48.0659]}},{"type":"Feature","properties":{"CountryName":"France","Type of Animal":"Pigs"},"geometry":{"type":"Point","coordinates":[-4.0207,48.4172]}},{"type":"Feature","properties":{"CountryName":"France","Type of Animal":"Pigs"},"geometry":{"type":"Point","coordinates":[-4.04,48.435]}},{"type":"Feature","properties":{"CountryName":"France","Type of Animal":"Pigs"},"geometry":{"type":"Point","coordinates":[-4.06,48.3835]}},{"type":"Feature","properties":{"CountryName":"France","Type of Animal":"Pigs"},"geometry":{"type":"Point","coordinates":[-4.1619,48.4131]}},{"type":"Feature","properties":{"CountryName":"France","Type of Animal":"Pigs"},"geometry":{"type":"Point","coordinates":[-4.6709,48.5379]}},{"type":"Feature","properties":{"CountryName":"France","Type of Animal":"Pigs"},"geometry":{"type":"Point","coordinates":[-3.7238,48.2452]}},{"type":"Feature","properties":{"CountryName":"France","Type of Animal":"Pigs"},"geometry":{"type":"Point","coordinates":[-1.173,47.9533]}},{"type":"Feature","properties":{"CountryName":"France","Type of Animal":"Pigs"},"geometry":{"type":"Point","coordinates":[-1.5457,48.4439]}},{"type":"Feature","properties":{"CountryName":"France","Type of Animal":"Pigs"},"geometry":{"type":"Point","coordinates":[-1.4009,47.9552]}},{"type":"Feature","properties":{"CountryName":"France","Type of Animal":"Pigs"},"geometry":{"type":"Point","coordinates":[-2.1667,48.1438]}},{"type":"Feature","properties":{"CountryName":"France","Type of Animal":"Pigs"},"geometry":{"type":"Point","coordinates":[-1.3296,47.8801]}},{"type":"Feature","properties":{"CountryName":"France","Type of Animal":"Pigs"},"geometry":{"type":"Point","coordinates":[-1.4365,48.465]}},{"type":"Feature","properties":{"CountryName":"France","Type of Animal":"Pigs"},"geometry":{"type":"Point","coordinates":[-2.0401,47.7726]}},{"type":"Feature","properties":{"CountryName":"France","Type of Animal":"Pigs"},"geometry":{"type":"Point","coordinates":[-2.1292,48.2052]}},{"type":"Feature","properties":{"CountryName":"France","Type of Animal":"Pigs"},"geometry":{"type":"Point","coordinates":[2.0571,46.5817]}},{"type":"Feature","properties":{"CountryName":"France","Type of Animal":"Pigs"},"geometry":{"type":"Point","coordinates":[0.6581,47.0623]}},{"type":"Feature","properties":{"CountryName":"France","Type of Animal":"Pigs"},"geometry":{"type":"Point","coordinates":[1.2016,47.0859]}},{"type":"Feature","properties":{"CountryName":"France","Type of Animal":"Pigs"},"geometry":{"type":"Point","coordinates":[0.6812,47.6361]}},{"type":"Feature","properties":{"CountryName":"France","Type of Animal":"Pigs"},"geometry":{"type":"Point","coordinates":[5.381,45.1697]}},{"type":"Feature","properties":{"CountryName":"France","Type of Animal":"Pigs"},"geometry":{"type":"Point","coordinates":[5.4939,46.967]}},{"type":"Feature","properties":{"CountryName":"France","Type of Animal":"Pigs"},"geometry":{"type":"Point","coordinates":[-0.4657,43.6646]}},{"type":"Feature","properties":{"CountryName":"France","Type of Animal":"Pigs"},"geometry":{"type":"Point","coordinates":[-0.21,44.1728]}},{"type":"Feature","properties":{"CountryName":"France","Type of Animal":"Pigs"},"geometry":{"type":"Point","coordinates":[-0.4836,43.6143]}},{"type":"Feature","properties":{"CountryName":"France","Type of Animal":"Pigs"},"geometry":{"type":"Point","coordinates":[-0.4498,43.7511]}},{"type":"Feature","properties":{"CountryName":"France","Type of Animal":"Pigs"},"geometry":{"type":"Point","coordinates":[-0.78,44.2826]}},{"type":"Feature","properties":{"CountryName":"France","Type of Animal":"Pigs"},"geometry":{"type":"Point","coordinates":[1.2447,47.3166]}},{"type":"Feature","properties":{"CountryName":"France","Type of Animal":"Pigs"},"geometry":{"type":"Point","coordinates":[0.9497,48.0742]}},{"type":"Feature","properties":{"CountryName":"France","Type of Animal":"Pigs"},"geometry":{"type":"Point","coordinates":[1.2568,47.8487]}},{"type":"Feature","properties":{"CountryName":"France","Type of Animal":"Pigs"},"geometry":{"type":"Point","coordinates":[3.2218,45.3306]}},{"type":"Feature","properties":{"CountryName":"France","Type of Animal":"Pigs"},"geometry":{"type":"Point","coordinates":[3.5187,45.1801]}},{"type":"Feature","properties":{"CountryName":"France","Type of Animal":"Pigs"},"geometry":{"type":"Point","coordinates":[-1.3259,47.0481]}},{"type":"Feature","properties":{"CountryName":"France","Type of Animal":"Pigs"},"geometry":{"type":"Point","coordinates":[-1.1226,47.0431]}},{"type":"Feature","properties":{"CountryName":"France","Type of Animal":"Pigs"},"geometry":{"type":"Point","coordinates":[2.2337,47.8808]}},{"type":"Feature","properties":{"CountryName":"France","Type of Animal":"Pigs"},"geometry":{"type":"Point","coordinates":[-0.8267,47.7231]}},{"type":"Feature","properties":{"CountryName":"France","Type of Animal":"Pigs"},"geometry":{"type":"Point","coordinates":[-0.51,47.1892]}},{"type":"Feature","properties":{"CountryName":"France","Type of Animal":"Pigs"},"geometry":{"type":"Point","coordinates":[-0.96,47.0063]}},{"type":"Feature","properties":{"CountryName":"France","Type of Animal":"Pigs"},"geometry":{"type":"Point","coordinates":[-0.73,47.2648]}},{"type":"Feature","properties":{"CountryName":"France","Type of Animal":"Pigs"},"geometry":{"type":"Point","coordinates":[-1.4174,48.911]}},{"type":"Feature","properties":{"CountryName":"France","Type of Animal":"Pigs"},"geometry":{"type":"Point","coordinates":[-1.1502,48.6796]}},{"type":"Feature","properties":{"CountryName":"France","Type of Animal":"Pigs"},"geometry":{"type":"Point","coordinates":[-1.1314,48.6253]}},{"type":"Feature","properties":{"CountryName":"France","Type of Animal":"Pigs"},"geometry":{"type":"Point","coordinates":[-1.7788,49.4044]}},{"type":"Feature","properties":{"CountryName":"France","Type of Animal":"Pigs"},"geometry":{"type":"Point","coordinates":[-1.4607,48.5583]}},{"type":"Feature","properties":{"CountryName":"France","Type of Animal":"Pigs"},"geometry":{"type":"Point","coordinates":[-0.9268,48.687]}},{"type":"Feature","properties":{"CountryName":"France","Type of Animal":"Pigs"},"geometry":{"type":"Point","coordinates":[-1.0495,48.7056]}},{"type":"Feature","properties":{"CountryName":"France","Type of Animal":"Pigs"},"geometry":{"type":"Point","coordinates":[4.4714,48.7162]}},{"type":"Feature","properties":{"CountryName":"France","Type of Animal":"Pigs"},"geometry":{"type":"Point","coordinates":[4.5161,49.0401]}},{"type":"Feature","properties":{"CountryName":"France","Type of Animal":"Pigs"},"geometry":{"type":"Point","coordinates":[3.8345,48.5373]}},{"type":"Feature","properties":{"CountryName":"France","Type of Animal":"Pigs"},"geometry":{"type":"Point","coordinates":[-0.5176,47.9992]}},{"type":"Feature","properties":{"CountryName":"France","Type of Animal":"Pigs"},"geometry":{"type":"Point","coordinates":[-3.0202,48.0033]}},{"type":"Feature","properties":{"CountryName":"France","Type of Animal":"Pigs"},"geometry":{"type":"Point","coordinates":[-2.7217,47.8883]}},{"type":"Feature","properties":{"CountryName":"France","Type of Animal":"Pigs"},"geometry":{"type":"Point","coordinates":[-2.2811,47.6605]}},{"type":"Feature","properties":{"CountryName":"France","Type of Animal":"Pigs"},"geometry":{"type":"Point","coordinates":[-2.7816,47.8142]}},{"type":"Feature","properties":{"CountryName":"France","Type of Animal":"Pigs"},"geometry":{"type":"Point","coordinates":[-2.77091,48.01525]}},{"type":"Feature","properties":{"CountryName":"France","Type of Animal":"Pigs"},"geometry":{"type":"Point","coordinates":[-2.772,48.0492]}},{"type":"Feature","properties":{"CountryName":"France","Type of Animal":"Pigs"},"geometry":{"type":"Point","coordinates":[-2.5663,47.8589]}},{"type":"Feature","properties":{"CountryName":"France","Type of Animal":"Pigs"},"geometry":{"type":"Point","coordinates":[-3.1909,47.8565]}},{"type":"Feature","properties":{"CountryName":"France","Type of Animal":"Pigs"},"geometry":{"type":"Point","coordinates":[-2.5715,47.9545]}},{"type":"Feature","properties":{"CountryName":"France","Type of Animal":"Pigs"},"geometry":{"type":"Point","coordinates":[-3.3034,48.0153]}},{"type":"Feature","properties":{"CountryName":"France","Type of Animal":"Pigs"},"geometry":{"type":"Point","coordinates":[-2.5138,47.8594]}},{"type":"Feature","properties":{"CountryName":"France","Type of Animal":"Pigs"},"geometry":{"type":"Point","coordinates":[-2.3146,48.0749]}},{"type":"Feature","properties":{"CountryName":"France","Type of Animal":"Pigs"},"geometry":{"type":"Point","coordinates":[-2.3,48.104]}},{"type":"Feature","properties":{"CountryName":"France","Type of Animal":"Pigs"},"geometry":{"type":"Point","coordinates":[-2.4871,48.1203]}},{"type":"Feature","properties":{"CountryName":"France","Type of Animal":"Pigs"},"geometry":{"type":"Point","coordinates":[-2.5213,48.0494]}},{"type":"Feature","properties":{"CountryName":"France","Type of Animal":"Pigs"},"geometry":{"type":"Point","coordinates":[-2.2126,47.8622]}},{"type":"Feature","properties":{"CountryName":"France","Type of Animal":"Pigs"},"geometry":{"type":"Point","coordinates":[-2.8393,48.0208]}},{"type":"Feature","properties":{"CountryName":"France","Type of Animal":"Pigs"},"geometry":{"type":"Point","coordinates":[-2.84,48.0205]}},{"type":"Feature","properties":{"CountryName":"France","Type of Animal":"Pigs"},"geometry":{"type":"Point","coordinates":[-2.97,48.1229]}},{"type":"Feature","properties":{"CountryName":"France","Type of Animal":"Pigs"},"geometry":{"type":"Point","coordinates":[-2.9528,48.1128]}},{"type":"Feature","properties":{"CountryName":"France","Type of Animal":"Pigs"},"geometry":{"type":"Point","coordinates":[-3.3042,48.1494]}},{"type":"Feature","properties":{"CountryName":"France","Type of Animal":"Pigs"},"geometry":{"type":"Point","coordinates":[-3.4136,47.843]}},{"type":"Feature","properties":{"CountryName":"France","Type of Animal":"Pigs"},"geometry":{"type":"Point","coordinates":[-2.43,47.6361]}},{"type":"Feature","properties":{"CountryName":"France","Type of Animal":"Pigs"},"geometry":{"type":"Point","coordinates":[-2.3138,47.8295]}},{"type":"Feature","properties":{"CountryName":"France","Type of Animal":"Pigs"},"geometry":{"type":"Point","coordinates":[-3.0334,47.9228]}},{"type":"Feature","properties":{"CountryName":"France","Type of Animal":"Pigs"},"geometry":{"type":"Point","coordinates":[-2.8466,48.1291]}},{"type":"Feature","properties":{"CountryName":"France","Type of Animal":"Pigs"},"geometry":{"type":"Point","coordinates":[-2.9375,47.9982]}},{"type":"Feature","properties":{"CountryName":"France","Type of Animal":"Pigs"},"geometry":{"type":"Point","coordinates":[-2.22,47.8467]}},{"type":"Feature","properties":{"CountryName":"France","Type of Animal":"Pigs"},"geometry":{"type":"Point","coordinates":[-2.2259,47.8373]}},{"type":"Feature","properties":{"CountryName":"France","Type of Animal":"Pigs"},"geometry":{"type":"Point","coordinates":[-2.52,48.0922]}},{"type":"Feature","properties":{"CountryName":"France","Type of Animal":"Pigs"},"geometry":{"type":"Point","coordinates":[-2.82066,47.87353]}},{"type":"Feature","properties":{"CountryName":"France","Type of Animal":"Pigs"},"geometry":{"type":"Point","coordinates":[-2.7662,47.7472]}},{"type":"Feature","properties":{"CountryName":"France","Type of Animal":"Pigs"},"geometry":{"type":"Point","coordinates":[-3.4174,48.0734]}},{"type":"Feature","properties":{"CountryName":"France","Type of Animal":"Pigs"},"geometry":{"type":"Point","coordinates":[2.6928,50.7034]}},{"type":"Feature","properties":{"CountryName":"France","Type of Animal":"Pigs"},"geometry":{"type":"Point","coordinates":[2.6296,50.7495]}},{"type":"Feature","properties":{"CountryName":"France","Type of Animal":"Pigs"},"geometry":{"type":"Point","coordinates":[2.5776,50.9967]}},{"type":"Feature","properties":{"CountryName":"France","Type of Animal":"Pigs"},"geometry":{"type":"Point","coordinates":[2.6744,50.7297]}},{"type":"Feature","properties":{"CountryName":"France","Type of Animal":"Pigs"},"geometry":{"type":"Point","coordinates":[2.67,50.7254]}},{"type":"Feature","properties":{"CountryName":"France","Type of Animal":"Pigs"},"geometry":{"type":"Point","coordinates":[3.75,50.0845]}},{"type":"Feature","properties":{"CountryName":"France","Type of Animal":"Pigs"},"geometry":{"type":"Point","coordinates":[2.7892,50.6778]}},{"type":"Feature","properties":{"CountryName":"France","Type of Animal":"Pigs"},"geometry":{"type":"Point","coordinates":[2.4902,50.8724]}},{"type":"Feature","properties":{"CountryName":"France","Type of Animal":"Pigs"},"geometry":{"type":"Point","coordinates":[0.4892,48.8779]}},{"type":"Feature","properties":{"CountryName":"France","Type of Animal":"Pigs"},"geometry":{"type":"Point","coordinates":[-0.32,48.5626]}},{"type":"Feature","properties":{"CountryName":"France","Type of Animal":"Pigs"},"geometry":{"type":"Point","coordinates":[1.9742,50.4462]}},{"type":"Feature","properties":{"CountryName":"France","Type of Animal":"Pigs"},"geometry":{"type":"Point","coordinates":[2.9251,46.239]}},{"type":"Feature","properties":{"CountryName":"France","Type of Animal":"Pigs"},"geometry":{"type":"Point","coordinates":[7.5852,48.6569]}},{"type":"Feature","properties":{"CountryName":"France","Type of Animal":"Pigs"},"geometry":{"type":"Point","coordinates":[7.3578,47.8411]}},{"type":"Feature","properties":{"CountryName":"France","Type of Animal":"Pigs"},"geometry":{"type":"Point","coordinates":[0.5811,47.9197]}},{"type":"Feature","properties":{"CountryName":"France","Type of Animal":"Pigs"},"geometry":{"type":"Point","coordinates":[-0.07999,48.0989]}},{"type":"Feature","properties":{"CountryName":"France","Type of Animal":"Pigs"},"geometry":{"type":"Point","coordinates":[5.9602,45.7792]}},{"type":"Feature","properties":{"CountryName":"France","Type of Animal":"Pigs"},"geometry":{"type":"Point","coordinates":[1.4937,49.8274]}},{"type":"Feature","properties":{"CountryName":"France","Type of Animal":"Pigs"},"geometry":{"type":"Point","coordinates":[2.2822,50.0978]}},{"type":"Feature","properties":{"CountryName":"France","Type of Animal":"Pigs"},"geometry":{"type":"Point","coordinates":[-1.3574,46.812]}},{"type":"Feature","properties":{"CountryName":"France","Type of Animal":"Pigs"},"geometry":{"type":"Point","coordinates":[-1.354,47.0378]}},{"type":"Feature","properties":{"CountryName":"France","Type of Animal":"Pigs"},"geometry":{"type":"Point","coordinates":[1.7189,45.6426]}},{"type":"Feature","properties":{"CountryName":"France","Type of Animal":"Pigs"},"geometry":{"type":"Point","coordinates":[6.448,48.4054]}},{"type":"Feature","properties":{"CountryName":"France","Type of Animal":"Pigs"},"geometry":{"type":"Point","coordinates":[5.9098,48.2132]}},{"type":"Feature","properties":{"CountryName":"France","Type of Animal":"Pigs"},"geometry":{"type":"Point","coordinates":[3.9451,47.7013]}},{"type":"Feature","properties":{"CountryName":"France","Type of Animal":"Pigs"},"geometry":{"type":"Point","coordinates":[3.35188,49.28795]}},{"type":"Feature","properties":{"CountryName":"France","Type of Animal":"Pigs"},"geometry":{"type":"Point","coordinates":[5.41924,48.73538]}},{"type":"Feature","properties":{"CountryName":"France","Type of Animal":"Pigs"},"geometry":{"type":"Point","coordinates":[-1.24275,48.13973]}},{"type":"Feature","properties":{"CountryName":"France","Type of Animal":"Pigs"},"geometry":{"type":"Point","coordinates":[-1.89679,48.06028]}},{"type":"Feature","properties":{"CountryName":"France","Type of Animal":"Pigs"},"geometry":{"type":"Point","coordinates":[-2.99003,48.57283]}},{"type":"Feature","properties":{"CountryName":"France","Type of Animal":"Pigs"},"geometry":{"type":"Point","coordinates":[-4.23767,48.59726]}},{"type":"Feature","properties":{"CountryName":"France","Type of Animal":"Pigs"},"geometry":{"type":"Point","coordinates":[-2.51484,48.39285]}},{"type":"Feature","properties":{"CountryName":"France","Type of Animal":"Pigs"},"geometry":{"type":"Point","coordinates":[5.24742,46.46681]}},{"type":"Feature","properties":{"CountryName":"France","Type of Animal":"Pigs"},"geometry":{"type":"Point","coordinates":[3.90118,46.54467]}},{"type":"Feature","properties":{"CountryName":"France","Type of Animal":"Pigs"},"geometry":{"type":"Point","coordinates":[-0.97738,46.9705]}},{"type":"Feature","properties":{"CountryName":"France","Type of Animal":"Pigs"},"geometry":{"type":"Point","coordinates":[4.36778,48.56861]}},{"type":"Feature","properties":{"CountryName":"France","Type of Animal":"Pigs"},"geometry":{"type":"Point","coordinates":[-0.37414,43.35677]}},{"type":"Feature","properties":{"CountryName":"France","Type of Animal":"Pigs"},"geometry":{"type":"Point","coordinates":[2.08138,50.05468]}},{"type":"Feature","properties":{"CountryName":"France","Type of Animal":"Pigs"},"geometry":{"type":"Point","coordinates":[0.40517,44.46676]}},{"type":"Feature","properties":{"CountryName":"France","Type of Animal":"Pigs"},"geometry":{"type":"Point","coordinates":[-1.58393,48.45051]}},{"type":"Feature","properties":{"CountryName":"France","Type of Animal":"Pigs"},"geometry":{"type":"Point","coordinates":[-2.10269,48.14724]}},{"type":"Feature","properties":{"CountryName":"France","Type of Animal":"Pigs"},"geometry":{"type":"Point","coordinates":[-1.35713,47.80993]}},{"type":"Feature","properties":{"CountryName":"France","Type of Animal":"Pigs"},"geometry":{"type":"Point","coordinates":[-1.99346,47.8881]}},{"type":"Feature","properties":{"CountryName":"France","Type of Animal":"Pigs"},"geometry":{"type":"Point","coordinates":[2.12234,46.49619]}},{"type":"Feature","properties":{"CountryName":"France","Type of Animal":"Pigs"},"geometry":{"type":"Point","coordinates":[-2.28657,47.59081]}},{"type":"Feature","properties":{"CountryName":"France","Type of Animal":"Pigs"},"geometry":{"type":"Point","coordinates":[-3.07733,47.86881]}},{"type":"Feature","properties":{"CountryName":"France","Type of Animal":"Pigs"},"geometry":{"type":"Point","coordinates":[0.35564,43.30521]}},{"type":"Feature","properties":{"CountryName":"France","Type of Animal":"Pigs"},"geometry":{"type":"Point","coordinates":[-1.182211986,48.88838239]}},{"type":"Feature","properties":{"CountryName":"France","Type of Animal":"Pigs"},"geometry":{"type":"Point","coordinates":[4.82257,45.99559]}},{"type":"Feature","properties":{"CountryName":"France","Type of Animal":"Pigs"},"geometry":{"type":"Point","coordinates":[-0.93874,44.78614]}},{"type":"Feature","properties":{"CountryName":"France","Type of Animal":"Pigs"},"geometry":{"type":"Point","coordinates":[-0.53605,44.37507]}},{"type":"Feature","properties":{"CountryName":"France","Type of Animal":"Pigs"},"geometry":{"type":"Point","coordinates":[-0.89946,45.23279]}},{"type":"Feature","properties":{"CountryName":"France","Type of Animal":"Pigs"},"geometry":{"type":"Point","coordinates":[-1.52817,46.53817]}},{"type":"Feature","properties":{"CountryName":"France","Type of Animal":"Pigs"},"geometry":{"type":"Point","coordinates":[0.38563,44.42143]}},{"type":"Feature","properties":{"CountryName":"France","Type of Animal":"Pigs"},"geometry":{"type":"Point","coordinates":[6.10828,44.64702]}},{"type":"Feature","properties":{"CountryName":"France","Type of Animal":"Poultry"},"geometry":{"type":"Point","coordinates":[0.68683,43.81677]}},{"type":"Feature","properties":{"CountryName":"France","Type of Animal":"Poultry"},"geometry":{"type":"Point","coordinates":[-0.0261,46.77079]}},{"type":"Feature","properties":{"CountryName":"France","Type of Animal":"Poultry"},"geometry":{"type":"Point","coordinates":[-0.06656,46.36957]}},{"type":"Feature","properties":{"CountryName":"France","Type of Animal":"Poultry"},"geometry":{"type":"Point","coordinates":[-0.03526,46.81193]}},{"type":"Feature","properties":{"CountryName":"France","Type of Animal":"Poultry"},"geometry":{"type":"Point","coordinates":[-0.3956,46.54964]}},{"type":"Feature","properties":{"CountryName":"France","Type of Animal":"Poultry"},"geometry":{"type":"Point","coordinates":[-0.61224,46.83669]}},{"type":"Feature","properties":{"CountryName":"France","Type of Animal":"Poultry"},"geometry":{"type":"Point","coordinates":[-0.65107,46.92344]}},{"type":"Feature","properties":{"CountryName":"France","Type of Animal":"Poultry"},"geometry":{"type":"Point","coordinates":[-0.16053,46.94447]}},{"type":"Feature","properties":{"CountryName":"France","Type of Animal":"Poultry"},"geometry":{"type":"Point","coordinates":[-0.96949,43.581]}},{"type":"Feature","properties":{"CountryName":"France","Type of Animal":"Poultry"},"geometry":{"type":"Point","coordinates":[-0.3301,44.01425]}},{"type":"Feature","properties":{"CountryName":"France","Type of Animal":"Poultry"},"geometry":{"type":"Point","coordinates":[-0.31223,44.01797]}},{"type":"Feature","properties":{"CountryName":"France","Type of Animal":"Poultry"},"geometry":{"type":"Point","coordinates":[5.06333,46.27531]}},{"type":"Feature","properties":{"CountryName":"France","Type of Animal":"Poultry"},"geometry":{"type":"Point","coordinates":[5.1281,46.4039]}},{"type":"Feature","properties":{"CountryName":"France","Type of Animal":"Poultry"},"geometry":{"type":"Point","coordinates":[5.6727,45.642]}},{"type":"Feature","properties":{"CountryName":"France","Type of Animal":"Poultry"},"geometry":{"type":"Point","coordinates":[5.18303,45.9417]}},{"type":"Feature","properties":{"CountryName":"France","Type of Animal":"Poultry"},"geometry":{"type":"Point","coordinates":[4.96082,46.44515]}},{"type":"Feature","properties":{"CountryName":"France","Type of Animal":"Poultry"},"geometry":{"type":"Point","coordinates":[5.11183,46.48177]}},{"type":"Feature","properties":{"CountryName":"France","Type of Animal":"Poultry"},"geometry":{"type":"Point","coordinates":[4.86089,46.06569]}},{"type":"Feature","properties":{"CountryName":"France","Type of Animal":"Poultry"},"geometry":{"type":"Point","coordinates":[5.0144,46.3566]}},{"type":"Feature","properties":{"CountryName":"France","Type of Animal":"Poultry"},"geometry":{"type":"Point","coordinates":[3.47948,48.8626]}},{"type":"Feature","properties":{"CountryName":"France","Type of Animal":"Poultry"},"geometry":{"type":"Point","coordinates":[3.62355,46.16661]}},{"type":"Feature","properties":{"CountryName":"France","Type of Animal":"Poultry"},"geometry":{"type":"Point","coordinates":[4.28635,49.37882]}},{"type":"Feature","properties":{"CountryName":"France","Type of Animal":"Poultry"},"geometry":{"type":"Point","coordinates":[4.30415,49.40116]}},{"type":"Feature","properties":{"CountryName":"France","Type of Animal":"Poultry"},"geometry":{"type":"Point","coordinates":[4.36038,48.47456]}},{"type":"Feature","properties":{"CountryName":"France","Type of Animal":"Poultry"},"geometry":{"type":"Point","coordinates":[4.3667,48.5463]}},{"type":"Feature","properties":{"CountryName":"France","Type of Animal":"Poultry"},"geometry":{"type":"Point","coordinates":[4.39651,48.50517]}},{"type":"Feature","properties":{"CountryName":"France","Type of Animal":"Poultry"},"geometry":{"type":"Point","coordinates":[4.53845,48.51079]}},{"type":"Feature","properties":{"CountryName":"France","Type of Animal":"Poultry"},"geometry":{"type":"Point","coordinates":[4.02951,48.50401]}},{"type":"Feature","properties":{"CountryName":"France","Type of Animal":"Poultry"},"geometry":{"type":"Point","coordinates":[4.18052,48.28661]}},{"type":"Feature","properties":{"CountryName":"France","Type of Animal":"Poultry"},"geometry":{"type":"Point","coordinates":[4.26661,48.45528]}},{"type":"Feature","properties":{"CountryName":"France","Type of Animal":"Poultry"},"geometry":{"type":"Point","coordinates":[1.95032,43.271]}},{"type":"Feature","properties":{"CountryName":"France","Type of Animal":"Poultry"},"geometry":{"type":"Point","coordinates":[1.912,43.22225]}},{"type":"Feature","properties":{"CountryName":"France","Type of Animal":"Poultry"},"geometry":{"type":"Point","coordinates":[1.91433,43.21881]}},{"type":"Feature","properties":{"CountryName":"France","Type of Animal":"Poultry"},"geometry":{"type":"Point","coordinates":[2.1521,43.3439]}},{"type":"Feature","properties":{"CountryName":"France","Type of Animal":"Poultry"},"geometry":{"type":"Point","coordinates":[2.35738,44.37015]}},{"type":"Feature","properties":{"CountryName":"France","Type of Animal":"Poultry"},"geometry":{"type":"Point","coordinates":[-0.21132,49.0595]}},{"type":"Feature","properties":{"CountryName":"France","Type of Animal":"Poultry"},"geometry":{"type":"Point","coordinates":[-1.04374,48.82848]}},{"type":"Feature","properties":{"CountryName":"France","Type of Animal":"Poultry"},"geometry":{"type":"Point","coordinates":[2.59819,47.47615]}},{"type":"Feature","properties":{"CountryName":"France","Type of Animal":"Poultry"},"geometry":{"type":"Point","coordinates":[2.25816,47.11748]}},{"type":"Feature","properties":{"CountryName":"France","Type of Animal":"Poultry"},"geometry":{"type":"Point","coordinates":[2.547,47.49087]}},{"type":"Feature","properties":{"CountryName":"France","Type of Animal":"Poultry"},"geometry":{"type":"Point","coordinates":[2.24693,46.83995]}},{"type":"Feature","properties":{"CountryName":"France","Type of Animal":"Poultry"},"geometry":{"type":"Point","coordinates":[4.43855,47.60898]}},{"type":"Feature","properties":{"CountryName":"France","Type of Animal":"Poultry"},"geometry":{"type":"Point","coordinates":[4.57796,47.92611]}},{"type":"Feature","properties":{"CountryName":"France","Type of Animal":"Poultry"},"geometry":{"type":"Point","coordinates":[-2.87505,48.29519]}},{"type":"Feature","properties":{"CountryName":"France","Type of Animal":"Poultry"},"geometry":{"type":"Point","coordinates":[-2.9576,48.4765]}},{"type":"Feature","properties":{"CountryName":"France","Type of Animal":"Poultry"},"geometry":{"type":"Point","coordinates":[-3.0909,48.312]}},{"type":"Feature","properties":{"CountryName":"France","Type of Animal":"Poultry"},"geometry":{"type":"Point","coordinates":[-3.03092,48.30326]}},{"type":"Feature","properties":{"CountryName":"France","Type of Animal":"Poultry"},"geometry":{"type":"Point","coordinates":[-3.37375,48.25309]}},{"type":"Feature","properties":{"CountryName":"France","Type of Animal":"Poultry"},"geometry":{"type":"Point","coordinates":[-3.04307,48.58874]}},{"type":"Feature","properties":{"CountryName":"France","Type of Animal":"Poultry"},"geometry":{"type":"Point","coordinates":[-2.95477,48.35989]}},{"type":"Feature","properties":{"CountryName":"France","Type of Animal":"Poultry"},"geometry":{"type":"Point","coordinates":[-2.38778,48.54259]}},{"type":"Feature","properties":{"CountryName":"France","Type of Animal":"Poultry"},"geometry":{"type":"Point","coordinates":[-2.45223,48.52094]}},{"type":"Feature","properties":{"CountryName":"France","Type of Animal":"Poultry"},"geometry":{"type":"Point","coordinates":[-2.83408,48.32773]}},{"type":"Feature","properties":{"CountryName":"France","Type of Animal":"Poultry"},"geometry":{"type":"Point","coordinates":[-2.8228,48.31392]}},{"type":"Feature","properties":{"CountryName":"France","Type of Animal":"Poultry"},"geometry":{"type":"Point","coordinates":[-2.4968,48.4682]}},{"type":"Feature","properties":{"CountryName":"France","Type of Animal":"Poultry"},"geometry":{"type":"Point","coordinates":[-2.54265,48.42759]}},{"type":"Feature","properties":{"CountryName":"France","Type of Animal":"Poultry"},"geometry":{"type":"Point","coordinates":[-3.0515,48.52929]}},{"type":"Feature","properties":{"CountryName":"France","Type of Animal":"Poultry"},"geometry":{"type":"Point","coordinates":[-2.80362,48.19514]}},{"type":"Feature","properties":{"CountryName":"France","Type of Animal":"Poultry"},"geometry":{"type":"Point","coordinates":[-2.84126,48.49889]}},{"type":"Feature","properties":{"CountryName":"France","Type of Animal":"Poultry"},"geometry":{"type":"Point","coordinates":[-3.31414,48.16513]}},{"type":"Feature","properties":{"CountryName":"France","Type of Animal":"Poultry"},"geometry":{"type":"Point","coordinates":[-3.48887,48.27144]}},{"type":"Feature","properties":{"CountryName":"France","Type of Animal":"Poultry"},"geometry":{"type":"Point","coordinates":[-2.98742,48.17931]}},{"type":"Feature","properties":{"CountryName":"France","Type of Animal":"Poultry"},"geometry":{"type":"Point","coordinates":[-3.1067,48.4657]}},{"type":"Feature","properties":{"CountryName":"France","Type of Animal":"Poultry"},"geometry":{"type":"Point","coordinates":[-2.97684,48.72204]}},{"type":"Feature","properties":{"CountryName":"France","Type of Animal":"Poultry"},"geometry":{"type":"Point","coordinates":[-3.5666,48.4943]}},{"type":"Feature","properties":{"CountryName":"France","Type of Animal":"Poultry"},"geometry":{"type":"Point","coordinates":[-2.71905,48.25878]}},{"type":"Feature","properties":{"CountryName":"France","Type of Animal":"Poultry"},"geometry":{"type":"Point","coordinates":[-3.2717,48.78016]}},{"type":"Feature","properties":{"CountryName":"France","Type of Animal":"Poultry"},"geometry":{"type":"Point","coordinates":[-3.0849,48.5099]}},{"type":"Feature","properties":{"CountryName":"France","Type of Animal":"Poultry"},"geometry":{"type":"Point","coordinates":[-3.06034,48.75224]}},{"type":"Feature","properties":{"CountryName":"France","Type of Animal":"Poultry"},"geometry":{"type":"Point","coordinates":[-2.99153,48.67394]}},{"type":"Feature","properties":{"CountryName":"France","Type of Animal":"Poultry"},"geometry":{"type":"Point","coordinates":[-3.06829,48.27185]}},{"type":"Feature","properties":{"CountryName":"France","Type of Animal":"Poultry"},"geometry":{"type":"Point","coordinates":[-2.88179,48.24689]}},{"type":"Feature","properties":{"CountryName":"France","Type of Animal":"Poultry"},"geometry":{"type":"Point","coordinates":[-3.09464,48.41622]}},{"type":"Feature","properties":{"CountryName":"France","Type of Animal":"Poultry"},"geometry":{"type":"Point","coordinates":[-3.04195,48.4133]}},{"type":"Feature","properties":{"CountryName":"France","Type of Animal":"Poultry"},"geometry":{"type":"Point","coordinates":[-3.07382,48.43542]}},{"type":"Feature","properties":{"CountryName":"France","Type of Animal":"Poultry"},"geometry":{"type":"Point","coordinates":[-3.52868,48.29438]}},{"type":"Feature","properties":{"CountryName":"France","Type of Animal":"Poultry"},"geometry":{"type":"Point","coordinates":[-2.79275,48.22379]}},{"type":"Feature","properties":{"CountryName":"France","Type of Animal":"Poultry"},"geometry":{"type":"Point","coordinates":[-2.9885,48.3993]}},{"type":"Feature","properties":{"CountryName":"France","Type of Animal":"Poultry"},"geometry":{"type":"Point","coordinates":[-2.86243,48.2935]}},{"type":"Feature","properties":{"CountryName":"France","Type of Animal":"Poultry"},"geometry":{"type":"Point","coordinates":[-3.515,48.45637]}},{"type":"Feature","properties":{"CountryName":"France","Type of Animal":"Poultry"},"geometry":{"type":"Point","coordinates":[-2.9308,48.6351]}},{"type":"Feature","properties":{"CountryName":"France","Type of Animal":"Poultry"},"geometry":{"type":"Point","coordinates":[-3.10422,48.35817]}},{"type":"Feature","properties":{"CountryName":"France","Type of Animal":"Poultry"},"geometry":{"type":"Point","coordinates":[-2.9351,48.2973]}},{"type":"Feature","properties":{"CountryName":"France","Type of Animal":"Poultry"},"geometry":{"type":"Point","coordinates":[6.12137,47.0312]}},{"type":"Feature","properties":{"CountryName":"France","Type of Animal":"Poultry"},"geometry":{"type":"Point","coordinates":[5.06661,45.14167]}},{"type":"Feature","properties":{"CountryName":"France","Type of Animal":"Poultry"},"geometry":{"type":"Point","coordinates":[4.98311,44.89523]}},{"type":"Feature","properties":{"CountryName":"France","Type of Animal":"Poultry"},"geometry":{"type":"Point","coordinates":[4.93784,44.58886]}},{"type":"Feature","properties":{"CountryName":"France","Type of Animal":"Poultry"},"geometry":{"type":"Point","coordinates":[5.07665,44.89404]}},{"type":"Feature","properties":{"CountryName":"France","Type of Animal":"Poultry"},"geometry":{"type":"Point","coordinates":[5.08862,45.01613]}},{"type":"Feature","properties":{"CountryName":"France","Type of Animal":"Poultry"},"geometry":{"type":"Point","coordinates":[5.19095,45.06069]}},{"type":"Feature","properties":{"CountryName":"France","Type of Animal":"Poultry"},"geometry":{"type":"Point","coordinates":[5.17476,45.05798]}},{"type":"Feature","properties":{"CountryName":"France","Type of Animal":"Poultry"},"geometry":{"type":"Point","coordinates":[5.17304,45.04629]}},{"type":"Feature","properties":{"CountryName":"France","Type of Animal":"Poultry"},"geometry":{"type":"Point","coordinates":[4.75231,44.59375]}},{"type":"Feature","properties":{"CountryName":"France","Type of Animal":"Poultry"},"geometry":{"type":"Point","coordinates":[4.98737,44.90857]}},{"type":"Feature","properties":{"CountryName":"France","Type of Animal":"Poultry"},"geometry":{"type":"Point","coordinates":[5.08292,44.98934]}},{"type":"Feature","properties":{"CountryName":"France","Type of Animal":"Poultry"},"geometry":{"type":"Point","coordinates":[1.30631,49.1043]}},{"type":"Feature","properties":{"CountryName":"France","Type of Animal":"Poultry"},"geometry":{"type":"Point","coordinates":[0.852,49.0403]}},{"type":"Feature","properties":{"CountryName":"France","Type of Animal":"Poultry"},"geometry":{"type":"Point","coordinates":[1.21112,48.81204]}},{"type":"Feature","properties":{"CountryName":"France","Type of Animal":"Poultry"},"geometry":{"type":"Point","coordinates":[0.82384,48.89494]}},{"type":"Feature","properties":{"CountryName":"France","Type of Animal":"Poultry"},"geometry":{"type":"Point","coordinates":[1.57506,48.78746]}},{"type":"Feature","properties":{"CountryName":"France","Type of Animal":"Poultry"},"geometry":{"type":"Point","coordinates":[1.45603,48.57114]}},{"type":"Feature","properties":{"CountryName":"France","Type of Animal":"Poultry"},"geometry":{"type":"Point","coordinates":[1.65467,48.32998]}},{"type":"Feature","properties":{"CountryName":"France","Type of Animal":"Poultry"},"geometry":{"type":"Point","coordinates":[-3.78994,48.39305]}},{"type":"Feature","properties":{"CountryName":"France","Type of Animal":"Poultry"},"geometry":{"type":"Point","coordinates":[-3.85056,48.17372]}},{"type":"Feature","properties":{"CountryName":"France","Type of Animal":"Poultry"},"geometry":{"type":"Point","coordinates":[-3.58463,48.53766]}},{"type":"Feature","properties":{"CountryName":"France","Type of Animal":"Poultry"},"geometry":{"type":"Point","coordinates":[-3.94013,48.58583]}},{"type":"Feature","properties":{"CountryName":"France","Type of Animal":"Poultry"},"geometry":{"type":"Point","coordinates":[-4.40249,48.61444]}},{"type":"Feature","properties":{"CountryName":"France","Type of Animal":"Poultry"},"geometry":{"type":"Point","coordinates":[-3.73856,48.2365]}},{"type":"Feature","properties":{"CountryName":"France","Type of Animal":"Poultry"},"geometry":{"type":"Point","coordinates":[-4.01477,48.04594]}},{"type":"Feature","properties":{"CountryName":"France","Type of Animal":"Poultry"},"geometry":{"type":"Point","coordinates":[-4.19264,48.56881]}},{"type":"Feature","properties":{"CountryName":"France","Type of Animal":"Poultry"},"geometry":{"type":"Point","coordinates":[-3.6793,48.51767]}},{"type":"Feature","properties":{"CountryName":"France","Type of Animal":"Poultry"},"geometry":{"type":"Point","coordinates":[-3.84521,47.90709]}},{"type":"Feature","properties":{"CountryName":"France","Type of Animal":"Poultry"},"geometry":{"type":"Point","coordinates":[-4.03476,48.23012]}},{"type":"Feature","properties":{"CountryName":"France","Type of Animal":"Poultry"},"geometry":{"type":"Point","coordinates":[-4.21272,48.01359]}},{"type":"Feature","properties":{"CountryName":"France","Type of Animal":"Poultry"},"geometry":{"type":"Point","coordinates":[-4.18621,48.01472]}},{"type":"Feature","properties":{"CountryName":"France","Type of Animal":"Poultry"},"geometry":{"type":"Point","coordinates":[-4.67903,48.41611]}},{"type":"Feature","properties":{"CountryName":"France","Type of Animal":"Poultry"},"geometry":{"type":"Point","coordinates":[-4.48825,48.54815]}},{"type":"Feature","properties":{"CountryName":"France","Type of Animal":"Poultry"},"geometry":{"type":"Point","coordinates":[-4.47134,48.5297]}},{"type":"Feature","properties":{"CountryName":"France","Type of Animal":"Poultry"},"geometry":{"type":"Point","coordinates":[-4.40965,47.97928]}},{"type":"Feature","properties":{"CountryName":"France","Type of Animal":"Poultry"},"geometry":{"type":"Point","coordinates":[-3.55177,47.96316]}},{"type":"Feature","properties":{"CountryName":"France","Type of Animal":"Poultry"},"geometry":{"type":"Point","coordinates":[-4.05782,48.19194]}},{"type":"Feature","properties":{"CountryName":"France","Type of Animal":"Poultry"},"geometry":{"type":"Point","coordinates":[-4.15215,48.50751]}},{"type":"Feature","properties":{"CountryName":"France","Type of Animal":"Poultry"},"geometry":{"type":"Point","coordinates":[-4.14829,48.61481]}},{"type":"Feature","properties":{"CountryName":"France","Type of Animal":"Poultry"},"geometry":{"type":"Point","coordinates":[-3.93105,47.94762]}},{"type":"Feature","properties":{"CountryName":"France","Type of Animal":"Poultry"},"geometry":{"type":"Point","coordinates":[-3.89519,47.96059]}},{"type":"Feature","properties":{"CountryName":"France","Type of Animal":"Poultry"},"geometry":{"type":"Point","coordinates":[-4.0734,48.65599]}},{"type":"Feature","properties":{"CountryName":"France","Type of Animal":"Poultry"},"geometry":{"type":"Point","coordinates":[-4.11536,48.40172]}},{"type":"Feature","properties":{"CountryName":"France","Type of Animal":"Poultry"},"geometry":{"type":"Point","coordinates":[-3.51257,47.9356]}},{"type":"Feature","properties":{"CountryName":"France","Type of Animal":"Poultry"},"geometry":{"type":"Point","coordinates":[1.27097,43.74381]}},{"type":"Feature","properties":{"CountryName":"France","Type of Animal":"Poultry"},"geometry":{"type":"Point","coordinates":[0.26778,43.44047]}},{"type":"Feature","properties":{"CountryName":"France","Type of Animal":"Poultry"},"geometry":{"type":"Point","coordinates":[-0.2232,43.67013]}},{"type":"Feature","properties":{"CountryName":"France","Type of Animal":"Poultry"},"geometry":{"type":"Point","coordinates":[0.69073,43.84121]}},{"type":"Feature","properties":{"CountryName":"France","Type of Animal":"Poultry"},"geometry":{"type":"Point","coordinates":[0.17558,43.83466]}},{"type":"Feature","properties":{"CountryName":"France","Type of Animal":"Poultry"},"geometry":{"type":"Point","coordinates":[0.45634,43.42375]}},{"type":"Feature","properties":{"CountryName":"France","Type of Animal":"Poultry"},"geometry":{"type":"Point","coordinates":[2.74874,43.48872]}},{"type":"Feature","properties":{"CountryName":"France","Type of Animal":"Poultry"},"geometry":{"type":"Point","coordinates":[-1.7248,47.83361]}},{"type":"Feature","properties":{"CountryName":"France","Type of Animal":"Poultry"},"geometry":{"type":"Point","coordinates":[-1.943,47.956]}},{"type":"Feature","properties":{"CountryName":"France","Type of Animal":"Poultry"},"geometry":{"type":"Point","coordinates":[-1.7234,48.59382]}},{"type":"Feature","properties":{"CountryName":"France","Type of Animal":"Poultry"},"geometry":{"type":"Point","coordinates":[-1.78505,48.4244]}},{"type":"Feature","properties":{"CountryName":"France","Type of Animal":"Poultry"},"geometry":{"type":"Point","coordinates":[-1.83846,48.58302]}},{"type":"Feature","properties":{"CountryName":"France","Type of Animal":"Poultry"},"geometry":{"type":"Point","coordinates":[-1.1729,48.517]}},{"type":"Feature","properties":{"CountryName":"France","Type of Animal":"Poultry"},"geometry":{"type":"Point","coordinates":[-1.26313,48.46491]}},{"type":"Feature","properties":{"CountryName":"France","Type of Animal":"Poultry"},"geometry":{"type":"Point","coordinates":[-2.16111,48.17408]}},{"type":"Feature","properties":{"CountryName":"France","Type of Animal":"Poultry"},"geometry":{"type":"Point","coordinates":[-1.43335,48.11321]}},{"type":"Feature","properties":{"CountryName":"France","Type of Animal":"Poultry"},"geometry":{"type":"Point","coordinates":[-1.86912,48.3194]}},{"type":"Feature","properties":{"CountryName":"France","Type of Animal":"Poultry"},"geometry":{"type":"Point","coordinates":[1.02955,47.41308]}},{"type":"Feature","properties":{"CountryName":"France","Type of Animal":"Poultry"},"geometry":{"type":"Point","coordinates":[0.75944,47.68407]}},{"type":"Feature","properties":{"CountryName":"France","Type of Animal":"Poultry"},"geometry":{"type":"Point","coordinates":[1.07659,47.41451]}},{"type":"Feature","properties":{"CountryName":"France","Type of Animal":"Poultry"},"geometry":{"type":"Point","coordinates":[-0.6788,43.57464]}},{"type":"Feature","properties":{"CountryName":"France","Type of Animal":"Poultry"},"geometry":{"type":"Point","coordinates":[-0.74177,44.14166]}},{"type":"Feature","properties":{"CountryName":"France","Type of Animal":"Poultry"},"geometry":{"type":"Point","coordinates":[-0.29544,44.10366]}},{"type":"Feature","properties":{"CountryName":"France","Type of Animal":"Poultry"},"geometry":{"type":"Point","coordinates":[-0.55666,43.76498]}},{"type":"Feature","properties":{"CountryName":"France","Type of Animal":"Poultry"},"geometry":{"type":"Point","coordinates":[0.87351,48.06739]}},{"type":"Feature","properties":{"CountryName":"France","Type of Animal":"Poultry"},"geometry":{"type":"Point","coordinates":[-1.7101,47.46616]}},{"type":"Feature","properties":{"CountryName":"France","Type of Animal":"Poultry"},"geometry":{"type":"Point","coordinates":[-1.69348,47.45946]}},{"type":"Feature","properties":{"CountryName":"France","Type of Animal":"Poultry"},"geometry":{"type":"Point","coordinates":[-1.62402,47.08589]}},{"type":"Feature","properties":{"CountryName":"France","Type of Animal":"Poultry"},"geometry":{"type":"Point","coordinates":[-1.32075,47.58687]}},{"type":"Feature","properties":{"CountryName":"France","Type of Animal":"Poultry"},"geometry":{"type":"Point","coordinates":[-1.66909,47.58104]}},{"type":"Feature","properties":{"CountryName":"France","Type of Animal":"Poultry"},"geometry":{"type":"Point","coordinates":[-2.1899,47.48512]}},{"type":"Feature","properties":{"CountryName":"France","Type of Animal":"Poultry"},"geometry":{"type":"Point","coordinates":[-1.55226,47.44211]}},{"type":"Feature","properties":{"CountryName":"France","Type of Animal":"Poultry"},"geometry":{"type":"Point","coordinates":[-1.5972,47.5978]}},{"type":"Feature","properties":{"CountryName":"France","Type of Animal":"Poultry"},"geometry":{"type":"Point","coordinates":[-1.39487,47.05583]}},{"type":"Feature","properties":{"CountryName":"France","Type of Animal":"Poultry"},"geometry":{"type":"Point","coordinates":[-1.29978,47.04936]}},{"type":"Feature","properties":{"CountryName":"France","Type of Animal":"Poultry"},"geometry":{"type":"Point","coordinates":[-1.30878,47.44168]}},{"type":"Feature","properties":{"CountryName":"France","Type of Animal":"Poultry"},"geometry":{"type":"Point","coordinates":[-1.27735,47.4265]}},{"type":"Feature","properties":{"CountryName":"France","Type of Animal":"Poultry"},"geometry":{"type":"Point","coordinates":[-0.7647,47.57868]}},{"type":"Feature","properties":{"CountryName":"France","Type of Animal":"Poultry"},"geometry":{"type":"Point","coordinates":[-1.14341,47.16771]}},{"type":"Feature","properties":{"CountryName":"France","Type of Animal":"Poultry"},"geometry":{"type":"Point","coordinates":[-0.49795,47.74268]}},{"type":"Feature","properties":{"CountryName":"France","Type of Animal":"Poultry"},"geometry":{"type":"Point","coordinates":[-0.91231,47.21408]}},{"type":"Feature","properties":{"CountryName":"France","Type of Animal":"Poultry"},"geometry":{"type":"Point","coordinates":[-0.87086,47.37028]}},{"type":"Feature","properties":{"CountryName":"France","Type of Animal":"Poultry"},"geometry":{"type":"Point","coordinates":[-0.9799,47.0472]}},{"type":"Feature","properties":{"CountryName":"France","Type of Animal":"Poultry"},"geometry":{"type":"Point","coordinates":[-0.9532,47.0232]}},{"type":"Feature","properties":{"CountryName":"France","Type of Animal":"Poultry"},"geometry":{"type":"Point","coordinates":[-0.7418,47.5374]}},{"type":"Feature","properties":{"CountryName":"France","Type of Animal":"Poultry"},"geometry":{"type":"Point","coordinates":[-0.69151,47.45931]}},{"type":"Feature","properties":{"CountryName":"France","Type of Animal":"Poultry"},"geometry":{"type":"Point","coordinates":[-1.00229,47.15831]}},{"type":"Feature","properties":{"CountryName":"France","Type of Animal":"Poultry"},"geometry":{"type":"Point","coordinates":[-1.05109,47.06508]}},{"type":"Feature","properties":{"CountryName":"France","Type of Animal":"Poultry"},"geometry":{"type":"Point","coordinates":[-0.93856,47.47255]}},{"type":"Feature","properties":{"CountryName":"France","Type of Animal":"Poultry"},"geometry":{"type":"Point","coordinates":[-1.20215,48.58885]}},{"type":"Feature","properties":{"CountryName":"France","Type of Animal":"Poultry"},"geometry":{"type":"Point","coordinates":[-1.16999,48.57177]}},{"type":"Feature","properties":{"CountryName":"France","Type of Animal":"Poultry"},"geometry":{"type":"Point","coordinates":[-1.10587,48.86981]}},{"type":"Feature","properties":{"CountryName":"France","Type of Animal":"Poultry"},"geometry":{"type":"Point","coordinates":[4.02084,49.33903]}},{"type":"Feature","properties":{"CountryName":"France","Type of Animal":"Poultry"},"geometry":{"type":"Point","coordinates":[-0.7711,48.22534]}},{"type":"Feature","properties":{"CountryName":"France","Type of Animal":"Poultry"},"geometry":{"type":"Point","coordinates":[-0.63795,47.84159]}},{"type":"Feature","properties":{"CountryName":"France","Type of Animal":"Poultry"},"geometry":{"type":"Point","coordinates":[-0.61792,48.03469]}},{"type":"Feature","properties":{"CountryName":"France","Type of Animal":"Poultry"},"geometry":{"type":"Point","coordinates":[-1.00001,47.80795]}},{"type":"Feature","properties":{"CountryName":"France","Type of Animal":"Poultry"},"geometry":{"type":"Point","coordinates":[-0.98918,48.19018]}},{"type":"Feature","properties":{"CountryName":"France","Type of Animal":"Poultry"},"geometry":{"type":"Point","coordinates":[-0.37962,48.42824]}},{"type":"Feature","properties":{"CountryName":"France","Type of Animal":"Poultry"},"geometry":{"type":"Point","coordinates":[-0.95888,47.94312]}},{"type":"Feature","properties":{"CountryName":"France","Type of Animal":"Poultry"},"geometry":{"type":"Point","coordinates":[-0.90266,48.45715]}},{"type":"Feature","properties":{"CountryName":"France","Type of Animal":"Poultry"},"geometry":{"type":"Point","coordinates":[-0.84747,47.84352]}},{"type":"Feature","properties":{"CountryName":"France","Type of Animal":"Poultry"},"geometry":{"type":"Point","coordinates":[-0.44596,48.42425]}},{"type":"Feature","properties":{"CountryName":"France","Type of Animal":"Poultry"},"geometry":{"type":"Point","coordinates":[-0.2281,48.5464]}},{"type":"Feature","properties":{"CountryName":"France","Type of Animal":"Poultry"},"geometry":{"type":"Point","coordinates":[-0.97574,47.87422]}},{"type":"Feature","properties":{"CountryName":"France","Type of Animal":"Poultry"},"geometry":{"type":"Point","coordinates":[-0.92939,48.08807]}},{"type":"Feature","properties":{"CountryName":"France","Type of Animal":"Poultry"},"geometry":{"type":"Point","coordinates":[-0.92029,48.04446]}},{"type":"Feature","properties":{"CountryName":"France","Type of Animal":"Poultry"},"geometry":{"type":"Point","coordinates":[-0.94351,48.07538]}},{"type":"Feature","properties":{"CountryName":"France","Type of Animal":"Poultry"},"geometry":{"type":"Point","coordinates":[-0.59079,47.87718]}},{"type":"Feature","properties":{"CountryName":"France","Type of Animal":"Poultry"},"geometry":{"type":"Point","coordinates":[-1.02353,47.9331]}},{"type":"Feature","properties":{"CountryName":"France","Type of Animal":"Poultry"},"geometry":{"type":"Point","coordinates":[-0.31947,48.49238]}},{"type":"Feature","properties":{"CountryName":"France","Type of Animal":"Poultry"},"geometry":{"type":"Point","coordinates":[-0.274,48.5067]}},{"type":"Feature","properties":{"CountryName":"France","Type of Animal":"Poultry"},"geometry":{"type":"Point","coordinates":[-0.6854,48.0302]}},{"type":"Feature","properties":{"CountryName":"France","Type of Animal":"Poultry"},"geometry":{"type":"Point","coordinates":[-1.0071,47.7748]}},{"type":"Feature","properties":{"CountryName":"France","Type of Animal":"Poultry"},"geometry":{"type":"Point","coordinates":[-0.84907,48.09859]}},{"type":"Feature","properties":{"CountryName":"France","Type of Animal":"Poultry"},"geometry":{"type":"Point","coordinates":[-1.00251,48.01504]}},{"type":"Feature","properties":{"CountryName":"France","Type of Animal":"Poultry"},"geometry":{"type":"Point","coordinates":[-0.44819,47.7764]}},{"type":"Feature","properties":{"CountryName":"France","Type of Animal":"Poultry"},"geometry":{"type":"Point","coordinates":[-0.84118,48.14989]}},{"type":"Feature","properties":{"CountryName":"France","Type of Animal":"Poultry"},"geometry":{"type":"Point","coordinates":[-1.01295,48.29838]}},{"type":"Feature","properties":{"CountryName":"France","Type of Animal":"Poultry"},"geometry":{"type":"Point","coordinates":[-1.05903,47.80713]}},{"type":"Feature","properties":{"CountryName":"France","Type of Animal":"Poultry"},"geometry":{"type":"Point","coordinates":[-0.41122,48.03384]}},{"type":"Feature","properties":{"CountryName":"France","Type of Animal":"Poultry"},"geometry":{"type":"Point","coordinates":[-0.49527,48.07113]}},{"type":"Feature","properties":{"CountryName":"France","Type of Animal":"Poultry"},"geometry":{"type":"Point","coordinates":[-0.31858,48.30746]}},{"type":"Feature","properties":{"CountryName":"France","Type of Animal":"Poultry"},"geometry":{"type":"Point","coordinates":[-0.8631,48.40756]}},{"type":"Feature","properties":{"CountryName":"France","Type of Animal":"Poultry"},"geometry":{"type":"Point","coordinates":[-0.7561,48.36325]}},{"type":"Feature","properties":{"CountryName":"France","Type of Animal":"Poultry"},"geometry":{"type":"Point","coordinates":[-1.07894,47.77704]}},{"type":"Feature","properties":{"CountryName":"France","Type of Animal":"Poultry"},"geometry":{"type":"Point","coordinates":[-1.0989,47.91172]}},{"type":"Feature","properties":{"CountryName":"France","Type of Animal":"Poultry"},"geometry":{"type":"Point","coordinates":[-0.8376,48.20513]}},{"type":"Feature","properties":{"CountryName":"France","Type of Animal":"Poultry"},"geometry":{"type":"Point","coordinates":[6.2662,48.5761]}},{"type":"Feature","properties":{"CountryName":"France","Type of Animal":"Poultry"},"geometry":{"type":"Point","coordinates":[5.02483,48.63828]}},{"type":"Feature","properties":{"CountryName":"France","Type of Animal":"Poultry"},"geometry":{"type":"Point","coordinates":[5.46641,49.08228]}},{"type":"Feature","properties":{"CountryName":"France","Type of Animal":"Poultry"},"geometry":{"type":"Point","coordinates":[5.63784,48.85608]}},{"type":"Feature","properties":{"CountryName":"France","Type of Animal":"Poultry"},"geometry":{"type":"Point","coordinates":[5.46322,49.08402]}},{"type":"Feature","properties":{"CountryName":"France","Type of Animal":"Poultry"},"geometry":{"type":"Point","coordinates":[-2.29875,47.88894]}},{"type":"Feature","properties":{"CountryName":"France","Type of Animal":"Poultry"},"geometry":{"type":"Point","coordinates":[-2.31284,47.88]}},{"type":"Feature","properties":{"CountryName":"France","Type of Animal":"Poultry"},"geometry":{"type":"Point","coordinates":[-3.30856,47.84005]}},{"type":"Feature","properties":{"CountryName":"France","Type of Animal":"Poultry"},"geometry":{"type":"Point","coordinates":[-3.02319,48.1325]}},{"type":"Feature","properties":{"CountryName":"France","Type of Animal":"Poultry"},"geometry":{"type":"Point","coordinates":[-3.53734,48.15314]}},{"type":"Feature","properties":{"CountryName":"France","Type of Animal":"Poultry"},"geometry":{"type":"Point","coordinates":[-2.58795,47.89152]}},{"type":"Feature","properties":{"CountryName":"France","Type of Animal":"Poultry"},"geometry":{"type":"Point","coordinates":[-3.31412,47.99078]}},{"type":"Feature","properties":{"CountryName":"France","Type of Animal":"Poultry"},"geometry":{"type":"Point","coordinates":[-3.3223,47.986]}},{"type":"Feature","properties":{"CountryName":"France","Type of Animal":"Poultry"},"geometry":{"type":"Point","coordinates":[-3.44074,48.14209]}},{"type":"Feature","properties":{"CountryName":"France","Type of Animal":"Poultry"},"geometry":{"type":"Point","coordinates":[-3.4793,48.1383]}},{"type":"Feature","properties":{"CountryName":"France","Type of Animal":"Poultry"},"geometry":{"type":"Point","coordinates":[-3.09143,47.86114]}},{"type":"Feature","properties":{"CountryName":"France","Type of Animal":"Poultry"},"geometry":{"type":"Point","coordinates":[-3.2205,47.81788]}},{"type":"Feature","properties":{"CountryName":"France","Type of Animal":"Poultry"},"geometry":{"type":"Point","coordinates":[-3.16637,47.81563]}},{"type":"Feature","properties":{"CountryName":"France","Type of Animal":"Poultry"},"geometry":{"type":"Point","coordinates":[-2.53066,47.61279]}},{"type":"Feature","properties":{"CountryName":"France","Type of Animal":"Poultry"},"geometry":{"type":"Point","coordinates":[-3.27046,48.05358]}},{"type":"Feature","properties":{"CountryName":"France","Type of Animal":"Poultry"},"geometry":{"type":"Point","coordinates":[-2.31872,47.98667]}},{"type":"Feature","properties":{"CountryName":"France","Type of Animal":"Poultry"},"geometry":{"type":"Point","coordinates":[-3.086,48.08617]}},{"type":"Feature","properties":{"CountryName":"France","Type of Animal":"Poultry"},"geometry":{"type":"Point","coordinates":[-2.79084,47.93485]}},{"type":"Feature","properties":{"CountryName":"France","Type of Animal":"Poultry"},"geometry":{"type":"Point","coordinates":[-2.46872,47.59678]}},{"type":"Feature","properties":{"CountryName":"France","Type of Animal":"Poultry"},"geometry":{"type":"Point","coordinates":[-2.69563,47.9935]}},{"type":"Feature","properties":{"CountryName":"France","Type of Animal":"Poultry"},"geometry":{"type":"Point","coordinates":[-2.32067,47.91283]}},{"type":"Feature","properties":{"CountryName":"France","Type of Animal":"Poultry"},"geometry":{"type":"Point","coordinates":[-2.59494,47.83719]}},{"type":"Feature","properties":{"CountryName":"France","Type of Animal":"Poultry"},"geometry":{"type":"Point","coordinates":[-3.45374,48.07239]}},{"type":"Feature","properties":{"CountryName":"France","Type of Animal":"Poultry"},"geometry":{"type":"Point","coordinates":[-2.26919,47.71591]}},{"type":"Feature","properties":{"CountryName":"France","Type of Animal":"Poultry"},"geometry":{"type":"Point","coordinates":[-2.53356,47.77748]}},{"type":"Feature","properties":{"CountryName":"France","Type of Animal":"Poultry"},"geometry":{"type":"Point","coordinates":[-2.29636,47.7634]}},{"type":"Feature","properties":{"CountryName":"France","Type of Animal":"Poultry"},"geometry":{"type":"Point","coordinates":[-2.30275,47.76492]}},{"type":"Feature","properties":{"CountryName":"France","Type of Animal":"Poultry"},"geometry":{"type":"Point","coordinates":[-2.6493,47.71415]}},{"type":"Feature","properties":{"CountryName":"France","Type of Animal":"Poultry"},"geometry":{"type":"Point","coordinates":[-2.99382,48.05054]}},{"type":"Feature","properties":{"CountryName":"France","Type of Animal":"Poultry"},"geometry":{"type":"Point","coordinates":[-2.44734,48.00206]}},{"type":"Feature","properties":{"CountryName":"France","Type of Animal":"Poultry"},"geometry":{"type":"Point","coordinates":[-2.43575,47.98676]}},{"type":"Feature","properties":{"CountryName":"France","Type of Animal":"Poultry"},"geometry":{"type":"Point","coordinates":[-2.21168,47.81599]}},{"type":"Feature","properties":{"CountryName":"France","Type of Animal":"Poultry"},"geometry":{"type":"Point","coordinates":[-2.61397,47.77978]}},{"type":"Feature","properties":{"CountryName":"France","Type of Animal":"Poultry"},"geometry":{"type":"Point","coordinates":[-2.39181,47.90053]}},{"type":"Feature","properties":{"CountryName":"France","Type of Animal":"Poultry"},"geometry":{"type":"Point","coordinates":[-2.44521,47.93105]}},{"type":"Feature","properties":{"CountryName":"France","Type of Animal":"Poultry"},"geometry":{"type":"Point","coordinates":[-3.2839,47.84372]}},{"type":"Feature","properties":{"CountryName":"France","Type of Animal":"Poultry"},"geometry":{"type":"Point","coordinates":[-2.5325,47.7765]}},{"type":"Feature","properties":{"CountryName":"France","Type of Animal":"Poultry"},"geometry":{"type":"Point","coordinates":[6.73431,48.66674]}},{"type":"Feature","properties":{"CountryName":"France","Type of Animal":"Poultry"},"geometry":{"type":"Point","coordinates":[2.98601,47.42961]}},{"type":"Feature","properties":{"CountryName":"France","Type of Animal":"Poultry"},"geometry":{"type":"Point","coordinates":[3.37482,50.24692]}},{"type":"Feature","properties":{"CountryName":"France","Type of Animal":"Poultry"},"geometry":{"type":"Point","coordinates":[2.37195,50.93006]}},{"type":"Feature","properties":{"CountryName":"France","Type of Animal":"Poultry"},"geometry":{"type":"Point","coordinates":[2.44095,50.91047]}},{"type":"Feature","properties":{"CountryName":"France","Type of Animal":"Poultry"},"geometry":{"type":"Point","coordinates":[2.94484,50.66807]}},{"type":"Feature","properties":{"CountryName":"France","Type of Animal":"Poultry"},"geometry":{"type":"Point","coordinates":[0.38288,48.43128]}},{"type":"Feature","properties":{"CountryName":"France","Type of Animal":"Poultry"},"geometry":{"type":"Point","coordinates":[0.68861,48.71337]}},{"type":"Feature","properties":{"CountryName":"France","Type of Animal":"Poultry"},"geometry":{"type":"Point","coordinates":[3.17828,45.51875]}},{"type":"Feature","properties":{"CountryName":"France","Type of Animal":"Poultry"},"geometry":{"type":"Point","coordinates":[-1.23969,43.48667]}},{"type":"Feature","properties":{"CountryName":"France","Type of Animal":"Poultry"},"geometry":{"type":"Point","coordinates":[-0.32514,43.50811]}},{"type":"Feature","properties":{"CountryName":"France","Type of Animal":"Poultry"},"geometry":{"type":"Point","coordinates":[7.79669,48.79169]}},{"type":"Feature","properties":{"CountryName":"France","Type of Animal":"Poultry"},"geometry":{"type":"Point","coordinates":[7.56419,48.76229]}},{"type":"Feature","properties":{"CountryName":"France","Type of Animal":"Poultry"},"geometry":{"type":"Point","coordinates":[7.81143,48.93319]}},{"type":"Feature","properties":{"CountryName":"France","Type of Animal":"Poultry"},"geometry":{"type":"Point","coordinates":[7.5509,48.66969]}},{"type":"Feature","properties":{"CountryName":"France","Type of Animal":"Poultry"},"geometry":{"type":"Point","coordinates":[7.9471,49.0108]}},{"type":"Feature","properties":{"CountryName":"France","Type of Animal":"Poultry"},"geometry":{"type":"Point","coordinates":[4.52063,46.24963]}},{"type":"Feature","properties":{"CountryName":"France","Type of Animal":"Poultry"},"geometry":{"type":"Point","coordinates":[5.039,46.75149]}},{"type":"Feature","properties":{"CountryName":"France","Type of Animal":"Poultry"},"geometry":{"type":"Point","coordinates":[5.17633,46.66516]}},{"type":"Feature","properties":{"CountryName":"France","Type of Animal":"Poultry"},"geometry":{"type":"Point","coordinates":[4.30975,46.41324]}},{"type":"Feature","properties":{"CountryName":"France","Type of Animal":"Poultry"},"geometry":{"type":"Point","coordinates":[0.12657,48.07761]}},{"type":"Feature","properties":{"CountryName":"France","Type of Animal":"Poultry"},"geometry":{"type":"Point","coordinates":[0.1508,48.1096]}},{"type":"Feature","properties":{"CountryName":"France","Type of Animal":"Poultry"},"geometry":{"type":"Point","coordinates":[-0.15345,48.1015]}},{"type":"Feature","properties":{"CountryName":"France","Type of Animal":"Poultry"},"geometry":{"type":"Point","coordinates":[-0.05866,47.7673]}},{"type":"Feature","properties":{"CountryName":"France","Type of Animal":"Poultry"},"geometry":{"type":"Point","coordinates":[0.42816,48.17059]}},{"type":"Feature","properties":{"CountryName":"France","Type of Animal":"Poultry"},"geometry":{"type":"Point","coordinates":[0.4869,47.98737]}},{"type":"Feature","properties":{"CountryName":"France","Type of Animal":"Poultry"},"geometry":{"type":"Point","coordinates":[0.0389,47.82579]}},{"type":"Feature","properties":{"CountryName":"France","Type of Animal":"Poultry"},"geometry":{"type":"Point","coordinates":[0.07512,47.82652]}},{"type":"Feature","properties":{"CountryName":"France","Type of Animal":"Poultry"},"geometry":{"type":"Point","coordinates":[0.13871,48.28281]}},{"type":"Feature","properties":{"CountryName":"France","Type of Animal":"Poultry"},"geometry":{"type":"Point","coordinates":[0.27507,48.28749]}},{"type":"Feature","properties":{"CountryName":"France","Type of Animal":"Poultry"},"geometry":{"type":"Point","coordinates":[0.58717,48.05168]}},{"type":"Feature","properties":{"CountryName":"France","Type of Animal":"Poultry"},"geometry":{"type":"Point","coordinates":[-0.31642,47.8528]}},{"type":"Feature","properties":{"CountryName":"France","Type of Animal":"Poultry"},"geometry":{"type":"Point","coordinates":[0.6826,48.03772]}},{"type":"Feature","properties":{"CountryName":"France","Type of Animal":"Poultry"},"geometry":{"type":"Point","coordinates":[0.82952,48.07225]}},{"type":"Feature","properties":{"CountryName":"France","Type of Animal":"Poultry"},"geometry":{"type":"Point","coordinates":[0.20212,48.23392]}},{"type":"Feature","properties":{"CountryName":"France","Type of Animal":"Poultry"},"geometry":{"type":"Point","coordinates":[-0.07102,47.81]}},{"type":"Feature","properties":{"CountryName":"France","Type of Animal":"Poultry"},"geometry":{"type":"Point","coordinates":[-0.00627,47.84542]}},{"type":"Feature","properties":{"CountryName":"France","Type of Animal":"Poultry"},"geometry":{"type":"Point","coordinates":[0.68168,47.93331]}},{"type":"Feature","properties":{"CountryName":"France","Type of Animal":"Poultry"},"geometry":{"type":"Point","coordinates":[-0.13988,48.26805]}},{"type":"Feature","properties":{"CountryName":"France","Type of Animal":"Poultry"},"geometry":{"type":"Point","coordinates":[0.1728,48.0882]}},{"type":"Feature","properties":{"CountryName":"France","Type of Animal":"Poultry"},"geometry":{"type":"Point","coordinates":[0.5163,48.23028]}},{"type":"Feature","properties":{"CountryName":"France","Type of Animal":"Poultry"},"geometry":{"type":"Point","coordinates":[0.3269,48.28526]}},{"type":"Feature","properties":{"CountryName":"France","Type of Animal":"Poultry"},"geometry":{"type":"Point","coordinates":[-0.3549,47.72329]}},{"type":"Feature","properties":{"CountryName":"France","Type of Animal":"Poultry"},"geometry":{"type":"Point","coordinates":[0.07262,47.98049]}},{"type":"Feature","properties":{"CountryName":"France","Type of Animal":"Poultry"},"geometry":{"type":"Point","coordinates":[0.19243,48.26805]}},{"type":"Feature","properties":{"CountryName":"France","Type of Animal":"Poultry"},"geometry":{"type":"Point","coordinates":[0.20924,48.29222]}},{"type":"Feature","properties":{"CountryName":"France","Type of Animal":"Poultry"},"geometry":{"type":"Point","coordinates":[0.28785,47.64047]}},{"type":"Feature","properties":{"CountryName":"France","Type of Animal":"Poultry"},"geometry":{"type":"Point","coordinates":[0.12825,48.16743]}},{"type":"Feature","properties":{"CountryName":"France","Type of Animal":"Poultry"},"geometry":{"type":"Point","coordinates":[0.57365,48.01172]}},{"type":"Feature","properties":{"CountryName":"France","Type of Animal":"Poultry"},"geometry":{"type":"Point","coordinates":[0.5888,48.0046]}},{"type":"Feature","properties":{"CountryName":"France","Type of Animal":"Poultry"},"geometry":{"type":"Point","coordinates":[0.57442,48.015]}},{"type":"Feature","properties":{"CountryName":"France","Type of Animal":"Poultry"},"geometry":{"type":"Point","coordinates":[0.49498,48.04118]}},{"type":"Feature","properties":{"CountryName":"France","Type of Animal":"Poultry"},"geometry":{"type":"Point","coordinates":[0.2855,47.7079]}},{"type":"Feature","properties":{"CountryName":"France","Type of Animal":"Poultry"},"geometry":{"type":"Point","coordinates":[0.27566,47.71066]}},{"type":"Feature","properties":{"CountryName":"France","Type of Animal":"Poultry"},"geometry":{"type":"Point","coordinates":[0.7071,48.0607]}},{"type":"Feature","properties":{"CountryName":"France","Type of Animal":"Poultry"},"geometry":{"type":"Point","coordinates":[-0.34527,47.89673]}},{"type":"Feature","properties":{"CountryName":"France","Type of Animal":"Poultry"},"geometry":{"type":"Point","coordinates":[0.17778,48.2831]}},{"type":"Feature","properties":{"CountryName":"France","Type of Animal":"Poultry"},"geometry":{"type":"Point","coordinates":[0.2947,48.23612]}},{"type":"Feature","properties":{"CountryName":"France","Type of Animal":"Poultry"},"geometry":{"type":"Point","coordinates":[0.75977,48.0219]}},{"type":"Feature","properties":{"CountryName":"France","Type of Animal":"Poultry"},"geometry":{"type":"Point","coordinates":[0.51258,47.85497]}},{"type":"Feature","properties":{"CountryName":"France","Type of Animal":"Poultry"},"geometry":{"type":"Point","coordinates":[1.27284,49.55071]}},{"type":"Feature","properties":{"CountryName":"France","Type of Animal":"Poultry"},"geometry":{"type":"Point","coordinates":[3.33207,48.69429]}},{"type":"Feature","properties":{"CountryName":"France","Type of Animal":"Poultry"},"geometry":{"type":"Point","coordinates":[3.11176,48.67115]}},{"type":"Feature","properties":{"CountryName":"France","Type of Animal":"Poultry"},"geometry":{"type":"Point","coordinates":[3.26123,48.54625]}},{"type":"Feature","properties":{"CountryName":"France","Type of Animal":"Poultry"},"geometry":{"type":"Point","coordinates":[3.30999,48.5758]}},{"type":"Feature","properties":{"CountryName":"France","Type of Animal":"Poultry"},"geometry":{"type":"Point","coordinates":[3.29464,48.50644]}},{"type":"Feature","properties":{"CountryName":"France","Type of Animal":"Poultry"},"geometry":{"type":"Point","coordinates":[3.31508,48.61302]}},{"type":"Feature","properties":{"CountryName":"France","Type of Animal":"Poultry"},"geometry":{"type":"Point","coordinates":[1.64989,48.77321]}},{"type":"Feature","properties":{"CountryName":"France","Type of Animal":"Poultry"},"geometry":{"type":"Point","coordinates":[-0.54033,46.6475]}},{"type":"Feature","properties":{"CountryName":"France","Type of Animal":"Poultry"},"geometry":{"type":"Point","coordinates":[-0.55209,46.67147]}},{"type":"Feature","properties":{"CountryName":"France","Type of Animal":"Poultry"},"geometry":{"type":"Point","coordinates":[-0.43876,46.96223]}},{"type":"Feature","properties":{"CountryName":"France","Type of Animal":"Poultry"},"geometry":{"type":"Point","coordinates":[-0.03392,46.78282]}},{"type":"Feature","properties":{"CountryName":"France","Type of Animal":"Poultry"},"geometry":{"type":"Point","coordinates":[-0.12138,46.79473]}},{"type":"Feature","properties":{"CountryName":"France","Type of Animal":"Poultry"},"geometry":{"type":"Point","coordinates":[-0.61704,46.93553]}},{"type":"Feature","properties":{"CountryName":"France","Type of Animal":"Poultry"},"geometry":{"type":"Point","coordinates":[-0.5674,46.95687]}},{"type":"Feature","properties":{"CountryName":"France","Type of Animal":"Poultry"},"geometry":{"type":"Point","coordinates":[-0.48391,46.58743]}},{"type":"Feature","properties":{"CountryName":"France","Type of Animal":"Poultry"},"geometry":{"type":"Point","coordinates":[-0.45193,46.98524]}},{"type":"Feature","properties":{"CountryName":"France","Type of Animal":"Poultry"},"geometry":{"type":"Point","coordinates":[-0.05953,46.39907]}},{"type":"Feature","properties":{"CountryName":"France","Type of Animal":"Poultry"},"geometry":{"type":"Point","coordinates":[-0.53014,46.86739]}},{"type":"Feature","properties":{"CountryName":"France","Type of Animal":"Poultry"},"geometry":{"type":"Point","coordinates":[-0.40519,46.8743]}},{"type":"Feature","properties":{"CountryName":"France","Type of Animal":"Poultry"},"geometry":{"type":"Point","coordinates":[-0.48701,46.80865]}},{"type":"Feature","properties":{"CountryName":"France","Type of Animal":"Poultry"},"geometry":{"type":"Point","coordinates":[-0.37758,46.90429]}},{"type":"Feature","properties":{"CountryName":"France","Type of Animal":"Poultry"},"geometry":{"type":"Point","coordinates":[-0.42545,46.88756]}},{"type":"Feature","properties":{"CountryName":"France","Type of Animal":"Poultry"},"geometry":{"type":"Point","coordinates":[-0.45951,46.89382]}},{"type":"Feature","properties":{"CountryName":"France","Type of Animal":"Poultry"},"geometry":{"type":"Point","coordinates":[-0.6012,46.84017]}},{"type":"Feature","properties":{"CountryName":"France","Type of Animal":"Poultry"},"geometry":{"type":"Point","coordinates":[-0.44027,46.81504]}},{"type":"Feature","properties":{"CountryName":"France","Type of Animal":"Poultry"},"geometry":{"type":"Point","coordinates":[-0.61487,46.85793]}},{"type":"Feature","properties":{"CountryName":"France","Type of Animal":"Poultry"},"geometry":{"type":"Point","coordinates":[-0.55279,46.70751]}},{"type":"Feature","properties":{"CountryName":"France","Type of Animal":"Poultry"},"geometry":{"type":"Point","coordinates":[-0.64888,46.82656]}},{"type":"Feature","properties":{"CountryName":"France","Type of Animal":"Poultry"},"geometry":{"type":"Point","coordinates":[-0.07074,46.20515]}},{"type":"Feature","properties":{"CountryName":"France","Type of Animal":"Poultry"},"geometry":{"type":"Point","coordinates":[-0.40421,46.49339]}},{"type":"Feature","properties":{"CountryName":"France","Type of Animal":"Poultry"},"geometry":{"type":"Point","coordinates":[-0.49689,46.75701]}},{"type":"Feature","properties":{"CountryName":"France","Type of Animal":"Poultry"},"geometry":{"type":"Point","coordinates":[-0.50368,46.7664]}},{"type":"Feature","properties":{"CountryName":"France","Type of Animal":"Poultry"},"geometry":{"type":"Point","coordinates":[-0.32005,46.45942]}},{"type":"Feature","properties":{"CountryName":"France","Type of Animal":"Poultry"},"geometry":{"type":"Point","coordinates":[-0.78677,46.92411]}},{"type":"Feature","properties":{"CountryName":"France","Type of Animal":"Poultry"},"geometry":{"type":"Point","coordinates":[-0.6974,46.92366]}},{"type":"Feature","properties":{"CountryName":"France","Type of Animal":"Poultry"},"geometry":{"type":"Point","coordinates":[-0.69183,46.89613]}},{"type":"Feature","properties":{"CountryName":"France","Type of Animal":"Poultry"},"geometry":{"type":"Point","coordinates":[-0.78677,46.92411]}},{"type":"Feature","properties":{"CountryName":"France","Type of Animal":"Poultry"},"geometry":{"type":"Point","coordinates":[-0.40298,46.74859]}},{"type":"Feature","properties":{"CountryName":"France","Type of Animal":"Poultry"},"geometry":{"type":"Point","coordinates":[-0.62483,46.85584]}},{"type":"Feature","properties":{"CountryName":"France","Type of Animal":"Poultry"},"geometry":{"type":"Point","coordinates":[-0.40745,46.73788]}},{"type":"Feature","properties":{"CountryName":"France","Type of Animal":"Poultry"},"geometry":{"type":"Point","coordinates":[-0.37871,46.70474]}},{"type":"Feature","properties":{"CountryName":"France","Type of Animal":"Poultry"},"geometry":{"type":"Point","coordinates":[-0.60062,46.46049]}},{"type":"Feature","properties":{"CountryName":"France","Type of Animal":"Poultry"},"geometry":{"type":"Point","coordinates":[-0.55736,46.76462]}},{"type":"Feature","properties":{"CountryName":"France","Type of Animal":"Poultry"},"geometry":{"type":"Point","coordinates":[-0.09751,46.33604]}},{"type":"Feature","properties":{"CountryName":"France","Type of Animal":"Poultry"},"geometry":{"type":"Point","coordinates":[-0.6623,46.7124]}},{"type":"Feature","properties":{"CountryName":"France","Type of Animal":"Poultry"},"geometry":{"type":"Point","coordinates":[-0.63826,46.7243]}},{"type":"Feature","properties":{"CountryName":"France","Type of Animal":"Poultry"},"geometry":{"type":"Point","coordinates":[-0.63941,46.72597]}},{"type":"Feature","properties":{"CountryName":"France","Type of Animal":"Poultry"},"geometry":{"type":"Point","coordinates":[-0.6614,46.7221]}},{"type":"Feature","properties":{"CountryName":"France","Type of Animal":"Poultry"},"geometry":{"type":"Point","coordinates":[-0.64723,46.75308]}},{"type":"Feature","properties":{"CountryName":"France","Type of Animal":"Poultry"},"geometry":{"type":"Point","coordinates":[-0.50924,46.64564]}},{"type":"Feature","properties":{"CountryName":"France","Type of Animal":"Poultry"},"geometry":{"type":"Point","coordinates":[-0.53978,46.68361]}},{"type":"Feature","properties":{"CountryName":"France","Type of Animal":"Poultry"},"geometry":{"type":"Point","coordinates":[-0.34144,46.89914]}},{"type":"Feature","properties":{"CountryName":"France","Type of Animal":"Poultry"},"geometry":{"type":"Point","coordinates":[-0.19797,46.96369]}},{"type":"Feature","properties":{"CountryName":"France","Type of Animal":"Poultry"},"geometry":{"type":"Point","coordinates":[-0.57701,46.74928]}},{"type":"Feature","properties":{"CountryName":"France","Type of Animal":"Poultry"},"geometry":{"type":"Point","coordinates":[-0.55899,46.75893]}},{"type":"Feature","properties":{"CountryName":"France","Type of Animal":"Poultry"},"geometry":{"type":"Point","coordinates":[-0.76433,46.83828]}},{"type":"Feature","properties":{"CountryName":"France","Type of Animal":"Poultry"},"geometry":{"type":"Point","coordinates":[-0.39452,46.95492]}},{"type":"Feature","properties":{"CountryName":"France","Type of Animal":"Poultry"},"geometry":{"type":"Point","coordinates":[-0.63835,46.69897]}},{"type":"Feature","properties":{"CountryName":"France","Type of Animal":"Poultry"},"geometry":{"type":"Point","coordinates":[-0.46169,46.6551]}},{"type":"Feature","properties":{"CountryName":"France","Type of Animal":"Poultry"},"geometry":{"type":"Point","coordinates":[-0.15091,46.41759]}},{"type":"Feature","properties":{"CountryName":"France","Type of Animal":"Poultry"},"geometry":{"type":"Point","coordinates":[-0.75531,46.89269]}},{"type":"Feature","properties":{"CountryName":"France","Type of Animal":"Poultry"},"geometry":{"type":"Point","coordinates":[-0.75652,46.86339]}},{"type":"Feature","properties":{"CountryName":"France","Type of Animal":"Poultry"},"geometry":{"type":"Point","coordinates":[-0.29427,46.65427]}},{"type":"Feature","properties":{"CountryName":"France","Type of Animal":"Poultry"},"geometry":{"type":"Point","coordinates":[-0.35442,46.45488]}},{"type":"Feature","properties":{"CountryName":"France","Type of Animal":"Poultry"},"geometry":{"type":"Point","coordinates":[-0.62858,46.76521]}},{"type":"Feature","properties":{"CountryName":"France","Type of Animal":"Poultry"},"geometry":{"type":"Point","coordinates":[-0.20879,46.74494]}},{"type":"Feature","properties":{"CountryName":"France","Type of Animal":"Poultry"},"geometry":{"type":"Point","coordinates":[-0.53836,47.05467]}},{"type":"Feature","properties":{"CountryName":"France","Type of Animal":"Poultry"},"geometry":{"type":"Point","coordinates":[-0.5341,47.02783]}},{"type":"Feature","properties":{"CountryName":"France","Type of Animal":"Poultry"},"geometry":{"type":"Point","coordinates":[-0.45713,46.42876]}},{"type":"Feature","properties":{"CountryName":"France","Type of Animal":"Poultry"},"geometry":{"type":"Point","coordinates":[-0.6148,46.63242]}},{"type":"Feature","properties":{"CountryName":"France","Type of Animal":"Poultry"},"geometry":{"type":"Point","coordinates":[-0.77169,46.96267]}},{"type":"Feature","properties":{"CountryName":"France","Type of Animal":"Poultry"},"geometry":{"type":"Point","coordinates":[2.3469,48.8589]}},{"type":"Feature","properties":{"CountryName":"France","Type of Animal":"Poultry"},"geometry":{"type":"Point","coordinates":[-0.44407,46.47193]}},{"type":"Feature","properties":{"CountryName":"France","Type of Animal":"Poultry"},"geometry":{"type":"Point","coordinates":[-0.14283,46.93986]}},{"type":"Feature","properties":{"CountryName":"France","Type of Animal":"Poultry"},"geometry":{"type":"Point","coordinates":[-0.53296,46.62104]}},{"type":"Feature","properties":{"CountryName":"France","Type of Animal":"Poultry"},"geometry":{"type":"Point","coordinates":[-0.51613,46.91894]}},{"type":"Feature","properties":{"CountryName":"France","Type of Animal":"Poultry"},"geometry":{"type":"Point","coordinates":[-0.39594,46.89881]}},{"type":"Feature","properties":{"CountryName":"France","Type of Animal":"Poultry"},"geometry":{"type":"Point","coordinates":[-0.75415,46.92677]}},{"type":"Feature","properties":{"CountryName":"France","Type of Animal":"Poultry"},"geometry":{"type":"Point","coordinates":[-0.40412,46.53877]}},{"type":"Feature","properties":{"CountryName":"France","Type of Animal":"Poultry"},"geometry":{"type":"Point","coordinates":[-0.74373,46.85151]}},{"type":"Feature","properties":{"CountryName":"France","Type of Animal":"Poultry"},"geometry":{"type":"Point","coordinates":[-0.75652,46.86339]}},{"type":"Feature","properties":{"CountryName":"France","Type of Animal":"Poultry"},"geometry":{"type":"Point","coordinates":[-0.54281,46.40808]}},{"type":"Feature","properties":{"CountryName":"France","Type of Animal":"Poultry"},"geometry":{"type":"Point","coordinates":[-0.54062,46.92075]}},{"type":"Feature","properties":{"CountryName":"France","Type of Animal":"Poultry"},"geometry":{"type":"Point","coordinates":[-0.33843,46.83034]}},{"type":"Feature","properties":{"CountryName":"France","Type of Animal":"Poultry"},"geometry":{"type":"Point","coordinates":[-0.18337,46.95339]}},{"type":"Feature","properties":{"CountryName":"France","Type of Animal":"Poultry"},"geometry":{"type":"Point","coordinates":[-0.5009,47.0381]}},{"type":"Feature","properties":{"CountryName":"France","Type of Animal":"Poultry"},"geometry":{"type":"Point","coordinates":[-0.44711,46.4522]}},{"type":"Feature","properties":{"CountryName":"France","Type of Animal":"Poultry"},"geometry":{"type":"Point","coordinates":[-0.44692,46.45116]}},{"type":"Feature","properties":{"CountryName":"France","Type of Animal":"Poultry"},"geometry":{"type":"Point","coordinates":[-0.10654,46.29923]}},{"type":"Feature","properties":{"CountryName":"France","Type of Animal":"Poultry"},"geometry":{"type":"Point","coordinates":[2.17982,49.93482]}},{"type":"Feature","properties":{"CountryName":"France","Type of Animal":"Poultry"},"geometry":{"type":"Point","coordinates":[2.64259,49.81813]}},{"type":"Feature","properties":{"CountryName":"France","Type of Animal":"Poultry"},"geometry":{"type":"Point","coordinates":[2.38589,49.80143]}},{"type":"Feature","properties":{"CountryName":"France","Type of Animal":"Poultry"},"geometry":{"type":"Point","coordinates":[2.33287,49.78547]}},{"type":"Feature","properties":{"CountryName":"France","Type of Animal":"Poultry"},"geometry":{"type":"Point","coordinates":[2.51831,49.65626]}},{"type":"Feature","properties":{"CountryName":"France","Type of Animal":"Poultry"},"geometry":{"type":"Point","coordinates":[2.52417,49.67028]}},{"type":"Feature","properties":{"CountryName":"France","Type of Animal":"Poultry"},"geometry":{"type":"Point","coordinates":[2.70633,49.6598]}},{"type":"Feature","properties":{"CountryName":"France","Type of Animal":"Poultry"},"geometry":{"type":"Point","coordinates":[2.51075,49.82288]}},{"type":"Feature","properties":{"CountryName":"France","Type of Animal":"Poultry"},"geometry":{"type":"Point","coordinates":[1.79696,49.80504]}},{"type":"Feature","properties":{"CountryName":"France","Type of Animal":"Poultry"},"geometry":{"type":"Point","coordinates":[2.52459,49.63887]}},{"type":"Feature","properties":{"CountryName":"France","Type of Animal":"Poultry"},"geometry":{"type":"Point","coordinates":[1.90594,50.14959]}},{"type":"Feature","properties":{"CountryName":"France","Type of Animal":"Poultry"},"geometry":{"type":"Point","coordinates":[2.91211,49.80415]}},{"type":"Feature","properties":{"CountryName":"France","Type of Animal":"Poultry"},"geometry":{"type":"Point","coordinates":[2.41201,49.76723]}},{"type":"Feature","properties":{"CountryName":"France","Type of Animal":"Poultry"},"geometry":{"type":"Point","coordinates":[1.76681,50.17923]}},{"type":"Feature","properties":{"CountryName":"France","Type of Animal":"Poultry"},"geometry":{"type":"Point","coordinates":[2.41104,49.96587]}},{"type":"Feature","properties":{"CountryName":"France","Type of Animal":"Poultry"},"geometry":{"type":"Point","coordinates":[2.4516,49.84593]}},{"type":"Feature","properties":{"CountryName":"France","Type of Animal":"Poultry"},"geometry":{"type":"Point","coordinates":[1.97727,43.8192]}},{"type":"Feature","properties":{"CountryName":"France","Type of Animal":"Poultry"},"geometry":{"type":"Point","coordinates":[1.85921,43.88656]}},{"type":"Feature","properties":{"CountryName":"France","Type of Animal":"Poultry"},"geometry":{"type":"Point","coordinates":[1.66511,43.84876]}},{"type":"Feature","properties":{"CountryName":"France","Type of Animal":"Poultry"},"geometry":{"type":"Point","coordinates":[2.10005,43.53217]}},{"type":"Feature","properties":{"CountryName":"France","Type of Animal":"Poultry"},"geometry":{"type":"Point","coordinates":[1.80756,43.84219]}},{"type":"Feature","properties":{"CountryName":"France","Type of Animal":"Poultry"},"geometry":{"type":"Point","coordinates":[-1.31799,46.83725]}},{"type":"Feature","properties":{"CountryName":"France","Type of Animal":"Poultry"},"geometry":{"type":"Point","coordinates":[-1.20328,46.91222]}},{"type":"Feature","properties":{"CountryName":"France","Type of Animal":"Poultry"},"geometry":{"type":"Point","coordinates":[-1.35455,46.76175]}},{"type":"Feature","properties":{"CountryName":"France","Type of Animal":"Poultry"},"geometry":{"type":"Point","coordinates":[-1.8576,46.7308]}},{"type":"Feature","properties":{"CountryName":"France","Type of Animal":"Poultry"},"geometry":{"type":"Point","coordinates":[-1.73834,46.90929]}},{"type":"Feature","properties":{"CountryName":"France","Type of Animal":"Poultry"},"geometry":{"type":"Point","coordinates":[-1.62244,46.54843]}},{"type":"Feature","properties":{"CountryName":"France","Type of Animal":"Poultry"},"geometry":{"type":"Point","coordinates":[-1.2411,46.98495]}},{"type":"Feature","properties":{"CountryName":"France","Type of Animal":"Poultry"},"geometry":{"type":"Point","coordinates":[-1.2721,46.9625]}},{"type":"Feature","properties":{"CountryName":"France","Type of Animal":"Poultry"},"geometry":{"type":"Point","coordinates":[-1.09943,46.87322]}},{"type":"Feature","properties":{"CountryName":"France","Type of Animal":"Poultry"},"geometry":{"type":"Point","coordinates":[-0.84502,46.5232]}},{"type":"Feature","properties":{"CountryName":"France","Type of Animal":"Poultry"},"geometry":{"type":"Point","coordinates":[-1.1118,46.87134]}},{"type":"Feature","properties":{"CountryName":"France","Type of Animal":"Poultry"},"geometry":{"type":"Point","coordinates":[-1.09285,46.42575]}},{"type":"Feature","properties":{"CountryName":"France","Type of Animal":"Poultry"},"geometry":{"type":"Point","coordinates":[-1.05747,46.78535]}},{"type":"Feature","properties":{"CountryName":"France","Type of Animal":"Poultry"},"geometry":{"type":"Point","coordinates":[-0.82139,46.64687]}},{"type":"Feature","properties":{"CountryName":"France","Type of Animal":"Poultry"},"geometry":{"type":"Point","coordinates":[-0.439,46.9624]}},{"type":"Feature","properties":{"CountryName":"France","Type of Animal":"Poultry"},"geometry":{"type":"Point","coordinates":[-1.1377,46.8058]}},{"type":"Feature","properties":{"CountryName":"France","Type of Animal":"Poultry"},"geometry":{"type":"Point","coordinates":[-1.1256,46.80041]}},{"type":"Feature","properties":{"CountryName":"France","Type of Animal":"Poultry"},"geometry":{"type":"Point","coordinates":[-1.10728,46.79296]}},{"type":"Feature","properties":{"CountryName":"France","Type of Animal":"Poultry"},"geometry":{"type":"Point","coordinates":[-1.13141,46.80392]}},{"type":"Feature","properties":{"CountryName":"France","Type of Animal":"Poultry"},"geometry":{"type":"Point","coordinates":[-1.13292,46.79921]}},{"type":"Feature","properties":{"CountryName":"France","Type of Animal":"Poultry"},"geometry":{"type":"Point","coordinates":[-1.20029,46.62166]}},{"type":"Feature","properties":{"CountryName":"France","Type of Animal":"Poultry"},"geometry":{"type":"Point","coordinates":[-1.08092,46.39364]}},{"type":"Feature","properties":{"CountryName":"France","Type of Animal":"Poultry"},"geometry":{"type":"Point","coordinates":[-1.72657,46.78605]}},{"type":"Feature","properties":{"CountryName":"France","Type of Animal":"Poultry"},"geometry":{"type":"Point","coordinates":[-1.42293,46.86983]}},{"type":"Feature","properties":{"CountryName":"France","Type of Animal":"Poultry"},"geometry":{"type":"Point","coordinates":[-1.00007,46.52372]}},{"type":"Feature","properties":{"CountryName":"France","Type of Animal":"Poultry"},"geometry":{"type":"Point","coordinates":[-1.14424,46.80353]}},{"type":"Feature","properties":{"CountryName":"France","Type of Animal":"Poultry"},"geometry":{"type":"Point","coordinates":[-1.3435,46.9976]}},{"type":"Feature","properties":{"CountryName":"France","Type of Animal":"Poultry"},"geometry":{"type":"Point","coordinates":[-1.19164,46.69539]}},{"type":"Feature","properties":{"CountryName":"France","Type of Animal":"Poultry"},"geometry":{"type":"Point","coordinates":[-0.67331,46.71515]}},{"type":"Feature","properties":{"CountryName":"France","Type of Animal":"Poultry"},"geometry":{"type":"Point","coordinates":[-1.13893,46.81]}},{"type":"Feature","properties":{"CountryName":"France","Type of Animal":"Poultry"},"geometry":{"type":"Point","coordinates":[-1.13694,46.83392]}},{"type":"Feature","properties":{"CountryName":"France","Type of Animal":"Poultry"},"geometry":{"type":"Point","coordinates":[-0.83374,46.81851]}},{"type":"Feature","properties":{"CountryName":"France","Type of Animal":"Poultry"},"geometry":{"type":"Point","coordinates":[0.14094,46.7596]}},{"type":"Feature","properties":{"CountryName":"France","Type of Animal":"Poultry"},"geometry":{"type":"Point","coordinates":[0.10597,47.02942]}},{"type":"Feature","properties":{"CountryName":"France","Type of Animal":"Poultry"},"geometry":{"type":"Point","coordinates":[0.18211,46.74086]}},{"type":"Feature","properties":{"CountryName":"France","Type of Animal":"Poultry"},"geometry":{"type":"Point","coordinates":[0.61825,46.21569]}},{"type":"Feature","properties":{"CountryName":"France","Type of Animal":"Poultry"},"geometry":{"type":"Point","coordinates":[7.04848,48.27282]}},{"type":"Feature","properties":{"CountryName":"France","Type of Animal":"Poultry"},"geometry":{"type":"Point","coordinates":[3.6962,48.08369]}},{"type":"Feature","properties":{"CountryName":"France","Type of Animal":"Poultry"},"geometry":{"type":"Point","coordinates":[3.07812,47.78394]}},{"type":"Feature","properties":{"CountryName":"France","Type of Animal":"Poultry"},"geometry":{"type":"Point","coordinates":[3.3034,47.513]}},{"type":"Feature","properties":{"CountryName":"France","Type of Animal":"Poultry"},"geometry":{"type":"Point","coordinates":[4.00371,47.67729]}},{"type":"Feature","properties":{"CountryName":"France","Type of Animal":"Poultry"},"geometry":{"type":"Point","coordinates":[4.00366,47.73393]}},{"type":"Feature","properties":{"CountryName":"France","Type of Animal":"Poultry"},"geometry":{"type":"Point","coordinates":[3.32324,48.35366]}},{"type":"Feature","properties":{"CountryName":"France","Type of Animal":"Poultry"},"geometry":{"type":"Point","coordinates":[3.8319,47.59419]}},{"type":"Feature","properties":{"CountryName":"France","Type of Animal":"Poultry"},"geometry":{"type":"Point","coordinates":[3.34554,47.63001]}},{"type":"Feature","properties":{"CountryName":"France","Type of Animal":"Poultry"},"geometry":{"type":"Point","coordinates":[3.71175,48.11458]}},{"type":"Feature","properties":{"CountryName":"France","Type of Animal":"Poultry"},"geometry":{"type":"Point","coordinates":[3.30293,47.70086]}},{"type":"Feature","properties":{"CountryName":"France","Type of Animal":"Poultry"},"geometry":{"type":"Point","coordinates":[3.94369,47.93167]}},{"type":"Feature","properties":{"CountryName":"France","Type of Animal":"Poultry"},"geometry":{"type":"Point","coordinates":[3.56863,48.03518]}},{"type":"Feature","properties":{"CountryName":"France","Type of Animal":"Poultry"},"geometry":{"type":"Point","coordinates":[2.06956,48.60495]}},{"type":"Feature","properties":{"CountryName":"France","Type of Animal":"Poultry"},"geometry":{"type":"Point","coordinates":[1.78963,49.09473]}},{"type":"Feature","properties":{"CountryName":"France","Type of Animal":"Poultry"},"geometry":{"type":"Point","coordinates":[55.60159,-21.15011]}},{"type":"Feature","properties":{"CountryName":"France","Type of Animal":"Poultry"},"geometry":{"type":"Point","coordinates":[55.36368,-20.92687]}},{"type":"Feature","properties":{"CountryName":"France","Type of Animal":"Poultry"},"geometry":{"type":"Point","coordinates":[55.47682,-21.03199]}},{"type":"Feature","properties":{"CountryName":"France","Type of Animal":"Poultry"},"geometry":{"type":"Point","coordinates":[55.55406,-21.22174]}},{"type":"Feature","properties":{"CountryName":"France","Type of Animal":"Poultry"},"geometry":{"type":"Point","coordinates":[3.73873,48.08731]}},{"type":"Feature","properties":{"CountryName":"France","Type of Animal":"Poultry"},"geometry":{"type":"Point","coordinates":[-1.2,48.3071]}},{"type":"Feature","properties":{"CountryName":"France","Type of Animal":"Poultry"},"geometry":{"type":"Point","coordinates":[3.56,46.2484]}},{"type":"Feature","properties":{"CountryName":"France","Type of Animal":"Poultry"},"geometry":{"type":"Point","coordinates":[-3.41,48.2967]}},{"type":"Feature","properties":{"CountryName":"France","Type of Animal":"Poultry"},"geometry":{"type":"Point","coordinates":[5.06,45.1297]}},{"type":"Feature","properties":{"CountryName":"France","Type of Animal":"Poultry"},"geometry":{"type":"Point","coordinates":[5.11768,44.89874]}},{"type":"Feature","properties":{"CountryName":"France","Type of Animal":"Poultry"},"geometry":{"type":"Point","coordinates":[1.17623,48.96387]}},{"type":"Feature","properties":{"CountryName":"France","Type of Animal":"Poultry"},"geometry":{"type":"Point","coordinates":[1.17881,48.96416]}},{"type":"Feature","properties":{"CountryName":"France","Type of Animal":"Poultry"},"geometry":{"type":"Point","coordinates":[0.83,48.9784]}},{"type":"Feature","properties":{"CountryName":"France","Type of Animal":"Poultry"},"geometry":{"type":"Point","coordinates":[1.1791,48.95951]}},{"type":"Feature","properties":{"CountryName":"France","Type of Animal":"Poultry"},"geometry":{"type":"Point","coordinates":[-4.0419,48.0035]}},{"type":"Feature","properties":{"CountryName":"France","Type of Animal":"Poultry"},"geometry":{"type":"Point","coordinates":[-3.58,48.5352]}},{"type":"Feature","properties":{"CountryName":"France","Type of Animal":"Poultry"},"geometry":{"type":"Point","coordinates":[-3.97,48.224]}},{"type":"Feature","properties":{"CountryName":"France","Type of Animal":"Poultry"},"geometry":{"type":"Point","coordinates":[-3.87,48.4844]}},{"type":"Feature","properties":{"CountryName":"France","Type of Animal":"Poultry"},"geometry":{"type":"Point","coordinates":[-3.89,48.6169]}},{"type":"Feature","properties":{"CountryName":"France","Type of Animal":"Poultry"},"geometry":{"type":"Point","coordinates":[-3.58,48.5299]}},{"type":"Feature","properties":{"CountryName":"France","Type of Animal":"Poultry"},"geometry":{"type":"Point","coordinates":[0.51,43.4552]}},{"type":"Feature","properties":{"CountryName":"France","Type of Animal":"Poultry"},"geometry":{"type":"Point","coordinates":[-1.4,48.0863]}},{"type":"Feature","properties":{"CountryName":"France","Type of Animal":"Poultry"},"geometry":{"type":"Point","coordinates":[-2.06,48.1903]}},{"type":"Feature","properties":{"CountryName":"France","Type of Animal":"Poultry"},"geometry":{"type":"Point","coordinates":[-1.43,48.4461]}},{"type":"Feature","properties":{"CountryName":"France","Type of Animal":"Poultry"},"geometry":{"type":"Point","coordinates":[5.20868,45.09054]}},{"type":"Feature","properties":{"CountryName":"France","Type of Animal":"Poultry"},"geometry":{"type":"Point","coordinates":[-0.3295,43.8187]}},{"type":"Feature","properties":{"CountryName":"France","Type of Animal":"Poultry"},"geometry":{"type":"Point","coordinates":[-0.0531,44.1279]}},{"type":"Feature","properties":{"CountryName":"France","Type of Animal":"Poultry"},"geometry":{"type":"Point","coordinates":[-0.65,43.7307]}},{"type":"Feature","properties":{"CountryName":"France","Type of Animal":"Poultry"},"geometry":{"type":"Point","coordinates":[-0.86,43.6781]}},{"type":"Feature","properties":{"CountryName":"France","Type of Animal":"Poultry"},"geometry":{"type":"Point","coordinates":[-0.67,43.6518]}},{"type":"Feature","properties":{"CountryName":"France","Type of Animal":"Poultry"},"geometry":{"type":"Point","coordinates":[-0.5,43.7036]}},{"type":"Feature","properties":{"CountryName":"France","Type of Animal":"Poultry"},"geometry":{"type":"Point","coordinates":[-0.32,43.6389]}},{"type":"Feature","properties":{"CountryName":"France","Type of Animal":"Poultry"},"geometry":{"type":"Point","coordinates":[-0.98,47.2075]}},{"type":"Feature","properties":{"CountryName":"France","Type of Animal":"Poultry"},"geometry":{"type":"Point","coordinates":[-1.06,47.2049]}},{"type":"Feature","properties":{"CountryName":"France","Type of Animal":"Poultry"},"geometry":{"type":"Point","coordinates":[-1.15006,47.54459]}},{"type":"Feature","properties":{"CountryName":"France","Type of Animal":"Poultry"},"geometry":{"type":"Point","coordinates":[-1.11,47.1897]}},{"type":"Feature","properties":{"CountryName":"France","Type of Animal":"Poultry"},"geometry":{"type":"Point","coordinates":[-0.6,47.2221]}},{"type":"Feature","properties":{"CountryName":"France","Type of Animal":"Poultry"},"geometry":{"type":"Point","coordinates":[-0.9,47.5362]}},{"type":"Feature","properties":{"CountryName":"France","Type of Animal":"Poultry"},"geometry":{"type":"Point","coordinates":[-1.06,47.3461]}},{"type":"Feature","properties":{"CountryName":"France","Type of Animal":"Poultry"},"geometry":{"type":"Point","coordinates":[-0.76,47.0215]}},{"type":"Feature","properties":{"CountryName":"France","Type of Animal":"Poultry"},"geometry":{"type":"Point","coordinates":[-0.87,47.1327]}},{"type":"Feature","properties":{"CountryName":"France","Type of Animal":"Poultry"},"geometry":{"type":"Point","coordinates":[-1.06,47.1433]}},{"type":"Feature","properties":{"CountryName":"France","Type of Animal":"Poultry"},"geometry":{"type":"Point","coordinates":[-1.15456,47.52675]}},{"type":"Feature","properties":{"CountryName":"France","Type of Animal":"Poultry"},"geometry":{"type":"Point","coordinates":[-0.79,48.1037]}},{"type":"Feature","properties":{"CountryName":"France","Type of Animal":"Poultry"},"geometry":{"type":"Point","coordinates":[-1.12,47.8164]}},{"type":"Feature","properties":{"CountryName":"France","Type of Animal":"Poultry"},"geometry":{"type":"Point","coordinates":[-0.42,48.2284]}},{"type":"Feature","properties":{"CountryName":"France","Type of Animal":"Poultry"},"geometry":{"type":"Point","coordinates":[-0.66,48.3587]}},{"type":"Feature","properties":{"CountryName":"France","Type of Animal":"Poultry"},"geometry":{"type":"Point","coordinates":[-0.57,48.3663]}},{"type":"Feature","properties":{"CountryName":"France","Type of Animal":"Poultry"},"geometry":{"type":"Point","coordinates":[-0.69,48.4056]}},{"type":"Feature","properties":{"CountryName":"France","Type of Animal":"Poultry"},"geometry":{"type":"Point","coordinates":[-2.29,47.649]}},{"type":"Feature","properties":{"CountryName":"France","Type of Animal":"Poultry"},"geometry":{"type":"Point","coordinates":[-3.23,48.145]}},{"type":"Feature","properties":{"CountryName":"France","Type of Animal":"Poultry"},"geometry":{"type":"Point","coordinates":[-2.38,47.9799]}},{"type":"Feature","properties":{"CountryName":"France","Type of Animal":"Poultry"},"geometry":{"type":"Point","coordinates":[-2.73,47.9008]}},{"type":"Feature","properties":{"CountryName":"France","Type of Animal":"Poultry"},"geometry":{"type":"Point","coordinates":[2.58,50.849]}},{"type":"Feature","properties":{"CountryName":"France","Type of Animal":"Poultry"},"geometry":{"type":"Point","coordinates":[-0.09,48.6846]}},{"type":"Feature","properties":{"CountryName":"France","Type of Animal":"Poultry"},"geometry":{"type":"Point","coordinates":[3.57,45.664]}},{"type":"Feature","properties":{"CountryName":"France","Type of Animal":"Poultry"},"geometry":{"type":"Point","coordinates":[-0.66,43.2449]}},{"type":"Feature","properties":{"CountryName":"France","Type of Animal":"Poultry"},"geometry":{"type":"Point","coordinates":[-0.1103,47.7815]}},{"type":"Feature","properties":{"CountryName":"France","Type of Animal":"Poultry"},"geometry":{"type":"Point","coordinates":[-0.22,47.8834]}},{"type":"Feature","properties":{"CountryName":"France","Type of Animal":"Poultry"},"geometry":{"type":"Point","coordinates":[0.72,48.2061]}},{"type":"Feature","properties":{"CountryName":"France","Type of Animal":"Poultry"},"geometry":{"type":"Point","coordinates":[-0.19,47.8639]}},{"type":"Feature","properties":{"CountryName":"France","Type of Animal":"Poultry"},"geometry":{"type":"Point","coordinates":[0.38,47.7439]}},{"type":"Feature","properties":{"CountryName":"France","Type of Animal":"Poultry"},"geometry":{"type":"Point","coordinates":[0.59,48.0608]}},{"type":"Feature","properties":{"CountryName":"France","Type of Animal":"Poultry"},"geometry":{"type":"Point","coordinates":[0.32,48.2591]}},{"type":"Feature","properties":{"CountryName":"France","Type of Animal":"Poultry"},"geometry":{"type":"Point","coordinates":[0.38,48.2612]}},{"type":"Feature","properties":{"CountryName":"France","Type of Animal":"Poultry"},"geometry":{"type":"Point","coordinates":[-0.4158,47.8321]}},{"type":"Feature","properties":{"CountryName":"France","Type of Animal":"Poultry"},"geometry":{"type":"Point","coordinates":[-0.93,46.7722]}},{"type":"Feature","properties":{"CountryName":"France","Type of Animal":"Poultry"},"geometry":{"type":"Point","coordinates":[-1.02,46.8473]}},{"type":"Feature","properties":{"CountryName":"France","Type of Animal":"Poultry"},"geometry":{"type":"Point","coordinates":[-0.93,46.929]}},{"type":"Feature","properties":{"CountryName":"France","Type of Animal":"Poultry"},"geometry":{"type":"Point","coordinates":[-1.62,46.4805]}},{"type":"Feature","properties":{"CountryName":"France","Type of Animal":"Poultry"},"geometry":{"type":"Point","coordinates":[-0.93,46.7821]}},{"type":"Feature","properties":{"CountryName":"France","Type of Animal":"Poultry"},"geometry":{"type":"Point","coordinates":[-1.25,46.861]}},{"type":"Feature","properties":{"CountryName":"France","Type of Animal":"Poultry"},"geometry":{"type":"Point","coordinates":[4.2287,47.93152]}},{"type":"Feature","properties":{"CountryName":"France","Type of Animal":"Poultry"},"geometry":{"type":"Point","coordinates":[3.98845,47.53777]}},{"type":"Feature","properties":{"CountryName":"France","Type of Animal":"Poultry"},"geometry":{"type":"Point","coordinates":[3.29119,47.70029]}},{"type":"Feature","properties":{"CountryName":"France","Type of Animal":"Poultry"},"geometry":{"type":"Point","coordinates":[4.19954,46.23]}},{"type":"Feature","properties":{"CountryName":"France","Type of Animal":"Poultry"},"geometry":{"type":"Point","coordinates":[-4.35965,47.96404]}},{"type":"Feature","properties":{"CountryName":"France","Type of Animal":"Poultry"},"geometry":{"type":"Point","coordinates":[-3.67624,48.20687]}},{"type":"Feature","properties":{"CountryName":"France","Type of Animal":"Poultry"},"geometry":{"type":"Point","coordinates":[4.51118,47.44579]}},{"type":"Feature","properties":{"CountryName":"France","Type of Animal":"Poultry"},"geometry":{"type":"Point","coordinates":[4.79284,48.36774]}},{"type":"Feature","properties":{"CountryName":"France","Type of Animal":"Poultry"},"geometry":{"type":"Point","coordinates":[3.28833,48.64227]}},{"type":"Feature","properties":{"CountryName":"France","Type of Animal":"Poultry"},"geometry":{"type":"Point","coordinates":[-2.50008,47.81991]}},{"type":"Feature","properties":{"CountryName":"France","Type of Animal":"Poultry"},"geometry":{"type":"Point","coordinates":[-2.82314,48.0541]}},{"type":"Feature","properties":{"CountryName":"France","Type of Animal":"Poultry"},"geometry":{"type":"Point","coordinates":[-1.02391,47.25335]}},{"type":"Feature","properties":{"CountryName":"France","Type of Animal":"Poultry"},"geometry":{"type":"Point","coordinates":[1.43026,48.1597]}},{"type":"Feature","properties":{"CountryName":"France","Type of Animal":"Poultry"},"geometry":{"type":"Point","coordinates":[0.21899,44.30377]}},{"type":"Feature","properties":{"CountryName":"France","Type of Animal":"Poultry"},"geometry":{"type":"Point","coordinates":[-2.853,48.12465]}},{"type":"Feature","properties":{"CountryName":"France","Type of Animal":"Poultry"},"geometry":{"type":"Point","coordinates":[4.44736,48.1077]}},{"type":"Feature","properties":{"CountryName":"France","Type of Animal":"Poultry"},"geometry":{"type":"Point","coordinates":[5.01661,44.64855]}},{"type":"Feature","properties":{"CountryName":"France","Type of Animal":"Poultry"},"geometry":{"type":"Point","coordinates":[4.38026,45.80365]}},{"type":"Feature","properties":{"CountryName":"France","Type of Animal":"Poultry"},"geometry":{"type":"Point","coordinates":[6.30483,47.22557]}},{"type":"Feature","properties":{"CountryName":"France","Type of Animal":"Poultry"},"geometry":{"type":"Point","coordinates":[1.37759,44.8273]}},{"type":"Feature","properties":{"CountryName":"France","Type of Animal":"Poultry"},"geometry":{"type":"Point","coordinates":[2.33958,50.92473]}},{"type":"Feature","properties":{"CountryName":"France","Type of Animal":"Poultry"},"geometry":{"type":"Point","coordinates":[2.56804,50.85131]}},{"type":"Feature","properties":{"CountryName":"France","Type of Animal":"Poultry"},"geometry":{"type":"Point","coordinates":[-1.17662,48.6865]}},{"type":"Feature","properties":{"CountryName":"France","Type of Animal":"Poultry"},"geometry":{"type":"Point","coordinates":[-3.57578,48.32979]}},{"type":"Feature","properties":{"CountryName":"France","Type of Animal":"Poultry"},"geometry":{"type":"Point","coordinates":[-3.23608,48.13301]}},{"type":"Feature","properties":{"CountryName":"France","Type of Animal":"Poultry"},"geometry":{"type":"Point","coordinates":[-2.81001,47.81778]}},{"type":"Feature","properties":{"CountryName":"France","Type of Animal":"Poultry"},"geometry":{"type":"Point","coordinates":[-2.40198,47.90509]}},{"type":"Feature","properties":{"CountryName":"France","Type of Animal":"Poultry"},"geometry":{"type":"Point","coordinates":[-2.40559,48.05368]}},{"type":"Feature","properties":{"CountryName":"France","Type of Animal":"Poultry"},"geometry":{"type":"Point","coordinates":[4.95637,44.68349]}},{"type":"Feature","properties":{"CountryName":"France","Type of Animal":"Poultry"},"geometry":{"type":"Point","coordinates":[0.77079,47.90609]}},{"type":"Feature","properties":{"CountryName":"France","Type of Animal":"Poultry"},"geometry":{"type":"Point","coordinates":[0.46608,48.11793]}},{"type":"Feature","properties":{"CountryName":"France","Type of Animal":"Poultry"},"geometry":{"type":"Point","coordinates":[0.12865,47.74032]}},{"type":"Feature","properties":{"CountryName":"France","Type of Animal":"Poultry"},"geometry":{"type":"Point","coordinates":[-0.81189,46.64035]}},{"type":"Feature","properties":{"CountryName":"France","Type of Animal":"Poultry"},"geometry":{"type":"Point","coordinates":[-0.99625,48.02885]}},{"type":"Feature","properties":{"CountryName":"France","Type of Animal":"Poultry"},"geometry":{"type":"Point","coordinates":[-1.62941,46.73314]}},{"type":"Feature","properties":{"CountryName":"France","Type of Animal":"Poultry"},"geometry":{"type":"Point","coordinates":[-1.59726,46.54015]}},{"type":"Feature","properties":{"CountryName":"France","Type of Animal":"Poultry"},"geometry":{"type":"Point","coordinates":[7.5754,48.654]}},{"type":"Feature","properties":{"CountryName":"France","Type of Animal":"Poultry"},"geometry":{"type":"Point","coordinates":[-0.35337,46.45286]}},{"type":"Feature","properties":{"CountryName":"France","Type of Animal":"Poultry"},"geometry":{"type":"Point","coordinates":[-0.39908,46.72468]}},{"type":"Feature","properties":{"CountryName":"France","Type of Animal":"Poultry"},"geometry":{"type":"Point","coordinates":[2.48442,47.46048]}},{"type":"Feature","properties":{"CountryName":"France","Type of Animal":"Poultry"},"geometry":{"type":"Point","coordinates":[45.19099,-12.8295]}},{"type":"Feature","properties":{"CountryName":"France","Type of Animal":"Poultry"},"geometry":{"type":"Point","coordinates":[2.44721,47.41225]}},{"type":"Feature","properties":{"CountryName":"France","Type of Animal":"Poultry"},"geometry":{"type":"Point","coordinates":[4.91151,44.63502]}},{"type":"Feature","properties":{"CountryName":"France","Type of Animal":"Poultry"},"geometry":{"type":"Point","coordinates":[4.90777,44.62478]}},{"type":"Feature","properties":{"CountryName":"France","Type of Animal":"Poultry"},"geometry":{"type":"Point","coordinates":[-3.73409,48.24846]}},{"type":"Feature","properties":{"CountryName":"France","Type of Animal":"Poultry"},"geometry":{"type":"Point","coordinates":[-2.04016,47.82601]}},{"type":"Feature","properties":{"CountryName":"France","Type of Animal":"Poultry"},"geometry":{"type":"Point","coordinates":[-1.37721,48.94986]}},{"type":"Feature","properties":{"CountryName":"France","Type of Animal":"Poultry"},"geometry":{"type":"Point","coordinates":[-1.11147,48.71072]}},{"type":"Feature","properties":{"CountryName":"France","Type of Animal":"Poultry"},"geometry":{"type":"Point","coordinates":[-3.19117,47.85508]}},{"type":"Feature","properties":{"CountryName":"France","Type of Animal":"Poultry"},"geometry":{"type":"Point","coordinates":[-2.29113,48.0382]}},{"type":"Feature","properties":{"CountryName":"France","Type of Animal":"Poultry"},"geometry":{"type":"Point","coordinates":[2.79529,50.6769]}},{"type":"Feature","properties":{"CountryName":"France","Type of Animal":"Poultry"},"geometry":{"type":"Point","coordinates":[2.2136,50.67255]}},{"type":"Feature","properties":{"CountryName":"France","Type of Animal":"Poultry"},"geometry":{"type":"Point","coordinates":[8.18577,48.96967]}},{"type":"Feature","properties":{"CountryName":"France","Type of Animal":"Poultry"},"geometry":{"type":"Point","coordinates":[7.70829,48.80925]}},{"type":"Feature","properties":{"CountryName":"France","Type of Animal":"Poultry"},"geometry":{"type":"Point","coordinates":[-0.15268,46.53272]}},{"type":"Feature","properties":{"CountryName":"France","Type of Animal":"Poultry"},"geometry":{"type":"Point","coordinates":[-1.06533,46.50335]}},{"type":"Feature","properties":{"CountryName":"France","Type of Animal":"Poultry"},"geometry":{"type":"Point","coordinates":[-1.86845,46.78766]}},{"type":"Feature","properties":{"CountryName":"France","Type of Animal":"Poultry"},"geometry":{"type":"Point","coordinates":[-61.01366,14.63852]}},{"type":"Feature","properties":{"CountryName":"France","Type of Animal":"Poultry"},"geometry":{"type":"Point","coordinates":[-2.93197,48.68179]}},{"type":"Feature","properties":{"CountryName":"France","Type of Animal":"Poultry"},"geometry":{"type":"Point","coordinates":[5.08139,45.3465]}},{"type":"Feature","properties":{"CountryName":"France","Type of Animal":"Poultry"},"geometry":{"type":"Point","coordinates":[0.50083,49.68755]}},{"type":"Feature","properties":{"CountryName":"France","Type of Animal":"Poultry"},"geometry":{"type":"Point","coordinates":[-2.43052,48.41436]}},{"type":"Feature","properties":{"CountryName":"France","Type of Animal":"Poultry"},"geometry":{"type":"Point","coordinates":[-0.68702,46.43847]}},{"type":"Feature","properties":{"CountryName":"France","Type of Animal":"Poultry"},"geometry":{"type":"Point","coordinates":[0.02376,48.98457]}},{"type":"Feature","properties":{"CountryName":"France","Type of Animal":"Poultry"},"geometry":{"type":"Point","coordinates":[55.66517,-20.96384]}},{"type":"Feature","properties":{"CountryName":"France","Type of Animal":"Poultry"},"geometry":{"type":"Point","coordinates":[-3.4627,48.74259]}},{"type":"Feature","properties":{"CountryName":"France","Type of Animal":"Poultry"},"geometry":{"type":"Point","coordinates":[-1.13355,47.58384]}},{"type":"Feature","properties":{"CountryName":"France","Type of Animal":"Poultry"},"geometry":{"type":"Point","coordinates":[5.23826,46.5577]}},{"type":"Feature","properties":{"CountryName":"France","Type of Animal":"Poultry"},"geometry":{"type":"Point","coordinates":[-3.24564,48.6755]}},{"type":"Feature","properties":{"CountryName":"France","Type of Animal":"Poultry"},"geometry":{"type":"Point","coordinates":[1.00332,47.75418]}},{"type":"Feature","properties":{"CountryName":"France","Type of Animal":"Poultry"},"geometry":{"type":"Point","coordinates":[0.89152,48.30673]}},{"type":"Feature","properties":{"CountryName":"France","Type of Animal":"Poultry"},"geometry":{"type":"Point","coordinates":[-3.10927,48.73188]}},{"type":"Feature","properties":{"CountryName":"France","Type of Animal":"Poultry"},"geometry":{"type":"Point","coordinates":[-2.77363,48.27878]}},{"type":"Feature","properties":{"CountryName":"France","Type of Animal":"Poultry"},"geometry":{"type":"Point","coordinates":[-0.83665,47.56312]}},{"type":"Feature","properties":{"CountryName":"France","Type of Animal":"Poultry"},"geometry":{"type":"Point","coordinates":[-3.28278,48.62396]}},{"type":"Feature","properties":{"CountryName":"France","Type of Animal":"Poultry"},"geometry":{"type":"Point","coordinates":[-0.74374,47.07272]}},{"type":"Feature","properties":{"CountryName":"France","Type of Animal":"Poultry"},"geometry":{"type":"Point","coordinates":[-2.84289,48.22499]}},{"type":"Feature","properties":{"CountryName":"France","Type of Animal":"Poultry"},"geometry":{"type":"Point","coordinates":[-3.9504,48.50133]}},{"type":"Feature","properties":{"CountryName":"France","Type of Animal":"Poultry"},"geometry":{"type":"Point","coordinates":[-0.15201,47.65478]}},{"type":"Feature","properties":{"CountryName":"France","Type of Animal":"Poultry"},"geometry":{"type":"Point","coordinates":[-2.88929,48.27848]}},{"type":"Feature","properties":{"CountryName":"France","Type of Animal":"Poultry"},"geometry":{"type":"Point","coordinates":[-4.1285,48.25081]}},{"type":"Feature","properties":{"CountryName":"France","Type of Animal":"Poultry"},"geometry":{"type":"Point","coordinates":[5.33058,46.76955]}},{"type":"Feature","properties":{"CountryName":"France","Type of Animal":"Poultry"},"geometry":{"type":"Point","coordinates":[-0.41552,47.13756]}},{"type":"Feature","properties":{"CountryName":"France","Type of Animal":"Poultry"},"geometry":{"type":"Point","coordinates":[-2.5453,48.12547]}},{"type":"Feature","properties":{"CountryName":"France","Type of Animal":"Poultry"},"geometry":{"type":"Point","coordinates":[-3.00394,48.35418]}},{"type":"Feature","properties":{"CountryName":"France","Type of Animal":"Poultry"},"geometry":{"type":"Point","coordinates":[-3.03107,48.34933]}},{"type":"Feature","properties":{"CountryName":"France","Type of Animal":"Poultry"},"geometry":{"type":"Point","coordinates":[-2.4067,48.55953]}},{"type":"Feature","properties":{"CountryName":"France","Type of Animal":"Poultry"},"geometry":{"type":"Point","coordinates":[-3.31064,48.81539]}},{"type":"Feature","properties":{"CountryName":"France","Type of Animal":"Poultry"},"geometry":{"type":"Point","coordinates":[-1.75246,48.4137]}},{"type":"Feature","properties":{"CountryName":"France","Type of Animal":"Poultry"},"geometry":{"type":"Point","coordinates":[-1.7848,48.42457]}},{"type":"Feature","properties":{"CountryName":"France","Type of Animal":"Poultry"},"geometry":{"type":"Point","coordinates":[6.7131,48.6855]}},{"type":"Feature","properties":{"CountryName":"France","Type of Animal":"Poultry"},"geometry":{"type":"Point","coordinates":[5.1197,45.0753]}},{"type":"Feature","properties":{"CountryName":"France","Type of Animal":"Poultry"},"geometry":{"type":"Point","coordinates":[2.0768,50.7286]}},{"type":"Feature","properties":{"CountryName":"France","Type of Animal":"Poultry"},"geometry":{"type":"Point","coordinates":[-0.7279,44.7237]}},{"type":"Feature","properties":{"CountryName":"France","Type of Animal":"Poultry"},"geometry":{"type":"Point","coordinates":[0.3134,44.4141]}},{"type":"Feature","properties":{"CountryName":"France","Type of Animal":"Poultry"},"geometry":{"type":"Point","coordinates":[0.21,44.328]}},{"type":"Feature","properties":{"CountryName":"France","Type of Animal":"Poultry"},"geometry":{"type":"Point","coordinates":[-0.7001,43.7792]}},{"type":"Feature","properties":{"CountryName":"France","Type of Animal":"Poultry"},"geometry":{"type":"Point","coordinates":[-1.0362,48.8647]}},{"type":"Feature","properties":{"CountryName":"France","Type of Animal":"Poultry"},"geometry":{"type":"Point","coordinates":[3.1035,47.7972]}},{"type":"Feature","properties":{"CountryName":"France","Type of Animal":"Poultry"},"geometry":{"type":"Point","coordinates":[-2.1563,48.3015]}},{"type":"Feature","properties":{"CountryName":"France","Type of Animal":"Poultry"},"geometry":{"type":"Point","coordinates":[-3.5407,48.3571]}},{"type":"Feature","properties":{"CountryName":"France","Type of Animal":"Poultry"},"geometry":{"type":"Point","coordinates":[-3.095,48.7407]}},{"type":"Feature","properties":{"CountryName":"France","Type of Animal":"Poultry"},"geometry":{"type":"Point","coordinates":[-3.1355,48.3866]}},{"type":"Feature","properties":{"CountryName":"France","Type of Animal":"Poultry"},"geometry":{"type":"Point","coordinates":[-2.8284,47.7367]}},{"type":"Feature","properties":{"CountryName":"France","Type of Animal":"Poultry"},"geometry":{"type":"Point","coordinates":[-2.1592,48.1153]}},{"type":"Feature","properties":{"CountryName":"France","Type of Animal":"Poultry"},"geometry":{"type":"Point","coordinates":[-2.655,47.8099]}},{"type":"Feature","properties":{"CountryName":"France","Type of Animal":"Poultry"},"geometry":{"type":"Point","coordinates":[-3.0275,48.341]}},{"type":"Feature","properties":{"CountryName":"France","Type of Animal":"Poultry"},"geometry":{"type":"Point","coordinates":[-2.2502,47.847]}},{"type":"Feature","properties":{"CountryName":"France","Type of Animal":"Poultry"},"geometry":{"type":"Point","coordinates":[-3.4211,48.285]}},{"type":"Feature","properties":{"CountryName":"France","Type of Animal":"Poultry"},"geometry":{"type":"Point","coordinates":[-2.7732,47.984]}},{"type":"Feature","properties":{"CountryName":"France","Type of Animal":"Poultry"},"geometry":{"type":"Point","coordinates":[-3.5523,48.564]}},{"type":"Feature","properties":{"CountryName":"France","Type of Animal":"Poultry"},"geometry":{"type":"Point","coordinates":[-2.0691,47.8873]}},{"type":"Feature","properties":{"CountryName":"France","Type of Animal":"Poultry"},"geometry":{"type":"Point","coordinates":[-2.8051,47.7827]}},{"type":"Feature","properties":{"CountryName":"France","Type of Animal":"Poultry"},"geometry":{"type":"Point","coordinates":[-2.5017,48.0438]}},{"type":"Feature","properties":{"CountryName":"France","Type of Animal":"Poultry"},"geometry":{"type":"Point","coordinates":[-3.1138,47.8282]}},{"type":"Feature","properties":{"CountryName":"France","Type of Animal":"Poultry"},"geometry":{"type":"Point","coordinates":[-3.2557,48.0277]}},{"type":"Feature","properties":{"CountryName":"France","Type of Animal":"Poultry"},"geometry":{"type":"Point","coordinates":[-2.916,48.4104]}},{"type":"Feature","properties":{"CountryName":"France","Type of Animal":"Poultry"},"geometry":{"type":"Point","coordinates":[-2.5993,47.7866]}},{"type":"Feature","properties":{"CountryName":"France","Type of Animal":"Poultry"},"geometry":{"type":"Point","coordinates":[-2.3956,47.5916]}},{"type":"Feature","properties":{"CountryName":"France","Type of Animal":"Poultry"},"geometry":{"type":"Point","coordinates":[-2.9807,48.5241]}},{"type":"Feature","properties":{"CountryName":"France","Type of Animal":"Poultry"},"geometry":{"type":"Point","coordinates":[-3.2564,48.6679]}},{"type":"Feature","properties":{"CountryName":"France","Type of Animal":"Poultry"},"geometry":{"type":"Point","coordinates":[-3.0389,47.9273]}},{"type":"Feature","properties":{"CountryName":"France","Type of Animal":"Poultry"},"geometry":{"type":"Point","coordinates":[-2.3761,48.5537]}},{"type":"Feature","properties":{"CountryName":"France","Type of Animal":"Poultry"},"geometry":{"type":"Point","coordinates":[-2.4683,47.5524]}},{"type":"Feature","properties":{"CountryName":"France","Type of Animal":"Poultry"},"geometry":{"type":"Point","coordinates":[-4.0464,48.6537]}},{"type":"Feature","properties":{"CountryName":"France","Type of Animal":"Poultry"},"geometry":{"type":"Point","coordinates":[-3.9553,48.1161]}},{"type":"Feature","properties":{"CountryName":"France","Type of Animal":"Poultry"},"geometry":{"type":"Point","coordinates":[-3.8198,48.1843]}},{"type":"Feature","properties":{"CountryName":"France","Type of Animal":"Poultry"},"geometry":{"type":"Point","coordinates":[-3.5593,48.3109]}},{"type":"Feature","properties":{"CountryName":"France","Type of Animal":"Poultry"},"geometry":{"type":"Point","coordinates":[-2.8722,48.3121]}},{"type":"Feature","properties":{"CountryName":"France","Type of Animal":"Poultry"},"geometry":{"type":"Point","coordinates":[-3.2927,48.6343]}},{"type":"Feature","properties":{"CountryName":"France","Type of Animal":"Poultry"},"geometry":{"type":"Point","coordinates":[-3.7587,48.3987]}},{"type":"Feature","properties":{"CountryName":"France","Type of Animal":"Poultry"},"geometry":{"type":"Point","coordinates":[-1.111,48.4481]}},{"type":"Feature","properties":{"CountryName":"France","Type of Animal":"Poultry"},"geometry":{"type":"Point","coordinates":[-2.1294,47.9188]}},{"type":"Feature","properties":{"CountryName":"France","Type of Animal":"Poultry"},"geometry":{"type":"Point","coordinates":[-3.0926,48.4833]}},{"type":"Feature","properties":{"CountryName":"France","Type of Animal":"Poultry"},"geometry":{"type":"Point","coordinates":[-4.4064,47.9877]}},{"type":"Feature","properties":{"CountryName":"France","Type of Animal":"Poultry"},"geometry":{"type":"Point","coordinates":[-3.6706,48.4244]}},{"type":"Feature","properties":{"CountryName":"France","Type of Animal":"Poultry"},"geometry":{"type":"Point","coordinates":[-2.2932,47.6356]}},{"type":"Feature","properties":{"CountryName":"France","Type of Animal":"Poultry"},"geometry":{"type":"Point","coordinates":[-3.4991,48.3463]}},{"type":"Feature","properties":{"CountryName":"France","Type of Animal":"Poultry"},"geometry":{"type":"Point","coordinates":[-3.0071,48.4231]}},{"type":"Feature","properties":{"CountryName":"France","Type of Animal":"Poultry"},"geometry":{"type":"Point","coordinates":[-2.0129,48.1947]}},{"type":"Feature","properties":{"CountryName":"France","Type of Animal":"Poultry"},"geometry":{"type":"Point","coordinates":[-3.1628,47.8315]}},{"type":"Feature","properties":{"CountryName":"France","Type of Animal":"Poultry"},"geometry":{"type":"Point","coordinates":[-2.9857,47.9623]}},{"type":"Feature","properties":{"CountryName":"France","Type of Animal":"Poultry"},"geometry":{"type":"Point","coordinates":[3.4395,46.439]}},{"type":"Feature","properties":{"CountryName":"France","Type of Animal":"Poultry"},"geometry":{"type":"Point","coordinates":[4.3577,48.4408]}},{"type":"Feature","properties":{"CountryName":"France","Type of Animal":"Poultry"},"geometry":{"type":"Point","coordinates":[4.5618,48.8952]}},{"type":"Feature","properties":{"CountryName":"France","Type of Animal":"Poultry"},"geometry":{"type":"Point","coordinates":[5.0372,44.8721]}},{"type":"Feature","properties":{"CountryName":"France","Type of Animal":"Poultry"},"geometry":{"type":"Point","coordinates":[0.5619,48.0019]}},{"type":"Feature","properties":{"CountryName":"France","Type of Animal":"Poultry"},"geometry":{"type":"Point","coordinates":[-0.9642,47.3581]}},{"type":"Feature","properties":{"CountryName":"France","Type of Animal":"Poultry"},"geometry":{"type":"Point","coordinates":[-0.9852,46.9538]}},{"type":"Feature","properties":{"CountryName":"France","Type of Animal":"Poultry"},"geometry":{"type":"Point","coordinates":[-1.06,47.746]}},{"type":"Feature","properties":{"CountryName":"France","Type of Animal":"Poultry"},"geometry":{"type":"Point","coordinates":[-1.6432,46.7355]}},{"type":"Feature","properties":{"CountryName":"France","Type of Animal":"Poultry"},"geometry":{"type":"Point","coordinates":[-1.6912,46.7561]}},{"type":"Feature","properties":{"CountryName":"France","Type of Animal":"Poultry"},"geometry":{"type":"Point","coordinates":[-0.9588,47.2135]}},{"type":"Feature","properties":{"CountryName":"France","Type of Animal":"Poultry"},"geometry":{"type":"Point","coordinates":[-0.7563,46.695]}},{"type":"Feature","properties":{"CountryName":"France","Type of Animal":"Poultry"},"geometry":{"type":"Point","coordinates":[-0.7158,46.6167]}},{"type":"Feature","properties":{"CountryName":"France","Type of Animal":"Poultry"},"geometry":{"type":"Point","coordinates":[-0.7932,46.4186]}},{"type":"Feature","properties":{"CountryName":"France","Type of Animal":"Poultry"},"geometry":{"type":"Point","coordinates":[-1.248,46.5426]}},{"type":"Feature","properties":{"CountryName":"France","Type of Animal":"Poultry"},"geometry":{"type":"Point","coordinates":[-0.985,46.9219]}},{"type":"Feature","properties":{"CountryName":"France","Type of Animal":"Poultry"},"geometry":{"type":"Point","coordinates":[-0.6624,47.8101]}},{"type":"Feature","properties":{"CountryName":"France","Type of Animal":"Poultry"},"geometry":{"type":"Point","coordinates":[-1.3495,46.89]}},{"type":"Feature","properties":{"CountryName":"France","Type of Animal":"Poultry"},"geometry":{"type":"Point","coordinates":[-1.0992,46.7141]}},{"type":"Feature","properties":{"CountryName":"France","Type of Animal":"Poultry"},"geometry":{"type":"Point","coordinates":[-1.3969,46.8479]}},{"type":"Feature","properties":{"CountryName":"France","Type of Animal":"Poultry"},"geometry":{"type":"Point","coordinates":[-1.7306,46.8588]}},{"type":"Feature","properties":{"CountryName":"France","Type of Animal":"Poultry"},"geometry":{"type":"Point","coordinates":[-0.2399,48.3314]}},{"type":"Feature","properties":{"CountryName":"France","Type of Animal":"Poultry"},"geometry":{"type":"Point","coordinates":[4.9272,44.4015]}},{"type":"Feature","properties":{"CountryName":"France","Type of Animal":"Poultry"},"geometry":{"type":"Point","coordinates":[1.9768,43.2866]}},{"type":"Feature","properties":{"CountryName":"France","Type of Animal":"Poultry"},"geometry":{"type":"Point","coordinates":[7.6081,48.7142]}},{"type":"Feature","properties":{"CountryName":"France","Type of Animal":"Poultry"},"geometry":{"type":"Point","coordinates":[3.0033,50.2708]}},{"type":"Feature","properties":{"CountryName":"France","Type of Animal":"Poultry"},"geometry":{"type":"Point","coordinates":[-0.3671,47.036]}},{"type":"Feature","properties":{"CountryName":"France","Type of Animal":"Poultry"},"geometry":{"type":"Point","coordinates":[-0.5994,46.6197]}},{"type":"Feature","properties":{"CountryName":"France","Type of Animal":"Poultry"},"geometry":{"type":"Point","coordinates":[-0.6424,46.8551]}},{"type":"Feature","properties":{"CountryName":"France","Type of Animal":"Poultry"},"geometry":{"type":"Point","coordinates":[0.8838,48.3132]}},{"type":"Feature","properties":{"CountryName":"France","Type of Animal":"Poultry"},"geometry":{"type":"Point","coordinates":[0.8546,48.0369]}},{"type":"Feature","properties":{"CountryName":"France","Type of Animal":"Poultry"},"geometry":{"type":"Point","coordinates":[1.3204,47.9172]}},{"type":"Feature","properties":{"CountryName":"France","Type of Animal":"Poultry"},"geometry":{"type":"Point","coordinates":[1.4106,47.4382]}},{"type":"Feature","properties":{"CountryName":"France","Type of Animal":"Poultry"},"geometry":{"type":"Point","coordinates":[2.8846,48.0069]}},{"type":"Feature","properties":{"CountryName":"France","Type of Animal":"Poultry"},"geometry":{"type":"Point","coordinates":[1.921,47.6188]}},{"type":"Feature","properties":{"CountryName":"France","Type of Animal":"Poultry"},"geometry":{"type":"Point","coordinates":[4.9284,46.2105]}},{"type":"Feature","properties":{"CountryName":"France","Type of Animal":"Poultry"},"geometry":{"type":"Point","coordinates":[3.8036,49.4867]}},{"type":"Feature","properties":{"CountryName":"France","Type of Animal":"Poultry"},"geometry":{"type":"Point","coordinates":[3.4198,49.988]}},{"type":"Feature","properties":{"CountryName":"France","Type of Animal":"Poultry"},"geometry":{"type":"Point","coordinates":[3.9729,49.8623]}},{"type":"Feature","properties":{"CountryName":"France","Type of Animal":"Poultry"},"geometry":{"type":"Point","coordinates":[3.8905,49.7829]}},{"type":"Feature","properties":{"CountryName":"France","Type of Animal":"Poultry"},"geometry":{"type":"Point","coordinates":[3.372,49.9238]}},{"type":"Feature","properties":{"CountryName":"France","Type of Animal":"Poultry"},"geometry":{"type":"Point","coordinates":[3.2367,49.8803]}},{"type":"Feature","properties":{"CountryName":"France","Type of Animal":"Poultry"},"geometry":{"type":"Point","coordinates":[3.7479,49.8475]}},{"type":"Feature","properties":{"CountryName":"France","Type of Animal":"Poultry"},"geometry":{"type":"Point","coordinates":[4.0963,49.6701]}},{"type":"Feature","properties":{"CountryName":"France","Type of Animal":"Poultry"},"geometry":{"type":"Point","coordinates":[3.3442,49.2404]}},{"type":"Feature","properties":{"CountryName":"France","Type of Animal":"Poultry"},"geometry":{"type":"Point","coordinates":[3.3939,50.0192]}},{"type":"Feature","properties":{"CountryName":"France","Type of Animal":"Poultry"},"geometry":{"type":"Point","coordinates":[4.0095,49.4528]}},{"type":"Feature","properties":{"CountryName":"France","Type of Animal":"Poultry"},"geometry":{"type":"Point","coordinates":[3.4686,49.7317]}},{"type":"Feature","properties":{"CountryName":"France","Type of Animal":"Poultry"},"geometry":{"type":"Point","coordinates":[4.0489,49.7341]}},{"type":"Feature","properties":{"CountryName":"France","Type of Animal":"Poultry"},"geometry":{"type":"Point","coordinates":[3.9609,50.0257]}},{"type":"Feature","properties":{"CountryName":"France","Type of Animal":"Poultry"},"geometry":{"type":"Point","coordinates":[3.4998,49.772]}},{"type":"Feature","properties":{"CountryName":"France","Type of Animal":"Poultry"},"geometry":{"type":"Point","coordinates":[3.472,49.4149]}},{"type":"Feature","properties":{"CountryName":"France","Type of Animal":"Poultry"},"geometry":{"type":"Point","coordinates":[3.3774,46.4301]}},{"type":"Feature","properties":{"CountryName":"France","Type of Animal":"Poultry"},"geometry":{"type":"Point","coordinates":[2.96,46.2941]}},{"type":"Feature","properties":{"CountryName":"France","Type of Animal":"Poultry"},"geometry":{"type":"Point","coordinates":[3.3263,46.1996]}},{"type":"Feature","properties":{"CountryName":"France","Type of Animal":"Poultry"},"geometry":{"type":"Point","coordinates":[3.24,46.0993]}},{"type":"Feature","properties":{"CountryName":"France","Type of Animal":"Poultry"},"geometry":{"type":"Point","coordinates":[2.89,46.7106]}},{"type":"Feature","properties":{"CountryName":"France","Type of Animal":"Poultry"},"geometry":{"type":"Point","coordinates":[4.6622,45.0241]}},{"type":"Feature","properties":{"CountryName":"France","Type of Animal":"Poultry"},"geometry":{"type":"Point","coordinates":[4.7802,45.0164]}},{"type":"Feature","properties":{"CountryName":"France","Type of Animal":"Poultry"},"geometry":{"type":"Point","coordinates":[4.4252,49.4261]}},{"type":"Feature","properties":{"CountryName":"France","Type of Animal":"Poultry"},"geometry":{"type":"Point","coordinates":[4.2548,49.4701]}},{"type":"Feature","properties":{"CountryName":"France","Type of Animal":"Poultry"},"geometry":{"type":"Point","coordinates":[4.1488,49.5722]}},{"type":"Feature","properties":{"CountryName":"France","Type of Animal":"Poultry"},"geometry":{"type":"Point","coordinates":[4.288,49.421]}},{"type":"Feature","properties":{"CountryName":"France","Type of Animal":"Poultry"},"geometry":{"type":"Point","coordinates":[4.4103,49.4113]}},{"type":"Feature","properties":{"CountryName":"France","Type of Animal":"Poultry"},"geometry":{"type":"Point","coordinates":[4.7088,49.308]}},{"type":"Feature","properties":{"CountryName":"France","Type of Animal":"Poultry"},"geometry":{"type":"Point","coordinates":[4.4896,49.3718]}},{"type":"Feature","properties":{"CountryName":"France","Type of Animal":"Poultry"},"geometry":{"type":"Point","coordinates":[4.4493,49.4384]}},{"type":"Feature","properties":{"CountryName":"France","Type of Animal":"Poultry"},"geometry":{"type":"Point","coordinates":[4.294,49.3672]}},{"type":"Feature","properties":{"CountryName":"France","Type of Animal":"Poultry"},"geometry":{"type":"Point","coordinates":[4.2991,49.4095]}},{"type":"Feature","properties":{"CountryName":"France","Type of Animal":"Poultry"},"geometry":{"type":"Point","coordinates":[4.3657,49.3453]}},{"type":"Feature","properties":{"CountryName":"France","Type of Animal":"Poultry"},"geometry":{"type":"Point","coordinates":[4.4939,49.4139]}},{"type":"Feature","properties":{"CountryName":"France","Type of Animal":"Poultry"},"geometry":{"type":"Point","coordinates":[4.3535,49.4492]}},{"type":"Feature","properties":{"CountryName":"France","Type of Animal":"Poultry"},"geometry":{"type":"Point","coordinates":[4.493,49.3257]}},{"type":"Feature","properties":{"CountryName":"France","Type of Animal":"Poultry"},"geometry":{"type":"Point","coordinates":[4.4929,49.3257]}},{"type":"Feature","properties":{"CountryName":"France","Type of Animal":"Poultry"},"geometry":{"type":"Point","coordinates":[4.2373,49.4135]}},{"type":"Feature","properties":{"CountryName":"France","Type of Animal":"Poultry"},"geometry":{"type":"Point","coordinates":[4.3922,49.5868]}},{"type":"Feature","properties":{"CountryName":"France","Type of Animal":"Poultry"},"geometry":{"type":"Point","coordinates":[4.6454,49.3624]}},{"type":"Feature","properties":{"CountryName":"France","Type of Animal":"Poultry"},"geometry":{"type":"Point","coordinates":[4.1558,48.4259]}},{"type":"Feature","properties":{"CountryName":"France","Type of Animal":"Poultry"},"geometry":{"type":"Point","coordinates":[4.1068,48.6335]}},{"type":"Feature","properties":{"CountryName":"France","Type of Animal":"Poultry"},"geometry":{"type":"Point","coordinates":[0.0542,49.0433]}},{"type":"Feature","properties":{"CountryName":"France","Type of Animal":"Poultry"},"geometry":{"type":"Point","coordinates":[-0.9596,48.9138]}},{"type":"Feature","properties":{"CountryName":"France","Type of Animal":"Poultry"},"geometry":{"type":"Point","coordinates":[-0.6471,46.065]}},{"type":"Feature","properties":{"CountryName":"France","Type of Animal":"Poultry"},"geometry":{"type":"Point","coordinates":[-0.8966,46.3016]}},{"type":"Feature","properties":{"CountryName":"France","Type of Animal":"Poultry"},"geometry":{"type":"Point","coordinates":[-0.2524,46.0341]}},{"type":"Feature","properties":{"CountryName":"France","Type of Animal":"Poultry"},"geometry":{"type":"Point","coordinates":[2.1393,46.827]}},{"type":"Feature","properties":{"CountryName":"France","Type of Animal":"Poultry"},"geometry":{"type":"Point","coordinates":[2.3719,46.5582]}},{"type":"Feature","properties":{"CountryName":"France","Type of Animal":"Poultry"},"geometry":{"type":"Point","coordinates":[2.2786,46.7214]}},{"type":"Feature","properties":{"CountryName":"France","Type of Animal":"Poultry"},"geometry":{"type":"Point","coordinates":[2.8829,46.8633]}},{"type":"Feature","properties":{"CountryName":"France","Type of Animal":"Poultry"},"geometry":{"type":"Point","coordinates":[2.5391,47.5524]}},{"type":"Feature","properties":{"CountryName":"France","Type of Animal":"Poultry"},"geometry":{"type":"Point","coordinates":[1.2652,45.1563]}},{"type":"Feature","properties":{"CountryName":"France","Type of Animal":"Poultry"},"geometry":{"type":"Point","coordinates":[4.8956,47.7753]}},{"type":"Feature","properties":{"CountryName":"France","Type of Animal":"Poultry"},"geometry":{"type":"Point","coordinates":[-2.8725,48.3118]}},{"type":"Feature","properties":{"CountryName":"France","Type of Animal":"Poultry"},"geometry":{"type":"Point","coordinates":[-2.8807,48.3133]}},{"type":"Feature","properties":{"CountryName":"France","Type of Animal":"Poultry"},"geometry":{"type":"Point","coordinates":[-2.8722,48.3121]}},{"type":"Feature","properties":{"CountryName":"France","Type of Animal":"Poultry"},"geometry":{"type":"Point","coordinates":[-2.5376,48.4833]}},{"type":"Feature","properties":{"CountryName":"France","Type of Animal":"Poultry"},"geometry":{"type":"Point","coordinates":[-2.5761,48.4995]}},{"type":"Feature","properties":{"CountryName":"France","Type of Animal":"Poultry"},"geometry":{"type":"Point","coordinates":[-2.5257,48.4791]}},{"type":"Feature","properties":{"CountryName":"France","Type of Animal":"Poultry"},"geometry":{"type":"Point","coordinates":[-3.2927,48.6343]}},{"type":"Feature","properties":{"CountryName":"France","Type of Animal":"Poultry"},"geometry":{"type":"Point","coordinates":[-3.3822,48.5312]}},{"type":"Feature","properties":{"CountryName":"France","Type of Animal":"Poultry"},"geometry":{"type":"Point","coordinates":[-3.2476,48.4781]}},{"type":"Feature","properties":{"CountryName":"France","Type of Animal":"Poultry"},"geometry":{"type":"Point","coordinates":[-3.1995,48.4207]}},{"type":"Feature","properties":{"CountryName":"France","Type of Animal":"Poultry"},"geometry":{"type":"Point","coordinates":[-2.2647,48.4805]}},{"type":"Feature","properties":{"CountryName":"France","Type of Animal":"Poultry"},"geometry":{"type":"Point","coordinates":[-2.5762,48.4219]}},{"type":"Feature","properties":{"CountryName":"France","Type of Animal":"Poultry"},"geometry":{"type":"Point","coordinates":[-2.5918,48.4082]}},{"type":"Feature","properties":{"CountryName":"France","Type of Animal":"Poultry"},"geometry":{"type":"Point","coordinates":[-2.5929,48.3924]}},{"type":"Feature","properties":{"CountryName":"France","Type of Animal":"Poultry"},"geometry":{"type":"Point","coordinates":[-2.5929,48.3924]}},{"type":"Feature","properties":{"CountryName":"France","Type of Animal":"Poultry"},"geometry":{"type":"Point","coordinates":[-3.3368,48.4553]}},{"type":"Feature","properties":{"CountryName":"France","Type of Animal":"Poultry"},"geometry":{"type":"Point","coordinates":[-3.427,48.3632]}},{"type":"Feature","properties":{"CountryName":"France","Type of Animal":"Poultry"},"geometry":{"type":"Point","coordinates":[-3.431,48.3962]}},{"type":"Feature","properties":{"CountryName":"France","Type of Animal":"Poultry"},"geometry":{"type":"Point","coordinates":[-3.3335,48.3542]}},{"type":"Feature","properties":{"CountryName":"France","Type of Animal":"Poultry"},"geometry":{"type":"Point","coordinates":[-2.5988,48.0774]}},{"type":"Feature","properties":{"CountryName":"France","Type of Animal":"Poultry"},"geometry":{"type":"Point","coordinates":[-3.0463,48.3607]}},{"type":"Feature","properties":{"CountryName":"France","Type of Animal":"Poultry"},"geometry":{"type":"Point","coordinates":[-3.1072,48.313]}},{"type":"Feature","properties":{"CountryName":"France","Type of Animal":"Poultry"},"geometry":{"type":"Point","coordinates":[-3.0923,48.3371]}},{"type":"Feature","properties":{"CountryName":"France","Type of Animal":"Poultry"},"geometry":{"type":"Point","coordinates":[-3.3682,48.7061]}},{"type":"Feature","properties":{"CountryName":"France","Type of Animal":"Poultry"},"geometry":{"type":"Point","coordinates":[-3.5407,48.3571]}},{"type":"Feature","properties":{"CountryName":"France","Type of Animal":"Poultry"},"geometry":{"type":"Point","coordinates":[-3.5407,48.3571]}},{"type":"Feature","properties":{"CountryName":"France","Type of Animal":"Poultry"},"geometry":{"type":"Point","coordinates":[-2.16,48.3243]}},{"type":"Feature","properties":{"CountryName":"France","Type of Animal":"Poultry"},"geometry":{"type":"Point","coordinates":[-2.1137,48.323]}},{"type":"Feature","properties":{"CountryName":"France","Type of Animal":"Poultry"},"geometry":{"type":"Point","coordinates":[-2.16,48.3184]}},{"type":"Feature","properties":{"CountryName":"France","Type of Animal":"Poultry"},"geometry":{"type":"Point","coordinates":[-2.1483,48.3084]}},{"type":"Feature","properties":{"CountryName":"France","Type of Animal":"Poultry"},"geometry":{"type":"Point","coordinates":[-2.1655,48.2957]}},{"type":"Feature","properties":{"CountryName":"France","Type of Animal":"Poultry"},"geometry":{"type":"Point","coordinates":[-3.3446,48.6997]}},{"type":"Feature","properties":{"CountryName":"France","Type of Animal":"Poultry"},"geometry":{"type":"Point","coordinates":[-2.5457,48.1289]}},{"type":"Feature","properties":{"CountryName":"France","Type of Animal":"Poultry"},"geometry":{"type":"Point","coordinates":[-2.5321,48.3012]}},{"type":"Feature","properties":{"CountryName":"France","Type of Animal":"Poultry"},"geometry":{"type":"Point","coordinates":[-2.5322,48.2869]}},{"type":"Feature","properties":{"CountryName":"France","Type of Animal":"Poultry"},"geometry":{"type":"Point","coordinates":[-2.6424,48.1285]}},{"type":"Feature","properties":{"CountryName":"France","Type of Animal":"Poultry"},"geometry":{"type":"Point","coordinates":[-2.8725,48.4128]}},{"type":"Feature","properties":{"CountryName":"France","Type of Animal":"Poultry"},"geometry":{"type":"Point","coordinates":[-3.4041,48.238]}},{"type":"Feature","properties":{"CountryName":"France","Type of Animal":"Poultry"},"geometry":{"type":"Point","coordinates":[-3.3779,48.1846]}},{"type":"Feature","properties":{"CountryName":"France","Type of Animal":"Poultry"},"geometry":{"type":"Point","coordinates":[-3.3841,48.214]}},{"type":"Feature","properties":{"CountryName":"France","Type of Animal":"Poultry"},"geometry":{"type":"Point","coordinates":[-3.383,48.2358]}},{"type":"Feature","properties":{"CountryName":"France","Type of Animal":"Poultry"},"geometry":{"type":"Point","coordinates":[-3.4044,48.2297]}},{"type":"Feature","properties":{"CountryName":"France","Type of Animal":"Poultry"},"geometry":{"type":"Point","coordinates":[-3.3946,48.2249]}},{"type":"Feature","properties":{"CountryName":"France","Type of Animal":"Poultry"},"geometry":{"type":"Point","coordinates":[-2.4868,48.1922]}},{"type":"Feature","properties":{"CountryName":"France","Type of Animal":"Poultry"},"geometry":{"type":"Point","coordinates":[-2.4874,48.1797]}},{"type":"Feature","properties":{"CountryName":"France","Type of Animal":"Poultry"},"geometry":{"type":"Point","coordinates":[-3.0481,48.5848]}},{"type":"Feature","properties":{"CountryName":"France","Type of Animal":"Poultry"},"geometry":{"type":"Point","coordinates":[-3.0476,48.5996]}},{"type":"Feature","properties":{"CountryName":"France","Type of Animal":"Poultry"},"geometry":{"type":"Point","coordinates":[-3.007,48.5965]}},{"type":"Feature","properties":{"CountryName":"France","Type of Animal":"Poultry"},"geometry":{"type":"Point","coordinates":[-3.0196,48.6153]}},{"type":"Feature","properties":{"CountryName":"France","Type of Animal":"Poultry"},"geometry":{"type":"Point","coordinates":[-2.5017,48.3044]}},{"type":"Feature","properties":{"CountryName":"France","Type of Animal":"Poultry"},"geometry":{"type":"Point","coordinates":[-2.8008,48.2481]}},{"type":"Feature","properties":{"CountryName":"France","Type of Animal":"Poultry"},"geometry":{"type":"Point","coordinates":[-3.0214,48.3398]}},{"type":"Feature","properties":{"CountryName":"France","Type of Animal":"Poultry"},"geometry":{"type":"Point","coordinates":[-2.9922,48.3434]}},{"type":"Feature","properties":{"CountryName":"France","Type of Animal":"Poultry"},"geometry":{"type":"Point","coordinates":[-3.0198,48.3589]}},{"type":"Feature","properties":{"CountryName":"France","Type of Animal":"Poultry"},"geometry":{"type":"Point","coordinates":[-2.4065,48.5616]}},{"type":"Feature","properties":{"CountryName":"France","Type of Animal":"Poultry"},"geometry":{"type":"Point","coordinates":[-2.4003,48.6099]}},{"type":"Feature","properties":{"CountryName":"France","Type of Animal":"Poultry"},"geometry":{"type":"Point","coordinates":[-2.4419,48.5538]}},{"type":"Feature","properties":{"CountryName":"France","Type of Animal":"Poultry"},"geometry":{"type":"Point","coordinates":[-2.4299,48.5436]}},{"type":"Feature","properties":{"CountryName":"France","Type of Animal":"Poultry"},"geometry":{"type":"Point","coordinates":[-2.4522,48.5271]}},{"type":"Feature","properties":{"CountryName":"France","Type of Animal":"Poultry"},"geometry":{"type":"Point","coordinates":[-2.4564,48.5412]}},{"type":"Feature","properties":{"CountryName":"France","Type of Animal":"Poultry"},"geometry":{"type":"Point","coordinates":[-2.444,48.5234]}},{"type":"Feature","properties":{"CountryName":"France","Type of Animal":"Poultry"},"geometry":{"type":"Point","coordinates":[-2.4394,48.5376]}},{"type":"Feature","properties":{"CountryName":"France","Type of Animal":"Poultry"},"geometry":{"type":"Point","coordinates":[-2.451,48.5365]}},{"type":"Feature","properties":{"CountryName":"France","Type of Animal":"Poultry"},"geometry":{"type":"Point","coordinates":[-2.4355,48.5626]}},{"type":"Feature","properties":{"CountryName":"France","Type of Animal":"Poultry"},"geometry":{"type":"Point","coordinates":[-2.934,48.3039]}},{"type":"Feature","properties":{"CountryName":"France","Type of Animal":"Poultry"},"geometry":{"type":"Point","coordinates":[-2.3562,48.1327]}},{"type":"Feature","properties":{"CountryName":"France","Type of Animal":"Poultry"},"geometry":{"type":"Point","coordinates":[-2.3124,48.1581]}},{"type":"Feature","properties":{"CountryName":"France","Type of Animal":"Poultry"},"geometry":{"type":"Point","coordinates":[-2.3235,48.1334]}},{"type":"Feature","properties":{"CountryName":"France","Type of Animal":"Poultry"},"geometry":{"type":"Point","coordinates":[-2.3261,48.4165]}},{"type":"Feature","properties":{"CountryName":"France","Type of Animal":"Poultry"},"geometry":{"type":"Point","coordinates":[-3.3607,48.2599]}},{"type":"Feature","properties":{"CountryName":"France","Type of Animal":"Poultry"},"geometry":{"type":"Point","coordinates":[-3.3177,48.2727]}},{"type":"Feature","properties":{"CountryName":"France","Type of Animal":"Poultry"},"geometry":{"type":"Point","coordinates":[-3.3541,48.2597]}},{"type":"Feature","properties":{"CountryName":"France","Type of Animal":"Poultry"},"geometry":{"type":"Point","coordinates":[-3.3697,48.7715]}},{"type":"Feature","properties":{"CountryName":"France","Type of Animal":"Poultry"},"geometry":{"type":"Point","coordinates":[-3.1521,48.3951]}},{"type":"Feature","properties":{"CountryName":"France","Type of Animal":"Poultry"},"geometry":{"type":"Point","coordinates":[-2.4968,48.4682]}},{"type":"Feature","properties":{"CountryName":"France","Type of Animal":"Poultry"},"geometry":{"type":"Point","coordinates":[-2.4968,48.4682]}},{"type":"Feature","properties":{"CountryName":"France","Type of Animal":"Poultry"},"geometry":{"type":"Point","coordinates":[-2.4909,48.432]}},{"type":"Feature","properties":{"CountryName":"France","Type of Animal":"Poultry"},"geometry":{"type":"Point","coordinates":[-2.3316,48.5158]}},{"type":"Feature","properties":{"CountryName":"France","Type of Animal":"Poultry"},"geometry":{"type":"Point","coordinates":[-2.5456,48.4353]}},{"type":"Feature","properties":{"CountryName":"France","Type of Animal":"Poultry"},"geometry":{"type":"Point","coordinates":[-2.5434,48.4216]}},{"type":"Feature","properties":{"CountryName":"France","Type of Animal":"Poultry"},"geometry":{"type":"Point","coordinates":[-2.5377,48.3908]}},{"type":"Feature","properties":{"CountryName":"France","Type of Animal":"Poultry"},"geometry":{"type":"Point","coordinates":[-2.5223,48.4139]}},{"type":"Feature","properties":{"CountryName":"France","Type of Animal":"Poultry"},"geometry":{"type":"Point","coordinates":[-3.2752,48.7467]}},{"type":"Feature","properties":{"CountryName":"France","Type of Animal":"Poultry"},"geometry":{"type":"Point","coordinates":[-2.4487,48.2815]}},{"type":"Feature","properties":{"CountryName":"France","Type of Animal":"Poultry"},"geometry":{"type":"Point","coordinates":[-2.4159,48.2596]}},{"type":"Feature","properties":{"CountryName":"France","Type of Animal":"Poultry"},"geometry":{"type":"Point","coordinates":[-3.1137,48.2365]}},{"type":"Feature","properties":{"CountryName":"France","Type of Animal":"Poultry"},"geometry":{"type":"Point","coordinates":[-3.0168,48.6555]}},{"type":"Feature","properties":{"CountryName":"France","Type of Animal":"Poultry"},"geometry":{"type":"Point","coordinates":[-2.3408,48.274]}},{"type":"Feature","properties":{"CountryName":"France","Type of Animal":"Poultry"},"geometry":{"type":"Point","coordinates":[-3.175,48.3792]}},{"type":"Feature","properties":{"CountryName":"France","Type of Animal":"Poultry"},"geometry":{"type":"Point","coordinates":[-3.175,48.3792]}},{"type":"Feature","properties":{"CountryName":"France","Type of Animal":"Poultry"},"geometry":{"type":"Point","coordinates":[-3.0434,48.5149]}},{"type":"Feature","properties":{"CountryName":"France","Type of Animal":"Poultry"},"geometry":{"type":"Point","coordinates":[-3.0592,48.4971]}},{"type":"Feature","properties":{"CountryName":"France","Type of Animal":"Poultry"},"geometry":{"type":"Point","coordinates":[-3.0635,48.5006]}},{"type":"Feature","properties":{"CountryName":"France","Type of Animal":"Poultry"},"geometry":{"type":"Point","coordinates":[-3.0213,48.4879]}},{"type":"Feature","properties":{"CountryName":"France","Type of Animal":"Poultry"},"geometry":{"type":"Point","coordinates":[-3.0293,48.5083]}},{"type":"Feature","properties":{"CountryName":"France","Type of Animal":"Poultry"},"geometry":{"type":"Point","coordinates":[-2.5285,48.2023]}},{"type":"Feature","properties":{"CountryName":"France","Type of Animal":"Poultry"},"geometry":{"type":"Point","coordinates":[-3.231,48.1698]}},{"type":"Feature","properties":{"CountryName":"France","Type of Animal":"Poultry"},"geometry":{"type":"Point","coordinates":[-3.204,48.168]}},{"type":"Feature","properties":{"CountryName":"France","Type of Animal":"Poultry"},"geometry":{"type":"Point","coordinates":[-3.4707,48.343]}},{"type":"Feature","properties":{"CountryName":"France","Type of Animal":"Poultry"},"geometry":{"type":"Point","coordinates":[-3.3649,48.3208]}},{"type":"Feature","properties":{"CountryName":"France","Type of Animal":"Poultry"},"geometry":{"type":"Point","coordinates":[-3.3917,48.3421]}},{"type":"Feature","properties":{"CountryName":"France","Type of Animal":"Poultry"},"geometry":{"type":"Point","coordinates":[-3.4034,48.3398]}},{"type":"Feature","properties":{"CountryName":"France","Type of Animal":"Poultry"},"geometry":{"type":"Point","coordinates":[-3.5228,48.5466]}},{"type":"Feature","properties":{"CountryName":"France","Type of Animal":"Poultry"},"geometry":{"type":"Point","coordinates":[-3.5218,48.4679]}},{"type":"Feature","properties":{"CountryName":"France","Type of Animal":"Poultry"},"geometry":{"type":"Point","coordinates":[-3.5559,48.4624]}},{"type":"Feature","properties":{"CountryName":"France","Type of Animal":"Poultry"},"geometry":{"type":"Point","coordinates":[-3.5164,48.4566]}},{"type":"Feature","properties":{"CountryName":"France","Type of Animal":"Poultry"},"geometry":{"type":"Point","coordinates":[-3.3409,48.5605]}},{"type":"Feature","properties":{"CountryName":"France","Type of Animal":"Poultry"},"geometry":{"type":"Point","coordinates":[-3.3409,48.5605]}},{"type":"Feature","properties":{"CountryName":"France","Type of Animal":"Poultry"},"geometry":{"type":"Point","coordinates":[-3.338,48.5627]}},{"type":"Feature","properties":{"CountryName":"France","Type of Animal":"Poultry"},"geometry":{"type":"Point","coordinates":[-3.3409,48.5605]}},{"type":"Feature","properties":{"CountryName":"France","Type of Animal":"Poultry"},"geometry":{"type":"Point","coordinates":[-3.3701,48.5428]}},{"type":"Feature","properties":{"CountryName":"France","Type of Animal":"Poultry"},"geometry":{"type":"Point","coordinates":[-2.7272,48.1718]}},{"type":"Feature","properties":{"CountryName":"France","Type of Animal":"Poultry"},"geometry":{"type":"Point","coordinates":[-3.4153,48.2654]}},{"type":"Feature","properties":{"CountryName":"France","Type of Animal":"Poultry"},"geometry":{"type":"Point","coordinates":[-3.286,48.4045]}},{"type":"Feature","properties":{"CountryName":"France","Type of Animal":"Poultry"},"geometry":{"type":"Point","coordinates":[-3.1885,48.3903]}},{"type":"Feature","properties":{"CountryName":"France","Type of Animal":"Poultry"},"geometry":{"type":"Point","coordinates":[-3.1725,48.3978]}},{"type":"Feature","properties":{"CountryName":"France","Type of Animal":"Poultry"},"geometry":{"type":"Point","coordinates":[-3.2902,48.7098]}},{"type":"Feature","properties":{"CountryName":"France","Type of Animal":"Poultry"},"geometry":{"type":"Point","coordinates":[-3.3085,48.7]}},{"type":"Feature","properties":{"CountryName":"France","Type of Animal":"Poultry"},"geometry":{"type":"Point","coordinates":[-2.8524,48.5168]}},{"type":"Feature","properties":{"CountryName":"France","Type of Animal":"Poultry"},"geometry":{"type":"Point","coordinates":[-3.0746,48.5953]}},{"type":"Feature","properties":{"CountryName":"France","Type of Animal":"Poultry"},"geometry":{"type":"Point","coordinates":[-2.6071,48.4274]}},{"type":"Feature","properties":{"CountryName":"France","Type of Animal":"Poultry"},"geometry":{"type":"Point","coordinates":[-2.7629,48.2607]}},{"type":"Feature","properties":{"CountryName":"France","Type of Animal":"Poultry"},"geometry":{"type":"Point","coordinates":[-3.4768,48.2781]}},{"type":"Feature","properties":{"CountryName":"France","Type of Animal":"Poultry"},"geometry":{"type":"Point","coordinates":[-3.5018,48.2807]}},{"type":"Feature","properties":{"CountryName":"France","Type of Animal":"Poultry"},"geometry":{"type":"Point","coordinates":[-3.0038,48.2148]}},{"type":"Feature","properties":{"CountryName":"France","Type of Animal":"Poultry"},"geometry":{"type":"Point","coordinates":[-2.9597,48.2107]}},{"type":"Feature","properties":{"CountryName":"France","Type of Animal":"Poultry"},"geometry":{"type":"Point","coordinates":[-2.98,48.2027]}},{"type":"Feature","properties":{"CountryName":"France","Type of Animal":"Poultry"},"geometry":{"type":"Point","coordinates":[-2.9927,48.1699]}},{"type":"Feature","properties":{"CountryName":"France","Type of Animal":"Poultry"},"geometry":{"type":"Point","coordinates":[-3.443,48.2536]}},{"type":"Feature","properties":{"CountryName":"France","Type of Animal":"Poultry"},"geometry":{"type":"Point","coordinates":[-3.4697,48.2294]}},{"type":"Feature","properties":{"CountryName":"France","Type of Animal":"Poultry"},"geometry":{"type":"Point","coordinates":[-3.4433,48.2379]}},{"type":"Feature","properties":{"CountryName":"France","Type of Animal":"Poultry"},"geometry":{"type":"Point","coordinates":[-3.2775,48.5873]}},{"type":"Feature","properties":{"CountryName":"France","Type of Animal":"Poultry"},"geometry":{"type":"Point","coordinates":[-3.3023,48.8152]}},{"type":"Feature","properties":{"CountryName":"France","Type of Animal":"Poultry"},"geometry":{"type":"Point","coordinates":[-3.2597,48.3745]}},{"type":"Feature","properties":{"CountryName":"France","Type of Animal":"Poultry"},"geometry":{"type":"Point","coordinates":[-3.2604,48.3765]}},{"type":"Feature","properties":{"CountryName":"France","Type of Animal":"Poultry"},"geometry":{"type":"Point","coordinates":[-2.8584,48.4527]}},{"type":"Feature","properties":{"CountryName":"France","Type of Animal":"Poultry"},"geometry":{"type":"Point","coordinates":[-2.7223,48.4572]}},{"type":"Feature","properties":{"CountryName":"France","Type of Animal":"Poultry"},"geometry":{"type":"Point","coordinates":[-2.7318,48.4285]}},{"type":"Feature","properties":{"CountryName":"France","Type of Animal":"Poultry"},"geometry":{"type":"Point","coordinates":[-3.0083,48.6951]}},{"type":"Feature","properties":{"CountryName":"France","Type of Animal":"Poultry"},"geometry":{"type":"Point","coordinates":[-2.9282,48.5529]}},{"type":"Feature","properties":{"CountryName":"France","Type of Animal":"Poultry"},"geometry":{"type":"Point","coordinates":[-2.6033,48.1727]}},{"type":"Feature","properties":{"CountryName":"France","Type of Animal":"Poultry"},"geometry":{"type":"Point","coordinates":[-2.5924,48.1824]}},{"type":"Feature","properties":{"CountryName":"France","Type of Animal":"Poultry"},"geometry":{"type":"Point","coordinates":[-2.7182,48.3125]}},{"type":"Feature","properties":{"CountryName":"France","Type of Animal":"Poultry"},"geometry":{"type":"Point","coordinates":[-2.664,48.3553]}},{"type":"Feature","properties":{"CountryName":"France","Type of Animal":"Poultry"},"geometry":{"type":"Point","coordinates":[-3.1172,48.4545]}},{"type":"Feature","properties":{"CountryName":"France","Type of Animal":"Poultry"},"geometry":{"type":"Point","coordinates":[-3.1273,48.4478]}},{"type":"Feature","properties":{"CountryName":"France","Type of Animal":"Poultry"},"geometry":{"type":"Point","coordinates":[-2.6192,48.2403]}},{"type":"Feature","properties":{"CountryName":"France","Type of Animal":"Poultry"},"geometry":{"type":"Point","coordinates":[-2.472,48.4243]}},{"type":"Feature","properties":{"CountryName":"France","Type of Animal":"Poultry"},"geometry":{"type":"Point","coordinates":[-3.6198,48.6473]}},{"type":"Feature","properties":{"CountryName":"France","Type of Animal":"Poultry"},"geometry":{"type":"Point","coordinates":[-3.1369,48.8192]}},{"type":"Feature","properties":{"CountryName":"France","Type of Animal":"Poultry"},"geometry":{"type":"Point","coordinates":[-2.3263,48.4828]}},{"type":"Feature","properties":{"CountryName":"France","Type of Animal":"Poultry"},"geometry":{"type":"Point","coordinates":[-2.3292,48.4769]}},{"type":"Feature","properties":{"CountryName":"France","Type of Animal":"Poultry"},"geometry":{"type":"Point","coordinates":[-2.3189,48.4919]}},{"type":"Feature","properties":{"CountryName":"France","Type of Animal":"Poultry"},"geometry":{"type":"Point","coordinates":[-3.5028,48.1963]}},{"type":"Feature","properties":{"CountryName":"France","Type of Animal":"Poultry"},"geometry":{"type":"Point","coordinates":[-3.5405,48.2158]}},{"type":"Feature","properties":{"CountryName":"France","Type of Animal":"Poultry"},"geometry":{"type":"Point","coordinates":[-3.4565,48.6257]}},{"type":"Feature","properties":{"CountryName":"France","Type of Animal":"Poultry"},"geometry":{"type":"Point","coordinates":[-3.491,48.6278]}},{"type":"Feature","properties":{"CountryName":"France","Type of Animal":"Poultry"},"geometry":{"type":"Point","coordinates":[-1.9844,48.3095]}},{"type":"Feature","properties":{"CountryName":"France","Type of Animal":"Poultry"},"geometry":{"type":"Point","coordinates":[-2.0053,48.3016]}},{"type":"Feature","properties":{"CountryName":"France","Type of Animal":"Poultry"},"geometry":{"type":"Point","coordinates":[-2.0068,48.3122]}},{"type":"Feature","properties":{"CountryName":"France","Type of Animal":"Poultry"},"geometry":{"type":"Point","coordinates":[-3.1972,48.6807]}},{"type":"Feature","properties":{"CountryName":"France","Type of Animal":"Poultry"},"geometry":{"type":"Point","coordinates":[-3.1892,48.67]}},{"type":"Feature","properties":{"CountryName":"France","Type of Animal":"Poultry"},"geometry":{"type":"Point","coordinates":[-3.4101,48.4805]}},{"type":"Feature","properties":{"CountryName":"France","Type of Animal":"Poultry"},"geometry":{"type":"Point","coordinates":[-3.396,48.4962]}},{"type":"Feature","properties":{"CountryName":"France","Type of Animal":"Poultry"},"geometry":{"type":"Point","coordinates":[-3.3696,48.4719]}},{"type":"Feature","properties":{"CountryName":"France","Type of Animal":"Poultry"},"geometry":{"type":"Point","coordinates":[-3.5901,48.4802]}},{"type":"Feature","properties":{"CountryName":"France","Type of Animal":"Poultry"},"geometry":{"type":"Point","coordinates":[-3.5666,48.4943]}},{"type":"Feature","properties":{"CountryName":"France","Type of Animal":"Poultry"},"geometry":{"type":"Point","coordinates":[-2.6945,48.2834]}},{"type":"Feature","properties":{"CountryName":"France","Type of Animal":"Poultry"},"geometry":{"type":"Point","coordinates":[-2.7127,48.277]}},{"type":"Feature","properties":{"CountryName":"France","Type of Animal":"Poultry"},"geometry":{"type":"Point","coordinates":[-2.7127,48.277]}},{"type":"Feature","properties":{"CountryName":"France","Type of Animal":"Poultry"},"geometry":{"type":"Point","coordinates":[-3.2429,48.2338]}},{"type":"Feature","properties":{"CountryName":"France","Type of Animal":"Poultry"},"geometry":{"type":"Point","coordinates":[-3.2427,48.8063]}},{"type":"Feature","properties":{"CountryName":"France","Type of Animal":"Poultry"},"geometry":{"type":"Point","coordinates":[-2.9319,48.6817]}},{"type":"Feature","properties":{"CountryName":"France","Type of Animal":"Poultry"},"geometry":{"type":"Point","coordinates":[-3.5019,48.7178]}},{"type":"Feature","properties":{"CountryName":"France","Type of Animal":"Poultry"},"geometry":{"type":"Point","coordinates":[-3.0924,48.5118]}},{"type":"Feature","properties":{"CountryName":"France","Type of Animal":"Poultry"},"geometry":{"type":"Point","coordinates":[-3.5414,48.6955]}},{"type":"Feature","properties":{"CountryName":"France","Type of Animal":"Poultry"},"geometry":{"type":"Point","coordinates":[-3.564,48.553]}},{"type":"Feature","properties":{"CountryName":"France","Type of Animal":"Poultry"},"geometry":{"type":"Point","coordinates":[-3.4472,48.5553]}},{"type":"Feature","properties":{"CountryName":"France","Type of Animal":"Poultry"},"geometry":{"type":"Point","coordinates":[-3.5523,48.564]}},{"type":"Feature","properties":{"CountryName":"France","Type of Animal":"Poultry"},"geometry":{"type":"Point","coordinates":[-3.4146,48.5601]}},{"type":"Feature","properties":{"CountryName":"France","Type of Animal":"Poultry"},"geometry":{"type":"Point","coordinates":[-3.2277,48.2984]}},{"type":"Feature","properties":{"CountryName":"France","Type of Animal":"Poultry"},"geometry":{"type":"Point","coordinates":[-3.5556,48.408]}},{"type":"Feature","properties":{"CountryName":"France","Type of Animal":"Poultry"},"geometry":{"type":"Point","coordinates":[-3.0573,48.7501]}},{"type":"Feature","properties":{"CountryName":"France","Type of Animal":"Poultry"},"geometry":{"type":"Point","coordinates":[-2.635,48.0854]}},{"type":"Feature","properties":{"CountryName":"France","Type of Animal":"Poultry"},"geometry":{"type":"Point","coordinates":[-2.807,48.2147]}},{"type":"Feature","properties":{"CountryName":"France","Type of Animal":"Poultry"},"geometry":{"type":"Point","coordinates":[-3.4915,48.3782]}},{"type":"Feature","properties":{"CountryName":"France","Type of Animal":"Poultry"},"geometry":{"type":"Point","coordinates":[-3.2409,48.7187]}},{"type":"Feature","properties":{"CountryName":"France","Type of Animal":"Poultry"},"geometry":{"type":"Point","coordinates":[-2.8254,48.5697]}},{"type":"Feature","properties":{"CountryName":"France","Type of Animal":"Poultry"},"geometry":{"type":"Point","coordinates":[-3.1265,48.7138]}},{"type":"Feature","properties":{"CountryName":"France","Type of Animal":"Poultry"},"geometry":{"type":"Point","coordinates":[-3.3506,48.7228]}},{"type":"Feature","properties":{"CountryName":"France","Type of Animal":"Poultry"},"geometry":{"type":"Point","coordinates":[-2.6577,48.4263]}},{"type":"Feature","properties":{"CountryName":"France","Type of Animal":"Poultry"},"geometry":{"type":"Point","coordinates":[-2.8945,48.2419]}},{"type":"Feature","properties":{"CountryName":"France","Type of Animal":"Poultry"},"geometry":{"type":"Point","coordinates":[-2.8682,48.2575]}},{"type":"Feature","properties":{"CountryName":"France","Type of Animal":"Poultry"},"geometry":{"type":"Point","coordinates":[-2.919,48.23]}},{"type":"Feature","properties":{"CountryName":"France","Type of Animal":"Poultry"},"geometry":{"type":"Point","coordinates":[-2.919,48.23]}},{"type":"Feature","properties":{"CountryName":"France","Type of Animal":"Poultry"},"geometry":{"type":"Point","coordinates":[-2.9313,48.2368]}},{"type":"Feature","properties":{"CountryName":"France","Type of Animal":"Poultry"},"geometry":{"type":"Point","coordinates":[-2.8976,48.2381]}},{"type":"Feature","properties":{"CountryName":"France","Type of Animal":"Poultry"},"geometry":{"type":"Point","coordinates":[-3.3094,48.1887]}},{"type":"Feature","properties":{"CountryName":"France","Type of Animal":"Poultry"},"geometry":{"type":"Point","coordinates":[-2.3298,48.5647]}},{"type":"Feature","properties":{"CountryName":"France","Type of Animal":"Poultry"},"geometry":{"type":"Point","coordinates":[-3.1163,48.5838]}},{"type":"Feature","properties":{"CountryName":"France","Type of Animal":"Poultry"},"geometry":{"type":"Point","coordinates":[-3.122,48.5813]}},{"type":"Feature","properties":{"CountryName":"France","Type of Animal":"Poultry"},"geometry":{"type":"Point","coordinates":[-2.8635,48.2173]}},{"type":"Feature","properties":{"CountryName":"France","Type of Animal":"Poultry"},"geometry":{"type":"Point","coordinates":[-2.86,48.2085]}},{"type":"Feature","properties":{"CountryName":"France","Type of Animal":"Poultry"},"geometry":{"type":"Point","coordinates":[-2.8834,48.1975]}},{"type":"Feature","properties":{"CountryName":"France","Type of Animal":"Poultry"},"geometry":{"type":"Point","coordinates":[-2.8844,48.1923]}},{"type":"Feature","properties":{"CountryName":"France","Type of Animal":"Poultry"},"geometry":{"type":"Point","coordinates":[-2.8612,48.1953]}},{"type":"Feature","properties":{"CountryName":"France","Type of Animal":"Poultry"},"geometry":{"type":"Point","coordinates":[-3.054,48.415]}},{"type":"Feature","properties":{"CountryName":"France","Type of Animal":"Poultry"},"geometry":{"type":"Point","coordinates":[-3.0609,48.4121]}},{"type":"Feature","properties":{"CountryName":"France","Type of Animal":"Poultry"},"geometry":{"type":"Point","coordinates":[-3.0957,48.41]}},{"type":"Feature","properties":{"CountryName":"France","Type of Animal":"Poultry"},"geometry":{"type":"Point","coordinates":[-3.0378,48.4157]}},{"type":"Feature","properties":{"CountryName":"France","Type of Animal":"Poultry"},"geometry":{"type":"Point","coordinates":[-2.3948,48.5175]}},{"type":"Feature","properties":{"CountryName":"France","Type of Animal":"Poultry"},"geometry":{"type":"Point","coordinates":[-2.9195,48.4522]}},{"type":"Feature","properties":{"CountryName":"France","Type of Animal":"Poultry"},"geometry":{"type":"Point","coordinates":[-2.8692,48.4663]}},{"type":"Feature","properties":{"CountryName":"France","Type of Animal":"Poultry"},"geometry":{"type":"Point","coordinates":[-2.9033,48.465]}},{"type":"Feature","properties":{"CountryName":"France","Type of Animal":"Poultry"},"geometry":{"type":"Point","coordinates":[-3.1045,48.2441]}},{"type":"Feature","properties":{"CountryName":"France","Type of Animal":"Poultry"},"geometry":{"type":"Point","coordinates":[-3.0592,48.2277]}},{"type":"Feature","properties":{"CountryName":"France","Type of Animal":"Poultry"},"geometry":{"type":"Point","coordinates":[-3.0024,48.4137]}},{"type":"Feature","properties":{"CountryName":"France","Type of Animal":"Poultry"},"geometry":{"type":"Point","coordinates":[-2.5642,48.2436]}},{"type":"Feature","properties":{"CountryName":"France","Type of Animal":"Poultry"},"geometry":{"type":"Point","coordinates":[-2.576,48.2459]}},{"type":"Feature","properties":{"CountryName":"France","Type of Animal":"Poultry"},"geometry":{"type":"Point","coordinates":[-3.0837,48.3905]}},{"type":"Feature","properties":{"CountryName":"France","Type of Animal":"Poultry"},"geometry":{"type":"Point","coordinates":[-2.9731,48.2456]}},{"type":"Feature","properties":{"CountryName":"France","Type of Animal":"Poultry"},"geometry":{"type":"Point","coordinates":[-2.9137,48.2177]}},{"type":"Feature","properties":{"CountryName":"France","Type of Animal":"Poultry"},"geometry":{"type":"Point","coordinates":[-2.4874,48.2619]}},{"type":"Feature","properties":{"CountryName":"France","Type of Animal":"Poultry"},"geometry":{"type":"Point","coordinates":[-2.9836,48.3185]}},{"type":"Feature","properties":{"CountryName":"France","Type of Animal":"Poultry"},"geometry":{"type":"Point","coordinates":[-2.9627,48.306]}},{"type":"Feature","properties":{"CountryName":"France","Type of Animal":"Poultry"},"geometry":{"type":"Point","coordinates":[-2.9627,48.306]}},{"type":"Feature","properties":{"CountryName":"France","Type of Animal":"Poultry"},"geometry":{"type":"Point","coordinates":[-3.01628,48.25653]}},{"type":"Feature","properties":{"CountryName":"France","Type of Animal":"Poultry"},"geometry":{"type":"Point","coordinates":[-3.01164,48.27098]}},{"type":"Feature","properties":{"CountryName":"France","Type of Animal":"Poultry"},"geometry":{"type":"Point","coordinates":[-2.97835,48.28983]}},{"type":"Feature","properties":{"CountryName":"France","Type of Animal":"Poultry"},"geometry":{"type":"Point","coordinates":[-3.1646,48.2974]}},{"type":"Feature","properties":{"CountryName":"France","Type of Animal":"Poultry"},"geometry":{"type":"Point","coordinates":[-3.1483,48.3315]}},{"type":"Feature","properties":{"CountryName":"France","Type of Animal":"Poultry"},"geometry":{"type":"Point","coordinates":[-3.1781,48.2935]}},{"type":"Feature","properties":{"CountryName":"France","Type of Animal":"Poultry"},"geometry":{"type":"Point","coordinates":[-3.1355,48.3866]}},{"type":"Feature","properties":{"CountryName":"France","Type of Animal":"Poultry"},"geometry":{"type":"Point","coordinates":[-3.1614,48.3249]}},{"type":"Feature","properties":{"CountryName":"France","Type of Animal":"Poultry"},"geometry":{"type":"Point","coordinates":[-3.0926,48.4833]}},{"type":"Feature","properties":{"CountryName":"France","Type of Animal":"Poultry"},"geometry":{"type":"Point","coordinates":[-3.0785,48.4739]}},{"type":"Feature","properties":{"CountryName":"France","Type of Animal":"Poultry"},"geometry":{"type":"Point","coordinates":[-3.073,48.4668]}},{"type":"Feature","properties":{"CountryName":"France","Type of Animal":"Poultry"},"geometry":{"type":"Point","coordinates":[-2.3242,48.5294]}},{"type":"Feature","properties":{"CountryName":"France","Type of Animal":"Poultry"},"geometry":{"type":"Point","coordinates":[-2.3252,48.5385]}},{"type":"Feature","properties":{"CountryName":"France","Type of Animal":"Poultry"},"geometry":{"type":"Point","coordinates":[-3.3761,48.4075]}},{"type":"Feature","properties":{"CountryName":"France","Type of Animal":"Poultry"},"geometry":{"type":"Point","coordinates":[-3.3783,48.3902]}},{"type":"Feature","properties":{"CountryName":"France","Type of Animal":"Poultry"},"geometry":{"type":"Point","coordinates":[-2.821,48.2391]}},{"type":"Feature","properties":{"CountryName":"France","Type of Animal":"Poultry"},"geometry":{"type":"Point","coordinates":[-2.8253,48.2513]}},{"type":"Feature","properties":{"CountryName":"France","Type of Animal":"Poultry"},"geometry":{"type":"Point","coordinates":[-2.8567,48.2418]}},{"type":"Feature","properties":{"CountryName":"France","Type of Animal":"Poultry"},"geometry":{"type":"Point","coordinates":[-2.8542,48.2302]}},{"type":"Feature","properties":{"CountryName":"France","Type of Animal":"Poultry"},"geometry":{"type":"Point","coordinates":[-3.1723,48.2642]}},{"type":"Feature","properties":{"CountryName":"France","Type of Animal":"Poultry"},"geometry":{"type":"Point","coordinates":[-2.4465,48.2411]}},{"type":"Feature","properties":{"CountryName":"France","Type of Animal":"Poultry"},"geometry":{"type":"Point","coordinates":[-3.1359,48.2883]}},{"type":"Feature","properties":{"CountryName":"France","Type of Animal":"Poultry"},"geometry":{"type":"Point","coordinates":[-3.1148,48.2627]}},{"type":"Feature","properties":{"CountryName":"France","Type of Animal":"Poultry"},"geometry":{"type":"Point","coordinates":[-3.1148,48.2627]}},{"type":"Feature","properties":{"CountryName":"France","Type of Animal":"Poultry"},"geometry":{"type":"Point","coordinates":[-3.0721,48.443]}},{"type":"Feature","properties":{"CountryName":"France","Type of Animal":"Poultry"},"geometry":{"type":"Point","coordinates":[-3.0611,48.4339]}},{"type":"Feature","properties":{"CountryName":"France","Type of Animal":"Poultry"},"geometry":{"type":"Point","coordinates":[-3.0782,48.443]}},{"type":"Feature","properties":{"CountryName":"France","Type of Animal":"Poultry"},"geometry":{"type":"Point","coordinates":[-3.404,48.6683]}},{"type":"Feature","properties":{"CountryName":"France","Type of Animal":"Poultry"},"geometry":{"type":"Point","coordinates":[-3.5009,48.3294]}},{"type":"Feature","properties":{"CountryName":"France","Type of Animal":"Poultry"},"geometry":{"type":"Point","coordinates":[-2.5571,48.3419]}},{"type":"Feature","properties":{"CountryName":"France","Type of Animal":"Poultry"},"geometry":{"type":"Point","coordinates":[-2.0211,48.3366]}},{"type":"Feature","properties":{"CountryName":"France","Type of Animal":"Poultry"},"geometry":{"type":"Point","coordinates":[-2.1929,48.5473]}},{"type":"Feature","properties":{"CountryName":"France","Type of Animal":"Poultry"},"geometry":{"type":"Point","coordinates":[-2.1774,48.5621]}},{"type":"Feature","properties":{"CountryName":"France","Type of Animal":"Poultry"},"geometry":{"type":"Point","coordinates":[-3.4044,48.5983]}},{"type":"Feature","properties":{"CountryName":"France","Type of Animal":"Poultry"},"geometry":{"type":"Point","coordinates":[-2.7462,48.4798]}},{"type":"Feature","properties":{"CountryName":"France","Type of Animal":"Poultry"},"geometry":{"type":"Point","coordinates":[-2.2803,48.2132]}},{"type":"Feature","properties":{"CountryName":"France","Type of Animal":"Poultry"},"geometry":{"type":"Point","coordinates":[-2.817,48.2032]}},{"type":"Feature","properties":{"CountryName":"France","Type of Animal":"Poultry"},"geometry":{"type":"Point","coordinates":[-3.0442,48.6575]}},{"type":"Feature","properties":{"CountryName":"France","Type of Animal":"Poultry"},"geometry":{"type":"Point","coordinates":[-2.0709,48.3907]}},{"type":"Feature","properties":{"CountryName":"France","Type of Animal":"Poultry"},"geometry":{"type":"Point","coordinates":[-3.2244,48.7589]}},{"type":"Feature","properties":{"CountryName":"France","Type of Animal":"Poultry"},"geometry":{"type":"Point","coordinates":[-3.0385,48.4094]}},{"type":"Feature","properties":{"CountryName":"France","Type of Animal":"Poultry"},"geometry":{"type":"Point","coordinates":[-2.1737,48.3537]}},{"type":"Feature","properties":{"CountryName":"France","Type of Animal":"Poultry"},"geometry":{"type":"Point","coordinates":[-2.4489,48.5328]}},{"type":"Feature","properties":{"CountryName":"France","Type of Animal":"Poultry"},"geometry":{"type":"Point","coordinates":[-3.0724,48.2763]}},{"type":"Feature","properties":{"CountryName":"France","Type of Animal":"Poultry"},"geometry":{"type":"Point","coordinates":[-3.1624,48.7361]}},{"type":"Feature","properties":{"CountryName":"France","Type of Animal":"Poultry"},"geometry":{"type":"Point","coordinates":[-3.2374,48.3183]}},{"type":"Feature","properties":{"CountryName":"France","Type of Animal":"Poultry"},"geometry":{"type":"Point","coordinates":[-3.09,48.4709]}},{"type":"Feature","properties":{"CountryName":"France","Type of Animal":"Poultry"},"geometry":{"type":"Point","coordinates":[-3.2927,48.6343]}},{"type":"Feature","properties":{"CountryName":"France","Type of Animal":"Poultry"},"geometry":{"type":"Point","coordinates":[-2.9862,48.4446]}},{"type":"Feature","properties":{"CountryName":"France","Type of Animal":"Poultry"},"geometry":{"type":"Point","coordinates":[-3.0385,48.5712]}},{"type":"Feature","properties":{"CountryName":"France","Type of Animal":"Poultry"},"geometry":{"type":"Point","coordinates":[-2.2399,48.3046]}},{"type":"Feature","properties":{"CountryName":"France","Type of Animal":"Poultry"},"geometry":{"type":"Point","coordinates":[-3.427,48.3632]}},{"type":"Feature","properties":{"CountryName":"France","Type of Animal":"Poultry"},"geometry":{"type":"Point","coordinates":[-3.4003,48.2251]}},{"type":"Feature","properties":{"CountryName":"France","Type of Animal":"Poultry"},"geometry":{"type":"Point","coordinates":[-3.0309,48.6211]}},{"type":"Feature","properties":{"CountryName":"France","Type of Animal":"Poultry"},"geometry":{"type":"Point","coordinates":[-2.4675,48.5255]}},{"type":"Feature","properties":{"CountryName":"France","Type of Animal":"Poultry"},"geometry":{"type":"Point","coordinates":[-3.1604,48.3791]}},{"type":"Feature","properties":{"CountryName":"France","Type of Animal":"Poultry"},"geometry":{"type":"Point","coordinates":[-3.204,48.3596]}},{"type":"Feature","properties":{"CountryName":"France","Type of Animal":"Poultry"},"geometry":{"type":"Point","coordinates":[-3.4023,48.3421]}},{"type":"Feature","properties":{"CountryName":"France","Type of Animal":"Poultry"},"geometry":{"type":"Point","coordinates":[-3.5296,48.4992]}},{"type":"Feature","properties":{"CountryName":"France","Type of Animal":"Poultry"},"geometry":{"type":"Point","coordinates":[-3.4655,48.508]}},{"type":"Feature","properties":{"CountryName":"France","Type of Animal":"Poultry"},"geometry":{"type":"Point","coordinates":[-3.4126,48.778]}},{"type":"Feature","properties":{"CountryName":"France","Type of Animal":"Poultry"},"geometry":{"type":"Point","coordinates":[-3.3409,48.5605]}},{"type":"Feature","properties":{"CountryName":"France","Type of Animal":"Poultry"},"geometry":{"type":"Point","coordinates":[-2.7053,48.2339]}},{"type":"Feature","properties":{"CountryName":"France","Type of Animal":"Poultry"},"geometry":{"type":"Point","coordinates":[-3.0448,48.772]}},{"type":"Feature","properties":{"CountryName":"France","Type of Animal":"Poultry"},"geometry":{"type":"Point","coordinates":[-2.9282,48.5529]}},{"type":"Feature","properties":{"CountryName":"France","Type of Animal":"Poultry"},"geometry":{"type":"Point","coordinates":[-3.1398,48.4192]}},{"type":"Feature","properties":{"CountryName":"France","Type of Animal":"Poultry"},"geometry":{"type":"Point","coordinates":[-2.8889,48.2375]}},{"type":"Feature","properties":{"CountryName":"France","Type of Animal":"Poultry"},"geometry":{"type":"Point","coordinates":[-3.3816,48.7424]}},{"type":"Feature","properties":{"CountryName":"France","Type of Animal":"Poultry"},"geometry":{"type":"Point","coordinates":[-3.6153,48.6049]}},{"type":"Feature","properties":{"CountryName":"France","Type of Animal":"Poultry"},"geometry":{"type":"Point","coordinates":[-2.2821,48.2108]}},{"type":"Feature","properties":{"CountryName":"France","Type of Animal":"Poultry"},"geometry":{"type":"Point","coordinates":[4.7945,44.4864]}},{"type":"Feature","properties":{"CountryName":"France","Type of Animal":"Poultry"},"geometry":{"type":"Point","coordinates":[4.9477,44.7536]}},{"type":"Feature","properties":{"CountryName":"France","Type of Animal":"Poultry"},"geometry":{"type":"Point","coordinates":[5.2819,44.6919]}},{"type":"Feature","properties":{"CountryName":"France","Type of Animal":"Poultry"},"geometry":{"type":"Point","coordinates":[5.0003,44.6571]}},{"type":"Feature","properties":{"CountryName":"France","Type of Animal":"Poultry"},"geometry":{"type":"Point","coordinates":[4.9746,44.691]}},{"type":"Feature","properties":{"CountryName":"France","Type of Animal":"Poultry"},"geometry":{"type":"Point","coordinates":[5.0137,44.8212]}},{"type":"Feature","properties":{"CountryName":"France","Type of Animal":"Poultry"},"geometry":{"type":"Point","coordinates":[5.0267,44.8195]}},{"type":"Feature","properties":{"CountryName":"France","Type of Animal":"Poultry"},"geometry":{"type":"Point","coordinates":[5.2008,45.0599]}},{"type":"Feature","properties":{"CountryName":"France","Type of Animal":"Poultry"},"geometry":{"type":"Point","coordinates":[4.9586,44.9229]}},{"type":"Feature","properties":{"CountryName":"France","Type of Animal":"Poultry"},"geometry":{"type":"Point","coordinates":[5.0533,44.8971]}},{"type":"Feature","properties":{"CountryName":"France","Type of Animal":"Poultry"},"geometry":{"type":"Point","coordinates":[5.0066,45.1458]}},{"type":"Feature","properties":{"CountryName":"France","Type of Animal":"Poultry"},"geometry":{"type":"Point","coordinates":[5.0695,44.985]}},{"type":"Feature","properties":{"CountryName":"France","Type of Animal":"Poultry"},"geometry":{"type":"Point","coordinates":[5.09,45.0186]}},{"type":"Feature","properties":{"CountryName":"France","Type of Animal":"Poultry"},"geometry":{"type":"Point","coordinates":[5.0589,44.9957]}},{"type":"Feature","properties":{"CountryName":"France","Type of Animal":"Poultry"},"geometry":{"type":"Point","coordinates":[5.0469,45.1804]}},{"type":"Feature","properties":{"CountryName":"France","Type of Animal":"Poultry"},"geometry":{"type":"Point","coordinates":[4.8381,44.8173]}},{"type":"Feature","properties":{"CountryName":"France","Type of Animal":"Poultry"},"geometry":{"type":"Point","coordinates":[5.2007,45.0305]}},{"type":"Feature","properties":{"CountryName":"France","Type of Animal":"Poultry"},"geometry":{"type":"Point","coordinates":[5.1771,45.0463]}},{"type":"Feature","properties":{"CountryName":"France","Type of Animal":"Poultry"},"geometry":{"type":"Point","coordinates":[5.1917,45.0217]}},{"type":"Feature","properties":{"CountryName":"France","Type of Animal":"Poultry"},"geometry":{"type":"Point","coordinates":[4.819,44.7353]}},{"type":"Feature","properties":{"CountryName":"France","Type of Animal":"Poultry"},"geometry":{"type":"Point","coordinates":[5.1375,44.9739]}},{"type":"Feature","properties":{"CountryName":"France","Type of Animal":"Poultry"},"geometry":{"type":"Point","coordinates":[5.0153,45.1296]}},{"type":"Feature","properties":{"CountryName":"France","Type of Animal":"Poultry"},"geometry":{"type":"Point","coordinates":[4.8874,44.6094]}},{"type":"Feature","properties":{"CountryName":"France","Type of Animal":"Poultry"},"geometry":{"type":"Point","coordinates":[4.865,44.6368]}},{"type":"Feature","properties":{"CountryName":"France","Type of Animal":"Poultry"},"geometry":{"type":"Point","coordinates":[4.8743,44.6374]}},{"type":"Feature","properties":{"CountryName":"France","Type of Animal":"Poultry"},"geometry":{"type":"Point","coordinates":[5.0408,44.9229]}},{"type":"Feature","properties":{"CountryName":"France","Type of Animal":"Poultry"},"geometry":{"type":"Point","coordinates":[4.9956,44.8494]}},{"type":"Feature","properties":{"CountryName":"France","Type of Animal":"Poultry"},"geometry":{"type":"Point","coordinates":[5.0154,44.852]}},{"type":"Feature","properties":{"CountryName":"France","Type of Animal":"Poultry"},"geometry":{"type":"Point","coordinates":[4.9263,44.811]}},{"type":"Feature","properties":{"CountryName":"France","Type of Animal":"Poultry"},"geometry":{"type":"Point","coordinates":[4.9019,44.8079]}},{"type":"Feature","properties":{"CountryName":"France","Type of Animal":"Poultry"},"geometry":{"type":"Point","coordinates":[4.9347,44.7831]}},{"type":"Feature","properties":{"CountryName":"France","Type of Animal":"Poultry"},"geometry":{"type":"Point","coordinates":[5.1679,45.114]}},{"type":"Feature","properties":{"CountryName":"France","Type of Animal":"Poultry"},"geometry":{"type":"Point","coordinates":[4.9035,44.873]}},{"type":"Feature","properties":{"CountryName":"France","Type of Animal":"Poultry"},"geometry":{"type":"Point","coordinates":[4.7907,44.4271]}},{"type":"Feature","properties":{"CountryName":"France","Type of Animal":"Poultry"},"geometry":{"type":"Point","coordinates":[4.944,44.6362]}},{"type":"Feature","properties":{"CountryName":"France","Type of Animal":"Poultry"},"geometry":{"type":"Point","coordinates":[5.12,45.0484]}},{"type":"Feature","properties":{"CountryName":"France","Type of Animal":"Poultry"},"geometry":{"type":"Point","coordinates":[5.0656,44.638]}},{"type":"Feature","properties":{"CountryName":"France","Type of Animal":"Poultry"},"geometry":{"type":"Point","coordinates":[4.8339,44.344]}},{"type":"Feature","properties":{"CountryName":"France","Type of Animal":"Poultry"},"geometry":{"type":"Point","coordinates":[5.031,44.6532]}},{"type":"Feature","properties":{"CountryName":"France","Type of Animal":"Poultry"},"geometry":{"type":"Point","coordinates":[5.0201,44.7913]}},{"type":"Feature","properties":{"CountryName":"France","Type of Animal":"Poultry"},"geometry":{"type":"Point","coordinates":[5.0307,44.776]}},{"type":"Feature","properties":{"CountryName":"France","Type of Animal":"Poultry"},"geometry":{"type":"Point","coordinates":[4.8399,44.6219]}},{"type":"Feature","properties":{"CountryName":"France","Type of Animal":"Poultry"},"geometry":{"type":"Point","coordinates":[4.9407,44.8251]}},{"type":"Feature","properties":{"CountryName":"France","Type of Animal":"Poultry"},"geometry":{"type":"Point","coordinates":[1.204,48.9191]}},{"type":"Feature","properties":{"CountryName":"France","Type of Animal":"Poultry"},"geometry":{"type":"Point","coordinates":[0.6473,48.8514]}},{"type":"Feature","properties":{"CountryName":"France","Type of Animal":"Poultry"},"geometry":{"type":"Point","coordinates":[1.1493,48.469]}},{"type":"Feature","properties":{"CountryName":"France","Type of Animal":"Poultry"},"geometry":{"type":"Point","coordinates":[1.1009,48.6182]}},{"type":"Feature","properties":{"CountryName":"France","Type of Animal":"Poultry"},"geometry":{"type":"Point","coordinates":[0.8216,48.2023]}},{"type":"Feature","properties":{"CountryName":"France","Type of Animal":"Poultry"},"geometry":{"type":"Point","coordinates":[-4.316,48.2561]}},{"type":"Feature","properties":{"CountryName":"France","Type of Animal":"Poultry"},"geometry":{"type":"Point","coordinates":[-4.2877,48.2676]}},{"type":"Feature","properties":{"CountryName":"France","Type of Animal":"Poultry"},"geometry":{"type":"Point","coordinates":[-3.7106,47.8972]}},{"type":"Feature","properties":{"CountryName":"France","Type of Animal":"Poultry"},"geometry":{"type":"Point","coordinates":[-3.693,47.9379]}},{"type":"Feature","properties":{"CountryName":"France","Type of Animal":"Poultry"},"geometry":{"type":"Point","coordinates":[-3.6684,47.9447]}},{"type":"Feature","properties":{"CountryName":"France","Type of Animal":"Poultry"},"geometry":{"type":"Point","coordinates":[-3.7472,47.9116]}},{"type":"Feature","properties":{"CountryName":"France","Type of Animal":"Poultry"},"geometry":{"type":"Point","coordinates":[-3.7028,48.4092]}},{"type":"Feature","properties":{"CountryName":"France","Type of Animal":"Poultry"},"geometry":{"type":"Point","coordinates":[-4.0981,48.5269]}},{"type":"Feature","properties":{"CountryName":"France","Type of Animal":"Poultry"},"geometry":{"type":"Point","coordinates":[-3.5795,48.4519]}},{"type":"Feature","properties":{"CountryName":"France","Type of Animal":"Poultry"},"geometry":{"type":"Point","coordinates":[-3.5668,48.4451]}},{"type":"Feature","properties":{"CountryName":"France","Type of Animal":"Poultry"},"geometry":{"type":"Point","coordinates":[-3.6102,48.463]}},{"type":"Feature","properties":{"CountryName":"France","Type of Animal":"Poultry"},"geometry":{"type":"Point","coordinates":[-3.5818,48.4509]}},{"type":"Feature","properties":{"CountryName":"France","Type of Animal":"Poultry"},"geometry":{"type":"Point","coordinates":[-3.6503,48.5204]}},{"type":"Feature","properties":{"CountryName":"France","Type of Animal":"Poultry"},"geometry":{"type":"Point","coordinates":[-3.9377,48.3037]}},{"type":"Feature","properties":{"CountryName":"France","Type of Animal":"Poultry"},"geometry":{"type":"Point","coordinates":[-3.9773,48.3271]}},{"type":"Feature","properties":{"CountryName":"France","Type of Animal":"Poultry"},"geometry":{"type":"Point","coordinates":[-3.863,48.3679]}},{"type":"Feature","properties":{"CountryName":"France","Type of Animal":"Poultry"},"geometry":{"type":"Point","coordinates":[-3.9576,48.0954]}},{"type":"Feature","properties":{"CountryName":"France","Type of Animal":"Poultry"},"geometry":{"type":"Point","coordinates":[-4.0311,48.0581]}},{"type":"Feature","properties":{"CountryName":"France","Type of Animal":"Poultry"},"geometry":{"type":"Point","coordinates":[-4.0253,48.1207]}},{"type":"Feature","properties":{"CountryName":"France","Type of Animal":"Poultry"},"geometry":{"type":"Point","coordinates":[-4.0281,48.1477]}},{"type":"Feature","properties":{"CountryName":"France","Type of Animal":"Poultry"},"geometry":{"type":"Point","coordinates":[-4.0116,48.0448]}},{"type":"Feature","properties":{"CountryName":"France","Type of Animal":"Poultry"},"geometry":{"type":"Point","coordinates":[-4.0777,48.1308]}},{"type":"Feature","properties":{"CountryName":"France","Type of Animal":"Poultry"},"geometry":{"type":"Point","coordinates":[-3.7572,48.1827]}},{"type":"Feature","properties":{"CountryName":"France","Type of Animal":"Poultry"},"geometry":{"type":"Point","coordinates":[-3.797,48.1831]}},{"type":"Feature","properties":{"CountryName":"France","Type of Animal":"Poultry"},"geometry":{"type":"Point","coordinates":[-3.8016,48.2052]}},{"type":"Feature","properties":{"CountryName":"France","Type of Animal":"Poultry"},"geometry":{"type":"Point","coordinates":[-3.8572,48.1751]}},{"type":"Feature","properties":{"CountryName":"France","Type of Animal":"Poultry"},"geometry":{"type":"Point","coordinates":[-3.685,48.24]}},{"type":"Feature","properties":{"CountryName":"France","Type of Animal":"Poultry"},"geometry":{"type":"Point","coordinates":[-4.1294,48.6706]}},{"type":"Feature","properties":{"CountryName":"France","Type of Animal":"Poultry"},"geometry":{"type":"Point","coordinates":[-3.7616,48.4837]}},{"type":"Feature","properties":{"CountryName":"France","Type of Animal":"Poultry"},"geometry":{"type":"Point","coordinates":[-3.9635,48.4036]}},{"type":"Feature","properties":{"CountryName":"France","Type of Animal":"Poultry"},"geometry":{"type":"Point","coordinates":[-3.9929,48.4111]}},{"type":"Feature","properties":{"CountryName":"France","Type of Animal":"Poultry"},"geometry":{"type":"Point","coordinates":[-3.8602,47.8751]}},{"type":"Feature","properties":{"CountryName":"France","Type of Animal":"Poultry"},"geometry":{"type":"Point","coordinates":[-3.8877,47.8915]}},{"type":"Feature","properties":{"CountryName":"France","Type of Animal":"Poultry"},"geometry":{"type":"Point","coordinates":[-3.8492,48.0855]}},{"type":"Feature","properties":{"CountryName":"France","Type of Animal":"Poultry"},"geometry":{"type":"Point","coordinates":[-4.4928,48.2448]}},{"type":"Feature","properties":{"CountryName":"France","Type of Animal":"Poultry"},"geometry":{"type":"Point","coordinates":[-4.1726,48.1923]}},{"type":"Feature","properties":{"CountryName":"France","Type of Animal":"Poultry"},"geometry":{"type":"Point","coordinates":[-4.2829,48.4186]}},{"type":"Feature","properties":{"CountryName":"France","Type of Animal":"Poultry"},"geometry":{"type":"Point","coordinates":[-4.288,48.4111]}},{"type":"Feature","properties":{"CountryName":"France","Type of Animal":"Poultry"},"geometry":{"type":"Point","coordinates":[-3.9835,48.14]}},{"type":"Feature","properties":{"CountryName":"France","Type of Animal":"Poultry"},"geometry":{"type":"Point","coordinates":[-3.9194,48.0994]}},{"type":"Feature","properties":{"CountryName":"France","Type of Animal":"Poultry"},"geometry":{"type":"Point","coordinates":[-3.9525,48.1486]}},{"type":"Feature","properties":{"CountryName":"France","Type of Animal":"Poultry"},"geometry":{"type":"Point","coordinates":[-3.9265,48.014]}},{"type":"Feature","properties":{"CountryName":"France","Type of Animal":"Poultry"},"geometry":{"type":"Point","coordinates":[-3.9409,48.0007]}},{"type":"Feature","properties":{"CountryName":"France","Type of Animal":"Poultry"},"geometry":{"type":"Point","coordinates":[-3.889,48.0396]}},{"type":"Feature","properties":{"CountryName":"France","Type of Animal":"Poultry"},"geometry":{"type":"Point","coordinates":[-3.9821,47.9904]}},{"type":"Feature","properties":{"CountryName":"France","Type of Animal":"Poultry"},"geometry":{"type":"Point","coordinates":[-4.026,47.8869]}},{"type":"Feature","properties":{"CountryName":"France","Type of Animal":"Poultry"},"geometry":{"type":"Point","coordinates":[-3.7544,48.6076]}},{"type":"Feature","properties":{"CountryName":"France","Type of Animal":"Poultry"},"geometry":{"type":"Point","coordinates":[-3.9345,48.181]}},{"type":"Feature","properties":{"CountryName":"France","Type of Animal":"Poultry"},"geometry":{"type":"Point","coordinates":[-3.9701,48.1716]}},{"type":"Feature","properties":{"CountryName":"France","Type of Animal":"Poultry"},"geometry":{"type":"Point","coordinates":[-3.9803,48.1835]}},{"type":"Feature","properties":{"CountryName":"France","Type of Animal":"Poultry"},"geometry":{"type":"Point","coordinates":[-3.9528,48.1679]}},{"type":"Feature","properties":{"CountryName":"France","Type of Animal":"Poultry"},"geometry":{"type":"Point","coordinates":[-3.5636,48.5316]}},{"type":"Feature","properties":{"CountryName":"France","Type of Animal":"Poultry"},"geometry":{"type":"Point","coordinates":[-3.5921,48.5437]}},{"type":"Feature","properties":{"CountryName":"France","Type of Animal":"Poultry"},"geometry":{"type":"Point","coordinates":[-3.9912,48.5203]}},{"type":"Feature","properties":{"CountryName":"France","Type of Animal":"Poultry"},"geometry":{"type":"Point","coordinates":[-3.9461,48.5741]}},{"type":"Feature","properties":{"CountryName":"France","Type of Animal":"Poultry"},"geometry":{"type":"Point","coordinates":[-3.4441,47.9516]}},{"type":"Feature","properties":{"CountryName":"France","Type of Animal":"Poultry"},"geometry":{"type":"Point","coordinates":[-3.4432,47.952]}},{"type":"Feature","properties":{"CountryName":"France","Type of Animal":"Poultry"},"geometry":{"type":"Point","coordinates":[-3.6406,48.2893]}},{"type":"Feature","properties":{"CountryName":"France","Type of Animal":"Poultry"},"geometry":{"type":"Point","coordinates":[-3.6659,48.269]}},{"type":"Feature","properties":{"CountryName":"France","Type of Animal":"Poultry"},"geometry":{"type":"Point","coordinates":[-3.6321,48.2625]}},{"type":"Feature","properties":{"CountryName":"France","Type of Animal":"Poultry"},"geometry":{"type":"Point","coordinates":[-4.3896,48.5767]}},{"type":"Feature","properties":{"CountryName":"France","Type of Animal":"Poultry"},"geometry":{"type":"Point","coordinates":[-4.0478,48.4691]}},{"type":"Feature","properties":{"CountryName":"France","Type of Animal":"Poultry"},"geometry":{"type":"Point","coordinates":[-4.066,48.4852]}},{"type":"Feature","properties":{"CountryName":"France","Type of Animal":"Poultry"},"geometry":{"type":"Point","coordinates":[-4.0328,48.4793]}},{"type":"Feature","properties":{"CountryName":"France","Type of Animal":"Poultry"},"geometry":{"type":"Point","coordinates":[-3.706,48.2471]}},{"type":"Feature","properties":{"CountryName":"France","Type of Animal":"Poultry"},"geometry":{"type":"Point","coordinates":[-3.7299,48.2404]}},{"type":"Feature","properties":{"CountryName":"France","Type of Animal":"Poultry"},"geometry":{"type":"Point","coordinates":[-3.7172,48.2408]}},{"type":"Feature","properties":{"CountryName":"France","Type of Animal":"Poultry"},"geometry":{"type":"Point","coordinates":[-4.0598,48.1109]}},{"type":"Feature","properties":{"CountryName":"France","Type of Animal":"Poultry"},"geometry":{"type":"Point","coordinates":[-3.9543,48.0958]}},{"type":"Feature","properties":{"CountryName":"France","Type of Animal":"Poultry"},"geometry":{"type":"Point","coordinates":[-3.7415,48.6488]}},{"type":"Feature","properties":{"CountryName":"France","Type of Animal":"Poultry"},"geometry":{"type":"Point","coordinates":[-3.705,48.6155]}},{"type":"Feature","properties":{"CountryName":"France","Type of Animal":"Poultry"},"geometry":{"type":"Point","coordinates":[-3.8674,48.1279]}},{"type":"Feature","properties":{"CountryName":"France","Type of Animal":"Poultry"},"geometry":{"type":"Point","coordinates":[-3.9197,48.1813]}},{"type":"Feature","properties":{"CountryName":"France","Type of Animal":"Poultry"},"geometry":{"type":"Point","coordinates":[-3.8909,48.2041]}},{"type":"Feature","properties":{"CountryName":"France","Type of Animal":"Poultry"},"geometry":{"type":"Point","coordinates":[-3.8987,48.2084]}},{"type":"Feature","properties":{"CountryName":"France","Type of Animal":"Poultry"},"geometry":{"type":"Point","coordinates":[-3.7033,48.3498]}},{"type":"Feature","properties":{"CountryName":"France","Type of Animal":"Poultry"},"geometry":{"type":"Point","coordinates":[-3.6881,48.3846]}},{"type":"Feature","properties":{"CountryName":"France","Type of Animal":"Poultry"},"geometry":{"type":"Point","coordinates":[-4.0649,48.4628]}},{"type":"Feature","properties":{"CountryName":"France","Type of Animal":"Poultry"},"geometry":{"type":"Point","coordinates":[-4.0558,48.4515]}},{"type":"Feature","properties":{"CountryName":"France","Type of Animal":"Poultry"},"geometry":{"type":"Point","coordinates":[-4.2317,48.1011]}},{"type":"Feature","properties":{"CountryName":"France","Type of Animal":"Poultry"},"geometry":{"type":"Point","coordinates":[-4.0223,48.285]}},{"type":"Feature","properties":{"CountryName":"France","Type of Animal":"Poultry"},"geometry":{"type":"Point","coordinates":[-4.0222,48.2733]}},{"type":"Feature","properties":{"CountryName":"France","Type of Animal":"Poultry"},"geometry":{"type":"Point","coordinates":[-4.3117,48.3502]}},{"type":"Feature","properties":{"CountryName":"France","Type of Animal":"Poultry"},"geometry":{"type":"Point","coordinates":[-4.3141,48.377]}},{"type":"Feature","properties":{"CountryName":"France","Type of Animal":"Poultry"},"geometry":{"type":"Point","coordinates":[-4.0224,48.1786]}},{"type":"Feature","properties":{"CountryName":"France","Type of Animal":"Poultry"},"geometry":{"type":"Point","coordinates":[-4.0236,48.1791]}},{"type":"Feature","properties":{"CountryName":"France","Type of Animal":"Poultry"},"geometry":{"type":"Point","coordinates":[-4.4108,47.9509]}},{"type":"Feature","properties":{"CountryName":"France","Type of Animal":"Poultry"},"geometry":{"type":"Point","coordinates":[-3.7912,47.8993]}},{"type":"Feature","properties":{"CountryName":"France","Type of Animal":"Poultry"},"geometry":{"type":"Point","coordinates":[-3.607,47.8773]}},{"type":"Feature","properties":{"CountryName":"France","Type of Animal":"Poultry"},"geometry":{"type":"Point","coordinates":[-4.565,48.4455]}},{"type":"Feature","properties":{"CountryName":"France","Type of Animal":"Poultry"},"geometry":{"type":"Point","coordinates":[-3.8453,48.6092]}},{"type":"Feature","properties":{"CountryName":"France","Type of Animal":"Poultry"},"geometry":{"type":"Point","coordinates":[-3.5642,48.2118]}},{"type":"Feature","properties":{"CountryName":"France","Type of Animal":"Poultry"},"geometry":{"type":"Point","coordinates":[-3.572,48.2176]}},{"type":"Feature","properties":{"CountryName":"France","Type of Animal":"Poultry"},"geometry":{"type":"Point","coordinates":[-4.4515,48.5033]}},{"type":"Feature","properties":{"CountryName":"France","Type of Animal":"Poultry"},"geometry":{"type":"Point","coordinates":[-4.4114,48.5007]}},{"type":"Feature","properties":{"CountryName":"France","Type of Animal":"Poultry"},"geometry":{"type":"Point","coordinates":[-4.032,48.2327]}},{"type":"Feature","properties":{"CountryName":"France","Type of Animal":"Poultry"},"geometry":{"type":"Point","coordinates":[-4.0343,48.2284]}},{"type":"Feature","properties":{"CountryName":"France","Type of Animal":"Poultry"},"geometry":{"type":"Point","coordinates":[-3.9456,48.2206]}},{"type":"Feature","properties":{"CountryName":"France","Type of Animal":"Poultry"},"geometry":{"type":"Point","coordinates":[-3.9257,48.2126]}},{"type":"Feature","properties":{"CountryName":"France","Type of Animal":"Poultry"},"geometry":{"type":"Point","coordinates":[-3.9033,48.5114]}},{"type":"Feature","properties":{"CountryName":"France","Type of Animal":"Poultry"},"geometry":{"type":"Point","coordinates":[-3.8774,48.4993]}},{"type":"Feature","properties":{"CountryName":"France","Type of Animal":"Poultry"},"geometry":{"type":"Point","coordinates":[-3.8353,48.5381]}},{"type":"Feature","properties":{"CountryName":"France","Type of Animal":"Poultry"},"geometry":{"type":"Point","coordinates":[-3.8766,48.5038]}},{"type":"Feature","properties":{"CountryName":"France","Type of Animal":"Poultry"},"geometry":{"type":"Point","coordinates":[-3.8947,48.5417]}},{"type":"Feature","properties":{"CountryName":"France","Type of Animal":"Poultry"},"geometry":{"type":"Point","coordinates":[-3.8947,48.5417]}},{"type":"Feature","properties":{"CountryName":"France","Type of Animal":"Poultry"},"geometry":{"type":"Point","coordinates":[-4.2514,47.9678]}},{"type":"Feature","properties":{"CountryName":"France","Type of Animal":"Poultry"},"geometry":{"type":"Point","coordinates":[-4.1283,48.054]}},{"type":"Feature","properties":{"CountryName":"France","Type of Animal":"Poultry"},"geometry":{"type":"Point","coordinates":[-4.1204,48.0996]}},{"type":"Feature","properties":{"CountryName":"France","Type of Animal":"Poultry"},"geometry":{"type":"Point","coordinates":[-4.1744,47.9239]}},{"type":"Feature","properties":{"CountryName":"France","Type of Animal":"Poultry"},"geometry":{"type":"Point","coordinates":[-4.2924,47.8218]}},{"type":"Feature","properties":{"CountryName":"France","Type of Animal":"Poultry"},"geometry":{"type":"Point","coordinates":[-4.2075,48.1906]}},{"type":"Feature","properties":{"CountryName":"France","Type of Animal":"Poultry"},"geometry":{"type":"Point","coordinates":[-4.2432,47.9022]}},{"type":"Feature","properties":{"CountryName":"France","Type of Animal":"Poultry"},"geometry":{"type":"Point","coordinates":[-4.2335,47.937]}},{"type":"Feature","properties":{"CountryName":"France","Type of Animal":"Poultry"},"geometry":{"type":"Point","coordinates":[-4.2539,48.135]}},{"type":"Feature","properties":{"CountryName":"France","Type of Animal":"Poultry"},"geometry":{"type":"Point","coordinates":[-4.2189,48.1451]}},{"type":"Feature","properties":{"CountryName":"France","Type of Animal":"Poultry"},"geometry":{"type":"Point","coordinates":[-4.7043,48.4384]}},{"type":"Feature","properties":{"CountryName":"France","Type of Animal":"Poultry"},"geometry":{"type":"Point","coordinates":[-4.1099,48.4278]}},{"type":"Feature","properties":{"CountryName":"France","Type of Animal":"Poultry"},"geometry":{"type":"Point","coordinates":[-3.6802,48.6065]}},{"type":"Feature","properties":{"CountryName":"France","Type of Animal":"Poultry"},"geometry":{"type":"Point","coordinates":[-3.6236,48.5663]}},{"type":"Feature","properties":{"CountryName":"France","Type of Animal":"Poultry"},"geometry":{"type":"Point","coordinates":[-3.6062,48.5821]}},{"type":"Feature","properties":{"CountryName":"France","Type of Animal":"Poultry"},"geometry":{"type":"Point","coordinates":[-3.71,48.5385]}},{"type":"Feature","properties":{"CountryName":"France","Type of Animal":"Poultry"},"geometry":{"type":"Point","coordinates":[-3.7427,48.4965]}},{"type":"Feature","properties":{"CountryName":"France","Type of Animal":"Poultry"},"geometry":{"type":"Point","coordinates":[-4.0314,48.6466]}},{"type":"Feature","properties":{"CountryName":"France","Type of Animal":"Poultry"},"geometry":{"type":"Point","coordinates":[-4.2739,48.5868]}},{"type":"Feature","properties":{"CountryName":"France","Type of Animal":"Poultry"},"geometry":{"type":"Point","coordinates":[-3.6754,48.5408]}},{"type":"Feature","properties":{"CountryName":"France","Type of Animal":"Poultry"},"geometry":{"type":"Point","coordinates":[-4.2286,48.5138]}},{"type":"Feature","properties":{"CountryName":"France","Type of Animal":"Poultry"},"geometry":{"type":"Point","coordinates":[-4.2304,48.5153]}},{"type":"Feature","properties":{"CountryName":"France","Type of Animal":"Poultry"},"geometry":{"type":"Point","coordinates":[-3.5678,48.3123]}},{"type":"Feature","properties":{"CountryName":"France","Type of Animal":"Poultry"},"geometry":{"type":"Point","coordinates":[-3.604,48.2935]}},{"type":"Feature","properties":{"CountryName":"France","Type of Animal":"Poultry"},"geometry":{"type":"Point","coordinates":[-3.5814,48.3202]}},{"type":"Feature","properties":{"CountryName":"France","Type of Animal":"Poultry"},"geometry":{"type":"Point","coordinates":[-3.5828,48.2851]}},{"type":"Feature","properties":{"CountryName":"France","Type of Animal":"Poultry"},"geometry":{"type":"Point","coordinates":[-3.5893,48.2887]}},{"type":"Feature","properties":{"CountryName":"France","Type of Animal":"Poultry"},"geometry":{"type":"Point","coordinates":[-3.5914,48.3092]}},{"type":"Feature","properties":{"CountryName":"France","Type of Animal":"Poultry"},"geometry":{"type":"Point","coordinates":[-4.2091,48.6181]}},{"type":"Feature","properties":{"CountryName":"France","Type of Animal":"Poultry"},"geometry":{"type":"Point","coordinates":[-4.19,48.6214]}},{"type":"Feature","properties":{"CountryName":"France","Type of Animal":"Poultry"},"geometry":{"type":"Point","coordinates":[-3.7074,48.2971]}},{"type":"Feature","properties":{"CountryName":"France","Type of Animal":"Poultry"},"geometry":{"type":"Point","coordinates":[-3.7098,48.334]}},{"type":"Feature","properties":{"CountryName":"France","Type of Animal":"Poultry"},"geometry":{"type":"Point","coordinates":[-4.0972,48.6044]}},{"type":"Feature","properties":{"CountryName":"France","Type of Animal":"Poultry"},"geometry":{"type":"Point","coordinates":[-4.1143,48.593]}},{"type":"Feature","properties":{"CountryName":"France","Type of Animal":"Poultry"},"geometry":{"type":"Point","coordinates":[-4.3581,47.9312]}},{"type":"Feature","properties":{"CountryName":"France","Type of Animal":"Poultry"},"geometry":{"type":"Point","coordinates":[-4.3696,47.9413]}},{"type":"Feature","properties":{"CountryName":"France","Type of Animal":"Poultry"},"geometry":{"type":"Point","coordinates":[-4.4135,47.9769]}},{"type":"Feature","properties":{"CountryName":"France","Type of Animal":"Poultry"},"geometry":{"type":"Point","coordinates":[-4.39,47.9694]}},{"type":"Feature","properties":{"CountryName":"France","Type of Animal":"Poultry"},"geometry":{"type":"Point","coordinates":[-4.432,48.0002]}},{"type":"Feature","properties":{"CountryName":"France","Type of Animal":"Poultry"},"geometry":{"type":"Point","coordinates":[-3.7331,47.8747]}},{"type":"Feature","properties":{"CountryName":"France","Type of Animal":"Poultry"},"geometry":{"type":"Point","coordinates":[-4.4074,48.086]}},{"type":"Feature","properties":{"CountryName":"France","Type of Animal":"Poultry"},"geometry":{"type":"Point","coordinates":[-4.4179,48.0982]}},{"type":"Feature","properties":{"CountryName":"France","Type of Animal":"Poultry"},"geometry":{"type":"Point","coordinates":[-3.5733,48.3479]}},{"type":"Feature","properties":{"CountryName":"France","Type of Animal":"Poultry"},"geometry":{"type":"Point","coordinates":[-3.5932,48.3565]}},{"type":"Feature","properties":{"CountryName":"France","Type of Animal":"Poultry"},"geometry":{"type":"Point","coordinates":[-3.5665,48.3619]}},{"type":"Feature","properties":{"CountryName":"France","Type of Animal":"Poultry"},"geometry":{"type":"Point","coordinates":[-3.6635,48.327]}},{"type":"Feature","properties":{"CountryName":"France","Type of Animal":"Poultry"},"geometry":{"type":"Point","coordinates":[-3.6213,48.3239]}},{"type":"Feature","properties":{"CountryName":"France","Type of Animal":"Poultry"},"geometry":{"type":"Point","coordinates":[-4.1636,48.1141]}},{"type":"Feature","properties":{"CountryName":"France","Type of Animal":"Poultry"},"geometry":{"type":"Point","coordinates":[-4.1643,48.1191]}},{"type":"Feature","properties":{"CountryName":"France","Type of Animal":"Poultry"},"geometry":{"type":"Point","coordinates":[-3.5244,47.9703]}},{"type":"Feature","properties":{"CountryName":"France","Type of Animal":"Poultry"},"geometry":{"type":"Point","coordinates":[-3.5832,47.9326]}},{"type":"Feature","properties":{"CountryName":"France","Type of Animal":"Poultry"},"geometry":{"type":"Point","coordinates":[-4.2075,48.2765]}},{"type":"Feature","properties":{"CountryName":"France","Type of Animal":"Poultry"},"geometry":{"type":"Point","coordinates":[-4.1891,48.254]}},{"type":"Feature","properties":{"CountryName":"France","Type of Animal":"Poultry"},"geometry":{"type":"Point","coordinates":[-3.7664,47.9093]}},{"type":"Feature","properties":{"CountryName":"France","Type of Animal":"Poultry"},"geometry":{"type":"Point","coordinates":[-3.7694,47.9269]}},{"type":"Feature","properties":{"CountryName":"France","Type of Animal":"Poultry"},"geometry":{"type":"Point","coordinates":[-4.051,48.1995]}},{"type":"Feature","properties":{"CountryName":"France","Type of Animal":"Poultry"},"geometry":{"type":"Point","coordinates":[-4.0685,48.192]}},{"type":"Feature","properties":{"CountryName":"France","Type of Animal":"Poultry"},"geometry":{"type":"Point","coordinates":[-4.0239,47.9595]}},{"type":"Feature","properties":{"CountryName":"France","Type of Animal":"Poultry"},"geometry":{"type":"Point","coordinates":[-3.9935,47.9798]}},{"type":"Feature","properties":{"CountryName":"France","Type of Animal":"Poultry"},"geometry":{"type":"Point","coordinates":[-4.3513,48.61]}},{"type":"Feature","properties":{"CountryName":"France","Type of Animal":"Poultry"},"geometry":{"type":"Point","coordinates":[-3.6405,48.1799]}},{"type":"Feature","properties":{"CountryName":"France","Type of Animal":"Poultry"},"geometry":{"type":"Point","coordinates":[-3.8466,48.55]}},{"type":"Feature","properties":{"CountryName":"France","Type of Animal":"Poultry"},"geometry":{"type":"Point","coordinates":[-4.2859,48.2081]}},{"type":"Feature","properties":{"CountryName":"France","Type of Animal":"Poultry"},"geometry":{"type":"Point","coordinates":[-3.9821,48.4374]}},{"type":"Feature","properties":{"CountryName":"France","Type of Animal":"Poultry"},"geometry":{"type":"Point","coordinates":[-4.0731,48.248]}},{"type":"Feature","properties":{"CountryName":"France","Type of Animal":"Poultry"},"geometry":{"type":"Point","coordinates":[-4.1084,48.2302]}},{"type":"Feature","properties":{"CountryName":"France","Type of Animal":"Poultry"},"geometry":{"type":"Point","coordinates":[-4.0551,48.2554]}},{"type":"Feature","properties":{"CountryName":"France","Type of Animal":"Poultry"},"geometry":{"type":"Point","coordinates":[-4.1612,48.51]}},{"type":"Feature","properties":{"CountryName":"France","Type of Animal":"Poultry"},"geometry":{"type":"Point","coordinates":[-3.6202,47.9799]}},{"type":"Feature","properties":{"CountryName":"France","Type of Animal":"Poultry"},"geometry":{"type":"Point","coordinates":[-3.6209,47.9556]}},{"type":"Feature","properties":{"CountryName":"France","Type of Animal":"Poultry"},"geometry":{"type":"Point","coordinates":[-4.2074,48.4015]}},{"type":"Feature","properties":{"CountryName":"France","Type of Animal":"Poultry"},"geometry":{"type":"Point","coordinates":[-3.7137,48.0626]}},{"type":"Feature","properties":{"CountryName":"France","Type of Animal":"Poultry"},"geometry":{"type":"Point","coordinates":[-3.6808,48.4259]}},{"type":"Feature","properties":{"CountryName":"France","Type of Animal":"Poultry"},"geometry":{"type":"Point","coordinates":[-3.6283,48.441]}},{"type":"Feature","properties":{"CountryName":"France","Type of Animal":"Poultry"},"geometry":{"type":"Point","coordinates":[-3.6858,48.4153]}},{"type":"Feature","properties":{"CountryName":"France","Type of Animal":"Poultry"},"geometry":{"type":"Point","coordinates":[-3.7277,48.4395]}},{"type":"Feature","properties":{"CountryName":"France","Type of Animal":"Poultry"},"geometry":{"type":"Point","coordinates":[-3.6192,48.4161]}},{"type":"Feature","properties":{"CountryName":"France","Type of Animal":"Poultry"},"geometry":{"type":"Point","coordinates":[-3.6749,48.4421]}},{"type":"Feature","properties":{"CountryName":"France","Type of Animal":"Poultry"},"geometry":{"type":"Point","coordinates":[-3.6623,48.432]}},{"type":"Feature","properties":{"CountryName":"France","Type of Animal":"Poultry"},"geometry":{"type":"Point","coordinates":[-3.7156,48.4439]}},{"type":"Feature","properties":{"CountryName":"France","Type of Animal":"Poultry"},"geometry":{"type":"Point","coordinates":[-4.0228,48.394]}},{"type":"Feature","properties":{"CountryName":"France","Type of Animal":"Poultry"},"geometry":{"type":"Point","coordinates":[-4.0765,48.3752]}},{"type":"Feature","properties":{"CountryName":"France","Type of Animal":"Poultry"},"geometry":{"type":"Point","coordinates":[-4.0249,48.3974]}},{"type":"Feature","properties":{"CountryName":"France","Type of Animal":"Poultry"},"geometry":{"type":"Point","coordinates":[-3.6756,48.2055]}},{"type":"Feature","properties":{"CountryName":"France","Type of Animal":"Poultry"},"geometry":{"type":"Point","coordinates":[-3.6985,48.1896]}},{"type":"Feature","properties":{"CountryName":"France","Type of Animal":"Poultry"},"geometry":{"type":"Point","coordinates":[-3.695,48.2006]}},{"type":"Feature","properties":{"CountryName":"France","Type of Animal":"Poultry"},"geometry":{"type":"Point","coordinates":[-3.659,48.2013]}},{"type":"Feature","properties":{"CountryName":"France","Type of Animal":"Poultry"},"geometry":{"type":"Point","coordinates":[-3.6921,48.184]}},{"type":"Feature","properties":{"CountryName":"France","Type of Animal":"Poultry"},"geometry":{"type":"Point","coordinates":[-3.6762,48.2058]}},{"type":"Feature","properties":{"CountryName":"France","Type of Animal":"Poultry"},"geometry":{"type":"Point","coordinates":[-3.9105,48.6283]}},{"type":"Feature","properties":{"CountryName":"France","Type of Animal":"Poultry"},"geometry":{"type":"Point","coordinates":[-3.8286,48.0049]}},{"type":"Feature","properties":{"CountryName":"France","Type of Animal":"Poultry"},"geometry":{"type":"Point","coordinates":[-3.8355,48.0401]}},{"type":"Feature","properties":{"CountryName":"France","Type of Animal":"Poultry"},"geometry":{"type":"Point","coordinates":[-3.829,48.028]}},{"type":"Feature","properties":{"CountryName":"France","Type of Animal":"Poultry"},"geometry":{"type":"Point","coordinates":[-3.8218,48.0023]}},{"type":"Feature","properties":{"CountryName":"France","Type of Animal":"Poultry"},"geometry":{"type":"Point","coordinates":[-4.2689,48.6115]}},{"type":"Feature","properties":{"CountryName":"France","Type of Animal":"Poultry"},"geometry":{"type":"Point","coordinates":[-4.2585,48.6198]}},{"type":"Feature","properties":{"CountryName":"France","Type of Animal":"Poultry"},"geometry":{"type":"Point","coordinates":[-4.2423,48.6279]}},{"type":"Feature","properties":{"CountryName":"France","Type of Animal":"Poultry"},"geometry":{"type":"Point","coordinates":[-3.8705,48.0906]}},{"type":"Feature","properties":{"CountryName":"France","Type of Animal":"Poultry"},"geometry":{"type":"Point","coordinates":[-3.8486,47.8311]}},{"type":"Feature","properties":{"CountryName":"France","Type of Animal":"Poultry"},"geometry":{"type":"Point","coordinates":[-3.6455,47.9035]}},{"type":"Feature","properties":{"CountryName":"France","Type of Animal":"Poultry"},"geometry":{"type":"Point","coordinates":[-4.1294,48.2634]}},{"type":"Feature","properties":{"CountryName":"France","Type of Animal":"Poultry"},"geometry":{"type":"Point","coordinates":[-4.1134,48.2933]}},{"type":"Feature","properties":{"CountryName":"France","Type of Animal":"Poultry"},"geometry":{"type":"Point","coordinates":[-3.8963,48.0138]}},{"type":"Feature","properties":{"CountryName":"France","Type of Animal":"Poultry"},"geometry":{"type":"Point","coordinates":[-3.5545,48.221]}},{"type":"Feature","properties":{"CountryName":"France","Type of Animal":"Poultry"},"geometry":{"type":"Point","coordinates":[-3.7587,48.3987]}},{"type":"Feature","properties":{"CountryName":"France","Type of Animal":"Poultry"},"geometry":{"type":"Point","coordinates":[-4.1073,48.2749]}},{"type":"Feature","properties":{"CountryName":"France","Type of Animal":"Poultry"},"geometry":{"type":"Point","coordinates":[-4.3115,48.2529]}},{"type":"Feature","properties":{"CountryName":"France","Type of Animal":"Poultry"},"geometry":{"type":"Point","coordinates":[-3.7587,48.3987]}},{"type":"Feature","properties":{"CountryName":"France","Type of Animal":"Poultry"},"geometry":{"type":"Point","coordinates":[-3.9289,47.9553]}},{"type":"Feature","properties":{"CountryName":"France","Type of Animal":"Poultry"},"geometry":{"type":"Point","coordinates":[-4.094,48.5932]}},{"type":"Feature","properties":{"CountryName":"France","Type of Animal":"Poultry"},"geometry":{"type":"Point","coordinates":[-3.9251,48.0828]}},{"type":"Feature","properties":{"CountryName":"France","Type of Animal":"Poultry"},"geometry":{"type":"Point","coordinates":[-4.2159,47.989]}},{"type":"Feature","properties":{"CountryName":"France","Type of Animal":"Poultry"},"geometry":{"type":"Point","coordinates":[4.0262,44.1004]}},{"type":"Feature","properties":{"CountryName":"France","Type of Animal":"Poultry"},"geometry":{"type":"Point","coordinates":[4.4682,43.8489]}},{"type":"Feature","properties":{"CountryName":"France","Type of Animal":"Poultry"},"geometry":{"type":"Point","coordinates":[0.4949,43.5018]}},{"type":"Feature","properties":{"CountryName":"France","Type of Animal":"Poultry"},"geometry":{"type":"Point","coordinates":[-1.0895,48.4535]}},{"type":"Feature","properties":{"CountryName":"France","Type of Animal":"Poultry"},"geometry":{"type":"Point","coordinates":[-1.5637,48.4073]}},{"type":"Feature","properties":{"CountryName":"France","Type of Animal":"Poultry"},"geometry":{"type":"Point","coordinates":[-1.855,48.0378]}},{"type":"Feature","properties":{"CountryName":"France","Type of Animal":"Poultry"},"geometry":{"type":"Point","coordinates":[-1.8528,48.2837]}},{"type":"Feature","properties":{"CountryName":"France","Type of Animal":"Poultry"},"geometry":{"type":"Point","coordinates":[-1.0921,48.3382]}},{"type":"Feature","properties":{"CountryName":"France","Type of Animal":"Poultry"},"geometry":{"type":"Point","coordinates":[-1.4779,47.8797]}},{"type":"Feature","properties":{"CountryName":"France","Type of Animal":"Poultry"},"geometry":{"type":"Point","coordinates":[-1.6033,47.8464]}},{"type":"Feature","properties":{"CountryName":"France","Type of Animal":"Poultry"},"geometry":{"type":"Point","coordinates":[-1.4382,47.965]}},{"type":"Feature","properties":{"CountryName":"France","Type of Animal":"Poultry"},"geometry":{"type":"Point","coordinates":[-1.4336,47.967]}},{"type":"Feature","properties":{"CountryName":"France","Type of Animal":"Poultry"},"geometry":{"type":"Point","coordinates":[-1.2261,48.0638]}},{"type":"Feature","properties":{"CountryName":"France","Type of Animal":"Poultry"},"geometry":{"type":"Point","coordinates":[-1.5281,48.4788]}},{"type":"Feature","properties":{"CountryName":"France","Type of Animal":"Poultry"},"geometry":{"type":"Point","coordinates":[-1.8326,48.5863]}},{"type":"Feature","properties":{"CountryName":"France","Type of Animal":"Poultry"},"geometry":{"type":"Point","coordinates":[-1.8518,48.5992]}},{"type":"Feature","properties":{"CountryName":"France","Type of Animal":"Poultry"},"geometry":{"type":"Point","coordinates":[-1.8089,48.2407]}},{"type":"Feature","properties":{"CountryName":"France","Type of Animal":"Poultry"},"geometry":{"type":"Point","coordinates":[-1.7769,47.9351]}},{"type":"Feature","properties":{"CountryName":"France","Type of Animal":"Poultry"},"geometry":{"type":"Point","coordinates":[-1.797,48.314]}},{"type":"Feature","properties":{"CountryName":"France","Type of Animal":"Poultry"},"geometry":{"type":"Point","coordinates":[-1.982,48.1057]}},{"type":"Feature","properties":{"CountryName":"France","Type of Animal":"Poultry"},"geometry":{"type":"Point","coordinates":[-1.9646,47.8508]}},{"type":"Feature","properties":{"CountryName":"France","Type of Animal":"Poultry"},"geometry":{"type":"Point","coordinates":[-2.0497,47.9338]}},{"type":"Feature","properties":{"CountryName":"France","Type of Animal":"Poultry"},"geometry":{"type":"Point","coordinates":[-2.0301,47.9645]}},{"type":"Feature","properties":{"CountryName":"France","Type of Animal":"Poultry"},"geometry":{"type":"Point","coordinates":[-1.9872,47.9786]}},{"type":"Feature","properties":{"CountryName":"France","Type of Animal":"Poultry"},"geometry":{"type":"Point","coordinates":[-2.0721,48.2545]}},{"type":"Feature","properties":{"CountryName":"France","Type of Animal":"Poultry"},"geometry":{"type":"Point","coordinates":[-2.117,48.1976]}},{"type":"Feature","properties":{"CountryName":"France","Type of Animal":"Poultry"},"geometry":{"type":"Point","coordinates":[-1.7238,48.5853]}},{"type":"Feature","properties":{"CountryName":"France","Type of Animal":"Poultry"},"geometry":{"type":"Point","coordinates":[-1.9651,48.0666]}},{"type":"Feature","properties":{"CountryName":"France","Type of Animal":"Poultry"},"geometry":{"type":"Point","coordinates":[-1.1996,47.9936]}},{"type":"Feature","properties":{"CountryName":"France","Type of Animal":"Poultry"},"geometry":{"type":"Point","coordinates":[-1.7431,47.8133]}},{"type":"Feature","properties":{"CountryName":"France","Type of Animal":"Poultry"},"geometry":{"type":"Point","coordinates":[-1.1996,48.4385]}},{"type":"Feature","properties":{"CountryName":"France","Type of Animal":"Poultry"},"geometry":{"type":"Point","coordinates":[-2.13,48.2549]}},{"type":"Feature","properties":{"CountryName":"France","Type of Animal":"Poultry"},"geometry":{"type":"Point","coordinates":[-1.3163,47.9253]}},{"type":"Feature","properties":{"CountryName":"France","Type of Animal":"Poultry"},"geometry":{"type":"Point","coordinates":[-1.4503,47.8988]}},{"type":"Feature","properties":{"CountryName":"France","Type of Animal":"Poultry"},"geometry":{"type":"Point","coordinates":[-1.6599,48.2549]}},{"type":"Feature","properties":{"CountryName":"France","Type of Animal":"Poultry"},"geometry":{"type":"Point","coordinates":[-1.95,48.6006]}},{"type":"Feature","properties":{"CountryName":"France","Type of Animal":"Poultry"},"geometry":{"type":"Point","coordinates":[-2.0979,48.0964]}},{"type":"Feature","properties":{"CountryName":"France","Type of Animal":"Poultry"},"geometry":{"type":"Point","coordinates":[-2.0265,47.7079]}},{"type":"Feature","properties":{"CountryName":"France","Type of Animal":"Poultry"},"geometry":{"type":"Point","coordinates":[-1.9093,48.3593]}},{"type":"Feature","properties":{"CountryName":"France","Type of Animal":"Poultry"},"geometry":{"type":"Point","coordinates":[-2.0921,48.0831]}},{"type":"Feature","properties":{"CountryName":"France","Type of Animal":"Poultry"},"geometry":{"type":"Point","coordinates":[-1.3357,47.9121]}},{"type":"Feature","properties":{"CountryName":"France","Type of Animal":"Poultry"},"geometry":{"type":"Point","coordinates":[1.18,47.2669]}},{"type":"Feature","properties":{"CountryName":"France","Type of Animal":"Poultry"},"geometry":{"type":"Point","coordinates":[0.8194,46.8538]}},{"type":"Feature","properties":{"CountryName":"France","Type of Animal":"Poultry"},"geometry":{"type":"Point","coordinates":[0.2004,47.2536]}},{"type":"Feature","properties":{"CountryName":"France","Type of Animal":"Poultry"},"geometry":{"type":"Point","coordinates":[1.074,47.1371]}},{"type":"Feature","properties":{"CountryName":"France","Type of Animal":"Poultry"},"geometry":{"type":"Point","coordinates":[0.6305,47.6126]}},{"type":"Feature","properties":{"CountryName":"France","Type of Animal":"Poultry"},"geometry":{"type":"Point","coordinates":[0.5484,47.5741]}},{"type":"Feature","properties":{"CountryName":"France","Type of Animal":"Poultry"},"geometry":{"type":"Point","coordinates":[0.5513,47.5868]}},{"type":"Feature","properties":{"CountryName":"France","Type of Animal":"Poultry"},"geometry":{"type":"Point","coordinates":[0.5057,47.6257]}},{"type":"Feature","properties":{"CountryName":"France","Type of Animal":"Poultry"},"geometry":{"type":"Point","coordinates":[5.4532,45.7277]}},{"type":"Feature","properties":{"CountryName":"France","Type of Animal":"Poultry"},"geometry":{"type":"Point","coordinates":[5.4496,45.7172]}},{"type":"Feature","properties":{"CountryName":"France","Type of Animal":"Poultry"},"geometry":{"type":"Point","coordinates":[5.452,45.7215]}},{"type":"Feature","properties":{"CountryName":"France","Type of Animal":"Poultry"},"geometry":{"type":"Point","coordinates":[5.5275,45.5543]}},{"type":"Feature","properties":{"CountryName":"France","Type of Animal":"Poultry"},"geometry":{"type":"Point","coordinates":[5.221,45.0876]}},{"type":"Feature","properties":{"CountryName":"France","Type of Animal":"Poultry"},"geometry":{"type":"Point","coordinates":[5.313,46.9977]}},{"type":"Feature","properties":{"CountryName":"France","Type of Animal":"Poultry"},"geometry":{"type":"Point","coordinates":[-0.8945,43.631]}},{"type":"Feature","properties":{"CountryName":"France","Type of Animal":"Poultry"},"geometry":{"type":"Point","coordinates":[-0.6433,43.6775]}},{"type":"Feature","properties":{"CountryName":"France","Type of Animal":"Poultry"},"geometry":{"type":"Point","coordinates":[-1.2279,43.7443]}},{"type":"Feature","properties":{"CountryName":"France","Type of Animal":"Poultry"},"geometry":{"type":"Point","coordinates":[-0.6278,43.6148]}},{"type":"Feature","properties":{"CountryName":"France","Type of Animal":"Poultry"},"geometry":{"type":"Point","coordinates":[-0.6209,43.7618]}},{"type":"Feature","properties":{"CountryName":"France","Type of Animal":"Poultry"},"geometry":{"type":"Point","coordinates":[-0.4547,43.6399]}},{"type":"Feature","properties":{"CountryName":"France","Type of Animal":"Poultry"},"geometry":{"type":"Point","coordinates":[-0.2934,43.7716]}},{"type":"Feature","properties":{"CountryName":"France","Type of Animal":"Poultry"},"geometry":{"type":"Point","coordinates":[-0.6186,43.8199]}},{"type":"Feature","properties":{"CountryName":"France","Type of Animal":"Poultry"},"geometry":{"type":"Point","coordinates":[-0.4947,43.7372]}},{"type":"Feature","properties":{"CountryName":"France","Type of Animal":"Poultry"},"geometry":{"type":"Point","coordinates":[0.9707,47.9417]}},{"type":"Feature","properties":{"CountryName":"France","Type of Animal":"Poultry"},"geometry":{"type":"Point","coordinates":[1.0541,47.9763]}},{"type":"Feature","properties":{"CountryName":"France","Type of Animal":"Poultry"},"geometry":{"type":"Point","coordinates":[0.9498,47.8238]}},{"type":"Feature","properties":{"CountryName":"France","Type of Animal":"Poultry"},"geometry":{"type":"Point","coordinates":[1.8915,47.2942]}},{"type":"Feature","properties":{"CountryName":"France","Type of Animal":"Poultry"},"geometry":{"type":"Point","coordinates":[1.7593,47.2787]}},{"type":"Feature","properties":{"CountryName":"France","Type of Animal":"Poultry"},"geometry":{"type":"Point","coordinates":[0.9794,47.9707]}},{"type":"Feature","properties":{"CountryName":"France","Type of Animal":"Poultry"},"geometry":{"type":"Point","coordinates":[0.8583,47.8453]}},{"type":"Feature","properties":{"CountryName":"France","Type of Animal":"Poultry"},"geometry":{"type":"Point","coordinates":[0.8082,47.8626]}},{"type":"Feature","properties":{"CountryName":"France","Type of Animal":"Poultry"},"geometry":{"type":"Point","coordinates":[0.9873,47.7687]}},{"type":"Feature","properties":{"CountryName":"France","Type of Animal":"Poultry"},"geometry":{"type":"Point","coordinates":[1.4444,47.9628]}},{"type":"Feature","properties":{"CountryName":"France","Type of Animal":"Poultry"},"geometry":{"type":"Point","coordinates":[1.0384,47.7547]}},{"type":"Feature","properties":{"CountryName":"France","Type of Animal":"Poultry"},"geometry":{"type":"Point","coordinates":[0.8049,47.7955]}},{"type":"Feature","properties":{"CountryName":"France","Type of Animal":"Poultry"},"geometry":{"type":"Point","coordinates":[4.127,45.7425]}},{"type":"Feature","properties":{"CountryName":"France","Type of Animal":"Poultry"},"geometry":{"type":"Point","coordinates":[4.0494,45.0369]}},{"type":"Feature","properties":{"CountryName":"France","Type of Animal":"Poultry"},"geometry":{"type":"Point","coordinates":[4.0607,45.0094]}},{"type":"Feature","properties":{"CountryName":"France","Type of Animal":"Poultry"},"geometry":{"type":"Point","coordinates":[-1.9225,47.6538]}},{"type":"Feature","properties":{"CountryName":"France","Type of Animal":"Poultry"},"geometry":{"type":"Point","coordinates":[-1.9517,47.6241]}},{"type":"Feature","properties":{"CountryName":"France","Type of Animal":"Poultry"},"geometry":{"type":"Point","coordinates":[-2.0817,47.3713]}},{"type":"Feature","properties":{"CountryName":"France","Type of Animal":"Poultry"},"geometry":{"type":"Point","coordinates":[-1.23,47.5057]}},{"type":"Feature","properties":{"CountryName":"France","Type of Animal":"Poultry"},"geometry":{"type":"Point","coordinates":[-1.1762,47.6256]}},{"type":"Feature","properties":{"CountryName":"France","Type of Animal":"Poultry"},"geometry":{"type":"Point","coordinates":[-1.5921,47.0792]}},{"type":"Feature","properties":{"CountryName":"France","Type of Animal":"Poultry"},"geometry":{"type":"Point","coordinates":[-1.6101,47.0764]}},{"type":"Feature","properties":{"CountryName":"France","Type of Animal":"Poultry"},"geometry":{"type":"Point","coordinates":[-1.8356,47.019]}},{"type":"Feature","properties":{"CountryName":"France","Type of Animal":"Poultry"},"geometry":{"type":"Point","coordinates":[-1.7392,47.5421]}},{"type":"Feature","properties":{"CountryName":"France","Type of Animal":"Poultry"},"geometry":{"type":"Point","coordinates":[-1.819,47.6448]}},{"type":"Feature","properties":{"CountryName":"France","Type of Animal":"Poultry"},"geometry":{"type":"Point","coordinates":[-1.853,47.6392]}},{"type":"Feature","properties":{"CountryName":"France","Type of Animal":"Poultry"},"geometry":{"type":"Point","coordinates":[-1.5697,47.6221]}},{"type":"Feature","properties":{"CountryName":"France","Type of Animal":"Poultry"},"geometry":{"type":"Point","coordinates":[-1.4416,47.5157]}},{"type":"Feature","properties":{"CountryName":"France","Type of Animal":"Poultry"},"geometry":{"type":"Point","coordinates":[-1.5982,46.9285]}},{"type":"Feature","properties":{"CountryName":"France","Type of Animal":"Poultry"},"geometry":{"type":"Point","coordinates":[-1.5653,46.9002]}},{"type":"Feature","properties":{"CountryName":"France","Type of Animal":"Poultry"},"geometry":{"type":"Point","coordinates":[-1.5994,47.6574]}},{"type":"Feature","properties":{"CountryName":"France","Type of Animal":"Poultry"},"geometry":{"type":"Point","coordinates":[-1.3953,47.5595]}},{"type":"Feature","properties":{"CountryName":"France","Type of Animal":"Poultry"},"geometry":{"type":"Point","coordinates":[-2.2227,47.4646]}},{"type":"Feature","properties":{"CountryName":"France","Type of Animal":"Poultry"},"geometry":{"type":"Point","coordinates":[-1.4532,47.0535]}},{"type":"Feature","properties":{"CountryName":"France","Type of Animal":"Poultry"},"geometry":{"type":"Point","coordinates":[-1.319,47.4449]}},{"type":"Feature","properties":{"CountryName":"France","Type of Animal":"Poultry"},"geometry":{"type":"Point","coordinates":[-1.1873,47.4968]}},{"type":"Feature","properties":{"CountryName":"France","Type of Animal":"Poultry"},"geometry":{"type":"Point","coordinates":[-1.2954,47.6238]}},{"type":"Feature","properties":{"CountryName":"France","Type of Animal":"Poultry"},"geometry":{"type":"Point","coordinates":[-1.9199,47.5481]}},{"type":"Feature","properties":{"CountryName":"France","Type of Animal":"Poultry"},"geometry":{"type":"Point","coordinates":[-2.1038,47.4429]}},{"type":"Feature","properties":{"CountryName":"France","Type of Animal":"Poultry"},"geometry":{"type":"Point","coordinates":[-2.0165,47.4663]}},{"type":"Feature","properties":{"CountryName":"France","Type of Animal":"Poultry"},"geometry":{"type":"Point","coordinates":[-1.574,47.031]}},{"type":"Feature","properties":{"CountryName":"France","Type of Animal":"Poultry"},"geometry":{"type":"Point","coordinates":[-1.6094,46.9685]}},{"type":"Feature","properties":{"CountryName":"France","Type of Animal":"Poultry"},"geometry":{"type":"Point","coordinates":[-1.6082,46.9694]}},{"type":"Feature","properties":{"CountryName":"France","Type of Animal":"Poultry"},"geometry":{"type":"Point","coordinates":[-1.8857,47.103]}},{"type":"Feature","properties":{"CountryName":"France","Type of Animal":"Poultry"},"geometry":{"type":"Point","coordinates":[-1.8339,47.0847]}},{"type":"Feature","properties":{"CountryName":"France","Type of Animal":"Poultry"},"geometry":{"type":"Point","coordinates":[-2.1676,47.4626]}},{"type":"Feature","properties":{"CountryName":"France","Type of Animal":"Poultry"},"geometry":{"type":"Point","coordinates":[-1.229,47.5695]}},{"type":"Feature","properties":{"CountryName":"France","Type of Animal":"Poultry"},"geometry":{"type":"Point","coordinates":[-1.6606,46.9202]}},{"type":"Feature","properties":{"CountryName":"France","Type of Animal":"Poultry"},"geometry":{"type":"Point","coordinates":[-1.6602,46.9178]}},{"type":"Feature","properties":{"CountryName":"France","Type of Animal":"Poultry"},"geometry":{"type":"Point","coordinates":[-1.6506,46.8825]}},{"type":"Feature","properties":{"CountryName":"France","Type of Animal":"Poultry"},"geometry":{"type":"Point","coordinates":[-1.4033,46.948]}},{"type":"Feature","properties":{"CountryName":"France","Type of Animal":"Poultry"},"geometry":{"type":"Point","coordinates":[-1.2706,47.5167]}},{"type":"Feature","properties":{"CountryName":"France","Type of Animal":"Poultry"},"geometry":{"type":"Point","coordinates":[-1.7775,46.995]}},{"type":"Feature","properties":{"CountryName":"France","Type of Animal":"Poultry"},"geometry":{"type":"Point","coordinates":[-1.7001,47.4009]}},{"type":"Feature","properties":{"CountryName":"France","Type of Animal":"Poultry"},"geometry":{"type":"Point","coordinates":[-1.3724,47.0421]}},{"type":"Feature","properties":{"CountryName":"France","Type of Animal":"Poultry"},"geometry":{"type":"Point","coordinates":[-1.7979,47.0287]}},{"type":"Feature","properties":{"CountryName":"France","Type of Animal":"Poultry"},"geometry":{"type":"Point","coordinates":[-1.7122,47.6156]}},{"type":"Feature","properties":{"CountryName":"France","Type of Animal":"Poultry"},"geometry":{"type":"Point","coordinates":[-1.8471,47.0274]}},{"type":"Feature","properties":{"CountryName":"France","Type of Animal":"Poultry"},"geometry":{"type":"Point","coordinates":[-1.7128,46.924]}},{"type":"Feature","properties":{"CountryName":"France","Type of Animal":"Poultry"},"geometry":{"type":"Point","coordinates":[-1.676,47.0315]}},{"type":"Feature","properties":{"CountryName":"France","Type of Animal":"Poultry"},"geometry":{"type":"Point","coordinates":[2.433,47.929]}},{"type":"Feature","properties":{"CountryName":"France","Type of Animal":"Poultry"},"geometry":{"type":"Point","coordinates":[2.7379,47.542]}},{"type":"Feature","properties":{"CountryName":"France","Type of Animal":"Poultry"},"geometry":{"type":"Point","coordinates":[2.6883,48.0531]}},{"type":"Feature","properties":{"CountryName":"France","Type of Animal":"Poultry"},"geometry":{"type":"Point","coordinates":[2.5897,47.8927]}},{"type":"Feature","properties":{"CountryName":"France","Type of Animal":"Poultry"},"geometry":{"type":"Point","coordinates":[3.0957,48.0414]}},{"type":"Feature","properties":{"CountryName":"France","Type of Animal":"Poultry"},"geometry":{"type":"Point","coordinates":[2.0647,48.1139]}},{"type":"Feature","properties":{"CountryName":"France","Type of Animal":"Poultry"},"geometry":{"type":"Point","coordinates":[2.2622,48.1696]}},{"type":"Feature","properties":{"CountryName":"France","Type of Animal":"Poultry"},"geometry":{"type":"Point","coordinates":[2.9013,47.7835]}},{"type":"Feature","properties":{"CountryName":"France","Type of Animal":"Poultry"},"geometry":{"type":"Point","coordinates":[2.9087,47.784]}},{"type":"Feature","properties":{"CountryName":"France","Type of Animal":"Poultry"},"geometry":{"type":"Point","coordinates":[2.4376,48.1003]}},{"type":"Feature","properties":{"CountryName":"France","Type of Animal":"Poultry"},"geometry":{"type":"Point","coordinates":[2.445,48.0239]}},{"type":"Feature","properties":{"CountryName":"France","Type of Animal":"Poultry"},"geometry":{"type":"Point","coordinates":[2.5341,48.057]}},{"type":"Feature","properties":{"CountryName":"France","Type of Animal":"Poultry"},"geometry":{"type":"Point","coordinates":[2.5107,47.8856]}},{"type":"Feature","properties":{"CountryName":"France","Type of Animal":"Poultry"},"geometry":{"type":"Point","coordinates":[2.5274,47.876]}},{"type":"Feature","properties":{"CountryName":"France","Type of Animal":"Poultry"},"geometry":{"type":"Point","coordinates":[2.2431,47.7815]}},{"type":"Feature","properties":{"CountryName":"France","Type of Animal":"Poultry"},"geometry":{"type":"Point","coordinates":[2.6836,48.1076]}},{"type":"Feature","properties":{"CountryName":"France","Type of Animal":"Poultry"},"geometry":{"type":"Point","coordinates":[2.5564,47.9646]}},{"type":"Feature","properties":{"CountryName":"France","Type of Animal":"Poultry"},"geometry":{"type":"Point","coordinates":[3.0064,48.0222]}},{"type":"Feature","properties":{"CountryName":"France","Type of Animal":"Poultry"},"geometry":{"type":"Point","coordinates":[1.9676,48.0659]}},{"type":"Feature","properties":{"CountryName":"France","Type of Animal":"Poultry"},"geometry":{"type":"Point","coordinates":[2.1801,47.8366]}},{"type":"Feature","properties":{"CountryName":"France","Type of Animal":"Poultry"},"geometry":{"type":"Point","coordinates":[1.7971,48.0666]}},{"type":"Feature","properties":{"CountryName":"France","Type of Animal":"Poultry"},"geometry":{"type":"Point","coordinates":[1.762,48.0571]}},{"type":"Feature","properties":{"CountryName":"France","Type of Animal":"Poultry"},"geometry":{"type":"Point","coordinates":[2.6626,48.0938]}},{"type":"Feature","properties":{"CountryName":"France","Type of Animal":"Poultry"},"geometry":{"type":"Point","coordinates":[2.4619,47.8795]}},{"type":"Feature","properties":{"CountryName":"France","Type of Animal":"Poultry"},"geometry":{"type":"Point","coordinates":[2.6149,48.0308]}},{"type":"Feature","properties":{"CountryName":"France","Type of Animal":"Poultry"},"geometry":{"type":"Point","coordinates":[3.0257,48.0265]}},{"type":"Feature","properties":{"CountryName":"France","Type of Animal":"Poultry"},"geometry":{"type":"Point","coordinates":[2.6732,47.7085]}},{"type":"Feature","properties":{"CountryName":"France","Type of Animal":"Poultry"},"geometry":{"type":"Point","coordinates":[2.5285,47.9132]}},{"type":"Feature","properties":{"CountryName":"France","Type of Animal":"Poultry"},"geometry":{"type":"Point","coordinates":[1.4058,44.7284]}},{"type":"Feature","properties":{"CountryName":"France","Type of Animal":"Poultry"},"geometry":{"type":"Point","coordinates":[1.4648,44.7461]}},{"type":"Feature","properties":{"CountryName":"France","Type of Animal":"Poultry"},"geometry":{"type":"Point","coordinates":[0.2983,44.7573]}},{"type":"Feature","properties":{"CountryName":"France","Type of Animal":"Poultry"},"geometry":{"type":"Point","coordinates":[-0.9684,47.2077]}},{"type":"Feature","properties":{"CountryName":"France","Type of Animal":"Poultry"},"geometry":{"type":"Point","coordinates":[-0.9485,47.3272]}},{"type":"Feature","properties":{"CountryName":"France","Type of Animal":"Poultry"},"geometry":{"type":"Point","coordinates":[-1.08,47.2979]}},{"type":"Feature","properties":{"CountryName":"France","Type of Animal":"Poultry"},"geometry":{"type":"Point","coordinates":[-0.85,47.3044]}},{"type":"Feature","properties":{"CountryName":"France","Type of Animal":"Poultry"},"geometry":{"type":"Point","coordinates":[-0.99455,47.12195]}},{"type":"Feature","properties":{"CountryName":"France","Type of Animal":"Poultry"},"geometry":{"type":"Point","coordinates":[-0.47,47.1156]}},{"type":"Feature","properties":{"CountryName":"France","Type of Animal":"Poultry"},"geometry":{"type":"Point","coordinates":[-1.0899,47.7532]}},{"type":"Feature","properties":{"CountryName":"France","Type of Animal":"Poultry"},"geometry":{"type":"Point","coordinates":[-1.119,47.7512]}},{"type":"Feature","properties":{"CountryName":"France","Type of Animal":"Poultry"},"geometry":{"type":"Point","coordinates":[-0.912,47.6376]}},{"type":"Feature","properties":{"CountryName":"France","Type of Animal":"Poultry"},"geometry":{"type":"Point","coordinates":[-0.4332,47.0994]}},{"type":"Feature","properties":{"CountryName":"France","Type of Animal":"Poultry"},"geometry":{"type":"Point","coordinates":[-0.5038,47.2162]}},{"type":"Feature","properties":{"CountryName":"France","Type of Animal":"Poultry"},"geometry":{"type":"Point","coordinates":[-0.4944,47.2396]}},{"type":"Feature","properties":{"CountryName":"France","Type of Animal":"Poultry"},"geometry":{"type":"Point","coordinates":[-0.8336,47.2077]}},{"type":"Feature","properties":{"CountryName":"France","Type of Animal":"Poultry"},"geometry":{"type":"Point","coordinates":[-0.8129,47.2472]}},{"type":"Feature","properties":{"CountryName":"France","Type of Animal":"Poultry"},"geometry":{"type":"Point","coordinates":[-0.6966,47.2783]}},{"type":"Feature","properties":{"CountryName":"France","Type of Animal":"Poultry"},"geometry":{"type":"Point","coordinates":[-1.23,47.2722]}},{"type":"Feature","properties":{"CountryName":"France","Type of Animal":"Poultry"},"geometry":{"type":"Point","coordinates":[-1.04,47.0432]}},{"type":"Feature","properties":{"CountryName":"France","Type of Animal":"Poultry"},"geometry":{"type":"Point","coordinates":[-0.8387,47.541]}},{"type":"Feature","properties":{"CountryName":"France","Type of Animal":"Poultry"},"geometry":{"type":"Point","coordinates":[-0.7668,47.6961]}},{"type":"Feature","properties":{"CountryName":"France","Type of Animal":"Poultry"},"geometry":{"type":"Point","coordinates":[0.1218,47.4973]}},{"type":"Feature","properties":{"CountryName":"France","Type of Animal":"Poultry"},"geometry":{"type":"Point","coordinates":[-0.81,47.2533]}},{"type":"Feature","properties":{"CountryName":"France","Type of Animal":"Poultry"},"geometry":{"type":"Point","coordinates":[-0.344,47.1155]}},{"type":"Feature","properties":{"CountryName":"France","Type of Animal":"Poultry"},"geometry":{"type":"Point","coordinates":[-0.9,47.2607]}},{"type":"Feature","properties":{"CountryName":"France","Type of Animal":"Poultry"},"geometry":{"type":"Point","coordinates":[-0.9127,47.2464]}},{"type":"Feature","properties":{"CountryName":"France","Type of Animal":"Poultry"},"geometry":{"type":"Point","coordinates":[-0.88,47.2458]}},{"type":"Feature","properties":{"CountryName":"France","Type of Animal":"Poultry"},"geometry":{"type":"Point","coordinates":[-0.88,47.2513]}},{"type":"Feature","properties":{"CountryName":"France","Type of Animal":"Poultry"},"geometry":{"type":"Point","coordinates":[-0.8458,47.2399]}},{"type":"Feature","properties":{"CountryName":"France","Type of Animal":"Poultry"},"geometry":{"type":"Point","coordinates":[-1.14,47.2409]}},{"type":"Feature","properties":{"CountryName":"France","Type of Animal":"Poultry"},"geometry":{"type":"Point","coordinates":[-1.0797,47.115]}},{"type":"Feature","properties":{"CountryName":"France","Type of Animal":"Poultry"},"geometry":{"type":"Point","coordinates":[-1.0745,47.0893]}},{"type":"Feature","properties":{"CountryName":"France","Type of Animal":"Poultry"},"geometry":{"type":"Point","coordinates":[-1.0416,47.0904]}},{"type":"Feature","properties":{"CountryName":"France","Type of Animal":"Poultry"},"geometry":{"type":"Point","coordinates":[-0.9813,47.1092]}},{"type":"Feature","properties":{"CountryName":"France","Type of Animal":"Poultry"},"geometry":{"type":"Point","coordinates":[-0.8476,47.2942]}},{"type":"Feature","properties":{"CountryName":"France","Type of Animal":"Poultry"},"geometry":{"type":"Point","coordinates":[-0.8865,47.6536]}},{"type":"Feature","properties":{"CountryName":"France","Type of Animal":"Poultry"},"geometry":{"type":"Point","coordinates":[-0.7734,47.4006]}},{"type":"Feature","properties":{"CountryName":"France","Type of Animal":"Poultry"},"geometry":{"type":"Point","coordinates":[-0.99,47.142]}},{"type":"Feature","properties":{"CountryName":"France","Type of Animal":"Poultry"},"geometry":{"type":"Point","coordinates":[-0.9801,47.1417]}},{"type":"Feature","properties":{"CountryName":"France","Type of Animal":"Poultry"},"geometry":{"type":"Point","coordinates":[-0.99,47.1347]}},{"type":"Feature","properties":{"CountryName":"France","Type of Animal":"Poultry"},"geometry":{"type":"Point","coordinates":[-1.2472,47.3053]}},{"type":"Feature","properties":{"CountryName":"France","Type of Animal":"Poultry"},"geometry":{"type":"Point","coordinates":[-0.4853,47.5372]}},{"type":"Feature","properties":{"CountryName":"France","Type of Animal":"Poultry"},"geometry":{"type":"Point","coordinates":[-0.5956,47.7418]}},{"type":"Feature","properties":{"CountryName":"France","Type of Animal":"Poultry"},"geometry":{"type":"Point","coordinates":[-0.5863,47.0554]}},{"type":"Feature","properties":{"CountryName":"France","Type of Animal":"Poultry"},"geometry":{"type":"Point","coordinates":[-0.5848,47.0147]}},{"type":"Feature","properties":{"CountryName":"France","Type of Animal":"Poultry"},"geometry":{"type":"Point","coordinates":[-0.3853,47.6393]}},{"type":"Feature","properties":{"CountryName":"France","Type of Animal":"Poultry"},"geometry":{"type":"Point","coordinates":[-1.1092,47.0516]}},{"type":"Feature","properties":{"CountryName":"France","Type of Animal":"Poultry"},"geometry":{"type":"Point","coordinates":[-0.8276,47.1509]}},{"type":"Feature","properties":{"CountryName":"France","Type of Animal":"Poultry"},"geometry":{"type":"Point","coordinates":[-0.5317,47.1563]}},{"type":"Feature","properties":{"CountryName":"France","Type of Animal":"Poultry"},"geometry":{"type":"Point","coordinates":[-0.739,47.2503]}},{"type":"Feature","properties":{"CountryName":"France","Type of Animal":"Poultry"},"geometry":{"type":"Point","coordinates":[-1.0431,47.0999]}},{"type":"Feature","properties":{"CountryName":"France","Type of Animal":"Poultry"},"geometry":{"type":"Point","coordinates":[-0.5585,47.0743]}},{"type":"Feature","properties":{"CountryName":"France","Type of Animal":"Poultry"},"geometry":{"type":"Point","coordinates":[-0.8,47.1411]}},{"type":"Feature","properties":{"CountryName":"France","Type of Animal":"Poultry"},"geometry":{"type":"Point","coordinates":[-0.9425,47.3087]}},{"type":"Feature","properties":{"CountryName":"France","Type of Animal":"Poultry"},"geometry":{"type":"Point","coordinates":[-0.9237,47.0931]}},{"type":"Feature","properties":{"CountryName":"France","Type of Animal":"Poultry"},"geometry":{"type":"Point","coordinates":[-1.0276,49.0952]}},{"type":"Feature","properties":{"CountryName":"France","Type of Animal":"Poultry"},"geometry":{"type":"Point","coordinates":[-1.3271,49.3721]}},{"type":"Feature","properties":{"CountryName":"France","Type of Animal":"Poultry"},"geometry":{"type":"Point","coordinates":[-1.449,48.8955]}},{"type":"Feature","properties":{"CountryName":"France","Type of Animal":"Poultry"},"geometry":{"type":"Point","coordinates":[-1.4208,48.9301]}},{"type":"Feature","properties":{"CountryName":"France","Type of Animal":"Poultry"},"geometry":{"type":"Point","coordinates":[-1.1539,48.6624]}},{"type":"Feature","properties":{"CountryName":"France","Type of Animal":"Poultry"},"geometry":{"type":"Point","coordinates":[-1.2437,48.6425]}},{"type":"Feature","properties":{"CountryName":"France","Type of Animal":"Poultry"},"geometry":{"type":"Point","coordinates":[-0.9986,49.0328]}},{"type":"Feature","properties":{"CountryName":"France","Type of Animal":"Poultry"},"geometry":{"type":"Point","coordinates":[-1.0321,48.9717]}},{"type":"Feature","properties":{"CountryName":"France","Type of Animal":"Poultry"},"geometry":{"type":"Point","coordinates":[-1.1642,48.5941]}},{"type":"Feature","properties":{"CountryName":"France","Type of Animal":"Poultry"},"geometry":{"type":"Point","coordinates":[-1.4036,48.7278]}},{"type":"Feature","properties":{"CountryName":"France","Type of Animal":"Poultry"},"geometry":{"type":"Point","coordinates":[-1.3626,48.7963]}},{"type":"Feature","properties":{"CountryName":"France","Type of Animal":"Poultry"},"geometry":{"type":"Point","coordinates":[-1.4276,48.5754]}},{"type":"Feature","properties":{"CountryName":"France","Type of Animal":"Poultry"},"geometry":{"type":"Point","coordinates":[-1.0844,49.0648]}},{"type":"Feature","properties":{"CountryName":"France","Type of Animal":"Poultry"},"geometry":{"type":"Point","coordinates":[-1.2057,48.9588]}},{"type":"Feature","properties":{"CountryName":"France","Type of Animal":"Poultry"},"geometry":{"type":"Point","coordinates":[-1.0748,48.6161]}},{"type":"Feature","properties":{"CountryName":"France","Type of Animal":"Poultry"},"geometry":{"type":"Point","coordinates":[-1.2896,48.5229]}},{"type":"Feature","properties":{"CountryName":"France","Type of Animal":"Poultry"},"geometry":{"type":"Point","coordinates":[-1.2565,49.1414]}},{"type":"Feature","properties":{"CountryName":"France","Type of Animal":"Poultry"},"geometry":{"type":"Point","coordinates":[-1.4259,49.203]}},{"type":"Feature","properties":{"CountryName":"France","Type of Animal":"Poultry"},"geometry":{"type":"Point","coordinates":[-0.8914,49.0362]}},{"type":"Feature","properties":{"CountryName":"France","Type of Animal":"Poultry"},"geometry":{"type":"Point","coordinates":[-1.1065,48.6556]}},{"type":"Feature","properties":{"CountryName":"France","Type of Animal":"Poultry"},"geometry":{"type":"Point","coordinates":[-1.0969,48.656]}},{"type":"Feature","properties":{"CountryName":"France","Type of Animal":"Poultry"},"geometry":{"type":"Point","coordinates":[-0.8046,48.5585]}},{"type":"Feature","properties":{"CountryName":"France","Type of Animal":"Poultry"},"geometry":{"type":"Point","coordinates":[-0.9975,49.1338]}},{"type":"Feature","properties":{"CountryName":"France","Type of Animal":"Poultry"},"geometry":{"type":"Point","coordinates":[-0.7537,48.6134]}},{"type":"Feature","properties":{"CountryName":"France","Type of Animal":"Poultry"},"geometry":{"type":"Point","coordinates":[-0.9654,49.0985]}},{"type":"Feature","properties":{"CountryName":"France","Type of Animal":"Poultry"},"geometry":{"type":"Point","coordinates":[-1.1789,48.5429]}},{"type":"Feature","properties":{"CountryName":"France","Type of Animal":"Poultry"},"geometry":{"type":"Point","coordinates":[-1.4337,48.8406]}},{"type":"Feature","properties":{"CountryName":"France","Type of Animal":"Poultry"},"geometry":{"type":"Point","coordinates":[-1.3263,48.5765]}},{"type":"Feature","properties":{"CountryName":"France","Type of Animal":"Poultry"},"geometry":{"type":"Point","coordinates":[-1.0271,48.9052]}},{"type":"Feature","properties":{"CountryName":"France","Type of Animal":"Poultry"},"geometry":{"type":"Point","coordinates":[-1.4187,48.6025]}},{"type":"Feature","properties":{"CountryName":"France","Type of Animal":"Poultry"},"geometry":{"type":"Point","coordinates":[-0.929,48.5414]}},{"type":"Feature","properties":{"CountryName":"France","Type of Animal":"Poultry"},"geometry":{"type":"Point","coordinates":[-1.4138,48.5458]}},{"type":"Feature","properties":{"CountryName":"France","Type of Animal":"Poultry"},"geometry":{"type":"Point","coordinates":[-1.156,49.1057]}},{"type":"Feature","properties":{"CountryName":"France","Type of Animal":"Poultry"},"geometry":{"type":"Point","coordinates":[-0.8986,48.5816]}},{"type":"Feature","properties":{"CountryName":"France","Type of Animal":"Poultry"},"geometry":{"type":"Point","coordinates":[4.7049,49.019]}},{"type":"Feature","properties":{"CountryName":"France","Type of Animal":"Poultry"},"geometry":{"type":"Point","coordinates":[4.5976,48.5888]}},{"type":"Feature","properties":{"CountryName":"France","Type of Animal":"Poultry"},"geometry":{"type":"Point","coordinates":[4.7717,48.902]}},{"type":"Feature","properties":{"CountryName":"France","Type of Animal":"Poultry"},"geometry":{"type":"Point","coordinates":[4.5168,48.6545]}},{"type":"Feature","properties":{"CountryName":"France","Type of Animal":"Poultry"},"geometry":{"type":"Point","coordinates":[4.7699,48.9978]}},{"type":"Feature","properties":{"CountryName":"France","Type of Animal":"Poultry"},"geometry":{"type":"Point","coordinates":[4.2907,48.9235]}},{"type":"Feature","properties":{"CountryName":"France","Type of Animal":"Poultry"},"geometry":{"type":"Point","coordinates":[4.7505,49.112]}},{"type":"Feature","properties":{"CountryName":"France","Type of Animal":"Poultry"},"geometry":{"type":"Point","coordinates":[4.6888,49.1365]}},{"type":"Feature","properties":{"CountryName":"France","Type of Animal":"Poultry"},"geometry":{"type":"Point","coordinates":[4.4885,48.6355]}},{"type":"Feature","properties":{"CountryName":"France","Type of Animal":"Poultry"},"geometry":{"type":"Point","coordinates":[4.7892,48.8723]}},{"type":"Feature","properties":{"CountryName":"France","Type of Animal":"Poultry"},"geometry":{"type":"Point","coordinates":[4.5698,49.057]}},{"type":"Feature","properties":{"CountryName":"France","Type of Animal":"Poultry"},"geometry":{"type":"Point","coordinates":[4.601,49.0555]}},{"type":"Feature","properties":{"CountryName":"France","Type of Animal":"Poultry"},"geometry":{"type":"Point","coordinates":[4.6026,49.0559]}},{"type":"Feature","properties":{"CountryName":"France","Type of Animal":"Poultry"},"geometry":{"type":"Point","coordinates":[4.4688,49.2373]}},{"type":"Feature","properties":{"CountryName":"France","Type of Animal":"Poultry"},"geometry":{"type":"Point","coordinates":[4.4974,48.7952]}},{"type":"Feature","properties":{"CountryName":"France","Type of Animal":"Poultry"},"geometry":{"type":"Point","coordinates":[4.7164,48.7939]}},{"type":"Feature","properties":{"CountryName":"France","Type of Animal":"Poultry"},"geometry":{"type":"Point","coordinates":[4.1161,49.298]}},{"type":"Feature","properties":{"CountryName":"France","Type of Animal":"Poultry"},"geometry":{"type":"Point","coordinates":[-0.6464,48.0283]}},{"type":"Feature","properties":{"CountryName":"France","Type of Animal":"Poultry"},"geometry":{"type":"Point","coordinates":[-0.7452,47.9023]}},{"type":"Feature","properties":{"CountryName":"France","Type of Animal":"Poultry"},"geometry":{"type":"Point","coordinates":[-0.7649,48.2407]}},{"type":"Feature","properties":{"CountryName":"France","Type of Animal":"Poultry"},"geometry":{"type":"Point","coordinates":[-0.2684,48.3457]}},{"type":"Feature","properties":{"CountryName":"France","Type of Animal":"Poultry"},"geometry":{"type":"Point","coordinates":[-0.2536,48.274]}},{"type":"Feature","properties":{"CountryName":"France","Type of Animal":"Poultry"},"geometry":{"type":"Point","coordinates":[6.5528,48.6933]}},{"type":"Feature","properties":{"CountryName":"France","Type of Animal":"Poultry"},"geometry":{"type":"Point","coordinates":[-2.1712,47.6461]}},{"type":"Feature","properties":{"CountryName":"France","Type of Animal":"Poultry"},"geometry":{"type":"Point","coordinates":[-2.1707,47.6282]}},{"type":"Feature","properties":{"CountryName":"France","Type of Animal":"Poultry"},"geometry":{"type":"Point","coordinates":[-2.195,47.6279]}},{"type":"Feature","properties":{"CountryName":"France","Type of Animal":"Poultry"},"geometry":{"type":"Point","coordinates":[-2.54,47.5752]}},{"type":"Feature","properties":{"CountryName":"France","Type of Animal":"Poultry"},"geometry":{"type":"Point","coordinates":[-2.9793,47.882]}},{"type":"Feature","properties":{"CountryName":"France","Type of Animal":"Poultry"},"geometry":{"type":"Point","coordinates":[-3.0365,47.8921]}},{"type":"Feature","properties":{"CountryName":"France","Type of Animal":"Poultry"},"geometry":{"type":"Point","coordinates":[-3.3921,47.9614]}},{"type":"Feature","properties":{"CountryName":"France","Type of Animal":"Poultry"},"geometry":{"type":"Point","coordinates":[-2.52,47.6425]}},{"type":"Feature","properties":{"CountryName":"France","Type of Animal":"Poultry"},"geometry":{"type":"Point","coordinates":[-3.0326,47.9986]}},{"type":"Feature","properties":{"CountryName":"France","Type of Animal":"Poultry"},"geometry":{"type":"Point","coordinates":[-2.7622,47.8876]}},{"type":"Feature","properties":{"CountryName":"France","Type of Animal":"Poultry"},"geometry":{"type":"Point","coordinates":[-2.7565,47.8781]}},{"type":"Feature","properties":{"CountryName":"France","Type of Animal":"Poultry"},"geometry":{"type":"Point","coordinates":[-2.75,47.8908]}},{"type":"Feature","properties":{"CountryName":"France","Type of Animal":"Poultry"},"geometry":{"type":"Point","coordinates":[-2.6529,47.875]}},{"type":"Feature","properties":{"CountryName":"France","Type of Animal":"Poultry"},"geometry":{"type":"Point","coordinates":[-2.711,48.0657]}},{"type":"Feature","properties":{"CountryName":"France","Type of Animal":"Poultry"},"geometry":{"type":"Point","coordinates":[-3.17,47.9685]}},{"type":"Feature","properties":{"CountryName":"France","Type of Animal":"Poultry"},"geometry":{"type":"Point","coordinates":[-3.203,47.9886]}},{"type":"Feature","properties":{"CountryName":"France","Type of Animal":"Poultry"},"geometry":{"type":"Point","coordinates":[-3.17,47.9908]}},{"type":"Feature","properties":{"CountryName":"France","Type of Animal":"Poultry"},"geometry":{"type":"Point","coordinates":[-2.6763,47.9209]}},{"type":"Feature","properties":{"CountryName":"France","Type of Animal":"Poultry"},"geometry":{"type":"Point","coordinates":[-2.67,47.917]}},{"type":"Feature","properties":{"CountryName":"France","Type of Animal":"Poultry"},"geometry":{"type":"Point","coordinates":[-2.6805,47.9075]}},{"type":"Feature","properties":{"CountryName":"France","Type of Animal":"Poultry"},"geometry":{"type":"Point","coordinates":[-2.3037,47.6471]}},{"type":"Feature","properties":{"CountryName":"France","Type of Animal":"Poultry"},"geometry":{"type":"Point","coordinates":[-2.2649,47.6379]}},{"type":"Feature","properties":{"CountryName":"France","Type of Animal":"Poultry"},"geometry":{"type":"Point","coordinates":[-2.2801,47.6488]}},{"type":"Feature","properties":{"CountryName":"France","Type of Animal":"Poultry"},"geometry":{"type":"Point","coordinates":[-2.3038,47.6298]}},{"type":"Feature","properties":{"CountryName":"France","Type of Animal":"Poultry"},"geometry":{"type":"Point","coordinates":[-2.3173,47.6223]}},{"type":"Feature","properties":{"CountryName":"France","Type of Animal":"Poultry"},"geometry":{"type":"Point","coordinates":[-2.2803,47.6577]}},{"type":"Feature","properties":{"CountryName":"France","Type of Animal":"Poultry"},"geometry":{"type":"Point","coordinates":[-2.2671,47.9453]}},{"type":"Feature","properties":{"CountryName":"France","Type of Animal":"Poultry"},"geometry":{"type":"Point","coordinates":[-2.173,47.7895]}},{"type":"Feature","properties":{"CountryName":"France","Type of Animal":"Poultry"},"geometry":{"type":"Point","coordinates":[-2.3032,47.8753]}},{"type":"Feature","properties":{"CountryName":"France","Type of Animal":"Poultry"},"geometry":{"type":"Point","coordinates":[-3.34,47.8258]}},{"type":"Feature","properties":{"CountryName":"France","Type of Animal":"Poultry"},"geometry":{"type":"Point","coordinates":[-2.9569,47.8447]}},{"type":"Feature","properties":{"CountryName":"France","Type of Animal":"Poultry"},"geometry":{"type":"Point","coordinates":[-3.3869,47.8652]}},{"type":"Feature","properties":{"CountryName":"France","Type of Animal":"Poultry"},"geometry":{"type":"Point","coordinates":[-3.3557,47.8829]}},{"type":"Feature","properties":{"CountryName":"France","Type of Animal":"Poultry"},"geometry":{"type":"Point","coordinates":[-3.0682,48.1543]}},{"type":"Feature","properties":{"CountryName":"France","Type of Animal":"Poultry"},"geometry":{"type":"Point","coordinates":[-3.0216,48.1322]}},{"type":"Feature","properties":{"CountryName":"France","Type of Animal":"Poultry"},"geometry":{"type":"Point","coordinates":[-3.1101,48.1449]}},{"type":"Feature","properties":{"CountryName":"France","Type of Animal":"Poultry"},"geometry":{"type":"Point","coordinates":[-3.06,48.1446]}},{"type":"Feature","properties":{"CountryName":"France","Type of Animal":"Poultry"},"geometry":{"type":"Point","coordinates":[-2.7844,48.0105]}},{"type":"Feature","properties":{"CountryName":"France","Type of Animal":"Poultry"},"geometry":{"type":"Point","coordinates":[-3.3395,48.0357]}},{"type":"Feature","properties":{"CountryName":"France","Type of Animal":"Poultry"},"geometry":{"type":"Point","coordinates":[-3.4108,48.0551]}},{"type":"Feature","properties":{"CountryName":"France","Type of Animal":"Poultry"},"geometry":{"type":"Point","coordinates":[-3.369,48.0538]}},{"type":"Feature","properties":{"CountryName":"France","Type of Animal":"Poultry"},"geometry":{"type":"Point","coordinates":[-3.396,48.0437]}},{"type":"Feature","properties":{"CountryName":"France","Type of Animal":"Poultry"},"geometry":{"type":"Point","coordinates":[-2.5333,47.9591]}},{"type":"Feature","properties":{"CountryName":"France","Type of Animal":"Poultry"},"geometry":{"type":"Point","coordinates":[-2.59,47.8806]}},{"type":"Feature","properties":{"CountryName":"France","Type of Animal":"Poultry"},"geometry":{"type":"Point","coordinates":[-2.5506,47.7071]}},{"type":"Feature","properties":{"CountryName":"France","Type of Animal":"Poultry"},"geometry":{"type":"Point","coordinates":[-2.5719,47.74]}},{"type":"Feature","properties":{"CountryName":"France","Type of Animal":"Poultry"},"geometry":{"type":"Point","coordinates":[-3.5,48.0763]}},{"type":"Feature","properties":{"CountryName":"France","Type of Animal":"Poultry"},"geometry":{"type":"Point","coordinates":[-2.6523,47.9961]}},{"type":"Feature","properties":{"CountryName":"France","Type of Animal":"Poultry"},"geometry":{"type":"Point","coordinates":[-3.6508,48.1197]}},{"type":"Feature","properties":{"CountryName":"France","Type of Animal":"Poultry"},"geometry":{"type":"Point","coordinates":[-3.6341,48.1361]}},{"type":"Feature","properties":{"CountryName":"France","Type of Animal":"Poultry"},"geometry":{"type":"Point","coordinates":[-3.6,48.135]}},{"type":"Feature","properties":{"CountryName":"France","Type of Animal":"Poultry"},"geometry":{"type":"Point","coordinates":[-3.5892,48.1192]}},{"type":"Feature","properties":{"CountryName":"France","Type of Animal":"Poultry"},"geometry":{"type":"Point","coordinates":[-3.6602,48.1392]}},{"type":"Feature","properties":{"CountryName":"France","Type of Animal":"Poultry"},"geometry":{"type":"Point","coordinates":[-2.8441,47.7674]}},{"type":"Feature","properties":{"CountryName":"France","Type of Animal":"Poultry"},"geometry":{"type":"Point","coordinates":[-2.805,47.7806]}},{"type":"Feature","properties":{"CountryName":"France","Type of Animal":"Poultry"},"geometry":{"type":"Point","coordinates":[-2.6199,47.9264]}},{"type":"Feature","properties":{"CountryName":"France","Type of Animal":"Poultry"},"geometry":{"type":"Point","coordinates":[-2.5722,47.9079]}},{"type":"Feature","properties":{"CountryName":"France","Type of Animal":"Poultry"},"geometry":{"type":"Point","coordinates":[-2.5876,47.9154]}},{"type":"Feature","properties":{"CountryName":"France","Type of Animal":"Poultry"},"geometry":{"type":"Point","coordinates":[-2.5138,47.8819]}},{"type":"Feature","properties":{"CountryName":"France","Type of Animal":"Poultry"},"geometry":{"type":"Point","coordinates":[-2.9796,47.9471]}},{"type":"Feature","properties":{"CountryName":"France","Type of Animal":"Poultry"},"geometry":{"type":"Point","coordinates":[-2.9274,47.9076]}},{"type":"Feature","properties":{"CountryName":"France","Type of Animal":"Poultry"},"geometry":{"type":"Point","coordinates":[-2.9828,47.9205]}},{"type":"Feature","properties":{"CountryName":"France","Type of Animal":"Poultry"},"geometry":{"type":"Point","coordinates":[-2.9557,47.8902]}},{"type":"Feature","properties":{"CountryName":"France","Type of Animal":"Poultry"},"geometry":{"type":"Point","coordinates":[-2.9831,47.9082]}},{"type":"Feature","properties":{"CountryName":"France","Type of Animal":"Poultry"},"geometry":{"type":"Point","coordinates":[-2.0991,47.9136]}},{"type":"Feature","properties":{"CountryName":"France","Type of Animal":"Poultry"},"geometry":{"type":"Point","coordinates":[-2.12,47.925]}},{"type":"Feature","properties":{"CountryName":"France","Type of Animal":"Poultry"},"geometry":{"type":"Point","coordinates":[-2.1147,47.8745]}},{"type":"Feature","properties":{"CountryName":"France","Type of Animal":"Poultry"},"geometry":{"type":"Point","coordinates":[-2.1305,47.9206]}},{"type":"Feature","properties":{"CountryName":"France","Type of Animal":"Poultry"},"geometry":{"type":"Point","coordinates":[-3.1,48.0212]}},{"type":"Feature","properties":{"CountryName":"France","Type of Animal":"Poultry"},"geometry":{"type":"Point","coordinates":[-3.1,48.0101]}},{"type":"Feature","properties":{"CountryName":"France","Type of Animal":"Poultry"},"geometry":{"type":"Point","coordinates":[-3.1019,48.0226]}},{"type":"Feature","properties":{"CountryName":"France","Type of Animal":"Poultry"},"geometry":{"type":"Point","coordinates":[-3.5003,47.8257]}},{"type":"Feature","properties":{"CountryName":"France","Type of Animal":"Poultry"},"geometry":{"type":"Point","coordinates":[-2.4664,47.8555]}},{"type":"Feature","properties":{"CountryName":"France","Type of Animal":"Poultry"},"geometry":{"type":"Point","coordinates":[-2.457,48.068]}},{"type":"Feature","properties":{"CountryName":"France","Type of Animal":"Poultry"},"geometry":{"type":"Point","coordinates":[-2.41,48.0647]}},{"type":"Feature","properties":{"CountryName":"France","Type of Animal":"Poultry"},"geometry":{"type":"Point","coordinates":[-3.62,47.9988]}},{"type":"Feature","properties":{"CountryName":"France","Type of Animal":"Poultry"},"geometry":{"type":"Point","coordinates":[-3.3126,47.976]}},{"type":"Feature","properties":{"CountryName":"France","Type of Animal":"Poultry"},"geometry":{"type":"Point","coordinates":[-3.265,47.9293]}},{"type":"Feature","properties":{"CountryName":"France","Type of Animal":"Poultry"},"geometry":{"type":"Point","coordinates":[-3.258,47.9311]}},{"type":"Feature","properties":{"CountryName":"France","Type of Animal":"Poultry"},"geometry":{"type":"Point","coordinates":[-3.2275,47.9488]}},{"type":"Feature","properties":{"CountryName":"France","Type of Animal":"Poultry"},"geometry":{"type":"Point","coordinates":[-3.2398,47.9647]}},{"type":"Feature","properties":{"CountryName":"France","Type of Animal":"Poultry"},"geometry":{"type":"Point","coordinates":[-3.119,47.9112]}},{"type":"Feature","properties":{"CountryName":"France","Type of Animal":"Poultry"},"geometry":{"type":"Point","coordinates":[-3.25,47.8511]}},{"type":"Feature","properties":{"CountryName":"France","Type of Animal":"Poultry"},"geometry":{"type":"Point","coordinates":[-3.2326,47.8742]}},{"type":"Feature","properties":{"CountryName":"France","Type of Animal":"Poultry"},"geometry":{"type":"Point","coordinates":[-2.9521,48.1366]}},{"type":"Feature","properties":{"CountryName":"France","Type of Animal":"Poultry"},"geometry":{"type":"Point","coordinates":[-3.48,48.1267]}},{"type":"Feature","properties":{"CountryName":"France","Type of Animal":"Poultry"},"geometry":{"type":"Point","coordinates":[-3.518,48.0851]}},{"type":"Feature","properties":{"CountryName":"France","Type of Animal":"Poultry"},"geometry":{"type":"Point","coordinates":[-3.1231,47.8514]}},{"type":"Feature","properties":{"CountryName":"France","Type of Animal":"Poultry"},"geometry":{"type":"Point","coordinates":[-3.1402,47.793]}},{"type":"Feature","properties":{"CountryName":"France","Type of Animal":"Poultry"},"geometry":{"type":"Point","coordinates":[-3.1173,47.8783]}},{"type":"Feature","properties":{"CountryName":"France","Type of Animal":"Poultry"},"geometry":{"type":"Point","coordinates":[-3.14,47.8352]}},{"type":"Feature","properties":{"CountryName":"France","Type of Animal":"Poultry"},"geometry":{"type":"Point","coordinates":[-3.1352,47.8181]}},{"type":"Feature","properties":{"CountryName":"France","Type of Animal":"Poultry"},"geometry":{"type":"Point","coordinates":[-3.1646,47.8288]}},{"type":"Feature","properties":{"CountryName":"France","Type of Animal":"Poultry"},"geometry":{"type":"Point","coordinates":[-3.14,47.8566]}},{"type":"Feature","properties":{"CountryName":"France","Type of Animal":"Poultry"},"geometry":{"type":"Point","coordinates":[-3.1722,47.8234]}},{"type":"Feature","properties":{"CountryName":"France","Type of Animal":"Poultry"},"geometry":{"type":"Point","coordinates":[-3.1108,47.8152]}},{"type":"Feature","properties":{"CountryName":"France","Type of Animal":"Poultry"},"geometry":{"type":"Point","coordinates":[-3.1778,47.8657]}},{"type":"Feature","properties":{"CountryName":"France","Type of Animal":"Poultry"},"geometry":{"type":"Point","coordinates":[-3.1369,47.8771]}},{"type":"Feature","properties":{"CountryName":"France","Type of Animal":"Poultry"},"geometry":{"type":"Point","coordinates":[-2.5707,48.0002]}},{"type":"Feature","properties":{"CountryName":"France","Type of Animal":"Poultry"},"geometry":{"type":"Point","coordinates":[-2.6031,48.0018]}},{"type":"Feature","properties":{"CountryName":"France","Type of Animal":"Poultry"},"geometry":{"type":"Point","coordinates":[-2.5564,47.9899]}},{"type":"Feature","properties":{"CountryName":"France","Type of Animal":"Poultry"},"geometry":{"type":"Point","coordinates":[-2.5712,48.001]}},{"type":"Feature","properties":{"CountryName":"France","Type of Animal":"Poultry"},"geometry":{"type":"Point","coordinates":[-2.5554,47.9868]}},{"type":"Feature","properties":{"CountryName":"France","Type of Animal":"Poultry"},"geometry":{"type":"Point","coordinates":[-2.57,47.9929]}},{"type":"Feature","properties":{"CountryName":"France","Type of Animal":"Poultry"},"geometry":{"type":"Point","coordinates":[-2.6187,47.9633]}},{"type":"Feature","properties":{"CountryName":"France","Type of Animal":"Poultry"},"geometry":{"type":"Point","coordinates":[-2.3492,48.0323]}},{"type":"Feature","properties":{"CountryName":"France","Type of Animal":"Poultry"},"geometry":{"type":"Point","coordinates":[-3.253,47.8732]}},{"type":"Feature","properties":{"CountryName":"France","Type of Animal":"Poultry"},"geometry":{"type":"Point","coordinates":[-3.53,47.9945]}},{"type":"Feature","properties":{"CountryName":"France","Type of Animal":"Poultry"},"geometry":{"type":"Point","coordinates":[-3.642,48.0223]}},{"type":"Feature","properties":{"CountryName":"France","Type of Animal":"Poultry"},"geometry":{"type":"Point","coordinates":[-2.49,47.7123]}},{"type":"Feature","properties":{"CountryName":"France","Type of Animal":"Poultry"},"geometry":{"type":"Point","coordinates":[-2.5339,47.6186]}},{"type":"Feature","properties":{"CountryName":"France","Type of Animal":"Poultry"},"geometry":{"type":"Point","coordinates":[-3.3015,48.0469]}},{"type":"Feature","properties":{"CountryName":"France","Type of Animal":"Poultry"},"geometry":{"type":"Point","coordinates":[-2.3599,47.6146]}},{"type":"Feature","properties":{"CountryName":"France","Type of Animal":"Poultry"},"geometry":{"type":"Point","coordinates":[-2.3903,47.6423]}},{"type":"Feature","properties":{"CountryName":"France","Type of Animal":"Poultry"},"geometry":{"type":"Point","coordinates":[-2.5138,47.8594]}},{"type":"Feature","properties":{"CountryName":"France","Type of Animal":"Poultry"},"geometry":{"type":"Point","coordinates":[-3.18,48.0393]}},{"type":"Feature","properties":{"CountryName":"France","Type of Animal":"Poultry"},"geometry":{"type":"Point","coordinates":[-2.777,47.7672]}},{"type":"Feature","properties":{"CountryName":"France","Type of Animal":"Poultry"},"geometry":{"type":"Point","coordinates":[-2.766,47.777]}},{"type":"Feature","properties":{"CountryName":"France","Type of Animal":"Poultry"},"geometry":{"type":"Point","coordinates":[-2.7671,47.7772]}},{"type":"Feature","properties":{"CountryName":"France","Type of Animal":"Poultry"},"geometry":{"type":"Point","coordinates":[-2.2895,47.7016]}},{"type":"Feature","properties":{"CountryName":"France","Type of Animal":"Poultry"},"geometry":{"type":"Point","coordinates":[-2.29,47.6695]}},{"type":"Feature","properties":{"CountryName":"France","Type of Animal":"Poultry"},"geometry":{"type":"Point","coordinates":[-2.29,47.6907]}},{"type":"Feature","properties":{"CountryName":"France","Type of Animal":"Poultry"},"geometry":{"type":"Point","coordinates":[-2.4063,47.5705]}},{"type":"Feature","properties":{"CountryName":"France","Type of Animal":"Poultry"},"geometry":{"type":"Point","coordinates":[-2.3026,48.1263]}},{"type":"Feature","properties":{"CountryName":"France","Type of Animal":"Poultry"},"geometry":{"type":"Point","coordinates":[-2.2695,48.0487]}},{"type":"Feature","properties":{"CountryName":"France","Type of Animal":"Poultry"},"geometry":{"type":"Point","coordinates":[-2.3,48.0909]}},{"type":"Feature","properties":{"CountryName":"France","Type of Animal":"Poultry"},"geometry":{"type":"Point","coordinates":[-2.3,48.058]}},{"type":"Feature","properties":{"CountryName":"France","Type of Animal":"Poultry"},"geometry":{"type":"Point","coordinates":[-2.3156,48.1225]}},{"type":"Feature","properties":{"CountryName":"France","Type of Animal":"Poultry"},"geometry":{"type":"Point","coordinates":[-2.3689,48.0574]}},{"type":"Feature","properties":{"CountryName":"France","Type of Animal":"Poultry"},"geometry":{"type":"Point","coordinates":[-2.2797,48.0582]}},{"type":"Feature","properties":{"CountryName":"France","Type of Animal":"Poultry"},"geometry":{"type":"Point","coordinates":[-3.1177,47.9619]}},{"type":"Feature","properties":{"CountryName":"France","Type of Animal":"Poultry"},"geometry":{"type":"Point","coordinates":[-3.1038,47.964]}},{"type":"Feature","properties":{"CountryName":"France","Type of Animal":"Poultry"},"geometry":{"type":"Point","coordinates":[-3.101,47.9579]}},{"type":"Feature","properties":{"CountryName":"France","Type of Animal":"Poultry"},"geometry":{"type":"Point","coordinates":[-2.4434,48.0939]}},{"type":"Feature","properties":{"CountryName":"France","Type of Animal":"Poultry"},"geometry":{"type":"Point","coordinates":[-2.4437,48.1488]}},{"type":"Feature","properties":{"CountryName":"France","Type of Animal":"Poultry"},"geometry":{"type":"Point","coordinates":[-3.44,47.9644]}},{"type":"Feature","properties":{"CountryName":"France","Type of Animal":"Poultry"},"geometry":{"type":"Point","coordinates":[-3.458,47.9638]}},{"type":"Feature","properties":{"CountryName":"France","Type of Animal":"Poultry"},"geometry":{"type":"Point","coordinates":[-3.4586,47.9712]}},{"type":"Feature","properties":{"CountryName":"France","Type of Animal":"Poultry"},"geometry":{"type":"Point","coordinates":[-3.4906,47.9804]}},{"type":"Feature","properties":{"CountryName":"France","Type of Animal":"Poultry"},"geometry":{"type":"Point","coordinates":[-2.3387,47.8224]}},{"type":"Feature","properties":{"CountryName":"France","Type of Animal":"Poultry"},"geometry":{"type":"Point","coordinates":[-2.1887,47.8945]}},{"type":"Feature","properties":{"CountryName":"France","Type of Animal":"Poultry"},"geometry":{"type":"Point","coordinates":[-2.1781,47.8715]}},{"type":"Feature","properties":{"CountryName":"France","Type of Animal":"Poultry"},"geometry":{"type":"Point","coordinates":[-2.69,47.762]}},{"type":"Feature","properties":{"CountryName":"France","Type of Animal":"Poultry"},"geometry":{"type":"Point","coordinates":[-2.4297,47.8903]}},{"type":"Feature","properties":{"CountryName":"France","Type of Animal":"Poultry"},"geometry":{"type":"Point","coordinates":[-2.3369,47.861]}},{"type":"Feature","properties":{"CountryName":"France","Type of Animal":"Poultry"},"geometry":{"type":"Point","coordinates":[-2.7954,47.9554]}},{"type":"Feature","properties":{"CountryName":"France","Type of Animal":"Poultry"},"geometry":{"type":"Point","coordinates":[-2.7376,47.9181]}},{"type":"Feature","properties":{"CountryName":"France","Type of Animal":"Poultry"},"geometry":{"type":"Point","coordinates":[-2.8,47.9475]}},{"type":"Feature","properties":{"CountryName":"France","Type of Animal":"Poultry"},"geometry":{"type":"Point","coordinates":[-2.7972,47.956]}},{"type":"Feature","properties":{"CountryName":"France","Type of Animal":"Poultry"},"geometry":{"type":"Point","coordinates":[-2.7598,47.9246]}},{"type":"Feature","properties":{"CountryName":"France","Type of Animal":"Poultry"},"geometry":{"type":"Point","coordinates":[-2.8196,47.9842]}},{"type":"Feature","properties":{"CountryName":"France","Type of Animal":"Poultry"},"geometry":{"type":"Point","coordinates":[-2.8684,47.8603]}},{"type":"Feature","properties":{"CountryName":"France","Type of Animal":"Poultry"},"geometry":{"type":"Point","coordinates":[-2.8539,47.8482]}},{"type":"Feature","properties":{"CountryName":"France","Type of Animal":"Poultry"},"geometry":{"type":"Point","coordinates":[-2.8214,47.8582]}},{"type":"Feature","properties":{"CountryName":"France","Type of Animal":"Poultry"},"geometry":{"type":"Point","coordinates":[-2.9026,47.9722]}},{"type":"Feature","properties":{"CountryName":"France","Type of Animal":"Poultry"},"geometry":{"type":"Point","coordinates":[-2.8441,47.9792]}},{"type":"Feature","properties":{"CountryName":"France","Type of Animal":"Poultry"},"geometry":{"type":"Point","coordinates":[-2.8629,47.9786]}},{"type":"Feature","properties":{"CountryName":"France","Type of Animal":"Poultry"},"geometry":{"type":"Point","coordinates":[-2.84,48.0137]}},{"type":"Feature","properties":{"CountryName":"France","Type of Animal":"Poultry"},"geometry":{"type":"Point","coordinates":[-2.84,48.01]}},{"type":"Feature","properties":{"CountryName":"France","Type of Animal":"Poultry"},"geometry":{"type":"Point","coordinates":[-2.86,47.9629]}},{"type":"Feature","properties":{"CountryName":"France","Type of Animal":"Poultry"},"geometry":{"type":"Point","coordinates":[-2.33,48.0218]}},{"type":"Feature","properties":{"CountryName":"France","Type of Animal":"Poultry"},"geometry":{"type":"Point","coordinates":[-2.2769,47.5353]}},{"type":"Feature","properties":{"CountryName":"France","Type of Animal":"Poultry"},"geometry":{"type":"Point","coordinates":[-2.2553,47.5594]}},{"type":"Feature","properties":{"CountryName":"France","Type of Animal":"Poultry"},"geometry":{"type":"Point","coordinates":[-2.4344,47.6129]}},{"type":"Feature","properties":{"CountryName":"France","Type of Animal":"Poultry"},"geometry":{"type":"Point","coordinates":[-2.4523,47.5973]}},{"type":"Feature","properties":{"CountryName":"France","Type of Animal":"Poultry"},"geometry":{"type":"Point","coordinates":[-2.8423,48.0235]}},{"type":"Feature","properties":{"CountryName":"France","Type of Animal":"Poultry"},"geometry":{"type":"Point","coordinates":[-2.9264,48.0597]}},{"type":"Feature","properties":{"CountryName":"France","Type of Animal":"Poultry"},"geometry":{"type":"Point","coordinates":[-2.9318,48.0701]}},{"type":"Feature","properties":{"CountryName":"France","Type of Animal":"Poultry"},"geometry":{"type":"Point","coordinates":[-2.8537,48.0942]}},{"type":"Feature","properties":{"CountryName":"France","Type of Animal":"Poultry"},"geometry":{"type":"Point","coordinates":[-2.9117,48.0286]}},{"type":"Feature","properties":{"CountryName":"France","Type of Animal":"Poultry"},"geometry":{"type":"Point","coordinates":[-2.33,47.5969]}},{"type":"Feature","properties":{"CountryName":"France","Type of Animal":"Poultry"},"geometry":{"type":"Point","coordinates":[-2.3894,47.5964]}},{"type":"Feature","properties":{"CountryName":"France","Type of Animal":"Poultry"},"geometry":{"type":"Point","coordinates":[-2.2134,47.6944]}},{"type":"Feature","properties":{"CountryName":"France","Type of Animal":"Poultry"},"geometry":{"type":"Point","coordinates":[-2.7371,47.7831]}},{"type":"Feature","properties":{"CountryName":"France","Type of Animal":"Poultry"},"geometry":{"type":"Point","coordinates":[-2.6999,47.7732]}},{"type":"Feature","properties":{"CountryName":"France","Type of Animal":"Poultry"},"geometry":{"type":"Point","coordinates":[-2.6835,47.8164]}},{"type":"Feature","properties":{"CountryName":"France","Type of Animal":"Poultry"},"geometry":{"type":"Point","coordinates":[-2.7896,47.7142]}},{"type":"Feature","properties":{"CountryName":"France","Type of Animal":"Poultry"},"geometry":{"type":"Point","coordinates":[-2.6576,47.9518]}},{"type":"Feature","properties":{"CountryName":"France","Type of Animal":"Poultry"},"geometry":{"type":"Point","coordinates":[-2.6703,47.9941]}},{"type":"Feature","properties":{"CountryName":"France","Type of Animal":"Poultry"},"geometry":{"type":"Point","coordinates":[-2.66,47.9752]}},{"type":"Feature","properties":{"CountryName":"France","Type of Animal":"Poultry"},"geometry":{"type":"Point","coordinates":[-2.7119,47.9971]}},{"type":"Feature","properties":{"CountryName":"France","Type of Animal":"Poultry"},"geometry":{"type":"Point","coordinates":[-3.3229,48.0436]}},{"type":"Feature","properties":{"CountryName":"France","Type of Animal":"Poultry"},"geometry":{"type":"Point","coordinates":[-3.3022,48.1343]}},{"type":"Feature","properties":{"CountryName":"France","Type of Animal":"Poultry"},"geometry":{"type":"Point","coordinates":[-2.4041,47.9486]}},{"type":"Feature","properties":{"CountryName":"France","Type of Animal":"Poultry"},"geometry":{"type":"Point","coordinates":[-2.3747,47.9437]}},{"type":"Feature","properties":{"CountryName":"France","Type of Animal":"Poultry"},"geometry":{"type":"Point","coordinates":[-2.38,47.8094]}},{"type":"Feature","properties":{"CountryName":"France","Type of Animal":"Poultry"},"geometry":{"type":"Point","coordinates":[-3.2973,47.9597]}},{"type":"Feature","properties":{"CountryName":"France","Type of Animal":"Poultry"},"geometry":{"type":"Point","coordinates":[-3.3022,47.9389]}},{"type":"Feature","properties":{"CountryName":"France","Type of Animal":"Poultry"},"geometry":{"type":"Point","coordinates":[-3.4345,48.1113]}},{"type":"Feature","properties":{"CountryName":"France","Type of Animal":"Poultry"},"geometry":{"type":"Point","coordinates":[-2.6525,47.8018]}},{"type":"Feature","properties":{"CountryName":"France","Type of Animal":"Poultry"},"geometry":{"type":"Point","coordinates":[-2.6361,47.8566]}},{"type":"Feature","properties":{"CountryName":"France","Type of Animal":"Poultry"},"geometry":{"type":"Point","coordinates":[-2.5856,47.9235]}},{"type":"Feature","properties":{"CountryName":"France","Type of Animal":"Poultry"},"geometry":{"type":"Point","coordinates":[-2.5714,47.8527]}},{"type":"Feature","properties":{"CountryName":"France","Type of Animal":"Poultry"},"geometry":{"type":"Point","coordinates":[-2.62,47.8457]}},{"type":"Feature","properties":{"CountryName":"France","Type of Animal":"Poultry"},"geometry":{"type":"Point","coordinates":[-2.916,47.9429]}},{"type":"Feature","properties":{"CountryName":"France","Type of Animal":"Poultry"},"geometry":{"type":"Point","coordinates":[-2.98,47.9709]}},{"type":"Feature","properties":{"CountryName":"France","Type of Animal":"Poultry"},"geometry":{"type":"Point","coordinates":[-3.0066,47.9964]}},{"type":"Feature","properties":{"CountryName":"France","Type of Animal":"Poultry"},"geometry":{"type":"Point","coordinates":[-2.9733,47.9707]}},{"type":"Feature","properties":{"CountryName":"France","Type of Animal":"Poultry"},"geometry":{"type":"Point","coordinates":[-3.0445,47.9563]}},{"type":"Feature","properties":{"CountryName":"France","Type of Animal":"Poultry"},"geometry":{"type":"Point","coordinates":[-3.0391,47.9636]}},{"type":"Feature","properties":{"CountryName":"France","Type of Animal":"Poultry"},"geometry":{"type":"Point","coordinates":[-2.9223,47.939]}},{"type":"Feature","properties":{"CountryName":"France","Type of Animal":"Poultry"},"geometry":{"type":"Point","coordinates":[-2.9653,47.9723]}},{"type":"Feature","properties":{"CountryName":"France","Type of Animal":"Poultry"},"geometry":{"type":"Point","coordinates":[-3.0268,47.9498]}},{"type":"Feature","properties":{"CountryName":"France","Type of Animal":"Poultry"},"geometry":{"type":"Point","coordinates":[-2.8544,47.8917]}},{"type":"Feature","properties":{"CountryName":"France","Type of Animal":"Poultry"},"geometry":{"type":"Point","coordinates":[-2.9008,47.8612]}},{"type":"Feature","properties":{"CountryName":"France","Type of Animal":"Poultry"},"geometry":{"type":"Point","coordinates":[-2.981,47.7865]}},{"type":"Feature","properties":{"CountryName":"France","Type of Animal":"Poultry"},"geometry":{"type":"Point","coordinates":[-2.13,47.9066]}},{"type":"Feature","properties":{"CountryName":"France","Type of Animal":"Poultry"},"geometry":{"type":"Point","coordinates":[-3.4449,48.062]}},{"type":"Feature","properties":{"CountryName":"France","Type of Animal":"Poultry"},"geometry":{"type":"Point","coordinates":[-3.4047,48.0271]}},{"type":"Feature","properties":{"CountryName":"France","Type of Animal":"Poultry"},"geometry":{"type":"Point","coordinates":[-3.4453,48.0901]}},{"type":"Feature","properties":{"CountryName":"France","Type of Animal":"Poultry"},"geometry":{"type":"Point","coordinates":[-3.4107,48.0552]}},{"type":"Feature","properties":{"CountryName":"France","Type of Animal":"Poultry"},"geometry":{"type":"Point","coordinates":[-3.4206,48.0441]}},{"type":"Feature","properties":{"CountryName":"France","Type of Animal":"Poultry"},"geometry":{"type":"Point","coordinates":[-3.3321,48.1135]}},{"type":"Feature","properties":{"CountryName":"France","Type of Animal":"Poultry"},"geometry":{"type":"Point","coordinates":[-3.4202,48.0437]}},{"type":"Feature","properties":{"CountryName":"France","Type of Animal":"Poultry"},"geometry":{"type":"Point","coordinates":[-3.43,48.0614]}},{"type":"Feature","properties":{"CountryName":"France","Type of Animal":"Poultry"},"geometry":{"type":"Point","coordinates":[-2.43,47.7017]}},{"type":"Feature","properties":{"CountryName":"France","Type of Animal":"Poultry"},"geometry":{"type":"Point","coordinates":[-2.4226,47.6218]}},{"type":"Feature","properties":{"CountryName":"France","Type of Animal":"Poultry"},"geometry":{"type":"Point","coordinates":[-2.43,47.6487]}},{"type":"Feature","properties":{"CountryName":"France","Type of Animal":"Poultry"},"geometry":{"type":"Point","coordinates":[-3.1005,47.9089]}},{"type":"Feature","properties":{"CountryName":"France","Type of Animal":"Poultry"},"geometry":{"type":"Point","coordinates":[-3.1278,47.8944]}},{"type":"Feature","properties":{"CountryName":"France","Type of Animal":"Poultry"},"geometry":{"type":"Point","coordinates":[-3.0815,47.9015]}},{"type":"Feature","properties":{"CountryName":"France","Type of Animal":"Poultry"},"geometry":{"type":"Point","coordinates":[-2.7104,47.9422]}},{"type":"Feature","properties":{"CountryName":"France","Type of Animal":"Poultry"},"geometry":{"type":"Point","coordinates":[-2.2723,47.8587]}},{"type":"Feature","properties":{"CountryName":"France","Type of Animal":"Poultry"},"geometry":{"type":"Point","coordinates":[-2.8937,47.9355]}},{"type":"Feature","properties":{"CountryName":"France","Type of Animal":"Poultry"},"geometry":{"type":"Point","coordinates":[-2.8718,47.9576]}},{"type":"Feature","properties":{"CountryName":"France","Type of Animal":"Poultry"},"geometry":{"type":"Point","coordinates":[-2.7782,48.082]}},{"type":"Feature","properties":{"CountryName":"France","Type of Animal":"Poultry"},"geometry":{"type":"Point","coordinates":[-2.74,48.0872]}},{"type":"Feature","properties":{"CountryName":"France","Type of Animal":"Poultry"},"geometry":{"type":"Point","coordinates":[-2.74,48.0763]}},{"type":"Feature","properties":{"CountryName":"France","Type of Animal":"Poultry"},"geometry":{"type":"Point","coordinates":[-2.7416,48.074]}},{"type":"Feature","properties":{"CountryName":"France","Type of Animal":"Poultry"},"geometry":{"type":"Point","coordinates":[-2.2927,47.8144]}},{"type":"Feature","properties":{"CountryName":"France","Type of Animal":"Poultry"},"geometry":{"type":"Point","coordinates":[-2.28,47.7923]}},{"type":"Feature","properties":{"CountryName":"France","Type of Animal":"Poultry"},"geometry":{"type":"Point","coordinates":[-2.28,47.79]}},{"type":"Feature","properties":{"CountryName":"France","Type of Animal":"Poultry"},"geometry":{"type":"Point","coordinates":[-3.5483,48.097]}},{"type":"Feature","properties":{"CountryName":"France","Type of Animal":"Poultry"},"geometry":{"type":"Point","coordinates":[-3.5986,48.0929]}},{"type":"Feature","properties":{"CountryName":"France","Type of Animal":"Poultry"},"geometry":{"type":"Point","coordinates":[-3.5653,48.1158]}},{"type":"Feature","properties":{"CountryName":"France","Type of Animal":"Poultry"},"geometry":{"type":"Point","coordinates":[-3.0202,47.9153]}},{"type":"Feature","properties":{"CountryName":"France","Type of Animal":"Poultry"},"geometry":{"type":"Point","coordinates":[-3.0496,47.9446]}},{"type":"Feature","properties":{"CountryName":"France","Type of Animal":"Poultry"},"geometry":{"type":"Point","coordinates":[-3.3121,48.0379]}},{"type":"Feature","properties":{"CountryName":"France","Type of Animal":"Poultry"},"geometry":{"type":"Point","coordinates":[-2.17,47.5563]}},{"type":"Feature","properties":{"CountryName":"France","Type of Animal":"Poultry"},"geometry":{"type":"Point","coordinates":[-2.8752,48.0935]}},{"type":"Feature","properties":{"CountryName":"France","Type of Animal":"Poultry"},"geometry":{"type":"Point","coordinates":[-2.2422,47.6458]}},{"type":"Feature","properties":{"CountryName":"France","Type of Animal":"Poultry"},"geometry":{"type":"Point","coordinates":[-2.2449,47.6391]}},{"type":"Feature","properties":{"CountryName":"France","Type of Animal":"Poultry"},"geometry":{"type":"Point","coordinates":[-2.2334,47.6595]}},{"type":"Feature","properties":{"CountryName":"France","Type of Animal":"Poultry"},"geometry":{"type":"Point","coordinates":[-2.7448,47.851]}},{"type":"Feature","properties":{"CountryName":"France","Type of Animal":"Poultry"},"geometry":{"type":"Point","coordinates":[-2.72,47.8276]}},{"type":"Feature","properties":{"CountryName":"France","Type of Animal":"Poultry"},"geometry":{"type":"Point","coordinates":[-2.6878,47.8415]}},{"type":"Feature","properties":{"CountryName":"France","Type of Animal":"Poultry"},"geometry":{"type":"Point","coordinates":[-2.72,47.8138]}},{"type":"Feature","properties":{"CountryName":"France","Type of Animal":"Poultry"},"geometry":{"type":"Point","coordinates":[-2.1528,47.9588]}},{"type":"Feature","properties":{"CountryName":"France","Type of Animal":"Poultry"},"geometry":{"type":"Point","coordinates":[-2.46,48.0091]}},{"type":"Feature","properties":{"CountryName":"France","Type of Animal":"Poultry"},"geometry":{"type":"Point","coordinates":[-2.3027,47.7642]}},{"type":"Feature","properties":{"CountryName":"France","Type of Animal":"Poultry"},"geometry":{"type":"Point","coordinates":[-2.2882,47.7541]}},{"type":"Feature","properties":{"CountryName":"France","Type of Animal":"Poultry"},"geometry":{"type":"Point","coordinates":[-2.2974,47.7612]}},{"type":"Feature","properties":{"CountryName":"France","Type of Animal":"Poultry"},"geometry":{"type":"Point","coordinates":[-2.2661,47.7527]}},{"type":"Feature","properties":{"CountryName":"France","Type of Animal":"Poultry"},"geometry":{"type":"Point","coordinates":[-2.6678,47.7123]}},{"type":"Feature","properties":{"CountryName":"France","Type of Animal":"Poultry"},"geometry":{"type":"Point","coordinates":[-2.9129,48.0172]}},{"type":"Feature","properties":{"CountryName":"France","Type of Animal":"Poultry"},"geometry":{"type":"Point","coordinates":[-2.1642,47.7139]}},{"type":"Feature","properties":{"CountryName":"France","Type of Animal":"Poultry"},"geometry":{"type":"Point","coordinates":[-3.1432,48.0734]}},{"type":"Feature","properties":{"CountryName":"France","Type of Animal":"Poultry"},"geometry":{"type":"Point","coordinates":[-3.1483,48.129]}},{"type":"Feature","properties":{"CountryName":"France","Type of Animal":"Poultry"},"geometry":{"type":"Point","coordinates":[-2.4721,47.8411]}},{"type":"Feature","properties":{"CountryName":"France","Type of Animal":"Poultry"},"geometry":{"type":"Point","coordinates":[-2.5308,47.8012]}},{"type":"Feature","properties":{"CountryName":"France","Type of Animal":"Poultry"},"geometry":{"type":"Point","coordinates":[-2.4938,47.7998]}},{"type":"Feature","properties":{"CountryName":"France","Type of Animal":"Poultry"},"geometry":{"type":"Point","coordinates":[-3.1899,48.1369]}},{"type":"Feature","properties":{"CountryName":"France","Type of Animal":"Poultry"},"geometry":{"type":"Point","coordinates":[-2.62,47.5833]}},{"type":"Feature","properties":{"CountryName":"France","Type of Animal":"Poultry"},"geometry":{"type":"Point","coordinates":[-2.5923,47.5887]}},{"type":"Feature","properties":{"CountryName":"France","Type of Animal":"Poultry"},"geometry":{"type":"Point","coordinates":[-2.51,47.6862]}},{"type":"Feature","properties":{"CountryName":"France","Type of Animal":"Poultry"},"geometry":{"type":"Point","coordinates":[-2.494,47.7009]}},{"type":"Feature","properties":{"CountryName":"France","Type of Animal":"Poultry"},"geometry":{"type":"Point","coordinates":[-3.3295,48.0283]}},{"type":"Feature","properties":{"CountryName":"France","Type of Animal":"Poultry"},"geometry":{"type":"Point","coordinates":[-3.3407,48.015]}},{"type":"Feature","properties":{"CountryName":"France","Type of Animal":"Poultry"},"geometry":{"type":"Point","coordinates":[-3.32,48.0156]}},{"type":"Feature","properties":{"CountryName":"France","Type of Animal":"Poultry"},"geometry":{"type":"Point","coordinates":[-2.1645,47.6495]}},{"type":"Feature","properties":{"CountryName":"France","Type of Animal":"Poultry"},"geometry":{"type":"Point","coordinates":[-2.0998,47.8162]}},{"type":"Feature","properties":{"CountryName":"France","Type of Animal":"Poultry"},"geometry":{"type":"Point","coordinates":[-2.4942,47.9546]}},{"type":"Feature","properties":{"CountryName":"France","Type of Animal":"Poultry"},"geometry":{"type":"Point","coordinates":[-2.9517,47.9046]}},{"type":"Feature","properties":{"CountryName":"France","Type of Animal":"Poultry"},"geometry":{"type":"Point","coordinates":[-2.573,47.9847]}},{"type":"Feature","properties":{"CountryName":"France","Type of Animal":"Poultry"},"geometry":{"type":"Point","coordinates":[-2.461,48.0786]}},{"type":"Feature","properties":{"CountryName":"France","Type of Animal":"Poultry"},"geometry":{"type":"Point","coordinates":[-2.9162,47.8607]}},{"type":"Feature","properties":{"CountryName":"France","Type of Animal":"Poultry"},"geometry":{"type":"Point","coordinates":[-3.2156,47.9948]}},{"type":"Feature","properties":{"CountryName":"France","Type of Animal":"Poultry"},"geometry":{"type":"Point","coordinates":[-2.9424,47.9653]}},{"type":"Feature","properties":{"CountryName":"France","Type of Animal":"Poultry"},"geometry":{"type":"Point","coordinates":[-2.7298,47.9525]}},{"type":"Feature","properties":{"CountryName":"France","Type of Animal":"Poultry"},"geometry":{"type":"Point","coordinates":[-2.8737,47.9574]}},{"type":"Feature","properties":{"CountryName":"France","Type of Animal":"Poultry"},"geometry":{"type":"Point","coordinates":[-2.4381,47.9702]}},{"type":"Feature","properties":{"CountryName":"France","Type of Animal":"Poultry"},"geometry":{"type":"Point","coordinates":[-2.4278,47.9879]}},{"type":"Feature","properties":{"CountryName":"France","Type of Animal":"Poultry"},"geometry":{"type":"Point","coordinates":[-3.0373,47.8806]}},{"type":"Feature","properties":{"CountryName":"France","Type of Animal":"Poultry"},"geometry":{"type":"Point","coordinates":[-3.355,47.9886]}},{"type":"Feature","properties":{"CountryName":"France","Type of Animal":"Poultry"},"geometry":{"type":"Point","coordinates":[-2.8607,47.8966]}},{"type":"Feature","properties":{"CountryName":"France","Type of Animal":"Poultry"},"geometry":{"type":"Point","coordinates":[-3.5804,48.1734]}},{"type":"Feature","properties":{"CountryName":"France","Type of Animal":"Poultry"},"geometry":{"type":"Point","coordinates":[-2.96,47.8968]}},{"type":"Feature","properties":{"CountryName":"France","Type of Animal":"Poultry"},"geometry":{"type":"Point","coordinates":[-3.6211,48.015]}},{"type":"Feature","properties":{"CountryName":"France","Type of Animal":"Poultry"},"geometry":{"type":"Point","coordinates":[-3.1043,47.8694]}},{"type":"Feature","properties":{"CountryName":"France","Type of Animal":"Poultry"},"geometry":{"type":"Point","coordinates":[-2.555,47.6041]}},{"type":"Feature","properties":{"CountryName":"France","Type of Animal":"Poultry"},"geometry":{"type":"Point","coordinates":[-3.2291,48.0544]}},{"type":"Feature","properties":{"CountryName":"France","Type of Animal":"Poultry"},"geometry":{"type":"Point","coordinates":[-3.0465,47.7572]}},{"type":"Feature","properties":{"CountryName":"France","Type of Animal":"Poultry"},"geometry":{"type":"Point","coordinates":[-2.7277,47.9553]}},{"type":"Feature","properties":{"CountryName":"France","Type of Animal":"Poultry"},"geometry":{"type":"Point","coordinates":[-2.2773,47.857]}},{"type":"Feature","properties":{"CountryName":"France","Type of Animal":"Poultry"},"geometry":{"type":"Point","coordinates":[-3.5558,48.0976]}},{"type":"Feature","properties":{"CountryName":"France","Type of Animal":"Poultry"},"geometry":{"type":"Point","coordinates":[-3.0514,47.9254]}},{"type":"Feature","properties":{"CountryName":"France","Type of Animal":"Poultry"},"geometry":{"type":"Point","coordinates":[-2.5408,47.7832]}},{"type":"Feature","properties":{"CountryName":"France","Type of Animal":"Poultry"},"geometry":{"type":"Point","coordinates":[-2.2383,47.804]}},{"type":"Feature","properties":{"CountryName":"France","Type of Animal":"Poultry"},"geometry":{"type":"Point","coordinates":[-3.16,48.107]}},{"type":"Feature","properties":{"CountryName":"France","Type of Animal":"Poultry"},"geometry":{"type":"Point","coordinates":[6.9297,48.6906]}},{"type":"Feature","properties":{"CountryName":"France","Type of Animal":"Poultry"},"geometry":{"type":"Point","coordinates":[3.6941,47.4076]}},{"type":"Feature","properties":{"CountryName":"France","Type of Animal":"Poultry"},"geometry":{"type":"Point","coordinates":[3.5442,47.0171]}},{"type":"Feature","properties":{"CountryName":"France","Type of Animal":"Poultry"},"geometry":{"type":"Point","coordinates":[3.123,50.1596]}},{"type":"Feature","properties":{"CountryName":"France","Type of Animal":"Poultry"},"geometry":{"type":"Point","coordinates":[3.1306,50.1538]}},{"type":"Feature","properties":{"CountryName":"France","Type of Animal":"Poultry"},"geometry":{"type":"Point","coordinates":[2.9107,50.5313]}},{"type":"Feature","properties":{"CountryName":"France","Type of Animal":"Poultry"},"geometry":{"type":"Point","coordinates":[3.1646,50.2658]}},{"type":"Feature","properties":{"CountryName":"France","Type of Animal":"Poultry"},"geometry":{"type":"Point","coordinates":[2.2261,50.9463]}},{"type":"Feature","properties":{"CountryName":"France","Type of Animal":"Poultry"},"geometry":{"type":"Point","coordinates":[2.6,50.7565]}},{"type":"Feature","properties":{"CountryName":"France","Type of Animal":"Poultry"},"geometry":{"type":"Point","coordinates":[3.248,50.1132]}},{"type":"Feature","properties":{"CountryName":"France","Type of Animal":"Poultry"},"geometry":{"type":"Point","coordinates":[2.9728,50.7353]}},{"type":"Feature","properties":{"CountryName":"France","Type of Animal":"Poultry"},"geometry":{"type":"Point","coordinates":[2.6913,50.6716]}},{"type":"Feature","properties":{"CountryName":"France","Type of Animal":"Poultry"},"geometry":{"type":"Point","coordinates":[2.435,50.7338]}},{"type":"Feature","properties":{"CountryName":"France","Type of Animal":"Poultry"},"geometry":{"type":"Point","coordinates":[3.1711,50.3102]}},{"type":"Feature","properties":{"CountryName":"France","Type of Animal":"Poultry"},"geometry":{"type":"Point","coordinates":[2.84,50.6694]}},{"type":"Feature","properties":{"CountryName":"France","Type of Animal":"Poultry"},"geometry":{"type":"Point","coordinates":[3.2908,50.1019]}},{"type":"Feature","properties":{"CountryName":"France","Type of Animal":"Poultry"},"geometry":{"type":"Point","coordinates":[2.7376,50.6141]}},{"type":"Feature","properties":{"CountryName":"France","Type of Animal":"Poultry"},"geometry":{"type":"Point","coordinates":[3.6576,50.0751]}},{"type":"Feature","properties":{"CountryName":"France","Type of Animal":"Poultry"},"geometry":{"type":"Point","coordinates":[2.5107,50.6408]}},{"type":"Feature","properties":{"CountryName":"France","Type of Animal":"Poultry"},"geometry":{"type":"Point","coordinates":[3.6494,50.119]}},{"type":"Feature","properties":{"CountryName":"France","Type of Animal":"Poultry"},"geometry":{"type":"Point","coordinates":[2.641,50.7211]}},{"type":"Feature","properties":{"CountryName":"France","Type of Animal":"Poultry"},"geometry":{"type":"Point","coordinates":[2.6709,50.7336]}},{"type":"Feature","properties":{"CountryName":"France","Type of Animal":"Poultry"},"geometry":{"type":"Point","coordinates":[2.6841,50.7294]}},{"type":"Feature","properties":{"CountryName":"France","Type of Animal":"Poultry"},"geometry":{"type":"Point","coordinates":[2.54,51.0212]}},{"type":"Feature","properties":{"CountryName":"France","Type of Animal":"Poultry"},"geometry":{"type":"Point","coordinates":[2.4693,50.7013]}},{"type":"Feature","properties":{"CountryName":"France","Type of Animal":"Poultry"},"geometry":{"type":"Point","coordinates":[2.8439,50.7145]}},{"type":"Feature","properties":{"CountryName":"France","Type of Animal":"Poultry"},"geometry":{"type":"Point","coordinates":[2.5037,50.8386]}},{"type":"Feature","properties":{"CountryName":"France","Type of Animal":"Poultry"},"geometry":{"type":"Point","coordinates":[2.3679,50.9234]}},{"type":"Feature","properties":{"CountryName":"France","Type of Animal":"Poultry"},"geometry":{"type":"Point","coordinates":[2.3252,50.9385]}},{"type":"Feature","properties":{"CountryName":"France","Type of Animal":"Poultry"},"geometry":{"type":"Point","coordinates":[2.3589,50.831]}},{"type":"Feature","properties":{"CountryName":"France","Type of Animal":"Poultry"},"geometry":{"type":"Point","coordinates":[3.3318,50.4477]}},{"type":"Feature","properties":{"CountryName":"France","Type of Animal":"Poultry"},"geometry":{"type":"Point","coordinates":[2.3665,50.944]}},{"type":"Feature","properties":{"CountryName":"France","Type of Animal":"Poultry"},"geometry":{"type":"Point","coordinates":[2.5788,50.8389]}},{"type":"Feature","properties":{"CountryName":"France","Type of Animal":"Poultry"},"geometry":{"type":"Point","coordinates":[2.7735,50.6924]}},{"type":"Feature","properties":{"CountryName":"France","Type of Animal":"Poultry"},"geometry":{"type":"Point","coordinates":[2.4705,50.6589]}},{"type":"Feature","properties":{"CountryName":"France","Type of Animal":"Poultry"},"geometry":{"type":"Point","coordinates":[2.6086,50.6938]}},{"type":"Feature","properties":{"CountryName":"France","Type of Animal":"Poultry"},"geometry":{"type":"Point","coordinates":[2.5,50.9785]}},{"type":"Feature","properties":{"CountryName":"France","Type of Animal":"Poultry"},"geometry":{"type":"Point","coordinates":[3.2571,50.2692]}},{"type":"Feature","properties":{"CountryName":"France","Type of Animal":"Poultry"},"geometry":{"type":"Point","coordinates":[2.5526,50.8485]}},{"type":"Feature","properties":{"CountryName":"France","Type of Animal":"Poultry"},"geometry":{"type":"Point","coordinates":[2.5601,50.8302]}},{"type":"Feature","properties":{"CountryName":"France","Type of Animal":"Poultry"},"geometry":{"type":"Point","coordinates":[2.5634,50.8515]}},{"type":"Feature","properties":{"CountryName":"France","Type of Animal":"Poultry"},"geometry":{"type":"Point","coordinates":[3.7971,50.1327]}},{"type":"Feature","properties":{"CountryName":"France","Type of Animal":"Poultry"},"geometry":{"type":"Point","coordinates":[2.6049,50.6564]}},{"type":"Feature","properties":{"CountryName":"France","Type of Animal":"Poultry"},"geometry":{"type":"Point","coordinates":[1.7851,49.3186]}},{"type":"Feature","properties":{"CountryName":"France","Type of Animal":"Poultry"},"geometry":{"type":"Point","coordinates":[2.4273,49.5714]}},{"type":"Feature","properties":{"CountryName":"France","Type of Animal":"Poultry"},"geometry":{"type":"Point","coordinates":[1.8551,49.5625]}},{"type":"Feature","properties":{"CountryName":"France","Type of Animal":"Poultry"},"geometry":{"type":"Point","coordinates":[0.7986,48.2229]}},{"type":"Feature","properties":{"CountryName":"France","Type of Animal":"Poultry"},"geometry":{"type":"Point","coordinates":[0.6046,48.6963]}},{"type":"Feature","properties":{"CountryName":"France","Type of Animal":"Poultry"},"geometry":{"type":"Point","coordinates":[0.7749,48.3576]}},{"type":"Feature","properties":{"CountryName":"France","Type of Animal":"Poultry"},"geometry":{"type":"Point","coordinates":[-0.045,48.6884]}},{"type":"Feature","properties":{"CountryName":"France","Type of Animal":"Poultry"},"geometry":{"type":"Point","coordinates":[0.5006,48.8181]}},{"type":"Feature","properties":{"CountryName":"France","Type of Animal":"Poultry"},"geometry":{"type":"Point","coordinates":[0.3812,48.3964]}},{"type":"Feature","properties":{"CountryName":"France","Type of Animal":"Poultry"},"geometry":{"type":"Point","coordinates":[0.8216,48.4552]}},{"type":"Feature","properties":{"CountryName":"France","Type of Animal":"Poultry"},"geometry":{"type":"Point","coordinates":[0.7297,48.6549]}},{"type":"Feature","properties":{"CountryName":"France","Type of Animal":"Poultry"},"geometry":{"type":"Point","coordinates":[0.0343,48.4259]}},{"type":"Feature","properties":{"CountryName":"France","Type of Animal":"Poultry"},"geometry":{"type":"Point","coordinates":[0.0333,48.6965]}},{"type":"Feature","properties":{"CountryName":"France","Type of Animal":"Poultry"},"geometry":{"type":"Point","coordinates":[-0.336,48.5119]}},{"type":"Feature","properties":{"CountryName":"France","Type of Animal":"Poultry"},"geometry":{"type":"Point","coordinates":[0.658,48.2676]}},{"type":"Feature","properties":{"CountryName":"France","Type of Animal":"Poultry"},"geometry":{"type":"Point","coordinates":[0.6289,48.6851]}},{"type":"Feature","properties":{"CountryName":"France","Type of Animal":"Poultry"},"geometry":{"type":"Point","coordinates":[2.7639,50.1242]}},{"type":"Feature","properties":{"CountryName":"France","Type of Animal":"Poultry"},"geometry":{"type":"Point","coordinates":[1.6776,50.4406]}},{"type":"Feature","properties":{"CountryName":"France","Type of Animal":"Poultry"},"geometry":{"type":"Point","coordinates":[2.0612,50.8707]}},{"type":"Feature","properties":{"CountryName":"France","Type of Animal":"Poultry"},"geometry":{"type":"Point","coordinates":[2.831,50.3931]}},{"type":"Feature","properties":{"CountryName":"France","Type of Animal":"Poultry"},"geometry":{"type":"Point","coordinates":[2.85,50.1078]}},{"type":"Feature","properties":{"CountryName":"France","Type of Animal":"Poultry"},"geometry":{"type":"Point","coordinates":[2.5471,50.2436]}},{"type":"Feature","properties":{"CountryName":"France","Type of Animal":"Poultry"},"geometry":{"type":"Point","coordinates":[2.2924,50.2396]}},{"type":"Feature","properties":{"CountryName":"France","Type of Animal":"Poultry"},"geometry":{"type":"Point","coordinates":[2.1643,50.6211]}},{"type":"Feature","properties":{"CountryName":"France","Type of Animal":"Poultry"},"geometry":{"type":"Point","coordinates":[3.0032,50.2751]}},{"type":"Feature","properties":{"CountryName":"France","Type of Animal":"Poultry"},"geometry":{"type":"Point","coordinates":[2.8519,50.2882]}},{"type":"Feature","properties":{"CountryName":"France","Type of Animal":"Poultry"},"geometry":{"type":"Point","coordinates":[2.1534,50.317]}},{"type":"Feature","properties":{"CountryName":"France","Type of Animal":"Poultry"},"geometry":{"type":"Point","coordinates":[2.8027,50.1027]}},{"type":"Feature","properties":{"CountryName":"France","Type of Animal":"Poultry"},"geometry":{"type":"Point","coordinates":[2.2348,50.6685]}},{"type":"Feature","properties":{"CountryName":"France","Type of Animal":"Poultry"},"geometry":{"type":"Point","coordinates":[2.6608,50.6179]}},{"type":"Feature","properties":{"CountryName":"France","Type of Animal":"Poultry"},"geometry":{"type":"Point","coordinates":[2.9804,50.353]}},{"type":"Feature","properties":{"CountryName":"France","Type of Animal":"Poultry"},"geometry":{"type":"Point","coordinates":[2.057,50.5771]}},{"type":"Feature","properties":{"CountryName":"France","Type of Animal":"Poultry"},"geometry":{"type":"Point","coordinates":[2.5823,50.4662]}},{"type":"Feature","properties":{"CountryName":"France","Type of Animal":"Poultry"},"geometry":{"type":"Point","coordinates":[2.7346,50.3843]}},{"type":"Feature","properties":{"CountryName":"France","Type of Animal":"Poultry"},"geometry":{"type":"Point","coordinates":[2.3458,50.5432]}},{"type":"Feature","properties":{"CountryName":"France","Type of Animal":"Poultry"},"geometry":{"type":"Point","coordinates":[1.8219,50.8885]}},{"type":"Feature","properties":{"CountryName":"France","Type of Animal":"Poultry"},"geometry":{"type":"Point","coordinates":[1.8839,50.4935]}},{"type":"Feature","properties":{"CountryName":"France","Type of Animal":"Poultry"},"geometry":{"type":"Point","coordinates":[2.973,50.1244]}},{"type":"Feature","properties":{"CountryName":"France","Type of Animal":"Poultry"},"geometry":{"type":"Point","coordinates":[2.5949,50.4842]}},{"type":"Feature","properties":{"CountryName":"France","Type of Animal":"Poultry"},"geometry":{"type":"Point","coordinates":[3.1946,46.0245]}},{"type":"Feature","properties":{"CountryName":"France","Type of Animal":"Poultry"},"geometry":{"type":"Point","coordinates":[3.1876,45.8946]}},{"type":"Feature","properties":{"CountryName":"France","Type of Animal":"Poultry"},"geometry":{"type":"Point","coordinates":[-0.7582,43.5543]}},{"type":"Feature","properties":{"CountryName":"France","Type of Animal":"Poultry"},"geometry":{"type":"Point","coordinates":[-0.283,43.4802]}},{"type":"Feature","properties":{"CountryName":"France","Type of Animal":"Poultry"},"geometry":{"type":"Point","coordinates":[-1.2144,43.1955]}},{"type":"Feature","properties":{"CountryName":"France","Type of Animal":"Poultry"},"geometry":{"type":"Point","coordinates":[0.2001,43.2774]}},{"type":"Feature","properties":{"CountryName":"France","Type of Animal":"Poultry"},"geometry":{"type":"Point","coordinates":[7.5854,48.2061]}},{"type":"Feature","properties":{"CountryName":"France","Type of Animal":"Poultry"},"geometry":{"type":"Point","coordinates":[7.6022,48.6783]}},{"type":"Feature","properties":{"CountryName":"France","Type of Animal":"Poultry"},"geometry":{"type":"Point","coordinates":[7.5821,48.6832]}},{"type":"Feature","properties":{"CountryName":"France","Type of Animal":"Poultry"},"geometry":{"type":"Point","coordinates":[7.5432,48.4423]}},{"type":"Feature","properties":{"CountryName":"France","Type of Animal":"Poultry"},"geometry":{"type":"Point","coordinates":[8.0846,48.9046]}},{"type":"Feature","properties":{"CountryName":"France","Type of Animal":"Poultry"},"geometry":{"type":"Point","coordinates":[7.459,48.6883]}},{"type":"Feature","properties":{"CountryName":"France","Type of Animal":"Poultry"},"geometry":{"type":"Point","coordinates":[7.6244,48.3128]}},{"type":"Feature","properties":{"CountryName":"France","Type of Animal":"Poultry"},"geometry":{"type":"Point","coordinates":[8.0605,48.9878]}},{"type":"Feature","properties":{"CountryName":"France","Type of Animal":"Poultry"},"geometry":{"type":"Point","coordinates":[7.5399,48.6269]}},{"type":"Feature","properties":{"CountryName":"France","Type of Animal":"Poultry"},"geometry":{"type":"Point","coordinates":[8.0147,48.9532]}},{"type":"Feature","properties":{"CountryName":"France","Type of Animal":"Poultry"},"geometry":{"type":"Point","coordinates":[7.6161,48.9079]}},{"type":"Feature","properties":{"CountryName":"France","Type of Animal":"Poultry"},"geometry":{"type":"Point","coordinates":[7.2998,47.5226]}},{"type":"Feature","properties":{"CountryName":"France","Type of Animal":"Poultry"},"geometry":{"type":"Point","coordinates":[4.6518,45.5791]}},{"type":"Feature","properties":{"CountryName":"France","Type of Animal":"Poultry"},"geometry":{"type":"Point","coordinates":[4.6661,45.7257]}},{"type":"Feature","properties":{"CountryName":"France","Type of Animal":"Poultry"},"geometry":{"type":"Point","coordinates":[4.552,46.3258]}},{"type":"Feature","properties":{"CountryName":"France","Type of Animal":"Poultry"},"geometry":{"type":"Point","coordinates":[0.012,48.315]}},{"type":"Feature","properties":{"CountryName":"France","Type of Animal":"Poultry"},"geometry":{"type":"Point","coordinates":[0.2224,48.1682]}},{"type":"Feature","properties":{"CountryName":"France","Type of Animal":"Poultry"},"geometry":{"type":"Point","coordinates":[0.7164,47.8144]}},{"type":"Feature","properties":{"CountryName":"France","Type of Animal":"Poultry"},"geometry":{"type":"Point","coordinates":[0.7224,47.9869]}},{"type":"Feature","properties":{"CountryName":"France","Type of Animal":"Poultry"},"geometry":{"type":"Point","coordinates":[-0.1154,47.8157]}},{"type":"Feature","properties":{"CountryName":"France","Type of Animal":"Poultry"},"geometry":{"type":"Point","coordinates":[3.39681,46.45185]}},{"type":"Feature","properties":{"CountryName":"France","Type of Animal":"Poultry"},"geometry":{"type":"Point","coordinates":[-0.2005,47.8572]}},{"type":"Feature","properties":{"CountryName":"France","Type of Animal":"Poultry"},"geometry":{"type":"Point","coordinates":[-0.3106,47.77]}},{"type":"Feature","properties":{"CountryName":"France","Type of Animal":"Poultry"},"geometry":{"type":"Point","coordinates":[0.3381,48.2001]}},{"type":"Feature","properties":{"CountryName":"France","Type of Animal":"Poultry"},"geometry":{"type":"Point","coordinates":[0.0378,47.7284]}},{"type":"Feature","properties":{"CountryName":"France","Type of Animal":"Poultry"},"geometry":{"type":"Point","coordinates":[0.2204,47.7209]}},{"type":"Feature","properties":{"CountryName":"France","Type of Animal":"Poultry"},"geometry":{"type":"Point","coordinates":[0.3611,48.1202]}},{"type":"Feature","properties":{"CountryName":"France","Type of Animal":"Poultry"},"geometry":{"type":"Point","coordinates":[0.268,48.1243]}},{"type":"Feature","properties":{"CountryName":"France","Type of Animal":"Poultry"},"geometry":{"type":"Point","coordinates":[0.5051,47.929]}},{"type":"Feature","properties":{"CountryName":"France","Type of Animal":"Poultry"},"geometry":{"type":"Point","coordinates":[5.9221,45.6245]}},{"type":"Feature","properties":{"CountryName":"France","Type of Animal":"Poultry"},"geometry":{"type":"Point","coordinates":[5.7466,45.6884]}},{"type":"Feature","properties":{"CountryName":"France","Type of Animal":"Poultry"},"geometry":{"type":"Point","coordinates":[-0.1832,47.0184]}},{"type":"Feature","properties":{"CountryName":"France","Type of Animal":"Poultry"},"geometry":{"type":"Point","coordinates":[-0.6598,46.2371]}},{"type":"Feature","properties":{"CountryName":"France","Type of Animal":"Poultry"},"geometry":{"type":"Point","coordinates":[-0.3947,46.7248]}},{"type":"Feature","properties":{"CountryName":"France","Type of Animal":"Poultry"},"geometry":{"type":"Point","coordinates":[-0.544,47.0214]}},{"type":"Feature","properties":{"CountryName":"France","Type of Animal":"Poultry"},"geometry":{"type":"Point","coordinates":[-0.3113,46.8317]}},{"type":"Feature","properties":{"CountryName":"France","Type of Animal":"Poultry"},"geometry":{"type":"Point","coordinates":[-0.5812,46.2468]}},{"type":"Feature","properties":{"CountryName":"France","Type of Animal":"Poultry"},"geometry":{"type":"Point","coordinates":[-0.5875,46.6262]}},{"type":"Feature","properties":{"CountryName":"France","Type of Animal":"Poultry"},"geometry":{"type":"Point","coordinates":[-0.0596,46.7904]}},{"type":"Feature","properties":{"CountryName":"France","Type of Animal":"Poultry"},"geometry":{"type":"Point","coordinates":[-0.3258,46.4657]}},{"type":"Feature","properties":{"CountryName":"France","Type of Animal":"Poultry"},"geometry":{"type":"Point","coordinates":[-0.6847,46.932]}},{"type":"Feature","properties":{"CountryName":"France","Type of Animal":"Poultry"},"geometry":{"type":"Point","coordinates":[-0.3555,46.7943]}},{"type":"Feature","properties":{"CountryName":"France","Type of Animal":"Poultry"},"geometry":{"type":"Point","coordinates":[-0.0605,46.4036]}},{"type":"Feature","properties":{"CountryName":"France","Type of Animal":"Poultry"},"geometry":{"type":"Point","coordinates":[-0.5915,46.4103]}},{"type":"Feature","properties":{"CountryName":"France","Type of Animal":"Poultry"},"geometry":{"type":"Point","coordinates":[-0.53,46.8944]}},{"type":"Feature","properties":{"CountryName":"France","Type of Animal":"Poultry"},"geometry":{"type":"Point","coordinates":[2.6798,50.0813]}},{"type":"Feature","properties":{"CountryName":"France","Type of Animal":"Poultry"},"geometry":{"type":"Point","coordinates":[2.6694,49.7629]}},{"type":"Feature","properties":{"CountryName":"France","Type of Animal":"Poultry"},"geometry":{"type":"Point","coordinates":[2.6842,49.9907]}},{"type":"Feature","properties":{"CountryName":"France","Type of Animal":"Poultry"},"geometry":{"type":"Point","coordinates":[2.3852,49.7143]}},{"type":"Feature","properties":{"CountryName":"France","Type of Animal":"Poultry"},"geometry":{"type":"Point","coordinates":[2.7457,49.7306]}},{"type":"Feature","properties":{"CountryName":"France","Type of Animal":"Poultry"},"geometry":{"type":"Point","coordinates":[2.6194,49.6587]}},{"type":"Feature","properties":{"CountryName":"France","Type of Animal":"Poultry"},"geometry":{"type":"Point","coordinates":[2.4794,49.9489]}},{"type":"Feature","properties":{"CountryName":"France","Type of Animal":"Poultry"},"geometry":{"type":"Point","coordinates":[2.7642,49.8278]}},{"type":"Feature","properties":{"CountryName":"France","Type of Animal":"Poultry"},"geometry":{"type":"Point","coordinates":[2.732,50.096]}},{"type":"Feature","properties":{"CountryName":"France","Type of Animal":"Poultry"},"geometry":{"type":"Point","coordinates":[2.5722,49.6445]}},{"type":"Feature","properties":{"CountryName":"France","Type of Animal":"Poultry"},"geometry":{"type":"Point","coordinates":[2.6493,49.6244]}},{"type":"Feature","properties":{"CountryName":"France","Type of Animal":"Poultry"},"geometry":{"type":"Point","coordinates":[2.4344,49.7192]}},{"type":"Feature","properties":{"CountryName":"France","Type of Animal":"Poultry"},"geometry":{"type":"Point","coordinates":[1.7929,50.3286]}},{"type":"Feature","properties":{"CountryName":"France","Type of Animal":"Poultry"},"geometry":{"type":"Point","coordinates":[3.0279,49.7072]}},{"type":"Feature","properties":{"CountryName":"France","Type of Animal":"Poultry"},"geometry":{"type":"Point","coordinates":[1.8613,43.9583]}},{"type":"Feature","properties":{"CountryName":"France","Type of Animal":"Poultry"},"geometry":{"type":"Point","coordinates":[-1.5688,46.7376]}},{"type":"Feature","properties":{"CountryName":"France","Type of Animal":"Poultry"},"geometry":{"type":"Point","coordinates":[-0.7713,46.6009]}},{"type":"Feature","properties":{"CountryName":"France","Type of Animal":"Poultry"},"geometry":{"type":"Point","coordinates":[-0.7614,46.6129]}},{"type":"Feature","properties":{"CountryName":"France","Type of Animal":"Poultry"},"geometry":{"type":"Point","coordinates":[-0.7551,46.6188]}},{"type":"Feature","properties":{"CountryName":"France","Type of Animal":"Poultry"},"geometry":{"type":"Point","coordinates":[-0.9033,46.6605]}},{"type":"Feature","properties":{"CountryName":"France","Type of Animal":"Poultry"},"geometry":{"type":"Point","coordinates":[-1.5361,46.8207]}},{"type":"Feature","properties":{"CountryName":"France","Type of Animal":"Poultry"},"geometry":{"type":"Point","coordinates":[-1.5288,46.8356]}},{"type":"Feature","properties":{"CountryName":"France","Type of Animal":"Poultry"},"geometry":{"type":"Point","coordinates":[-1.1019,46.8987]}},{"type":"Feature","properties":{"CountryName":"France","Type of Animal":"Poultry"},"geometry":{"type":"Point","coordinates":[-1.1188,46.9141]}},{"type":"Feature","properties":{"CountryName":"France","Type of Animal":"Poultry"},"geometry":{"type":"Point","coordinates":[-0.6217,46.3846]}},{"type":"Feature","properties":{"CountryName":"France","Type of Animal":"Poultry"},"geometry":{"type":"Point","coordinates":[-0.6592,46.351]}},{"type":"Feature","properties":{"CountryName":"France","Type of Animal":"Poultry"},"geometry":{"type":"Point","coordinates":[-1.2788,47.0213]}},{"type":"Feature","properties":{"CountryName":"France","Type of Animal":"Poultry"},"geometry":{"type":"Point","coordinates":[-1.8858,46.9141]}},{"type":"Feature","properties":{"CountryName":"France","Type of Animal":"Poultry"},"geometry":{"type":"Point","coordinates":[-1.1893,46.9137]}},{"type":"Feature","properties":{"CountryName":"France","Type of Animal":"Poultry"},"geometry":{"type":"Point","coordinates":[-1.183,46.937]}},{"type":"Feature","properties":{"CountryName":"France","Type of Animal":"Poultry"},"geometry":{"type":"Point","coordinates":[-1.1825,46.9231]}},{"type":"Feature","properties":{"CountryName":"France","Type of Animal":"Poultry"},"geometry":{"type":"Point","coordinates":[-1.1713,46.9306]}},{"type":"Feature","properties":{"CountryName":"France","Type of Animal":"Poultry"},"geometry":{"type":"Point","coordinates":[-1.2161,46.9746]}},{"type":"Feature","properties":{"CountryName":"France","Type of Animal":"Poultry"},"geometry":{"type":"Point","coordinates":[-0.9512,46.7998]}},{"type":"Feature","properties":{"CountryName":"France","Type of Animal":"Poultry"},"geometry":{"type":"Point","coordinates":[-0.948,46.8053]}},{"type":"Feature","properties":{"CountryName":"France","Type of Animal":"Poultry"},"geometry":{"type":"Point","coordinates":[-0.9697,46.7942]}},{"type":"Feature","properties":{"CountryName":"France","Type of Animal":"Poultry"},"geometry":{"type":"Point","coordinates":[-0.9497,46.8052]}},{"type":"Feature","properties":{"CountryName":"France","Type of Animal":"Poultry"},"geometry":{"type":"Point","coordinates":[-1.1585,46.655]}},{"type":"Feature","properties":{"CountryName":"France","Type of Animal":"Poultry"},"geometry":{"type":"Point","coordinates":[-1.3715,46.8687]}},{"type":"Feature","properties":{"CountryName":"France","Type of Animal":"Poultry"},"geometry":{"type":"Point","coordinates":[-1.3289,46.8902]}},{"type":"Feature","properties":{"CountryName":"France","Type of Animal":"Poultry"},"geometry":{"type":"Point","coordinates":[-1.341,46.8936]}},{"type":"Feature","properties":{"CountryName":"France","Type of Animal":"Poultry"},"geometry":{"type":"Point","coordinates":[-1.1646,47.0215]}},{"type":"Feature","properties":{"CountryName":"France","Type of Animal":"Poultry"},"geometry":{"type":"Point","coordinates":[-0.9376,46.6526]}},{"type":"Feature","properties":{"CountryName":"France","Type of Animal":"Poultry"},"geometry":{"type":"Point","coordinates":[-0.7992,46.588]}},{"type":"Feature","properties":{"CountryName":"France","Type of Animal":"Poultry"},"geometry":{"type":"Point","coordinates":[-0.8128,46.5785]}},{"type":"Feature","properties":{"CountryName":"France","Type of Animal":"Poultry"},"geometry":{"type":"Point","coordinates":[-1.36,46.5944]}},{"type":"Feature","properties":{"CountryName":"France","Type of Animal":"Poultry"},"geometry":{"type":"Point","coordinates":[-1.3112,46.6474]}},{"type":"Feature","properties":{"CountryName":"France","Type of Animal":"Poultry"},"geometry":{"type":"Point","coordinates":[-1.2625,46.6993]}},{"type":"Feature","properties":{"CountryName":"France","Type of Animal":"Poultry"},"geometry":{"type":"Point","coordinates":[-1.3,46.7024]}},{"type":"Feature","properties":{"CountryName":"France","Type of Animal":"Poultry"},"geometry":{"type":"Point","coordinates":[-1.3108,46.6285]}},{"type":"Feature","properties":{"CountryName":"France","Type of Animal":"Poultry"},"geometry":{"type":"Point","coordinates":[-1.83,46.8039]}},{"type":"Feature","properties":{"CountryName":"France","Type of Animal":"Poultry"},"geometry":{"type":"Point","coordinates":[-1.7799,46.8461]}},{"type":"Feature","properties":{"CountryName":"France","Type of Animal":"Poultry"},"geometry":{"type":"Point","coordinates":[-1.8276,46.8002]}},{"type":"Feature","properties":{"CountryName":"France","Type of Animal":"Poultry"},"geometry":{"type":"Point","coordinates":[-1.7665,46.8411]}},{"type":"Feature","properties":{"CountryName":"France","Type of Animal":"Poultry"},"geometry":{"type":"Point","coordinates":[-1.0419,46.6668]}},{"type":"Feature","properties":{"CountryName":"France","Type of Animal":"Poultry"},"geometry":{"type":"Point","coordinates":[-1.0447,46.6682]}},{"type":"Feature","properties":{"CountryName":"France","Type of Animal":"Poultry"},"geometry":{"type":"Point","coordinates":[-1.0322,46.6653]}},{"type":"Feature","properties":{"CountryName":"France","Type of Animal":"Poultry"},"geometry":{"type":"Point","coordinates":[-0.6446,46.6284]}},{"type":"Feature","properties":{"CountryName":"France","Type of Animal":"Poultry"},"geometry":{"type":"Point","coordinates":[-1.6301,46.7816]}},{"type":"Feature","properties":{"CountryName":"France","Type of Animal":"Poultry"},"geometry":{"type":"Point","coordinates":[-1.2583,46.8348]}},{"type":"Feature","properties":{"CountryName":"France","Type of Animal":"Poultry"},"geometry":{"type":"Point","coordinates":[-1.2937,46.8223]}},{"type":"Feature","properties":{"CountryName":"France","Type of Animal":"Poultry"},"geometry":{"type":"Point","coordinates":[-1.2814,46.8277]}},{"type":"Feature","properties":{"CountryName":"France","Type of Animal":"Poultry"},"geometry":{"type":"Point","coordinates":[-1.2096,46.8435]}},{"type":"Feature","properties":{"CountryName":"France","Type of Animal":"Poultry"},"geometry":{"type":"Point","coordinates":[-1.3033,46.8302]}},{"type":"Feature","properties":{"CountryName":"France","Type of Animal":"Poultry"},"geometry":{"type":"Point","coordinates":[-1.2054,46.818]}},{"type":"Feature","properties":{"CountryName":"France","Type of Animal":"Poultry"},"geometry":{"type":"Point","coordinates":[-1.2917,46.8162]}},{"type":"Feature","properties":{"CountryName":"France","Type of Animal":"Poultry"},"geometry":{"type":"Point","coordinates":[-1.2808,46.864]}},{"type":"Feature","properties":{"CountryName":"France","Type of Animal":"Poultry"},"geometry":{"type":"Point","coordinates":[-1.2048,46.8731]}},{"type":"Feature","properties":{"CountryName":"France","Type of Animal":"Poultry"},"geometry":{"type":"Point","coordinates":[-1.2742,46.8781]}},{"type":"Feature","properties":{"CountryName":"France","Type of Animal":"Poultry"},"geometry":{"type":"Point","coordinates":[-1.199,46.8834]}},{"type":"Feature","properties":{"CountryName":"France","Type of Animal":"Poultry"},"geometry":{"type":"Point","coordinates":[-1.1844,46.9126]}},{"type":"Feature","properties":{"CountryName":"France","Type of Animal":"Poultry"},"geometry":{"type":"Point","coordinates":[-0.8113,46.6734]}},{"type":"Feature","properties":{"CountryName":"France","Type of Animal":"Poultry"},"geometry":{"type":"Point","coordinates":[-0.8006,46.6818]}},{"type":"Feature","properties":{"CountryName":"France","Type of Animal":"Poultry"},"geometry":{"type":"Point","coordinates":[-0.8142,46.6735]}},{"type":"Feature","properties":{"CountryName":"France","Type of Animal":"Poultry"},"geometry":{"type":"Point","coordinates":[-1.2666,47.0775]}},{"type":"Feature","properties":{"CountryName":"France","Type of Animal":"Poultry"},"geometry":{"type":"Point","coordinates":[-0.8819,46.8695]}},{"type":"Feature","properties":{"CountryName":"France","Type of Animal":"Poultry"},"geometry":{"type":"Point","coordinates":[-0.9232,46.88]}},{"type":"Feature","properties":{"CountryName":"France","Type of Animal":"Poultry"},"geometry":{"type":"Point","coordinates":[-1.1863,46.7506]}},{"type":"Feature","properties":{"CountryName":"France","Type of Animal":"Poultry"},"geometry":{"type":"Point","coordinates":[-1.2021,46.7561]}},{"type":"Feature","properties":{"CountryName":"France","Type of Animal":"Poultry"},"geometry":{"type":"Point","coordinates":[-1.2629,46.7605]}},{"type":"Feature","properties":{"CountryName":"France","Type of Animal":"Poultry"},"geometry":{"type":"Point","coordinates":[-1.229,46.8204]}},{"type":"Feature","properties":{"CountryName":"France","Type of Animal":"Poultry"},"geometry":{"type":"Point","coordinates":[-1.2514,46.7523]}},{"type":"Feature","properties":{"CountryName":"France","Type of Animal":"Poultry"},"geometry":{"type":"Point","coordinates":[-1.2629,46.7649]}},{"type":"Feature","properties":{"CountryName":"France","Type of Animal":"Poultry"},"geometry":{"type":"Point","coordinates":[-1.2635,46.7822]}},{"type":"Feature","properties":{"CountryName":"France","Type of Animal":"Poultry"},"geometry":{"type":"Point","coordinates":[-1.7153,46.8829]}},{"type":"Feature","properties":{"CountryName":"France","Type of Animal":"Poultry"},"geometry":{"type":"Point","coordinates":[-1.3426,46.6934]}},{"type":"Feature","properties":{"CountryName":"France","Type of Animal":"Poultry"},"geometry":{"type":"Point","coordinates":[-1.3308,46.7142]}},{"type":"Feature","properties":{"CountryName":"France","Type of Animal":"Poultry"},"geometry":{"type":"Point","coordinates":[-1.334,46.7329]}},{"type":"Feature","properties":{"CountryName":"France","Type of Animal":"Poultry"},"geometry":{"type":"Point","coordinates":[-0.8405,46.8281]}},{"type":"Feature","properties":{"CountryName":"France","Type of Animal":"Poultry"},"geometry":{"type":"Point","coordinates":[-0.8246,46.832]}},{"type":"Feature","properties":{"CountryName":"France","Type of Animal":"Poultry"},"geometry":{"type":"Point","coordinates":[-0.8079,46.4254]}},{"type":"Feature","properties":{"CountryName":"France","Type of Animal":"Poultry"},"geometry":{"type":"Point","coordinates":[-1.7757,46.8665]}},{"type":"Feature","properties":{"CountryName":"France","Type of Animal":"Poultry"},"geometry":{"type":"Point","coordinates":[-1.2742,46.9868]}},{"type":"Feature","properties":{"CountryName":"France","Type of Animal":"Poultry"},"geometry":{"type":"Point","coordinates":[-1.2389,46.966]}},{"type":"Feature","properties":{"CountryName":"France","Type of Animal":"Poultry"},"geometry":{"type":"Point","coordinates":[-1.2684,46.9577]}},{"type":"Feature","properties":{"CountryName":"France","Type of Animal":"Poultry"},"geometry":{"type":"Point","coordinates":[-0.9953,46.8533]}},{"type":"Feature","properties":{"CountryName":"France","Type of Animal":"Poultry"},"geometry":{"type":"Point","coordinates":[-1.0816,46.8645]}},{"type":"Feature","properties":{"CountryName":"France","Type of Animal":"Poultry"},"geometry":{"type":"Point","coordinates":[-1.02,46.8541]}},{"type":"Feature","properties":{"CountryName":"France","Type of Animal":"Poultry"},"geometry":{"type":"Point","coordinates":[-1.0032,46.8343]}},{"type":"Feature","properties":{"CountryName":"France","Type of Animal":"Poultry"},"geometry":{"type":"Point","coordinates":[-1.0228,46.8283]}},{"type":"Feature","properties":{"CountryName":"France","Type of Animal":"Poultry"},"geometry":{"type":"Point","coordinates":[-1.1113,46.9768]}},{"type":"Feature","properties":{"CountryName":"France","Type of Animal":"Poultry"},"geometry":{"type":"Point","coordinates":[-1.1124,46.982]}},{"type":"Feature","properties":{"CountryName":"France","Type of Animal":"Poultry"},"geometry":{"type":"Point","coordinates":[-1.1084,46.9501]}},{"type":"Feature","properties":{"CountryName":"France","Type of Animal":"Poultry"},"geometry":{"type":"Point","coordinates":[-1.1311,46.9506]}},{"type":"Feature","properties":{"CountryName":"France","Type of Animal":"Poultry"},"geometry":{"type":"Point","coordinates":[-0.6865,46.6162]}},{"type":"Feature","properties":{"CountryName":"France","Type of Animal":"Poultry"},"geometry":{"type":"Point","coordinates":[-1.6961,46.7807]}},{"type":"Feature","properties":{"CountryName":"France","Type of Animal":"Poultry"},"geometry":{"type":"Point","coordinates":[-1.7024,46.7495]}},{"type":"Feature","properties":{"CountryName":"France","Type of Animal":"Poultry"},"geometry":{"type":"Point","coordinates":[-1.7125,46.7808]}},{"type":"Feature","properties":{"CountryName":"France","Type of Animal":"Poultry"},"geometry":{"type":"Point","coordinates":[-0.7755,46.3441]}},{"type":"Feature","properties":{"CountryName":"France","Type of Animal":"Poultry"},"geometry":{"type":"Point","coordinates":[-0.7429,46.728]}},{"type":"Feature","properties":{"CountryName":"France","Type of Animal":"Poultry"},"geometry":{"type":"Point","coordinates":[-0.7267,46.7511]}},{"type":"Feature","properties":{"CountryName":"France","Type of Animal":"Poultry"},"geometry":{"type":"Point","coordinates":[-0.7385,46.7203]}},{"type":"Feature","properties":{"CountryName":"France","Type of Animal":"Poultry"},"geometry":{"type":"Point","coordinates":[-1.3113,46.7663]}},{"type":"Feature","properties":{"CountryName":"France","Type of Animal":"Poultry"},"geometry":{"type":"Point","coordinates":[-1.1175,46.8633]}},{"type":"Feature","properties":{"CountryName":"France","Type of Animal":"Poultry"},"geometry":{"type":"Point","coordinates":[-1.113,46.872]}},{"type":"Feature","properties":{"CountryName":"France","Type of Animal":"Poultry"},"geometry":{"type":"Point","coordinates":[-0.925,46.7331]}},{"type":"Feature","properties":{"CountryName":"France","Type of Animal":"Poultry"},"geometry":{"type":"Point","coordinates":[-0.7981,46.7401]}},{"type":"Feature","properties":{"CountryName":"France","Type of Animal":"Poultry"},"geometry":{"type":"Point","coordinates":[-0.8445,46.6596]}},{"type":"Feature","properties":{"CountryName":"France","Type of Animal":"Poultry"},"geometry":{"type":"Point","coordinates":[-1.1169,46.7636]}},{"type":"Feature","properties":{"CountryName":"France","Type of Animal":"Poultry"},"geometry":{"type":"Point","coordinates":[-1.1376,46.7942]}},{"type":"Feature","properties":{"CountryName":"France","Type of Animal":"Poultry"},"geometry":{"type":"Point","coordinates":[-1.97,46.835]}},{"type":"Feature","properties":{"CountryName":"France","Type of Animal":"Poultry"},"geometry":{"type":"Point","coordinates":[-0.8029,46.5176]}},{"type":"Feature","properties":{"CountryName":"France","Type of Animal":"Poultry"},"geometry":{"type":"Point","coordinates":[-0.8671,46.7696]}},{"type":"Feature","properties":{"CountryName":"France","Type of Animal":"Poultry"},"geometry":{"type":"Point","coordinates":[-0.8147,46.7841]}},{"type":"Feature","properties":{"CountryName":"France","Type of Animal":"Poultry"},"geometry":{"type":"Point","coordinates":[-0.8197,46.78]}},{"type":"Feature","properties":{"CountryName":"France","Type of Animal":"Poultry"},"geometry":{"type":"Point","coordinates":[-0.6926,46.5822]}},{"type":"Feature","properties":{"CountryName":"France","Type of Animal":"Poultry"},"geometry":{"type":"Point","coordinates":[-1.0826,46.3874]}},{"type":"Feature","properties":{"CountryName":"France","Type of Animal":"Poultry"},"geometry":{"type":"Point","coordinates":[-1.2404,46.8581]}},{"type":"Feature","properties":{"CountryName":"France","Type of Animal":"Poultry"},"geometry":{"type":"Point","coordinates":[-0.8213,46.7107]}},{"type":"Feature","properties":{"CountryName":"France","Type of Animal":"Poultry"},"geometry":{"type":"Point","coordinates":[-0.8188,46.7117]}},{"type":"Feature","properties":{"CountryName":"France","Type of Animal":"Poultry"},"geometry":{"type":"Point","coordinates":[-1.0434,46.6264]}},{"type":"Feature","properties":{"CountryName":"France","Type of Animal":"Poultry"},"geometry":{"type":"Point","coordinates":[-1.4,46.6936]}},{"type":"Feature","properties":{"CountryName":"France","Type of Animal":"Poultry"},"geometry":{"type":"Point","coordinates":[-1.1848,46.8338]}},{"type":"Feature","properties":{"CountryName":"France","Type of Animal":"Poultry"},"geometry":{"type":"Point","coordinates":[-1.2277,46.8502]}},{"type":"Feature","properties":{"CountryName":"France","Type of Animal":"Poultry"},"geometry":{"type":"Point","coordinates":[-1.1987,46.8438]}},{"type":"Feature","properties":{"CountryName":"France","Type of Animal":"Poultry"},"geometry":{"type":"Point","coordinates":[-1.1836,46.835]}},{"type":"Feature","properties":{"CountryName":"France","Type of Animal":"Poultry"},"geometry":{"type":"Point","coordinates":[-1.231,46.8726]}},{"type":"Feature","properties":{"CountryName":"France","Type of Animal":"Poultry"},"geometry":{"type":"Point","coordinates":[-1.4146,46.9169]}},{"type":"Feature","properties":{"CountryName":"France","Type of Animal":"Poultry"},"geometry":{"type":"Point","coordinates":[-1.151,46.7366]}},{"type":"Feature","properties":{"CountryName":"France","Type of Animal":"Poultry"},"geometry":{"type":"Point","coordinates":[-1.7725,46.7872]}},{"type":"Feature","properties":{"CountryName":"France","Type of Animal":"Poultry"},"geometry":{"type":"Point","coordinates":[-0.8557,46.5685]}},{"type":"Feature","properties":{"CountryName":"France","Type of Animal":"Poultry"},"geometry":{"type":"Point","coordinates":[-1.4019,46.8556]}},{"type":"Feature","properties":{"CountryName":"France","Type of Animal":"Poultry"},"geometry":{"type":"Point","coordinates":[-1.3749,46.8313]}},{"type":"Feature","properties":{"CountryName":"France","Type of Animal":"Poultry"},"geometry":{"type":"Point","coordinates":[-1.3615,46.8058]}},{"type":"Feature","properties":{"CountryName":"France","Type of Animal":"Poultry"},"geometry":{"type":"Point","coordinates":[-1.3643,46.8324]}},{"type":"Feature","properties":{"CountryName":"France","Type of Animal":"Poultry"},"geometry":{"type":"Point","coordinates":[-1.3929,46.8422]}},{"type":"Feature","properties":{"CountryName":"France","Type of Animal":"Poultry"},"geometry":{"type":"Point","coordinates":[-1.3821,46.8381]}},{"type":"Feature","properties":{"CountryName":"France","Type of Animal":"Poultry"},"geometry":{"type":"Point","coordinates":[-1.0373,46.5036]}},{"type":"Feature","properties":{"CountryName":"France","Type of Animal":"Poultry"},"geometry":{"type":"Point","coordinates":[-1.6238,46.833]}},{"type":"Feature","properties":{"CountryName":"France","Type of Animal":"Poultry"},"geometry":{"type":"Point","coordinates":[-1.1446,46.8897]}},{"type":"Feature","properties":{"CountryName":"France","Type of Animal":"Poultry"},"geometry":{"type":"Point","coordinates":[-1.1414,46.8362]}},{"type":"Feature","properties":{"CountryName":"France","Type of Animal":"Poultry"},"geometry":{"type":"Point","coordinates":[-1.1845,46.8675]}},{"type":"Feature","properties":{"CountryName":"France","Type of Animal":"Poultry"},"geometry":{"type":"Point","coordinates":[-1.1967,46.8577]}},{"type":"Feature","properties":{"CountryName":"France","Type of Animal":"Poultry"},"geometry":{"type":"Point","coordinates":[-1.1328,46.8826]}},{"type":"Feature","properties":{"CountryName":"France","Type of Animal":"Poultry"},"geometry":{"type":"Point","coordinates":[-1.1601,46.8447]}},{"type":"Feature","properties":{"CountryName":"France","Type of Animal":"Poultry"},"geometry":{"type":"Point","coordinates":[-1.0174,46.7457]}},{"type":"Feature","properties":{"CountryName":"France","Type of Animal":"Poultry"},"geometry":{"type":"Point","coordinates":[-1.3636,47.0249]}},{"type":"Feature","properties":{"CountryName":"France","Type of Animal":"Poultry"},"geometry":{"type":"Point","coordinates":[-1.2926,47.0308]}},{"type":"Feature","properties":{"CountryName":"France","Type of Animal":"Poultry"},"geometry":{"type":"Point","coordinates":[-0.6476,46.5948]}},{"type":"Feature","properties":{"CountryName":"France","Type of Animal":"Poultry"},"geometry":{"type":"Point","coordinates":[-0.9321,46.9379]}},{"type":"Feature","properties":{"CountryName":"France","Type of Animal":"Poultry"},"geometry":{"type":"Point","coordinates":[-0.9093,46.9274]}},{"type":"Feature","properties":{"CountryName":"France","Type of Animal":"Poultry"},"geometry":{"type":"Point","coordinates":[-0.9373,46.8579]}},{"type":"Feature","properties":{"CountryName":"France","Type of Animal":"Poultry"},"geometry":{"type":"Point","coordinates":[-1.1605,46.7143]}},{"type":"Feature","properties":{"CountryName":"France","Type of Animal":"Poultry"},"geometry":{"type":"Point","coordinates":[-1.1669,46.7341]}},{"type":"Feature","properties":{"CountryName":"France","Type of Animal":"Poultry"},"geometry":{"type":"Point","coordinates":[-1.2308,46.7384]}},{"type":"Feature","properties":{"CountryName":"France","Type of Animal":"Poultry"},"geometry":{"type":"Point","coordinates":[-1.233,46.7376]}},{"type":"Feature","properties":{"CountryName":"France","Type of Animal":"Poultry"},"geometry":{"type":"Point","coordinates":[-0.7006,46.5898]}},{"type":"Feature","properties":{"CountryName":"France","Type of Animal":"Poultry"},"geometry":{"type":"Point","coordinates":[-0.8361,46.6353]}},{"type":"Feature","properties":{"CountryName":"France","Type of Animal":"Poultry"},"geometry":{"type":"Point","coordinates":[-0.9263,46.8424]}},{"type":"Feature","properties":{"CountryName":"France","Type of Animal":"Poultry"},"geometry":{"type":"Point","coordinates":[-0.9994,46.8202]}},{"type":"Feature","properties":{"CountryName":"France","Type of Animal":"Poultry"},"geometry":{"type":"Point","coordinates":[-1.4806,47.0145]}},{"type":"Feature","properties":{"CountryName":"France","Type of Animal":"Poultry"},"geometry":{"type":"Point","coordinates":[-1.5404,46.9623]}},{"type":"Feature","properties":{"CountryName":"France","Type of Animal":"Poultry"},"geometry":{"type":"Point","coordinates":[-1.4289,46.8856]}},{"type":"Feature","properties":{"CountryName":"France","Type of Animal":"Poultry"},"geometry":{"type":"Point","coordinates":[-1.9821,46.8555]}},{"type":"Feature","properties":{"CountryName":"France","Type of Animal":"Poultry"},"geometry":{"type":"Point","coordinates":[-1.9177,46.7638]}},{"type":"Feature","properties":{"CountryName":"France","Type of Animal":"Poultry"},"geometry":{"type":"Point","coordinates":[-0.7183,46.6735]}},{"type":"Feature","properties":{"CountryName":"France","Type of Animal":"Poultry"},"geometry":{"type":"Point","coordinates":[-0.8577,46.907]}},{"type":"Feature","properties":{"CountryName":"France","Type of Animal":"Poultry"},"geometry":{"type":"Point","coordinates":[-1.7723,46.61]}},{"type":"Feature","properties":{"CountryName":"France","Type of Animal":"Poultry"},"geometry":{"type":"Point","coordinates":[-1.733,46.6246]}},{"type":"Feature","properties":{"CountryName":"France","Type of Animal":"Poultry"},"geometry":{"type":"Point","coordinates":[-1.7419,46.6124]}},{"type":"Feature","properties":{"CountryName":"France","Type of Animal":"Poultry"},"geometry":{"type":"Point","coordinates":[-1.1306,46.8278]}},{"type":"Feature","properties":{"CountryName":"France","Type of Animal":"Poultry"},"geometry":{"type":"Point","coordinates":[-1.1526,46.8265]}},{"type":"Feature","properties":{"CountryName":"France","Type of Animal":"Poultry"},"geometry":{"type":"Point","coordinates":[-1.1034,46.8075]}},{"type":"Feature","properties":{"CountryName":"France","Type of Animal":"Poultry"},"geometry":{"type":"Point","coordinates":[-0.9916,46.9524]}},{"type":"Feature","properties":{"CountryName":"France","Type of Animal":"Poultry"},"geometry":{"type":"Point","coordinates":[-0.865,46.3577]}},{"type":"Feature","properties":{"CountryName":"France","Type of Animal":"Poultry"},"geometry":{"type":"Point","coordinates":[-0.7138,46.4361]}},{"type":"Feature","properties":{"CountryName":"France","Type of Animal":"Poultry"},"geometry":{"type":"Point","coordinates":[-0.7023,46.4506]}},{"type":"Feature","properties":{"CountryName":"France","Type of Animal":"Poultry"},"geometry":{"type":"Point","coordinates":[-1.0902,46.9223]}},{"type":"Feature","properties":{"CountryName":"France","Type of Animal":"Poultry"},"geometry":{"type":"Point","coordinates":[-1.1127,46.947]}},{"type":"Feature","properties":{"CountryName":"France","Type of Animal":"Poultry"},"geometry":{"type":"Point","coordinates":[-1.1203,46.9817]}},{"type":"Feature","properties":{"CountryName":"France","Type of Animal":"Poultry"},"geometry":{"type":"Point","coordinates":[-0.7268,46.7479]}},{"type":"Feature","properties":{"CountryName":"France","Type of Animal":"Poultry"},"geometry":{"type":"Point","coordinates":[-0.8396,46.6604]}},{"type":"Feature","properties":{"CountryName":"France","Type of Animal":"Poultry"},"geometry":{"type":"Point","coordinates":[-1.1493,46.8573]}},{"type":"Feature","properties":{"CountryName":"France","Type of Animal":"Poultry"},"geometry":{"type":"Point","coordinates":[-0.6683,46.7152]}},{"type":"Feature","properties":{"CountryName":"France","Type of Animal":"Poultry"},"geometry":{"type":"Point","coordinates":[-1.0041,46.7148]}},{"type":"Feature","properties":{"CountryName":"France","Type of Animal":"Poultry"},"geometry":{"type":"Point","coordinates":[-0.9691,46.6809]}},{"type":"Feature","properties":{"CountryName":"France","Type of Animal":"Poultry"},"geometry":{"type":"Point","coordinates":[-1.3654,46.9501]}},{"type":"Feature","properties":{"CountryName":"France","Type of Animal":"Poultry"},"geometry":{"type":"Point","coordinates":[-1.1546,46.6157]}},{"type":"Feature","properties":{"CountryName":"France","Type of Animal":"Poultry"},"geometry":{"type":"Point","coordinates":[-1.2478,46.7124]}},{"type":"Feature","properties":{"CountryName":"France","Type of Animal":"Poultry"},"geometry":{"type":"Point","coordinates":[-1.2479,46.7123]}},{"type":"Feature","properties":{"CountryName":"France","Type of Animal":"Poultry"},"geometry":{"type":"Point","coordinates":[-0.999,46.9109]}},{"type":"Feature","properties":{"CountryName":"France","Type of Animal":"Poultry"},"geometry":{"type":"Point","coordinates":[-1.2626,46.8847]}},{"type":"Feature","properties":{"CountryName":"France","Type of Animal":"Poultry"},"geometry":{"type":"Point","coordinates":[-1.8129,46.77]}},{"type":"Feature","properties":{"CountryName":"France","Type of Animal":"Poultry"},"geometry":{"type":"Point","coordinates":[-1.7337,46.8802]}},{"type":"Feature","properties":{"CountryName":"France","Type of Animal":"Poultry"},"geometry":{"type":"Point","coordinates":[-0.7433,46.6987]}},{"type":"Feature","properties":{"CountryName":"France","Type of Animal":"Poultry"},"geometry":{"type":"Point","coordinates":[3.6309,48.0253]}},{"type":"Feature","properties":{"CountryName":"France","Type of Animal":"Poultry"},"geometry":{"type":"Point","coordinates":[3.0784,47.8908]}},{"type":"Feature","properties":{"CountryName":"France","Type of Animal":"Poultry"},"geometry":{"type":"Point","coordinates":[3.3338,47.8541]}},{"type":"Feature","properties":{"CountryName":"France","Type of Animal":"Poultry"},"geometry":{"type":"Point","coordinates":[3.062,47.9108]}},{"type":"Feature","properties":{"CountryName":"France","Type of Animal":"Poultry"},"geometry":{"type":"Point","coordinates":[3.3059,47.6784]}},{"type":"Feature","properties":{"CountryName":"France","Type of Animal":"Poultry"},"geometry":{"type":"Point","coordinates":[3.3541,47.6632]}},{"type":"Feature","properties":{"CountryName":"France","Type of Animal":"Poultry"},"geometry":{"type":"Point","coordinates":[3.7183,47.5227]}},{"type":"Feature","properties":{"CountryName":"France","Type of Animal":"Poultry"},"geometry":{"type":"Point","coordinates":[3.2751,47.8567]}},{"type":"Feature","properties":{"CountryName":"France","Type of Animal":"Poultry"},"geometry":{"type":"Point","coordinates":[3.2472,47.9294]}},{"type":"Feature","properties":{"CountryName":"France","Type of Animal":"Poultry"},"geometry":{"type":"Point","coordinates":[3.774,47.9312]}},{"type":"Feature","properties":{"CountryName":"France","Type of Animal":"Poultry"},"geometry":{"type":"Point","coordinates":[3.1372,47.9543]}},{"type":"Feature","properties":{"CountryName":"France","Type of Animal":"Poultry"},"geometry":{"type":"Point","coordinates":[3.4425,48.3278]}},{"type":"Feature","properties":{"CountryName":"France","Type of Animal":"Poultry"},"geometry":{"type":"Point","coordinates":[2.3469,48.8589]}},{"type":"Feature","properties":{"CountryName":"France","Type of Animal":"Poultry"},"geometry":{"type":"Point","coordinates":[2.3469,48.8589]}},{"type":"Feature","properties":{"CountryName":"France","Type of Animal":"Poultry"},"geometry":{"type":"Point","coordinates":[3.6043,48.1626]}},{"type":"Feature","properties":{"CountryName":"France","Type of Animal":"Poultry"},"geometry":{"type":"Point","coordinates":[3.7076,48.0648]}},{"type":"Feature","properties":{"CountryName":"France","Type of Animal":"Poultry"},"geometry":{"type":"Point","coordinates":[4.36593,48.54851]}},{"type":"Feature","properties":{"CountryName":"France","Type of Animal":"Poultry"},"geometry":{"type":"Point","coordinates":[-4.08145,48.1887]}},{"type":"Feature","properties":{"CountryName":"France","Type of Animal":"Poultry"},"geometry":{"type":"Point","coordinates":[-4.16781,47.86853]}},{"type":"Feature","properties":{"CountryName":"France","Type of Animal":"Poultry"},"geometry":{"type":"Point","coordinates":[-3.46322,48.08168]}},{"type":"Feature","properties":{"CountryName":"France","Type of Animal":"Poultry"},"geometry":{"type":"Point","coordinates":[-2.04403,48.03556]}},{"type":"Feature","properties":{"CountryName":"France","Type of Animal":"Poultry"},"geometry":{"type":"Point","coordinates":[-1.84331,48.59788]}},{"type":"Feature","properties":{"CountryName":"France","Type of Animal":"Poultry"},"geometry":{"type":"Point","coordinates":[-0.91976,47.34367]}},{"type":"Feature","properties":{"CountryName":"France","Type of Animal":"Poultry"},"geometry":{"type":"Point","coordinates":[1.09994,48.0106]}},{"type":"Feature","properties":{"CountryName":"France","Type of Animal":"Poultry"},"geometry":{"type":"Point","coordinates":[-1.0484,46.66837]}},{"type":"Feature","properties":{"CountryName":"France","Type of Animal":"Poultry"},"geometry":{"type":"Point","coordinates":[-1.17782,46.89053]}},{"type":"Feature","properties":{"CountryName":"France","Type of Animal":"Poultry"},"geometry":{"type":"Point","coordinates":[5.49641,48.86759]}},{"type":"Feature","properties":{"CountryName":"France","Type of Animal":"Poultry"},"geometry":{"type":"Point","coordinates":[-3.11677,47.98531]}},{"type":"Feature","properties":{"CountryName":"France","Type of Animal":"Poultry"},"geometry":{"type":"Point","coordinates":[-0.70867,46.91899]}},{"type":"Feature","properties":{"CountryName":"France","Type of Animal":"Poultry"},"geometry":{"type":"Point","coordinates":[-3.16006,47.84165]}},{"type":"Feature","properties":{"CountryName":"France","Type of Animal":"Poultry"},"geometry":{"type":"Point","coordinates":[3.31254,45.57239]}},{"type":"Feature","properties":{"CountryName":"France","Type of Animal":"Poultry"},"geometry":{"type":"Point","coordinates":[0.6808,47.63678]}},{"type":"Feature","properties":{"CountryName":"France","Type of Animal":"Poultry"},"geometry":{"type":"Point","coordinates":[-1.15767,47.15535]}},{"type":"Feature","properties":{"CountryName":"France","Type of Animal":"Poultry"},"geometry":{"type":"Point","coordinates":[0.07667,48.22661]}},{"type":"Feature","properties":{"CountryName":"France","Type of Animal":"Poultry"},"geometry":{"type":"Point","coordinates":[-0.63006,46.74542]}},{"type":"Feature","properties":{"CountryName":"France","Type of Animal":"Poultry"},"geometry":{"type":"Point","coordinates":[3.34831,48.6701]}},{"type":"Feature","properties":{"CountryName":"France","Type of Animal":"Poultry"},"geometry":{"type":"Point","coordinates":[-1.65162,46.97511]}},{"type":"Feature","properties":{"CountryName":"France","Type of Animal":"Poultry"},"geometry":{"type":"Point","coordinates":[-3.239,48.03688]}},{"type":"Feature","properties":{"CountryName":"France","Type of Animal":"Poultry"},"geometry":{"type":"Point","coordinates":[-1.08354,47.72605]}},{"type":"Feature","properties":{"CountryName":"France","Type of Animal":"Poultry"},"geometry":{"type":"Point","coordinates":[-2.43891,48.4747]}},{"type":"Feature","properties":{"CountryName":"France","Type of Animal":"Poultry"},"geometry":{"type":"Point","coordinates":[-60.99989,14.66907]}},{"type":"Feature","properties":{"CountryName":"France","Type of Animal":"Poultry"},"geometry":{"type":"Point","coordinates":[55.55601,-21.18479]}},{"type":"Feature","properties":{"CountryName":"France","Type of Animal":"Poultry"},"geometry":{"type":"Point","coordinates":[4.88459,49.02148]}},{"type":"Feature","properties":{"CountryName":"France","Type of Animal":"Poultry"},"geometry":{"type":"Point","coordinates":[4.87837,46.63127]}},{"type":"Feature","properties":{"CountryName":"France","Type of Animal":"Poultry"},"geometry":{"type":"Point","coordinates":[4.44174,46.39518]}},{"type":"Feature","properties":{"CountryName":"France","Type of Animal":"Poultry"},"geometry":{"type":"Point","coordinates":[-0.75524,48.43255]}},{"type":"Feature","properties":{"CountryName":"France","Type of Animal":"Poultry"},"geometry":{"type":"Point","coordinates":[-0.31949,47.76657]}},{"type":"Feature","properties":{"CountryName":"France","Type of Animal":"Poultry"},"geometry":{"type":"Point","coordinates":[-0.89014,47.41502]}},{"type":"Feature","properties":{"CountryName":"France","Type of Animal":"Poultry"},"geometry":{"type":"Point","coordinates":[0.3589,48.23803]}},{"type":"Feature","properties":{"CountryName":"France","Type of Animal":"Poultry"},"geometry":{"type":"Point","coordinates":[9.44018,42.61651]}},{"type":"Feature","properties":{"CountryName":"France","Type of Animal":"Poultry"},"geometry":{"type":"Point","coordinates":[-2.2625,48.32352]}},{"type":"Feature","properties":{"CountryName":"France","Type of Animal":"Poultry"},"geometry":{"type":"Point","coordinates":[-2.70767,48.40584]}},{"type":"Feature","properties":{"CountryName":"France","Type of Animal":"Poultry"},"geometry":{"type":"Point","coordinates":[-3.0418,48.41312]}},{"type":"Feature","properties":{"CountryName":"France","Type of Animal":"Poultry"},"geometry":{"type":"Point","coordinates":[-3.41242,48.28611]}},{"type":"Feature","properties":{"CountryName":"France","Type of Animal":"Poultry"},"geometry":{"type":"Point","coordinates":[0.80327,44.98846]}},{"type":"Feature","properties":{"CountryName":"France","Type of Animal":"Poultry"},"geometry":{"type":"Point","coordinates":[1.25702,48.48066]}},{"type":"Feature","properties":{"CountryName":"France","Type of Animal":"Poultry"},"geometry":{"type":"Point","coordinates":[1.27381,48.11734]}},{"type":"Feature","properties":{"CountryName":"France","Type of Animal":"Poultry"},"geometry":{"type":"Point","coordinates":[2.31334,47.86139]}},{"type":"Feature","properties":{"CountryName":"France","Type of Animal":"Poultry"},"geometry":{"type":"Point","coordinates":[4.49547,49.24061]}},{"type":"Feature","properties":{"CountryName":"France","Type of Animal":"Poultry"},"geometry":{"type":"Point","coordinates":[-2.44037,47.96202]}},{"type":"Feature","properties":{"CountryName":"France","Type of Animal":"Poultry"},"geometry":{"type":"Point","coordinates":[3.80341,47.07472]}},{"type":"Feature","properties":{"CountryName":"France","Type of Animal":"Poultry"},"geometry":{"type":"Point","coordinates":[-0.16114,46.66504]}},{"type":"Feature","properties":{"CountryName":"France","Type of Animal":"Poultry"},"geometry":{"type":"Point","coordinates":[2.20301,50.17003]}},{"type":"Feature","properties":{"CountryName":"France","Type of Animal":"Poultry"},"geometry":{"type":"Point","coordinates":[-0.85064,46.65438]}},{"type":"Feature","properties":{"CountryName":"France","Type of Animal":"Poultry"},"geometry":{"type":"Point","coordinates":[-1.25776,46.99859]}},{"type":"Feature","properties":{"CountryName":"France","Type of Animal":"Poultry"},"geometry":{"type":"Point","coordinates":[-0.80535,46.78591]}},{"type":"Feature","properties":{"CountryName":"France","Type of Animal":"Poultry"},"geometry":{"type":"Point","coordinates":[4.02952,47.40309]}},{"type":"Feature","properties":{"CountryName":"France","Type of Animal":"Poultry"},"geometry":{"type":"Point","coordinates":[-0.89659,48.02412]}},{"type":"Feature","properties":{"CountryName":"France","Type of Animal":"Poultry"},"geometry":{"type":"Point","coordinates":[-3.69205,48.42325]}},{"type":"Feature","properties":{"CountryName":"France","Type of Animal":"Poultry"},"geometry":{"type":"Point","coordinates":[1.15065,46.87467]}},{"type":"Feature","properties":{"CountryName":"France","Type of Animal":"Poultry"},"geometry":{"type":"Point","coordinates":[-1.23285,46.97693]}},{"type":"Feature","properties":{"CountryName":"France","Type of Animal":"Poultry"},"geometry":{"type":"Point","coordinates":[-3.064824016,47.83726373]}},{"type":"Feature","properties":{"CountryName":"France","Type of Animal":"Poultry"},"geometry":{"type":"Point","coordinates":[-0.564397137,46.64225585]}},{"type":"Feature","properties":{"CountryName":"France","Type of Animal":"Poultry"},"geometry":{"type":"Point","coordinates":[3.201063697,47.8064281]}},{"type":"Feature","properties":{"CountryName":"France","Type of Animal":"Poultry"},"geometry":{"type":"Point","coordinates":[1.013367857,48.05136061]}},{"type":"Feature","properties":{"CountryName":"France","Type of Animal":"Poultry"},"geometry":{"type":"Point","coordinates":[5.203552267,46.33927006]}},{"type":"Feature","properties":{"CountryName":"France","Type of Animal":"Poultry"},"geometry":{"type":"Point","coordinates":[-4.219263178,47.9320775]}},{"type":"Feature","properties":{"CountryName":"France","Type of Animal":"Poultry"},"geometry":{"type":"Point","coordinates":[-1.606744948,47.97750951]}},{"type":"Feature","properties":{"CountryName":"France","Type of Animal":"Poultry"},"geometry":{"type":"Point","coordinates":[-1.015057154,47.87663812]}},{"type":"Feature","properties":{"CountryName":"France","Type of Animal":"Poultry"},"geometry":{"type":"Point","coordinates":[-2.76452428,47.90340105]}},{"type":"Feature","properties":{"CountryName":"France","Type of Animal":"Poultry"},"geometry":{"type":"Point","coordinates":[7.870511783,48.98660022]}},{"type":"Feature","properties":{"CountryName":"France","Type of Animal":"Poultry"},"geometry":{"type":"Point","coordinates":[6.261525297,47.6674136]}},{"type":"Feature","properties":{"CountryName":"France","Type of Animal":"Poultry"},"geometry":{"type":"Point","coordinates":[-0.396929997,46.4925406]}},{"type":"Feature","properties":{"CountryName":"France","Type of Animal":"Poultry"},"geometry":{"type":"Point","coordinates":[-1.616678785,47.96147903]}},{"type":"Feature","properties":{"CountryName":"France","Type of Animal":"Poultry"},"geometry":{"type":"Point","coordinates":[-1.135540394,46.64080259]}},{"type":"Feature","properties":{"CountryName":"France","Type of Animal":"Poultry"},"geometry":{"type":"Point","coordinates":[4.28885,48.52149]}},{"type":"Feature","properties":{"CountryName":"France","Type of Animal":"Poultry"},"geometry":{"type":"Point","coordinates":[4.51517,46.24923]}},{"type":"Feature","properties":{"CountryName":"France","Type of Animal":"Poultry"},"geometry":{"type":"Point","coordinates":[-0.95869,46.93993]}},{"type":"Feature","properties":{"CountryName":"France","Type of Animal":"Poultry"},"geometry":{"type":"Point","coordinates":[-1.14563,47.53526]}},{"type":"Feature","properties":{"CountryName":"France","Type of Animal":"Poultry"},"geometry":{"type":"Point","coordinates":[-0.24295,48.43982]}},{"type":"Feature","properties":{"CountryName":"France","Type of Animal":"Poultry"},"geometry":{"type":"Point","coordinates":[4.94904,44.34924]}},{"type":"Feature","properties":{"CountryName":"France","Type of Animal":"Poultry"},"geometry":{"type":"Point","coordinates":[0.42209,44.40727]}},{"type":"Feature","properties":{"CountryName":"France","Type of Animal":"Poultry"},"geometry":{"type":"Point","coordinates":[0.2187,44.32936]}},{"type":"Feature","properties":{"CountryName":"France","Type of Animal":"Poultry"},"geometry":{"type":"Point","coordinates":[1.95273,43.31798]}}]}