{"type":"FeatureCollection","features":[{"type":"Feature","properties":{"CountryName":"Italy","Type of Animal":"Pigs"},"geometry":{"type":"Point","coordinates":[11.916,42.4715]}},{"type":"Feature","properties":{"CountryName":"Italy","Type of Animal":"Pigs"},"geometry":{"type":"Point","coordinates":[11.8539,42.7511]}},{"type":"Feature","properties":{"CountryName":"Italy","Type of Animal":"Pigs"},"geometry":{"type":"Point","coordinates":[12.2779,42.4636]}},{"type":"Feature","properties":{"CountryName":"Italy","Type of Animal":"Pigs"},"geometry":{"type":"Point","coordinates":[12.1706,42.516]}},{"type":"Feature","properties":{"CountryName":"Italy","Type of Animal":"Pigs"},"geometry":{"type":"Point","coordinates":[12.4812,42.6206]}},{"type":"Feature","properties":{"CountryName":"Italy","Type of Animal":"Pigs"},"geometry":{"type":"Point","coordinates":[12.5775,43.3568]}},{"type":"Feature","properties":{"CountryName":"Italy","Type of Animal":"Pigs"},"geometry":{"type":"Point","coordinates":[12.6328,42.8555]}},{"type":"Feature","properties":{"CountryName":"Italy","Type of Animal":"Pigs"},"geometry":{"type":"Point","coordinates":[12.9581,43.5858]}},{"type":"Feature","properties":{"CountryName":"Italy","Type of Animal":"Pigs"},"geometry":{"type":"Point","coordinates":[12.3368,42.8401]}},{"type":"Feature","properties":{"CountryName":"Italy","Type of Animal":"Pigs"},"geometry":{"type":"Point","coordinates":[12.3501,42.9881]}},{"type":"Feature","properties":{"CountryName":"Italy","Type of Animal":"Pigs"},"geometry":{"type":"Point","coordinates":[12.2889,42.9806]}},{"type":"Feature","properties":{"CountryName":"Italy","Type of Animal":"Pigs"},"geometry":{"type":"Point","coordinates":[12.3068,42.9781]}},{"type":"Feature","properties":{"CountryName":"Italy","Type of Animal":"Pigs"},"geometry":{"type":"Point","coordinates":[12.2927,42.9679]}},{"type":"Feature","properties":{"CountryName":"Italy","Type of Animal":"Pigs"},"geometry":{"type":"Point","coordinates":[12.5004,42.7932]}},{"type":"Feature","properties":{"CountryName":"Italy","Type of Animal":"Pigs"},"geometry":{"type":"Point","coordinates":[12.3933,42.7531]}},{"type":"Feature","properties":{"CountryName":"Italy","Type of Animal":"Pigs"},"geometry":{"type":"Point","coordinates":[12.375911,42.756133]}},{"type":"Feature","properties":{"CountryName":"Italy","Type of Animal":"Pigs"},"geometry":{"type":"Point","coordinates":[12.018,43.1059]}},{"type":"Feature","properties":{"CountryName":"Italy","Type of Animal":"Pigs"},"geometry":{"type":"Point","coordinates":[11.9869,43.1454]}},{"type":"Feature","properties":{"CountryName":"Italy","Type of Animal":"Pigs"},"geometry":{"type":"Point","coordinates":[11.9979,43.0184]}},{"type":"Feature","properties":{"CountryName":"Italy","Type of Animal":"Pigs"},"geometry":{"type":"Point","coordinates":[11.9621,43.1012]}},{"type":"Feature","properties":{"CountryName":"Italy","Type of Animal":"Pigs"},"geometry":{"type":"Point","coordinates":[11.9979,43.1189]}},{"type":"Feature","properties":{"CountryName":"Italy","Type of Animal":"Pigs"},"geometry":{"type":"Point","coordinates":[12.2116,43.1672]}},{"type":"Feature","properties":{"CountryName":"Italy","Type of Animal":"Pigs"},"geometry":{"type":"Point","coordinates":[12.2078,43.1447]}},{"type":"Feature","properties":{"CountryName":"Italy","Type of Animal":"Pigs"},"geometry":{"type":"Point","coordinates":[12.50228,43.04397]}},{"type":"Feature","properties":{"CountryName":"Italy","Type of Animal":"Pigs"},"geometry":{"type":"Point","coordinates":[12.4975,43.0443]}},{"type":"Feature","properties":{"CountryName":"Italy","Type of Animal":"Pigs"},"geometry":{"type":"Point","coordinates":[12.3957,43.1372]}},{"type":"Feature","properties":{"CountryName":"Italy","Type of Animal":"Pigs"},"geometry":{"type":"Point","coordinates":[8.76858,39.51243]}},{"type":"Feature","properties":{"CountryName":"Italy","Type of Animal":"Pigs"},"geometry":{"type":"Point","coordinates":[8.7401,39.57365]}},{"type":"Feature","properties":{"CountryName":"Italy","Type of Animal":"Pigs"},"geometry":{"type":"Point","coordinates":[7.8053,45.4191]}},{"type":"Feature","properties":{"CountryName":"Italy","Type of Animal":"Pigs"},"geometry":{"type":"Point","coordinates":[7.8432,45.4991]}},{"type":"Feature","properties":{"CountryName":"Italy","Type of Animal":"Pigs"},"geometry":{"type":"Point","coordinates":[7.9703,45.1638]}},{"type":"Feature","properties":{"CountryName":"Italy","Type of Animal":"Pigs"},"geometry":{"type":"Point","coordinates":[7.8928,44.9577]}},{"type":"Feature","properties":{"CountryName":"Italy","Type of Animal":"Pigs"},"geometry":{"type":"Point","coordinates":[7.8807,44.9512]}},{"type":"Feature","properties":{"CountryName":"Italy","Type of Animal":"Pigs"},"geometry":{"type":"Point","coordinates":[7.9038,44.9926]}},{"type":"Feature","properties":{"CountryName":"Italy","Type of Animal":"Pigs"},"geometry":{"type":"Point","coordinates":[7.876762,44.957191]}},{"type":"Feature","properties":{"CountryName":"Italy","Type of Animal":"Pigs"},"geometry":{"type":"Point","coordinates":[7.6884,44.8145]}},{"type":"Feature","properties":{"CountryName":"Italy","Type of Animal":"Pigs"},"geometry":{"type":"Point","coordinates":[7.774,44.8784]}},{"type":"Feature","properties":{"CountryName":"Italy","Type of Animal":"Pigs"},"geometry":{"type":"Point","coordinates":[7.6869,44.8149]}},{"type":"Feature","properties":{"CountryName":"Italy","Type of Animal":"Pigs"},"geometry":{"type":"Point","coordinates":[7.679559,44.812287]}},{"type":"Feature","properties":{"CountryName":"Italy","Type of Animal":"Pigs"},"geometry":{"type":"Point","coordinates":[7.9282,45.2934]}},{"type":"Feature","properties":{"CountryName":"Italy","Type of Animal":"Pigs"},"geometry":{"type":"Point","coordinates":[7.9184,45.2775]}},{"type":"Feature","properties":{"CountryName":"Italy","Type of Animal":"Pigs"},"geometry":{"type":"Point","coordinates":[7.58429,44.935267]}},{"type":"Feature","properties":{"CountryName":"Italy","Type of Animal":"Pigs"},"geometry":{"type":"Point","coordinates":[7.6423,44.9018]}},{"type":"Feature","properties":{"CountryName":"Italy","Type of Animal":"Pigs"},"geometry":{"type":"Point","coordinates":[7.661572,44.916171]}},{"type":"Feature","properties":{"CountryName":"Italy","Type of Animal":"Pigs"},"geometry":{"type":"Point","coordinates":[7.7926,44.8996]}},{"type":"Feature","properties":{"CountryName":"Italy","Type of Animal":"Pigs"},"geometry":{"type":"Point","coordinates":[7.835136,44.862804]}},{"type":"Feature","properties":{"CountryName":"Italy","Type of Animal":"Pigs"},"geometry":{"type":"Point","coordinates":[7.4491,44.8871]}},{"type":"Feature","properties":{"CountryName":"Italy","Type of Animal":"Pigs"},"geometry":{"type":"Point","coordinates":[7.3751,44.8328]}},{"type":"Feature","properties":{"CountryName":"Italy","Type of Animal":"Pigs"},"geometry":{"type":"Point","coordinates":[7.5592,44.8596]}},{"type":"Feature","properties":{"CountryName":"Italy","Type of Animal":"Pigs"},"geometry":{"type":"Point","coordinates":[7.4938,44.8791]}},{"type":"Feature","properties":{"CountryName":"Italy","Type of Animal":"Pigs"},"geometry":{"type":"Point","coordinates":[7.5563,44.9264]}},{"type":"Feature","properties":{"CountryName":"Italy","Type of Animal":"Pigs"},"geometry":{"type":"Point","coordinates":[7.4548,44.8883]}},{"type":"Feature","properties":{"CountryName":"Italy","Type of Animal":"Pigs"},"geometry":{"type":"Point","coordinates":[7.4553,44.8448]}},{"type":"Feature","properties":{"CountryName":"Italy","Type of Animal":"Pigs"},"geometry":{"type":"Point","coordinates":[7.5419,44.8425]}},{"type":"Feature","properties":{"CountryName":"Italy","Type of Animal":"Pigs"},"geometry":{"type":"Point","coordinates":[7.4739,44.7946]}},{"type":"Feature","properties":{"CountryName":"Italy","Type of Animal":"Pigs"},"geometry":{"type":"Point","coordinates":[7.468808,44.795546]}},{"type":"Feature","properties":{"CountryName":"Italy","Type of Animal":"Pigs"},"geometry":{"type":"Point","coordinates":[7.598288,45.341013]}},{"type":"Feature","properties":{"CountryName":"Italy","Type of Animal":"Pigs"},"geometry":{"type":"Point","coordinates":[7.6829,45.1881]}},{"type":"Feature","properties":{"CountryName":"Italy","Type of Animal":"Pigs"},"geometry":{"type":"Point","coordinates":[7.6081,44.3552]}},{"type":"Feature","properties":{"CountryName":"Italy","Type of Animal":"Pigs"},"geometry":{"type":"Point","coordinates":[7.5636,44.5841]}},{"type":"Feature","properties":{"CountryName":"Italy","Type of Animal":"Pigs"},"geometry":{"type":"Point","coordinates":[7.5314,44.5778]}},{"type":"Feature","properties":{"CountryName":"Italy","Type of Animal":"Pigs"},"geometry":{"type":"Point","coordinates":[7.5776,44.5658]}},{"type":"Feature","properties":{"CountryName":"Italy","Type of Animal":"Pigs"},"geometry":{"type":"Point","coordinates":[7.5734,44.5629]}},{"type":"Feature","properties":{"CountryName":"Italy","Type of Animal":"Pigs"},"geometry":{"type":"Point","coordinates":[7.5596,44.5771]}},{"type":"Feature","properties":{"CountryName":"Italy","Type of Animal":"Pigs"},"geometry":{"type":"Point","coordinates":[7.4745,44.4271]}},{"type":"Feature","properties":{"CountryName":"Italy","Type of Animal":"Pigs"},"geometry":{"type":"Point","coordinates":[7.4661,44.4446]}},{"type":"Feature","properties":{"CountryName":"Italy","Type of Animal":"Pigs"},"geometry":{"type":"Point","coordinates":[7.3302,44.4561]}},{"type":"Feature","properties":{"CountryName":"Italy","Type of Animal":"Pigs"},"geometry":{"type":"Point","coordinates":[7.6338,44.7479]}},{"type":"Feature","properties":{"CountryName":"Italy","Type of Animal":"Pigs"},"geometry":{"type":"Point","coordinates":[7.6205,44.7962]}},{"type":"Feature","properties":{"CountryName":"Italy","Type of Animal":"Pigs"},"geometry":{"type":"Point","coordinates":[7.5935,44.6284]}},{"type":"Feature","properties":{"CountryName":"Italy","Type of Animal":"Pigs"},"geometry":{"type":"Point","coordinates":[7.5621,44.7812]}},{"type":"Feature","properties":{"CountryName":"Italy","Type of Animal":"Pigs"},"geometry":{"type":"Point","coordinates":[7.5506,44.7388]}},{"type":"Feature","properties":{"CountryName":"Italy","Type of Animal":"Pigs"},"geometry":{"type":"Point","coordinates":[7.5696,44.6948]}},{"type":"Feature","properties":{"CountryName":"Italy","Type of Animal":"Pigs"},"geometry":{"type":"Point","coordinates":[7.5155,44.7391]}},{"type":"Feature","properties":{"CountryName":"Italy","Type of Animal":"Pigs"},"geometry":{"type":"Point","coordinates":[7.7375,44.7067]}},{"type":"Feature","properties":{"CountryName":"Italy","Type of Animal":"Pigs"},"geometry":{"type":"Point","coordinates":[7.6079,44.6914]}},{"type":"Feature","properties":{"CountryName":"Italy","Type of Animal":"Pigs"},"geometry":{"type":"Point","coordinates":[7.6993,44.6941]}},{"type":"Feature","properties":{"CountryName":"Italy","Type of Animal":"Pigs"},"geometry":{"type":"Point","coordinates":[7.7052,44.7175]}},{"type":"Feature","properties":{"CountryName":"Italy","Type of Animal":"Pigs"},"geometry":{"type":"Point","coordinates":[7.5635,44.6929]}},{"type":"Feature","properties":{"CountryName":"Italy","Type of Animal":"Pigs"},"geometry":{"type":"Point","coordinates":[7.6559,44.7225]}},{"type":"Feature","properties":{"CountryName":"Italy","Type of Animal":"Pigs"},"geometry":{"type":"Point","coordinates":[7.6759,44.7027]}},{"type":"Feature","properties":{"CountryName":"Italy","Type of Animal":"Pigs"},"geometry":{"type":"Point","coordinates":[7.7055,44.717694]}},{"type":"Feature","properties":{"CountryName":"Italy","Type of Animal":"Pigs"},"geometry":{"type":"Point","coordinates":[7.737222,44.703889]}},{"type":"Feature","properties":{"CountryName":"Italy","Type of Animal":"Pigs"},"geometry":{"type":"Point","coordinates":[7.4218,44.4301]}},{"type":"Feature","properties":{"CountryName":"Italy","Type of Animal":"Pigs"},"geometry":{"type":"Point","coordinates":[7.3764,44.7407]}},{"type":"Feature","properties":{"CountryName":"Italy","Type of Animal":"Pigs"},"geometry":{"type":"Point","coordinates":[7.3931,44.7337]}},{"type":"Feature","properties":{"CountryName":"Italy","Type of Animal":"Pigs"},"geometry":{"type":"Point","coordinates":[7.5397,44.7696]}},{"type":"Feature","properties":{"CountryName":"Italy","Type of Animal":"Pigs"},"geometry":{"type":"Point","coordinates":[7.566944,44.756111]}},{"type":"Feature","properties":{"CountryName":"Italy","Type of Animal":"Pigs"},"geometry":{"type":"Point","coordinates":[7.6284,44.7792]}},{"type":"Feature","properties":{"CountryName":"Italy","Type of Animal":"Pigs"},"geometry":{"type":"Point","coordinates":[7.6324,44.7591]}},{"type":"Feature","properties":{"CountryName":"Italy","Type of Animal":"Pigs"},"geometry":{"type":"Point","coordinates":[7.6594,44.8013]}},{"type":"Feature","properties":{"CountryName":"Italy","Type of Animal":"Pigs"},"geometry":{"type":"Point","coordinates":[7.7074,44.7663]}},{"type":"Feature","properties":{"CountryName":"Italy","Type of Animal":"Pigs"},"geometry":{"type":"Point","coordinates":[7.6374,44.7759]}},{"type":"Feature","properties":{"CountryName":"Italy","Type of Animal":"Pigs"},"geometry":{"type":"Point","coordinates":[7.4647,44.7057]}},{"type":"Feature","properties":{"CountryName":"Italy","Type of Animal":"Pigs"},"geometry":{"type":"Point","coordinates":[7.5157,44.7346]}},{"type":"Feature","properties":{"CountryName":"Italy","Type of Animal":"Pigs"},"geometry":{"type":"Point","coordinates":[7.4552,44.6551]}},{"type":"Feature","properties":{"CountryName":"Italy","Type of Animal":"Pigs"},"geometry":{"type":"Point","coordinates":[7.3057,44.4147]}},{"type":"Feature","properties":{"CountryName":"Italy","Type of Animal":"Pigs"},"geometry":{"type":"Point","coordinates":[7.2911,44.3943]}},{"type":"Feature","properties":{"CountryName":"Italy","Type of Animal":"Pigs"},"geometry":{"type":"Point","coordinates":[7.7868,44.6466]}},{"type":"Feature","properties":{"CountryName":"Italy","Type of Animal":"Pigs"},"geometry":{"type":"Point","coordinates":[7.6834,44.3858]}},{"type":"Feature","properties":{"CountryName":"Italy","Type of Animal":"Pigs"},"geometry":{"type":"Point","coordinates":[7.6537,44.4171]}},{"type":"Feature","properties":{"CountryName":"Italy","Type of Animal":"Pigs"},"geometry":{"type":"Point","coordinates":[7.6522,44.5821]}},{"type":"Feature","properties":{"CountryName":"Italy","Type of Animal":"Pigs"},"geometry":{"type":"Point","coordinates":[7.7773,44.8234]}},{"type":"Feature","properties":{"CountryName":"Italy","Type of Animal":"Pigs"},"geometry":{"type":"Point","coordinates":[7.7139,44.4517]}},{"type":"Feature","properties":{"CountryName":"Italy","Type of Animal":"Pigs"},"geometry":{"type":"Point","coordinates":[7.6491,44.4494]}},{"type":"Feature","properties":{"CountryName":"Italy","Type of Animal":"Pigs"},"geometry":{"type":"Point","coordinates":[7.6684,44.4118]}},{"type":"Feature","properties":{"CountryName":"Italy","Type of Animal":"Pigs"},"geometry":{"type":"Point","coordinates":[7.6199,44.4185]}},{"type":"Feature","properties":{"CountryName":"Italy","Type of Animal":"Pigs"},"geometry":{"type":"Point","coordinates":[7.6801,44.4211]}},{"type":"Feature","properties":{"CountryName":"Italy","Type of Animal":"Pigs"},"geometry":{"type":"Point","coordinates":[7.6677,44.4137]}},{"type":"Feature","properties":{"CountryName":"Italy","Type of Animal":"Pigs"},"geometry":{"type":"Point","coordinates":[7.6588,44.4462]}},{"type":"Feature","properties":{"CountryName":"Italy","Type of Animal":"Pigs"},"geometry":{"type":"Point","coordinates":[8.0533,44.796]}},{"type":"Feature","properties":{"CountryName":"Italy","Type of Animal":"Pigs"},"geometry":{"type":"Point","coordinates":[7.7848,44.5851]}},{"type":"Feature","properties":{"CountryName":"Italy","Type of Animal":"Pigs"},"geometry":{"type":"Point","coordinates":[7.4317,44.2728]}},{"type":"Feature","properties":{"CountryName":"Italy","Type of Animal":"Pigs"},"geometry":{"type":"Point","coordinates":[7.8717,44.6757]}},{"type":"Feature","properties":{"CountryName":"Italy","Type of Animal":"Pigs"},"geometry":{"type":"Point","coordinates":[7.8038,44.5258]}},{"type":"Feature","properties":{"CountryName":"Italy","Type of Animal":"Pigs"},"geometry":{"type":"Point","coordinates":[7.8125,44.5472]}},{"type":"Feature","properties":{"CountryName":"Italy","Type of Animal":"Pigs"},"geometry":{"type":"Point","coordinates":[7.7776,44.7236]}},{"type":"Feature","properties":{"CountryName":"Italy","Type of Animal":"Pigs"},"geometry":{"type":"Point","coordinates":[7.7602,44.6972]}},{"type":"Feature","properties":{"CountryName":"Italy","Type of Animal":"Pigs"},"geometry":{"type":"Point","coordinates":[7.7631,44.6972]}},{"type":"Feature","properties":{"CountryName":"Italy","Type of Animal":"Pigs"},"geometry":{"type":"Point","coordinates":[7.5671,44.4861]}},{"type":"Feature","properties":{"CountryName":"Italy","Type of Animal":"Pigs"},"geometry":{"type":"Point","coordinates":[7.6436,44.5058]}},{"type":"Feature","properties":{"CountryName":"Italy","Type of Animal":"Pigs"},"geometry":{"type":"Point","coordinates":[7.6611,44.5502]}},{"type":"Feature","properties":{"CountryName":"Italy","Type of Animal":"Pigs"},"geometry":{"type":"Point","coordinates":[7.6426,44.509]}},{"type":"Feature","properties":{"CountryName":"Italy","Type of Animal":"Pigs"},"geometry":{"type":"Point","coordinates":[7.7941,44.4405]}},{"type":"Feature","properties":{"CountryName":"Italy","Type of Animal":"Pigs"},"geometry":{"type":"Point","coordinates":[7.9531,44.4191]}},{"type":"Feature","properties":{"CountryName":"Italy","Type of Animal":"Pigs"},"geometry":{"type":"Point","coordinates":[7.8119,44.6417]}},{"type":"Feature","properties":{"CountryName":"Italy","Type of Animal":"Pigs"},"geometry":{"type":"Point","coordinates":[7.8512,44.5757]}},{"type":"Feature","properties":{"CountryName":"Italy","Type of Animal":"Pigs"},"geometry":{"type":"Point","coordinates":[7.9603,44.4132]}},{"type":"Feature","properties":{"CountryName":"Italy","Type of Animal":"Pigs"},"geometry":{"type":"Point","coordinates":[7.7163,44.3915]}},{"type":"Feature","properties":{"CountryName":"Italy","Type of Animal":"Pigs"},"geometry":{"type":"Point","coordinates":[7.7775,44.4276]}},{"type":"Feature","properties":{"CountryName":"Italy","Type of Animal":"Pigs"},"geometry":{"type":"Point","coordinates":[7.5535,44.4175]}},{"type":"Feature","properties":{"CountryName":"Italy","Type of Animal":"Pigs"},"geometry":{"type":"Point","coordinates":[7.5941,44.4036]}},{"type":"Feature","properties":{"CountryName":"Italy","Type of Animal":"Pigs"},"geometry":{"type":"Point","coordinates":[8.0471,45.2294]}},{"type":"Feature","properties":{"CountryName":"Italy","Type of Animal":"Pigs"},"geometry":{"type":"Point","coordinates":[8.1819,45.4101]}},{"type":"Feature","properties":{"CountryName":"Italy","Type of Animal":"Pigs"},"geometry":{"type":"Point","coordinates":[8.0902,45.2753]}},{"type":"Feature","properties":{"CountryName":"Italy","Type of Animal":"Pigs"},"geometry":{"type":"Point","coordinates":[8.1789,45.4741]}},{"type":"Feature","properties":{"CountryName":"Italy","Type of Animal":"Pigs"},"geometry":{"type":"Point","coordinates":[8.1359,45.4124]}},{"type":"Feature","properties":{"CountryName":"Italy","Type of Animal":"Pigs"},"geometry":{"type":"Point","coordinates":[8.1639,45.4613]}},{"type":"Feature","properties":{"CountryName":"Italy","Type of Animal":"Pigs"},"geometry":{"type":"Point","coordinates":[8.1367,45.0265]}},{"type":"Feature","properties":{"CountryName":"Italy","Type of Animal":"Pigs"},"geometry":{"type":"Point","coordinates":[8.4512,44.8636]}},{"type":"Feature","properties":{"CountryName":"Italy","Type of Animal":"Pigs"},"geometry":{"type":"Point","coordinates":[8.5493,45.1298]}},{"type":"Feature","properties":{"CountryName":"Italy","Type of Animal":"Pigs"},"geometry":{"type":"Point","coordinates":[8.6995,44.6263]}},{"type":"Feature","properties":{"CountryName":"Italy","Type of Animal":"Pigs"},"geometry":{"type":"Point","coordinates":[8.7009,44.8855]}},{"type":"Feature","properties":{"CountryName":"Italy","Type of Animal":"Pigs"},"geometry":{"type":"Point","coordinates":[8.9581,45.4657]}},{"type":"Feature","properties":{"CountryName":"Italy","Type of Animal":"Pigs"},"geometry":{"type":"Point","coordinates":[8.9735,45.5403]}},{"type":"Feature","properties":{"CountryName":"Italy","Type of Animal":"Pigs"},"geometry":{"type":"Point","coordinates":[9.3197,45.3961]}},{"type":"Feature","properties":{"CountryName":"Italy","Type of Animal":"Pigs"},"geometry":{"type":"Point","coordinates":[9.4422,45.5263]}},{"type":"Feature","properties":{"CountryName":"Italy","Type of Animal":"Pigs"},"geometry":{"type":"Point","coordinates":[9.3522,45.325]}},{"type":"Feature","properties":{"CountryName":"Italy","Type of Animal":"Pigs"},"geometry":{"type":"Point","coordinates":[8.8558,45.4233]}},{"type":"Feature","properties":{"CountryName":"Italy","Type of Animal":"Pigs"},"geometry":{"type":"Point","coordinates":[9.7683,45.4574]}},{"type":"Feature","properties":{"CountryName":"Italy","Type of Animal":"Pigs"},"geometry":{"type":"Point","coordinates":[9.7516,45.4631]}},{"type":"Feature","properties":{"CountryName":"Italy","Type of Animal":"Pigs"},"geometry":{"type":"Point","coordinates":[9.6259,45.4678]}},{"type":"Feature","properties":{"CountryName":"Italy","Type of Animal":"Pigs"},"geometry":{"type":"Point","coordinates":[9.5474,45.5709]}},{"type":"Feature","properties":{"CountryName":"Italy","Type of Animal":"Pigs"},"geometry":{"type":"Point","coordinates":[9.6795,45.4872]}},{"type":"Feature","properties":{"CountryName":"Italy","Type of Animal":"Pigs"},"geometry":{"type":"Point","coordinates":[9.6483,45.4913]}},{"type":"Feature","properties":{"CountryName":"Italy","Type of Animal":"Pigs"},"geometry":{"type":"Point","coordinates":[9.6506,45.4908]}},{"type":"Feature","properties":{"CountryName":"Italy","Type of Animal":"Pigs"},"geometry":{"type":"Point","coordinates":[9.6568,45.4764]}},{"type":"Feature","properties":{"CountryName":"Italy","Type of Animal":"Pigs"},"geometry":{"type":"Point","coordinates":[9.6033,45.5625]}},{"type":"Feature","properties":{"CountryName":"Italy","Type of Animal":"Pigs"},"geometry":{"type":"Point","coordinates":[9.5646,45.5232]}},{"type":"Feature","properties":{"CountryName":"Italy","Type of Animal":"Pigs"},"geometry":{"type":"Point","coordinates":[9.6352,45.6304]}},{"type":"Feature","properties":{"CountryName":"Italy","Type of Animal":"Pigs"},"geometry":{"type":"Point","coordinates":[9.7074,45.5097]}},{"type":"Feature","properties":{"CountryName":"Italy","Type of Animal":"Pigs"},"geometry":{"type":"Point","coordinates":[9.8308,45.5429]}},{"type":"Feature","properties":{"CountryName":"Italy","Type of Animal":"Pigs"},"geometry":{"type":"Point","coordinates":[9.7876,45.5116]}},{"type":"Feature","properties":{"CountryName":"Italy","Type of Animal":"Pigs"},"geometry":{"type":"Point","coordinates":[9.7182,45.5401]}},{"type":"Feature","properties":{"CountryName":"Italy","Type of Animal":"Pigs"},"geometry":{"type":"Point","coordinates":[9.6861,45.4781]}},{"type":"Feature","properties":{"CountryName":"Italy","Type of Animal":"Pigs"},"geometry":{"type":"Point","coordinates":[9.8343,45.4507]}},{"type":"Feature","properties":{"CountryName":"Italy","Type of Animal":"Pigs"},"geometry":{"type":"Point","coordinates":[9.8145,45.4965]}},{"type":"Feature","properties":{"CountryName":"Italy","Type of Animal":"Pigs"},"geometry":{"type":"Point","coordinates":[9.7949,45.4939]}},{"type":"Feature","properties":{"CountryName":"Italy","Type of Animal":"Pigs"},"geometry":{"type":"Point","coordinates":[9.8054,45.4854]}},{"type":"Feature","properties":{"CountryName":"Italy","Type of Animal":"Pigs"},"geometry":{"type":"Point","coordinates":[9.789444,45.5061]}},{"type":"Feature","properties":{"CountryName":"Italy","Type of Animal":"Pigs"},"geometry":{"type":"Point","coordinates":[9.8225,45.4883]}},{"type":"Feature","properties":{"CountryName":"Italy","Type of Animal":"Pigs"},"geometry":{"type":"Point","coordinates":[9.6629,45.5282]}},{"type":"Feature","properties":{"CountryName":"Italy","Type of Animal":"Pigs"},"geometry":{"type":"Point","coordinates":[9.8436,45.5185]}},{"type":"Feature","properties":{"CountryName":"Italy","Type of Animal":"Pigs"},"geometry":{"type":"Point","coordinates":[9.8243,45.5212]}},{"type":"Feature","properties":{"CountryName":"Italy","Type of Animal":"Pigs"},"geometry":{"type":"Point","coordinates":[9.8083,45.4584]}},{"type":"Feature","properties":{"CountryName":"Italy","Type of Animal":"Pigs"},"geometry":{"type":"Point","coordinates":[9.8237,45.4675]}},{"type":"Feature","properties":{"CountryName":"Italy","Type of Animal":"Pigs"},"geometry":{"type":"Point","coordinates":[9.7934,45.4435]}},{"type":"Feature","properties":{"CountryName":"Italy","Type of Animal":"Pigs"},"geometry":{"type":"Point","coordinates":[9.8214,45.4597]}},{"type":"Feature","properties":{"CountryName":"Italy","Type of Animal":"Pigs"},"geometry":{"type":"Point","coordinates":[9.8263,45.4643]}},{"type":"Feature","properties":{"CountryName":"Italy","Type of Animal":"Pigs"},"geometry":{"type":"Point","coordinates":[9.7603,45.5655]}},{"type":"Feature","properties":{"CountryName":"Italy","Type of Animal":"Pigs"},"geometry":{"type":"Point","coordinates":[9.7803,45.5443]}},{"type":"Feature","properties":{"CountryName":"Italy","Type of Animal":"Pigs"},"geometry":{"type":"Point","coordinates":[9.7525,45.5121]}},{"type":"Feature","properties":{"CountryName":"Italy","Type of Animal":"Pigs"},"geometry":{"type":"Point","coordinates":[9.7452,45.5121]}},{"type":"Feature","properties":{"CountryName":"Italy","Type of Animal":"Pigs"},"geometry":{"type":"Point","coordinates":[9.8756,45.6238]}},{"type":"Feature","properties":{"CountryName":"Italy","Type of Animal":"Pigs"},"geometry":{"type":"Point","coordinates":[10.3758,45.3066]}},{"type":"Feature","properties":{"CountryName":"Italy","Type of Animal":"Pigs"},"geometry":{"type":"Point","coordinates":[10.2083,45.4874]}},{"type":"Feature","properties":{"CountryName":"Italy","Type of Animal":"Pigs"},"geometry":{"type":"Point","coordinates":[10.2233,45.4278]}},{"type":"Feature","properties":{"CountryName":"Italy","Type of Animal":"Pigs"},"geometry":{"type":"Point","coordinates":[10.3758,45.4755]}},{"type":"Feature","properties":{"CountryName":"Italy","Type of Animal":"Pigs"},"geometry":{"type":"Point","coordinates":[10.4414,45.4314]}},{"type":"Feature","properties":{"CountryName":"Italy","Type of Animal":"Pigs"},"geometry":{"type":"Point","coordinates":[10.3695,45.4663]}},{"type":"Feature","properties":{"CountryName":"Italy","Type of Animal":"Pigs"},"geometry":{"type":"Point","coordinates":[10.3634,45.4661]}},{"type":"Feature","properties":{"CountryName":"Italy","Type of Animal":"Pigs"},"geometry":{"type":"Point","coordinates":[10.3635,45.4661]}},{"type":"Feature","properties":{"CountryName":"Italy","Type of Animal":"Pigs"},"geometry":{"type":"Point","coordinates":[10.3896,45.3376]}},{"type":"Feature","properties":{"CountryName":"Italy","Type of Animal":"Pigs"},"geometry":{"type":"Point","coordinates":[10.3638,45.3688]}},{"type":"Feature","properties":{"CountryName":"Italy","Type of Animal":"Pigs"},"geometry":{"type":"Point","coordinates":[10.3581,45.3485]}},{"type":"Feature","properties":{"CountryName":"Italy","Type of Animal":"Pigs"},"geometry":{"type":"Point","coordinates":[10.3779,45.3415]}},{"type":"Feature","properties":{"CountryName":"Italy","Type of Animal":"Pigs"},"geometry":{"type":"Point","coordinates":[10.3729,45.3657]}},{"type":"Feature","properties":{"CountryName":"Italy","Type of Animal":"Pigs"},"geometry":{"type":"Point","coordinates":[10.4143,45.3643]}},{"type":"Feature","properties":{"CountryName":"Italy","Type of Animal":"Pigs"},"geometry":{"type":"Point","coordinates":[10.4416,45.333]}},{"type":"Feature","properties":{"CountryName":"Italy","Type of Animal":"Pigs"},"geometry":{"type":"Point","coordinates":[10.4606,45.3481]}},{"type":"Feature","properties":{"CountryName":"Italy","Type of Animal":"Pigs"},"geometry":{"type":"Point","coordinates":[10.4112,45.3291]}},{"type":"Feature","properties":{"CountryName":"Italy","Type of Animal":"Pigs"},"geometry":{"type":"Point","coordinates":[10.3193,45.4703]}},{"type":"Feature","properties":{"CountryName":"Italy","Type of Animal":"Pigs"},"geometry":{"type":"Point","coordinates":[10.2669,45.4111]}},{"type":"Feature","properties":{"CountryName":"Italy","Type of Animal":"Pigs"},"geometry":{"type":"Point","coordinates":[10.2192,45.3617]}},{"type":"Feature","properties":{"CountryName":"Italy","Type of Animal":"Pigs"},"geometry":{"type":"Point","coordinates":[10.2924,45.3443]}},{"type":"Feature","properties":{"CountryName":"Italy","Type of Animal":"Pigs"},"geometry":{"type":"Point","coordinates":[10.2819,45.3967]}},{"type":"Feature","properties":{"CountryName":"Italy","Type of Animal":"Pigs"},"geometry":{"type":"Point","coordinates":[10.2913,45.3987]}},{"type":"Feature","properties":{"CountryName":"Italy","Type of Animal":"Pigs"},"geometry":{"type":"Point","coordinates":[10.2971,45.4459]}},{"type":"Feature","properties":{"CountryName":"Italy","Type of Animal":"Pigs"},"geometry":{"type":"Point","coordinates":[10.4656,45.4985]}},{"type":"Feature","properties":{"CountryName":"Italy","Type of Animal":"Pigs"},"geometry":{"type":"Point","coordinates":[10.4521,45.4657]}},{"type":"Feature","properties":{"CountryName":"Italy","Type of Animal":"Pigs"},"geometry":{"type":"Point","coordinates":[10.3601,45.3927]}},{"type":"Feature","properties":{"CountryName":"Italy","Type of Animal":"Pigs"},"geometry":{"type":"Point","coordinates":[10.3983,45.4228]}},{"type":"Feature","properties":{"CountryName":"Italy","Type of Animal":"Pigs"},"geometry":{"type":"Point","coordinates":[10.3642,45.4399]}},{"type":"Feature","properties":{"CountryName":"Italy","Type of Animal":"Pigs"},"geometry":{"type":"Point","coordinates":[10.4308,45.4161]}},{"type":"Feature","properties":{"CountryName":"Italy","Type of Animal":"Pigs"},"geometry":{"type":"Point","coordinates":[10.3986,45.3603]}},{"type":"Feature","properties":{"CountryName":"Italy","Type of Animal":"Pigs"},"geometry":{"type":"Point","coordinates":[10.3256,45.4191]}},{"type":"Feature","properties":{"CountryName":"Italy","Type of Animal":"Pigs"},"geometry":{"type":"Point","coordinates":[10.3754,45.4365]}},{"type":"Feature","properties":{"CountryName":"Italy","Type of Animal":"Pigs"},"geometry":{"type":"Point","coordinates":[10.7533,45.689722]}},{"type":"Feature","properties":{"CountryName":"Italy","Type of Animal":"Pigs"},"geometry":{"type":"Point","coordinates":[10.0868,45.3871]}},{"type":"Feature","properties":{"CountryName":"Italy","Type of Animal":"Pigs"},"geometry":{"type":"Point","coordinates":[10.1496,45.3343]}},{"type":"Feature","properties":{"CountryName":"Italy","Type of Animal":"Pigs"},"geometry":{"type":"Point","coordinates":[10.0076,45.3719]}},{"type":"Feature","properties":{"CountryName":"Italy","Type of Animal":"Pigs"},"geometry":{"type":"Point","coordinates":[10.2229,45.2556]}},{"type":"Feature","properties":{"CountryName":"Italy","Type of Animal":"Pigs"},"geometry":{"type":"Point","coordinates":[10.1588,45.2915]}},{"type":"Feature","properties":{"CountryName":"Italy","Type of Animal":"Pigs"},"geometry":{"type":"Point","coordinates":[9.9785,45.3683]}},{"type":"Feature","properties":{"CountryName":"Italy","Type of Animal":"Pigs"},"geometry":{"type":"Point","coordinates":[9.9084,45.4415]}},{"type":"Feature","properties":{"CountryName":"Italy","Type of Animal":"Pigs"},"geometry":{"type":"Point","coordinates":[10.1706,45.4691]}},{"type":"Feature","properties":{"CountryName":"Italy","Type of Animal":"Pigs"},"geometry":{"type":"Point","coordinates":[10.1116,45.3828]}},{"type":"Feature","properties":{"CountryName":"Italy","Type of Animal":"Pigs"},"geometry":{"type":"Point","coordinates":[10.313,45.274]}},{"type":"Feature","properties":{"CountryName":"Italy","Type of Animal":"Pigs"},"geometry":{"type":"Point","coordinates":[10.2801,45.2682]}},{"type":"Feature","properties":{"CountryName":"Italy","Type of Animal":"Pigs"},"geometry":{"type":"Point","coordinates":[10.1131,45.4133]}},{"type":"Feature","properties":{"CountryName":"Italy","Type of Animal":"Pigs"},"geometry":{"type":"Point","coordinates":[10.1034,45.3962]}},{"type":"Feature","properties":{"CountryName":"Italy","Type of Animal":"Pigs"},"geometry":{"type":"Point","coordinates":[10.1323,45.4339]}},{"type":"Feature","properties":{"CountryName":"Italy","Type of Animal":"Pigs"},"geometry":{"type":"Point","coordinates":[10.2114,45.3115]}},{"type":"Feature","properties":{"CountryName":"Italy","Type of Animal":"Pigs"},"geometry":{"type":"Point","coordinates":[10.1981,45.2851]}},{"type":"Feature","properties":{"CountryName":"Italy","Type of Animal":"Pigs"},"geometry":{"type":"Point","coordinates":[10.2363,45.2938]}},{"type":"Feature","properties":{"CountryName":"Italy","Type of Animal":"Pigs"},"geometry":{"type":"Point","coordinates":[10.0005,45.3745]}},{"type":"Feature","properties":{"CountryName":"Italy","Type of Animal":"Pigs"},"geometry":{"type":"Point","coordinates":[10.3215,45.2319]}},{"type":"Feature","properties":{"CountryName":"Italy","Type of Animal":"Pigs"},"geometry":{"type":"Point","coordinates":[10.1876,45.4849]}},{"type":"Feature","properties":{"CountryName":"Italy","Type of Animal":"Pigs"},"geometry":{"type":"Point","coordinates":[10.0399,45.3625]}},{"type":"Feature","properties":{"CountryName":"Italy","Type of Animal":"Pigs"},"geometry":{"type":"Point","coordinates":[10.2626,45.3535]}},{"type":"Feature","properties":{"CountryName":"Italy","Type of Animal":"Pigs"},"geometry":{"type":"Point","coordinates":[10.1604,45.4415]}},{"type":"Feature","properties":{"CountryName":"Italy","Type of Animal":"Pigs"},"geometry":{"type":"Point","coordinates":[9.9671,45.3211]}},{"type":"Feature","properties":{"CountryName":"Italy","Type of Animal":"Pigs"},"geometry":{"type":"Point","coordinates":[9.9652,45.3505]}},{"type":"Feature","properties":{"CountryName":"Italy","Type of Animal":"Pigs"},"geometry":{"type":"Point","coordinates":[10.0118,45.3461]}},{"type":"Feature","properties":{"CountryName":"Italy","Type of Animal":"Pigs"},"geometry":{"type":"Point","coordinates":[9.9625,45.3455]}},{"type":"Feature","properties":{"CountryName":"Italy","Type of Animal":"Pigs"},"geometry":{"type":"Point","coordinates":[9.9612,45.3253]}},{"type":"Feature","properties":{"CountryName":"Italy","Type of Animal":"Pigs"},"geometry":{"type":"Point","coordinates":[10.2771,45.3274]}},{"type":"Feature","properties":{"CountryName":"Italy","Type of Animal":"Pigs"},"geometry":{"type":"Point","coordinates":[10.2911,45.3343]}},{"type":"Feature","properties":{"CountryName":"Italy","Type of Animal":"Pigs"},"geometry":{"type":"Point","coordinates":[10.2088,45.3327]}},{"type":"Feature","properties":{"CountryName":"Italy","Type of Animal":"Pigs"},"geometry":{"type":"Point","coordinates":[10.1867,45.3744]}},{"type":"Feature","properties":{"CountryName":"Italy","Type of Animal":"Pigs"},"geometry":{"type":"Point","coordinates":[10.2522,45.3237]}},{"type":"Feature","properties":{"CountryName":"Italy","Type of Animal":"Pigs"},"geometry":{"type":"Point","coordinates":[10.1751,45.3947]}},{"type":"Feature","properties":{"CountryName":"Italy","Type of Animal":"Pigs"},"geometry":{"type":"Point","coordinates":[10.1747,45.3817]}},{"type":"Feature","properties":{"CountryName":"Italy","Type of Animal":"Pigs"},"geometry":{"type":"Point","coordinates":[10.2301,45.3444]}},{"type":"Feature","properties":{"CountryName":"Italy","Type of Animal":"Pigs"},"geometry":{"type":"Point","coordinates":[10.2143,45.3299]}},{"type":"Feature","properties":{"CountryName":"Italy","Type of Animal":"Pigs"},"geometry":{"type":"Point","coordinates":[10.2114,45.3325]}},{"type":"Feature","properties":{"CountryName":"Italy","Type of Animal":"Pigs"},"geometry":{"type":"Point","coordinates":[10.1631,45.3315]}},{"type":"Feature","properties":{"CountryName":"Italy","Type of Animal":"Pigs"},"geometry":{"type":"Point","coordinates":[10.1071,45.3411]}},{"type":"Feature","properties":{"CountryName":"Italy","Type of Animal":"Pigs"},"geometry":{"type":"Point","coordinates":[10.1285,45.3657]}},{"type":"Feature","properties":{"CountryName":"Italy","Type of Animal":"Pigs"},"geometry":{"type":"Point","coordinates":[10.1196,45.3634]}},{"type":"Feature","properties":{"CountryName":"Italy","Type of Animal":"Pigs"},"geometry":{"type":"Point","coordinates":[10.1221,45.2621]}},{"type":"Feature","properties":{"CountryName":"Italy","Type of Animal":"Pigs"},"geometry":{"type":"Point","coordinates":[10.0219,45.2934]}},{"type":"Feature","properties":{"CountryName":"Italy","Type of Animal":"Pigs"},"geometry":{"type":"Point","coordinates":[10.0699,45.3109]}},{"type":"Feature","properties":{"CountryName":"Italy","Type of Animal":"Pigs"},"geometry":{"type":"Point","coordinates":[10.0753,45.3264]}},{"type":"Feature","properties":{"CountryName":"Italy","Type of Animal":"Pigs"},"geometry":{"type":"Point","coordinates":[10.1004,45.3433]}},{"type":"Feature","properties":{"CountryName":"Italy","Type of Animal":"Pigs"},"geometry":{"type":"Point","coordinates":[10.09289,45.346]}},{"type":"Feature","properties":{"CountryName":"Italy","Type of Animal":"Pigs"},"geometry":{"type":"Point","coordinates":[10.0482,45.3115]}},{"type":"Feature","properties":{"CountryName":"Italy","Type of Animal":"Pigs"},"geometry":{"type":"Point","coordinates":[9.98177,45.4412]}},{"type":"Feature","properties":{"CountryName":"Italy","Type of Animal":"Pigs"},"geometry":{"type":"Point","coordinates":[9.9329,45.4526]}},{"type":"Feature","properties":{"CountryName":"Italy","Type of Animal":"Pigs"},"geometry":{"type":"Point","coordinates":[10.0684,45.4756]}},{"type":"Feature","properties":{"CountryName":"Italy","Type of Animal":"Pigs"},"geometry":{"type":"Point","coordinates":[9.9113,45.4673]}},{"type":"Feature","properties":{"CountryName":"Italy","Type of Animal":"Pigs"},"geometry":{"type":"Point","coordinates":[10.0441,45.4905]}},{"type":"Feature","properties":{"CountryName":"Italy","Type of Animal":"Pigs"},"geometry":{"type":"Point","coordinates":[10.0538,45.4876]}},{"type":"Feature","properties":{"CountryName":"Italy","Type of Animal":"Pigs"},"geometry":{"type":"Point","coordinates":[9.9724,45.4514]}},{"type":"Feature","properties":{"CountryName":"Italy","Type of Animal":"Pigs"},"geometry":{"type":"Point","coordinates":[9.9856,45.43]}},{"type":"Feature","properties":{"CountryName":"Italy","Type of Animal":"Pigs"},"geometry":{"type":"Point","coordinates":[9.9685,45.4082]}},{"type":"Feature","properties":{"CountryName":"Italy","Type of Animal":"Pigs"},"geometry":{"type":"Point","coordinates":[9.9593,45.4215]}},{"type":"Feature","properties":{"CountryName":"Italy","Type of Animal":"Pigs"},"geometry":{"type":"Point","coordinates":[9.9625,45.3456]}},{"type":"Feature","properties":{"CountryName":"Italy","Type of Animal":"Pigs"},"geometry":{"type":"Point","coordinates":[10.0765,45.3993]}},{"type":"Feature","properties":{"CountryName":"Italy","Type of Animal":"Pigs"},"geometry":{"type":"Point","coordinates":[9.961767,45.563967]}},{"type":"Feature","properties":{"CountryName":"Italy","Type of Animal":"Pigs"},"geometry":{"type":"Point","coordinates":[9.9113,45.4675]}},{"type":"Feature","properties":{"CountryName":"Italy","Type of Animal":"Pigs"},"geometry":{"type":"Point","coordinates":[9.9668,45.4437]}},{"type":"Feature","properties":{"CountryName":"Italy","Type of Animal":"Pigs"},"geometry":{"type":"Point","coordinates":[9.9058,45.4502]}},{"type":"Feature","properties":{"CountryName":"Italy","Type of Animal":"Pigs"},"geometry":{"type":"Point","coordinates":[9.9014,45.4486]}},{"type":"Feature","properties":{"CountryName":"Italy","Type of Animal":"Pigs"},"geometry":{"type":"Point","coordinates":[9.9699,45.4518]}},{"type":"Feature","properties":{"CountryName":"Italy","Type of Animal":"Pigs"},"geometry":{"type":"Point","coordinates":[10.0159,45.4441]}},{"type":"Feature","properties":{"CountryName":"Italy","Type of Animal":"Pigs"},"geometry":{"type":"Point","coordinates":[9.9675,45.428611]}},{"type":"Feature","properties":{"CountryName":"Italy","Type of Animal":"Pigs"},"geometry":{"type":"Point","coordinates":[9.9823,45.3962]}},{"type":"Feature","properties":{"CountryName":"Italy","Type of Animal":"Pigs"},"geometry":{"type":"Point","coordinates":[9.5927,45.2422]}},{"type":"Feature","properties":{"CountryName":"Italy","Type of Animal":"Pigs"},"geometry":{"type":"Point","coordinates":[9.8949,45.5104]}},{"type":"Feature","properties":{"CountryName":"Italy","Type of Animal":"Pigs"},"geometry":{"type":"Point","coordinates":[9.88928,45.508731]}},{"type":"Feature","properties":{"CountryName":"Italy","Type of Animal":"Pigs"},"geometry":{"type":"Point","coordinates":[9.881409,45.535804]}},{"type":"Feature","properties":{"CountryName":"Italy","Type of Animal":"Pigs"},"geometry":{"type":"Point","coordinates":[9.9334,45.3852]}},{"type":"Feature","properties":{"CountryName":"Italy","Type of Animal":"Pigs"},"geometry":{"type":"Point","coordinates":[9.9162,45.4109]}},{"type":"Feature","properties":{"CountryName":"Italy","Type of Animal":"Pigs"},"geometry":{"type":"Point","coordinates":[9.9481,45.3572]}},{"type":"Feature","properties":{"CountryName":"Italy","Type of Animal":"Pigs"},"geometry":{"type":"Point","coordinates":[9.9824,45.3821]}},{"type":"Feature","properties":{"CountryName":"Italy","Type of Animal":"Pigs"},"geometry":{"type":"Point","coordinates":[9.9355,45.3827]}},{"type":"Feature","properties":{"CountryName":"Italy","Type of Animal":"Pigs"},"geometry":{"type":"Point","coordinates":[9.9458,45.3708]}},{"type":"Feature","properties":{"CountryName":"Italy","Type of Animal":"Pigs"},"geometry":{"type":"Point","coordinates":[9.9059,45.4304]}},{"type":"Feature","properties":{"CountryName":"Italy","Type of Animal":"Pigs"},"geometry":{"type":"Point","coordinates":[9.9273,45.4194]}},{"type":"Feature","properties":{"CountryName":"Italy","Type of Animal":"Pigs"},"geometry":{"type":"Point","coordinates":[9.9499,45.3699]}},{"type":"Feature","properties":{"CountryName":"Italy","Type of Animal":"Pigs"},"geometry":{"type":"Point","coordinates":[9.9116,45.4007]}},{"type":"Feature","properties":{"CountryName":"Italy","Type of Animal":"Pigs"},"geometry":{"type":"Point","coordinates":[9.9682,45.3803]}},{"type":"Feature","properties":{"CountryName":"Italy","Type of Animal":"Pigs"},"geometry":{"type":"Point","coordinates":[9.9317,45.3871]}},{"type":"Feature","properties":{"CountryName":"Italy","Type of Animal":"Pigs"},"geometry":{"type":"Point","coordinates":[9.9099,45.4207]}},{"type":"Feature","properties":{"CountryName":"Italy","Type of Animal":"Pigs"},"geometry":{"type":"Point","coordinates":[10.0651,45.5237]}},{"type":"Feature","properties":{"CountryName":"Italy","Type of Animal":"Pigs"},"geometry":{"type":"Point","coordinates":[10.094081,45.566629]}},{"type":"Feature","properties":{"CountryName":"Italy","Type of Animal":"Pigs"},"geometry":{"type":"Point","coordinates":[10.1053,45.5697]}},{"type":"Feature","properties":{"CountryName":"Italy","Type of Animal":"Pigs"},"geometry":{"type":"Point","coordinates":[10.3311,45.4802]}},{"type":"Feature","properties":{"CountryName":"Italy","Type of Animal":"Pigs"},"geometry":{"type":"Point","coordinates":[10.3821,45.4863]}},{"type":"Feature","properties":{"CountryName":"Italy","Type of Animal":"Pigs"},"geometry":{"type":"Point","coordinates":[10.0138,45.2392]}},{"type":"Feature","properties":{"CountryName":"Italy","Type of Animal":"Pigs"},"geometry":{"type":"Point","coordinates":[9.7807,45.4175]}},{"type":"Feature","properties":{"CountryName":"Italy","Type of Animal":"Pigs"},"geometry":{"type":"Point","coordinates":[10.0383,45.2569]}},{"type":"Feature","properties":{"CountryName":"Italy","Type of Animal":"Pigs"},"geometry":{"type":"Point","coordinates":[9.6948,45.3294]}},{"type":"Feature","properties":{"CountryName":"Italy","Type of Animal":"Pigs"},"geometry":{"type":"Point","coordinates":[9.7271,45.4061]}},{"type":"Feature","properties":{"CountryName":"Italy","Type of Animal":"Pigs"},"geometry":{"type":"Point","coordinates":[9.7434,45.441]}},{"type":"Feature","properties":{"CountryName":"Italy","Type of Animal":"Pigs"},"geometry":{"type":"Point","coordinates":[9.6461,45.3307]}},{"type":"Feature","properties":{"CountryName":"Italy","Type of Animal":"Pigs"},"geometry":{"type":"Point","coordinates":[9.5255,45.3547]}},{"type":"Feature","properties":{"CountryName":"Italy","Type of Animal":"Pigs"},"geometry":{"type":"Point","coordinates":[9.6986,45.3984]}},{"type":"Feature","properties":{"CountryName":"Italy","Type of Animal":"Pigs"},"geometry":{"type":"Point","coordinates":[9.7451,45.4278]}},{"type":"Feature","properties":{"CountryName":"Italy","Type of Animal":"Pigs"},"geometry":{"type":"Point","coordinates":[9.7616,45.322]}},{"type":"Feature","properties":{"CountryName":"Italy","Type of Animal":"Pigs"},"geometry":{"type":"Point","coordinates":[9.6451,45.4159]}},{"type":"Feature","properties":{"CountryName":"Italy","Type of Animal":"Pigs"},"geometry":{"type":"Point","coordinates":[10.0236,45.2348]}},{"type":"Feature","properties":{"CountryName":"Italy","Type of Animal":"Pigs"},"geometry":{"type":"Point","coordinates":[9.9507,45.2903]}},{"type":"Feature","properties":{"CountryName":"Italy","Type of Animal":"Pigs"},"geometry":{"type":"Point","coordinates":[9.6658,45.4332]}},{"type":"Feature","properties":{"CountryName":"Italy","Type of Animal":"Pigs"},"geometry":{"type":"Point","coordinates":[9.6887,45.3438]}},{"type":"Feature","properties":{"CountryName":"Italy","Type of Animal":"Pigs"},"geometry":{"type":"Point","coordinates":[9.7431,45.3702]}},{"type":"Feature","properties":{"CountryName":"Italy","Type of Animal":"Pigs"},"geometry":{"type":"Point","coordinates":[9.9616,45.2348]}},{"type":"Feature","properties":{"CountryName":"Italy","Type of Animal":"Pigs"},"geometry":{"type":"Point","coordinates":[9.9647,45.2351]}},{"type":"Feature","properties":{"CountryName":"Italy","Type of Animal":"Pigs"},"geometry":{"type":"Point","coordinates":[9.9671,45.2737]}},{"type":"Feature","properties":{"CountryName":"Italy","Type of Animal":"Pigs"},"geometry":{"type":"Point","coordinates":[9.7729,45.2897]}},{"type":"Feature","properties":{"CountryName":"Italy","Type of Animal":"Pigs"},"geometry":{"type":"Point","coordinates":[9.7939,45.2576]}},{"type":"Feature","properties":{"CountryName":"Italy","Type of Animal":"Pigs"},"geometry":{"type":"Point","coordinates":[9.7772,45.2658]}},{"type":"Feature","properties":{"CountryName":"Italy","Type of Animal":"Pigs"},"geometry":{"type":"Point","coordinates":[9.7526,45.3376]}},{"type":"Feature","properties":{"CountryName":"Italy","Type of Animal":"Pigs"},"geometry":{"type":"Point","coordinates":[9.7727,45.2925]}},{"type":"Feature","properties":{"CountryName":"Italy","Type of Animal":"Pigs"},"geometry":{"type":"Point","coordinates":[9.7853,45.2791]}},{"type":"Feature","properties":{"CountryName":"Italy","Type of Animal":"Pigs"},"geometry":{"type":"Point","coordinates":[9.7513,45.3253]}},{"type":"Feature","properties":{"CountryName":"Italy","Type of Animal":"Pigs"},"geometry":{"type":"Point","coordinates":[9.8178,45.2927]}},{"type":"Feature","properties":{"CountryName":"Italy","Type of Animal":"Pigs"},"geometry":{"type":"Point","coordinates":[9.7273,45.3704]}},{"type":"Feature","properties":{"CountryName":"Italy","Type of Animal":"Pigs"},"geometry":{"type":"Point","coordinates":[9.6626,45.3482]}},{"type":"Feature","properties":{"CountryName":"Italy","Type of Animal":"Pigs"},"geometry":{"type":"Point","coordinates":[9.7808,45.4201]}},{"type":"Feature","properties":{"CountryName":"Italy","Type of Animal":"Pigs"},"geometry":{"type":"Point","coordinates":[9.7911,45.3641]}},{"type":"Feature","properties":{"CountryName":"Italy","Type of Animal":"Pigs"},"geometry":{"type":"Point","coordinates":[9.8274,45.3161]}},{"type":"Feature","properties":{"CountryName":"Italy","Type of Animal":"Pigs"},"geometry":{"type":"Point","coordinates":[9.8418,45.3145]}},{"type":"Feature","properties":{"CountryName":"Italy","Type of Animal":"Pigs"},"geometry":{"type":"Point","coordinates":[9.8019,45.3345]}},{"type":"Feature","properties":{"CountryName":"Italy","Type of Animal":"Pigs"},"geometry":{"type":"Point","coordinates":[9.9802,45.283]}},{"type":"Feature","properties":{"CountryName":"Italy","Type of Animal":"Pigs"},"geometry":{"type":"Point","coordinates":[9.8268,45.3702]}},{"type":"Feature","properties":{"CountryName":"Italy","Type of Animal":"Pigs"},"geometry":{"type":"Point","coordinates":[9.9426,45.1332]}},{"type":"Feature","properties":{"CountryName":"Italy","Type of Animal":"Pigs"},"geometry":{"type":"Point","coordinates":[9.8318,45.2254]}},{"type":"Feature","properties":{"CountryName":"Italy","Type of Animal":"Pigs"},"geometry":{"type":"Point","coordinates":[9.8773,45.1613]}},{"type":"Feature","properties":{"CountryName":"Italy","Type of Animal":"Pigs"},"geometry":{"type":"Point","coordinates":[10.0224,45.264]}},{"type":"Feature","properties":{"CountryName":"Italy","Type of Animal":"Pigs"},"geometry":{"type":"Point","coordinates":[9.8171,45.2257]}},{"type":"Feature","properties":{"CountryName":"Italy","Type of Animal":"Pigs"},"geometry":{"type":"Point","coordinates":[9.8355,45.3597]}},{"type":"Feature","properties":{"CountryName":"Italy","Type of Animal":"Pigs"},"geometry":{"type":"Point","coordinates":[9.8718,45.3644]}},{"type":"Feature","properties":{"CountryName":"Italy","Type of Animal":"Pigs"},"geometry":{"type":"Point","coordinates":[9.8377,45.3402]}},{"type":"Feature","properties":{"CountryName":"Italy","Type of Animal":"Pigs"},"geometry":{"type":"Point","coordinates":[9.8456,45.2364]}},{"type":"Feature","properties":{"CountryName":"Italy","Type of Animal":"Pigs"},"geometry":{"type":"Point","coordinates":[9.7487,45.2415]}},{"type":"Feature","properties":{"CountryName":"Italy","Type of Animal":"Pigs"},"geometry":{"type":"Point","coordinates":[9.5859,45.4039]}},{"type":"Feature","properties":{"CountryName":"Italy","Type of Animal":"Pigs"},"geometry":{"type":"Point","coordinates":[9.8951,45.3313]}},{"type":"Feature","properties":{"CountryName":"Italy","Type of Animal":"Pigs"},"geometry":{"type":"Point","coordinates":[9.7883,45.1763]}},{"type":"Feature","properties":{"CountryName":"Italy","Type of Animal":"Pigs"},"geometry":{"type":"Point","coordinates":[9.7782,45.2256]}},{"type":"Feature","properties":{"CountryName":"Italy","Type of Animal":"Pigs"},"geometry":{"type":"Point","coordinates":[9.8386,45.2476]}},{"type":"Feature","properties":{"CountryName":"Italy","Type of Animal":"Pigs"},"geometry":{"type":"Point","coordinates":[9.8844,45.2502]}},{"type":"Feature","properties":{"CountryName":"Italy","Type of Animal":"Pigs"},"geometry":{"type":"Point","coordinates":[9.8635,45.1927]}},{"type":"Feature","properties":{"CountryName":"Italy","Type of Animal":"Pigs"},"geometry":{"type":"Point","coordinates":[9.9309,45.2118]}},{"type":"Feature","properties":{"CountryName":"Italy","Type of Animal":"Pigs"},"geometry":{"type":"Point","coordinates":[9.9221,45.2066]}},{"type":"Feature","properties":{"CountryName":"Italy","Type of Animal":"Pigs"},"geometry":{"type":"Point","coordinates":[9.9243,45.2372]}},{"type":"Feature","properties":{"CountryName":"Italy","Type of Animal":"Pigs"},"geometry":{"type":"Point","coordinates":[9.9381,45.2509]}},{"type":"Feature","properties":{"CountryName":"Italy","Type of Animal":"Pigs"},"geometry":{"type":"Point","coordinates":[9.9356,45.2145]}},{"type":"Feature","properties":{"CountryName":"Italy","Type of Animal":"Pigs"},"geometry":{"type":"Point","coordinates":[9.8031,45.1697]}},{"type":"Feature","properties":{"CountryName":"Italy","Type of Animal":"Pigs"},"geometry":{"type":"Point","coordinates":[9.8278,45.1864]}},{"type":"Feature","properties":{"CountryName":"Italy","Type of Animal":"Pigs"},"geometry":{"type":"Point","coordinates":[9.8085,45.1985]}},{"type":"Feature","properties":{"CountryName":"Italy","Type of Animal":"Pigs"},"geometry":{"type":"Point","coordinates":[9.5046,45.4454]}},{"type":"Feature","properties":{"CountryName":"Italy","Type of Animal":"Pigs"},"geometry":{"type":"Point","coordinates":[9.5137,45.4972]}},{"type":"Feature","properties":{"CountryName":"Italy","Type of Animal":"Pigs"},"geometry":{"type":"Point","coordinates":[9.5222,45.4442]}},{"type":"Feature","properties":{"CountryName":"Italy","Type of Animal":"Pigs"},"geometry":{"type":"Point","coordinates":[9.9121,45.1769]}},{"type":"Feature","properties":{"CountryName":"Italy","Type of Animal":"Pigs"},"geometry":{"type":"Point","coordinates":[9.9317,45.1679]}},{"type":"Feature","properties":{"CountryName":"Italy","Type of Animal":"Pigs"},"geometry":{"type":"Point","coordinates":[9.8989,45.216]}},{"type":"Feature","properties":{"CountryName":"Italy","Type of Animal":"Pigs"},"geometry":{"type":"Point","coordinates":[9.8724,45.3962]}},{"type":"Feature","properties":{"CountryName":"Italy","Type of Animal":"Pigs"},"geometry":{"type":"Point","coordinates":[9.8724,45.3964]}},{"type":"Feature","properties":{"CountryName":"Italy","Type of Animal":"Pigs"},"geometry":{"type":"Point","coordinates":[9.8799,45.4195]}},{"type":"Feature","properties":{"CountryName":"Italy","Type of Animal":"Pigs"},"geometry":{"type":"Point","coordinates":[9.6284,45.3195]}},{"type":"Feature","properties":{"CountryName":"Italy","Type of Animal":"Pigs"},"geometry":{"type":"Point","coordinates":[9.8415,45.4341]}},{"type":"Feature","properties":{"CountryName":"Italy","Type of Animal":"Pigs"},"geometry":{"type":"Point","coordinates":[9.8621,45.4224]}},{"type":"Feature","properties":{"CountryName":"Italy","Type of Animal":"Pigs"},"geometry":{"type":"Point","coordinates":[10.3545,45.0757]}},{"type":"Feature","properties":{"CountryName":"Italy","Type of Animal":"Pigs"},"geometry":{"type":"Point","coordinates":[10.394944,45.039972]}},{"type":"Feature","properties":{"CountryName":"Italy","Type of Animal":"Pigs"},"geometry":{"type":"Point","coordinates":[10.234,45.2079]}},{"type":"Feature","properties":{"CountryName":"Italy","Type of Animal":"Pigs"},"geometry":{"type":"Point","coordinates":[10.2037,45.2186]}},{"type":"Feature","properties":{"CountryName":"Italy","Type of Animal":"Pigs"},"geometry":{"type":"Point","coordinates":[10.2611,45.2007]}},{"type":"Feature","properties":{"CountryName":"Italy","Type of Animal":"Pigs"},"geometry":{"type":"Point","coordinates":[10.4035,45.0698]}},{"type":"Feature","properties":{"CountryName":"Italy","Type of Animal":"Pigs"},"geometry":{"type":"Point","coordinates":[10.281,45.1832]}},{"type":"Feature","properties":{"CountryName":"Italy","Type of Animal":"Pigs"},"geometry":{"type":"Point","coordinates":[10.4041,45.0848]}},{"type":"Feature","properties":{"CountryName":"Italy","Type of Animal":"Pigs"},"geometry":{"type":"Point","coordinates":[10.2881,45.2145]}},{"type":"Feature","properties":{"CountryName":"Italy","Type of Animal":"Pigs"},"geometry":{"type":"Point","coordinates":[10.3617,45.0958]}},{"type":"Feature","properties":{"CountryName":"Italy","Type of Animal":"Pigs"},"geometry":{"type":"Point","coordinates":[10.1831,45.1984]}},{"type":"Feature","properties":{"CountryName":"Italy","Type of Animal":"Pigs"},"geometry":{"type":"Point","coordinates":[10.3556,45.1276]}},{"type":"Feature","properties":{"CountryName":"Italy","Type of Animal":"Pigs"},"geometry":{"type":"Point","coordinates":[10.2399,45.1202]}},{"type":"Feature","properties":{"CountryName":"Italy","Type of Animal":"Pigs"},"geometry":{"type":"Point","coordinates":[10.3542,45.1422]}},{"type":"Feature","properties":{"CountryName":"Italy","Type of Animal":"Pigs"},"geometry":{"type":"Point","coordinates":[10.1499,45.1306]}},{"type":"Feature","properties":{"CountryName":"Italy","Type of Animal":"Pigs"},"geometry":{"type":"Point","coordinates":[10.4762,45.0454]}},{"type":"Feature","properties":{"CountryName":"Italy","Type of Animal":"Pigs"},"geometry":{"type":"Point","coordinates":[10.4616,45.0445]}},{"type":"Feature","properties":{"CountryName":"Italy","Type of Animal":"Pigs"},"geometry":{"type":"Point","coordinates":[10.2726,45.1491]}},{"type":"Feature","properties":{"CountryName":"Italy","Type of Animal":"Pigs"},"geometry":{"type":"Point","coordinates":[10.1717,45.1762]}},{"type":"Feature","properties":{"CountryName":"Italy","Type of Animal":"Pigs"},"geometry":{"type":"Point","coordinates":[10.0975,45.1427]}},{"type":"Feature","properties":{"CountryName":"Italy","Type of Animal":"Pigs"},"geometry":{"type":"Point","coordinates":[10.1615,45.157]}},{"type":"Feature","properties":{"CountryName":"Italy","Type of Animal":"Pigs"},"geometry":{"type":"Point","coordinates":[10.1747,45.1573]}},{"type":"Feature","properties":{"CountryName":"Italy","Type of Animal":"Pigs"},"geometry":{"type":"Point","coordinates":[10.1649,45.1718]}},{"type":"Feature","properties":{"CountryName":"Italy","Type of Animal":"Pigs"},"geometry":{"type":"Point","coordinates":[10.1672,45.1786]}},{"type":"Feature","properties":{"CountryName":"Italy","Type of Animal":"Pigs"},"geometry":{"type":"Point","coordinates":[10.5374,44.9892]}},{"type":"Feature","properties":{"CountryName":"Italy","Type of Animal":"Pigs"},"geometry":{"type":"Point","coordinates":[10.1385,45.0634]}},{"type":"Feature","properties":{"CountryName":"Italy","Type of Animal":"Pigs"},"geometry":{"type":"Point","coordinates":[10.2204,45.0892]}},{"type":"Feature","properties":{"CountryName":"Italy","Type of Animal":"Pigs"},"geometry":{"type":"Point","coordinates":[10.2034,45.0996]}},{"type":"Feature","properties":{"CountryName":"Italy","Type of Animal":"Pigs"},"geometry":{"type":"Point","coordinates":[10.3845,45.0195]}},{"type":"Feature","properties":{"CountryName":"Italy","Type of Animal":"Pigs"},"geometry":{"type":"Point","coordinates":[10.3249,44.5948]}},{"type":"Feature","properties":{"CountryName":"Italy","Type of Animal":"Pigs"},"geometry":{"type":"Point","coordinates":[10.5688,44.9982]}},{"type":"Feature","properties":{"CountryName":"Italy","Type of Animal":"Pigs"},"geometry":{"type":"Point","coordinates":[10.2722,45.1003]}},{"type":"Feature","properties":{"CountryName":"Italy","Type of Animal":"Pigs"},"geometry":{"type":"Point","coordinates":[10.1211,45.1985]}},{"type":"Feature","properties":{"CountryName":"Italy","Type of Animal":"Pigs"},"geometry":{"type":"Point","coordinates":[10.1527,45.1989]}},{"type":"Feature","properties":{"CountryName":"Italy","Type of Animal":"Pigs"},"geometry":{"type":"Point","coordinates":[10.1846,45.0623]}},{"type":"Feature","properties":{"CountryName":"Italy","Type of Animal":"Pigs"},"geometry":{"type":"Point","coordinates":[10.1568,45.1116]}},{"type":"Feature","properties":{"CountryName":"Italy","Type of Animal":"Pigs"},"geometry":{"type":"Point","coordinates":[10.0955,45.0922]}},{"type":"Feature","properties":{"CountryName":"Italy","Type of Animal":"Pigs"},"geometry":{"type":"Point","coordinates":[10.0533,45.1029]}},{"type":"Feature","properties":{"CountryName":"Italy","Type of Animal":"Pigs"},"geometry":{"type":"Point","coordinates":[10.0461,45.202]}},{"type":"Feature","properties":{"CountryName":"Italy","Type of Animal":"Pigs"},"geometry":{"type":"Point","coordinates":[9.4911,45.2202]}},{"type":"Feature","properties":{"CountryName":"Italy","Type of Animal":"Pigs"},"geometry":{"type":"Point","coordinates":[9.9975,45.2825]}},{"type":"Feature","properties":{"CountryName":"Italy","Type of Animal":"Pigs"},"geometry":{"type":"Point","coordinates":[9.5065,45.228]}},{"type":"Feature","properties":{"CountryName":"Italy","Type of Animal":"Pigs"},"geometry":{"type":"Point","coordinates":[9.5242,45.1866]}},{"type":"Feature","properties":{"CountryName":"Italy","Type of Animal":"Pigs"},"geometry":{"type":"Point","coordinates":[9.5361,45.1748]}},{"type":"Feature","properties":{"CountryName":"Italy","Type of Animal":"Pigs"},"geometry":{"type":"Point","coordinates":[9.5112,45.257]}},{"type":"Feature","properties":{"CountryName":"Italy","Type of Animal":"Pigs"},"geometry":{"type":"Point","coordinates":[9.5585,45.246]}},{"type":"Feature","properties":{"CountryName":"Italy","Type of Animal":"Pigs"},"geometry":{"type":"Point","coordinates":[9.5411,45.2885]}},{"type":"Feature","properties":{"CountryName":"Italy","Type of Animal":"Pigs"},"geometry":{"type":"Point","coordinates":[9.4603,45.2431]}},{"type":"Feature","properties":{"CountryName":"Italy","Type of Animal":"Pigs"},"geometry":{"type":"Point","coordinates":[9.6523,45.2489]}},{"type":"Feature","properties":{"CountryName":"Italy","Type of Animal":"Pigs"},"geometry":{"type":"Point","coordinates":[9.5689,45.2151]}},{"type":"Feature","properties":{"CountryName":"Italy","Type of Animal":"Pigs"},"geometry":{"type":"Point","coordinates":[9.5892,45.2107]}},{"type":"Feature","properties":{"CountryName":"Italy","Type of Animal":"Pigs"},"geometry":{"type":"Point","coordinates":[9.5492,45.2215]}},{"type":"Feature","properties":{"CountryName":"Italy","Type of Animal":"Pigs"},"geometry":{"type":"Point","coordinates":[9.7426,45.2101]}},{"type":"Feature","properties":{"CountryName":"Italy","Type of Animal":"Pigs"},"geometry":{"type":"Point","coordinates":[9.7061,45.1912]}},{"type":"Feature","properties":{"CountryName":"Italy","Type of Animal":"Pigs"},"geometry":{"type":"Point","coordinates":[9.5638,45.3176]}},{"type":"Feature","properties":{"CountryName":"Italy","Type of Animal":"Pigs"},"geometry":{"type":"Point","coordinates":[9.4383,45.3391]}},{"type":"Feature","properties":{"CountryName":"Italy","Type of Animal":"Pigs"},"geometry":{"type":"Point","coordinates":[9.4021,45.3472]}},{"type":"Feature","properties":{"CountryName":"Italy","Type of Animal":"Pigs"},"geometry":{"type":"Point","coordinates":[9.4058,45.3301]}},{"type":"Feature","properties":{"CountryName":"Italy","Type of Animal":"Pigs"},"geometry":{"type":"Point","coordinates":[9.4225,45.3895]}},{"type":"Feature","properties":{"CountryName":"Italy","Type of Animal":"Pigs"},"geometry":{"type":"Point","coordinates":[9.4178,45.3974]}},{"type":"Feature","properties":{"CountryName":"Italy","Type of Animal":"Pigs"},"geometry":{"type":"Point","coordinates":[9.7851,45.1011]}},{"type":"Feature","properties":{"CountryName":"Italy","Type of Animal":"Pigs"},"geometry":{"type":"Point","coordinates":[9.778014,45.11091]}},{"type":"Feature","properties":{"CountryName":"Italy","Type of Animal":"Pigs"},"geometry":{"type":"Point","coordinates":[9.7252,45.1603]}},{"type":"Feature","properties":{"CountryName":"Italy","Type of Animal":"Pigs"},"geometry":{"type":"Point","coordinates":[9.7551,45.1391]}},{"type":"Feature","properties":{"CountryName":"Italy","Type of Animal":"Pigs"},"geometry":{"type":"Point","coordinates":[9.7647,45.1635]}},{"type":"Feature","properties":{"CountryName":"Italy","Type of Animal":"Pigs"},"geometry":{"type":"Point","coordinates":[9.7795,45.1605]}},{"type":"Feature","properties":{"CountryName":"Italy","Type of Animal":"Pigs"},"geometry":{"type":"Point","coordinates":[9.7311,45.1335]}},{"type":"Feature","properties":{"CountryName":"Italy","Type of Animal":"Pigs"},"geometry":{"type":"Point","coordinates":[9.4364,45.2702]}},{"type":"Feature","properties":{"CountryName":"Italy","Type of Animal":"Pigs"},"geometry":{"type":"Point","coordinates":[9.3572,45.2733]}},{"type":"Feature","properties":{"CountryName":"Italy","Type of Animal":"Pigs"},"geometry":{"type":"Point","coordinates":[9.4431,45.2881]}},{"type":"Feature","properties":{"CountryName":"Italy","Type of Animal":"Pigs"},"geometry":{"type":"Point","coordinates":[9.4592,45.2626]}},{"type":"Feature","properties":{"CountryName":"Italy","Type of Animal":"Pigs"},"geometry":{"type":"Point","coordinates":[9.6435,45.1236]}},{"type":"Feature","properties":{"CountryName":"Italy","Type of Animal":"Pigs"},"geometry":{"type":"Point","coordinates":[9.6591,45.1123]}},{"type":"Feature","properties":{"CountryName":"Italy","Type of Animal":"Pigs"},"geometry":{"type":"Point","coordinates":[9.5545,45.169]}},{"type":"Feature","properties":{"CountryName":"Italy","Type of Animal":"Pigs"},"geometry":{"type":"Point","coordinates":[9.6431,45.1011]}},{"type":"Feature","properties":{"CountryName":"Italy","Type of Animal":"Pigs"},"geometry":{"type":"Point","coordinates":[9.7111,45.0945]}},{"type":"Feature","properties":{"CountryName":"Italy","Type of Animal":"Pigs"},"geometry":{"type":"Point","coordinates":[9.3954,45.2271]}},{"type":"Feature","properties":{"CountryName":"Italy","Type of Animal":"Pigs"},"geometry":{"type":"Point","coordinates":[9.3773,45.2526]}},{"type":"Feature","properties":{"CountryName":"Italy","Type of Animal":"Pigs"},"geometry":{"type":"Point","coordinates":[9.4494,45.2655]}},{"type":"Feature","properties":{"CountryName":"Italy","Type of Animal":"Pigs"},"geometry":{"type":"Point","coordinates":[9.6344,45.16]}},{"type":"Feature","properties":{"CountryName":"Italy","Type of Animal":"Pigs"},"geometry":{"type":"Point","coordinates":[9.6386,45.1773]}},{"type":"Feature","properties":{"CountryName":"Italy","Type of Animal":"Pigs"},"geometry":{"type":"Point","coordinates":[9.3345,45.1776]}},{"type":"Feature","properties":{"CountryName":"Italy","Type of Animal":"Pigs"},"geometry":{"type":"Point","coordinates":[9.2945,45.2775]}},{"type":"Feature","properties":{"CountryName":"Italy","Type of Animal":"Pigs"},"geometry":{"type":"Point","coordinates":[9.1035,45.2699]}},{"type":"Feature","properties":{"CountryName":"Italy","Type of Animal":"Pigs"},"geometry":{"type":"Point","coordinates":[9.2994,45.1811]}},{"type":"Feature","properties":{"CountryName":"Italy","Type of Animal":"Pigs"},"geometry":{"type":"Point","coordinates":[9.3194,45.3126]}},{"type":"Feature","properties":{"CountryName":"Italy","Type of Animal":"Pigs"},"geometry":{"type":"Point","coordinates":[9.3253,45.286]}},{"type":"Feature","properties":{"CountryName":"Italy","Type of Animal":"Pigs"},"geometry":{"type":"Point","coordinates":[9.2841,45.2539]}},{"type":"Feature","properties":{"CountryName":"Italy","Type of Animal":"Pigs"},"geometry":{"type":"Point","coordinates":[9.3954,45.1598]}},{"type":"Feature","properties":{"CountryName":"Italy","Type of Animal":"Pigs"},"geometry":{"type":"Point","coordinates":[9.2796,45.1676]}},{"type":"Feature","properties":{"CountryName":"Italy","Type of Animal":"Pigs"},"geometry":{"type":"Point","coordinates":[9.3949,45.1336]}},{"type":"Feature","properties":{"CountryName":"Italy","Type of Animal":"Pigs"},"geometry":{"type":"Point","coordinates":[9.2957,45.1834]}},{"type":"Feature","properties":{"CountryName":"Italy","Type of Animal":"Pigs"},"geometry":{"type":"Point","coordinates":[9.3175,45.2401]}},{"type":"Feature","properties":{"CountryName":"Italy","Type of Animal":"Pigs"},"geometry":{"type":"Point","coordinates":[9.3458,45.1416]}},{"type":"Feature","properties":{"CountryName":"Italy","Type of Animal":"Pigs"},"geometry":{"type":"Point","coordinates":[9.3472,45.1796]}},{"type":"Feature","properties":{"CountryName":"Italy","Type of Animal":"Pigs"},"geometry":{"type":"Point","coordinates":[9.2517,45.3096]}},{"type":"Feature","properties":{"CountryName":"Italy","Type of Animal":"Pigs"},"geometry":{"type":"Point","coordinates":[9.2294,45.2167]}},{"type":"Feature","properties":{"CountryName":"Italy","Type of Animal":"Pigs"},"geometry":{"type":"Point","coordinates":[9.4323,45.1251]}},{"type":"Feature","properties":{"CountryName":"Italy","Type of Animal":"Pigs"},"geometry":{"type":"Point","coordinates":[9.4653,45.1067]}},{"type":"Feature","properties":{"CountryName":"Italy","Type of Animal":"Pigs"},"geometry":{"type":"Point","coordinates":[9.2485,45.2799]}},{"type":"Feature","properties":{"CountryName":"Italy","Type of Animal":"Pigs"},"geometry":{"type":"Point","coordinates":[9.2526,45.2901]}},{"type":"Feature","properties":{"CountryName":"Italy","Type of Animal":"Pigs"},"geometry":{"type":"Point","coordinates":[9.3666,45.2299]}},{"type":"Feature","properties":{"CountryName":"Italy","Type of Animal":"Pigs"},"geometry":{"type":"Point","coordinates":[9.1027,45.1858]}},{"type":"Feature","properties":{"CountryName":"Italy","Type of Animal":"Pigs"},"geometry":{"type":"Point","coordinates":[8.8781,45.2234]}},{"type":"Feature","properties":{"CountryName":"Italy","Type of Animal":"Pigs"},"geometry":{"type":"Point","coordinates":[8.7805,45.1533]}},{"type":"Feature","properties":{"CountryName":"Italy","Type of Animal":"Pigs"},"geometry":{"type":"Point","coordinates":[8.9164,45.2059]}},{"type":"Feature","properties":{"CountryName":"Italy","Type of Animal":"Pigs"},"geometry":{"type":"Point","coordinates":[9.0215,45.1656]}},{"type":"Feature","properties":{"CountryName":"Italy","Type of Animal":"Pigs"},"geometry":{"type":"Point","coordinates":[8.9644,45.094]}},{"type":"Feature","properties":{"CountryName":"Italy","Type of Animal":"Pigs"},"geometry":{"type":"Point","coordinates":[9.0091,45.1326]}},{"type":"Feature","properties":{"CountryName":"Italy","Type of Animal":"Pigs"},"geometry":{"type":"Point","coordinates":[9.0092,45.1352]}},{"type":"Feature","properties":{"CountryName":"Italy","Type of Animal":"Pigs"},"geometry":{"type":"Point","coordinates":[8.7215,45.2438]}},{"type":"Feature","properties":{"CountryName":"Italy","Type of Animal":"Pigs"},"geometry":{"type":"Point","coordinates":[8.8252,45.0624]}},{"type":"Feature","properties":{"CountryName":"Italy","Type of Animal":"Pigs"},"geometry":{"type":"Point","coordinates":[8.5535,45.5925]}},{"type":"Feature","properties":{"CountryName":"Italy","Type of Animal":"Pigs"},"geometry":{"type":"Point","coordinates":[8.6527,45.6281]}},{"type":"Feature","properties":{"CountryName":"Italy","Type of Animal":"Pigs"},"geometry":{"type":"Point","coordinates":[8.4631,45.4031]}},{"type":"Feature","properties":{"CountryName":"Italy","Type of Animal":"Pigs"},"geometry":{"type":"Point","coordinates":[8.5193,45.5088]}},{"type":"Feature","properties":{"CountryName":"Italy","Type of Animal":"Pigs"},"geometry":{"type":"Point","coordinates":[8.4179,45.4092]}},{"type":"Feature","properties":{"CountryName":"Italy","Type of Animal":"Pigs"},"geometry":{"type":"Point","coordinates":[8.5715,45.4531]}},{"type":"Feature","properties":{"CountryName":"Italy","Type of Animal":"Pigs"},"geometry":{"type":"Point","coordinates":[8.7703,45.4522]}},{"type":"Feature","properties":{"CountryName":"Italy","Type of Animal":"Pigs"},"geometry":{"type":"Point","coordinates":[8.6726,45.4248]}},{"type":"Feature","properties":{"CountryName":"Italy","Type of Animal":"Pigs"},"geometry":{"type":"Point","coordinates":[8.6482,45.4062]}},{"type":"Feature","properties":{"CountryName":"Italy","Type of Animal":"Pigs"},"geometry":{"type":"Point","coordinates":[9.9373,45.0618]}},{"type":"Feature","properties":{"CountryName":"Italy","Type of Animal":"Pigs"},"geometry":{"type":"Point","coordinates":[9.9715,45.0239]}},{"type":"Feature","properties":{"CountryName":"Italy","Type of Animal":"Pigs"},"geometry":{"type":"Point","coordinates":[9.8809,44.9955]}},{"type":"Feature","properties":{"CountryName":"Italy","Type of Animal":"Pigs"},"geometry":{"type":"Point","coordinates":[9.9798118,44.952964]}},{"type":"Feature","properties":{"CountryName":"Italy","Type of Animal":"Pigs"},"geometry":{"type":"Point","coordinates":[9.7751,44.8871]}},{"type":"Feature","properties":{"CountryName":"Italy","Type of Animal":"Pigs"},"geometry":{"type":"Point","coordinates":[9.8696,44.8672]}},{"type":"Feature","properties":{"CountryName":"Italy","Type of Animal":"Pigs"},"geometry":{"type":"Point","coordinates":[9.8867,44.8773]}},{"type":"Feature","properties":{"CountryName":"Italy","Type of Animal":"Pigs"},"geometry":{"type":"Point","coordinates":[9.4656,45.0803]}},{"type":"Feature","properties":{"CountryName":"Italy","Type of Animal":"Pigs"},"geometry":{"type":"Point","coordinates":[9.9266,45.003]}},{"type":"Feature","properties":{"CountryName":"Italy","Type of Animal":"Pigs"},"geometry":{"type":"Point","coordinates":[9.8761,45.0206]}},{"type":"Feature","properties":{"CountryName":"Italy","Type of Animal":"Pigs"},"geometry":{"type":"Point","coordinates":[9.9814,44.9999]}},{"type":"Feature","properties":{"CountryName":"Italy","Type of Animal":"Pigs"},"geometry":{"type":"Point","coordinates":[9.9496,44.9516]}},{"type":"Feature","properties":{"CountryName":"Italy","Type of Animal":"Pigs"},"geometry":{"type":"Point","coordinates":[9.949835,44.9408876]}},{"type":"Feature","properties":{"CountryName":"Italy","Type of Animal":"Pigs"},"geometry":{"type":"Point","coordinates":[13.0243,45.6931]}},{"type":"Feature","properties":{"CountryName":"Italy","Type of Animal":"Pigs"},"geometry":{"type":"Point","coordinates":[11.9669,45.6246]}},{"type":"Feature","properties":{"CountryName":"Italy","Type of Animal":"Pigs"},"geometry":{"type":"Point","coordinates":[12.2926,45.7852]}},{"type":"Feature","properties":{"CountryName":"Italy","Type of Animal":"Pigs"},"geometry":{"type":"Point","coordinates":[12.3576,45.8271]}},{"type":"Feature","properties":{"CountryName":"Italy","Type of Animal":"Pigs"},"geometry":{"type":"Point","coordinates":[11.8944,45.8333]}},{"type":"Feature","properties":{"CountryName":"Italy","Type of Animal":"Pigs"},"geometry":{"type":"Point","coordinates":[11.9806,45.6656]}},{"type":"Feature","properties":{"CountryName":"Italy","Type of Animal":"Pigs"},"geometry":{"type":"Point","coordinates":[11.8849,45.7188]}},{"type":"Feature","properties":{"CountryName":"Italy","Type of Animal":"Pigs"},"geometry":{"type":"Point","coordinates":[11.948,45.717]}},{"type":"Feature","properties":{"CountryName":"Italy","Type of Animal":"Pigs"},"geometry":{"type":"Point","coordinates":[12.3421,45.6859]}},{"type":"Feature","properties":{"CountryName":"Italy","Type of Animal":"Pigs"},"geometry":{"type":"Point","coordinates":[12.3972,45.7047]}},{"type":"Feature","properties":{"CountryName":"Italy","Type of Animal":"Pigs"},"geometry":{"type":"Point","coordinates":[11.974,45.8868]}},{"type":"Feature","properties":{"CountryName":"Italy","Type of Animal":"Pigs"},"geometry":{"type":"Point","coordinates":[12.3985,45.5754]}},{"type":"Feature","properties":{"CountryName":"Italy","Type of Animal":"Pigs"},"geometry":{"type":"Point","coordinates":[12.1745,45.5803]}},{"type":"Feature","properties":{"CountryName":"Italy","Type of Animal":"Pigs"},"geometry":{"type":"Point","coordinates":[12.1777,45.5831]}},{"type":"Feature","properties":{"CountryName":"Italy","Type of Animal":"Pigs"},"geometry":{"type":"Point","coordinates":[12.172,45.5876]}},{"type":"Feature","properties":{"CountryName":"Italy","Type of Animal":"Pigs"},"geometry":{"type":"Point","coordinates":[11.7929,45.9989]}},{"type":"Feature","properties":{"CountryName":"Italy","Type of Animal":"Pigs"},"geometry":{"type":"Point","coordinates":[12.1406,46.1301]}},{"type":"Feature","properties":{"CountryName":"Italy","Type of Animal":"Pigs"},"geometry":{"type":"Point","coordinates":[12.967,46.1543]}},{"type":"Feature","properties":{"CountryName":"Italy","Type of Animal":"Pigs"},"geometry":{"type":"Point","coordinates":[13.1323,46.1866]}},{"type":"Feature","properties":{"CountryName":"Italy","Type of Animal":"Pigs"},"geometry":{"type":"Point","coordinates":[13.0157,46.0931]}},{"type":"Feature","properties":{"CountryName":"Italy","Type of Animal":"Pigs"},"geometry":{"type":"Point","coordinates":[13.005163,46.1096]}},{"type":"Feature","properties":{"CountryName":"Italy","Type of Animal":"Pigs"},"geometry":{"type":"Point","coordinates":[13.0701,46.1446]}},{"type":"Feature","properties":{"CountryName":"Italy","Type of Animal":"Pigs"},"geometry":{"type":"Point","coordinates":[13.1129,46.1067]}},{"type":"Feature","properties":{"CountryName":"Italy","Type of Animal":"Pigs"},"geometry":{"type":"Point","coordinates":[13.0066,46.0195]}},{"type":"Feature","properties":{"CountryName":"Italy","Type of Animal":"Pigs"},"geometry":{"type":"Point","coordinates":[13.2838,46.1063]}},{"type":"Feature","properties":{"CountryName":"Italy","Type of Animal":"Pigs"},"geometry":{"type":"Point","coordinates":[13.3362,46.0525]}},{"type":"Feature","properties":{"CountryName":"Italy","Type of Animal":"Pigs"},"geometry":{"type":"Point","coordinates":[13.3509,46.0593]}},{"type":"Feature","properties":{"CountryName":"Italy","Type of Animal":"Pigs"},"geometry":{"type":"Point","coordinates":[13.0218,45.8338]}},{"type":"Feature","properties":{"CountryName":"Italy","Type of Animal":"Pigs"},"geometry":{"type":"Point","coordinates":[13.4773,46.0714]}},{"type":"Feature","properties":{"CountryName":"Italy","Type of Animal":"Pigs"},"geometry":{"type":"Point","coordinates":[12.8419,45.8842]}},{"type":"Feature","properties":{"CountryName":"Italy","Type of Animal":"Pigs"},"geometry":{"type":"Point","coordinates":[12.8052,45.9144]}},{"type":"Feature","properties":{"CountryName":"Italy","Type of Animal":"Pigs"},"geometry":{"type":"Point","coordinates":[12.8263,45.8465]}},{"type":"Feature","properties":{"CountryName":"Italy","Type of Animal":"Pigs"},"geometry":{"type":"Point","coordinates":[12.7733,45.9354]}},{"type":"Feature","properties":{"CountryName":"Italy","Type of Animal":"Pigs"},"geometry":{"type":"Point","coordinates":[12.7082,46.0349]}},{"type":"Feature","properties":{"CountryName":"Italy","Type of Animal":"Pigs"},"geometry":{"type":"Point","coordinates":[12.5905,45.9491]}},{"type":"Feature","properties":{"CountryName":"Italy","Type of Animal":"Pigs"},"geometry":{"type":"Point","coordinates":[12.6887,46.0735]}},{"type":"Feature","properties":{"CountryName":"Italy","Type of Animal":"Pigs"},"geometry":{"type":"Point","coordinates":[12.5804,46.0296]}},{"type":"Feature","properties":{"CountryName":"Italy","Type of Animal":"Pigs"},"geometry":{"type":"Point","coordinates":[12.7058,46.142]}},{"type":"Feature","properties":{"CountryName":"Italy","Type of Animal":"Pigs"},"geometry":{"type":"Point","coordinates":[12.7454,46.0932]}},{"type":"Feature","properties":{"CountryName":"Italy","Type of Animal":"Pigs"},"geometry":{"type":"Point","coordinates":[12.7445,46.1072]}},{"type":"Feature","properties":{"CountryName":"Italy","Type of Animal":"Pigs"},"geometry":{"type":"Point","coordinates":[12.8176,45.9202]}},{"type":"Feature","properties":{"CountryName":"Italy","Type of Animal":"Pigs"},"geometry":{"type":"Point","coordinates":[12.8944,46.0307]}},{"type":"Feature","properties":{"CountryName":"Italy","Type of Animal":"Pigs"},"geometry":{"type":"Point","coordinates":[12.8871,46.0303]}},{"type":"Feature","properties":{"CountryName":"Italy","Type of Animal":"Pigs"},"geometry":{"type":"Point","coordinates":[12.8281,46.1105]}},{"type":"Feature","properties":{"CountryName":"Italy","Type of Animal":"Pigs"},"geometry":{"type":"Point","coordinates":[12.8878,45.9816]}},{"type":"Feature","properties":{"CountryName":"Italy","Type of Animal":"Pigs"},"geometry":{"type":"Point","coordinates":[12.8332,46.0017]}},{"type":"Feature","properties":{"CountryName":"Italy","Type of Animal":"Pigs"},"geometry":{"type":"Point","coordinates":[12.7596,46.0925]}},{"type":"Feature","properties":{"CountryName":"Italy","Type of Animal":"Pigs"},"geometry":{"type":"Point","coordinates":[13.4913,45.7501]}},{"type":"Feature","properties":{"CountryName":"Italy","Type of Animal":"Pigs"},"geometry":{"type":"Point","coordinates":[12.0247,45.6172]}},{"type":"Feature","properties":{"CountryName":"Italy","Type of Animal":"Pigs"},"geometry":{"type":"Point","coordinates":[11.7351,45.5146]}},{"type":"Feature","properties":{"CountryName":"Italy","Type of Animal":"Pigs"},"geometry":{"type":"Point","coordinates":[11.9966,45.561]}},{"type":"Feature","properties":{"CountryName":"Italy","Type of Animal":"Pigs"},"geometry":{"type":"Point","coordinates":[11.6522,45.6161]}},{"type":"Feature","properties":{"CountryName":"Italy","Type of Animal":"Pigs"},"geometry":{"type":"Point","coordinates":[12.0663,45.596]}},{"type":"Feature","properties":{"CountryName":"Italy","Type of Animal":"Pigs"},"geometry":{"type":"Point","coordinates":[11.6953,45.6095]}},{"type":"Feature","properties":{"CountryName":"Italy","Type of Animal":"Pigs"},"geometry":{"type":"Point","coordinates":[11.6185,45.3801]}},{"type":"Feature","properties":{"CountryName":"Italy","Type of Animal":"Pigs"},"geometry":{"type":"Point","coordinates":[11.6204,45.6553]}},{"type":"Feature","properties":{"CountryName":"Italy","Type of Animal":"Pigs"},"geometry":{"type":"Point","coordinates":[11.6075,45.1295]}},{"type":"Feature","properties":{"CountryName":"Italy","Type of Animal":"Pigs"},"geometry":{"type":"Point","coordinates":[11.4563,45.2497]}},{"type":"Feature","properties":{"CountryName":"Italy","Type of Animal":"Pigs"},"geometry":{"type":"Point","coordinates":[11.7876,45.1558]}},{"type":"Feature","properties":{"CountryName":"Italy","Type of Animal":"Pigs"},"geometry":{"type":"Point","coordinates":[11.7847,45.1557]}},{"type":"Feature","properties":{"CountryName":"Italy","Type of Animal":"Pigs"},"geometry":{"type":"Point","coordinates":[10.8549,45.5125]}},{"type":"Feature","properties":{"CountryName":"Italy","Type of Animal":"Pigs"},"geometry":{"type":"Point","coordinates":[11.0517,45.6351]}},{"type":"Feature","properties":{"CountryName":"Italy","Type of Animal":"Pigs"},"geometry":{"type":"Point","coordinates":[11.0635,45.5595]}},{"type":"Feature","properties":{"CountryName":"Italy","Type of Animal":"Pigs"},"geometry":{"type":"Point","coordinates":[11.0759,45.5617]}},{"type":"Feature","properties":{"CountryName":"Italy","Type of Animal":"Pigs"},"geometry":{"type":"Point","coordinates":[11.0581,45.5841]}},{"type":"Feature","properties":{"CountryName":"Italy","Type of Animal":"Pigs"},"geometry":{"type":"Point","coordinates":[11.3395,45.3058]}},{"type":"Feature","properties":{"CountryName":"Italy","Type of Animal":"Pigs"},"geometry":{"type":"Point","coordinates":[11.3586,45.128]}},{"type":"Feature","properties":{"CountryName":"Italy","Type of Animal":"Pigs"},"geometry":{"type":"Point","coordinates":[11.1711,45.3113]}},{"type":"Feature","properties":{"CountryName":"Italy","Type of Animal":"Pigs"},"geometry":{"type":"Point","coordinates":[11.1624,45.3144]}},{"type":"Feature","properties":{"CountryName":"Italy","Type of Animal":"Pigs"},"geometry":{"type":"Point","coordinates":[11.1856,45.2763]}},{"type":"Feature","properties":{"CountryName":"Italy","Type of Animal":"Pigs"},"geometry":{"type":"Point","coordinates":[11.1695,45.2788]}},{"type":"Feature","properties":{"CountryName":"Italy","Type of Animal":"Pigs"},"geometry":{"type":"Point","coordinates":[11.1013,45.2875]}},{"type":"Feature","properties":{"CountryName":"Italy","Type of Animal":"Pigs"},"geometry":{"type":"Point","coordinates":[11.166,45.1209]}},{"type":"Feature","properties":{"CountryName":"Italy","Type of Animal":"Pigs"},"geometry":{"type":"Point","coordinates":[11.1217,45.1747]}},{"type":"Feature","properties":{"CountryName":"Italy","Type of Animal":"Pigs"},"geometry":{"type":"Point","coordinates":[11.2197,45.3093]}},{"type":"Feature","properties":{"CountryName":"Italy","Type of Animal":"Pigs"},"geometry":{"type":"Point","coordinates":[11.1124,45.214]}},{"type":"Feature","properties":{"CountryName":"Italy","Type of Animal":"Pigs"},"geometry":{"type":"Point","coordinates":[11.0763,45.3684]}},{"type":"Feature","properties":{"CountryName":"Italy","Type of Animal":"Pigs"},"geometry":{"type":"Point","coordinates":[11.0614,45.3702]}},{"type":"Feature","properties":{"CountryName":"Italy","Type of Animal":"Pigs"},"geometry":{"type":"Point","coordinates":[10.9048,45.2934]}},{"type":"Feature","properties":{"CountryName":"Italy","Type of Animal":"Pigs"},"geometry":{"type":"Point","coordinates":[11.1294,45.1608]}},{"type":"Feature","properties":{"CountryName":"Italy","Type of Animal":"Pigs"},"geometry":{"type":"Point","coordinates":[10.852,45.2998]}},{"type":"Feature","properties":{"CountryName":"Italy","Type of Animal":"Pigs"},"geometry":{"type":"Point","coordinates":[10.9507,45.2218]}},{"type":"Feature","properties":{"CountryName":"Italy","Type of Animal":"Pigs"},"geometry":{"type":"Point","coordinates":[11.1344,45.1566]}},{"type":"Feature","properties":{"CountryName":"Italy","Type of Animal":"Pigs"},"geometry":{"type":"Point","coordinates":[10.8761,45.3008]}},{"type":"Feature","properties":{"CountryName":"Italy","Type of Animal":"Pigs"},"geometry":{"type":"Point","coordinates":[11.095,45.1313]}},{"type":"Feature","properties":{"CountryName":"Italy","Type of Animal":"Pigs"},"geometry":{"type":"Point","coordinates":[10.9852,45.2315]}},{"type":"Feature","properties":{"CountryName":"Italy","Type of Animal":"Pigs"},"geometry":{"type":"Point","coordinates":[11.1067,45.1236]}},{"type":"Feature","properties":{"CountryName":"Italy","Type of Animal":"Pigs"},"geometry":{"type":"Point","coordinates":[11.1074,45.1252]}},{"type":"Feature","properties":{"CountryName":"Italy","Type of Animal":"Pigs"},"geometry":{"type":"Point","coordinates":[11.0019,45.2046]}},{"type":"Feature","properties":{"CountryName":"Italy","Type of Animal":"Pigs"},"geometry":{"type":"Point","coordinates":[10.9375,45.2318]}},{"type":"Feature","properties":{"CountryName":"Italy","Type of Animal":"Pigs"},"geometry":{"type":"Point","coordinates":[11.1156,45.1102]}},{"type":"Feature","properties":{"CountryName":"Italy","Type of Animal":"Pigs"},"geometry":{"type":"Point","coordinates":[10.8903,45.3407]}},{"type":"Feature","properties":{"CountryName":"Italy","Type of Animal":"Pigs"},"geometry":{"type":"Point","coordinates":[10.7621,45.3364]}},{"type":"Feature","properties":{"CountryName":"Italy","Type of Animal":"Pigs"},"geometry":{"type":"Point","coordinates":[10.7387,45.3316]}},{"type":"Feature","properties":{"CountryName":"Italy","Type of Animal":"Pigs"},"geometry":{"type":"Point","coordinates":[10.7205,45.3296]}},{"type":"Feature","properties":{"CountryName":"Italy","Type of Animal":"Pigs"},"geometry":{"type":"Point","coordinates":[11.7555,44.4017]}},{"type":"Feature","properties":{"CountryName":"Italy","Type of Animal":"Pigs"},"geometry":{"type":"Point","coordinates":[11.7555,44.401]}},{"type":"Feature","properties":{"CountryName":"Italy","Type of Animal":"Pigs"},"geometry":{"type":"Point","coordinates":[11.7573,44.4189]}},{"type":"Feature","properties":{"CountryName":"Italy","Type of Animal":"Pigs"},"geometry":{"type":"Point","coordinates":[11.5146,44.643]}},{"type":"Feature","properties":{"CountryName":"Italy","Type of Animal":"Pigs"},"geometry":{"type":"Point","coordinates":[10.9606,44.7931]}},{"type":"Feature","properties":{"CountryName":"Italy","Type of Animal":"Pigs"},"geometry":{"type":"Point","coordinates":[10.9857,44.8121]}},{"type":"Feature","properties":{"CountryName":"Italy","Type of Animal":"Pigs"},"geometry":{"type":"Point","coordinates":[11.0871,44.591]}},{"type":"Feature","properties":{"CountryName":"Italy","Type of Animal":"Pigs"},"geometry":{"type":"Point","coordinates":[10.9322,44.5347]}},{"type":"Feature","properties":{"CountryName":"Italy","Type of Animal":"Pigs"},"geometry":{"type":"Point","coordinates":[10.8929,44.501]}},{"type":"Feature","properties":{"CountryName":"Italy","Type of Animal":"Pigs"},"geometry":{"type":"Point","coordinates":[11.0625,44.6779]}},{"type":"Feature","properties":{"CountryName":"Italy","Type of Animal":"Pigs"},"geometry":{"type":"Point","coordinates":[10.9173,44.9232]}},{"type":"Feature","properties":{"CountryName":"Italy","Type of Animal":"Pigs"},"geometry":{"type":"Point","coordinates":[10.9189,44.9035]}},{"type":"Feature","properties":{"CountryName":"Italy","Type of Animal":"Pigs"},"geometry":{"type":"Point","coordinates":[11.0498,44.7376]}},{"type":"Feature","properties":{"CountryName":"Italy","Type of Animal":"Pigs"},"geometry":{"type":"Point","coordinates":[11.1235,44.7692]}},{"type":"Feature","properties":{"CountryName":"Italy","Type of Animal":"Pigs"},"geometry":{"type":"Point","coordinates":[10.9574,44.7607]}},{"type":"Feature","properties":{"CountryName":"Italy","Type of Animal":"Pigs"},"geometry":{"type":"Point","coordinates":[10.9126,44.7197]}},{"type":"Feature","properties":{"CountryName":"Italy","Type of Animal":"Pigs"},"geometry":{"type":"Point","coordinates":[10.9568,44.7523]}},{"type":"Feature","properties":{"CountryName":"Italy","Type of Animal":"Pigs"},"geometry":{"type":"Point","coordinates":[10.0298,44.7717]}},{"type":"Feature","properties":{"CountryName":"Italy","Type of Animal":"Pigs"},"geometry":{"type":"Point","coordinates":[11.2185,44.8403]}},{"type":"Feature","properties":{"CountryName":"Italy","Type of Animal":"Pigs"},"geometry":{"type":"Point","coordinates":[11.1982,44.8303]}},{"type":"Feature","properties":{"CountryName":"Italy","Type of Animal":"Pigs"},"geometry":{"type":"Point","coordinates":[11.33,44.847]}},{"type":"Feature","properties":{"CountryName":"Italy","Type of Animal":"Pigs"},"geometry":{"type":"Point","coordinates":[11.101442,44.827446]}},{"type":"Feature","properties":{"CountryName":"Italy","Type of Animal":"Pigs"},"geometry":{"type":"Point","coordinates":[11.0122,44.8646]}},{"type":"Feature","properties":{"CountryName":"Italy","Type of Animal":"Pigs"},"geometry":{"type":"Point","coordinates":[11.0645,44.9531]}},{"type":"Feature","properties":{"CountryName":"Italy","Type of Animal":"Pigs"},"geometry":{"type":"Point","coordinates":[11.0714,44.9404]}},{"type":"Feature","properties":{"CountryName":"Italy","Type of Animal":"Pigs"},"geometry":{"type":"Point","coordinates":[11.16339,44.900016]}},{"type":"Feature","properties":{"CountryName":"Italy","Type of Animal":"Pigs"},"geometry":{"type":"Point","coordinates":[11.063,44.940085]}},{"type":"Feature","properties":{"CountryName":"Italy","Type of Animal":"Pigs"},"geometry":{"type":"Point","coordinates":[10.8819,44.5661]}},{"type":"Feature","properties":{"CountryName":"Italy","Type of Animal":"Pigs"},"geometry":{"type":"Point","coordinates":[10.8693,44.5858]}},{"type":"Feature","properties":{"CountryName":"Italy","Type of Animal":"Pigs"},"geometry":{"type":"Point","coordinates":[10.8874,44.5612]}},{"type":"Feature","properties":{"CountryName":"Italy","Type of Animal":"Pigs"},"geometry":{"type":"Point","coordinates":[10.8206,44.6066]}},{"type":"Feature","properties":{"CountryName":"Italy","Type of Animal":"Pigs"},"geometry":{"type":"Point","coordinates":[10.8061,44.5783]}},{"type":"Feature","properties":{"CountryName":"Italy","Type of Animal":"Pigs"},"geometry":{"type":"Point","coordinates":[10.7029,44.4754]}},{"type":"Feature","properties":{"CountryName":"Italy","Type of Animal":"Pigs"},"geometry":{"type":"Point","coordinates":[10.8662,44.6738]}},{"type":"Feature","properties":{"CountryName":"Italy","Type of Animal":"Pigs"},"geometry":{"type":"Point","coordinates":[10.8432,44.5994]}},{"type":"Feature","properties":{"CountryName":"Italy","Type of Animal":"Pigs"},"geometry":{"type":"Point","coordinates":[10.6661,44.8171]}},{"type":"Feature","properties":{"CountryName":"Italy","Type of Animal":"Pigs"},"geometry":{"type":"Point","coordinates":[10.7023,44.7828]}},{"type":"Feature","properties":{"CountryName":"Italy","Type of Animal":"Pigs"},"geometry":{"type":"Point","coordinates":[10.6804,44.8039]}},{"type":"Feature","properties":{"CountryName":"Italy","Type of Animal":"Pigs"},"geometry":{"type":"Point","coordinates":[10.7478,44.7432]}},{"type":"Feature","properties":{"CountryName":"Italy","Type of Animal":"Pigs"},"geometry":{"type":"Point","coordinates":[10.7063,44.7673]}},{"type":"Feature","properties":{"CountryName":"Italy","Type of Animal":"Pigs"},"geometry":{"type":"Point","coordinates":[10.6523,44.8696]}},{"type":"Feature","properties":{"CountryName":"Italy","Type of Animal":"Pigs"},"geometry":{"type":"Point","coordinates":[10.7136,44.9176]}},{"type":"Feature","properties":{"CountryName":"Italy","Type of Animal":"Pigs"},"geometry":{"type":"Point","coordinates":[10.7417,44.8634]}},{"type":"Feature","properties":{"CountryName":"Italy","Type of Animal":"Pigs"},"geometry":{"type":"Point","coordinates":[10.6744,44.8294]}},{"type":"Feature","properties":{"CountryName":"Italy","Type of Animal":"Pigs"},"geometry":{"type":"Point","coordinates":[10.6925,44.8404]}},{"type":"Feature","properties":{"CountryName":"Italy","Type of Animal":"Pigs"},"geometry":{"type":"Point","coordinates":[10.6749,44.8263]}},{"type":"Feature","properties":{"CountryName":"Italy","Type of Animal":"Pigs"},"geometry":{"type":"Point","coordinates":[10.4464,44.6363]}},{"type":"Feature","properties":{"CountryName":"Italy","Type of Animal":"Pigs"},"geometry":{"type":"Point","coordinates":[10.6305,44.8173]}},{"type":"Feature","properties":{"CountryName":"Italy","Type of Animal":"Pigs"},"geometry":{"type":"Point","coordinates":[10.622191,44.819247]}},{"type":"Feature","properties":{"CountryName":"Italy","Type of Animal":"Pigs"},"geometry":{"type":"Point","coordinates":[10.491,44.5763]}},{"type":"Feature","properties":{"CountryName":"Italy","Type of Animal":"Pigs"},"geometry":{"type":"Point","coordinates":[10.5776,44.8915]}},{"type":"Feature","properties":{"CountryName":"Italy","Type of Animal":"Pigs"},"geometry":{"type":"Point","coordinates":[10.7173,44.9655]}},{"type":"Feature","properties":{"CountryName":"Italy","Type of Animal":"Pigs"},"geometry":{"type":"Point","coordinates":[10.8586,44.9152]}},{"type":"Feature","properties":{"CountryName":"Italy","Type of Animal":"Pigs"},"geometry":{"type":"Point","coordinates":[10.7584,44.9093]}},{"type":"Feature","properties":{"CountryName":"Italy","Type of Animal":"Pigs"},"geometry":{"type":"Point","coordinates":[10.8834,44.9183]}},{"type":"Feature","properties":{"CountryName":"Italy","Type of Animal":"Pigs"},"geometry":{"type":"Point","coordinates":[10.8823,44.9172]}},{"type":"Feature","properties":{"CountryName":"Italy","Type of Animal":"Pigs"},"geometry":{"type":"Point","coordinates":[10.7093,44.7081]}},{"type":"Feature","properties":{"CountryName":"Italy","Type of Animal":"Pigs"},"geometry":{"type":"Point","coordinates":[10.7061,44.7087]}},{"type":"Feature","properties":{"CountryName":"Italy","Type of Animal":"Pigs"},"geometry":{"type":"Point","coordinates":[10.6428,44.7665]}},{"type":"Feature","properties":{"CountryName":"Italy","Type of Animal":"Pigs"},"geometry":{"type":"Point","coordinates":[10.0934,44.9681]}},{"type":"Feature","properties":{"CountryName":"Italy","Type of Animal":"Pigs"},"geometry":{"type":"Point","coordinates":[10.304,44.6665]}},{"type":"Feature","properties":{"CountryName":"Italy","Type of Animal":"Pigs"},"geometry":{"type":"Point","coordinates":[10.1821,44.8228]}},{"type":"Feature","properties":{"CountryName":"Italy","Type of Animal":"Pigs"},"geometry":{"type":"Point","coordinates":[10.1292,44.8357]}},{"type":"Feature","properties":{"CountryName":"Italy","Type of Animal":"Pigs"},"geometry":{"type":"Point","coordinates":[10.1554,44.9852]}},{"type":"Feature","properties":{"CountryName":"Italy","Type of Animal":"Pigs"},"geometry":{"type":"Point","coordinates":[10.1015,45.0041]}},{"type":"Feature","properties":{"CountryName":"Italy","Type of Animal":"Pigs"},"geometry":{"type":"Point","coordinates":[10.0767,44.9182]}},{"type":"Feature","properties":{"CountryName":"Italy","Type of Animal":"Pigs"},"geometry":{"type":"Point","coordinates":[10.4174,44.7399]}},{"type":"Feature","properties":{"CountryName":"Italy","Type of Animal":"Pigs"},"geometry":{"type":"Point","coordinates":[10.0244,44.9144]}},{"type":"Feature","properties":{"CountryName":"Italy","Type of Animal":"Pigs"},"geometry":{"type":"Point","coordinates":[10.4042,44.9221]}},{"type":"Feature","properties":{"CountryName":"Italy","Type of Animal":"Pigs"},"geometry":{"type":"Point","coordinates":[10.3365,44.9398]}},{"type":"Feature","properties":{"CountryName":"Italy","Type of Animal":"Pigs"},"geometry":{"type":"Point","coordinates":[10.332,44.8496]}},{"type":"Feature","properties":{"CountryName":"Italy","Type of Animal":"Pigs"},"geometry":{"type":"Point","coordinates":[10.3272,44.696]}},{"type":"Feature","properties":{"CountryName":"Italy","Type of Animal":"Pigs"},"geometry":{"type":"Point","coordinates":[10.2966,44.7045]}},{"type":"Feature","properties":{"CountryName":"Italy","Type of Animal":"Pigs"},"geometry":{"type":"Point","coordinates":[12.109,44.5688]}},{"type":"Feature","properties":{"CountryName":"Italy","Type of Animal":"Pigs"},"geometry":{"type":"Point","coordinates":[11.328,44.9029]}},{"type":"Feature","properties":{"CountryName":"Italy","Type of Animal":"Pigs"},"geometry":{"type":"Point","coordinates":[12.0748,44.8442]}},{"type":"Feature","properties":{"CountryName":"Italy","Type of Animal":"Pigs"},"geometry":{"type":"Point","coordinates":[11.7688,44.9254]}},{"type":"Feature","properties":{"CountryName":"Italy","Type of Animal":"Pigs"},"geometry":{"type":"Point","coordinates":[12.3564,45.0619]}},{"type":"Feature","properties":{"CountryName":"Italy","Type of Animal":"Pigs"},"geometry":{"type":"Point","coordinates":[11.8778,45.0344]}},{"type":"Feature","properties":{"CountryName":"Italy","Type of Animal":"Pigs"},"geometry":{"type":"Point","coordinates":[12.0461,45.0631]}},{"type":"Feature","properties":{"CountryName":"Italy","Type of Animal":"Pigs"},"geometry":{"type":"Point","coordinates":[11.9567,45.085]}},{"type":"Feature","properties":{"CountryName":"Italy","Type of Animal":"Pigs"},"geometry":{"type":"Point","coordinates":[12.2249,44.9364]}},{"type":"Feature","properties":{"CountryName":"Italy","Type of Animal":"Pigs"},"geometry":{"type":"Point","coordinates":[11.573721,45.069385]}},{"type":"Feature","properties":{"CountryName":"Italy","Type of Animal":"Pigs"},"geometry":{"type":"Point","coordinates":[11.9597,45.0113]}},{"type":"Feature","properties":{"CountryName":"Italy","Type of Animal":"Pigs"},"geometry":{"type":"Point","coordinates":[11.3234,45.0479]}},{"type":"Feature","properties":{"CountryName":"Italy","Type of Animal":"Pigs"},"geometry":{"type":"Point","coordinates":[11.7007,44.9932]}},{"type":"Feature","properties":{"CountryName":"Italy","Type of Animal":"Pigs"},"geometry":{"type":"Point","coordinates":[11.2732,45.0742]}},{"type":"Feature","properties":{"CountryName":"Italy","Type of Animal":"Pigs"},"geometry":{"type":"Point","coordinates":[11.7511,45.0657]}},{"type":"Feature","properties":{"CountryName":"Italy","Type of Animal":"Pigs"},"geometry":{"type":"Point","coordinates":[10.6291,45.0629]}},{"type":"Feature","properties":{"CountryName":"Italy","Type of Animal":"Pigs"},"geometry":{"type":"Point","coordinates":[10.6211,45.0711]}},{"type":"Feature","properties":{"CountryName":"Italy","Type of Animal":"Pigs"},"geometry":{"type":"Point","coordinates":[10.7156,45.1041]}},{"type":"Feature","properties":{"CountryName":"Italy","Type of Animal":"Pigs"},"geometry":{"type":"Point","coordinates":[10.6685,45.0963]}},{"type":"Feature","properties":{"CountryName":"Italy","Type of Animal":"Pigs"},"geometry":{"type":"Point","coordinates":[10.6482,45.0987]}},{"type":"Feature","properties":{"CountryName":"Italy","Type of Animal":"Pigs"},"geometry":{"type":"Point","coordinates":[10.7168,45.154]}},{"type":"Feature","properties":{"CountryName":"Italy","Type of Animal":"Pigs"},"geometry":{"type":"Point","coordinates":[10.599,45.0842]}},{"type":"Feature","properties":{"CountryName":"Italy","Type of Animal":"Pigs"},"geometry":{"type":"Point","coordinates":[10.5503,45.0385]}},{"type":"Feature","properties":{"CountryName":"Italy","Type of Animal":"Pigs"},"geometry":{"type":"Point","coordinates":[10.7553,45.1006]}},{"type":"Feature","properties":{"CountryName":"Italy","Type of Animal":"Pigs"},"geometry":{"type":"Point","coordinates":[10.6174,45.0535]}},{"type":"Feature","properties":{"CountryName":"Italy","Type of Animal":"Pigs"},"geometry":{"type":"Point","coordinates":[10.5756,45.1144]}},{"type":"Feature","properties":{"CountryName":"Italy","Type of Animal":"Pigs"},"geometry":{"type":"Point","coordinates":[10.6512,45.1015]}},{"type":"Feature","properties":{"CountryName":"Italy","Type of Animal":"Pigs"},"geometry":{"type":"Point","coordinates":[10.6063,45.0851]}},{"type":"Feature","properties":{"CountryName":"Italy","Type of Animal":"Pigs"},"geometry":{"type":"Point","coordinates":[10.7061,45.1011]}},{"type":"Feature","properties":{"CountryName":"Italy","Type of Animal":"Pigs"},"geometry":{"type":"Point","coordinates":[10.6184,45.0702]}},{"type":"Feature","properties":{"CountryName":"Italy","Type of Animal":"Pigs"},"geometry":{"type":"Point","coordinates":[10.7162,45.1085]}},{"type":"Feature","properties":{"CountryName":"Italy","Type of Animal":"Pigs"},"geometry":{"type":"Point","coordinates":[10.6562,45.0692]}},{"type":"Feature","properties":{"CountryName":"Italy","Type of Animal":"Pigs"},"geometry":{"type":"Point","coordinates":[10.5493,45.16003]}},{"type":"Feature","properties":{"CountryName":"Italy","Type of Animal":"Pigs"},"geometry":{"type":"Point","coordinates":[10.7386,45.0669]}},{"type":"Feature","properties":{"CountryName":"Italy","Type of Animal":"Pigs"},"geometry":{"type":"Point","coordinates":[10.4871,45.1502]}},{"type":"Feature","properties":{"CountryName":"Italy","Type of Animal":"Pigs"},"geometry":{"type":"Point","coordinates":[10.6138,45.1696]}},{"type":"Feature","properties":{"CountryName":"Italy","Type of Animal":"Pigs"},"geometry":{"type":"Point","coordinates":[10.6608,45.1567]}},{"type":"Feature","properties":{"CountryName":"Italy","Type of Animal":"Pigs"},"geometry":{"type":"Point","coordinates":[10.5958,45.1809]}},{"type":"Feature","properties":{"CountryName":"Italy","Type of Animal":"Pigs"},"geometry":{"type":"Point","coordinates":[10.6351,45.1311]}},{"type":"Feature","properties":{"CountryName":"Italy","Type of Animal":"Pigs"},"geometry":{"type":"Point","coordinates":[10.4689,45.0948]}},{"type":"Feature","properties":{"CountryName":"Italy","Type of Animal":"Pigs"},"geometry":{"type":"Point","coordinates":[10.5282,44.9993]}},{"type":"Feature","properties":{"CountryName":"Italy","Type of Animal":"Pigs"},"geometry":{"type":"Point","coordinates":[10.5737,45.003]}},{"type":"Feature","properties":{"CountryName":"Italy","Type of Animal":"Pigs"},"geometry":{"type":"Point","coordinates":[10.5752,44.9609]}},{"type":"Feature","properties":{"CountryName":"Italy","Type of Animal":"Pigs"},"geometry":{"type":"Point","coordinates":[10.5292,44.9609]}},{"type":"Feature","properties":{"CountryName":"Italy","Type of Animal":"Pigs"},"geometry":{"type":"Point","coordinates":[10.5703,44.9846]}},{"type":"Feature","properties":{"CountryName":"Italy","Type of Animal":"Pigs"},"geometry":{"type":"Point","coordinates":[10.6035,45.0061]}},{"type":"Feature","properties":{"CountryName":"Italy","Type of Animal":"Pigs"},"geometry":{"type":"Point","coordinates":[10.5764,44.9905]}},{"type":"Feature","properties":{"CountryName":"Italy","Type of Animal":"Pigs"},"geometry":{"type":"Point","coordinates":[10.6975,45.0416]}},{"type":"Feature","properties":{"CountryName":"Italy","Type of Animal":"Pigs"},"geometry":{"type":"Point","coordinates":[10.9178,44.9817]}},{"type":"Feature","properties":{"CountryName":"Italy","Type of Animal":"Pigs"},"geometry":{"type":"Point","coordinates":[10.8266,45.0016]}},{"type":"Feature","properties":{"CountryName":"Italy","Type of Animal":"Pigs"},"geometry":{"type":"Point","coordinates":[10.7093,45.0361]}},{"type":"Feature","properties":{"CountryName":"Italy","Type of Animal":"Pigs"},"geometry":{"type":"Point","coordinates":[10.8008,44.9797]}},{"type":"Feature","properties":{"CountryName":"Italy","Type of Animal":"Pigs"},"geometry":{"type":"Point","coordinates":[11.1349,45.0043]}},{"type":"Feature","properties":{"CountryName":"Italy","Type of Animal":"Pigs"},"geometry":{"type":"Point","coordinates":[11.0579,45.0088]}},{"type":"Feature","properties":{"CountryName":"Italy","Type of Animal":"Pigs"},"geometry":{"type":"Point","coordinates":[11.1661,45.0223]}},{"type":"Feature","properties":{"CountryName":"Italy","Type of Animal":"Pigs"},"geometry":{"type":"Point","coordinates":[11.0258,44.9885]}},{"type":"Feature","properties":{"CountryName":"Italy","Type of Animal":"Pigs"},"geometry":{"type":"Point","coordinates":[11.0014,44.9541]}},{"type":"Feature","properties":{"CountryName":"Italy","Type of Animal":"Pigs"},"geometry":{"type":"Point","coordinates":[10.9982,44.9636]}},{"type":"Feature","properties":{"CountryName":"Italy","Type of Animal":"Pigs"},"geometry":{"type":"Point","coordinates":[11.0721,45.0095]}},{"type":"Feature","properties":{"CountryName":"Italy","Type of Animal":"Pigs"},"geometry":{"type":"Point","coordinates":[11.0455,44.9667]}},{"type":"Feature","properties":{"CountryName":"Italy","Type of Animal":"Pigs"},"geometry":{"type":"Point","coordinates":[10.8377,45.0023]}},{"type":"Feature","properties":{"CountryName":"Italy","Type of Animal":"Pigs"},"geometry":{"type":"Point","coordinates":[11.0161,44.9649]}},{"type":"Feature","properties":{"CountryName":"Italy","Type of Animal":"Pigs"},"geometry":{"type":"Point","coordinates":[10.9848,44.9574]}},{"type":"Feature","properties":{"CountryName":"Italy","Type of Animal":"Pigs"},"geometry":{"type":"Point","coordinates":[10.8992,44.9864]}},{"type":"Feature","properties":{"CountryName":"Italy","Type of Animal":"Pigs"},"geometry":{"type":"Point","coordinates":[11.0719,45.0098]}},{"type":"Feature","properties":{"CountryName":"Italy","Type of Animal":"Pigs"},"geometry":{"type":"Point","coordinates":[10.7597,44.9633]}},{"type":"Feature","properties":{"CountryName":"Italy","Type of Animal":"Pigs"},"geometry":{"type":"Point","coordinates":[10.8287,44.9379]}},{"type":"Feature","properties":{"CountryName":"Italy","Type of Animal":"Pigs"},"geometry":{"type":"Point","coordinates":[10.8545,44.9437]}},{"type":"Feature","properties":{"CountryName":"Italy","Type of Animal":"Pigs"},"geometry":{"type":"Point","coordinates":[10.8774,44.9809]}},{"type":"Feature","properties":{"CountryName":"Italy","Type of Animal":"Pigs"},"geometry":{"type":"Point","coordinates":[10.8229,44.9632]}},{"type":"Feature","properties":{"CountryName":"Italy","Type of Animal":"Pigs"},"geometry":{"type":"Point","coordinates":[10.9474,44.9787]}},{"type":"Feature","properties":{"CountryName":"Italy","Type of Animal":"Pigs"},"geometry":{"type":"Point","coordinates":[10.8967,44.9518]}},{"type":"Feature","properties":{"CountryName":"Italy","Type of Animal":"Pigs"},"geometry":{"type":"Point","coordinates":[11.2111,44.9696]}},{"type":"Feature","properties":{"CountryName":"Italy","Type of Animal":"Pigs"},"geometry":{"type":"Point","coordinates":[11.1944,44.9661]}},{"type":"Feature","properties":{"CountryName":"Italy","Type of Animal":"Pigs"},"geometry":{"type":"Point","coordinates":[11.0211,45.0407]}},{"type":"Feature","properties":{"CountryName":"Italy","Type of Animal":"Pigs"},"geometry":{"type":"Point","coordinates":[11.0085,44.9948]}},{"type":"Feature","properties":{"CountryName":"Italy","Type of Animal":"Pigs"},"geometry":{"type":"Point","coordinates":[11.0012,45.0078]}},{"type":"Feature","properties":{"CountryName":"Italy","Type of Animal":"Pigs"},"geometry":{"type":"Point","coordinates":[11.0091,44.9844]}},{"type":"Feature","properties":{"CountryName":"Italy","Type of Animal":"Pigs"},"geometry":{"type":"Point","coordinates":[10.9749,44.9616]}},{"type":"Feature","properties":{"CountryName":"Italy","Type of Animal":"Pigs"},"geometry":{"type":"Point","coordinates":[10.9386,44.9921]}},{"type":"Feature","properties":{"CountryName":"Italy","Type of Animal":"Pigs"},"geometry":{"type":"Point","coordinates":[10.9628,45.0461]}},{"type":"Feature","properties":{"CountryName":"Italy","Type of Animal":"Pigs"},"geometry":{"type":"Point","coordinates":[10.9927,44.9895]}},{"type":"Feature","properties":{"CountryName":"Italy","Type of Animal":"Pigs"},"geometry":{"type":"Point","coordinates":[10.931,45.0352]}},{"type":"Feature","properties":{"CountryName":"Italy","Type of Animal":"Pigs"},"geometry":{"type":"Point","coordinates":[10.9486,45.0436]}},{"type":"Feature","properties":{"CountryName":"Italy","Type of Animal":"Pigs"},"geometry":{"type":"Point","coordinates":[10.8421,45.0388]}},{"type":"Feature","properties":{"CountryName":"Italy","Type of Animal":"Pigs"},"geometry":{"type":"Point","coordinates":[10.7797,45.0146]}},{"type":"Feature","properties":{"CountryName":"Italy","Type of Animal":"Pigs"},"geometry":{"type":"Point","coordinates":[11.0103,45.0927]}},{"type":"Feature","properties":{"CountryName":"Italy","Type of Animal":"Pigs"},"geometry":{"type":"Point","coordinates":[10.6338,45.0202]}},{"type":"Feature","properties":{"CountryName":"Italy","Type of Animal":"Pigs"},"geometry":{"type":"Point","coordinates":[10.6228,44.9645]}},{"type":"Feature","properties":{"CountryName":"Italy","Type of Animal":"Pigs"},"geometry":{"type":"Point","coordinates":[11.0705,45.0741]}},{"type":"Feature","properties":{"CountryName":"Italy","Type of Animal":"Pigs"},"geometry":{"type":"Point","coordinates":[10.5776,44.9421]}},{"type":"Feature","properties":{"CountryName":"Italy","Type of Animal":"Pigs"},"geometry":{"type":"Point","coordinates":[11.0812,45.0743]}},{"type":"Feature","properties":{"CountryName":"Italy","Type of Animal":"Pigs"},"geometry":{"type":"Point","coordinates":[10.6311,44.9511]}},{"type":"Feature","properties":{"CountryName":"Italy","Type of Animal":"Pigs"},"geometry":{"type":"Point","coordinates":[11.0646,45.0765]}},{"type":"Feature","properties":{"CountryName":"Italy","Type of Animal":"Pigs"},"geometry":{"type":"Point","coordinates":[11.0456,45.0735]}},{"type":"Feature","properties":{"CountryName":"Italy","Type of Animal":"Pigs"},"geometry":{"type":"Point","coordinates":[11.06052,45.078916]}},{"type":"Feature","properties":{"CountryName":"Italy","Type of Animal":"Pigs"},"geometry":{"type":"Point","coordinates":[10.9471,45.0771]}},{"type":"Feature","properties":{"CountryName":"Italy","Type of Animal":"Pigs"},"geometry":{"type":"Point","coordinates":[10.8176,45.0896]}},{"type":"Feature","properties":{"CountryName":"Italy","Type of Animal":"Pigs"},"geometry":{"type":"Point","coordinates":[10.9151,45.0927]}},{"type":"Feature","properties":{"CountryName":"Italy","Type of Animal":"Pigs"},"geometry":{"type":"Point","coordinates":[10.9094,45.2151]}},{"type":"Feature","properties":{"CountryName":"Italy","Type of Animal":"Pigs"},"geometry":{"type":"Point","coordinates":[10.8775,45.2111]}},{"type":"Feature","properties":{"CountryName":"Italy","Type of Animal":"Pigs"},"geometry":{"type":"Point","coordinates":[10.9546,45.1853]}},{"type":"Feature","properties":{"CountryName":"Italy","Type of Animal":"Pigs"},"geometry":{"type":"Point","coordinates":[10.7754,45.0458]}},{"type":"Feature","properties":{"CountryName":"Italy","Type of Animal":"Pigs"},"geometry":{"type":"Point","coordinates":[10.8095,45.0621]}},{"type":"Feature","properties":{"CountryName":"Italy","Type of Animal":"Pigs"},"geometry":{"type":"Point","coordinates":[10.8029,45.0696]}},{"type":"Feature","properties":{"CountryName":"Italy","Type of Animal":"Pigs"},"geometry":{"type":"Point","coordinates":[10.8193,45.0731]}},{"type":"Feature","properties":{"CountryName":"Italy","Type of Animal":"Pigs"},"geometry":{"type":"Point","coordinates":[10.7688,45.0594]}},{"type":"Feature","properties":{"CountryName":"Italy","Type of Animal":"Pigs"},"geometry":{"type":"Point","coordinates":[10.9232,45.1482]}},{"type":"Feature","properties":{"CountryName":"Italy","Type of Animal":"Pigs"},"geometry":{"type":"Point","coordinates":[10.9487,45.1463]}},{"type":"Feature","properties":{"CountryName":"Italy","Type of Animal":"Pigs"},"geometry":{"type":"Point","coordinates":[10.9466,45.1443]}},{"type":"Feature","properties":{"CountryName":"Italy","Type of Animal":"Pigs"},"geometry":{"type":"Point","coordinates":[10.9782,45.0967]}},{"type":"Feature","properties":{"CountryName":"Italy","Type of Animal":"Pigs"},"geometry":{"type":"Point","coordinates":[10.9062,45.1559]}},{"type":"Feature","properties":{"CountryName":"Italy","Type of Animal":"Pigs"},"geometry":{"type":"Point","coordinates":[10.5497,45.2466]}},{"type":"Feature","properties":{"CountryName":"Italy","Type of Animal":"Pigs"},"geometry":{"type":"Point","coordinates":[10.4981,45.2423]}},{"type":"Feature","properties":{"CountryName":"Italy","Type of Animal":"Pigs"},"geometry":{"type":"Point","coordinates":[10.3518,45.1926]}},{"type":"Feature","properties":{"CountryName":"Italy","Type of Animal":"Pigs"},"geometry":{"type":"Point","coordinates":[10.6103,45.3043]}},{"type":"Feature","properties":{"CountryName":"Italy","Type of Animal":"Pigs"},"geometry":{"type":"Point","coordinates":[10.5265,45.2274]}},{"type":"Feature","properties":{"CountryName":"Italy","Type of Animal":"Pigs"},"geometry":{"type":"Point","coordinates":[10.5102,45.2353]}},{"type":"Feature","properties":{"CountryName":"Italy","Type of Animal":"Pigs"},"geometry":{"type":"Point","coordinates":[10.5379,45.2587]}},{"type":"Feature","properties":{"CountryName":"Italy","Type of Animal":"Pigs"},"geometry":{"type":"Point","coordinates":[10.6266,45.2057]}},{"type":"Feature","properties":{"CountryName":"Italy","Type of Animal":"Pigs"},"geometry":{"type":"Point","coordinates":[10.5485,45.3017]}},{"type":"Feature","properties":{"CountryName":"Italy","Type of Animal":"Pigs"},"geometry":{"type":"Point","coordinates":[10.6159,45.2022]}},{"type":"Feature","properties":{"CountryName":"Italy","Type of Animal":"Pigs"},"geometry":{"type":"Point","coordinates":[10.5664,45.2864]}},{"type":"Feature","properties":{"CountryName":"Italy","Type of Animal":"Pigs"},"geometry":{"type":"Point","coordinates":[10.556177,45.2531]}},{"type":"Feature","properties":{"CountryName":"Italy","Type of Animal":"Pigs"},"geometry":{"type":"Point","coordinates":[10.6772,45.1624]}},{"type":"Feature","properties":{"CountryName":"Italy","Type of Animal":"Pigs"},"geometry":{"type":"Point","coordinates":[10.6661,45.2091]}},{"type":"Feature","properties":{"CountryName":"Italy","Type of Animal":"Pigs"},"geometry":{"type":"Point","coordinates":[10.6283,45.19997]}},{"type":"Feature","properties":{"CountryName":"Italy","Type of Animal":"Pigs"},"geometry":{"type":"Point","coordinates":[10.5431,45.2169]}},{"type":"Feature","properties":{"CountryName":"Italy","Type of Animal":"Pigs"},"geometry":{"type":"Point","coordinates":[10.5408,45.2292]}},{"type":"Feature","properties":{"CountryName":"Italy","Type of Animal":"Pigs"},"geometry":{"type":"Point","coordinates":[10.6528,45.1767]}},{"type":"Feature","properties":{"CountryName":"Italy","Type of Animal":"Pigs"},"geometry":{"type":"Point","coordinates":[10.6489,45.3571]}},{"type":"Feature","properties":{"CountryName":"Italy","Type of Animal":"Pigs"},"geometry":{"type":"Point","coordinates":[10.5533,45.1832]}},{"type":"Feature","properties":{"CountryName":"Italy","Type of Animal":"Pigs"},"geometry":{"type":"Point","coordinates":[10.5706187,45.2014497]}},{"type":"Feature","properties":{"CountryName":"Italy","Type of Animal":"Pigs"},"geometry":{"type":"Point","coordinates":[10.4657,45.2248]}},{"type":"Feature","properties":{"CountryName":"Italy","Type of Animal":"Pigs"},"geometry":{"type":"Point","coordinates":[10.4282,45.2424]}},{"type":"Feature","properties":{"CountryName":"Italy","Type of Animal":"Pigs"},"geometry":{"type":"Point","coordinates":[10.4532,45.2658]}},{"type":"Feature","properties":{"CountryName":"Italy","Type of Animal":"Pigs"},"geometry":{"type":"Point","coordinates":[10.373792,45.2368588]}},{"type":"Feature","properties":{"CountryName":"Italy","Type of Animal":"Pigs"},"geometry":{"type":"Point","coordinates":[10.4705,45.3532]}},{"type":"Feature","properties":{"CountryName":"Italy","Type of Animal":"Pigs"},"geometry":{"type":"Point","coordinates":[10.4862,45.3846]}},{"type":"Feature","properties":{"CountryName":"Italy","Type of Animal":"Pigs"},"geometry":{"type":"Point","coordinates":[10.4919,45.3809]}},{"type":"Feature","properties":{"CountryName":"Italy","Type of Animal":"Pigs"},"geometry":{"type":"Point","coordinates":[10.4882,45.3531]}},{"type":"Feature","properties":{"CountryName":"Italy","Type of Animal":"Pigs"},"geometry":{"type":"Point","coordinates":[10.5021,45.3611]}},{"type":"Feature","properties":{"CountryName":"Italy","Type of Animal":"Pigs"},"geometry":{"type":"Point","coordinates":[10.6942,45.2151]}},{"type":"Feature","properties":{"CountryName":"Italy","Type of Animal":"Pigs"},"geometry":{"type":"Point","coordinates":[10.6587,45.2601]}},{"type":"Feature","properties":{"CountryName":"Italy","Type of Animal":"Pigs"},"geometry":{"type":"Point","coordinates":[10.6617,45.2761]}},{"type":"Feature","properties":{"CountryName":"Italy","Type of Animal":"Pigs"},"geometry":{"type":"Point","coordinates":[10.6847,45.2593]}},{"type":"Feature","properties":{"CountryName":"Italy","Type of Animal":"Pigs"},"geometry":{"type":"Point","coordinates":[10.7131,45.2365]}},{"type":"Feature","properties":{"CountryName":"Italy","Type of Animal":"Pigs"},"geometry":{"type":"Point","coordinates":[10.6757,45.2508]}},{"type":"Feature","properties":{"CountryName":"Italy","Type of Animal":"Pigs"},"geometry":{"type":"Point","coordinates":[10.6593,45.2475]}},{"type":"Feature","properties":{"CountryName":"Italy","Type of Animal":"Pigs"},"geometry":{"type":"Point","coordinates":[10.5944,45.2389]}},{"type":"Feature","properties":{"CountryName":"Italy","Type of Animal":"Pigs"},"geometry":{"type":"Point","coordinates":[10.6751,45.2508]}},{"type":"Feature","properties":{"CountryName":"Italy","Type of Animal":"Pigs"},"geometry":{"type":"Point","coordinates":[10.7621,45.2186]}},{"type":"Feature","properties":{"CountryName":"Italy","Type of Animal":"Pigs"},"geometry":{"type":"Point","coordinates":[10.8438,45.2373]}},{"type":"Feature","properties":{"CountryName":"Italy","Type of Animal":"Pigs"},"geometry":{"type":"Point","coordinates":[10.746666,45.2421]}},{"type":"Feature","properties":{"CountryName":"Italy","Type of Animal":"Pigs"},"geometry":{"type":"Point","coordinates":[10.7303,45.2158]}},{"type":"Feature","properties":{"CountryName":"Italy","Type of Animal":"Pigs"},"geometry":{"type":"Point","coordinates":[10.7251,45.2138]}},{"type":"Feature","properties":{"CountryName":"Italy","Type of Animal":"Pigs"},"geometry":{"type":"Point","coordinates":[10.5049,45.3376]}},{"type":"Feature","properties":{"CountryName":"Italy","Type of Animal":"Pigs"},"geometry":{"type":"Point","coordinates":[10.8166,45.2644]}},{"type":"Feature","properties":{"CountryName":"Italy","Type of Animal":"Pigs"},"geometry":{"type":"Point","coordinates":[10.8258,45.2302]}},{"type":"Feature","properties":{"CountryName":"Italy","Type of Animal":"Pigs"},"geometry":{"type":"Point","coordinates":[10.8508,45.2401]}},{"type":"Feature","properties":{"CountryName":"Italy","Type of Animal":"Pigs"},"geometry":{"type":"Point","coordinates":[10.8005,45.3041]}},{"type":"Feature","properties":{"CountryName":"Italy","Type of Animal":"Pigs"},"geometry":{"type":"Point","coordinates":[10.7858,45.2706]}},{"type":"Feature","properties":{"CountryName":"Italy","Type of Animal":"Pigs"},"geometry":{"type":"Point","coordinates":[10.8529,45.2374]}},{"type":"Feature","properties":{"CountryName":"Italy","Type of Animal":"Pigs"},"geometry":{"type":"Point","coordinates":[10.7543,45.2927]}},{"type":"Feature","properties":{"CountryName":"Italy","Type of Animal":"Pigs"},"geometry":{"type":"Point","coordinates":[10.8017,45.2395]}},{"type":"Feature","properties":{"CountryName":"Italy","Type of Animal":"Pigs"},"geometry":{"type":"Point","coordinates":[10.8284,45.2731]}},{"type":"Feature","properties":{"CountryName":"Italy","Type of Animal":"Pigs"},"geometry":{"type":"Point","coordinates":[10.6257,45.3049]}},{"type":"Feature","properties":{"CountryName":"Italy","Type of Animal":"Pigs"},"geometry":{"type":"Point","coordinates":[10.6406,45.2994]}},{"type":"Feature","properties":{"CountryName":"Italy","Type of Animal":"Pigs"},"geometry":{"type":"Point","coordinates":[10.5275,45.2317]}},{"type":"Feature","properties":{"CountryName":"Italy","Type of Animal":"Pigs"},"geometry":{"type":"Point","coordinates":[11.8993,44.1798]}},{"type":"Feature","properties":{"CountryName":"Italy","Type of Animal":"Pigs"},"geometry":{"type":"Point","coordinates":[12.0637,43.8966]}},{"type":"Feature","properties":{"CountryName":"Italy","Type of Animal":"Pigs"},"geometry":{"type":"Point","coordinates":[12.1938,44.0149]}},{"type":"Feature","properties":{"CountryName":"Italy","Type of Animal":"Pigs"},"geometry":{"type":"Point","coordinates":[12.0821,44.0102]}},{"type":"Feature","properties":{"CountryName":"Italy","Type of Animal":"Pigs"},"geometry":{"type":"Point","coordinates":[12.2201,44.0023]}},{"type":"Feature","properties":{"CountryName":"Italy","Type of Animal":"Pigs"},"geometry":{"type":"Point","coordinates":[12.0907,44.16]}},{"type":"Feature","properties":{"CountryName":"Italy","Type of Animal":"Pigs"},"geometry":{"type":"Point","coordinates":[12.1745,44.0802]}},{"type":"Feature","properties":{"CountryName":"Italy","Type of Animal":"Pigs"},"geometry":{"type":"Point","coordinates":[12.3931,44.0274]}},{"type":"Feature","properties":{"CountryName":"Italy","Type of Animal":"Pigs"},"geometry":{"type":"Point","coordinates":[11.9141,44.5601]}},{"type":"Feature","properties":{"CountryName":"Italy","Type of Animal":"Pigs"},"geometry":{"type":"Point","coordinates":[12.0518,44.4673]}},{"type":"Feature","properties":{"CountryName":"Italy","Type of Animal":"Pigs"},"geometry":{"type":"Point","coordinates":[11.9905,44.4719]}},{"type":"Feature","properties":{"CountryName":"Italy","Type of Animal":"Pigs"},"geometry":{"type":"Point","coordinates":[11.8647,44.2209]}},{"type":"Feature","properties":{"CountryName":"Italy","Type of Animal":"Pigs"},"geometry":{"type":"Point","coordinates":[12.0134,44.3496]}},{"type":"Feature","properties":{"CountryName":"Italy","Type of Animal":"Pigs"},"geometry":{"type":"Point","coordinates":[11.881,44.4079]}},{"type":"Feature","properties":{"CountryName":"Italy","Type of Animal":"Pigs"},"geometry":{"type":"Point","coordinates":[11.8227,44.4789]}},{"type":"Feature","properties":{"CountryName":"Italy","Type of Animal":"Pigs"},"geometry":{"type":"Point","coordinates":[11.730147,44.292751]}},{"type":"Feature","properties":{"CountryName":"Italy","Type of Animal":"Pigs"},"geometry":{"type":"Point","coordinates":[12.0675,44.3685]}},{"type":"Feature","properties":{"CountryName":"Italy","Type of Animal":"Pigs"},"geometry":{"type":"Point","coordinates":[12.274,44.408]}},{"type":"Feature","properties":{"CountryName":"Italy","Type of Animal":"Pigs"},"geometry":{"type":"Point","coordinates":[12.2519,44.5717]}},{"type":"Feature","properties":{"CountryName":"Italy","Type of Animal":"Pigs"},"geometry":{"type":"Point","coordinates":[12.2586,44.2936]}},{"type":"Feature","properties":{"CountryName":"Italy","Type of Animal":"Pigs"},"geometry":{"type":"Point","coordinates":[12.0974,44.3205]}},{"type":"Feature","properties":{"CountryName":"Italy","Type of Animal":"Pigs"},"geometry":{"type":"Point","coordinates":[11.8642,43.3142]}},{"type":"Feature","properties":{"CountryName":"Italy","Type of Animal":"Pigs"},"geometry":{"type":"Point","coordinates":[11.8849,43.2211]}},{"type":"Feature","properties":{"CountryName":"Italy","Type of Animal":"Pigs"},"geometry":{"type":"Point","coordinates":[11.4457,43.1335]}},{"type":"Feature","properties":{"CountryName":"Italy","Type of Animal":"Pigs"},"geometry":{"type":"Point","coordinates":[11.8475,42.9484]}},{"type":"Feature","properties":{"CountryName":"Italy","Type of Animal":"Pigs"},"geometry":{"type":"Point","coordinates":[10.7983,43.5043]}},{"type":"Feature","properties":{"CountryName":"Italy","Type of Animal":"Pigs"},"geometry":{"type":"Point","coordinates":[11.4436,42.5371]}},{"type":"Feature","properties":{"CountryName":"Italy","Type of Animal":"Pigs"},"geometry":{"type":"Point","coordinates":[10.9956,42.9662]}},{"type":"Feature","properties":{"CountryName":"Italy","Type of Animal":"Pigs"},"geometry":{"type":"Point","coordinates":[13.3185,43.6488]}},{"type":"Feature","properties":{"CountryName":"Italy","Type of Animal":"Pigs"},"geometry":{"type":"Point","coordinates":[12.8394,43.8475]}},{"type":"Feature","properties":{"CountryName":"Italy","Type of Animal":"Pigs"},"geometry":{"type":"Point","coordinates":[13.2459,43.2055]}},{"type":"Feature","properties":{"CountryName":"Italy","Type of Animal":"Pigs"},"geometry":{"type":"Point","coordinates":[13.6366,43.1903]}},{"type":"Feature","properties":{"CountryName":"Italy","Type of Animal":"Pigs"},"geometry":{"type":"Point","coordinates":[13.5458,43.094]}},{"type":"Feature","properties":{"CountryName":"Italy","Type of Animal":"Pigs"},"geometry":{"type":"Point","coordinates":[13.6737,43.0631]}},{"type":"Feature","properties":{"CountryName":"Italy","Type of Animal":"Pigs"},"geometry":{"type":"Point","coordinates":[13.8599,42.7912]}},{"type":"Feature","properties":{"CountryName":"Italy","Type of Animal":"Pigs"},"geometry":{"type":"Point","coordinates":[14.0734,42.5493]}},{"type":"Feature","properties":{"CountryName":"Italy","Type of Animal":"Pigs"},"geometry":{"type":"Point","coordinates":[13.7462,42.5483]}},{"type":"Feature","properties":{"CountryName":"Italy","Type of Animal":"Pigs"},"geometry":{"type":"Point","coordinates":[14.377,42.282]}},{"type":"Feature","properties":{"CountryName":"Italy","Type of Animal":"Pigs"},"geometry":{"type":"Point","coordinates":[14.2918,41.9684]}},{"type":"Feature","properties":{"CountryName":"Italy","Type of Animal":"Pigs"},"geometry":{"type":"Point","coordinates":[14.6634,42.0251]}},{"type":"Feature","properties":{"CountryName":"Italy","Type of Animal":"Pigs"},"geometry":{"type":"Point","coordinates":[13.385475,42.054244]}},{"type":"Feature","properties":{"CountryName":"Italy","Type of Animal":"Pigs"},"geometry":{"type":"Point","coordinates":[16.0695,41.0823]}},{"type":"Feature","properties":{"CountryName":"Italy","Type of Animal":"Pigs"},"geometry":{"type":"Point","coordinates":[15.8775,41.2792]}},{"type":"Feature","properties":{"CountryName":"Italy","Type of Animal":"Pigs"},"geometry":{"type":"Point","coordinates":[14.0551,41.1823]}},{"type":"Feature","properties":{"CountryName":"Italy","Type of Animal":"Pigs"},"geometry":{"type":"Point","coordinates":[14.6985,41.1105]}},{"type":"Feature","properties":{"CountryName":"Italy","Type of Animal":"Pigs"},"geometry":{"type":"Point","coordinates":[0,0]}},{"type":"Feature","properties":{"CountryName":"Italy","Type of Animal":"Pigs"},"geometry":{"type":"Point","coordinates":[15.394,41.0663]}},{"type":"Feature","properties":{"CountryName":"Italy","Type of Animal":"Pigs"},"geometry":{"type":"Point","coordinates":[16.0765,40.9082]}},{"type":"Feature","properties":{"CountryName":"Italy","Type of Animal":"Pigs"},"geometry":{"type":"Point","coordinates":[15.5695,40.655]}},{"type":"Feature","properties":{"CountryName":"Italy","Type of Animal":"Poultry"},"geometry":{"type":"Point","coordinates":[12.2505,42.4877]}},{"type":"Feature","properties":{"CountryName":"Italy","Type of Animal":"Poultry"},"geometry":{"type":"Point","coordinates":[12.1514,42.5913]}},{"type":"Feature","properties":{"CountryName":"Italy","Type of Animal":"Poultry"},"geometry":{"type":"Point","coordinates":[12.0277,42.5458]}},{"type":"Feature","properties":{"CountryName":"Italy","Type of Animal":"Poultry"},"geometry":{"type":"Point","coordinates":[12.1703,42.5151]}},{"type":"Feature","properties":{"CountryName":"Italy","Type of Animal":"Poultry"},"geometry":{"type":"Point","coordinates":[12.1697,42.5171]}},{"type":"Feature","properties":{"CountryName":"Italy","Type of Animal":"Poultry"},"geometry":{"type":"Point","coordinates":[12.176,42.517]}},{"type":"Feature","properties":{"CountryName":"Italy","Type of Animal":"Poultry"},"geometry":{"type":"Point","coordinates":[12.0931,42.4958]}},{"type":"Feature","properties":{"CountryName":"Italy","Type of Animal":"Poultry"},"geometry":{"type":"Point","coordinates":[12.5324,42.6508]}},{"type":"Feature","properties":{"CountryName":"Italy","Type of Animal":"Poultry"},"geometry":{"type":"Point","coordinates":[12.2214,43.2443]}},{"type":"Feature","properties":{"CountryName":"Italy","Type of Animal":"Poultry"},"geometry":{"type":"Point","coordinates":[12.6181,42.8307]}},{"type":"Feature","properties":{"CountryName":"Italy","Type of Animal":"Poultry"},"geometry":{"type":"Point","coordinates":[12.549,42.8583]}},{"type":"Feature","properties":{"CountryName":"Italy","Type of Animal":"Poultry"},"geometry":{"type":"Point","coordinates":[12.5598,42.8448]}},{"type":"Feature","properties":{"CountryName":"Italy","Type of Animal":"Poultry"},"geometry":{"type":"Point","coordinates":[12.596,42.8545]}},{"type":"Feature","properties":{"CountryName":"Italy","Type of Animal":"Poultry"},"geometry":{"type":"Point","coordinates":[12.6356,42.7515]}},{"type":"Feature","properties":{"CountryName":"Italy","Type of Animal":"Poultry"},"geometry":{"type":"Point","coordinates":[12.6833,42.7167]}},{"type":"Feature","properties":{"CountryName":"Italy","Type of Animal":"Poultry"},"geometry":{"type":"Point","coordinates":[12.7985,42.5825]}},{"type":"Feature","properties":{"CountryName":"Italy","Type of Animal":"Poultry"},"geometry":{"type":"Point","coordinates":[12.6433,42.7645]}},{"type":"Feature","properties":{"CountryName":"Italy","Type of Animal":"Poultry"},"geometry":{"type":"Point","coordinates":[12.646361,42.701947]}},{"type":"Feature","properties":{"CountryName":"Italy","Type of Animal":"Poultry"},"geometry":{"type":"Point","coordinates":[12.4097,42.8336]}},{"type":"Feature","properties":{"CountryName":"Italy","Type of Animal":"Poultry"},"geometry":{"type":"Point","coordinates":[12.5025,42.7511]}},{"type":"Feature","properties":{"CountryName":"Italy","Type of Animal":"Poultry"},"geometry":{"type":"Point","coordinates":[12.4542,42.7369]}},{"type":"Feature","properties":{"CountryName":"Italy","Type of Animal":"Poultry"},"geometry":{"type":"Point","coordinates":[12.4542,42.7369]}},{"type":"Feature","properties":{"CountryName":"Italy","Type of Animal":"Poultry"},"geometry":{"type":"Point","coordinates":[12.3683,42.7399]}},{"type":"Feature","properties":{"CountryName":"Italy","Type of Animal":"Poultry"},"geometry":{"type":"Point","coordinates":[11.9978,43.1717]}},{"type":"Feature","properties":{"CountryName":"Italy","Type of Animal":"Poultry"},"geometry":{"type":"Point","coordinates":[12.2431,43.0576]}},{"type":"Feature","properties":{"CountryName":"Italy","Type of Animal":"Poultry"},"geometry":{"type":"Point","coordinates":[12.9457,42.9481]}},{"type":"Feature","properties":{"CountryName":"Italy","Type of Animal":"Poultry"},"geometry":{"type":"Point","coordinates":[12.0608,42.9388]}},{"type":"Feature","properties":{"CountryName":"Italy","Type of Animal":"Poultry"},"geometry":{"type":"Point","coordinates":[12.4028,43.0199]}},{"type":"Feature","properties":{"CountryName":"Italy","Type of Animal":"Poultry"},"geometry":{"type":"Point","coordinates":[12.3957,43.1373]}},{"type":"Feature","properties":{"CountryName":"Italy","Type of Animal":"Poultry"},"geometry":{"type":"Point","coordinates":[8.6531,39.4983]}},{"type":"Feature","properties":{"CountryName":"Italy","Type of Animal":"Poultry"},"geometry":{"type":"Point","coordinates":[9.16521,39.34394]}},{"type":"Feature","properties":{"CountryName":"Italy","Type of Animal":"Poultry"},"geometry":{"type":"Point","coordinates":[7.7594,45.3718]}},{"type":"Feature","properties":{"CountryName":"Italy","Type of Animal":"Poultry"},"geometry":{"type":"Point","coordinates":[7.9027,45.2461]}},{"type":"Feature","properties":{"CountryName":"Italy","Type of Animal":"Poultry"},"geometry":{"type":"Point","coordinates":[7.904419,45.015406]}},{"type":"Feature","properties":{"CountryName":"Italy","Type of Animal":"Poultry"},"geometry":{"type":"Point","coordinates":[7.7519,44.8624]}},{"type":"Feature","properties":{"CountryName":"Italy","Type of Animal":"Poultry"},"geometry":{"type":"Point","coordinates":[7.9521,45.1845]}},{"type":"Feature","properties":{"CountryName":"Italy","Type of Animal":"Poultry"},"geometry":{"type":"Point","coordinates":[7.8935,45.2455]}},{"type":"Feature","properties":{"CountryName":"Italy","Type of Animal":"Poultry"},"geometry":{"type":"Point","coordinates":[7.9082,45.2322]}},{"type":"Feature","properties":{"CountryName":"Italy","Type of Animal":"Poultry"},"geometry":{"type":"Point","coordinates":[7.418727,44.935325]}},{"type":"Feature","properties":{"CountryName":"Italy","Type of Animal":"Poultry"},"geometry":{"type":"Point","coordinates":[7.884457,44.878874]}},{"type":"Feature","properties":{"CountryName":"Italy","Type of Animal":"Poultry"},"geometry":{"type":"Point","coordinates":[7.8901,44.8974]}},{"type":"Feature","properties":{"CountryName":"Italy","Type of Animal":"Poultry"},"geometry":{"type":"Point","coordinates":[7.8167,44.9188]}},{"type":"Feature","properties":{"CountryName":"Italy","Type of Animal":"Poultry"},"geometry":{"type":"Point","coordinates":[7.4958,44.9154]}},{"type":"Feature","properties":{"CountryName":"Italy","Type of Animal":"Poultry"},"geometry":{"type":"Point","coordinates":[7.447799,44.855377]}},{"type":"Feature","properties":{"CountryName":"Italy","Type of Animal":"Poultry"},"geometry":{"type":"Point","coordinates":[7.3469,44.8665]}},{"type":"Feature","properties":{"CountryName":"Italy","Type of Animal":"Poultry"},"geometry":{"type":"Point","coordinates":[7.5204,45.2092]}},{"type":"Feature","properties":{"CountryName":"Italy","Type of Animal":"Poultry"},"geometry":{"type":"Point","coordinates":[7.753365,45.279709]}},{"type":"Feature","properties":{"CountryName":"Italy","Type of Animal":"Poultry"},"geometry":{"type":"Point","coordinates":[7.7339,45.2725]}},{"type":"Feature","properties":{"CountryName":"Italy","Type of Animal":"Poultry"},"geometry":{"type":"Point","coordinates":[7.819423,45.327396]}},{"type":"Feature","properties":{"CountryName":"Italy","Type of Animal":"Poultry"},"geometry":{"type":"Point","coordinates":[7.7515,45.2167]}},{"type":"Feature","properties":{"CountryName":"Italy","Type of Animal":"Poultry"},"geometry":{"type":"Point","coordinates":[7.7994,45.3187]}},{"type":"Feature","properties":{"CountryName":"Italy","Type of Animal":"Poultry"},"geometry":{"type":"Point","coordinates":[7.8087,45.3468]}},{"type":"Feature","properties":{"CountryName":"Italy","Type of Animal":"Poultry"},"geometry":{"type":"Point","coordinates":[7.8316,45.3305]}},{"type":"Feature","properties":{"CountryName":"Italy","Type of Animal":"Poultry"},"geometry":{"type":"Point","coordinates":[7.3851,44.2673]}},{"type":"Feature","properties":{"CountryName":"Italy","Type of Animal":"Poultry"},"geometry":{"type":"Point","coordinates":[7.3773,44.307]}},{"type":"Feature","properties":{"CountryName":"Italy","Type of Animal":"Poultry"},"geometry":{"type":"Point","coordinates":[7.6835,44.3672]}},{"type":"Feature","properties":{"CountryName":"Italy","Type of Animal":"Poultry"},"geometry":{"type":"Point","coordinates":[7.5714,44.5425]}},{"type":"Feature","properties":{"CountryName":"Italy","Type of Animal":"Poultry"},"geometry":{"type":"Point","coordinates":[7.2603,44.2824]}},{"type":"Feature","properties":{"CountryName":"Italy","Type of Animal":"Poultry"},"geometry":{"type":"Point","coordinates":[7.3404,44.3338]}},{"type":"Feature","properties":{"CountryName":"Italy","Type of Animal":"Poultry"},"geometry":{"type":"Point","coordinates":[7.4201,44.3991]}},{"type":"Feature","properties":{"CountryName":"Italy","Type of Animal":"Poultry"},"geometry":{"type":"Point","coordinates":[7.6114,44.7082]}},{"type":"Feature","properties":{"CountryName":"Italy","Type of Animal":"Poultry"},"geometry":{"type":"Point","coordinates":[7.5762,44.6912]}},{"type":"Feature","properties":{"CountryName":"Italy","Type of Animal":"Poultry"},"geometry":{"type":"Point","coordinates":[7.6561,44.7445]}},{"type":"Feature","properties":{"CountryName":"Italy","Type of Animal":"Poultry"},"geometry":{"type":"Point","coordinates":[7.6288,44.6812]}},{"type":"Feature","properties":{"CountryName":"Italy","Type of Animal":"Poultry"},"geometry":{"type":"Point","coordinates":[7.3269,44.6431]}},{"type":"Feature","properties":{"CountryName":"Italy","Type of Animal":"Poultry"},"geometry":{"type":"Point","coordinates":[7.6425,44.5906]}},{"type":"Feature","properties":{"CountryName":"Italy","Type of Animal":"Poultry"},"geometry":{"type":"Point","coordinates":[7.354,44.4521]}},{"type":"Feature","properties":{"CountryName":"Italy","Type of Animal":"Poultry"},"geometry":{"type":"Point","coordinates":[7.7051,44.7626]}},{"type":"Feature","properties":{"CountryName":"Italy","Type of Animal":"Poultry"},"geometry":{"type":"Point","coordinates":[7.4034,44.6459]}},{"type":"Feature","properties":{"CountryName":"Italy","Type of Animal":"Poultry"},"geometry":{"type":"Point","coordinates":[7.3801,44.6413]}},{"type":"Feature","properties":{"CountryName":"Italy","Type of Animal":"Poultry"},"geometry":{"type":"Point","coordinates":[7.4354,44.6369]}},{"type":"Feature","properties":{"CountryName":"Italy","Type of Animal":"Poultry"},"geometry":{"type":"Point","coordinates":[7.4133,44.6855]}},{"type":"Feature","properties":{"CountryName":"Italy","Type of Animal":"Poultry"},"geometry":{"type":"Point","coordinates":[7.6975,44.4078]}},{"type":"Feature","properties":{"CountryName":"Italy","Type of Animal":"Poultry"},"geometry":{"type":"Point","coordinates":[7.7886,44.5731]}},{"type":"Feature","properties":{"CountryName":"Italy","Type of Animal":"Poultry"},"geometry":{"type":"Point","coordinates":[7.7295,44.5131]}},{"type":"Feature","properties":{"CountryName":"Italy","Type of Animal":"Poultry"},"geometry":{"type":"Point","coordinates":[7.9086,44.7211]}},{"type":"Feature","properties":{"CountryName":"Italy","Type of Animal":"Poultry"},"geometry":{"type":"Point","coordinates":[7.6523,44.5796]}},{"type":"Feature","properties":{"CountryName":"Italy","Type of Animal":"Poultry"},"geometry":{"type":"Point","coordinates":[7.7103,44.498]}},{"type":"Feature","properties":{"CountryName":"Italy","Type of Animal":"Poultry"},"geometry":{"type":"Point","coordinates":[7.6658,44.4019]}},{"type":"Feature","properties":{"CountryName":"Italy","Type of Animal":"Poultry"},"geometry":{"type":"Point","coordinates":[7.6615,44.5737]}},{"type":"Feature","properties":{"CountryName":"Italy","Type of Animal":"Poultry"},"geometry":{"type":"Point","coordinates":[7.6737,44.5917]}},{"type":"Feature","properties":{"CountryName":"Italy","Type of Animal":"Poultry"},"geometry":{"type":"Point","coordinates":[7.633333,44.583333]}},{"type":"Feature","properties":{"CountryName":"Italy","Type of Animal":"Poultry"},"geometry":{"type":"Point","coordinates":[7.6744,44.5711]}},{"type":"Feature","properties":{"CountryName":"Italy","Type of Animal":"Poultry"},"geometry":{"type":"Point","coordinates":[7.6631,44.4031]}},{"type":"Feature","properties":{"CountryName":"Italy","Type of Animal":"Poultry"},"geometry":{"type":"Point","coordinates":[7.4707,44.2812]}},{"type":"Feature","properties":{"CountryName":"Italy","Type of Animal":"Poultry"},"geometry":{"type":"Point","coordinates":[7.8372,44.5302]}},{"type":"Feature","properties":{"CountryName":"Italy","Type of Animal":"Poultry"},"geometry":{"type":"Point","coordinates":[7.7941,44.7081]}},{"type":"Feature","properties":{"CountryName":"Italy","Type of Animal":"Poultry"},"geometry":{"type":"Point","coordinates":[7.5707,44.5044]}},{"type":"Feature","properties":{"CountryName":"Italy","Type of Animal":"Poultry"},"geometry":{"type":"Point","coordinates":[7.7685,44.5865]}},{"type":"Feature","properties":{"CountryName":"Italy","Type of Animal":"Poultry"},"geometry":{"type":"Point","coordinates":[7.6933,44.5942]}},{"type":"Feature","properties":{"CountryName":"Italy","Type of Animal":"Poultry"},"geometry":{"type":"Point","coordinates":[7.7354,44.5872]}},{"type":"Feature","properties":{"CountryName":"Italy","Type of Animal":"Poultry"},"geometry":{"type":"Point","coordinates":[7.7311,44.4439]}},{"type":"Feature","properties":{"CountryName":"Italy","Type of Animal":"Poultry"},"geometry":{"type":"Point","coordinates":[7.7701,44.4376]}},{"type":"Feature","properties":{"CountryName":"Italy","Type of Animal":"Poultry"},"geometry":{"type":"Point","coordinates":[8.1252,44.7383]}},{"type":"Feature","properties":{"CountryName":"Italy","Type of Animal":"Poultry"},"geometry":{"type":"Point","coordinates":[8.1201,44.7191]}},{"type":"Feature","properties":{"CountryName":"Italy","Type of Animal":"Poultry"},"geometry":{"type":"Point","coordinates":[8.2637,44.7074]}},{"type":"Feature","properties":{"CountryName":"Italy","Type of Animal":"Poultry"},"geometry":{"type":"Point","coordinates":[8.2619,44.7116]}},{"type":"Feature","properties":{"CountryName":"Italy","Type of Animal":"Poultry"},"geometry":{"type":"Point","coordinates":[7.8724,44.5013]}},{"type":"Feature","properties":{"CountryName":"Italy","Type of Animal":"Poultry"},"geometry":{"type":"Point","coordinates":[7.8958,44.5613]}},{"type":"Feature","properties":{"CountryName":"Italy","Type of Animal":"Poultry"},"geometry":{"type":"Point","coordinates":[7.9098,44.4902]}},{"type":"Feature","properties":{"CountryName":"Italy","Type of Animal":"Poultry"},"geometry":{"type":"Point","coordinates":[8.0165,44.5408]}},{"type":"Feature","properties":{"CountryName":"Italy","Type of Animal":"Poultry"},"geometry":{"type":"Point","coordinates":[7.5447,44.3155]}},{"type":"Feature","properties":{"CountryName":"Italy","Type of Animal":"Poultry"},"geometry":{"type":"Point","coordinates":[7.9685,44.7085]}},{"type":"Feature","properties":{"CountryName":"Italy","Type of Animal":"Poultry"},"geometry":{"type":"Point","coordinates":[7.8651,44.6046]}},{"type":"Feature","properties":{"CountryName":"Italy","Type of Animal":"Poultry"},"geometry":{"type":"Point","coordinates":[7.9484,44.6981]}},{"type":"Feature","properties":{"CountryName":"Italy","Type of Animal":"Poultry"},"geometry":{"type":"Point","coordinates":[7.6892,44.3749]}},{"type":"Feature","properties":{"CountryName":"Italy","Type of Animal":"Poultry"},"geometry":{"type":"Point","coordinates":[7.7162,44.3903]}},{"type":"Feature","properties":{"CountryName":"Italy","Type of Animal":"Poultry"},"geometry":{"type":"Point","coordinates":[7.6674,44.3667]}},{"type":"Feature","properties":{"CountryName":"Italy","Type of Animal":"Poultry"},"geometry":{"type":"Point","coordinates":[8.4262,45.3907]}},{"type":"Feature","properties":{"CountryName":"Italy","Type of Animal":"Poultry"},"geometry":{"type":"Point","coordinates":[8.2651,45.2103]}},{"type":"Feature","properties":{"CountryName":"Italy","Type of Animal":"Poultry"},"geometry":{"type":"Point","coordinates":[8.3128,45.2062]}},{"type":"Feature","properties":{"CountryName":"Italy","Type of Animal":"Poultry"},"geometry":{"type":"Point","coordinates":[8.0625,45.3578]}},{"type":"Feature","properties":{"CountryName":"Italy","Type of Animal":"Poultry"},"geometry":{"type":"Point","coordinates":[8.0294,45.2471]}},{"type":"Feature","properties":{"CountryName":"Italy","Type of Animal":"Poultry"},"geometry":{"type":"Point","coordinates":[8.0508,45.3254]}},{"type":"Feature","properties":{"CountryName":"Italy","Type of Animal":"Poultry"},"geometry":{"type":"Point","coordinates":[8.114888,45.301804]}},{"type":"Feature","properties":{"CountryName":"Italy","Type of Animal":"Poultry"},"geometry":{"type":"Point","coordinates":[8.0747,45.2484]}},{"type":"Feature","properties":{"CountryName":"Italy","Type of Animal":"Poultry"},"geometry":{"type":"Point","coordinates":[8.2421,45.3703]}},{"type":"Feature","properties":{"CountryName":"Italy","Type of Animal":"Poultry"},"geometry":{"type":"Point","coordinates":[7.9473,44.8722]}},{"type":"Feature","properties":{"CountryName":"Italy","Type of Animal":"Poultry"},"geometry":{"type":"Point","coordinates":[7.8989,44.8902]}},{"type":"Feature","properties":{"CountryName":"Italy","Type of Animal":"Poultry"},"geometry":{"type":"Point","coordinates":[8.1227,44.9671]}},{"type":"Feature","properties":{"CountryName":"Italy","Type of Animal":"Poultry"},"geometry":{"type":"Point","coordinates":[8.0164,45.0871]}},{"type":"Feature","properties":{"CountryName":"Italy","Type of Animal":"Poultry"},"geometry":{"type":"Point","coordinates":[8.0167,45.1127]}},{"type":"Feature","properties":{"CountryName":"Italy","Type of Animal":"Poultry"},"geometry":{"type":"Point","coordinates":[8.0331,45.0921]}},{"type":"Feature","properties":{"CountryName":"Italy","Type of Animal":"Poultry"},"geometry":{"type":"Point","coordinates":[8.0134,45.0996]}},{"type":"Feature","properties":{"CountryName":"Italy","Type of Animal":"Poultry"},"geometry":{"type":"Point","coordinates":[8.1308,45.0277]}},{"type":"Feature","properties":{"CountryName":"Italy","Type of Animal":"Poultry"},"geometry":{"type":"Point","coordinates":[8.271,44.9925]}},{"type":"Feature","properties":{"CountryName":"Italy","Type of Animal":"Poultry"},"geometry":{"type":"Point","coordinates":[8.2024,44.7813]}},{"type":"Feature","properties":{"CountryName":"Italy","Type of Animal":"Poultry"},"geometry":{"type":"Point","coordinates":[8.8575,44.8397]}},{"type":"Feature","properties":{"CountryName":"Italy","Type of Animal":"Poultry"},"geometry":{"type":"Point","coordinates":[8.7457,44.9076]}},{"type":"Feature","properties":{"CountryName":"Italy","Type of Animal":"Poultry"},"geometry":{"type":"Point","coordinates":[9.3282,45.4125]}},{"type":"Feature","properties":{"CountryName":"Italy","Type of Animal":"Poultry"},"geometry":{"type":"Point","coordinates":[9.4635,45.6151]}},{"type":"Feature","properties":{"CountryName":"Italy","Type of Animal":"Poultry"},"geometry":{"type":"Point","coordinates":[8.8748,45.6377]}},{"type":"Feature","properties":{"CountryName":"Italy","Type of Animal":"Poultry"},"geometry":{"type":"Point","coordinates":[9.3739,46.2818]}},{"type":"Feature","properties":{"CountryName":"Italy","Type of Animal":"Poultry"},"geometry":{"type":"Point","coordinates":[9.2526,45.7758]}},{"type":"Feature","properties":{"CountryName":"Italy","Type of Animal":"Poultry"},"geometry":{"type":"Point","coordinates":[9.5619,45.6421]}},{"type":"Feature","properties":{"CountryName":"Italy","Type of Animal":"Poultry"},"geometry":{"type":"Point","coordinates":[9.6294,45.6598]}},{"type":"Feature","properties":{"CountryName":"Italy","Type of Animal":"Poultry"},"geometry":{"type":"Point","coordinates":[9.6741,45.5271]}},{"type":"Feature","properties":{"CountryName":"Italy","Type of Animal":"Poultry"},"geometry":{"type":"Point","coordinates":[9.6761,45.5147]}},{"type":"Feature","properties":{"CountryName":"Italy","Type of Animal":"Poultry"},"geometry":{"type":"Point","coordinates":[9.6377,45.6054]}},{"type":"Feature","properties":{"CountryName":"Italy","Type of Animal":"Poultry"},"geometry":{"type":"Point","coordinates":[9.8053,45.6168]}},{"type":"Feature","properties":{"CountryName":"Italy","Type of Animal":"Poultry"},"geometry":{"type":"Point","coordinates":[9.7516,45.6356]}},{"type":"Feature","properties":{"CountryName":"Italy","Type of Animal":"Poultry"},"geometry":{"type":"Point","coordinates":[9.7701,45.4899]}},{"type":"Feature","properties":{"CountryName":"Italy","Type of Animal":"Poultry"},"geometry":{"type":"Point","coordinates":[9.7056,45.528]}},{"type":"Feature","properties":{"CountryName":"Italy","Type of Animal":"Poultry"},"geometry":{"type":"Point","coordinates":[9.8061,45.5876]}},{"type":"Feature","properties":{"CountryName":"Italy","Type of Animal":"Poultry"},"geometry":{"type":"Point","coordinates":[9.8198,45.5758]}},{"type":"Feature","properties":{"CountryName":"Italy","Type of Animal":"Poultry"},"geometry":{"type":"Point","coordinates":[9.8329,45.5858]}},{"type":"Feature","properties":{"CountryName":"Italy","Type of Animal":"Poultry"},"geometry":{"type":"Point","coordinates":[9.8474,45.4746]}},{"type":"Feature","properties":{"CountryName":"Italy","Type of Animal":"Poultry"},"geometry":{"type":"Point","coordinates":[9.6789,45.6366]}},{"type":"Feature","properties":{"CountryName":"Italy","Type of Animal":"Poultry"},"geometry":{"type":"Point","coordinates":[9.8321,45.5001]}},{"type":"Feature","properties":{"CountryName":"Italy","Type of Animal":"Poultry"},"geometry":{"type":"Point","coordinates":[9.839,45.4911]}},{"type":"Feature","properties":{"CountryName":"Italy","Type of Animal":"Poultry"},"geometry":{"type":"Point","coordinates":[9.7214,45.5808]}},{"type":"Feature","properties":{"CountryName":"Italy","Type of Animal":"Poultry"},"geometry":{"type":"Point","coordinates":[9.7802,45.5533]}},{"type":"Feature","properties":{"CountryName":"Italy","Type of Animal":"Poultry"},"geometry":{"type":"Point","coordinates":[9.7589,45.5651]}},{"type":"Feature","properties":{"CountryName":"Italy","Type of Animal":"Poultry"},"geometry":{"type":"Point","coordinates":[9.7541,45.5194]}},{"type":"Feature","properties":{"CountryName":"Italy","Type of Animal":"Poultry"},"geometry":{"type":"Point","coordinates":[9.8019,45.6329]}},{"type":"Feature","properties":{"CountryName":"Italy","Type of Animal":"Poultry"},"geometry":{"type":"Point","coordinates":[9.8914,45.6305]}},{"type":"Feature","properties":{"CountryName":"Italy","Type of Animal":"Poultry"},"geometry":{"type":"Point","coordinates":[9.8561,45.6386]}},{"type":"Feature","properties":{"CountryName":"Italy","Type of Animal":"Poultry"},"geometry":{"type":"Point","coordinates":[9.8963,45.6616]}},{"type":"Feature","properties":{"CountryName":"Italy","Type of Animal":"Poultry"},"geometry":{"type":"Point","coordinates":[9.8755,45.6363]}},{"type":"Feature","properties":{"CountryName":"Italy","Type of Animal":"Poultry"},"geometry":{"type":"Point","coordinates":[10.2273,45.4341]}},{"type":"Feature","properties":{"CountryName":"Italy","Type of Animal":"Poultry"},"geometry":{"type":"Point","coordinates":[10.3122,45.3047]}},{"type":"Feature","properties":{"CountryName":"Italy","Type of Animal":"Poultry"},"geometry":{"type":"Point","coordinates":[10.3122,45.3051]}},{"type":"Feature","properties":{"CountryName":"Italy","Type of Animal":"Poultry"},"geometry":{"type":"Point","coordinates":[10.6343,45.4226]}},{"type":"Feature","properties":{"CountryName":"Italy","Type of Animal":"Poultry"},"geometry":{"type":"Point","coordinates":[10.3229,45.3145]}},{"type":"Feature","properties":{"CountryName":"Italy","Type of Animal":"Poultry"},"geometry":{"type":"Point","coordinates":[10.3148,45.3024]}},{"type":"Feature","properties":{"CountryName":"Italy","Type of Animal":"Poultry"},"geometry":{"type":"Point","coordinates":[10.2436,45.4738]}},{"type":"Feature","properties":{"CountryName":"Italy","Type of Animal":"Poultry"},"geometry":{"type":"Point","coordinates":[10.3804,45.4581]}},{"type":"Feature","properties":{"CountryName":"Italy","Type of Animal":"Poultry"},"geometry":{"type":"Point","coordinates":[10.35295,45.369039]}},{"type":"Feature","properties":{"CountryName":"Italy","Type of Animal":"Poultry"},"geometry":{"type":"Point","coordinates":[10.3325,45.3746]}},{"type":"Feature","properties":{"CountryName":"Italy","Type of Animal":"Poultry"},"geometry":{"type":"Point","coordinates":[10.2998,45.3659]}},{"type":"Feature","properties":{"CountryName":"Italy","Type of Animal":"Poultry"},"geometry":{"type":"Point","coordinates":[10.3796,45.3525]}},{"type":"Feature","properties":{"CountryName":"Italy","Type of Animal":"Poultry"},"geometry":{"type":"Point","coordinates":[10.3479,45.3602]}},{"type":"Feature","properties":{"CountryName":"Italy","Type of Animal":"Poultry"},"geometry":{"type":"Point","coordinates":[10.2998,45.3661]}},{"type":"Feature","properties":{"CountryName":"Italy","Type of Animal":"Poultry"},"geometry":{"type":"Point","coordinates":[10.3389,45.3545]}},{"type":"Feature","properties":{"CountryName":"Italy","Type of Animal":"Poultry"},"geometry":{"type":"Point","coordinates":[10.3391,45.3368]}},{"type":"Feature","properties":{"CountryName":"Italy","Type of Animal":"Poultry"},"geometry":{"type":"Point","coordinates":[10.2005,45.1918]}},{"type":"Feature","properties":{"CountryName":"Italy","Type of Animal":"Poultry"},"geometry":{"type":"Point","coordinates":[10.4527,45.3544]}},{"type":"Feature","properties":{"CountryName":"Italy","Type of Animal":"Poultry"},"geometry":{"type":"Point","coordinates":[10.2429,45.21]}},{"type":"Feature","properties":{"CountryName":"Italy","Type of Animal":"Poultry"},"geometry":{"type":"Point","coordinates":[10.183,45.2336]}},{"type":"Feature","properties":{"CountryName":"Italy","Type of Animal":"Poultry"},"geometry":{"type":"Point","coordinates":[10.3151,45.3948]}},{"type":"Feature","properties":{"CountryName":"Italy","Type of Animal":"Poultry"},"geometry":{"type":"Point","coordinates":[10.3006,45.3684]}},{"type":"Feature","properties":{"CountryName":"Italy","Type of Animal":"Poultry"},"geometry":{"type":"Point","coordinates":[10.3036,45.3683]}},{"type":"Feature","properties":{"CountryName":"Italy","Type of Animal":"Poultry"},"geometry":{"type":"Point","coordinates":[10.290469,45.384866]}},{"type":"Feature","properties":{"CountryName":"Italy","Type of Animal":"Poultry"},"geometry":{"type":"Point","coordinates":[10.300017,45.404632]}},{"type":"Feature","properties":{"CountryName":"Italy","Type of Animal":"Poultry"},"geometry":{"type":"Point","coordinates":[10.258755,45.409712]}},{"type":"Feature","properties":{"CountryName":"Italy","Type of Animal":"Poultry"},"geometry":{"type":"Point","coordinates":[10.1821,45.2327]}},{"type":"Feature","properties":{"CountryName":"Italy","Type of Animal":"Poultry"},"geometry":{"type":"Point","coordinates":[10.4786,45.4426]}},{"type":"Feature","properties":{"CountryName":"Italy","Type of Animal":"Poultry"},"geometry":{"type":"Point","coordinates":[10.4648,45.4753]}},{"type":"Feature","properties":{"CountryName":"Italy","Type of Animal":"Poultry"},"geometry":{"type":"Point","coordinates":[10.464881,45.4196]}},{"type":"Feature","properties":{"CountryName":"Italy","Type of Animal":"Poultry"},"geometry":{"type":"Point","coordinates":[10.3873,45.3666]}},{"type":"Feature","properties":{"CountryName":"Italy","Type of Animal":"Poultry"},"geometry":{"type":"Point","coordinates":[10.3165,45.2577]}},{"type":"Feature","properties":{"CountryName":"Italy","Type of Animal":"Poultry"},"geometry":{"type":"Point","coordinates":[10.1701,45.4612]}},{"type":"Feature","properties":{"CountryName":"Italy","Type of Animal":"Poultry"},"geometry":{"type":"Point","coordinates":[10.1487,45.268]}},{"type":"Feature","properties":{"CountryName":"Italy","Type of Animal":"Poultry"},"geometry":{"type":"Point","coordinates":[10.1081,45.3782]}},{"type":"Feature","properties":{"CountryName":"Italy","Type of Animal":"Poultry"},"geometry":{"type":"Point","coordinates":[10.2063,45.3028]}},{"type":"Feature","properties":{"CountryName":"Italy","Type of Animal":"Poultry"},"geometry":{"type":"Point","coordinates":[10.1479,45.3098]}},{"type":"Feature","properties":{"CountryName":"Italy","Type of Animal":"Poultry"},"geometry":{"type":"Point","coordinates":[10.2045,45.2962]}},{"type":"Feature","properties":{"CountryName":"Italy","Type of Animal":"Poultry"},"geometry":{"type":"Point","coordinates":[10.1596,45.4561]}},{"type":"Feature","properties":{"CountryName":"Italy","Type of Animal":"Poultry"},"geometry":{"type":"Point","coordinates":[10.1443,45.2802]}},{"type":"Feature","properties":{"CountryName":"Italy","Type of Animal":"Poultry"},"geometry":{"type":"Point","coordinates":[10.1642,45.2687]}},{"type":"Feature","properties":{"CountryName":"Italy","Type of Animal":"Poultry"},"geometry":{"type":"Point","coordinates":[10.1578,45.2688]}},{"type":"Feature","properties":{"CountryName":"Italy","Type of Animal":"Poultry"},"geometry":{"type":"Point","coordinates":[10.1386,45.4618]}},{"type":"Feature","properties":{"CountryName":"Italy","Type of Animal":"Poultry"},"geometry":{"type":"Point","coordinates":[10.2701,45.2571]}},{"type":"Feature","properties":{"CountryName":"Italy","Type of Animal":"Poultry"},"geometry":{"type":"Point","coordinates":[10.195,45.2727]}},{"type":"Feature","properties":{"CountryName":"Italy","Type of Animal":"Poultry"},"geometry":{"type":"Point","coordinates":[10.1427,45.2576]}},{"type":"Feature","properties":{"CountryName":"Italy","Type of Animal":"Poultry"},"geometry":{"type":"Point","coordinates":[10.1403,45.2479]}},{"type":"Feature","properties":{"CountryName":"Italy","Type of Animal":"Poultry"},"geometry":{"type":"Point","coordinates":[10.1508,45.2697]}},{"type":"Feature","properties":{"CountryName":"Italy","Type of Animal":"Poultry"},"geometry":{"type":"Point","coordinates":[10.0238,45.3492]}},{"type":"Feature","properties":{"CountryName":"Italy","Type of Animal":"Poultry"},"geometry":{"type":"Point","coordinates":[10.0229,45.3494]}},{"type":"Feature","properties":{"CountryName":"Italy","Type of Animal":"Poultry"},"geometry":{"type":"Point","coordinates":[10.2282,45.2698]}},{"type":"Feature","properties":{"CountryName":"Italy","Type of Animal":"Poultry"},"geometry":{"type":"Point","coordinates":[10.2491,45.2596]}},{"type":"Feature","properties":{"CountryName":"Italy","Type of Animal":"Poultry"},"geometry":{"type":"Point","coordinates":[10.1245,45.3797]}},{"type":"Feature","properties":{"CountryName":"Italy","Type of Animal":"Poultry"},"geometry":{"type":"Point","coordinates":[10.279,45.2452]}},{"type":"Feature","properties":{"CountryName":"Italy","Type of Animal":"Poultry"},"geometry":{"type":"Point","coordinates":[10.1879,45.4571]}},{"type":"Feature","properties":{"CountryName":"Italy","Type of Animal":"Poultry"},"geometry":{"type":"Point","coordinates":[10.1019,45.3874]}},{"type":"Feature","properties":{"CountryName":"Italy","Type of Animal":"Poultry"},"geometry":{"type":"Point","coordinates":[9.8748,45.5265]}},{"type":"Feature","properties":{"CountryName":"Italy","Type of Animal":"Poultry"},"geometry":{"type":"Point","coordinates":[10.003,45.2241]}},{"type":"Feature","properties":{"CountryName":"Italy","Type of Animal":"Poultry"},"geometry":{"type":"Point","coordinates":[10.083146,45.365258]}},{"type":"Feature","properties":{"CountryName":"Italy","Type of Animal":"Poultry"},"geometry":{"type":"Point","coordinates":[10.211,45.4242]}},{"type":"Feature","properties":{"CountryName":"Italy","Type of Animal":"Poultry"},"geometry":{"type":"Point","coordinates":[10.1975,45.4162]}},{"type":"Feature","properties":{"CountryName":"Italy","Type of Animal":"Poultry"},"geometry":{"type":"Point","coordinates":[9.9671,45.3209]}},{"type":"Feature","properties":{"CountryName":"Italy","Type of Animal":"Poultry"},"geometry":{"type":"Point","coordinates":[10.2765,45.3072]}},{"type":"Feature","properties":{"CountryName":"Italy","Type of Animal":"Poultry"},"geometry":{"type":"Point","coordinates":[10.2026,45.3989]}},{"type":"Feature","properties":{"CountryName":"Italy","Type of Animal":"Poultry"},"geometry":{"type":"Point","coordinates":[10.2261,45.3235]}},{"type":"Feature","properties":{"CountryName":"Italy","Type of Animal":"Poultry"},"geometry":{"type":"Point","coordinates":[10.1933,45.3871]}},{"type":"Feature","properties":{"CountryName":"Italy","Type of Animal":"Poultry"},"geometry":{"type":"Point","coordinates":[10.2058,45.3561]}},{"type":"Feature","properties":{"CountryName":"Italy","Type of Animal":"Poultry"},"geometry":{"type":"Point","coordinates":[10.1418,45.3557]}},{"type":"Feature","properties":{"CountryName":"Italy","Type of Animal":"Poultry"},"geometry":{"type":"Point","coordinates":[10.2181,45.2905]}},{"type":"Feature","properties":{"CountryName":"Italy","Type of Animal":"Poultry"},"geometry":{"type":"Point","coordinates":[10.1081,45.3426]}},{"type":"Feature","properties":{"CountryName":"Italy","Type of Animal":"Poultry"},"geometry":{"type":"Point","coordinates":[10.1217,45.3524]}},{"type":"Feature","properties":{"CountryName":"Italy","Type of Animal":"Poultry"},"geometry":{"type":"Point","coordinates":[10.1217,45.3525]}},{"type":"Feature","properties":{"CountryName":"Italy","Type of Animal":"Poultry"},"geometry":{"type":"Point","coordinates":[10.1212,45.3105]}},{"type":"Feature","properties":{"CountryName":"Italy","Type of Animal":"Poultry"},"geometry":{"type":"Point","coordinates":[10.1196,45.2683]}},{"type":"Feature","properties":{"CountryName":"Italy","Type of Animal":"Poultry"},"geometry":{"type":"Point","coordinates":[10.097,45.3368]}},{"type":"Feature","properties":{"CountryName":"Italy","Type of Animal":"Poultry"},"geometry":{"type":"Point","coordinates":[10.0482,45.3116]}},{"type":"Feature","properties":{"CountryName":"Italy","Type of Animal":"Poultry"},"geometry":{"type":"Point","coordinates":[9.9879,45.4595]}},{"type":"Feature","properties":{"CountryName":"Italy","Type of Animal":"Poultry"},"geometry":{"type":"Point","coordinates":[10.0862,45.4711]}},{"type":"Feature","properties":{"CountryName":"Italy","Type of Animal":"Poultry"},"geometry":{"type":"Point","coordinates":[10.1197,45.5011]}},{"type":"Feature","properties":{"CountryName":"Italy","Type of Animal":"Poultry"},"geometry":{"type":"Point","coordinates":[9.9797,45.5528]}},{"type":"Feature","properties":{"CountryName":"Italy","Type of Animal":"Poultry"},"geometry":{"type":"Point","coordinates":[9.8643,45.5198]}},{"type":"Feature","properties":{"CountryName":"Italy","Type of Animal":"Poultry"},"geometry":{"type":"Point","coordinates":[9.9371,45.6019]}},{"type":"Feature","properties":{"CountryName":"Italy","Type of Animal":"Poultry"},"geometry":{"type":"Point","coordinates":[9.8704,45.5066]}},{"type":"Feature","properties":{"CountryName":"Italy","Type of Animal":"Poultry"},"geometry":{"type":"Point","coordinates":[9.8937,45.5583]}},{"type":"Feature","properties":{"CountryName":"Italy","Type of Animal":"Poultry"},"geometry":{"type":"Point","coordinates":[9.90907,45.510916]}},{"type":"Feature","properties":{"CountryName":"Italy","Type of Animal":"Poultry"},"geometry":{"type":"Point","coordinates":[10.2631,45.4629]}},{"type":"Feature","properties":{"CountryName":"Italy","Type of Animal":"Poultry"},"geometry":{"type":"Point","coordinates":[9.5403,45.2541]}},{"type":"Feature","properties":{"CountryName":"Italy","Type of Animal":"Poultry"},"geometry":{"type":"Point","coordinates":[9.8459,45.5513]}},{"type":"Feature","properties":{"CountryName":"Italy","Type of Animal":"Poultry"},"geometry":{"type":"Point","coordinates":[9.8543,45.5601]}},{"type":"Feature","properties":{"CountryName":"Italy","Type of Animal":"Poultry"},"geometry":{"type":"Point","coordinates":[10.0795,45.5123]}},{"type":"Feature","properties":{"CountryName":"Italy","Type of Animal":"Poultry"},"geometry":{"type":"Point","coordinates":[10.1812,45.8655]}},{"type":"Feature","properties":{"CountryName":"Italy","Type of Animal":"Poultry"},"geometry":{"type":"Point","coordinates":[10.0436,45.5495]}},{"type":"Feature","properties":{"CountryName":"Italy","Type of Animal":"Poultry"},"geometry":{"type":"Point","coordinates":[10.0783,45.6621]}},{"type":"Feature","properties":{"CountryName":"Italy","Type of Animal":"Poultry"},"geometry":{"type":"Point","coordinates":[10.0782,45.6619]}},{"type":"Feature","properties":{"CountryName":"Italy","Type of Animal":"Poultry"},"geometry":{"type":"Point","coordinates":[10.0737,45.5682]}},{"type":"Feature","properties":{"CountryName":"Italy","Type of Animal":"Poultry"},"geometry":{"type":"Point","coordinates":[10.0833,45.6085]}},{"type":"Feature","properties":{"CountryName":"Italy","Type of Animal":"Poultry"},"geometry":{"type":"Point","coordinates":[10.5057,45.5099]}},{"type":"Feature","properties":{"CountryName":"Italy","Type of Animal":"Poultry"},"geometry":{"type":"Point","coordinates":[10.479,45.5369]}},{"type":"Feature","properties":{"CountryName":"Italy","Type of Animal":"Poultry"},"geometry":{"type":"Point","coordinates":[10.4544,45.5081]}},{"type":"Feature","properties":{"CountryName":"Italy","Type of Animal":"Poultry"},"geometry":{"type":"Point","coordinates":[10.4549,45.5108]}},{"type":"Feature","properties":{"CountryName":"Italy","Type of Animal":"Poultry"},"geometry":{"type":"Point","coordinates":[10.4881,45.5914]}},{"type":"Feature","properties":{"CountryName":"Italy","Type of Animal":"Poultry"},"geometry":{"type":"Point","coordinates":[10.4871,45.5914]}},{"type":"Feature","properties":{"CountryName":"Italy","Type of Animal":"Poultry"},"geometry":{"type":"Point","coordinates":[10.2159,45.2784]}},{"type":"Feature","properties":{"CountryName":"Italy","Type of Animal":"Poultry"},"geometry":{"type":"Point","coordinates":[10.0192,45.2349]}},{"type":"Feature","properties":{"CountryName":"Italy","Type of Animal":"Poultry"},"geometry":{"type":"Point","coordinates":[10.0611,45.2525]}},{"type":"Feature","properties":{"CountryName":"Italy","Type of Animal":"Poultry"},"geometry":{"type":"Point","coordinates":[10.029,45.2191]}},{"type":"Feature","properties":{"CountryName":"Italy","Type of Animal":"Poultry"},"geometry":{"type":"Point","coordinates":[9.8131,45.3301]}},{"type":"Feature","properties":{"CountryName":"Italy","Type of Animal":"Poultry"},"geometry":{"type":"Point","coordinates":[9.8552,45.1748]}},{"type":"Feature","properties":{"CountryName":"Italy","Type of Animal":"Poultry"},"geometry":{"type":"Point","coordinates":[9.9137,45.1775]}},{"type":"Feature","properties":{"CountryName":"Italy","Type of Animal":"Poultry"},"geometry":{"type":"Point","coordinates":[9.7883,45.2204]}},{"type":"Feature","properties":{"CountryName":"Italy","Type of Animal":"Poultry"},"geometry":{"type":"Point","coordinates":[10.1045,45.1585]}},{"type":"Feature","properties":{"CountryName":"Italy","Type of Animal":"Poultry"},"geometry":{"type":"Point","coordinates":[10.2462,45.1833]}},{"type":"Feature","properties":{"CountryName":"Italy","Type of Animal":"Poultry"},"geometry":{"type":"Point","coordinates":[10.3147,45.1748]}},{"type":"Feature","properties":{"CountryName":"Italy","Type of Animal":"Poultry"},"geometry":{"type":"Point","coordinates":[10.2557,45.2406]}},{"type":"Feature","properties":{"CountryName":"Italy","Type of Animal":"Poultry"},"geometry":{"type":"Point","coordinates":[10.2658,45.2114]}},{"type":"Feature","properties":{"CountryName":"Italy","Type of Animal":"Poultry"},"geometry":{"type":"Point","coordinates":[10.1961,45.1905]}},{"type":"Feature","properties":{"CountryName":"Italy","Type of Animal":"Poultry"},"geometry":{"type":"Point","coordinates":[10.2199,45.1845]}},{"type":"Feature","properties":{"CountryName":"Italy","Type of Animal":"Poultry"},"geometry":{"type":"Point","coordinates":[10.1868,45.2071]}},{"type":"Feature","properties":{"CountryName":"Italy","Type of Animal":"Poultry"},"geometry":{"type":"Point","coordinates":[10.1933,45.1971]}},{"type":"Feature","properties":{"CountryName":"Italy","Type of Animal":"Poultry"},"geometry":{"type":"Point","coordinates":[10.1819,45.2027]}},{"type":"Feature","properties":{"CountryName":"Italy","Type of Animal":"Poultry"},"geometry":{"type":"Point","coordinates":[10.3707,45.0781]}},{"type":"Feature","properties":{"CountryName":"Italy","Type of Animal":"Poultry"},"geometry":{"type":"Point","coordinates":[10.2847,45.1156]}},{"type":"Feature","properties":{"CountryName":"Italy","Type of Animal":"Poultry"},"geometry":{"type":"Point","coordinates":[10.2321,45.1588]}},{"type":"Feature","properties":{"CountryName":"Italy","Type of Animal":"Poultry"},"geometry":{"type":"Point","coordinates":[10.304,45.0292]}},{"type":"Feature","properties":{"CountryName":"Italy","Type of Animal":"Poultry"},"geometry":{"type":"Point","coordinates":[10.3445,45.0162]}},{"type":"Feature","properties":{"CountryName":"Italy","Type of Animal":"Poultry"},"geometry":{"type":"Point","coordinates":[10.1398,45.1075]}},{"type":"Feature","properties":{"CountryName":"Italy","Type of Animal":"Poultry"},"geometry":{"type":"Point","coordinates":[10.3489,44.9992]}},{"type":"Feature","properties":{"CountryName":"Italy","Type of Animal":"Poultry"},"geometry":{"type":"Point","coordinates":[10.3173,45.0699]}},{"type":"Feature","properties":{"CountryName":"Italy","Type of Animal":"Poultry"},"geometry":{"type":"Point","coordinates":[10.2753,45.0874]}},{"type":"Feature","properties":{"CountryName":"Italy","Type of Animal":"Poultry"},"geometry":{"type":"Point","coordinates":[10.2616,45.0981]}},{"type":"Feature","properties":{"CountryName":"Italy","Type of Animal":"Poultry"},"geometry":{"type":"Point","coordinates":[10.1313,45.2083]}},{"type":"Feature","properties":{"CountryName":"Italy","Type of Animal":"Poultry"},"geometry":{"type":"Point","coordinates":[10.1306,45.2076]}},{"type":"Feature","properties":{"CountryName":"Italy","Type of Animal":"Poultry"},"geometry":{"type":"Point","coordinates":[10.2321,45.0611]}},{"type":"Feature","properties":{"CountryName":"Italy","Type of Animal":"Poultry"},"geometry":{"type":"Point","coordinates":[10.1429,45.222]}},{"type":"Feature","properties":{"CountryName":"Italy","Type of Animal":"Poultry"},"geometry":{"type":"Point","coordinates":[9.9962,45.167]}},{"type":"Feature","properties":{"CountryName":"Italy","Type of Animal":"Poultry"},"geometry":{"type":"Point","coordinates":[10.0319,45.1553]}},{"type":"Feature","properties":{"CountryName":"Italy","Type of Animal":"Poultry"},"geometry":{"type":"Point","coordinates":[10.0615,45.1427]}},{"type":"Feature","properties":{"CountryName":"Italy","Type of Animal":"Poultry"},"geometry":{"type":"Point","coordinates":[9.9736,45.16]}},{"type":"Feature","properties":{"CountryName":"Italy","Type of Animal":"Poultry"},"geometry":{"type":"Point","coordinates":[10.0124,45.1696]}},{"type":"Feature","properties":{"CountryName":"Italy","Type of Animal":"Poultry"},"geometry":{"type":"Point","coordinates":[9.5898,45.2651]}},{"type":"Feature","properties":{"CountryName":"Italy","Type of Animal":"Poultry"},"geometry":{"type":"Point","coordinates":[9.4162,45.4065]}},{"type":"Feature","properties":{"CountryName":"Italy","Type of Animal":"Poultry"},"geometry":{"type":"Point","coordinates":[9.2284,44.9018]}},{"type":"Feature","properties":{"CountryName":"Italy","Type of Animal":"Poultry"},"geometry":{"type":"Point","coordinates":[9.2284,44.9018]}},{"type":"Feature","properties":{"CountryName":"Italy","Type of Animal":"Poultry"},"geometry":{"type":"Point","coordinates":[9.3803,45.0809]}},{"type":"Feature","properties":{"CountryName":"Italy","Type of Animal":"Poultry"},"geometry":{"type":"Point","coordinates":[8.5954,45.5067]}},{"type":"Feature","properties":{"CountryName":"Italy","Type of Animal":"Poultry"},"geometry":{"type":"Point","coordinates":[8.5304,45.6211]}},{"type":"Feature","properties":{"CountryName":"Italy","Type of Animal":"Poultry"},"geometry":{"type":"Point","coordinates":[8.5889,45.5027]}},{"type":"Feature","properties":{"CountryName":"Italy","Type of Animal":"Poultry"},"geometry":{"type":"Point","coordinates":[9.9439,45.0663]}},{"type":"Feature","properties":{"CountryName":"Italy","Type of Animal":"Poultry"},"geometry":{"type":"Point","coordinates":[9.9844,45.0895]}},{"type":"Feature","properties":{"CountryName":"Italy","Type of Animal":"Poultry"},"geometry":{"type":"Point","coordinates":[9.5739,44.942]}},{"type":"Feature","properties":{"CountryName":"Italy","Type of Animal":"Poultry"},"geometry":{"type":"Point","coordinates":[12.12,45.3148]}},{"type":"Feature","properties":{"CountryName":"Italy","Type of Animal":"Poultry"},"geometry":{"type":"Point","coordinates":[12.0997,45.1993]}},{"type":"Feature","properties":{"CountryName":"Italy","Type of Animal":"Poultry"},"geometry":{"type":"Point","coordinates":[12.8071,45.8024]}},{"type":"Feature","properties":{"CountryName":"Italy","Type of Animal":"Poultry"},"geometry":{"type":"Point","coordinates":[12.8624,45.8092]}},{"type":"Feature","properties":{"CountryName":"Italy","Type of Animal":"Poultry"},"geometry":{"type":"Point","coordinates":[12.718,45.7921]}},{"type":"Feature","properties":{"CountryName":"Italy","Type of Animal":"Poultry"},"geometry":{"type":"Point","coordinates":[12.7289,45.7869]}},{"type":"Feature","properties":{"CountryName":"Italy","Type of Animal":"Poultry"},"geometry":{"type":"Point","coordinates":[12.7055,45.6276]}},{"type":"Feature","properties":{"CountryName":"Italy","Type of Animal":"Poultry"},"geometry":{"type":"Point","coordinates":[12.4243,45.6158]}},{"type":"Feature","properties":{"CountryName":"Italy","Type of Animal":"Poultry"},"geometry":{"type":"Point","coordinates":[11.8249,45.1528]}},{"type":"Feature","properties":{"CountryName":"Italy","Type of Animal":"Poultry"},"geometry":{"type":"Point","coordinates":[12.6323,45.6802]}},{"type":"Feature","properties":{"CountryName":"Italy","Type of Animal":"Poultry"},"geometry":{"type":"Point","coordinates":[12.5483,45.6263]}},{"type":"Feature","properties":{"CountryName":"Italy","Type of Animal":"Poultry"},"geometry":{"type":"Point","coordinates":[12.5339,45.6262]}},{"type":"Feature","properties":{"CountryName":"Italy","Type of Animal":"Poultry"},"geometry":{"type":"Point","coordinates":[12.6097,45.659]}},{"type":"Feature","properties":{"CountryName":"Italy","Type of Animal":"Poultry"},"geometry":{"type":"Point","coordinates":[12.6905,45.7492]}},{"type":"Feature","properties":{"CountryName":"Italy","Type of Animal":"Poultry"},"geometry":{"type":"Point","coordinates":[12.1566,45.5677]}},{"type":"Feature","properties":{"CountryName":"Italy","Type of Animal":"Poultry"},"geometry":{"type":"Point","coordinates":[12.0493,45.5171]}},{"type":"Feature","properties":{"CountryName":"Italy","Type of Animal":"Poultry"},"geometry":{"type":"Point","coordinates":[12.1788,45.5588]}},{"type":"Feature","properties":{"CountryName":"Italy","Type of Animal":"Poultry"},"geometry":{"type":"Point","coordinates":[12.0936,45.8642]}},{"type":"Feature","properties":{"CountryName":"Italy","Type of Animal":"Poultry"},"geometry":{"type":"Point","coordinates":[12.4105,45.8995]}},{"type":"Feature","properties":{"CountryName":"Italy","Type of Animal":"Poultry"},"geometry":{"type":"Point","coordinates":[11.9766,45.7866]}},{"type":"Feature","properties":{"CountryName":"Italy","Type of Animal":"Poultry"},"geometry":{"type":"Point","coordinates":[12.4031,45.9169]}},{"type":"Feature","properties":{"CountryName":"Italy","Type of Animal":"Poultry"},"geometry":{"type":"Point","coordinates":[12.433,45.9134]}},{"type":"Feature","properties":{"CountryName":"Italy","Type of Animal":"Poultry"},"geometry":{"type":"Point","coordinates":[12.4365,45.9105]}},{"type":"Feature","properties":{"CountryName":"Italy","Type of Animal":"Poultry"},"geometry":{"type":"Point","coordinates":[12.0939,45.8644]}},{"type":"Feature","properties":{"CountryName":"Italy","Type of Animal":"Poultry"},"geometry":{"type":"Point","coordinates":[12.4169,45.868]}},{"type":"Feature","properties":{"CountryName":"Italy","Type of Animal":"Poultry"},"geometry":{"type":"Point","coordinates":[12.3232,45.9298]}},{"type":"Feature","properties":{"CountryName":"Italy","Type of Animal":"Poultry"},"geometry":{"type":"Point","coordinates":[12.3483,45.9367]}},{"type":"Feature","properties":{"CountryName":"Italy","Type of Animal":"Poultry"},"geometry":{"type":"Point","coordinates":[12.3751,45.9351]}},{"type":"Feature","properties":{"CountryName":"Italy","Type of Animal":"Poultry"},"geometry":{"type":"Point","coordinates":[12.3805,45.94]}},{"type":"Feature","properties":{"CountryName":"Italy","Type of Animal":"Poultry"},"geometry":{"type":"Point","coordinates":[12.1297,45.4324]}},{"type":"Feature","properties":{"CountryName":"Italy","Type of Animal":"Poultry"},"geometry":{"type":"Point","coordinates":[12.3821,45.9395]}},{"type":"Feature","properties":{"CountryName":"Italy","Type of Animal":"Poultry"},"geometry":{"type":"Point","coordinates":[12.47,45.87]}},{"type":"Feature","properties":{"CountryName":"Italy","Type of Animal":"Poultry"},"geometry":{"type":"Point","coordinates":[12.1285,45.855]}},{"type":"Feature","properties":{"CountryName":"Italy","Type of Animal":"Poultry"},"geometry":{"type":"Point","coordinates":[12.3914,45.7998]}},{"type":"Feature","properties":{"CountryName":"Italy","Type of Animal":"Poultry"},"geometry":{"type":"Point","coordinates":[12.3639,45.7963]}},{"type":"Feature","properties":{"CountryName":"Italy","Type of Animal":"Poultry"},"geometry":{"type":"Point","coordinates":[12.2789,45.5657]}},{"type":"Feature","properties":{"CountryName":"Italy","Type of Animal":"Poultry"},"geometry":{"type":"Point","coordinates":[12.6903,45.6877]}},{"type":"Feature","properties":{"CountryName":"Italy","Type of Animal":"Poultry"},"geometry":{"type":"Point","coordinates":[12.2585,45.7473]}},{"type":"Feature","properties":{"CountryName":"Italy","Type of Animal":"Poultry"},"geometry":{"type":"Point","coordinates":[12.3054,45.9531]}},{"type":"Feature","properties":{"CountryName":"Italy","Type of Animal":"Poultry"},"geometry":{"type":"Point","coordinates":[12.323,45.9511]}},{"type":"Feature","properties":{"CountryName":"Italy","Type of Animal":"Poultry"},"geometry":{"type":"Point","coordinates":[12.2053,45.8398]}},{"type":"Feature","properties":{"CountryName":"Italy","Type of Animal":"Poultry"},"geometry":{"type":"Point","coordinates":[12.2933,45.63]}},{"type":"Feature","properties":{"CountryName":"Italy","Type of Animal":"Poultry"},"geometry":{"type":"Point","coordinates":[12.2933,45.631]}},{"type":"Feature","properties":{"CountryName":"Italy","Type of Animal":"Poultry"},"geometry":{"type":"Point","coordinates":[11.8739,45.8231]}},{"type":"Feature","properties":{"CountryName":"Italy","Type of Animal":"Poultry"},"geometry":{"type":"Point","coordinates":[11.9144,45.6942]}},{"type":"Feature","properties":{"CountryName":"Italy","Type of Animal":"Poultry"},"geometry":{"type":"Point","coordinates":[11.8768,45.7122]}},{"type":"Feature","properties":{"CountryName":"Italy","Type of Animal":"Poultry"},"geometry":{"type":"Point","coordinates":[11.8781,45.713]}},{"type":"Feature","properties":{"CountryName":"Italy","Type of Animal":"Poultry"},"geometry":{"type":"Point","coordinates":[12.13193,45.66982]}},{"type":"Feature","properties":{"CountryName":"Italy","Type of Animal":"Poultry"},"geometry":{"type":"Point","coordinates":[12.1468,45.751]}},{"type":"Feature","properties":{"CountryName":"Italy","Type of Animal":"Poultry"},"geometry":{"type":"Point","coordinates":[12.5716,45.7203]}},{"type":"Feature","properties":{"CountryName":"Italy","Type of Animal":"Poultry"},"geometry":{"type":"Point","coordinates":[12.1081,45.7269]}},{"type":"Feature","properties":{"CountryName":"Italy","Type of Animal":"Poultry"},"geometry":{"type":"Point","coordinates":[12.1349,45.8349]}},{"type":"Feature","properties":{"CountryName":"Italy","Type of Animal":"Poultry"},"geometry":{"type":"Point","coordinates":[12.2257,45.8098]}},{"type":"Feature","properties":{"CountryName":"Italy","Type of Animal":"Poultry"},"geometry":{"type":"Point","coordinates":[12.2232,45.7306]}},{"type":"Feature","properties":{"CountryName":"Italy","Type of Animal":"Poultry"},"geometry":{"type":"Point","coordinates":[11.9984,45.7147]}},{"type":"Feature","properties":{"CountryName":"Italy","Type of Animal":"Poultry"},"geometry":{"type":"Point","coordinates":[12.1591,45.8871]}},{"type":"Feature","properties":{"CountryName":"Italy","Type of Animal":"Poultry"},"geometry":{"type":"Point","coordinates":[12.2384,45.4491]}},{"type":"Feature","properties":{"CountryName":"Italy","Type of Animal":"Poultry"},"geometry":{"type":"Point","coordinates":[12.38939,45.66512]}},{"type":"Feature","properties":{"CountryName":"Italy","Type of Animal":"Poultry"},"geometry":{"type":"Point","coordinates":[11.7813,45.9848]}},{"type":"Feature","properties":{"CountryName":"Italy","Type of Animal":"Poultry"},"geometry":{"type":"Point","coordinates":[13.1167,46.1702]}},{"type":"Feature","properties":{"CountryName":"Italy","Type of Animal":"Poultry"},"geometry":{"type":"Point","coordinates":[13.093,46.1502]}},{"type":"Feature","properties":{"CountryName":"Italy","Type of Animal":"Poultry"},"geometry":{"type":"Point","coordinates":[12.9958,46.1131]}},{"type":"Feature","properties":{"CountryName":"Italy","Type of Animal":"Poultry"},"geometry":{"type":"Point","coordinates":[13.1313,45.8717]}},{"type":"Feature","properties":{"CountryName":"Italy","Type of Animal":"Poultry"},"geometry":{"type":"Point","coordinates":[13.0362,46.0901]}},{"type":"Feature","properties":{"CountryName":"Italy","Type of Animal":"Poultry"},"geometry":{"type":"Point","coordinates":[13.0171,45.8849]}},{"type":"Feature","properties":{"CountryName":"Italy","Type of Animal":"Poultry"},"geometry":{"type":"Point","coordinates":[13.1674,46.0001]}},{"type":"Feature","properties":{"CountryName":"Italy","Type of Animal":"Poultry"},"geometry":{"type":"Point","coordinates":[13.0135,45.9741]}},{"type":"Feature","properties":{"CountryName":"Italy","Type of Animal":"Poultry"},"geometry":{"type":"Point","coordinates":[13.0818,46.1185]}},{"type":"Feature","properties":{"CountryName":"Italy","Type of Animal":"Poultry"},"geometry":{"type":"Point","coordinates":[13.0848,46.1257]}},{"type":"Feature","properties":{"CountryName":"Italy","Type of Animal":"Poultry"},"geometry":{"type":"Point","coordinates":[11.7155,45.4634]}},{"type":"Feature","properties":{"CountryName":"Italy","Type of Animal":"Poultry"},"geometry":{"type":"Point","coordinates":[13.4296,45.9707]}},{"type":"Feature","properties":{"CountryName":"Italy","Type of Animal":"Poultry"},"geometry":{"type":"Point","coordinates":[13.3148,46.1151]}},{"type":"Feature","properties":{"CountryName":"Italy","Type of Animal":"Poultry"},"geometry":{"type":"Point","coordinates":[13.2853,46.1225]}},{"type":"Feature","properties":{"CountryName":"Italy","Type of Animal":"Poultry"},"geometry":{"type":"Point","coordinates":[13.4041,45.8785]}},{"type":"Feature","properties":{"CountryName":"Italy","Type of Animal":"Poultry"},"geometry":{"type":"Point","coordinates":[13.312,46.118]}},{"type":"Feature","properties":{"CountryName":"Italy","Type of Animal":"Poultry"},"geometry":{"type":"Point","coordinates":[13.2895,46.1017]}},{"type":"Feature","properties":{"CountryName":"Italy","Type of Animal":"Poultry"},"geometry":{"type":"Point","coordinates":[13.3561701,46.1396092]}},{"type":"Feature","properties":{"CountryName":"Italy","Type of Animal":"Poultry"},"geometry":{"type":"Point","coordinates":[13.3346,45.8805]}},{"type":"Feature","properties":{"CountryName":"Italy","Type of Animal":"Poultry"},"geometry":{"type":"Point","coordinates":[13.3684,45.8626]}},{"type":"Feature","properties":{"CountryName":"Italy","Type of Animal":"Poultry"},"geometry":{"type":"Point","coordinates":[13.3334,45.9924]}},{"type":"Feature","properties":{"CountryName":"Italy","Type of Animal":"Poultry"},"geometry":{"type":"Point","coordinates":[13.2735,45.9704]}},{"type":"Feature","properties":{"CountryName":"Italy","Type of Animal":"Poultry"},"geometry":{"type":"Point","coordinates":[13.2687,45.9799]}},{"type":"Feature","properties":{"CountryName":"Italy","Type of Animal":"Poultry"},"geometry":{"type":"Point","coordinates":[13.2639,45.9836]}},{"type":"Feature","properties":{"CountryName":"Italy","Type of Animal":"Poultry"},"geometry":{"type":"Point","coordinates":[13.2738,45.9765]}},{"type":"Feature","properties":{"CountryName":"Italy","Type of Animal":"Poultry"},"geometry":{"type":"Point","coordinates":[13.2316,45.9606]}},{"type":"Feature","properties":{"CountryName":"Italy","Type of Animal":"Poultry"},"geometry":{"type":"Point","coordinates":[13.2563,45.9293]}},{"type":"Feature","properties":{"CountryName":"Italy","Type of Animal":"Poultry"},"geometry":{"type":"Point","coordinates":[13.1638,45.9131]}},{"type":"Feature","properties":{"CountryName":"Italy","Type of Animal":"Poultry"},"geometry":{"type":"Point","coordinates":[13.1673,46.0001]}},{"type":"Feature","properties":{"CountryName":"Italy","Type of Animal":"Poultry"},"geometry":{"type":"Point","coordinates":[13.1975,46.0032]}},{"type":"Feature","properties":{"CountryName":"Italy","Type of Animal":"Poultry"},"geometry":{"type":"Point","coordinates":[13.1608,45.7744]}},{"type":"Feature","properties":{"CountryName":"Italy","Type of Animal":"Poultry"},"geometry":{"type":"Point","coordinates":[13.2853,45.9519]}},{"type":"Feature","properties":{"CountryName":"Italy","Type of Animal":"Poultry"},"geometry":{"type":"Point","coordinates":[13.2933,45.9898]}},{"type":"Feature","properties":{"CountryName":"Italy","Type of Animal":"Poultry"},"geometry":{"type":"Point","coordinates":[13.1078,45.815]}},{"type":"Feature","properties":{"CountryName":"Italy","Type of Animal":"Poultry"},"geometry":{"type":"Point","coordinates":[13.1991,45.9014]}},{"type":"Feature","properties":{"CountryName":"Italy","Type of Animal":"Poultry"},"geometry":{"type":"Point","coordinates":[13.3767,45.8856]}},{"type":"Feature","properties":{"CountryName":"Italy","Type of Animal":"Poultry"},"geometry":{"type":"Point","coordinates":[13.042108,45.82175]}},{"type":"Feature","properties":{"CountryName":"Italy","Type of Animal":"Poultry"},"geometry":{"type":"Point","coordinates":[12.5285,46.0233]}},{"type":"Feature","properties":{"CountryName":"Italy","Type of Animal":"Poultry"},"geometry":{"type":"Point","coordinates":[12.4547,45.9877]}},{"type":"Feature","properties":{"CountryName":"Italy","Type of Animal":"Poultry"},"geometry":{"type":"Point","coordinates":[12.8171,45.9427]}},{"type":"Feature","properties":{"CountryName":"Italy","Type of Animal":"Poultry"},"geometry":{"type":"Point","coordinates":[12.5806,45.9763]}},{"type":"Feature","properties":{"CountryName":"Italy","Type of Animal":"Poultry"},"geometry":{"type":"Point","coordinates":[12.9104,45.8754]}},{"type":"Feature","properties":{"CountryName":"Italy","Type of Animal":"Poultry"},"geometry":{"type":"Point","coordinates":[12.8731,46.1009]}},{"type":"Feature","properties":{"CountryName":"Italy","Type of Animal":"Poultry"},"geometry":{"type":"Point","coordinates":[12.5828,45.9239]}},{"type":"Feature","properties":{"CountryName":"Italy","Type of Animal":"Poultry"},"geometry":{"type":"Point","coordinates":[12.7287,46.1473]}},{"type":"Feature","properties":{"CountryName":"Italy","Type of Animal":"Poultry"},"geometry":{"type":"Point","coordinates":[12.5076,45.9345]}},{"type":"Feature","properties":{"CountryName":"Italy","Type of Animal":"Poultry"},"geometry":{"type":"Point","coordinates":[12.8175,45.9202]}},{"type":"Feature","properties":{"CountryName":"Italy","Type of Animal":"Poultry"},"geometry":{"type":"Point","coordinates":[12.8176,45.9202]}},{"type":"Feature","properties":{"CountryName":"Italy","Type of Animal":"Poultry"},"geometry":{"type":"Point","coordinates":[12.8454,45.8648]}},{"type":"Feature","properties":{"CountryName":"Italy","Type of Animal":"Poultry"},"geometry":{"type":"Point","coordinates":[12.7544,45.9271]}},{"type":"Feature","properties":{"CountryName":"Italy","Type of Animal":"Poultry"},"geometry":{"type":"Point","coordinates":[12.7088,46.0348]}},{"type":"Feature","properties":{"CountryName":"Italy","Type of Animal":"Poultry"},"geometry":{"type":"Point","coordinates":[12.7076,46.0351]}},{"type":"Feature","properties":{"CountryName":"Italy","Type of Animal":"Poultry"},"geometry":{"type":"Point","coordinates":[12.7071,45.9277]}},{"type":"Feature","properties":{"CountryName":"Italy","Type of Animal":"Poultry"},"geometry":{"type":"Point","coordinates":[12.6086,46.0563]}},{"type":"Feature","properties":{"CountryName":"Italy","Type of Animal":"Poultry"},"geometry":{"type":"Point","coordinates":[12.7269,45.9494]}},{"type":"Feature","properties":{"CountryName":"Italy","Type of Animal":"Poultry"},"geometry":{"type":"Point","coordinates":[12.687,46.0895]}},{"type":"Feature","properties":{"CountryName":"Italy","Type of Animal":"Poultry"},"geometry":{"type":"Point","coordinates":[12.6558,46.1009]}},{"type":"Feature","properties":{"CountryName":"Italy","Type of Animal":"Poultry"},"geometry":{"type":"Point","coordinates":[12.8097,46.1841]}},{"type":"Feature","properties":{"CountryName":"Italy","Type of Animal":"Poultry"},"geometry":{"type":"Point","coordinates":[12.884,46.0313]}},{"type":"Feature","properties":{"CountryName":"Italy","Type of Animal":"Poultry"},"geometry":{"type":"Point","coordinates":[12.8518,46.0977]}},{"type":"Feature","properties":{"CountryName":"Italy","Type of Animal":"Poultry"},"geometry":{"type":"Point","coordinates":[12.8855,46.0006]}},{"type":"Feature","properties":{"CountryName":"Italy","Type of Animal":"Poultry"},"geometry":{"type":"Point","coordinates":[12.8941,45.9911]}},{"type":"Feature","properties":{"CountryName":"Italy","Type of Animal":"Poultry"},"geometry":{"type":"Point","coordinates":[12.8735,46.0284]}},{"type":"Feature","properties":{"CountryName":"Italy","Type of Animal":"Poultry"},"geometry":{"type":"Point","coordinates":[12.8855,45.9344]}},{"type":"Feature","properties":{"CountryName":"Italy","Type of Animal":"Poultry"},"geometry":{"type":"Point","coordinates":[12.8717,46.0103]}},{"type":"Feature","properties":{"CountryName":"Italy","Type of Animal":"Poultry"},"geometry":{"type":"Point","coordinates":[12.7711,46.0657]}},{"type":"Feature","properties":{"CountryName":"Italy","Type of Animal":"Poultry"},"geometry":{"type":"Point","coordinates":[13.5827,45.8975]}},{"type":"Feature","properties":{"CountryName":"Italy","Type of Animal":"Poultry"},"geometry":{"type":"Point","coordinates":[11.7494,45.4783]}},{"type":"Feature","properties":{"CountryName":"Italy","Type of Animal":"Poultry"},"geometry":{"type":"Point","coordinates":[11.7535,45.6732]}},{"type":"Feature","properties":{"CountryName":"Italy","Type of Animal":"Poultry"},"geometry":{"type":"Point","coordinates":[11.7649,45.6509]}},{"type":"Feature","properties":{"CountryName":"Italy","Type of Animal":"Poultry"},"geometry":{"type":"Point","coordinates":[11.813,45.1813]}},{"type":"Feature","properties":{"CountryName":"Italy","Type of Animal":"Poultry"},"geometry":{"type":"Point","coordinates":[11.8385,45.3223]}},{"type":"Feature","properties":{"CountryName":"Italy","Type of Animal":"Poultry"},"geometry":{"type":"Point","coordinates":[11.969,45.2054]}},{"type":"Feature","properties":{"CountryName":"Italy","Type of Animal":"Poultry"},"geometry":{"type":"Point","coordinates":[11.9339,45.2106]}},{"type":"Feature","properties":{"CountryName":"Italy","Type of Animal":"Poultry"},"geometry":{"type":"Point","coordinates":[11.9502,45.2658]}},{"type":"Feature","properties":{"CountryName":"Italy","Type of Animal":"Poultry"},"geometry":{"type":"Point","coordinates":[11.6366,45.3689]}},{"type":"Feature","properties":{"CountryName":"Italy","Type of Animal":"Poultry"},"geometry":{"type":"Point","coordinates":[11.7866,45.4102]}},{"type":"Feature","properties":{"CountryName":"Italy","Type of Animal":"Poultry"},"geometry":{"type":"Point","coordinates":[11.7504,45.4535]}},{"type":"Feature","properties":{"CountryName":"Italy","Type of Animal":"Poultry"},"geometry":{"type":"Point","coordinates":[11.6375,45.2576]}},{"type":"Feature","properties":{"CountryName":"Italy","Type of Animal":"Poultry"},"geometry":{"type":"Point","coordinates":[11.706,45.4162]}},{"type":"Feature","properties":{"CountryName":"Italy","Type of Animal":"Poultry"},"geometry":{"type":"Point","coordinates":[11.7349,45.4269]}},{"type":"Feature","properties":{"CountryName":"Italy","Type of Animal":"Poultry"},"geometry":{"type":"Point","coordinates":[11.6332,45.2808]}},{"type":"Feature","properties":{"CountryName":"Italy","Type of Animal":"Poultry"},"geometry":{"type":"Point","coordinates":[11.5951,45.2684]}},{"type":"Feature","properties":{"CountryName":"Italy","Type of Animal":"Poultry"},"geometry":{"type":"Point","coordinates":[11.6015,45.292]}},{"type":"Feature","properties":{"CountryName":"Italy","Type of Animal":"Poultry"},"geometry":{"type":"Point","coordinates":[11.5941,45.2695]}},{"type":"Feature","properties":{"CountryName":"Italy","Type of Animal":"Poultry"},"geometry":{"type":"Point","coordinates":[11.6353,45.3015]}},{"type":"Feature","properties":{"CountryName":"Italy","Type of Animal":"Poultry"},"geometry":{"type":"Point","coordinates":[11.60538,45.31686]}},{"type":"Feature","properties":{"CountryName":"Italy","Type of Animal":"Poultry"},"geometry":{"type":"Point","coordinates":[11.589,45.1796]}},{"type":"Feature","properties":{"CountryName":"Italy","Type of Animal":"Poultry"},"geometry":{"type":"Point","coordinates":[11.5707,45.1639]}},{"type":"Feature","properties":{"CountryName":"Italy","Type of Animal":"Poultry"},"geometry":{"type":"Point","coordinates":[11.6126,45.1869]}},{"type":"Feature","properties":{"CountryName":"Italy","Type of Animal":"Poultry"},"geometry":{"type":"Point","coordinates":[11.7151,45.1033]}},{"type":"Feature","properties":{"CountryName":"Italy","Type of Animal":"Poultry"},"geometry":{"type":"Point","coordinates":[11.7708,45.0987]}},{"type":"Feature","properties":{"CountryName":"Italy","Type of Animal":"Poultry"},"geometry":{"type":"Point","coordinates":[11.5555,45.1752]}},{"type":"Feature","properties":{"CountryName":"Italy","Type of Animal":"Poultry"},"geometry":{"type":"Point","coordinates":[11.4333,45.1382]}},{"type":"Feature","properties":{"CountryName":"Italy","Type of Animal":"Poultry"},"geometry":{"type":"Point","coordinates":[11.5972,45.1771]}},{"type":"Feature","properties":{"CountryName":"Italy","Type of Animal":"Poultry"},"geometry":{"type":"Point","coordinates":[11.6205,45.1125]}},{"type":"Feature","properties":{"CountryName":"Italy","Type of Animal":"Poultry"},"geometry":{"type":"Point","coordinates":[11.7207,45.1295]}},{"type":"Feature","properties":{"CountryName":"Italy","Type of Animal":"Poultry"},"geometry":{"type":"Point","coordinates":[11.6648,45.1323]}},{"type":"Feature","properties":{"CountryName":"Italy","Type of Animal":"Poultry"},"geometry":{"type":"Point","coordinates":[11.5626,45.2171]}},{"type":"Feature","properties":{"CountryName":"Italy","Type of Animal":"Poultry"},"geometry":{"type":"Point","coordinates":[11.5941,45.1828]}},{"type":"Feature","properties":{"CountryName":"Italy","Type of Animal":"Poultry"},"geometry":{"type":"Point","coordinates":[11.55,45.1828]}},{"type":"Feature","properties":{"CountryName":"Italy","Type of Animal":"Poultry"},"geometry":{"type":"Point","coordinates":[11.741,45.1433]}},{"type":"Feature","properties":{"CountryName":"Italy","Type of Animal":"Poultry"},"geometry":{"type":"Point","coordinates":[11.6926,45.133]}},{"type":"Feature","properties":{"CountryName":"Italy","Type of Animal":"Poultry"},"geometry":{"type":"Point","coordinates":[11.745,45.1452]}},{"type":"Feature","properties":{"CountryName":"Italy","Type of Animal":"Poultry"},"geometry":{"type":"Point","coordinates":[11.32,45.084]}},{"type":"Feature","properties":{"CountryName":"Italy","Type of Animal":"Poultry"},"geometry":{"type":"Point","coordinates":[11.5368,45.1376]}},{"type":"Feature","properties":{"CountryName":"Italy","Type of Animal":"Poultry"},"geometry":{"type":"Point","coordinates":[11.6719,45.1499]}},{"type":"Feature","properties":{"CountryName":"Italy","Type of Animal":"Poultry"},"geometry":{"type":"Point","coordinates":[11.5972,45.177]}},{"type":"Feature","properties":{"CountryName":"Italy","Type of Animal":"Poultry"},"geometry":{"type":"Point","coordinates":[11.6374,45.2449]}},{"type":"Feature","properties":{"CountryName":"Italy","Type of Animal":"Poultry"},"geometry":{"type":"Point","coordinates":[11.6225,45.2268]}},{"type":"Feature","properties":{"CountryName":"Italy","Type of Animal":"Poultry"},"geometry":{"type":"Point","coordinates":[11.767,45.1937]}},{"type":"Feature","properties":{"CountryName":"Italy","Type of Animal":"Poultry"},"geometry":{"type":"Point","coordinates":[11.7324,45.1926]}},{"type":"Feature","properties":{"CountryName":"Italy","Type of Animal":"Poultry"},"geometry":{"type":"Point","coordinates":[11.7292,45.1962]}},{"type":"Feature","properties":{"CountryName":"Italy","Type of Animal":"Poultry"},"geometry":{"type":"Point","coordinates":[11.4552,45.2442]}},{"type":"Feature","properties":{"CountryName":"Italy","Type of Animal":"Poultry"},"geometry":{"type":"Point","coordinates":[11.4868,45.2452]}},{"type":"Feature","properties":{"CountryName":"Italy","Type of Animal":"Poultry"},"geometry":{"type":"Point","coordinates":[11.5579,45.2276]}},{"type":"Feature","properties":{"CountryName":"Italy","Type of Animal":"Poultry"},"geometry":{"type":"Point","coordinates":[11.481,45.2442]}},{"type":"Feature","properties":{"CountryName":"Italy","Type of Animal":"Poultry"},"geometry":{"type":"Point","coordinates":[11.4561,45.2494]}},{"type":"Feature","properties":{"CountryName":"Italy","Type of Animal":"Poultry"},"geometry":{"type":"Point","coordinates":[11.5892,45.2351]}},{"type":"Feature","properties":{"CountryName":"Italy","Type of Animal":"Poultry"},"geometry":{"type":"Point","coordinates":[11.5946,45.2252]}},{"type":"Feature","properties":{"CountryName":"Italy","Type of Animal":"Poultry"},"geometry":{"type":"Point","coordinates":[11.5953,45.2464]}},{"type":"Feature","properties":{"CountryName":"Italy","Type of Animal":"Poultry"},"geometry":{"type":"Point","coordinates":[11.7478,45.1661]}},{"type":"Feature","properties":{"CountryName":"Italy","Type of Animal":"Poultry"},"geometry":{"type":"Point","coordinates":[11.7634,45.1698]}},{"type":"Feature","properties":{"CountryName":"Italy","Type of Animal":"Poultry"},"geometry":{"type":"Point","coordinates":[11.7852,45.1545]}},{"type":"Feature","properties":{"CountryName":"Italy","Type of Animal":"Poultry"},"geometry":{"type":"Point","coordinates":[11.7568,45.1374]}},{"type":"Feature","properties":{"CountryName":"Italy","Type of Animal":"Poultry"},"geometry":{"type":"Point","coordinates":[11.7083,45.1233]}},{"type":"Feature","properties":{"CountryName":"Italy","Type of Animal":"Poultry"},"geometry":{"type":"Point","coordinates":[11.432194,45.728583]}},{"type":"Feature","properties":{"CountryName":"Italy","Type of Animal":"Poultry"},"geometry":{"type":"Point","coordinates":[11.5872,45.3273]}},{"type":"Feature","properties":{"CountryName":"Italy","Type of Animal":"Poultry"},"geometry":{"type":"Point","coordinates":[11.4621,45.2968]}},{"type":"Feature","properties":{"CountryName":"Italy","Type of Animal":"Poultry"},"geometry":{"type":"Point","coordinates":[11.4734,45.3079]}},{"type":"Feature","properties":{"CountryName":"Italy","Type of Animal":"Poultry"},"geometry":{"type":"Point","coordinates":[11.5376,45.3322]}},{"type":"Feature","properties":{"CountryName":"Italy","Type of Animal":"Poultry"},"geometry":{"type":"Point","coordinates":[11.6301,45.4189]}},{"type":"Feature","properties":{"CountryName":"Italy","Type of Animal":"Poultry"},"geometry":{"type":"Point","coordinates":[11.6237,45.4365]}},{"type":"Feature","properties":{"CountryName":"Italy","Type of Animal":"Poultry"},"geometry":{"type":"Point","coordinates":[11.6334,45.4381]}},{"type":"Feature","properties":{"CountryName":"Italy","Type of Animal":"Poultry"},"geometry":{"type":"Point","coordinates":[11.5345,45.3771]}},{"type":"Feature","properties":{"CountryName":"Italy","Type of Animal":"Poultry"},"geometry":{"type":"Point","coordinates":[11.5455,45.3879]}},{"type":"Feature","properties":{"CountryName":"Italy","Type of Animal":"Poultry"},"geometry":{"type":"Point","coordinates":[11.534689,45.381811]}},{"type":"Feature","properties":{"CountryName":"Italy","Type of Animal":"Poultry"},"geometry":{"type":"Point","coordinates":[11.641361,45.481]}},{"type":"Feature","properties":{"CountryName":"Italy","Type of Animal":"Poultry"},"geometry":{"type":"Point","coordinates":[11.5914,45.4484]}},{"type":"Feature","properties":{"CountryName":"Italy","Type of Animal":"Poultry"},"geometry":{"type":"Point","coordinates":[11.6006,45.4548]}},{"type":"Feature","properties":{"CountryName":"Italy","Type of Animal":"Poultry"},"geometry":{"type":"Point","coordinates":[11.5813,45.2799]}},{"type":"Feature","properties":{"CountryName":"Italy","Type of Animal":"Poultry"},"geometry":{"type":"Point","coordinates":[11.5658,45.2849]}},{"type":"Feature","properties":{"CountryName":"Italy","Type of Animal":"Poultry"},"geometry":{"type":"Point","coordinates":[11.510031,45.307019]}},{"type":"Feature","properties":{"CountryName":"Italy","Type of Animal":"Poultry"},"geometry":{"type":"Point","coordinates":[11.4911,45.3199]}},{"type":"Feature","properties":{"CountryName":"Italy","Type of Animal":"Poultry"},"geometry":{"type":"Point","coordinates":[11.4878,45.2718]}},{"type":"Feature","properties":{"CountryName":"Italy","Type of Animal":"Poultry"},"geometry":{"type":"Point","coordinates":[11.4924,45.2923]}},{"type":"Feature","properties":{"CountryName":"Italy","Type of Animal":"Poultry"},"geometry":{"type":"Point","coordinates":[11.4964,45.2934]}},{"type":"Feature","properties":{"CountryName":"Italy","Type of Animal":"Poultry"},"geometry":{"type":"Point","coordinates":[11.4786,45.3088]}},{"type":"Feature","properties":{"CountryName":"Italy","Type of Animal":"Poultry"},"geometry":{"type":"Point","coordinates":[11.5046,45.3068]}},{"type":"Feature","properties":{"CountryName":"Italy","Type of Animal":"Poultry"},"geometry":{"type":"Point","coordinates":[11.4852,45.3149]}},{"type":"Feature","properties":{"CountryName":"Italy","Type of Animal":"Poultry"},"geometry":{"type":"Point","coordinates":[11.5137,45.3007]}},{"type":"Feature","properties":{"CountryName":"Italy","Type of Animal":"Poultry"},"geometry":{"type":"Point","coordinates":[11.5131,45.3004]}},{"type":"Feature","properties":{"CountryName":"Italy","Type of Animal":"Poultry"},"geometry":{"type":"Point","coordinates":[11.750556,45.713333]}},{"type":"Feature","properties":{"CountryName":"Italy","Type of Animal":"Poultry"},"geometry":{"type":"Point","coordinates":[11.7742,45.7091]}},{"type":"Feature","properties":{"CountryName":"Italy","Type of Animal":"Poultry"},"geometry":{"type":"Point","coordinates":[11.7778,45.7095]}},{"type":"Feature","properties":{"CountryName":"Italy","Type of Animal":"Poultry"},"geometry":{"type":"Point","coordinates":[11.7814,45.7099]}},{"type":"Feature","properties":{"CountryName":"Italy","Type of Animal":"Poultry"},"geometry":{"type":"Point","coordinates":[11.4699,45.5811]}},{"type":"Feature","properties":{"CountryName":"Italy","Type of Animal":"Poultry"},"geometry":{"type":"Point","coordinates":[11.5141,45.6922]}},{"type":"Feature","properties":{"CountryName":"Italy","Type of Animal":"Poultry"},"geometry":{"type":"Point","coordinates":[11.4695,45.6485]}},{"type":"Feature","properties":{"CountryName":"Italy","Type of Animal":"Poultry"},"geometry":{"type":"Point","coordinates":[11.4487,45.6429]}},{"type":"Feature","properties":{"CountryName":"Italy","Type of Animal":"Poultry"},"geometry":{"type":"Point","coordinates":[11.4818,45.6386]}},{"type":"Feature","properties":{"CountryName":"Italy","Type of Animal":"Poultry"},"geometry":{"type":"Point","coordinates":[11.4575,45.6084]}},{"type":"Feature","properties":{"CountryName":"Italy","Type of Animal":"Poultry"},"geometry":{"type":"Point","coordinates":[11.4302,45.6317]}},{"type":"Feature","properties":{"CountryName":"Italy","Type of Animal":"Poultry"},"geometry":{"type":"Point","coordinates":[11.4215,45.6397]}},{"type":"Feature","properties":{"CountryName":"Italy","Type of Animal":"Poultry"},"geometry":{"type":"Point","coordinates":[11.4189,45.6346]}},{"type":"Feature","properties":{"CountryName":"Italy","Type of Animal":"Poultry"},"geometry":{"type":"Point","coordinates":[11.4352,45.6685]}},{"type":"Feature","properties":{"CountryName":"Italy","Type of Animal":"Poultry"},"geometry":{"type":"Point","coordinates":[11.4223,45.6567]}},{"type":"Feature","properties":{"CountryName":"Italy","Type of Animal":"Poultry"},"geometry":{"type":"Point","coordinates":[11.4191,45.6622]}},{"type":"Feature","properties":{"CountryName":"Italy","Type of Animal":"Poultry"},"geometry":{"type":"Point","coordinates":[11.4502,45.6531]}},{"type":"Feature","properties":{"CountryName":"Italy","Type of Animal":"Poultry"},"geometry":{"type":"Point","coordinates":[11.4775,45.3508]}},{"type":"Feature","properties":{"CountryName":"Italy","Type of Animal":"Poultry"},"geometry":{"type":"Point","coordinates":[11.4844,45.3569]}},{"type":"Feature","properties":{"CountryName":"Italy","Type of Animal":"Poultry"},"geometry":{"type":"Point","coordinates":[11.4711,45.3447]}},{"type":"Feature","properties":{"CountryName":"Italy","Type of Animal":"Poultry"},"geometry":{"type":"Point","coordinates":[11.3978,45.4098]}},{"type":"Feature","properties":{"CountryName":"Italy","Type of Animal":"Poultry"},"geometry":{"type":"Point","coordinates":[11.4581,45.3475]}},{"type":"Feature","properties":{"CountryName":"Italy","Type of Animal":"Poultry"},"geometry":{"type":"Point","coordinates":[11.644778,45.490611]}},{"type":"Feature","properties":{"CountryName":"Italy","Type of Animal":"Poultry"},"geometry":{"type":"Point","coordinates":[11.7349,45.5254]}},{"type":"Feature","properties":{"CountryName":"Italy","Type of Animal":"Poultry"},"geometry":{"type":"Point","coordinates":[11.7045,45.5284]}},{"type":"Feature","properties":{"CountryName":"Italy","Type of Animal":"Poultry"},"geometry":{"type":"Point","coordinates":[11.6962,45.5491]}},{"type":"Feature","properties":{"CountryName":"Italy","Type of Animal":"Poultry"},"geometry":{"type":"Point","coordinates":[11.4678,45.4023]}},{"type":"Feature","properties":{"CountryName":"Italy","Type of Animal":"Poultry"},"geometry":{"type":"Point","coordinates":[11.347639,45.408028]}},{"type":"Feature","properties":{"CountryName":"Italy","Type of Animal":"Poultry"},"geometry":{"type":"Point","coordinates":[11.3564,45.4199]}},{"type":"Feature","properties":{"CountryName":"Italy","Type of Animal":"Poultry"},"geometry":{"type":"Point","coordinates":[11.4011,45.3664]}},{"type":"Feature","properties":{"CountryName":"Italy","Type of Animal":"Poultry"},"geometry":{"type":"Point","coordinates":[11.6494,45.4653]}},{"type":"Feature","properties":{"CountryName":"Italy","Type of Animal":"Poultry"},"geometry":{"type":"Point","coordinates":[11.6534,45.4745]}},{"type":"Feature","properties":{"CountryName":"Italy","Type of Animal":"Poultry"},"geometry":{"type":"Point","coordinates":[11.6531,45.4742]}},{"type":"Feature","properties":{"CountryName":"Italy","Type of Animal":"Poultry"},"geometry":{"type":"Point","coordinates":[11.6438,45.4542]}},{"type":"Feature","properties":{"CountryName":"Italy","Type of Animal":"Poultry"},"geometry":{"type":"Point","coordinates":[11.6499,45.4502]}},{"type":"Feature","properties":{"CountryName":"Italy","Type of Animal":"Poultry"},"geometry":{"type":"Point","coordinates":[11.6398,45.4447]}},{"type":"Feature","properties":{"CountryName":"Italy","Type of Animal":"Poultry"},"geometry":{"type":"Point","coordinates":[11.635278,45.455]}},{"type":"Feature","properties":{"CountryName":"Italy","Type of Animal":"Poultry"},"geometry":{"type":"Point","coordinates":[11.5929,45.3953]}},{"type":"Feature","properties":{"CountryName":"Italy","Type of Animal":"Poultry"},"geometry":{"type":"Point","coordinates":[11.5661,45.3873]}},{"type":"Feature","properties":{"CountryName":"Italy","Type of Animal":"Poultry"},"geometry":{"type":"Point","coordinates":[11.5981,45.4058]}},{"type":"Feature","properties":{"CountryName":"Italy","Type of Animal":"Poultry"},"geometry":{"type":"Point","coordinates":[11.5979,45.4056]}},{"type":"Feature","properties":{"CountryName":"Italy","Type of Animal":"Poultry"},"geometry":{"type":"Point","coordinates":[11.7944,45.7532]}},{"type":"Feature","properties":{"CountryName":"Italy","Type of Animal":"Poultry"},"geometry":{"type":"Point","coordinates":[11.6311,45.6798]}},{"type":"Feature","properties":{"CountryName":"Italy","Type of Animal":"Poultry"},"geometry":{"type":"Point","coordinates":[11.6283,45.6796]}},{"type":"Feature","properties":{"CountryName":"Italy","Type of Animal":"Poultry"},"geometry":{"type":"Point","coordinates":[11.6359,45.6796]}},{"type":"Feature","properties":{"CountryName":"Italy","Type of Animal":"Poultry"},"geometry":{"type":"Point","coordinates":[11.6381,45.7076]}},{"type":"Feature","properties":{"CountryName":"Italy","Type of Animal":"Poultry"},"geometry":{"type":"Point","coordinates":[11.5877,45.6703]}},{"type":"Feature","properties":{"CountryName":"Italy","Type of Animal":"Poultry"},"geometry":{"type":"Point","coordinates":[10.7619,45.5872]}},{"type":"Feature","properties":{"CountryName":"Italy","Type of Animal":"Poultry"},"geometry":{"type":"Point","coordinates":[10.7944,45.5781]}},{"type":"Feature","properties":{"CountryName":"Italy","Type of Animal":"Poultry"},"geometry":{"type":"Point","coordinates":[10.7322,45.4445]}},{"type":"Feature","properties":{"CountryName":"Italy","Type of Animal":"Poultry"},"geometry":{"type":"Point","coordinates":[10.8105,45.5705]}},{"type":"Feature","properties":{"CountryName":"Italy","Type of Animal":"Poultry"},"geometry":{"type":"Point","coordinates":[10.7313,45.4469]}},{"type":"Feature","properties":{"CountryName":"Italy","Type of Animal":"Poultry"},"geometry":{"type":"Point","coordinates":[10.7945,45.5902]}},{"type":"Feature","properties":{"CountryName":"Italy","Type of Animal":"Poultry"},"geometry":{"type":"Point","coordinates":[10.7427,45.4136]}},{"type":"Feature","properties":{"CountryName":"Italy","Type of Animal":"Poultry"},"geometry":{"type":"Point","coordinates":[10.7585,45.4752]}},{"type":"Feature","properties":{"CountryName":"Italy","Type of Animal":"Poultry"},"geometry":{"type":"Point","coordinates":[10.7524,45.4731]}},{"type":"Feature","properties":{"CountryName":"Italy","Type of Animal":"Poultry"},"geometry":{"type":"Point","coordinates":[11.0203,45.5776]}},{"type":"Feature","properties":{"CountryName":"Italy","Type of Animal":"Poultry"},"geometry":{"type":"Point","coordinates":[11.014,45.5749]}},{"type":"Feature","properties":{"CountryName":"Italy","Type of Animal":"Poultry"},"geometry":{"type":"Point","coordinates":[10.9864,45.5591]}},{"type":"Feature","properties":{"CountryName":"Italy","Type of Animal":"Poultry"},"geometry":{"type":"Point","coordinates":[11.0395,45.5737]}},{"type":"Feature","properties":{"CountryName":"Italy","Type of Animal":"Poultry"},"geometry":{"type":"Point","coordinates":[11.0199,45.5806]}},{"type":"Feature","properties":{"CountryName":"Italy","Type of Animal":"Poultry"},"geometry":{"type":"Point","coordinates":[11.0205,45.5305]}},{"type":"Feature","properties":{"CountryName":"Italy","Type of Animal":"Poultry"},"geometry":{"type":"Point","coordinates":[10.8489,45.6002]}},{"type":"Feature","properties":{"CountryName":"Italy","Type of Animal":"Poultry"},"geometry":{"type":"Point","coordinates":[11.0156,45.5773]}},{"type":"Feature","properties":{"CountryName":"Italy","Type of Animal":"Poultry"},"geometry":{"type":"Point","coordinates":[11.0256,45.5365]}},{"type":"Feature","properties":{"CountryName":"Italy","Type of Animal":"Poultry"},"geometry":{"type":"Point","coordinates":[11.0416,45.5225]}},{"type":"Feature","properties":{"CountryName":"Italy","Type of Animal":"Poultry"},"geometry":{"type":"Point","coordinates":[11.0501,45.5217]}},{"type":"Feature","properties":{"CountryName":"Italy","Type of Animal":"Poultry"},"geometry":{"type":"Point","coordinates":[11.0541,45.5196]}},{"type":"Feature","properties":{"CountryName":"Italy","Type of Animal":"Poultry"},"geometry":{"type":"Point","coordinates":[11.0299,45.5457]}},{"type":"Feature","properties":{"CountryName":"Italy","Type of Animal":"Poultry"},"geometry":{"type":"Point","coordinates":[10.9949,45.5466]}},{"type":"Feature","properties":{"CountryName":"Italy","Type of Animal":"Poultry"},"geometry":{"type":"Point","coordinates":[11.0501,45.5239]}},{"type":"Feature","properties":{"CountryName":"Italy","Type of Animal":"Poultry"},"geometry":{"type":"Point","coordinates":[11.0126,45.5755]}},{"type":"Feature","properties":{"CountryName":"Italy","Type of Animal":"Poultry"},"geometry":{"type":"Point","coordinates":[11.0323,45.5372]}},{"type":"Feature","properties":{"CountryName":"Italy","Type of Animal":"Poultry"},"geometry":{"type":"Point","coordinates":[11.0605,45.5527]}},{"type":"Feature","properties":{"CountryName":"Italy","Type of Animal":"Poultry"},"geometry":{"type":"Point","coordinates":[11.0554,45.5196]}},{"type":"Feature","properties":{"CountryName":"Italy","Type of Animal":"Poultry"},"geometry":{"type":"Point","coordinates":[10.9998,45.5629]}},{"type":"Feature","properties":{"CountryName":"Italy","Type of Animal":"Poultry"},"geometry":{"type":"Point","coordinates":[10.9997,45.5634]}},{"type":"Feature","properties":{"CountryName":"Italy","Type of Animal":"Poultry"},"geometry":{"type":"Point","coordinates":[10.9631,45.5615]}},{"type":"Feature","properties":{"CountryName":"Italy","Type of Animal":"Poultry"},"geometry":{"type":"Point","coordinates":[10.9384,45.5306]}},{"type":"Feature","properties":{"CountryName":"Italy","Type of Animal":"Poultry"},"geometry":{"type":"Point","coordinates":[10.8155,45.5045]}},{"type":"Feature","properties":{"CountryName":"Italy","Type of Animal":"Poultry"},"geometry":{"type":"Point","coordinates":[10.8795,45.4906]}},{"type":"Feature","properties":{"CountryName":"Italy","Type of Animal":"Poultry"},"geometry":{"type":"Point","coordinates":[10.8833,45.494]}},{"type":"Feature","properties":{"CountryName":"Italy","Type of Animal":"Poultry"},"geometry":{"type":"Point","coordinates":[10.8129,45.5041]}},{"type":"Feature","properties":{"CountryName":"Italy","Type of Animal":"Poultry"},"geometry":{"type":"Point","coordinates":[10.8215,45.5035]}},{"type":"Feature","properties":{"CountryName":"Italy","Type of Animal":"Poultry"},"geometry":{"type":"Point","coordinates":[11.0705,45.5905]}},{"type":"Feature","properties":{"CountryName":"Italy","Type of Animal":"Poultry"},"geometry":{"type":"Point","coordinates":[11.1372,45.4617]}},{"type":"Feature","properties":{"CountryName":"Italy","Type of Animal":"Poultry"},"geometry":{"type":"Point","coordinates":[11.1178,45.3918]}},{"type":"Feature","properties":{"CountryName":"Italy","Type of Animal":"Poultry"},"geometry":{"type":"Point","coordinates":[11.1108,45.4127]}},{"type":"Feature","properties":{"CountryName":"Italy","Type of Animal":"Poultry"},"geometry":{"type":"Point","coordinates":[11.2115,45.6095]}},{"type":"Feature","properties":{"CountryName":"Italy","Type of Animal":"Poultry"},"geometry":{"type":"Point","coordinates":[11.1519,45.4329]}},{"type":"Feature","properties":{"CountryName":"Italy","Type of Animal":"Poultry"},"geometry":{"type":"Point","coordinates":[11.229,45.5703]}},{"type":"Feature","properties":{"CountryName":"Italy","Type of Animal":"Poultry"},"geometry":{"type":"Point","coordinates":[11.1616,45.4564]}},{"type":"Feature","properties":{"CountryName":"Italy","Type of Animal":"Poultry"},"geometry":{"type":"Point","coordinates":[11.1866,45.4595]}},{"type":"Feature","properties":{"CountryName":"Italy","Type of Animal":"Poultry"},"geometry":{"type":"Point","coordinates":[11.0878,45.4036]}},{"type":"Feature","properties":{"CountryName":"Italy","Type of Animal":"Poultry"},"geometry":{"type":"Point","coordinates":[11.0988,45.3873]}},{"type":"Feature","properties":{"CountryName":"Italy","Type of Animal":"Poultry"},"geometry":{"type":"Point","coordinates":[11.1165,45.3915]}},{"type":"Feature","properties":{"CountryName":"Italy","Type of Animal":"Poultry"},"geometry":{"type":"Point","coordinates":[11.0663,45.3935]}},{"type":"Feature","properties":{"CountryName":"Italy","Type of Animal":"Poultry"},"geometry":{"type":"Point","coordinates":[11.1064,45.3939]}},{"type":"Feature","properties":{"CountryName":"Italy","Type of Animal":"Poultry"},"geometry":{"type":"Point","coordinates":[11.1121,45.3981]}},{"type":"Feature","properties":{"CountryName":"Italy","Type of Animal":"Poultry"},"geometry":{"type":"Point","coordinates":[11.2505,45.4505]}},{"type":"Feature","properties":{"CountryName":"Italy","Type of Animal":"Poultry"},"geometry":{"type":"Point","coordinates":[11.1761,45.4985]}},{"type":"Feature","properties":{"CountryName":"Italy","Type of Animal":"Poultry"},"geometry":{"type":"Point","coordinates":[11.1735,45.5025]}},{"type":"Feature","properties":{"CountryName":"Italy","Type of Animal":"Poultry"},"geometry":{"type":"Point","coordinates":[11.1758,45.5001]}},{"type":"Feature","properties":{"CountryName":"Italy","Type of Animal":"Poultry"},"geometry":{"type":"Point","coordinates":[11.1602,45.5413]}},{"type":"Feature","properties":{"CountryName":"Italy","Type of Animal":"Poultry"},"geometry":{"type":"Point","coordinates":[11.4194,45.1491]}},{"type":"Feature","properties":{"CountryName":"Italy","Type of Animal":"Poultry"},"geometry":{"type":"Point","coordinates":[11.3072,45.3306]}},{"type":"Feature","properties":{"CountryName":"Italy","Type of Animal":"Poultry"},"geometry":{"type":"Point","coordinates":[11.3374,45.3536]}},{"type":"Feature","properties":{"CountryName":"Italy","Type of Animal":"Poultry"},"geometry":{"type":"Point","coordinates":[11.4239,45.1393]}},{"type":"Feature","properties":{"CountryName":"Italy","Type of Animal":"Poultry"},"geometry":{"type":"Point","coordinates":[11.2888,45.3774]}},{"type":"Feature","properties":{"CountryName":"Italy","Type of Animal":"Poultry"},"geometry":{"type":"Point","coordinates":[11.2818,45.2659]}},{"type":"Feature","properties":{"CountryName":"Italy","Type of Animal":"Poultry"},"geometry":{"type":"Point","coordinates":[11.3331,45.3553]}},{"type":"Feature","properties":{"CountryName":"Italy","Type of Animal":"Poultry"},"geometry":{"type":"Point","coordinates":[11.3333,45.3561]}},{"type":"Feature","properties":{"CountryName":"Italy","Type of Animal":"Poultry"},"geometry":{"type":"Point","coordinates":[11.372,45.2788]}},{"type":"Feature","properties":{"CountryName":"Italy","Type of Animal":"Poultry"},"geometry":{"type":"Point","coordinates":[11.2975,45.2551]}},{"type":"Feature","properties":{"CountryName":"Italy","Type of Animal":"Poultry"},"geometry":{"type":"Point","coordinates":[11.3246,45.347]}},{"type":"Feature","properties":{"CountryName":"Italy","Type of Animal":"Poultry"},"geometry":{"type":"Point","coordinates":[11.3704,45.2757]}},{"type":"Feature","properties":{"CountryName":"Italy","Type of Animal":"Poultry"},"geometry":{"type":"Point","coordinates":[11.3877,45.336]}},{"type":"Feature","properties":{"CountryName":"Italy","Type of Animal":"Poultry"},"geometry":{"type":"Point","coordinates":[11.4688,45.2843]}},{"type":"Feature","properties":{"CountryName":"Italy","Type of Animal":"Poultry"},"geometry":{"type":"Point","coordinates":[11.339,45.2902]}},{"type":"Feature","properties":{"CountryName":"Italy","Type of Animal":"Poultry"},"geometry":{"type":"Point","coordinates":[11.3782,45.1586]}},{"type":"Feature","properties":{"CountryName":"Italy","Type of Animal":"Poultry"},"geometry":{"type":"Point","coordinates":[11.286,45.2353]}},{"type":"Feature","properties":{"CountryName":"Italy","Type of Animal":"Poultry"},"geometry":{"type":"Point","coordinates":[11.4195,45.2566]}},{"type":"Feature","properties":{"CountryName":"Italy","Type of Animal":"Poultry"},"geometry":{"type":"Point","coordinates":[11.3271,45.2796]}},{"type":"Feature","properties":{"CountryName":"Italy","Type of Animal":"Poultry"},"geometry":{"type":"Point","coordinates":[11.2903,45.3067]}},{"type":"Feature","properties":{"CountryName":"Italy","Type of Animal":"Poultry"},"geometry":{"type":"Point","coordinates":[11.2743,45.2897]}},{"type":"Feature","properties":{"CountryName":"Italy","Type of Animal":"Poultry"},"geometry":{"type":"Point","coordinates":[11.2934,45.3203]}},{"type":"Feature","properties":{"CountryName":"Italy","Type of Animal":"Poultry"},"geometry":{"type":"Point","coordinates":[11.306,45.3167]}},{"type":"Feature","properties":{"CountryName":"Italy","Type of Animal":"Poultry"},"geometry":{"type":"Point","coordinates":[11.2993,45.3068]}},{"type":"Feature","properties":{"CountryName":"Italy","Type of Animal":"Poultry"},"geometry":{"type":"Point","coordinates":[11.1422,45.4042]}},{"type":"Feature","properties":{"CountryName":"Italy","Type of Animal":"Poultry"},"geometry":{"type":"Point","coordinates":[11.1545,45.4045]}},{"type":"Feature","properties":{"CountryName":"Italy","Type of Animal":"Poultry"},"geometry":{"type":"Point","coordinates":[11.1561,45.4033]}},{"type":"Feature","properties":{"CountryName":"Italy","Type of Animal":"Poultry"},"geometry":{"type":"Point","coordinates":[11.4293,45.2872]}},{"type":"Feature","properties":{"CountryName":"Italy","Type of Animal":"Poultry"},"geometry":{"type":"Point","coordinates":[11.4178,45.2905]}},{"type":"Feature","properties":{"CountryName":"Italy","Type of Animal":"Poultry"},"geometry":{"type":"Point","coordinates":[11.3625,45.2805]}},{"type":"Feature","properties":{"CountryName":"Italy","Type of Animal":"Poultry"},"geometry":{"type":"Point","coordinates":[11.2659,45.1411]}},{"type":"Feature","properties":{"CountryName":"Italy","Type of Animal":"Poultry"},"geometry":{"type":"Point","coordinates":[11.2814,45.1801]}},{"type":"Feature","properties":{"CountryName":"Italy","Type of Animal":"Poultry"},"geometry":{"type":"Point","coordinates":[11.3177,45.2399]}},{"type":"Feature","properties":{"CountryName":"Italy","Type of Animal":"Poultry"},"geometry":{"type":"Point","coordinates":[11.3181,45.4131]}},{"type":"Feature","properties":{"CountryName":"Italy","Type of Animal":"Poultry"},"geometry":{"type":"Point","coordinates":[11.2659,45.3921]}},{"type":"Feature","properties":{"CountryName":"Italy","Type of Animal":"Poultry"},"geometry":{"type":"Point","coordinates":[11.2587,45.3934]}},{"type":"Feature","properties":{"CountryName":"Italy","Type of Animal":"Poultry"},"geometry":{"type":"Point","coordinates":[11.2502,45.3835]}},{"type":"Feature","properties":{"CountryName":"Italy","Type of Animal":"Poultry"},"geometry":{"type":"Point","coordinates":[11.2649,45.3853]}},{"type":"Feature","properties":{"CountryName":"Italy","Type of Animal":"Poultry"},"geometry":{"type":"Point","coordinates":[11.3618,45.0856]}},{"type":"Feature","properties":{"CountryName":"Italy","Type of Animal":"Poultry"},"geometry":{"type":"Point","coordinates":[11.3569,45.0992]}},{"type":"Feature","properties":{"CountryName":"Italy","Type of Animal":"Poultry"},"geometry":{"type":"Point","coordinates":[11.234,45.277]}},{"type":"Feature","properties":{"CountryName":"Italy","Type of Animal":"Poultry"},"geometry":{"type":"Point","coordinates":[11.2432,45.2435]}},{"type":"Feature","properties":{"CountryName":"Italy","Type of Animal":"Poultry"},"geometry":{"type":"Point","coordinates":[11.1628,45.3294]}},{"type":"Feature","properties":{"CountryName":"Italy","Type of Animal":"Poultry"},"geometry":{"type":"Point","coordinates":[11.2648,45.2628]}},{"type":"Feature","properties":{"CountryName":"Italy","Type of Animal":"Poultry"},"geometry":{"type":"Point","coordinates":[11.2082,45.2876]}},{"type":"Feature","properties":{"CountryName":"Italy","Type of Animal":"Poultry"},"geometry":{"type":"Point","coordinates":[11.228,45.2716]}},{"type":"Feature","properties":{"CountryName":"Italy","Type of Animal":"Poultry"},"geometry":{"type":"Point","coordinates":[11.2178,45.271]}},{"type":"Feature","properties":{"CountryName":"Italy","Type of Animal":"Poultry"},"geometry":{"type":"Point","coordinates":[11.2535,45.2095]}},{"type":"Feature","properties":{"CountryName":"Italy","Type of Animal":"Poultry"},"geometry":{"type":"Point","coordinates":[11.2376,45.2755]}},{"type":"Feature","properties":{"CountryName":"Italy","Type of Animal":"Poultry"},"geometry":{"type":"Point","coordinates":[11.2114,45.2706]}},{"type":"Feature","properties":{"CountryName":"Italy","Type of Animal":"Poultry"},"geometry":{"type":"Point","coordinates":[11.1487,45.3018]}},{"type":"Feature","properties":{"CountryName":"Italy","Type of Animal":"Poultry"},"geometry":{"type":"Point","coordinates":[11.1676,45.2786]}},{"type":"Feature","properties":{"CountryName":"Italy","Type of Animal":"Poultry"},"geometry":{"type":"Point","coordinates":[11.2367,45.2762]}},{"type":"Feature","properties":{"CountryName":"Italy","Type of Animal":"Poultry"},"geometry":{"type":"Point","coordinates":[11.2387,45.2689]}},{"type":"Feature","properties":{"CountryName":"Italy","Type of Animal":"Poultry"},"geometry":{"type":"Point","coordinates":[11.26,45.2518]}},{"type":"Feature","properties":{"CountryName":"Italy","Type of Animal":"Poultry"},"geometry":{"type":"Point","coordinates":[11.2627,45.2454]}},{"type":"Feature","properties":{"CountryName":"Italy","Type of Animal":"Poultry"},"geometry":{"type":"Point","coordinates":[11.2379,45.2558]}},{"type":"Feature","properties":{"CountryName":"Italy","Type of Animal":"Poultry"},"geometry":{"type":"Point","coordinates":[11.1837,45.2649]}},{"type":"Feature","properties":{"CountryName":"Italy","Type of Animal":"Poultry"},"geometry":{"type":"Point","coordinates":[11.1987,45.2527]}},{"type":"Feature","properties":{"CountryName":"Italy","Type of Animal":"Poultry"},"geometry":{"type":"Point","coordinates":[11.1891,45.2626]}},{"type":"Feature","properties":{"CountryName":"Italy","Type of Animal":"Poultry"},"geometry":{"type":"Point","coordinates":[11.2606,45.2454]}},{"type":"Feature","properties":{"CountryName":"Italy","Type of Animal":"Poultry"},"geometry":{"type":"Point","coordinates":[11.1448,45.2213]}},{"type":"Feature","properties":{"CountryName":"Italy","Type of Animal":"Poultry"},"geometry":{"type":"Point","coordinates":[11.1676,45.3883]}},{"type":"Feature","properties":{"CountryName":"Italy","Type of Animal":"Poultry"},"geometry":{"type":"Point","coordinates":[11.1976,45.2601]}},{"type":"Feature","properties":{"CountryName":"Italy","Type of Animal":"Poultry"},"geometry":{"type":"Point","coordinates":[11.2579,45.2131]}},{"type":"Feature","properties":{"CountryName":"Italy","Type of Animal":"Poultry"},"geometry":{"type":"Point","coordinates":[11.1614,45.3022]}},{"type":"Feature","properties":{"CountryName":"Italy","Type of Animal":"Poultry"},"geometry":{"type":"Point","coordinates":[11.1819,45.2545]}},{"type":"Feature","properties":{"CountryName":"Italy","Type of Animal":"Poultry"},"geometry":{"type":"Point","coordinates":[11.1759,45.2541]}},{"type":"Feature","properties":{"CountryName":"Italy","Type of Animal":"Poultry"},"geometry":{"type":"Point","coordinates":[11.1292,45.238]}},{"type":"Feature","properties":{"CountryName":"Italy","Type of Animal":"Poultry"},"geometry":{"type":"Point","coordinates":[11.0931,45.2882]}},{"type":"Feature","properties":{"CountryName":"Italy","Type of Animal":"Poultry"},"geometry":{"type":"Point","coordinates":[11.0583,45.26]}},{"type":"Feature","properties":{"CountryName":"Italy","Type of Animal":"Poultry"},"geometry":{"type":"Point","coordinates":[11.1493,45.2654]}},{"type":"Feature","properties":{"CountryName":"Italy","Type of Animal":"Poultry"},"geometry":{"type":"Point","coordinates":[11.0811,45.2586]}},{"type":"Feature","properties":{"CountryName":"Italy","Type of Animal":"Poultry"},"geometry":{"type":"Point","coordinates":[11.1643,45.2568]}},{"type":"Feature","properties":{"CountryName":"Italy","Type of Animal":"Poultry"},"geometry":{"type":"Point","coordinates":[11.0927,45.2592]}},{"type":"Feature","properties":{"CountryName":"Italy","Type of Animal":"Poultry"},"geometry":{"type":"Point","coordinates":[11.219,45.1287]}},{"type":"Feature","properties":{"CountryName":"Italy","Type of Animal":"Poultry"},"geometry":{"type":"Point","coordinates":[11.2328,45.2326]}},{"type":"Feature","properties":{"CountryName":"Italy","Type of Animal":"Poultry"},"geometry":{"type":"Point","coordinates":[11.2443,45.2163]}},{"type":"Feature","properties":{"CountryName":"Italy","Type of Animal":"Poultry"},"geometry":{"type":"Point","coordinates":[11.2316,45.1244]}},{"type":"Feature","properties":{"CountryName":"Italy","Type of Animal":"Poultry"},"geometry":{"type":"Point","coordinates":[11.233,45.1246]}},{"type":"Feature","properties":{"CountryName":"Italy","Type of Animal":"Poultry"},"geometry":{"type":"Point","coordinates":[11.2374,45.1185]}},{"type":"Feature","properties":{"CountryName":"Italy","Type of Animal":"Poultry"},"geometry":{"type":"Point","coordinates":[11.2123,45.2017]}},{"type":"Feature","properties":{"CountryName":"Italy","Type of Animal":"Poultry"},"geometry":{"type":"Point","coordinates":[11.0636,45.1789]}},{"type":"Feature","properties":{"CountryName":"Italy","Type of Animal":"Poultry"},"geometry":{"type":"Point","coordinates":[11.0566,45.1593]}},{"type":"Feature","properties":{"CountryName":"Italy","Type of Animal":"Poultry"},"geometry":{"type":"Point","coordinates":[11.0632,45.1872]}},{"type":"Feature","properties":{"CountryName":"Italy","Type of Animal":"Poultry"},"geometry":{"type":"Point","coordinates":[11.26,45.3]}},{"type":"Feature","properties":{"CountryName":"Italy","Type of Animal":"Poultry"},"geometry":{"type":"Point","coordinates":[11.2066,45.3398]}},{"type":"Feature","properties":{"CountryName":"Italy","Type of Animal":"Poultry"},"geometry":{"type":"Point","coordinates":[11.2243,45.3462]}},{"type":"Feature","properties":{"CountryName":"Italy","Type of Animal":"Poultry"},"geometry":{"type":"Point","coordinates":[11.2559,45.2911]}},{"type":"Feature","properties":{"CountryName":"Italy","Type of Animal":"Poultry"},"geometry":{"type":"Point","coordinates":[11.2183,45.3409]}},{"type":"Feature","properties":{"CountryName":"Italy","Type of Animal":"Poultry"},"geometry":{"type":"Point","coordinates":[11.2361,45.2994]}},{"type":"Feature","properties":{"CountryName":"Italy","Type of Animal":"Poultry"},"geometry":{"type":"Point","coordinates":[11.2159,45.3092]}},{"type":"Feature","properties":{"CountryName":"Italy","Type of Animal":"Poultry"},"geometry":{"type":"Point","coordinates":[11.0613,45.2603]}},{"type":"Feature","properties":{"CountryName":"Italy","Type of Animal":"Poultry"},"geometry":{"type":"Point","coordinates":[11.0607,45.2042]}},{"type":"Feature","properties":{"CountryName":"Italy","Type of Animal":"Poultry"},"geometry":{"type":"Point","coordinates":[11.0763,45.2294]}},{"type":"Feature","properties":{"CountryName":"Italy","Type of Animal":"Poultry"},"geometry":{"type":"Point","coordinates":[11.1092,45.2166]}},{"type":"Feature","properties":{"CountryName":"Italy","Type of Animal":"Poultry"},"geometry":{"type":"Point","coordinates":[11.0614,45.2321]}},{"type":"Feature","properties":{"CountryName":"Italy","Type of Animal":"Poultry"},"geometry":{"type":"Point","coordinates":[11.0264,45.3446]}},{"type":"Feature","properties":{"CountryName":"Italy","Type of Animal":"Poultry"},"geometry":{"type":"Point","coordinates":[11.0396,45.3307]}},{"type":"Feature","properties":{"CountryName":"Italy","Type of Animal":"Poultry"},"geometry":{"type":"Point","coordinates":[11.0242,45.3476]}},{"type":"Feature","properties":{"CountryName":"Italy","Type of Animal":"Poultry"},"geometry":{"type":"Point","coordinates":[11.0291,45.3384]}},{"type":"Feature","properties":{"CountryName":"Italy","Type of Animal":"Poultry"},"geometry":{"type":"Point","coordinates":[11.0261,45.3445]}},{"type":"Feature","properties":{"CountryName":"Italy","Type of Animal":"Poultry"},"geometry":{"type":"Point","coordinates":[11.1635,45.3315]}},{"type":"Feature","properties":{"CountryName":"Italy","Type of Animal":"Poultry"},"geometry":{"type":"Point","coordinates":[11.0868,45.3507]}},{"type":"Feature","properties":{"CountryName":"Italy","Type of Animal":"Poultry"},"geometry":{"type":"Point","coordinates":[11.1612,45.3413]}},{"type":"Feature","properties":{"CountryName":"Italy","Type of Animal":"Poultry"},"geometry":{"type":"Point","coordinates":[11.1289,45.3968]}},{"type":"Feature","properties":{"CountryName":"Italy","Type of Animal":"Poultry"},"geometry":{"type":"Point","coordinates":[11.1486,45.3392]}},{"type":"Feature","properties":{"CountryName":"Italy","Type of Animal":"Poultry"},"geometry":{"type":"Point","coordinates":[11.0726,45.3568]}},{"type":"Feature","properties":{"CountryName":"Italy","Type of Animal":"Poultry"},"geometry":{"type":"Point","coordinates":[11.1367,45.3599]}},{"type":"Feature","properties":{"CountryName":"Italy","Type of Animal":"Poultry"},"geometry":{"type":"Point","coordinates":[10.9404,45.364]}},{"type":"Feature","properties":{"CountryName":"Italy","Type of Animal":"Poultry"},"geometry":{"type":"Point","coordinates":[11.0847,45.1583]}},{"type":"Feature","properties":{"CountryName":"Italy","Type of Animal":"Poultry"},"geometry":{"type":"Point","coordinates":[10.945,45.2556]}},{"type":"Feature","properties":{"CountryName":"Italy","Type of Animal":"Poultry"},"geometry":{"type":"Point","coordinates":[10.9455,45.2474]}},{"type":"Feature","properties":{"CountryName":"Italy","Type of Animal":"Poultry"},"geometry":{"type":"Point","coordinates":[10.9888,45.262]}},{"type":"Feature","properties":{"CountryName":"Italy","Type of Animal":"Poultry"},"geometry":{"type":"Point","coordinates":[10.8961,45.2628]}},{"type":"Feature","properties":{"CountryName":"Italy","Type of Animal":"Poultry"},"geometry":{"type":"Point","coordinates":[10.9931,45.3599]}},{"type":"Feature","properties":{"CountryName":"Italy","Type of Animal":"Poultry"},"geometry":{"type":"Point","coordinates":[10.8005,45.4131]}},{"type":"Feature","properties":{"CountryName":"Italy","Type of Animal":"Poultry"},"geometry":{"type":"Point","coordinates":[10.9861,45.244]}},{"type":"Feature","properties":{"CountryName":"Italy","Type of Animal":"Poultry"},"geometry":{"type":"Point","coordinates":[11.0065,45.3653]}},{"type":"Feature","properties":{"CountryName":"Italy","Type of Animal":"Poultry"},"geometry":{"type":"Point","coordinates":[10.9546,45.273]}},{"type":"Feature","properties":{"CountryName":"Italy","Type of Animal":"Poultry"},"geometry":{"type":"Point","coordinates":[10.8844,45.2721]}},{"type":"Feature","properties":{"CountryName":"Italy","Type of Animal":"Poultry"},"geometry":{"type":"Point","coordinates":[10.9792,45.213]}},{"type":"Feature","properties":{"CountryName":"Italy","Type of Animal":"Poultry"},"geometry":{"type":"Point","coordinates":[10.9546,45.2749]}},{"type":"Feature","properties":{"CountryName":"Italy","Type of Animal":"Poultry"},"geometry":{"type":"Point","coordinates":[10.9965,45.2485]}},{"type":"Feature","properties":{"CountryName":"Italy","Type of Animal":"Poultry"},"geometry":{"type":"Point","coordinates":[10.9701,45.2399]}},{"type":"Feature","properties":{"CountryName":"Italy","Type of Animal":"Poultry"},"geometry":{"type":"Point","coordinates":[10.8026,45.3086]}},{"type":"Feature","properties":{"CountryName":"Italy","Type of Animal":"Poultry"},"geometry":{"type":"Point","coordinates":[11.0236,45.2821]}},{"type":"Feature","properties":{"CountryName":"Italy","Type of Animal":"Poultry"},"geometry":{"type":"Point","coordinates":[11.0392,45.2494]}},{"type":"Feature","properties":{"CountryName":"Italy","Type of Animal":"Poultry"},"geometry":{"type":"Point","coordinates":[11.0446,45.2475]}},{"type":"Feature","properties":{"CountryName":"Italy","Type of Animal":"Poultry"},"geometry":{"type":"Point","coordinates":[11.0362,45.2489]}},{"type":"Feature","properties":{"CountryName":"Italy","Type of Animal":"Poultry"},"geometry":{"type":"Point","coordinates":[11.0451,45.2475]}},{"type":"Feature","properties":{"CountryName":"Italy","Type of Animal":"Poultry"},"geometry":{"type":"Point","coordinates":[11.0269,45.2278]}},{"type":"Feature","properties":{"CountryName":"Italy","Type of Animal":"Poultry"},"geometry":{"type":"Point","coordinates":[10.9888,45.2867]}},{"type":"Feature","properties":{"CountryName":"Italy","Type of Animal":"Poultry"},"geometry":{"type":"Point","coordinates":[11.0553,45.2382]}},{"type":"Feature","properties":{"CountryName":"Italy","Type of Animal":"Poultry"},"geometry":{"type":"Point","coordinates":[10.9889,45.2656]}},{"type":"Feature","properties":{"CountryName":"Italy","Type of Animal":"Poultry"},"geometry":{"type":"Point","coordinates":[11.0586,45.2783]}},{"type":"Feature","properties":{"CountryName":"Italy","Type of Animal":"Poultry"},"geometry":{"type":"Point","coordinates":[11.0583,45.275]}},{"type":"Feature","properties":{"CountryName":"Italy","Type of Animal":"Poultry"},"geometry":{"type":"Point","coordinates":[11.0486,45.2767]}},{"type":"Feature","properties":{"CountryName":"Italy","Type of Animal":"Poultry"},"geometry":{"type":"Point","coordinates":[11.0611,45.2676]}},{"type":"Feature","properties":{"CountryName":"Italy","Type of Animal":"Poultry"},"geometry":{"type":"Point","coordinates":[11.0235,45.2713]}},{"type":"Feature","properties":{"CountryName":"Italy","Type of Animal":"Poultry"},"geometry":{"type":"Point","coordinates":[11.0459,45.2547]}},{"type":"Feature","properties":{"CountryName":"Italy","Type of Animal":"Poultry"},"geometry":{"type":"Point","coordinates":[11.0432,45.256]}},{"type":"Feature","properties":{"CountryName":"Italy","Type of Animal":"Poultry"},"geometry":{"type":"Point","coordinates":[11.058,45.2604]}},{"type":"Feature","properties":{"CountryName":"Italy","Type of Animal":"Poultry"},"geometry":{"type":"Point","coordinates":[11.0472,45.2475]}},{"type":"Feature","properties":{"CountryName":"Italy","Type of Animal":"Poultry"},"geometry":{"type":"Point","coordinates":[11.0624,45.2709]}},{"type":"Feature","properties":{"CountryName":"Italy","Type of Animal":"Poultry"},"geometry":{"type":"Point","coordinates":[11.0545,45.2387]}},{"type":"Feature","properties":{"CountryName":"Italy","Type of Animal":"Poultry"},"geometry":{"type":"Point","coordinates":[11.0505,45.2805]}},{"type":"Feature","properties":{"CountryName":"Italy","Type of Animal":"Poultry"},"geometry":{"type":"Point","coordinates":[11.0387,45.2593]}},{"type":"Feature","properties":{"CountryName":"Italy","Type of Animal":"Poultry"},"geometry":{"type":"Point","coordinates":[10.8331,45.3822]}},{"type":"Feature","properties":{"CountryName":"Italy","Type of Animal":"Poultry"},"geometry":{"type":"Point","coordinates":[10.875,45.4189]}},{"type":"Feature","properties":{"CountryName":"Italy","Type of Animal":"Poultry"},"geometry":{"type":"Point","coordinates":[10.8349,45.3953]}},{"type":"Feature","properties":{"CountryName":"Italy","Type of Animal":"Poultry"},"geometry":{"type":"Point","coordinates":[10.8632,45.4128]}},{"type":"Feature","properties":{"CountryName":"Italy","Type of Animal":"Poultry"},"geometry":{"type":"Point","coordinates":[10.8387,45.3984]}},{"type":"Feature","properties":{"CountryName":"Italy","Type of Animal":"Poultry"},"geometry":{"type":"Point","coordinates":[10.7594,45.3213]}},{"type":"Feature","properties":{"CountryName":"Italy","Type of Animal":"Poultry"},"geometry":{"type":"Point","coordinates":[10.761,45.3362]}},{"type":"Feature","properties":{"CountryName":"Italy","Type of Animal":"Poultry"},"geometry":{"type":"Point","coordinates":[10.7759,45.3805]}},{"type":"Feature","properties":{"CountryName":"Italy","Type of Animal":"Poultry"},"geometry":{"type":"Point","coordinates":[10.7207,45.3571]}},{"type":"Feature","properties":{"CountryName":"Italy","Type of Animal":"Poultry"},"geometry":{"type":"Point","coordinates":[10.7395,45.4004]}},{"type":"Feature","properties":{"CountryName":"Italy","Type of Animal":"Poultry"},"geometry":{"type":"Point","coordinates":[10.6905,45.3449]}},{"type":"Feature","properties":{"CountryName":"Italy","Type of Animal":"Poultry"},"geometry":{"type":"Point","coordinates":[10.7995,45.3265]}},{"type":"Feature","properties":{"CountryName":"Italy","Type of Animal":"Poultry"},"geometry":{"type":"Point","coordinates":[10.7585,45.3779]}},{"type":"Feature","properties":{"CountryName":"Italy","Type of Animal":"Poultry"},"geometry":{"type":"Point","coordinates":[10.7596,45.3596]}},{"type":"Feature","properties":{"CountryName":"Italy","Type of Animal":"Poultry"},"geometry":{"type":"Point","coordinates":[10.7672,45.3072]}},{"type":"Feature","properties":{"CountryName":"Italy","Type of Animal":"Poultry"},"geometry":{"type":"Point","coordinates":[10.7616,45.3364]}},{"type":"Feature","properties":{"CountryName":"Italy","Type of Animal":"Poultry"},"geometry":{"type":"Point","coordinates":[10.7445,45.3985]}},{"type":"Feature","properties":{"CountryName":"Italy","Type of Animal":"Poultry"},"geometry":{"type":"Point","coordinates":[10.782,45.3124]}},{"type":"Feature","properties":{"CountryName":"Italy","Type of Animal":"Poultry"},"geometry":{"type":"Point","coordinates":[10.7305,45.3149]}},{"type":"Feature","properties":{"CountryName":"Italy","Type of Animal":"Poultry"},"geometry":{"type":"Point","coordinates":[10.9248,45.3064]}},{"type":"Feature","properties":{"CountryName":"Italy","Type of Animal":"Poultry"},"geometry":{"type":"Point","coordinates":[10.8474,45.3557]}},{"type":"Feature","properties":{"CountryName":"Italy","Type of Animal":"Poultry"},"geometry":{"type":"Point","coordinates":[10.8223,45.3239]}},{"type":"Feature","properties":{"CountryName":"Italy","Type of Animal":"Poultry"},"geometry":{"type":"Point","coordinates":[11.029,45.486]}},{"type":"Feature","properties":{"CountryName":"Italy","Type of Animal":"Poultry"},"geometry":{"type":"Point","coordinates":[11.0385,45.3981]}},{"type":"Feature","properties":{"CountryName":"Italy","Type of Animal":"Poultry"},"geometry":{"type":"Point","coordinates":[11.004,45.3945]}},{"type":"Feature","properties":{"CountryName":"Italy","Type of Animal":"Poultry"},"geometry":{"type":"Point","coordinates":[10.8942,45.4451]}},{"type":"Feature","properties":{"CountryName":"Italy","Type of Animal":"Poultry"},"geometry":{"type":"Point","coordinates":[10.9147,45.4627]}},{"type":"Feature","properties":{"CountryName":"Italy","Type of Animal":"Poultry"},"geometry":{"type":"Point","coordinates":[10.9106,45.4623]}},{"type":"Feature","properties":{"CountryName":"Italy","Type of Animal":"Poultry"},"geometry":{"type":"Point","coordinates":[10.9176,45.4629]}},{"type":"Feature","properties":{"CountryName":"Italy","Type of Animal":"Poultry"},"geometry":{"type":"Point","coordinates":[11.1116,45.5222]}},{"type":"Feature","properties":{"CountryName":"Italy","Type of Animal":"Poultry"},"geometry":{"type":"Point","coordinates":[11.0839,45.4893]}},{"type":"Feature","properties":{"CountryName":"Italy","Type of Animal":"Poultry"},"geometry":{"type":"Point","coordinates":[11.0726,45.4546]}},{"type":"Feature","properties":{"CountryName":"Italy","Type of Animal":"Poultry"},"geometry":{"type":"Point","coordinates":[11.47702,46.05614]}},{"type":"Feature","properties":{"CountryName":"Italy","Type of Animal":"Poultry"},"geometry":{"type":"Point","coordinates":[11.34838,46.01535]}},{"type":"Feature","properties":{"CountryName":"Italy","Type of Animal":"Poultry"},"geometry":{"type":"Point","coordinates":[10.99979,45.77355]}},{"type":"Feature","properties":{"CountryName":"Italy","Type of Animal":"Poultry"},"geometry":{"type":"Point","coordinates":[10.9902,45.8286]}},{"type":"Feature","properties":{"CountryName":"Italy","Type of Animal":"Poultry"},"geometry":{"type":"Point","coordinates":[10.5585,45.8291]}},{"type":"Feature","properties":{"CountryName":"Italy","Type of Animal":"Poultry"},"geometry":{"type":"Point","coordinates":[11.5147,44.1887]}},{"type":"Feature","properties":{"CountryName":"Italy","Type of Animal":"Poultry"},"geometry":{"type":"Point","coordinates":[11.7507,44.3895]}},{"type":"Feature","properties":{"CountryName":"Italy","Type of Animal":"Poultry"},"geometry":{"type":"Point","coordinates":[11.7652,44.3509]}},{"type":"Feature","properties":{"CountryName":"Italy","Type of Animal":"Poultry"},"geometry":{"type":"Point","coordinates":[11.7741,44.4466]}},{"type":"Feature","properties":{"CountryName":"Italy","Type of Animal":"Poultry"},"geometry":{"type":"Point","coordinates":[11.39149,44.19344]}},{"type":"Feature","properties":{"CountryName":"Italy","Type of Animal":"Poultry"},"geometry":{"type":"Point","coordinates":[11.7911,44.3886]}},{"type":"Feature","properties":{"CountryName":"Italy","Type of Animal":"Poultry"},"geometry":{"type":"Point","coordinates":[11.8031,44.4033]}},{"type":"Feature","properties":{"CountryName":"Italy","Type of Animal":"Poultry"},"geometry":{"type":"Point","coordinates":[11.7954,44.4202]}},{"type":"Feature","properties":{"CountryName":"Italy","Type of Animal":"Poultry"},"geometry":{"type":"Point","coordinates":[11.0491,44.1342]}},{"type":"Feature","properties":{"CountryName":"Italy","Type of Animal":"Poultry"},"geometry":{"type":"Point","coordinates":[11.5935,44.4836]}},{"type":"Feature","properties":{"CountryName":"Italy","Type of Animal":"Poultry"},"geometry":{"type":"Point","coordinates":[10.8683,44.7199]}},{"type":"Feature","properties":{"CountryName":"Italy","Type of Animal":"Poultry"},"geometry":{"type":"Point","coordinates":[10.8966,44.8801]}},{"type":"Feature","properties":{"CountryName":"Italy","Type of Animal":"Poultry"},"geometry":{"type":"Point","coordinates":[10.7616,44.4482]}},{"type":"Feature","properties":{"CountryName":"Italy","Type of Animal":"Poultry"},"geometry":{"type":"Point","coordinates":[11.0776,44.9259]}},{"type":"Feature","properties":{"CountryName":"Italy","Type of Animal":"Poultry"},"geometry":{"type":"Point","coordinates":[11.0985,44.9462]}},{"type":"Feature","properties":{"CountryName":"Italy","Type of Animal":"Poultry"},"geometry":{"type":"Point","coordinates":[10.6547,44.3495]}},{"type":"Feature","properties":{"CountryName":"Italy","Type of Animal":"Poultry"},"geometry":{"type":"Point","coordinates":[10.5791,44.8181]}},{"type":"Feature","properties":{"CountryName":"Italy","Type of Animal":"Poultry"},"geometry":{"type":"Point","coordinates":[10.538796,44.79826]}},{"type":"Feature","properties":{"CountryName":"Italy","Type of Animal":"Poultry"},"geometry":{"type":"Point","coordinates":[10.1484,45.0078]}},{"type":"Feature","properties":{"CountryName":"Italy","Type of Animal":"Poultry"},"geometry":{"type":"Point","coordinates":[10.2757,44.9391]}},{"type":"Feature","properties":{"CountryName":"Italy","Type of Animal":"Poultry"},"geometry":{"type":"Point","coordinates":[10.0304,44.9003]}},{"type":"Feature","properties":{"CountryName":"Italy","Type of Animal":"Poultry"},"geometry":{"type":"Point","coordinates":[10.3361,44.6491]}},{"type":"Feature","properties":{"CountryName":"Italy","Type of Animal":"Poultry"},"geometry":{"type":"Point","coordinates":[11.8955,44.6124]}},{"type":"Feature","properties":{"CountryName":"Italy","Type of Animal":"Poultry"},"geometry":{"type":"Point","coordinates":[11.8937,44.5983]}},{"type":"Feature","properties":{"CountryName":"Italy","Type of Animal":"Poultry"},"geometry":{"type":"Point","coordinates":[12.0955,44.5769]}},{"type":"Feature","properties":{"CountryName":"Italy","Type of Animal":"Poultry"},"geometry":{"type":"Point","coordinates":[12.0697,44.6163]}},{"type":"Feature","properties":{"CountryName":"Italy","Type of Animal":"Poultry"},"geometry":{"type":"Point","coordinates":[11.8604,44.6644]}},{"type":"Feature","properties":{"CountryName":"Italy","Type of Animal":"Poultry"},"geometry":{"type":"Point","coordinates":[11.866,44.687]}},{"type":"Feature","properties":{"CountryName":"Italy","Type of Animal":"Poultry"},"geometry":{"type":"Point","coordinates":[11.8879,44.6939]}},{"type":"Feature","properties":{"CountryName":"Italy","Type of Animal":"Poultry"},"geometry":{"type":"Point","coordinates":[11.898772,44.718303]}},{"type":"Feature","properties":{"CountryName":"Italy","Type of Animal":"Poultry"},"geometry":{"type":"Point","coordinates":[11.9262,44.7146]}},{"type":"Feature","properties":{"CountryName":"Italy","Type of Animal":"Poultry"},"geometry":{"type":"Point","coordinates":[11.9165,44.7325]}},{"type":"Feature","properties":{"CountryName":"Italy","Type of Animal":"Poultry"},"geometry":{"type":"Point","coordinates":[12.0921,44.8422]}},{"type":"Feature","properties":{"CountryName":"Italy","Type of Animal":"Poultry"},"geometry":{"type":"Point","coordinates":[12.0776,44.8413]}},{"type":"Feature","properties":{"CountryName":"Italy","Type of Animal":"Poultry"},"geometry":{"type":"Point","coordinates":[12.0338,44.8906]}},{"type":"Feature","properties":{"CountryName":"Italy","Type of Animal":"Poultry"},"geometry":{"type":"Point","coordinates":[12.1317,44.7466]}},{"type":"Feature","properties":{"CountryName":"Italy","Type of Animal":"Poultry"},"geometry":{"type":"Point","coordinates":[12.1625,44.7473]}},{"type":"Feature","properties":{"CountryName":"Italy","Type of Animal":"Poultry"},"geometry":{"type":"Point","coordinates":[12.0484,44.7871]}},{"type":"Feature","properties":{"CountryName":"Italy","Type of Animal":"Poultry"},"geometry":{"type":"Point","coordinates":[11.8984,44.8425]}},{"type":"Feature","properties":{"CountryName":"Italy","Type of Animal":"Poultry"},"geometry":{"type":"Point","coordinates":[11.9008,45.025]}},{"type":"Feature","properties":{"CountryName":"Italy","Type of Animal":"Poultry"},"geometry":{"type":"Point","coordinates":[12.0672,44.9931]}},{"type":"Feature","properties":{"CountryName":"Italy","Type of Animal":"Poultry"},"geometry":{"type":"Point","coordinates":[11.924825,45.072632]}},{"type":"Feature","properties":{"CountryName":"Italy","Type of Animal":"Poultry"},"geometry":{"type":"Point","coordinates":[12.1557,44.9625]}},{"type":"Feature","properties":{"CountryName":"Italy","Type of Animal":"Poultry"},"geometry":{"type":"Point","coordinates":[12.1595,44.9857]}},{"type":"Feature","properties":{"CountryName":"Italy","Type of Animal":"Poultry"},"geometry":{"type":"Point","coordinates":[12.1503,44.9516]}},{"type":"Feature","properties":{"CountryName":"Italy","Type of Animal":"Poultry"},"geometry":{"type":"Point","coordinates":[12.1115,44.9713]}},{"type":"Feature","properties":{"CountryName":"Italy","Type of Animal":"Poultry"},"geometry":{"type":"Point","coordinates":[12.0742,45.0304]}},{"type":"Feature","properties":{"CountryName":"Italy","Type of Animal":"Poultry"},"geometry":{"type":"Point","coordinates":[12.2504,44.9976]}},{"type":"Feature","properties":{"CountryName":"Italy","Type of Animal":"Poultry"},"geometry":{"type":"Point","coordinates":[12.2766,45.0216]}},{"type":"Feature","properties":{"CountryName":"Italy","Type of Animal":"Poultry"},"geometry":{"type":"Point","coordinates":[12.2348,45.0252]}},{"type":"Feature","properties":{"CountryName":"Italy","Type of Animal":"Poultry"},"geometry":{"type":"Point","coordinates":[12.2708,45.0446]}},{"type":"Feature","properties":{"CountryName":"Italy","Type of Animal":"Poultry"},"geometry":{"type":"Point","coordinates":[12.251358,45.005103]}},{"type":"Feature","properties":{"CountryName":"Italy","Type of Animal":"Poultry"},"geometry":{"type":"Point","coordinates":[12.25267,45.0039]}},{"type":"Feature","properties":{"CountryName":"Italy","Type of Animal":"Poultry"},"geometry":{"type":"Point","coordinates":[12.28216,44.96399]}},{"type":"Feature","properties":{"CountryName":"Italy","Type of Animal":"Poultry"},"geometry":{"type":"Point","coordinates":[12.3564,44.8495]}},{"type":"Feature","properties":{"CountryName":"Italy","Type of Animal":"Poultry"},"geometry":{"type":"Point","coordinates":[12.1627,45.0088]}},{"type":"Feature","properties":{"CountryName":"Italy","Type of Animal":"Poultry"},"geometry":{"type":"Point","coordinates":[12.2122,44.9978]}},{"type":"Feature","properties":{"CountryName":"Italy","Type of Animal":"Poultry"},"geometry":{"type":"Point","coordinates":[12.2361,44.9988]}},{"type":"Feature","properties":{"CountryName":"Italy","Type of Animal":"Poultry"},"geometry":{"type":"Point","coordinates":[11.5476,45.0573]}},{"type":"Feature","properties":{"CountryName":"Italy","Type of Animal":"Poultry"},"geometry":{"type":"Point","coordinates":[11.5547,45.024]}},{"type":"Feature","properties":{"CountryName":"Italy","Type of Animal":"Poultry"},"geometry":{"type":"Point","coordinates":[11.49756,45.06141]}},{"type":"Feature","properties":{"CountryName":"Italy","Type of Animal":"Poultry"},"geometry":{"type":"Point","coordinates":[11.6304,44.9606]}},{"type":"Feature","properties":{"CountryName":"Italy","Type of Animal":"Poultry"},"geometry":{"type":"Point","coordinates":[11.6225,45.0851]}},{"type":"Feature","properties":{"CountryName":"Italy","Type of Animal":"Poultry"},"geometry":{"type":"Point","coordinates":[11.60497,45.04713]}},{"type":"Feature","properties":{"CountryName":"Italy","Type of Animal":"Poultry"},"geometry":{"type":"Point","coordinates":[11.8734,45.0229]}},{"type":"Feature","properties":{"CountryName":"Italy","Type of Animal":"Poultry"},"geometry":{"type":"Point","coordinates":[11.8843,45.0121]}},{"type":"Feature","properties":{"CountryName":"Italy","Type of Animal":"Poultry"},"geometry":{"type":"Point","coordinates":[11.7117,44.9702]}},{"type":"Feature","properties":{"CountryName":"Italy","Type of Animal":"Poultry"},"geometry":{"type":"Point","coordinates":[11.6117,44.9174]}},{"type":"Feature","properties":{"CountryName":"Italy","Type of Animal":"Poultry"},"geometry":{"type":"Point","coordinates":[11.4659,44.9422]}},{"type":"Feature","properties":{"CountryName":"Italy","Type of Animal":"Poultry"},"geometry":{"type":"Point","coordinates":[11.9038,44.9866]}},{"type":"Feature","properties":{"CountryName":"Italy","Type of Animal":"Poultry"},"geometry":{"type":"Point","coordinates":[11.7545,44.9738]}},{"type":"Feature","properties":{"CountryName":"Italy","Type of Animal":"Poultry"},"geometry":{"type":"Point","coordinates":[11.711451,44.941812]}},{"type":"Feature","properties":{"CountryName":"Italy","Type of Animal":"Poultry"},"geometry":{"type":"Point","coordinates":[11.5265,44.9597]}},{"type":"Feature","properties":{"CountryName":"Italy","Type of Animal":"Poultry"},"geometry":{"type":"Point","coordinates":[11.81072,45.11723]}},{"type":"Feature","properties":{"CountryName":"Italy","Type of Animal":"Poultry"},"geometry":{"type":"Point","coordinates":[10.5212,45.0946]}},{"type":"Feature","properties":{"CountryName":"Italy","Type of Animal":"Poultry"},"geometry":{"type":"Point","coordinates":[10.568,45.1058]}},{"type":"Feature","properties":{"CountryName":"Italy","Type of Animal":"Poultry"},"geometry":{"type":"Point","coordinates":[10.5151,45.1721]}},{"type":"Feature","properties":{"CountryName":"Italy","Type of Animal":"Poultry"},"geometry":{"type":"Point","coordinates":[10.5159,45.1056]}},{"type":"Feature","properties":{"CountryName":"Italy","Type of Animal":"Poultry"},"geometry":{"type":"Point","coordinates":[10.4297,45.1731]}},{"type":"Feature","properties":{"CountryName":"Italy","Type of Animal":"Poultry"},"geometry":{"type":"Point","coordinates":[10.3745,45.16174]}},{"type":"Feature","properties":{"CountryName":"Italy","Type of Animal":"Poultry"},"geometry":{"type":"Point","coordinates":[10.6413,45.1649]}},{"type":"Feature","properties":{"CountryName":"Italy","Type of Animal":"Poultry"},"geometry":{"type":"Point","coordinates":[10.4833,45.066]}},{"type":"Feature","properties":{"CountryName":"Italy","Type of Animal":"Poultry"},"geometry":{"type":"Point","coordinates":[10.4218,45.0576]}},{"type":"Feature","properties":{"CountryName":"Italy","Type of Animal":"Poultry"},"geometry":{"type":"Point","coordinates":[11.1806,45.0455]}},{"type":"Feature","properties":{"CountryName":"Italy","Type of Animal":"Poultry"},"geometry":{"type":"Point","coordinates":[11.1815,44.9569]}},{"type":"Feature","properties":{"CountryName":"Italy","Type of Animal":"Poultry"},"geometry":{"type":"Point","coordinates":[11.4101,44.964]}},{"type":"Feature","properties":{"CountryName":"Italy","Type of Animal":"Poultry"},"geometry":{"type":"Point","coordinates":[10.76222,44.97056]}},{"type":"Feature","properties":{"CountryName":"Italy","Type of Animal":"Poultry"},"geometry":{"type":"Point","coordinates":[11.0534,45.0998]}},{"type":"Feature","properties":{"CountryName":"Italy","Type of Animal":"Poultry"},"geometry":{"type":"Point","coordinates":[10.9877,45.1797]}},{"type":"Feature","properties":{"CountryName":"Italy","Type of Animal":"Poultry"},"geometry":{"type":"Point","coordinates":[10.8764,45.0905]}},{"type":"Feature","properties":{"CountryName":"Italy","Type of Animal":"Poultry"},"geometry":{"type":"Point","coordinates":[10.5551,45.3811]}},{"type":"Feature","properties":{"CountryName":"Italy","Type of Animal":"Poultry"},"geometry":{"type":"Point","coordinates":[10.5191,45.3331]}},{"type":"Feature","properties":{"CountryName":"Italy","Type of Animal":"Poultry"},"geometry":{"type":"Point","coordinates":[10.5738,45.1968]}},{"type":"Feature","properties":{"CountryName":"Italy","Type of Animal":"Poultry"},"geometry":{"type":"Point","coordinates":[10.5752,45.3242]}},{"type":"Feature","properties":{"CountryName":"Italy","Type of Animal":"Poultry"},"geometry":{"type":"Point","coordinates":[10.679,45.3881]}},{"type":"Feature","properties":{"CountryName":"Italy","Type of Animal":"Poultry"},"geometry":{"type":"Point","coordinates":[10.7575,45.2919]}},{"type":"Feature","properties":{"CountryName":"Italy","Type of Animal":"Poultry"},"geometry":{"type":"Point","coordinates":[10.5202,45.2111]}},{"type":"Feature","properties":{"CountryName":"Italy","Type of Animal":"Poultry"},"geometry":{"type":"Point","coordinates":[10.5711,45.2848]}},{"type":"Feature","properties":{"CountryName":"Italy","Type of Animal":"Poultry"},"geometry":{"type":"Point","coordinates":[10.5581,45.3594]}},{"type":"Feature","properties":{"CountryName":"Italy","Type of Animal":"Poultry"},"geometry":{"type":"Point","coordinates":[10.5333,45.2652]}},{"type":"Feature","properties":{"CountryName":"Italy","Type of Animal":"Poultry"},"geometry":{"type":"Point","coordinates":[10.5719,45.2577]}},{"type":"Feature","properties":{"CountryName":"Italy","Type of Animal":"Poultry"},"geometry":{"type":"Point","coordinates":[10.5975,45.2531]}},{"type":"Feature","properties":{"CountryName":"Italy","Type of Animal":"Poultry"},"geometry":{"type":"Point","coordinates":[10.5383,45.2585]}},{"type":"Feature","properties":{"CountryName":"Italy","Type of Animal":"Poultry"},"geometry":{"type":"Point","coordinates":[10.5723,45.3165]}},{"type":"Feature","properties":{"CountryName":"Italy","Type of Animal":"Poultry"},"geometry":{"type":"Point","coordinates":[10.5164,45.2151]}},{"type":"Feature","properties":{"CountryName":"Italy","Type of Animal":"Poultry"},"geometry":{"type":"Point","coordinates":[10.5891,45.3767]}},{"type":"Feature","properties":{"CountryName":"Italy","Type of Animal":"Poultry"},"geometry":{"type":"Point","coordinates":[10.5183,45.2497]}},{"type":"Feature","properties":{"CountryName":"Italy","Type of Animal":"Poultry"},"geometry":{"type":"Point","coordinates":[10.5734,45.3529]}},{"type":"Feature","properties":{"CountryName":"Italy","Type of Animal":"Poultry"},"geometry":{"type":"Point","coordinates":[10.5832,45.3249]}},{"type":"Feature","properties":{"CountryName":"Italy","Type of Animal":"Poultry"},"geometry":{"type":"Point","coordinates":[10.6581,45.3728]}},{"type":"Feature","properties":{"CountryName":"Italy","Type of Animal":"Poultry"},"geometry":{"type":"Point","coordinates":[10.6691,45.38001]}},{"type":"Feature","properties":{"CountryName":"Italy","Type of Animal":"Poultry"},"geometry":{"type":"Point","coordinates":[10.6697,45.3816]}},{"type":"Feature","properties":{"CountryName":"Italy","Type of Animal":"Poultry"},"geometry":{"type":"Point","coordinates":[10.4224,45.2241]}},{"type":"Feature","properties":{"CountryName":"Italy","Type of Animal":"Poultry"},"geometry":{"type":"Point","coordinates":[10.4311,45.2501]}},{"type":"Feature","properties":{"CountryName":"Italy","Type of Animal":"Poultry"},"geometry":{"type":"Point","coordinates":[10.4208,45.2166]}},{"type":"Feature","properties":{"CountryName":"Italy","Type of Animal":"Poultry"},"geometry":{"type":"Point","coordinates":[10.4415,45.2739]}},{"type":"Feature","properties":{"CountryName":"Italy","Type of Animal":"Poultry"},"geometry":{"type":"Point","coordinates":[10.4716,45.3178]}},{"type":"Feature","properties":{"CountryName":"Italy","Type of Animal":"Poultry"},"geometry":{"type":"Point","coordinates":[10.5604,45.2547]}},{"type":"Feature","properties":{"CountryName":"Italy","Type of Animal":"Poultry"},"geometry":{"type":"Point","coordinates":[10.6669,45.2545]}},{"type":"Feature","properties":{"CountryName":"Italy","Type of Animal":"Poultry"},"geometry":{"type":"Point","coordinates":[10.7064,45.2497]}},{"type":"Feature","properties":{"CountryName":"Italy","Type of Animal":"Poultry"},"geometry":{"type":"Point","coordinates":[10.7231,45.3065]}},{"type":"Feature","properties":{"CountryName":"Italy","Type of Animal":"Poultry"},"geometry":{"type":"Point","coordinates":[10.7604,45.2342]}},{"type":"Feature","properties":{"CountryName":"Italy","Type of Animal":"Poultry"},"geometry":{"type":"Point","coordinates":[10.7197,45.3066]}},{"type":"Feature","properties":{"CountryName":"Italy","Type of Animal":"Poultry"},"geometry":{"type":"Point","coordinates":[10.8136,45.2827]}},{"type":"Feature","properties":{"CountryName":"Italy","Type of Animal":"Poultry"},"geometry":{"type":"Point","coordinates":[10.8784,45.2493]}},{"type":"Feature","properties":{"CountryName":"Italy","Type of Animal":"Poultry"},"geometry":{"type":"Point","coordinates":[10.8138,45.2962]}},{"type":"Feature","properties":{"CountryName":"Italy","Type of Animal":"Poultry"},"geometry":{"type":"Point","coordinates":[10.7573,45.2919]}},{"type":"Feature","properties":{"CountryName":"Italy","Type of Animal":"Poultry"},"geometry":{"type":"Point","coordinates":[10.7555,45.2924]}},{"type":"Feature","properties":{"CountryName":"Italy","Type of Animal":"Poultry"},"geometry":{"type":"Point","coordinates":[10.7533,45.2602]}},{"type":"Feature","properties":{"CountryName":"Italy","Type of Animal":"Poultry"},"geometry":{"type":"Point","coordinates":[10.7817,45.2968]}},{"type":"Feature","properties":{"CountryName":"Italy","Type of Animal":"Poultry"},"geometry":{"type":"Point","coordinates":[10.7811,45.2879]}},{"type":"Feature","properties":{"CountryName":"Italy","Type of Animal":"Poultry"},"geometry":{"type":"Point","coordinates":[10.623736,45.319323]}},{"type":"Feature","properties":{"CountryName":"Italy","Type of Animal":"Poultry"},"geometry":{"type":"Point","coordinates":[10.6418,45.3167]}},{"type":"Feature","properties":{"CountryName":"Italy","Type of Animal":"Poultry"},"geometry":{"type":"Point","coordinates":[10.3546,45.2139]}},{"type":"Feature","properties":{"CountryName":"Italy","Type of Animal":"Poultry"},"geometry":{"type":"Point","coordinates":[10.5052,45.0761]}},{"type":"Feature","properties":{"CountryName":"Italy","Type of Animal":"Poultry"},"geometry":{"type":"Point","coordinates":[11.9366,44.0205]}},{"type":"Feature","properties":{"CountryName":"Italy","Type of Animal":"Poultry"},"geometry":{"type":"Point","coordinates":[11.9305,44.0177]}},{"type":"Feature","properties":{"CountryName":"Italy","Type of Animal":"Poultry"},"geometry":{"type":"Point","coordinates":[11.897,44.0275]}},{"type":"Feature","properties":{"CountryName":"Italy","Type of Animal":"Poultry"},"geometry":{"type":"Point","coordinates":[11.8875,43.9779]}},{"type":"Feature","properties":{"CountryName":"Italy","Type of Animal":"Poultry"},"geometry":{"type":"Point","coordinates":[11.9068,43.9843]}},{"type":"Feature","properties":{"CountryName":"Italy","Type of Animal":"Poultry"},"geometry":{"type":"Point","coordinates":[11.9117,43.985]}},{"type":"Feature","properties":{"CountryName":"Italy","Type of Animal":"Poultry"},"geometry":{"type":"Point","coordinates":[11.9558,44.1925]}},{"type":"Feature","properties":{"CountryName":"Italy","Type of Animal":"Poultry"},"geometry":{"type":"Point","coordinates":[11.9619,44.1768]}},{"type":"Feature","properties":{"CountryName":"Italy","Type of Animal":"Poultry"},"geometry":{"type":"Point","coordinates":[12.0262,43.9484]}},{"type":"Feature","properties":{"CountryName":"Italy","Type of Animal":"Poultry"},"geometry":{"type":"Point","coordinates":[11.9544,44.0229]}},{"type":"Feature","properties":{"CountryName":"Italy","Type of Animal":"Poultry"},"geometry":{"type":"Point","coordinates":[11.9544,44.0228]}},{"type":"Feature","properties":{"CountryName":"Italy","Type of Animal":"Poultry"},"geometry":{"type":"Point","coordinates":[11.9631,44.0155]}},{"type":"Feature","properties":{"CountryName":"Italy","Type of Animal":"Poultry"},"geometry":{"type":"Point","coordinates":[11.989,44.0136]}},{"type":"Feature","properties":{"CountryName":"Italy","Type of Animal":"Poultry"},"geometry":{"type":"Point","coordinates":[12.057,44.0597]}},{"type":"Feature","properties":{"CountryName":"Italy","Type of Animal":"Poultry"},"geometry":{"type":"Point","coordinates":[11.9557,44.0308]}},{"type":"Feature","properties":{"CountryName":"Italy","Type of Animal":"Poultry"},"geometry":{"type":"Point","coordinates":[12.0519,44.0947]}},{"type":"Feature","properties":{"CountryName":"Italy","Type of Animal":"Poultry"},"geometry":{"type":"Point","coordinates":[12.0839,44.1335]}},{"type":"Feature","properties":{"CountryName":"Italy","Type of Animal":"Poultry"},"geometry":{"type":"Point","coordinates":[12.032,44.0793]}},{"type":"Feature","properties":{"CountryName":"Italy","Type of Animal":"Poultry"},"geometry":{"type":"Point","coordinates":[12.0858,44.1017]}},{"type":"Feature","properties":{"CountryName":"Italy","Type of Animal":"Poultry"},"geometry":{"type":"Point","coordinates":[12.0556,44.1002]}},{"type":"Feature","properties":{"CountryName":"Italy","Type of Animal":"Poultry"},"geometry":{"type":"Point","coordinates":[12.1026,44.0773]}},{"type":"Feature","properties":{"CountryName":"Italy","Type of Animal":"Poultry"},"geometry":{"type":"Point","coordinates":[12.0197,44.1114]}},{"type":"Feature","properties":{"CountryName":"Italy","Type of Animal":"Poultry"},"geometry":{"type":"Point","coordinates":[12.0804,44.1211]}},{"type":"Feature","properties":{"CountryName":"Italy","Type of Animal":"Poultry"},"geometry":{"type":"Point","coordinates":[12.0817,44.1355]}},{"type":"Feature","properties":{"CountryName":"Italy","Type of Animal":"Poultry"},"geometry":{"type":"Point","coordinates":[12.00605,44.06491]}},{"type":"Feature","properties":{"CountryName":"Italy","Type of Animal":"Poultry"},"geometry":{"type":"Point","coordinates":[12.06539951,44.10598398]}},{"type":"Feature","properties":{"CountryName":"Italy","Type of Animal":"Poultry"},"geometry":{"type":"Point","coordinates":[11.9454,44.108]}},{"type":"Feature","properties":{"CountryName":"Italy","Type of Animal":"Poultry"},"geometry":{"type":"Point","coordinates":[11.9388,44.1288]}},{"type":"Feature","properties":{"CountryName":"Italy","Type of Animal":"Poultry"},"geometry":{"type":"Point","coordinates":[11.985747,44.158401]}},{"type":"Feature","properties":{"CountryName":"Italy","Type of Animal":"Poultry"},"geometry":{"type":"Point","coordinates":[11.9813,44.1193]}},{"type":"Feature","properties":{"CountryName":"Italy","Type of Animal":"Poultry"},"geometry":{"type":"Point","coordinates":[11.9734,43.9224]}},{"type":"Feature","properties":{"CountryName":"Italy","Type of Animal":"Poultry"},"geometry":{"type":"Point","coordinates":[12.0012,43.9258]}},{"type":"Feature","properties":{"CountryName":"Italy","Type of Animal":"Poultry"},"geometry":{"type":"Point","coordinates":[11.9608,43.9208]}},{"type":"Feature","properties":{"CountryName":"Italy","Type of Animal":"Poultry"},"geometry":{"type":"Point","coordinates":[11.8923,43.9422]}},{"type":"Feature","properties":{"CountryName":"Italy","Type of Animal":"Poultry"},"geometry":{"type":"Point","coordinates":[11.9591,43.9321]}},{"type":"Feature","properties":{"CountryName":"Italy","Type of Animal":"Poultry"},"geometry":{"type":"Point","coordinates":[11.9174,43.936]}},{"type":"Feature","properties":{"CountryName":"Italy","Type of Animal":"Poultry"},"geometry":{"type":"Point","coordinates":[12.2737,44.0667]}},{"type":"Feature","properties":{"CountryName":"Italy","Type of Animal":"Poultry"},"geometry":{"type":"Point","coordinates":[12.2406,44.0156]}},{"type":"Feature","properties":{"CountryName":"Italy","Type of Animal":"Poultry"},"geometry":{"type":"Point","coordinates":[12.3096,44.0549]}},{"type":"Feature","properties":{"CountryName":"Italy","Type of Animal":"Poultry"},"geometry":{"type":"Point","coordinates":[12.3605,44.1052]}},{"type":"Feature","properties":{"CountryName":"Italy","Type of Animal":"Poultry"},"geometry":{"type":"Point","coordinates":[12.3577,44.0664]}},{"type":"Feature","properties":{"CountryName":"Italy","Type of Animal":"Poultry"},"geometry":{"type":"Point","coordinates":[12.3555,44.04]}},{"type":"Feature","properties":{"CountryName":"Italy","Type of Animal":"Poultry"},"geometry":{"type":"Point","coordinates":[12.21065,44.03169]}},{"type":"Feature","properties":{"CountryName":"Italy","Type of Animal":"Poultry"},"geometry":{"type":"Point","coordinates":[11.9349,43.9217]}},{"type":"Feature","properties":{"CountryName":"Italy","Type of Animal":"Poultry"},"geometry":{"type":"Point","coordinates":[12.0314,43.8777]}},{"type":"Feature","properties":{"CountryName":"Italy","Type of Animal":"Poultry"},"geometry":{"type":"Point","coordinates":[11.9791,43.8626]}},{"type":"Feature","properties":{"CountryName":"Italy","Type of Animal":"Poultry"},"geometry":{"type":"Point","coordinates":[12.1582,43.99644]}},{"type":"Feature","properties":{"CountryName":"Italy","Type of Animal":"Poultry"},"geometry":{"type":"Point","coordinates":[12.0955,43.9861]}},{"type":"Feature","properties":{"CountryName":"Italy","Type of Animal":"Poultry"},"geometry":{"type":"Point","coordinates":[12.1663,44.0253]}},{"type":"Feature","properties":{"CountryName":"Italy","Type of Animal":"Poultry"},"geometry":{"type":"Point","coordinates":[12.2307,43.946]}},{"type":"Feature","properties":{"CountryName":"Italy","Type of Animal":"Poultry"},"geometry":{"type":"Point","coordinates":[12.0754,43.9665]}},{"type":"Feature","properties":{"CountryName":"Italy","Type of Animal":"Poultry"},"geometry":{"type":"Point","coordinates":[12.0805,43.774]}},{"type":"Feature","properties":{"CountryName":"Italy","Type of Animal":"Poultry"},"geometry":{"type":"Point","coordinates":[12.3811,44.0086]}},{"type":"Feature","properties":{"CountryName":"Italy","Type of Animal":"Poultry"},"geometry":{"type":"Point","coordinates":[12.3431,44.041]}},{"type":"Feature","properties":{"CountryName":"Italy","Type of Animal":"Poultry"},"geometry":{"type":"Point","coordinates":[12.4212,44.0937]}},{"type":"Feature","properties":{"CountryName":"Italy","Type of Animal":"Poultry"},"geometry":{"type":"Point","coordinates":[12.3624,44.0085]}},{"type":"Feature","properties":{"CountryName":"Italy","Type of Animal":"Poultry"},"geometry":{"type":"Point","coordinates":[12.337,44.0168]}},{"type":"Feature","properties":{"CountryName":"Italy","Type of Animal":"Poultry"},"geometry":{"type":"Point","coordinates":[12.3599,43.9908]}},{"type":"Feature","properties":{"CountryName":"Italy","Type of Animal":"Poultry"},"geometry":{"type":"Point","coordinates":[12.4374,44.1131]}},{"type":"Feature","properties":{"CountryName":"Italy","Type of Animal":"Poultry"},"geometry":{"type":"Point","coordinates":[12.347,44.0209]}},{"type":"Feature","properties":{"CountryName":"Italy","Type of Animal":"Poultry"},"geometry":{"type":"Point","coordinates":[12.3457,44.0228]}},{"type":"Feature","properties":{"CountryName":"Italy","Type of Animal":"Poultry"},"geometry":{"type":"Point","coordinates":[12.3545,44.022]}},{"type":"Feature","properties":{"CountryName":"Italy","Type of Animal":"Poultry"},"geometry":{"type":"Point","coordinates":[12.3579,44.0227]}},{"type":"Feature","properties":{"CountryName":"Italy","Type of Animal":"Poultry"},"geometry":{"type":"Point","coordinates":[12.2894,44.014]}},{"type":"Feature","properties":{"CountryName":"Italy","Type of Animal":"Poultry"},"geometry":{"type":"Point","coordinates":[12.337,44.0167]}},{"type":"Feature","properties":{"CountryName":"Italy","Type of Animal":"Poultry"},"geometry":{"type":"Point","coordinates":[12.3782,44.0246]}},{"type":"Feature","properties":{"CountryName":"Italy","Type of Animal":"Poultry"},"geometry":{"type":"Point","coordinates":[12.3272,43.9908]}},{"type":"Feature","properties":{"CountryName":"Italy","Type of Animal":"Poultry"},"geometry":{"type":"Point","coordinates":[11.49374,44.1053]}},{"type":"Feature","properties":{"CountryName":"Italy","Type of Animal":"Poultry"},"geometry":{"type":"Point","coordinates":[12.424152,44.127412]}},{"type":"Feature","properties":{"CountryName":"Italy","Type of Animal":"Poultry"},"geometry":{"type":"Point","coordinates":[12.1475,44.1444]}},{"type":"Feature","properties":{"CountryName":"Italy","Type of Animal":"Poultry"},"geometry":{"type":"Point","coordinates":[12.2048,44.2139]}},{"type":"Feature","properties":{"CountryName":"Italy","Type of Animal":"Poultry"},"geometry":{"type":"Point","coordinates":[12.1451,44.1681]}},{"type":"Feature","properties":{"CountryName":"Italy","Type of Animal":"Poultry"},"geometry":{"type":"Point","coordinates":[12.1122,44.1627]}},{"type":"Feature","properties":{"CountryName":"Italy","Type of Animal":"Poultry"},"geometry":{"type":"Point","coordinates":[12.1444,44.2058]}},{"type":"Feature","properties":{"CountryName":"Italy","Type of Animal":"Poultry"},"geometry":{"type":"Point","coordinates":[12.1289,44.1903]}},{"type":"Feature","properties":{"CountryName":"Italy","Type of Animal":"Poultry"},"geometry":{"type":"Point","coordinates":[12.3486,44.1308]}},{"type":"Feature","properties":{"CountryName":"Italy","Type of Animal":"Poultry"},"geometry":{"type":"Point","coordinates":[12.3468,44.131]}},{"type":"Feature","properties":{"CountryName":"Italy","Type of Animal":"Poultry"},"geometry":{"type":"Point","coordinates":[12.3801,44.0842]}},{"type":"Feature","properties":{"CountryName":"Italy","Type of Animal":"Poultry"},"geometry":{"type":"Point","coordinates":[12.4091,44.1305]}},{"type":"Feature","properties":{"CountryName":"Italy","Type of Animal":"Poultry"},"geometry":{"type":"Point","coordinates":[12.4025,44.0786]}},{"type":"Feature","properties":{"CountryName":"Italy","Type of Animal":"Poultry"},"geometry":{"type":"Point","coordinates":[12.373,44.0685]}},{"type":"Feature","properties":{"CountryName":"Italy","Type of Animal":"Poultry"},"geometry":{"type":"Point","coordinates":[12.3676,44.0826]}},{"type":"Feature","properties":{"CountryName":"Italy","Type of Animal":"Poultry"},"geometry":{"type":"Point","coordinates":[12.4175,44.0939]}},{"type":"Feature","properties":{"CountryName":"Italy","Type of Animal":"Poultry"},"geometry":{"type":"Point","coordinates":[12.455,44.1373]}},{"type":"Feature","properties":{"CountryName":"Italy","Type of Animal":"Poultry"},"geometry":{"type":"Point","coordinates":[12.4359,44.144]}},{"type":"Feature","properties":{"CountryName":"Italy","Type of Animal":"Poultry"},"geometry":{"type":"Point","coordinates":[12.4568,44.1283]}},{"type":"Feature","properties":{"CountryName":"Italy","Type of Animal":"Poultry"},"geometry":{"type":"Point","coordinates":[12.3766,44.1458]}},{"type":"Feature","properties":{"CountryName":"Italy","Type of Animal":"Poultry"},"geometry":{"type":"Point","coordinates":[12.3648,44.1469]}},{"type":"Feature","properties":{"CountryName":"Italy","Type of Animal":"Poultry"},"geometry":{"type":"Point","coordinates":[12.2417,44.10511]}},{"type":"Feature","properties":{"CountryName":"Italy","Type of Animal":"Poultry"},"geometry":{"type":"Point","coordinates":[12.3711,44.1211]}},{"type":"Feature","properties":{"CountryName":"Italy","Type of Animal":"Poultry"},"geometry":{"type":"Point","coordinates":[12.0411,44.1609]}},{"type":"Feature","properties":{"CountryName":"Italy","Type of Animal":"Poultry"},"geometry":{"type":"Point","coordinates":[11.9968,44.1698]}},{"type":"Feature","properties":{"CountryName":"Italy","Type of Animal":"Poultry"},"geometry":{"type":"Point","coordinates":[12.029,44.1954]}},{"type":"Feature","properties":{"CountryName":"Italy","Type of Animal":"Poultry"},"geometry":{"type":"Point","coordinates":[11.9734,44.2547]}},{"type":"Feature","properties":{"CountryName":"Italy","Type of Animal":"Poultry"},"geometry":{"type":"Point","coordinates":[11.9891,44.1664]}},{"type":"Feature","properties":{"CountryName":"Italy","Type of Animal":"Poultry"},"geometry":{"type":"Point","coordinates":[11.9317,44.2059]}},{"type":"Feature","properties":{"CountryName":"Italy","Type of Animal":"Poultry"},"geometry":{"type":"Point","coordinates":[12.0122,44.1624]}},{"type":"Feature","properties":{"CountryName":"Italy","Type of Animal":"Poultry"},"geometry":{"type":"Point","coordinates":[11.9988,44.1628]}},{"type":"Feature","properties":{"CountryName":"Italy","Type of Animal":"Poultry"},"geometry":{"type":"Point","coordinates":[12.0056,44.1578]}},{"type":"Feature","properties":{"CountryName":"Italy","Type of Animal":"Poultry"},"geometry":{"type":"Point","coordinates":[11.9929,44.1663]}},{"type":"Feature","properties":{"CountryName":"Italy","Type of Animal":"Poultry"},"geometry":{"type":"Point","coordinates":[11.9579,44.2099]}},{"type":"Feature","properties":{"CountryName":"Italy","Type of Animal":"Poultry"},"geometry":{"type":"Point","coordinates":[11.9699,44.206]}},{"type":"Feature","properties":{"CountryName":"Italy","Type of Animal":"Poultry"},"geometry":{"type":"Point","coordinates":[12.0891,44.1909]}},{"type":"Feature","properties":{"CountryName":"Italy","Type of Animal":"Poultry"},"geometry":{"type":"Point","coordinates":[12.0189,44.1617]}},{"type":"Feature","properties":{"CountryName":"Italy","Type of Animal":"Poultry"},"geometry":{"type":"Point","coordinates":[12.0611,44.1608]}},{"type":"Feature","properties":{"CountryName":"Italy","Type of Animal":"Poultry"},"geometry":{"type":"Point","coordinates":[12.1001,44.2233]}},{"type":"Feature","properties":{"CountryName":"Italy","Type of Animal":"Poultry"},"geometry":{"type":"Point","coordinates":[12.1494,44.2415]}},{"type":"Feature","properties":{"CountryName":"Italy","Type of Animal":"Poultry"},"geometry":{"type":"Point","coordinates":[12.1667,44.243]}},{"type":"Feature","properties":{"CountryName":"Italy","Type of Animal":"Poultry"},"geometry":{"type":"Point","coordinates":[12.0988,44.2309]}},{"type":"Feature","properties":{"CountryName":"Italy","Type of Animal":"Poultry"},"geometry":{"type":"Point","coordinates":[12.168,44.2446]}},{"type":"Feature","properties":{"CountryName":"Italy","Type of Animal":"Poultry"},"geometry":{"type":"Point","coordinates":[12.0467,44.3019]}},{"type":"Feature","properties":{"CountryName":"Italy","Type of Animal":"Poultry"},"geometry":{"type":"Point","coordinates":[12.1836,44.2241]}},{"type":"Feature","properties":{"CountryName":"Italy","Type of Animal":"Poultry"},"geometry":{"type":"Point","coordinates":[12.1879,44.2524]}},{"type":"Feature","properties":{"CountryName":"Italy","Type of Animal":"Poultry"},"geometry":{"type":"Point","coordinates":[12.1693,44.2225]}},{"type":"Feature","properties":{"CountryName":"Italy","Type of Animal":"Poultry"},"geometry":{"type":"Point","coordinates":[12.1917,44.2338]}},{"type":"Feature","properties":{"CountryName":"Italy","Type of Animal":"Poultry"},"geometry":{"type":"Point","coordinates":[12.2045,44.2451]}},{"type":"Feature","properties":{"CountryName":"Italy","Type of Animal":"Poultry"},"geometry":{"type":"Point","coordinates":[12.1854,44.2445]}},{"type":"Feature","properties":{"CountryName":"Italy","Type of Animal":"Poultry"},"geometry":{"type":"Point","coordinates":[12.3426,44.1311]}},{"type":"Feature","properties":{"CountryName":"Italy","Type of Animal":"Poultry"},"geometry":{"type":"Point","coordinates":[12.344,44.1312]}},{"type":"Feature","properties":{"CountryName":"Italy","Type of Animal":"Poultry"},"geometry":{"type":"Point","coordinates":[12.2998,44.1519]}},{"type":"Feature","properties":{"CountryName":"Italy","Type of Animal":"Poultry"},"geometry":{"type":"Point","coordinates":[12.261,44.2115]}},{"type":"Feature","properties":{"CountryName":"Italy","Type of Animal":"Poultry"},"geometry":{"type":"Point","coordinates":[12.1197,44.0974]}},{"type":"Feature","properties":{"CountryName":"Italy","Type of Animal":"Poultry"},"geometry":{"type":"Point","coordinates":[12.2604,44.1845]}},{"type":"Feature","properties":{"CountryName":"Italy","Type of Animal":"Poultry"},"geometry":{"type":"Point","coordinates":[12.3123,44.1202]}},{"type":"Feature","properties":{"CountryName":"Italy","Type of Animal":"Poultry"},"geometry":{"type":"Point","coordinates":[12.1808,44.1046]}},{"type":"Feature","properties":{"CountryName":"Italy","Type of Animal":"Poultry"},"geometry":{"type":"Point","coordinates":[12.1953,44.0702]}},{"type":"Feature","properties":{"CountryName":"Italy","Type of Animal":"Poultry"},"geometry":{"type":"Point","coordinates":[12.1944,44.0749]}},{"type":"Feature","properties":{"CountryName":"Italy","Type of Animal":"Poultry"},"geometry":{"type":"Point","coordinates":[12.1938,44.0402]}},{"type":"Feature","properties":{"CountryName":"Italy","Type of Animal":"Poultry"},"geometry":{"type":"Point","coordinates":[12.1881,44.0689]}},{"type":"Feature","properties":{"CountryName":"Italy","Type of Animal":"Poultry"},"geometry":{"type":"Point","coordinates":[12.2115,44.1129]}},{"type":"Feature","properties":{"CountryName":"Italy","Type of Animal":"Poultry"},"geometry":{"type":"Point","coordinates":[12.3076,44.1835]}},{"type":"Feature","properties":{"CountryName":"Italy","Type of Animal":"Poultry"},"geometry":{"type":"Point","coordinates":[12.2023,44.1166]}},{"type":"Feature","properties":{"CountryName":"Italy","Type of Animal":"Poultry"},"geometry":{"type":"Point","coordinates":[12.1378,44.0744]}},{"type":"Feature","properties":{"CountryName":"Italy","Type of Animal":"Poultry"},"geometry":{"type":"Point","coordinates":[12.1897,44.0449]}},{"type":"Feature","properties":{"CountryName":"Italy","Type of Animal":"Poultry"},"geometry":{"type":"Point","coordinates":[12.19,44.0448]}},{"type":"Feature","properties":{"CountryName":"Italy","Type of Animal":"Poultry"},"geometry":{"type":"Point","coordinates":[12.3598,44.1329]}},{"type":"Feature","properties":{"CountryName":"Italy","Type of Animal":"Poultry"},"geometry":{"type":"Point","coordinates":[12.1804,44.1457]}},{"type":"Feature","properties":{"CountryName":"Italy","Type of Animal":"Poultry"},"geometry":{"type":"Point","coordinates":[12.1435,44.0439]}},{"type":"Feature","properties":{"CountryName":"Italy","Type of Animal":"Poultry"},"geometry":{"type":"Point","coordinates":[12.3863,44.0534]}},{"type":"Feature","properties":{"CountryName":"Italy","Type of Animal":"Poultry"},"geometry":{"type":"Point","coordinates":[12.414,44.0636]}},{"type":"Feature","properties":{"CountryName":"Italy","Type of Animal":"Poultry"},"geometry":{"type":"Point","coordinates":[12.3979,44.0301]}},{"type":"Feature","properties":{"CountryName":"Italy","Type of Animal":"Poultry"},"geometry":{"type":"Point","coordinates":[12.3816,44.0038]}},{"type":"Feature","properties":{"CountryName":"Italy","Type of Animal":"Poultry"},"geometry":{"type":"Point","coordinates":[12.4029,43.9876]}},{"type":"Feature","properties":{"CountryName":"Italy","Type of Animal":"Poultry"},"geometry":{"type":"Point","coordinates":[11.9828,44.5338]}},{"type":"Feature","properties":{"CountryName":"Italy","Type of Animal":"Poultry"},"geometry":{"type":"Point","coordinates":[11.9962,44.5986]}},{"type":"Feature","properties":{"CountryName":"Italy","Type of Animal":"Poultry"},"geometry":{"type":"Point","coordinates":[11.9765,44.5518]}},{"type":"Feature","properties":{"CountryName":"Italy","Type of Animal":"Poultry"},"geometry":{"type":"Point","coordinates":[11.8357,44.471]}},{"type":"Feature","properties":{"CountryName":"Italy","Type of Animal":"Poultry"},"geometry":{"type":"Point","coordinates":[11.9877,44.3511]}},{"type":"Feature","properties":{"CountryName":"Italy","Type of Animal":"Poultry"},"geometry":{"type":"Point","coordinates":[11.9343,44.2511]}},{"type":"Feature","properties":{"CountryName":"Italy","Type of Animal":"Poultry"},"geometry":{"type":"Point","coordinates":[11.9345,44.2789]}},{"type":"Feature","properties":{"CountryName":"Italy","Type of Animal":"Poultry"},"geometry":{"type":"Point","coordinates":[11.9587,44.5334]}},{"type":"Feature","properties":{"CountryName":"Italy","Type of Animal":"Poultry"},"geometry":{"type":"Point","coordinates":[11.8903,44.4353]}},{"type":"Feature","properties":{"CountryName":"Italy","Type of Animal":"Poultry"},"geometry":{"type":"Point","coordinates":[11.93923,44.521601]}},{"type":"Feature","properties":{"CountryName":"Italy","Type of Animal":"Poultry"},"geometry":{"type":"Point","coordinates":[11.8103,44.4426]}},{"type":"Feature","properties":{"CountryName":"Italy","Type of Animal":"Poultry"},"geometry":{"type":"Point","coordinates":[11.6037,44.1845]}},{"type":"Feature","properties":{"CountryName":"Italy","Type of Animal":"Poultry"},"geometry":{"type":"Point","coordinates":[11.6421,44.2429]}},{"type":"Feature","properties":{"CountryName":"Italy","Type of Animal":"Poultry"},"geometry":{"type":"Point","coordinates":[11.5993,44.2157]}},{"type":"Feature","properties":{"CountryName":"Italy","Type of Animal":"Poultry"},"geometry":{"type":"Point","coordinates":[11.55463,44.2415]}},{"type":"Feature","properties":{"CountryName":"Italy","Type of Animal":"Poultry"},"geometry":{"type":"Point","coordinates":[12.0965,44.4779]}},{"type":"Feature","properties":{"CountryName":"Italy","Type of Animal":"Poultry"},"geometry":{"type":"Point","coordinates":[12.1889,44.3343]}},{"type":"Feature","properties":{"CountryName":"Italy","Type of Animal":"Poultry"},"geometry":{"type":"Point","coordinates":[12.2047,44.2803]}},{"type":"Feature","properties":{"CountryName":"Italy","Type of Animal":"Poultry"},"geometry":{"type":"Point","coordinates":[12.1224,44.3148]}},{"type":"Feature","properties":{"CountryName":"Italy","Type of Animal":"Poultry"},"geometry":{"type":"Point","coordinates":[12.215,44.2952]}},{"type":"Feature","properties":{"CountryName":"Italy","Type of Animal":"Poultry"},"geometry":{"type":"Point","coordinates":[12.1663,44.2477]}},{"type":"Feature","properties":{"CountryName":"Italy","Type of Animal":"Poultry"},"geometry":{"type":"Point","coordinates":[12.2101,44.3327]}},{"type":"Feature","properties":{"CountryName":"Italy","Type of Animal":"Poultry"},"geometry":{"type":"Point","coordinates":[12.1725,44.2989]}},{"type":"Feature","properties":{"CountryName":"Italy","Type of Animal":"Poultry"},"geometry":{"type":"Point","coordinates":[12.2172,44.2526]}},{"type":"Feature","properties":{"CountryName":"Italy","Type of Animal":"Poultry"},"geometry":{"type":"Point","coordinates":[12.1808,43.7176]}},{"type":"Feature","properties":{"CountryName":"Italy","Type of Animal":"Poultry"},"geometry":{"type":"Point","coordinates":[12.0447,43.7091]}},{"type":"Feature","properties":{"CountryName":"Italy","Type of Animal":"Poultry"},"geometry":{"type":"Point","coordinates":[11.8573,43.2961]}},{"type":"Feature","properties":{"CountryName":"Italy","Type of Animal":"Poultry"},"geometry":{"type":"Point","coordinates":[11.9922,43.1927]}},{"type":"Feature","properties":{"CountryName":"Italy","Type of Animal":"Poultry"},"geometry":{"type":"Point","coordinates":[11.2117,43.4041]}},{"type":"Feature","properties":{"CountryName":"Italy","Type of Animal":"Poultry"},"geometry":{"type":"Point","coordinates":[10.9761,43.492]}},{"type":"Feature","properties":{"CountryName":"Italy","Type of Animal":"Poultry"},"geometry":{"type":"Point","coordinates":[10.9897,43.3648]}},{"type":"Feature","properties":{"CountryName":"Italy","Type of Animal":"Poultry"},"geometry":{"type":"Point","coordinates":[11.0468,42.8478]}},{"type":"Feature","properties":{"CountryName":"Italy","Type of Animal":"Poultry"},"geometry":{"type":"Point","coordinates":[13.0674,43.6242]}},{"type":"Feature","properties":{"CountryName":"Italy","Type of Animal":"Poultry"},"geometry":{"type":"Point","coordinates":[13.0616,43.6034]}},{"type":"Feature","properties":{"CountryName":"Italy","Type of Animal":"Poultry"},"geometry":{"type":"Point","coordinates":[13.3752,43.6186]}},{"type":"Feature","properties":{"CountryName":"Italy","Type of Animal":"Poultry"},"geometry":{"type":"Point","coordinates":[13.347,43.6376]}},{"type":"Feature","properties":{"CountryName":"Italy","Type of Animal":"Poultry"},"geometry":{"type":"Point","coordinates":[13.3546,43.6309]}},{"type":"Feature","properties":{"CountryName":"Italy","Type of Animal":"Poultry"},"geometry":{"type":"Point","coordinates":[13.211649,43.375137]}},{"type":"Feature","properties":{"CountryName":"Italy","Type of Animal":"Poultry"},"geometry":{"type":"Point","coordinates":[13.3332,43.6425]}},{"type":"Feature","properties":{"CountryName":"Italy","Type of Animal":"Poultry"},"geometry":{"type":"Point","coordinates":[13.2871,43.6385]}},{"type":"Feature","properties":{"CountryName":"Italy","Type of Animal":"Poultry"},"geometry":{"type":"Point","coordinates":[13.5964,43.452]}},{"type":"Feature","properties":{"CountryName":"Italy","Type of Animal":"Poultry"},"geometry":{"type":"Point","coordinates":[13.3591,43.4668]}},{"type":"Feature","properties":{"CountryName":"Italy","Type of Animal":"Poultry"},"geometry":{"type":"Point","coordinates":[13.2959,43.4217]}},{"type":"Feature","properties":{"CountryName":"Italy","Type of Animal":"Poultry"},"geometry":{"type":"Point","coordinates":[13.4278,43.4356]}},{"type":"Feature","properties":{"CountryName":"Italy","Type of Animal":"Poultry"},"geometry":{"type":"Point","coordinates":[13.3768,43.4894]}},{"type":"Feature","properties":{"CountryName":"Italy","Type of Animal":"Poultry"},"geometry":{"type":"Point","coordinates":[13.151,43.4748]}},{"type":"Feature","properties":{"CountryName":"Italy","Type of Animal":"Poultry"},"geometry":{"type":"Point","coordinates":[13.1763,43.5411]}},{"type":"Feature","properties":{"CountryName":"Italy","Type of Animal":"Poultry"},"geometry":{"type":"Point","coordinates":[13.3433,43.4789]}},{"type":"Feature","properties":{"CountryName":"Italy","Type of Animal":"Poultry"},"geometry":{"type":"Point","coordinates":[13.5335,43.29457]}},{"type":"Feature","properties":{"CountryName":"Italy","Type of Animal":"Poultry"},"geometry":{"type":"Point","coordinates":[13.1002,43.4473]}},{"type":"Feature","properties":{"CountryName":"Italy","Type of Animal":"Poultry"},"geometry":{"type":"Point","coordinates":[13.2083,43.5073]}},{"type":"Feature","properties":{"CountryName":"Italy","Type of Animal":"Poultry"},"geometry":{"type":"Point","coordinates":[13.2143,43.5046]}},{"type":"Feature","properties":{"CountryName":"Italy","Type of Animal":"Poultry"},"geometry":{"type":"Point","coordinates":[13.2624,43.4931]}},{"type":"Feature","properties":{"CountryName":"Italy","Type of Animal":"Poultry"},"geometry":{"type":"Point","coordinates":[13.2918,43.5362]}},{"type":"Feature","properties":{"CountryName":"Italy","Type of Animal":"Poultry"},"geometry":{"type":"Point","coordinates":[13.1544,43.293532]}},{"type":"Feature","properties":{"CountryName":"Italy","Type of Animal":"Poultry"},"geometry":{"type":"Point","coordinates":[13.0383,43.4398]}},{"type":"Feature","properties":{"CountryName":"Italy","Type of Animal":"Poultry"},"geometry":{"type":"Point","coordinates":[13.0648,43.4354]}},{"type":"Feature","properties":{"CountryName":"Italy","Type of Animal":"Poultry"},"geometry":{"type":"Point","coordinates":[12.3133,43.9422]}},{"type":"Feature","properties":{"CountryName":"Italy","Type of Animal":"Poultry"},"geometry":{"type":"Point","coordinates":[12.4588,43.7647]}},{"type":"Feature","properties":{"CountryName":"Italy","Type of Animal":"Poultry"},"geometry":{"type":"Point","coordinates":[12.5052,43.8104]}},{"type":"Feature","properties":{"CountryName":"Italy","Type of Animal":"Poultry"},"geometry":{"type":"Point","coordinates":[12.6534,43.6112]}},{"type":"Feature","properties":{"CountryName":"Italy","Type of Animal":"Poultry"},"geometry":{"type":"Point","coordinates":[13.3021,43.3228]}},{"type":"Feature","properties":{"CountryName":"Italy","Type of Animal":"Poultry"},"geometry":{"type":"Point","coordinates":[13.6282,43.3002]}},{"type":"Feature","properties":{"CountryName":"Italy","Type of Animal":"Poultry"},"geometry":{"type":"Point","coordinates":[13.44634,43.271808]}},{"type":"Feature","properties":{"CountryName":"Italy","Type of Animal":"Poultry"},"geometry":{"type":"Point","coordinates":[13.1825,43.3417]}},{"type":"Feature","properties":{"CountryName":"Italy","Type of Animal":"Poultry"},"geometry":{"type":"Point","coordinates":[13.2389,43.4197]}},{"type":"Feature","properties":{"CountryName":"Italy","Type of Animal":"Poultry"},"geometry":{"type":"Point","coordinates":[13.4705,43.2136]}},{"type":"Feature","properties":{"CountryName":"Italy","Type of Animal":"Poultry"},"geometry":{"type":"Point","coordinates":[13.1152,43.4159]}},{"type":"Feature","properties":{"CountryName":"Italy","Type of Animal":"Poultry"},"geometry":{"type":"Point","coordinates":[13.1161,43.4154]}},{"type":"Feature","properties":{"CountryName":"Italy","Type of Animal":"Poultry"},"geometry":{"type":"Point","coordinates":[13.1204,43.3966]}},{"type":"Feature","properties":{"CountryName":"Italy","Type of Animal":"Poultry"},"geometry":{"type":"Point","coordinates":[13.0986,43.364]}},{"type":"Feature","properties":{"CountryName":"Italy","Type of Animal":"Poultry"},"geometry":{"type":"Point","coordinates":[13.109,43.3826]}},{"type":"Feature","properties":{"CountryName":"Italy","Type of Animal":"Poultry"},"geometry":{"type":"Point","coordinates":[13.0784,43.3734]}},{"type":"Feature","properties":{"CountryName":"Italy","Type of Animal":"Poultry"},"geometry":{"type":"Point","coordinates":[13.0123,43.2593]}},{"type":"Feature","properties":{"CountryName":"Italy","Type of Animal":"Poultry"},"geometry":{"type":"Point","coordinates":[12.9627,43.2618]}},{"type":"Feature","properties":{"CountryName":"Italy","Type of Animal":"Poultry"},"geometry":{"type":"Point","coordinates":[12.9623,43.2612]}},{"type":"Feature","properties":{"CountryName":"Italy","Type of Animal":"Poultry"},"geometry":{"type":"Point","coordinates":[13.3275,43.2113]}},{"type":"Feature","properties":{"CountryName":"Italy","Type of Animal":"Poultry"},"geometry":{"type":"Point","coordinates":[13.7061,42.9495]}},{"type":"Feature","properties":{"CountryName":"Italy","Type of Animal":"Poultry"},"geometry":{"type":"Point","coordinates":[13.6636,42.8131]}},{"type":"Feature","properties":{"CountryName":"Italy","Type of Animal":"Poultry"},"geometry":{"type":"Point","coordinates":[13.6386,42.8036]}},{"type":"Feature","properties":{"CountryName":"Italy","Type of Animal":"Poultry"},"geometry":{"type":"Point","coordinates":[13.7031,43.2225]}},{"type":"Feature","properties":{"CountryName":"Italy","Type of Animal":"Poultry"},"geometry":{"type":"Point","coordinates":[13.7081,43.2261]}},{"type":"Feature","properties":{"CountryName":"Italy","Type of Animal":"Poultry"},"geometry":{"type":"Point","coordinates":[13.6349,43.1901]}},{"type":"Feature","properties":{"CountryName":"Italy","Type of Animal":"Poultry"},"geometry":{"type":"Point","coordinates":[13.5647,43.1158]}},{"type":"Feature","properties":{"CountryName":"Italy","Type of Animal":"Poultry"},"geometry":{"type":"Point","coordinates":[13.581,43.0821]}},{"type":"Feature","properties":{"CountryName":"Italy","Type of Animal":"Poultry"},"geometry":{"type":"Point","coordinates":[13.6497,43.049]}},{"type":"Feature","properties":{"CountryName":"Italy","Type of Animal":"Poultry"},"geometry":{"type":"Point","coordinates":[13.7221,42.8027]}},{"type":"Feature","properties":{"CountryName":"Italy","Type of Animal":"Poultry"},"geometry":{"type":"Point","coordinates":[13.6476,42.801]}},{"type":"Feature","properties":{"CountryName":"Italy","Type of Animal":"Poultry"},"geometry":{"type":"Point","coordinates":[13.6672,42.7963]}},{"type":"Feature","properties":{"CountryName":"Italy","Type of Animal":"Poultry"},"geometry":{"type":"Point","coordinates":[13.8649,42.6913]}},{"type":"Feature","properties":{"CountryName":"Italy","Type of Animal":"Poultry"},"geometry":{"type":"Point","coordinates":[13.7911,42.7375]}},{"type":"Feature","properties":{"CountryName":"Italy","Type of Animal":"Poultry"},"geometry":{"type":"Point","coordinates":[13.789444,42.727222]}},{"type":"Feature","properties":{"CountryName":"Italy","Type of Animal":"Poultry"},"geometry":{"type":"Point","coordinates":[13.926009,42.672073]}},{"type":"Feature","properties":{"CountryName":"Italy","Type of Animal":"Poultry"},"geometry":{"type":"Point","coordinates":[13.9122,42.7083]}},{"type":"Feature","properties":{"CountryName":"Italy","Type of Animal":"Poultry"},"geometry":{"type":"Point","coordinates":[13.8453,42.7567]}},{"type":"Feature","properties":{"CountryName":"Italy","Type of Animal":"Poultry"},"geometry":{"type":"Point","coordinates":[13.8604,42.733558]}},{"type":"Feature","properties":{"CountryName":"Italy","Type of Animal":"Poultry"},"geometry":{"type":"Point","coordinates":[13.8773,42.6617]}},{"type":"Feature","properties":{"CountryName":"Italy","Type of Animal":"Poultry"},"geometry":{"type":"Point","coordinates":[14.014,42.64]}},{"type":"Feature","properties":{"CountryName":"Italy","Type of Animal":"Poultry"},"geometry":{"type":"Point","coordinates":[13.9045,42.5908]}},{"type":"Feature","properties":{"CountryName":"Italy","Type of Animal":"Poultry"},"geometry":{"type":"Point","coordinates":[13.9321,42.5626]}},{"type":"Feature","properties":{"CountryName":"Italy","Type of Animal":"Poultry"},"geometry":{"type":"Point","coordinates":[13.9765,42.6067]}},{"type":"Feature","properties":{"CountryName":"Italy","Type of Animal":"Poultry"},"geometry":{"type":"Point","coordinates":[13.9514,42.5575]}},{"type":"Feature","properties":{"CountryName":"Italy","Type of Animal":"Poultry"},"geometry":{"type":"Point","coordinates":[13.9523,42.5574]}},{"type":"Feature","properties":{"CountryName":"Italy","Type of Animal":"Poultry"},"geometry":{"type":"Point","coordinates":[13.9933,42.541]}},{"type":"Feature","properties":{"CountryName":"Italy","Type of Animal":"Poultry"},"geometry":{"type":"Point","coordinates":[13.981,42.55]}},{"type":"Feature","properties":{"CountryName":"Italy","Type of Animal":"Poultry"},"geometry":{"type":"Point","coordinates":[13.8316,42.5846]}},{"type":"Feature","properties":{"CountryName":"Italy","Type of Animal":"Poultry"},"geometry":{"type":"Point","coordinates":[13.8443,42.8744]}},{"type":"Feature","properties":{"CountryName":"Italy","Type of Animal":"Poultry"},"geometry":{"type":"Point","coordinates":[13.8918,42.6844]}},{"type":"Feature","properties":{"CountryName":"Italy","Type of Animal":"Poultry"},"geometry":{"type":"Point","coordinates":[13.9713,42.3836]}},{"type":"Feature","properties":{"CountryName":"Italy","Type of Animal":"Poultry"},"geometry":{"type":"Point","coordinates":[13.9677,42.3836]}},{"type":"Feature","properties":{"CountryName":"Italy","Type of Animal":"Poultry"},"geometry":{"type":"Point","coordinates":[14.4724,42.1691]}},{"type":"Feature","properties":{"CountryName":"Italy","Type of Animal":"Poultry"},"geometry":{"type":"Point","coordinates":[14.4548,42.1784]}},{"type":"Feature","properties":{"CountryName":"Italy","Type of Animal":"Poultry"},"geometry":{"type":"Point","coordinates":[14.464,42.145]}},{"type":"Feature","properties":{"CountryName":"Italy","Type of Animal":"Poultry"},"geometry":{"type":"Point","coordinates":[13.6954,42.5921]}},{"type":"Feature","properties":{"CountryName":"Italy","Type of Animal":"Poultry"},"geometry":{"type":"Point","coordinates":[13.7547,42.7121]}},{"type":"Feature","properties":{"CountryName":"Italy","Type of Animal":"Poultry"},"geometry":{"type":"Point","coordinates":[14.0583,42.4408]}},{"type":"Feature","properties":{"CountryName":"Italy","Type of Animal":"Poultry"},"geometry":{"type":"Point","coordinates":[13.9495,42.3746]}},{"type":"Feature","properties":{"CountryName":"Italy","Type of Animal":"Poultry"},"geometry":{"type":"Point","coordinates":[14.0111,42.518]}},{"type":"Feature","properties":{"CountryName":"Italy","Type of Animal":"Poultry"},"geometry":{"type":"Point","coordinates":[14.0175,42.4884]}},{"type":"Feature","properties":{"CountryName":"Italy","Type of Animal":"Poultry"},"geometry":{"type":"Point","coordinates":[13.970294,42.416287]}},{"type":"Feature","properties":{"CountryName":"Italy","Type of Animal":"Poultry"},"geometry":{"type":"Point","coordinates":[13.8467,42.1986]}},{"type":"Feature","properties":{"CountryName":"Italy","Type of Animal":"Poultry"},"geometry":{"type":"Point","coordinates":[14.3252,42.1566]}},{"type":"Feature","properties":{"CountryName":"Italy","Type of Animal":"Poultry"},"geometry":{"type":"Point","coordinates":[14.5538,41.9731]}},{"type":"Feature","properties":{"CountryName":"Italy","Type of Animal":"Poultry"},"geometry":{"type":"Point","coordinates":[14.559,41.9716]}},{"type":"Feature","properties":{"CountryName":"Italy","Type of Animal":"Poultry"},"geometry":{"type":"Point","coordinates":[14.5709,42.0391]}},{"type":"Feature","properties":{"CountryName":"Italy","Type of Animal":"Poultry"},"geometry":{"type":"Point","coordinates":[13.284,42.515]}},{"type":"Feature","properties":{"CountryName":"Italy","Type of Animal":"Poultry"},"geometry":{"type":"Point","coordinates":[15.5169,41.1362]}},{"type":"Feature","properties":{"CountryName":"Italy","Type of Animal":"Poultry"},"geometry":{"type":"Point","coordinates":[15.3792,41.1515]}},{"type":"Feature","properties":{"CountryName":"Italy","Type of Animal":"Poultry"},"geometry":{"type":"Point","coordinates":[15.4634,41.3812]}},{"type":"Feature","properties":{"CountryName":"Italy","Type of Animal":"Poultry"},"geometry":{"type":"Point","coordinates":[15.2551,41.4313]}},{"type":"Feature","properties":{"CountryName":"Italy","Type of Animal":"Poultry"},"geometry":{"type":"Point","coordinates":[15.8962,41.2627]}},{"type":"Feature","properties":{"CountryName":"Italy","Type of Animal":"Poultry"},"geometry":{"type":"Point","coordinates":[17.4059,40.8261]}},{"type":"Feature","properties":{"CountryName":"Italy","Type of Animal":"Poultry"},"geometry":{"type":"Point","coordinates":[14.8132,41.3301]}},{"type":"Feature","properties":{"CountryName":"Italy","Type of Animal":"Poultry"},"geometry":{"type":"Point","coordinates":[14.5139,41.0307]}},{"type":"Feature","properties":{"CountryName":"Italy","Type of Animal":"Poultry"},"geometry":{"type":"Point","coordinates":[14.0005,41.4019]}},{"type":"Feature","properties":{"CountryName":"Italy","Type of Animal":"Poultry"},"geometry":{"type":"Point","coordinates":[14.1047,41.371]}},{"type":"Feature","properties":{"CountryName":"Italy","Type of Animal":"Poultry"},"geometry":{"type":"Point","coordinates":[14.8649,41.2435]}},{"type":"Feature","properties":{"CountryName":"Italy","Type of Animal":"Poultry"},"geometry":{"type":"Point","coordinates":[15.0297,40.6103]}},{"type":"Feature","properties":{"CountryName":"Italy","Type of Animal":"Poultry"},"geometry":{"type":"Point","coordinates":[14.7022,41.4218]}},{"type":"Feature","properties":{"CountryName":"Italy","Type of Animal":"Poultry"},"geometry":{"type":"Point","coordinates":[14.4657,41.5312]}},{"type":"Feature","properties":{"CountryName":"Italy","Type of Animal":"Poultry"},"geometry":{"type":"Point","coordinates":[14.436,41.5042]}},{"type":"Feature","properties":{"CountryName":"Italy","Type of Animal":"Poultry"},"geometry":{"type":"Point","coordinates":[14.4685,41.5018]}},{"type":"Feature","properties":{"CountryName":"Italy","Type of Animal":"Poultry"},"geometry":{"type":"Point","coordinates":[14.7167,41.6284]}},{"type":"Feature","properties":{"CountryName":"Italy","Type of Animal":"Poultry"},"geometry":{"type":"Point","coordinates":[15.06469,41.74018]}},{"type":"Feature","properties":{"CountryName":"Italy","Type of Animal":"Poultry"},"geometry":{"type":"Point","coordinates":[13.4304,38.024]}},{"type":"Feature","properties":{"CountryName":"Italy","Type of Animal":"Poultry"},"geometry":{"type":"Point","coordinates":[14.3334,37.3443]}},{"type":"Feature","properties":{"CountryName":"Italy","Type of Animal":"Poultry"},"geometry":{"type":"Point","coordinates":[14.3401,37.3603]}},{"type":"Feature","properties":{"CountryName":"Italy","Type of Animal":"Poultry"},"geometry":{"type":"Point","coordinates":[14.3399,37.3615]}},{"type":"Feature","properties":{"CountryName":"Italy","Type of Animal":"Poultry"},"geometry":{"type":"Point","coordinates":[14.996,37.2839]}},{"type":"Feature","properties":{"CountryName":"Italy","Type of Animal":"Poultry"},"geometry":{"type":"Point","coordinates":[14.7608,36.8588]}},{"type":"Feature","properties":{"CountryName":"Italy","Type of Animal":"Poultry"},"geometry":{"type":"Point","coordinates":[14.7891,36.7705]}},{"type":"Feature","properties":{"CountryName":"Italy","Type of Animal":"Poultry"},"geometry":{"type":"Point","coordinates":[14.793,36.7583]}},{"type":"Feature","properties":{"CountryName":"Italy","Type of Animal":"Poultry"},"geometry":{"type":"Point","coordinates":[14.7891,36.7705]}},{"type":"Feature","properties":{"CountryName":"Italy","Type of Animal":"Poultry"},"geometry":{"type":"Point","coordinates":[14.8286,36.7691]}},{"type":"Feature","properties":{"CountryName":"Italy","Type of Animal":"Poultry"},"geometry":{"type":"Point","coordinates":[14.8235,36.8336]}}]}