{"type":"FeatureCollection","features":[{"type":"Feature","properties":{"CountryName":"Poland","Type of Animal":"Pigs"},"geometry":{"type":"Point","coordinates":[18.39728,52.75397]}},{"type":"Feature","properties":{"CountryName":"Poland","Type of Animal":"Pigs"},"geometry":{"type":"Point","coordinates":[18.39728,52.75397]}},{"type":"Feature","properties":{"CountryName":"Poland","Type of Animal":"Pigs"},"geometry":{"type":"Point","coordinates":[17.35422325,51.8469429]}},{"type":"Feature","properties":{"CountryName":"Poland","Type of Animal":"Pigs"},"geometry":{"type":"Point","coordinates":[18.46678,50.28403]}},{"type":"Feature","properties":{"CountryName":"Poland","Type of Animal":"Pigs"},"geometry":{"type":"Point","coordinates":[17.04646683,53.49291992]}},{"type":"Feature","properties":{"CountryName":"Poland","Type of Animal":"Pigs"},"geometry":{"type":"Point","coordinates":[20.23216,52.80112]}},{"type":"Feature","properties":{"CountryName":"Poland","Type of Animal":"Pigs"},"geometry":{"type":"Point","coordinates":[17.11378,53.57615]}},{"type":"Feature","properties":{"CountryName":"Poland","Type of Animal":"Pigs"},"geometry":{"type":"Point","coordinates":[17.30147,53.78012]}},{"type":"Feature","properties":{"CountryName":"Poland","Type of Animal":"Pigs"},"geometry":{"type":"Point","coordinates":[17.0743,53.87708]}},{"type":"Feature","properties":{"CountryName":"Poland","Type of Animal":"Pigs"},"geometry":{"type":"Point","coordinates":[17.2403,53.7463]}},{"type":"Feature","properties":{"CountryName":"Poland","Type of Animal":"Pigs"},"geometry":{"type":"Point","coordinates":[15.91393,53.32819]}},{"type":"Feature","properties":{"CountryName":"Poland","Type of Animal":"Pigs"},"geometry":{"type":"Point","coordinates":[17.2709,53.73864]}},{"type":"Feature","properties":{"CountryName":"Poland","Type of Animal":"Pigs"},"geometry":{"type":"Point","coordinates":[15.80413,53.20501]}},{"type":"Feature","properties":{"CountryName":"Poland","Type of Animal":"Pigs"},"geometry":{"type":"Point","coordinates":[16.01031,53.92401]}},{"type":"Feature","properties":{"CountryName":"Poland","Type of Animal":"Pigs"},"geometry":{"type":"Point","coordinates":[16.37329,54.0087]}},{"type":"Feature","properties":{"CountryName":"Poland","Type of Animal":"Pigs"},"geometry":{"type":"Point","coordinates":[16.52204,54.1487]}},{"type":"Feature","properties":{"CountryName":"Poland","Type of Animal":"Pigs"},"geometry":{"type":"Point","coordinates":[15.09953,53.71342]}},{"type":"Feature","properties":{"CountryName":"Poland","Type of Animal":"Pigs"},"geometry":{"type":"Point","coordinates":[23.62041,50.35867]}},{"type":"Feature","properties":{"CountryName":"Poland","Type of Animal":"Pigs"},"geometry":{"type":"Point","coordinates":[17.05092,51.70939]}},{"type":"Feature","properties":{"CountryName":"Poland","Type of Animal":"Pigs"},"geometry":{"type":"Point","coordinates":[19.42624855,50.55500031]}},{"type":"Feature","properties":{"CountryName":"Poland","Type of Animal":"Pigs"},"geometry":{"type":"Point","coordinates":[17.4065,51.28697]}},{"type":"Feature","properties":{"CountryName":"Poland","Type of Animal":"Pigs"},"geometry":{"type":"Point","coordinates":[18.75394,50.98172]}},{"type":"Feature","properties":{"CountryName":"Poland","Type of Animal":"Pigs"},"geometry":{"type":"Point","coordinates":[17.62841606,50.92177963]}},{"type":"Feature","properties":{"CountryName":"Poland","Type of Animal":"Pigs"},"geometry":{"type":"Point","coordinates":[15.9304,53.47554]}},{"type":"Feature","properties":{"CountryName":"Poland","Type of Animal":"Pigs"},"geometry":{"type":"Point","coordinates":[15.07660294,53.28248596]}},{"type":"Feature","properties":{"CountryName":"Poland","Type of Animal":"Pigs"},"geometry":{"type":"Point","coordinates":[17.67569351,51.42011642]}},{"type":"Feature","properties":{"CountryName":"Poland","Type of Animal":"Pigs"},"geometry":{"type":"Point","coordinates":[20.6714,53.70863]}},{"type":"Feature","properties":{"CountryName":"Poland","Type of Animal":"Pigs"},"geometry":{"type":"Point","coordinates":[18.13752,54.16838]}},{"type":"Feature","properties":{"CountryName":"Poland","Type of Animal":"Pigs"},"geometry":{"type":"Point","coordinates":[17.03333282,52.40000153]}},{"type":"Feature","properties":{"CountryName":"Poland","Type of Animal":"Pigs"},"geometry":{"type":"Point","coordinates":[22.46458,54.0066]}},{"type":"Feature","properties":{"CountryName":"Poland","Type of Animal":"Pigs"},"geometry":{"type":"Point","coordinates":[21.19849,51.2074]}},{"type":"Feature","properties":{"CountryName":"Poland","Type of Animal":"Pigs"},"geometry":{"type":"Point","coordinates":[18.01452827,52.30155563]}},{"type":"Feature","properties":{"CountryName":"Poland","Type of Animal":"Pigs"},"geometry":{"type":"Point","coordinates":[15.86965275,51.79850769]}},{"type":"Feature","properties":{"CountryName":"Poland","Type of Animal":"Pigs"},"geometry":{"type":"Point","coordinates":[18.31919479,52.69739532]}},{"type":"Feature","properties":{"CountryName":"Poland","Type of Animal":"Pigs"},"geometry":{"type":"Point","coordinates":[18.42388916,52.56080627]}},{"type":"Feature","properties":{"CountryName":"Poland","Type of Animal":"Pigs"},"geometry":{"type":"Point","coordinates":[19.23393,53.93388]}},{"type":"Feature","properties":{"CountryName":"Poland","Type of Animal":"Pigs"},"geometry":{"type":"Point","coordinates":[19.06602,53.88736]}},{"type":"Feature","properties":{"CountryName":"Poland","Type of Animal":"Pigs"},"geometry":{"type":"Point","coordinates":[17.66045,50.72513]}},{"type":"Feature","properties":{"CountryName":"Poland","Type of Animal":"Pigs"},"geometry":{"type":"Point","coordinates":[15.38306,53.96331]}},{"type":"Feature","properties":{"CountryName":"Poland","Type of Animal":"Pigs"},"geometry":{"type":"Point","coordinates":[18.39722443,53.51986694]}},{"type":"Feature","properties":{"CountryName":"Poland","Type of Animal":"Pigs"},"geometry":{"type":"Point","coordinates":[16.27653,53.50158]}},{"type":"Feature","properties":{"CountryName":"Poland","Type of Animal":"Pigs"},"geometry":{"type":"Point","coordinates":[21.12884,54.20511]}},{"type":"Feature","properties":{"CountryName":"Poland","Type of Animal":"Pigs"},"geometry":{"type":"Point","coordinates":[16.36969,53.71551]}},{"type":"Feature","properties":{"CountryName":"Poland","Type of Animal":"Pigs"},"geometry":{"type":"Point","coordinates":[15.67274,53.50379]}},{"type":"Feature","properties":{"CountryName":"Poland","Type of Animal":"Pigs"},"geometry":{"type":"Point","coordinates":[22.27667,54.25766]}},{"type":"Feature","properties":{"CountryName":"Poland","Type of Animal":"Pigs"},"geometry":{"type":"Point","coordinates":[17.24719,52.568]}},{"type":"Feature","properties":{"CountryName":"Poland","Type of Animal":"Pigs"},"geometry":{"type":"Point","coordinates":[16.09775,53.41139]}},{"type":"Feature","properties":{"CountryName":"Poland","Type of Animal":"Pigs"},"geometry":{"type":"Point","coordinates":[16.1421833,53.42789459]}},{"type":"Feature","properties":{"CountryName":"Poland","Type of Animal":"Pigs"},"geometry":{"type":"Point","coordinates":[19.84873,53.95734]}},{"type":"Feature","properties":{"CountryName":"Poland","Type of Animal":"Pigs"},"geometry":{"type":"Point","coordinates":[23.22564411,52.43496946]}},{"type":"Feature","properties":{"CountryName":"Poland","Type of Animal":"Pigs"},"geometry":{"type":"Point","coordinates":[19.84214,53.85164]}},{"type":"Feature","properties":{"CountryName":"Poland","Type of Animal":"Pigs"},"geometry":{"type":"Point","coordinates":[21.71917,53.91333]}},{"type":"Feature","properties":{"CountryName":"Poland","Type of Animal":"Pigs"},"geometry":{"type":"Point","coordinates":[21.71917,53.91333]}},{"type":"Feature","properties":{"CountryName":"Poland","Type of Animal":"Pigs"},"geometry":{"type":"Point","coordinates":[21.33694,53.72972]}},{"type":"Feature","properties":{"CountryName":"Poland","Type of Animal":"Pigs"},"geometry":{"type":"Point","coordinates":[20.88017,50.17995]}},{"type":"Feature","properties":{"CountryName":"Poland","Type of Animal":"Pigs"},"geometry":{"type":"Point","coordinates":[19.64556,53.39722]}},{"type":"Feature","properties":{"CountryName":"Poland","Type of Animal":"Pigs"},"geometry":{"type":"Point","coordinates":[22.57361,51.50834]}},{"type":"Feature","properties":{"CountryName":"Poland","Type of Animal":"Pigs"},"geometry":{"type":"Point","coordinates":[18.54823,50.36004]}},{"type":"Feature","properties":{"CountryName":"Poland","Type of Animal":"Pigs"},"geometry":{"type":"Point","coordinates":[20.70972,50.58]}},{"type":"Feature","properties":{"CountryName":"Poland","Type of Animal":"Pigs"},"geometry":{"type":"Point","coordinates":[19.39948,51.55523]}},{"type":"Feature","properties":{"CountryName":"Poland","Type of Animal":"Pigs"},"geometry":{"type":"Point","coordinates":[18.25429,51.07137]}},{"type":"Feature","properties":{"CountryName":"Poland","Type of Animal":"Pigs"},"geometry":{"type":"Point","coordinates":[19.4,51.41]}},{"type":"Feature","properties":{"CountryName":"Poland","Type of Animal":"Pigs"},"geometry":{"type":"Point","coordinates":[19.5305,51.11728]}},{"type":"Feature","properties":{"CountryName":"Poland","Type of Animal":"Pigs"},"geometry":{"type":"Point","coordinates":[20.58667,51.84027]}},{"type":"Feature","properties":{"CountryName":"Poland","Type of Animal":"Pigs"},"geometry":{"type":"Point","coordinates":[19.63769,51.61066]}},{"type":"Feature","properties":{"CountryName":"Poland","Type of Animal":"Pigs"},"geometry":{"type":"Point","coordinates":[15.43056,53.33861]}},{"type":"Feature","properties":{"CountryName":"Poland","Type of Animal":"Pigs"},"geometry":{"type":"Point","coordinates":[17.49433,52.77322]}},{"type":"Feature","properties":{"CountryName":"Poland","Type of Animal":"Pigs"},"geometry":{"type":"Point","coordinates":[17.42414,52.78006]}},{"type":"Feature","properties":{"CountryName":"Poland","Type of Animal":"Pigs"},"geometry":{"type":"Point","coordinates":[18.06457,52.42455]}},{"type":"Feature","properties":{"CountryName":"Poland","Type of Animal":"Pigs"},"geometry":{"type":"Point","coordinates":[15.73190212,52.12928009]}},{"type":"Feature","properties":{"CountryName":"Poland","Type of Animal":"Pigs"},"geometry":{"type":"Point","coordinates":[22.46619,50.31128]}},{"type":"Feature","properties":{"CountryName":"Poland","Type of Animal":"Pigs"},"geometry":{"type":"Point","coordinates":[22.33393,50.27658]}},{"type":"Feature","properties":{"CountryName":"Poland","Type of Animal":"Pigs"},"geometry":{"type":"Point","coordinates":[16.62132,53.26565]}},{"type":"Feature","properties":{"CountryName":"Poland","Type of Animal":"Pigs"},"geometry":{"type":"Point","coordinates":[17.59458,53.27172]}},{"type":"Feature","properties":{"CountryName":"Poland","Type of Animal":"Pigs"},"geometry":{"type":"Point","coordinates":[15.01578,51.82714]}},{"type":"Feature","properties":{"CountryName":"Poland","Type of Animal":"Pigs"},"geometry":{"type":"Point","coordinates":[15.67516,51.88921]}},{"type":"Feature","properties":{"CountryName":"Poland","Type of Animal":"Pigs"},"geometry":{"type":"Point","coordinates":[15.37239,53.02494]}},{"type":"Feature","properties":{"CountryName":"Poland","Type of Animal":"Pigs"},"geometry":{"type":"Point","coordinates":[15.65705,53.14411]}},{"type":"Feature","properties":{"CountryName":"Poland","Type of Animal":"Pigs"},"geometry":{"type":"Point","coordinates":[14.73086071,52.6823349]}},{"type":"Feature","properties":{"CountryName":"Poland","Type of Animal":"Pigs"},"geometry":{"type":"Point","coordinates":[22.63070297,53.67950058]}},{"type":"Feature","properties":{"CountryName":"Poland","Type of Animal":"Pigs"},"geometry":{"type":"Point","coordinates":[19.38876,51.55943]}},{"type":"Feature","properties":{"CountryName":"Poland","Type of Animal":"Pigs"},"geometry":{"type":"Point","coordinates":[18.95712662,53.52155685]}},{"type":"Feature","properties":{"CountryName":"Poland","Type of Animal":"Pigs"},"geometry":{"type":"Point","coordinates":[16.89463806,52.9116478]}},{"type":"Feature","properties":{"CountryName":"Poland","Type of Animal":"Pigs"},"geometry":{"type":"Point","coordinates":[14.41315,52.98084]}},{"type":"Feature","properties":{"CountryName":"Poland","Type of Animal":"Pigs"},"geometry":{"type":"Point","coordinates":[16.66778,52.61168]}},{"type":"Feature","properties":{"CountryName":"Poland","Type of Animal":"Pigs"},"geometry":{"type":"Point","coordinates":[22.92251587,52.04333878]}},{"type":"Feature","properties":{"CountryName":"Poland","Type of Animal":"Pigs"},"geometry":{"type":"Point","coordinates":[21.47141,54.16364]}},{"type":"Feature","properties":{"CountryName":"Poland","Type of Animal":"Pigs"},"geometry":{"type":"Point","coordinates":[23.39042,51.25842]}},{"type":"Feature","properties":{"CountryName":"Poland","Type of Animal":"Pigs"},"geometry":{"type":"Point","coordinates":[16.81626,52.8102]}},{"type":"Feature","properties":{"CountryName":"Poland","Type of Animal":"Pigs"},"geometry":{"type":"Point","coordinates":[17.21028,51.21584]}},{"type":"Feature","properties":{"CountryName":"Poland","Type of Animal":"Pigs"},"geometry":{"type":"Point","coordinates":[16.96584,52.57729]}},{"type":"Feature","properties":{"CountryName":"Poland","Type of Animal":"Pigs"},"geometry":{"type":"Point","coordinates":[16.81027794,51.83805466]}},{"type":"Feature","properties":{"CountryName":"Poland","Type of Animal":"Pigs"},"geometry":{"type":"Point","coordinates":[22.95667,51.72806]}},{"type":"Feature","properties":{"CountryName":"Poland","Type of Animal":"Pigs"},"geometry":{"type":"Point","coordinates":[15.80861,52.54778]}},{"type":"Feature","properties":{"CountryName":"Poland","Type of Animal":"Pigs"},"geometry":{"type":"Point","coordinates":[22.05557,50.80069]}},{"type":"Feature","properties":{"CountryName":"Poland","Type of Animal":"Pigs"},"geometry":{"type":"Point","coordinates":[19.97653,53.11026]}},{"type":"Feature","properties":{"CountryName":"Poland","Type of Animal":"Pigs"},"geometry":{"type":"Point","coordinates":[17.23835,53.04152]}},{"type":"Feature","properties":{"CountryName":"Poland","Type of Animal":"Pigs"},"geometry":{"type":"Point","coordinates":[17.38913345,52.26892471]}},{"type":"Feature","properties":{"CountryName":"Poland","Type of Animal":"Pigs"},"geometry":{"type":"Point","coordinates":[17.38859749,52.26884842]}},{"type":"Feature","properties":{"CountryName":"Poland","Type of Animal":"Pigs"},"geometry":{"type":"Point","coordinates":[20.08342,53.5525]}},{"type":"Feature","properties":{"CountryName":"Poland","Type of Animal":"Pigs"},"geometry":{"type":"Point","coordinates":[17.38752174,52.26854706]}},{"type":"Feature","properties":{"CountryName":"Poland","Type of Animal":"Pigs"},"geometry":{"type":"Point","coordinates":[16.48962593,52.26422882]}},{"type":"Feature","properties":{"CountryName":"Poland","Type of Animal":"Pigs"},"geometry":{"type":"Point","coordinates":[19.98364,53.85287]}},{"type":"Feature","properties":{"CountryName":"Poland","Type of Animal":"Pigs"},"geometry":{"type":"Point","coordinates":[18.40528,54.04961]}},{"type":"Feature","properties":{"CountryName":"Poland","Type of Animal":"Pigs"},"geometry":{"type":"Point","coordinates":[17.06329,51.73341]}},{"type":"Feature","properties":{"CountryName":"Poland","Type of Animal":"Pigs"},"geometry":{"type":"Point","coordinates":[15.64063,52.1525]}},{"type":"Feature","properties":{"CountryName":"Poland","Type of Animal":"Pigs"},"geometry":{"type":"Point","coordinates":[20.24874,49.95977]}},{"type":"Feature","properties":{"CountryName":"Poland","Type of Animal":"Pigs"},"geometry":{"type":"Point","coordinates":[22.9032,51.80563]}},{"type":"Feature","properties":{"CountryName":"Poland","Type of Animal":"Pigs"},"geometry":{"type":"Point","coordinates":[16.25906944,51.6831665]}},{"type":"Feature","properties":{"CountryName":"Poland","Type of Animal":"Pigs"},"geometry":{"type":"Point","coordinates":[20.29948616,53.57765579]}},{"type":"Feature","properties":{"CountryName":"Poland","Type of Animal":"Pigs"},"geometry":{"type":"Point","coordinates":[20.29948616,53.57765579]}},{"type":"Feature","properties":{"CountryName":"Poland","Type of Animal":"Pigs"},"geometry":{"type":"Point","coordinates":[15.88333321,53.75]}},{"type":"Feature","properties":{"CountryName":"Poland","Type of Animal":"Pigs"},"geometry":{"type":"Point","coordinates":[17.18613815,51.52780533]}},{"type":"Feature","properties":{"CountryName":"Poland","Type of Animal":"Pigs"},"geometry":{"type":"Point","coordinates":[16.85477829,51.57524872]}},{"type":"Feature","properties":{"CountryName":"Poland","Type of Animal":"Pigs"},"geometry":{"type":"Point","coordinates":[17.1405201,51.90265274]}},{"type":"Feature","properties":{"CountryName":"Poland","Type of Animal":"Pigs"},"geometry":{"type":"Point","coordinates":[17.85586929,52.29330063]}},{"type":"Feature","properties":{"CountryName":"Poland","Type of Animal":"Pigs"},"geometry":{"type":"Point","coordinates":[17.4536972,51.29579544]}},{"type":"Feature","properties":{"CountryName":"Poland","Type of Animal":"Pigs"},"geometry":{"type":"Point","coordinates":[16.75972176,51.80500031]}},{"type":"Feature","properties":{"CountryName":"Poland","Type of Animal":"Pigs"},"geometry":{"type":"Point","coordinates":[17.63495064,52.83110809]}},{"type":"Feature","properties":{"CountryName":"Poland","Type of Animal":"Pigs"},"geometry":{"type":"Point","coordinates":[17.38442421,53.01861572]}},{"type":"Feature","properties":{"CountryName":"Poland","Type of Animal":"Pigs"},"geometry":{"type":"Point","coordinates":[17.86054802,51.04306793]}},{"type":"Feature","properties":{"CountryName":"Poland","Type of Animal":"Pigs"},"geometry":{"type":"Point","coordinates":[20.53211403,50.73276138]}},{"type":"Feature","properties":{"CountryName":"Poland","Type of Animal":"Pigs"},"geometry":{"type":"Point","coordinates":[16.79004097,53.13457489]}},{"type":"Feature","properties":{"CountryName":"Poland","Type of Animal":"Pigs"},"geometry":{"type":"Point","coordinates":[18.95768166,52.79429626]}},{"type":"Feature","properties":{"CountryName":"Poland","Type of Animal":"Pigs"},"geometry":{"type":"Point","coordinates":[15.41007423,52.50369263]}},{"type":"Feature","properties":{"CountryName":"Poland","Type of Animal":"Pigs"},"geometry":{"type":"Point","coordinates":[19.88001442,53.08414841]}},{"type":"Feature","properties":{"CountryName":"Poland","Type of Animal":"Pigs"},"geometry":{"type":"Point","coordinates":[22.3088913,51.53972626]}},{"type":"Feature","properties":{"CountryName":"Poland","Type of Animal":"Pigs"},"geometry":{"type":"Point","coordinates":[19.809556,52.906523]}},{"type":"Feature","properties":{"CountryName":"Poland","Type of Animal":"Pigs"},"geometry":{"type":"Point","coordinates":[19.595766,52.291614]}},{"type":"Feature","properties":{"CountryName":"Poland","Type of Animal":"Pigs"},"geometry":{"type":"Point","coordinates":[22.93168831,52.09842682]}},{"type":"Feature","properties":{"CountryName":"Poland","Type of Animal":"Pigs"},"geometry":{"type":"Point","coordinates":[19.749597,51.071577]}},{"type":"Feature","properties":{"CountryName":"Poland","Type of Animal":"Pigs"},"geometry":{"type":"Point","coordinates":[19.756666,51.061388]}},{"type":"Feature","properties":{"CountryName":"Poland","Type of Animal":"Pigs"},"geometry":{"type":"Point","coordinates":[17.148298,53.258214]}},{"type":"Feature","properties":{"CountryName":"Poland","Type of Animal":"Pigs"},"geometry":{"type":"Point","coordinates":[16.850936,52.887276]}},{"type":"Feature","properties":{"CountryName":"Poland","Type of Animal":"Pigs"},"geometry":{"type":"Point","coordinates":[16.20794,51.782783]}},{"type":"Feature","properties":{"CountryName":"Poland","Type of Animal":"Pigs"},"geometry":{"type":"Point","coordinates":[22.510396,51.44275]}},{"type":"Feature","properties":{"CountryName":"Poland","Type of Animal":"Pigs"},"geometry":{"type":"Point","coordinates":[15.476418,51.872346]}},{"type":"Feature","properties":{"CountryName":"Poland","Type of Animal":"Pigs"},"geometry":{"type":"Point","coordinates":[19.843699,53.01421]}},{"type":"Feature","properties":{"CountryName":"Poland","Type of Animal":"Pigs"},"geometry":{"type":"Point","coordinates":[15.843306,53.834]}},{"type":"Feature","properties":{"CountryName":"Poland","Type of Animal":"Pigs"},"geometry":{"type":"Point","coordinates":[17.05924026,52.00534109]}},{"type":"Feature","properties":{"CountryName":"Poland","Type of Animal":"Pigs"},"geometry":{"type":"Point","coordinates":[23.00231682,49.95980035]}},{"type":"Feature","properties":{"CountryName":"Poland","Type of Animal":"Pigs"},"geometry":{"type":"Point","coordinates":[17.78371655,53.57934207]}},{"type":"Feature","properties":{"CountryName":"Poland","Type of Animal":"Pigs"},"geometry":{"type":"Point","coordinates":[18.492637,53.435867]}},{"type":"Feature","properties":{"CountryName":"Poland","Type of Animal":"Pigs"},"geometry":{"type":"Point","coordinates":[22.96751229,51.74683106]}},{"type":"Feature","properties":{"CountryName":"Poland","Type of Animal":"Pigs"},"geometry":{"type":"Point","coordinates":[20.140557,52.855288]}},{"type":"Feature","properties":{"CountryName":"Poland","Type of Animal":"Pigs"},"geometry":{"type":"Point","coordinates":[22.8884,51.7036]}},{"type":"Feature","properties":{"CountryName":"Poland","Type of Animal":"Pigs"},"geometry":{"type":"Point","coordinates":[15.79873768,52.23103778]}},{"type":"Feature","properties":{"CountryName":"Poland","Type of Animal":"Pigs"},"geometry":{"type":"Point","coordinates":[19.10579851,53.08849848]}},{"type":"Feature","properties":{"CountryName":"Poland","Type of Animal":"Pigs"},"geometry":{"type":"Point","coordinates":[19.436069,52.220725]}},{"type":"Feature","properties":{"CountryName":"Poland","Type of Animal":"Pigs"},"geometry":{"type":"Point","coordinates":[19.64488111,51.21495853]}},{"type":"Feature","properties":{"CountryName":"Poland","Type of Animal":"Poultry"},"geometry":{"type":"Point","coordinates":[19.10012,49.85653]}},{"type":"Feature","properties":{"CountryName":"Poland","Type of Animal":"Poultry"},"geometry":{"type":"Point","coordinates":[15.45737,51.56788]}},{"type":"Feature","properties":{"CountryName":"Poland","Type of Animal":"Poultry"},"geometry":{"type":"Point","coordinates":[15.94274,52.3567]}},{"type":"Feature","properties":{"CountryName":"Poland","Type of Animal":"Poultry"},"geometry":{"type":"Point","coordinates":[18.92026,51.86435]}},{"type":"Feature","properties":{"CountryName":"Poland","Type of Animal":"Poultry"},"geometry":{"type":"Point","coordinates":[18.93633,51.9257]}},{"type":"Feature","properties":{"CountryName":"Poland","Type of Animal":"Poultry"},"geometry":{"type":"Point","coordinates":[18.93633,51.9257]}},{"type":"Feature","properties":{"CountryName":"Poland","Type of Animal":"Poultry"},"geometry":{"type":"Point","coordinates":[18.76203,49.8151]}},{"type":"Feature","properties":{"CountryName":"Poland","Type of Animal":"Poultry"},"geometry":{"type":"Point","coordinates":[16.83402,51.6332]}},{"type":"Feature","properties":{"CountryName":"Poland","Type of Animal":"Poultry"},"geometry":{"type":"Point","coordinates":[18.122,50.17744]}},{"type":"Feature","properties":{"CountryName":"Poland","Type of Animal":"Poultry"},"geometry":{"type":"Point","coordinates":[18.74112,49.74642]}},{"type":"Feature","properties":{"CountryName":"Poland","Type of Animal":"Poultry"},"geometry":{"type":"Point","coordinates":[15.67639,51.87714]}},{"type":"Feature","properties":{"CountryName":"Poland","Type of Animal":"Poultry"},"geometry":{"type":"Point","coordinates":[15.67639,51.87697]}},{"type":"Feature","properties":{"CountryName":"Poland","Type of Animal":"Poultry"},"geometry":{"type":"Point","coordinates":[18.53333,52.08333]}},{"type":"Feature","properties":{"CountryName":"Poland","Type of Animal":"Poultry"},"geometry":{"type":"Point","coordinates":[20.37797,52.82701]}},{"type":"Feature","properties":{"CountryName":"Poland","Type of Animal":"Poultry"},"geometry":{"type":"Point","coordinates":[17.83143616,52.59197235]}},{"type":"Feature","properties":{"CountryName":"Poland","Type of Animal":"Poultry"},"geometry":{"type":"Point","coordinates":[14.93058,53.61944]}},{"type":"Feature","properties":{"CountryName":"Poland","Type of Animal":"Poultry"},"geometry":{"type":"Point","coordinates":[14.98875,53.59189]}},{"type":"Feature","properties":{"CountryName":"Poland","Type of Animal":"Poultry"},"geometry":{"type":"Point","coordinates":[14.99703,53.5979]}},{"type":"Feature","properties":{"CountryName":"Poland","Type of Animal":"Poultry"},"geometry":{"type":"Point","coordinates":[14.99942,53.61143]}},{"type":"Feature","properties":{"CountryName":"Poland","Type of Animal":"Poultry"},"geometry":{"type":"Point","coordinates":[15.06197,53.58673]}},{"type":"Feature","properties":{"CountryName":"Poland","Type of Animal":"Poultry"},"geometry":{"type":"Point","coordinates":[20.307,52.93393]}},{"type":"Feature","properties":{"CountryName":"Poland","Type of Animal":"Poultry"},"geometry":{"type":"Point","coordinates":[20.07903,52.96588]}},{"type":"Feature","properties":{"CountryName":"Poland","Type of Animal":"Poultry"},"geometry":{"type":"Point","coordinates":[20.07624,52.96457]}},{"type":"Feature","properties":{"CountryName":"Poland","Type of Animal":"Poultry"},"geometry":{"type":"Point","coordinates":[20.15784,52.96817]}},{"type":"Feature","properties":{"CountryName":"Poland","Type of Animal":"Poultry"},"geometry":{"type":"Point","coordinates":[20.16251564,52.96736145]}},{"type":"Feature","properties":{"CountryName":"Poland","Type of Animal":"Poultry"},"geometry":{"type":"Point","coordinates":[20.29251,52.92649]}},{"type":"Feature","properties":{"CountryName":"Poland","Type of Animal":"Poultry"},"geometry":{"type":"Point","coordinates":[20.16057,52.96876]}},{"type":"Feature","properties":{"CountryName":"Poland","Type of Animal":"Poultry"},"geometry":{"type":"Point","coordinates":[16.07349014,54.21110535]}},{"type":"Feature","properties":{"CountryName":"Poland","Type of Animal":"Poultry"},"geometry":{"type":"Point","coordinates":[20.24132,52.88792]}},{"type":"Feature","properties":{"CountryName":"Poland","Type of Animal":"Poultry"},"geometry":{"type":"Point","coordinates":[20.52463913,52.8200531]}},{"type":"Feature","properties":{"CountryName":"Poland","Type of Animal":"Poultry"},"geometry":{"type":"Point","coordinates":[16.97183037,52.42906189]}},{"type":"Feature","properties":{"CountryName":"Poland","Type of Animal":"Poultry"},"geometry":{"type":"Point","coordinates":[20.34736,53.07645]}},{"type":"Feature","properties":{"CountryName":"Poland","Type of Animal":"Poultry"},"geometry":{"type":"Point","coordinates":[20.32264,53.08025]}},{"type":"Feature","properties":{"CountryName":"Poland","Type of Animal":"Poultry"},"geometry":{"type":"Point","coordinates":[20.28189087,53.06090927]}},{"type":"Feature","properties":{"CountryName":"Poland","Type of Animal":"Poultry"},"geometry":{"type":"Point","coordinates":[20.20182,52.98648]}},{"type":"Feature","properties":{"CountryName":"Poland","Type of Animal":"Poultry"},"geometry":{"type":"Point","coordinates":[20.32487,53.08005]}},{"type":"Feature","properties":{"CountryName":"Poland","Type of Animal":"Poultry"},"geometry":{"type":"Point","coordinates":[20.20272,52.98399]}},{"type":"Feature","properties":{"CountryName":"Poland","Type of Animal":"Poultry"},"geometry":{"type":"Point","coordinates":[18.52965,52.09665]}},{"type":"Feature","properties":{"CountryName":"Poland","Type of Animal":"Poultry"},"geometry":{"type":"Point","coordinates":[17.86911,52.24539]}},{"type":"Feature","properties":{"CountryName":"Poland","Type of Animal":"Poultry"},"geometry":{"type":"Point","coordinates":[17.87380791,52.24426651]}},{"type":"Feature","properties":{"CountryName":"Poland","Type of Animal":"Poultry"},"geometry":{"type":"Point","coordinates":[19.95015,51.93005]}},{"type":"Feature","properties":{"CountryName":"Poland","Type of Animal":"Poultry"},"geometry":{"type":"Point","coordinates":[18.25805,51.73086]}},{"type":"Feature","properties":{"CountryName":"Poland","Type of Animal":"Poultry"},"geometry":{"type":"Point","coordinates":[17.15278,52.08805]}},{"type":"Feature","properties":{"CountryName":"Poland","Type of Animal":"Poultry"},"geometry":{"type":"Point","coordinates":[17.13305,52.07639]}},{"type":"Feature","properties":{"CountryName":"Poland","Type of Animal":"Poultry"},"geometry":{"type":"Point","coordinates":[18.20308,50.02778]}},{"type":"Feature","properties":{"CountryName":"Poland","Type of Animal":"Poultry"},"geometry":{"type":"Point","coordinates":[20.08675385,52.92481232]}},{"type":"Feature","properties":{"CountryName":"Poland","Type of Animal":"Poultry"},"geometry":{"type":"Point","coordinates":[17.08714,53.00472]}},{"type":"Feature","properties":{"CountryName":"Poland","Type of Animal":"Poultry"},"geometry":{"type":"Point","coordinates":[16.49786,53.04808]}},{"type":"Feature","properties":{"CountryName":"Poland","Type of Animal":"Poultry"},"geometry":{"type":"Point","coordinates":[16.90797,53.14347]}},{"type":"Feature","properties":{"CountryName":"Poland","Type of Animal":"Poultry"},"geometry":{"type":"Point","coordinates":[18.18917,52.34194]}},{"type":"Feature","properties":{"CountryName":"Poland","Type of Animal":"Poultry"},"geometry":{"type":"Point","coordinates":[17.8684,50.69605]}},{"type":"Feature","properties":{"CountryName":"Poland","Type of Animal":"Poultry"},"geometry":{"type":"Point","coordinates":[19.3566246,52.26383209]}},{"type":"Feature","properties":{"CountryName":"Poland","Type of Animal":"Poultry"},"geometry":{"type":"Point","coordinates":[18.22294,50.02773]}},{"type":"Feature","properties":{"CountryName":"Poland","Type of Animal":"Poultry"},"geometry":{"type":"Point","coordinates":[22.55825,51.53799]}},{"type":"Feature","properties":{"CountryName":"Poland","Type of Animal":"Poultry"},"geometry":{"type":"Point","coordinates":[18.67421532,53.52581787]}},{"type":"Feature","properties":{"CountryName":"Poland","Type of Animal":"Poultry"},"geometry":{"type":"Point","coordinates":[17.63605,50.50439]}},{"type":"Feature","properties":{"CountryName":"Poland","Type of Animal":"Poultry"},"geometry":{"type":"Point","coordinates":[17.69742,50.63136]}},{"type":"Feature","properties":{"CountryName":"Poland","Type of Animal":"Poultry"},"geometry":{"type":"Point","coordinates":[17.66581,50.64206]}},{"type":"Feature","properties":{"CountryName":"Poland","Type of Animal":"Poultry"},"geometry":{"type":"Point","coordinates":[18.74667,49.86028]}},{"type":"Feature","properties":{"CountryName":"Poland","Type of Animal":"Poultry"},"geometry":{"type":"Point","coordinates":[16.94102478,51.77179718]}},{"type":"Feature","properties":{"CountryName":"Poland","Type of Animal":"Poultry"},"geometry":{"type":"Point","coordinates":[19.33141136,52.23338699]}},{"type":"Feature","properties":{"CountryName":"Poland","Type of Animal":"Poultry"},"geometry":{"type":"Point","coordinates":[17.53305,52.20028]}},{"type":"Feature","properties":{"CountryName":"Poland","Type of Animal":"Poultry"},"geometry":{"type":"Point","coordinates":[17.74111,50.82912]}},{"type":"Feature","properties":{"CountryName":"Poland","Type of Animal":"Poultry"},"geometry":{"type":"Point","coordinates":[19.43938,52.21677]}},{"type":"Feature","properties":{"CountryName":"Poland","Type of Animal":"Poultry"},"geometry":{"type":"Point","coordinates":[19.52225,51.98339]}},{"type":"Feature","properties":{"CountryName":"Poland","Type of Animal":"Poultry"},"geometry":{"type":"Point","coordinates":[17.57944489,51.84999847]}},{"type":"Feature","properties":{"CountryName":"Poland","Type of Animal":"Poultry"},"geometry":{"type":"Point","coordinates":[15.01588,53.67833]}},{"type":"Feature","properties":{"CountryName":"Poland","Type of Animal":"Poultry"},"geometry":{"type":"Point","coordinates":[20.60199547,52.11397171]}},{"type":"Feature","properties":{"CountryName":"Poland","Type of Animal":"Poultry"},"geometry":{"type":"Point","coordinates":[20.63613,53.71421]}},{"type":"Feature","properties":{"CountryName":"Poland","Type of Animal":"Poultry"},"geometry":{"type":"Point","coordinates":[20.53193,54.07176]}},{"type":"Feature","properties":{"CountryName":"Poland","Type of Animal":"Poultry"},"geometry":{"type":"Point","coordinates":[15.04555,53.66157]}},{"type":"Feature","properties":{"CountryName":"Poland","Type of Animal":"Poultry"},"geometry":{"type":"Point","coordinates":[15.67442,53.67601]}},{"type":"Feature","properties":{"CountryName":"Poland","Type of Animal":"Poultry"},"geometry":{"type":"Point","coordinates":[14.71688,53.43098]}},{"type":"Feature","properties":{"CountryName":"Poland","Type of Animal":"Poultry"},"geometry":{"type":"Point","coordinates":[23.61961,53.57442]}},{"type":"Feature","properties":{"CountryName":"Poland","Type of Animal":"Poultry"},"geometry":{"type":"Point","coordinates":[19.83195,50.6225]}},{"type":"Feature","properties":{"CountryName":"Poland","Type of Animal":"Poultry"},"geometry":{"type":"Point","coordinates":[15.07660294,53.28248596]}},{"type":"Feature","properties":{"CountryName":"Poland","Type of Animal":"Poultry"},"geometry":{"type":"Point","coordinates":[16.57751846,52.51567459]}},{"type":"Feature","properties":{"CountryName":"Poland","Type of Animal":"Poultry"},"geometry":{"type":"Point","coordinates":[14.86195,53.59666]}},{"type":"Feature","properties":{"CountryName":"Poland","Type of Animal":"Poultry"},"geometry":{"type":"Point","coordinates":[14.76799,53.817]}},{"type":"Feature","properties":{"CountryName":"Poland","Type of Animal":"Poultry"},"geometry":{"type":"Point","coordinates":[17.49281,50.55033]}},{"type":"Feature","properties":{"CountryName":"Poland","Type of Animal":"Poultry"},"geometry":{"type":"Point","coordinates":[17.97428,50.71815]}},{"type":"Feature","properties":{"CountryName":"Poland","Type of Animal":"Poultry"},"geometry":{"type":"Point","coordinates":[16.6544,52.5574]}},{"type":"Feature","properties":{"CountryName":"Poland","Type of Animal":"Poultry"},"geometry":{"type":"Point","coordinates":[17.81444359,52.5661087]}},{"type":"Feature","properties":{"CountryName":"Poland","Type of Animal":"Poultry"},"geometry":{"type":"Point","coordinates":[18.7312,50.10751]}},{"type":"Feature","properties":{"CountryName":"Poland","Type of Animal":"Poultry"},"geometry":{"type":"Point","coordinates":[17.681,52.49017]}},{"type":"Feature","properties":{"CountryName":"Poland","Type of Animal":"Poultry"},"geometry":{"type":"Point","coordinates":[16.44622,52.20957]}},{"type":"Feature","properties":{"CountryName":"Poland","Type of Animal":"Poultry"},"geometry":{"type":"Point","coordinates":[14.67916679,53.38533401]}},{"type":"Feature","properties":{"CountryName":"Poland","Type of Animal":"Poultry"},"geometry":{"type":"Point","coordinates":[15.66339684,51.73997116]}},{"type":"Feature","properties":{"CountryName":"Poland","Type of Animal":"Poultry"},"geometry":{"type":"Point","coordinates":[17.1659,52.69309]}},{"type":"Feature","properties":{"CountryName":"Poland","Type of Animal":"Poultry"},"geometry":{"type":"Point","coordinates":[18.27904129,52.27979279]}},{"type":"Feature","properties":{"CountryName":"Poland","Type of Animal":"Poultry"},"geometry":{"type":"Point","coordinates":[17.32788,52.05196]}},{"type":"Feature","properties":{"CountryName":"Poland","Type of Animal":"Poultry"},"geometry":{"type":"Point","coordinates":[15.86965275,51.79850769]}},{"type":"Feature","properties":{"CountryName":"Poland","Type of Animal":"Poultry"},"geometry":{"type":"Point","coordinates":[16.97153,51.59703]}},{"type":"Feature","properties":{"CountryName":"Poland","Type of Animal":"Poultry"},"geometry":{"type":"Point","coordinates":[17.20137,52.1142]}},{"type":"Feature","properties":{"CountryName":"Poland","Type of Animal":"Poultry"},"geometry":{"type":"Point","coordinates":[22.23979,52.51137]}},{"type":"Feature","properties":{"CountryName":"Poland","Type of Animal":"Poultry"},"geometry":{"type":"Point","coordinates":[22.55436325,51.30685806]}},{"type":"Feature","properties":{"CountryName":"Poland","Type of Animal":"Poultry"},"geometry":{"type":"Point","coordinates":[16.13783,52.43117]}},{"type":"Feature","properties":{"CountryName":"Poland","Type of Animal":"Poultry"},"geometry":{"type":"Point","coordinates":[16.52117,52.58117]}},{"type":"Feature","properties":{"CountryName":"Poland","Type of Animal":"Poultry"},"geometry":{"type":"Point","coordinates":[16.72117,52.39783]}},{"type":"Feature","properties":{"CountryName":"Poland","Type of Animal":"Poultry"},"geometry":{"type":"Point","coordinates":[17.44991,52.35269]}},{"type":"Feature","properties":{"CountryName":"Poland","Type of Animal":"Poultry"},"geometry":{"type":"Point","coordinates":[15.85806,52.08028]}},{"type":"Feature","properties":{"CountryName":"Poland","Type of Animal":"Poultry"},"geometry":{"type":"Point","coordinates":[18.0349,50.47251]}},{"type":"Feature","properties":{"CountryName":"Poland","Type of Animal":"Poultry"},"geometry":{"type":"Point","coordinates":[18.27642,50.42744]}},{"type":"Feature","properties":{"CountryName":"Poland","Type of Animal":"Poultry"},"geometry":{"type":"Point","coordinates":[14.87095,53.8534]}},{"type":"Feature","properties":{"CountryName":"Poland","Type of Animal":"Poultry"},"geometry":{"type":"Point","coordinates":[15.47936344,53.6526947]}},{"type":"Feature","properties":{"CountryName":"Poland","Type of Animal":"Poultry"},"geometry":{"type":"Point","coordinates":[15.14662,53.29795]}},{"type":"Feature","properties":{"CountryName":"Poland","Type of Animal":"Poultry"},"geometry":{"type":"Point","coordinates":[15.29185,53.65776]}},{"type":"Feature","properties":{"CountryName":"Poland","Type of Animal":"Poultry"},"geometry":{"type":"Point","coordinates":[14.77279377,53.81484985]}},{"type":"Feature","properties":{"CountryName":"Poland","Type of Animal":"Poultry"},"geometry":{"type":"Point","coordinates":[15.8842,52.63627]}},{"type":"Feature","properties":{"CountryName":"Poland","Type of Animal":"Poultry"},"geometry":{"type":"Point","coordinates":[14.95625,53.94269]}},{"type":"Feature","properties":{"CountryName":"Poland","Type of Animal":"Poultry"},"geometry":{"type":"Point","coordinates":[17.94728279,51.43849564]}},{"type":"Feature","properties":{"CountryName":"Poland","Type of Animal":"Poultry"},"geometry":{"type":"Point","coordinates":[15.85786438,52.08647156]}},{"type":"Feature","properties":{"CountryName":"Poland","Type of Animal":"Poultry"},"geometry":{"type":"Point","coordinates":[14.85298,53.3639]}},{"type":"Feature","properties":{"CountryName":"Poland","Type of Animal":"Poultry"},"geometry":{"type":"Point","coordinates":[20.35247,49.83449]}},{"type":"Feature","properties":{"CountryName":"Poland","Type of Animal":"Poultry"},"geometry":{"type":"Point","coordinates":[15.61443,53.26203]}},{"type":"Feature","properties":{"CountryName":"Poland","Type of Animal":"Poultry"},"geometry":{"type":"Point","coordinates":[15.28428,53.04551]}},{"type":"Feature","properties":{"CountryName":"Poland","Type of Animal":"Poultry"},"geometry":{"type":"Point","coordinates":[16.35312843,52.12274933]}},{"type":"Feature","properties":{"CountryName":"Poland","Type of Animal":"Poultry"},"geometry":{"type":"Point","coordinates":[16.39526,52.12524]}},{"type":"Feature","properties":{"CountryName":"Poland","Type of Animal":"Poultry"},"geometry":{"type":"Point","coordinates":[16.39526367,52.12524414]}},{"type":"Feature","properties":{"CountryName":"Poland","Type of Animal":"Poultry"},"geometry":{"type":"Point","coordinates":[16.32991,52.1231]}},{"type":"Feature","properties":{"CountryName":"Poland","Type of Animal":"Poultry"},"geometry":{"type":"Point","coordinates":[17.80711,50.3047]}},{"type":"Feature","properties":{"CountryName":"Poland","Type of Animal":"Poultry"},"geometry":{"type":"Point","coordinates":[17.80710983,50.30469513]}},{"type":"Feature","properties":{"CountryName":"Poland","Type of Animal":"Poultry"},"geometry":{"type":"Point","coordinates":[19.95377,52.22263]}},{"type":"Feature","properties":{"CountryName":"Poland","Type of Animal":"Poultry"},"geometry":{"type":"Point","coordinates":[23.66319,53.28247]}},{"type":"Feature","properties":{"CountryName":"Poland","Type of Animal":"Poultry"},"geometry":{"type":"Point","coordinates":[20.80888748,52.19888687]}},{"type":"Feature","properties":{"CountryName":"Poland","Type of Animal":"Poultry"},"geometry":{"type":"Point","coordinates":[18.15847,53.43788]}},{"type":"Feature","properties":{"CountryName":"Poland","Type of Animal":"Poultry"},"geometry":{"type":"Point","coordinates":[17.16626,53.57935]}},{"type":"Feature","properties":{"CountryName":"Poland","Type of Animal":"Poultry"},"geometry":{"type":"Point","coordinates":[22.92168,52.52946]}},{"type":"Feature","properties":{"CountryName":"Poland","Type of Animal":"Poultry"},"geometry":{"type":"Point","coordinates":[18.03771,52.1469]}},{"type":"Feature","properties":{"CountryName":"Poland","Type of Animal":"Poultry"},"geometry":{"type":"Point","coordinates":[21.27722,52.06667]}},{"type":"Feature","properties":{"CountryName":"Poland","Type of Animal":"Poultry"},"geometry":{"type":"Point","coordinates":[18.09542,53.37222]}},{"type":"Feature","properties":{"CountryName":"Poland","Type of Animal":"Poultry"},"geometry":{"type":"Point","coordinates":[18.31781,53.50154]}},{"type":"Feature","properties":{"CountryName":"Poland","Type of Animal":"Poultry"},"geometry":{"type":"Point","coordinates":[17.90067,50.96774]}},{"type":"Feature","properties":{"CountryName":"Poland","Type of Animal":"Poultry"},"geometry":{"type":"Point","coordinates":[17.97462,50.41687]}},{"type":"Feature","properties":{"CountryName":"Poland","Type of Animal":"Poultry"},"geometry":{"type":"Point","coordinates":[16.774,51.57856]}},{"type":"Feature","properties":{"CountryName":"Poland","Type of Animal":"Poultry"},"geometry":{"type":"Point","coordinates":[16.45374,54.31062]}},{"type":"Feature","properties":{"CountryName":"Poland","Type of Animal":"Poultry"},"geometry":{"type":"Point","coordinates":[17.90047,52.33397]}},{"type":"Feature","properties":{"CountryName":"Poland","Type of Animal":"Poultry"},"geometry":{"type":"Point","coordinates":[17.0895,52.61859]}},{"type":"Feature","properties":{"CountryName":"Poland","Type of Animal":"Poultry"},"geometry":{"type":"Point","coordinates":[20.2431,52.79691]}},{"type":"Feature","properties":{"CountryName":"Poland","Type of Animal":"Poultry"},"geometry":{"type":"Point","coordinates":[17.25137,51.97432]}},{"type":"Feature","properties":{"CountryName":"Poland","Type of Animal":"Poultry"},"geometry":{"type":"Point","coordinates":[18.76115,49.81919]}},{"type":"Feature","properties":{"CountryName":"Poland","Type of Animal":"Poultry"},"geometry":{"type":"Point","coordinates":[19.91758,52.12741]}},{"type":"Feature","properties":{"CountryName":"Poland","Type of Animal":"Poultry"},"geometry":{"type":"Point","coordinates":[23.44416,53.51823]}},{"type":"Feature","properties":{"CountryName":"Poland","Type of Animal":"Poultry"},"geometry":{"type":"Point","coordinates":[17.44073,51.23342]}},{"type":"Feature","properties":{"CountryName":"Poland","Type of Animal":"Poultry"},"geometry":{"type":"Point","coordinates":[17.89763,53.0644]}},{"type":"Feature","properties":{"CountryName":"Poland","Type of Animal":"Poultry"},"geometry":{"type":"Point","coordinates":[16.15817261,52.06503296]}},{"type":"Feature","properties":{"CountryName":"Poland","Type of Animal":"Poultry"},"geometry":{"type":"Point","coordinates":[18.03725,52.99247]}},{"type":"Feature","properties":{"CountryName":"Poland","Type of Animal":"Poultry"},"geometry":{"type":"Point","coordinates":[18.24295044,53.06387711]}},{"type":"Feature","properties":{"CountryName":"Poland","Type of Animal":"Poultry"},"geometry":{"type":"Point","coordinates":[18.24705505,53.06235886]}},{"type":"Feature","properties":{"CountryName":"Poland","Type of Animal":"Poultry"},"geometry":{"type":"Point","coordinates":[18.24357605,53.06182861]}},{"type":"Feature","properties":{"CountryName":"Poland","Type of Animal":"Poultry"},"geometry":{"type":"Point","coordinates":[18.71181,53.8812]}},{"type":"Feature","properties":{"CountryName":"Poland","Type of Animal":"Poultry"},"geometry":{"type":"Point","coordinates":[20.25273,51.94039]}},{"type":"Feature","properties":{"CountryName":"Poland","Type of Animal":"Poultry"},"geometry":{"type":"Point","coordinates":[18.7251,49.80812]}},{"type":"Feature","properties":{"CountryName":"Poland","Type of Animal":"Poultry"},"geometry":{"type":"Point","coordinates":[22.80309,53.41941]}},{"type":"Feature","properties":{"CountryName":"Poland","Type of Animal":"Poultry"},"geometry":{"type":"Point","coordinates":[17.33848,52.18856]}},{"type":"Feature","properties":{"CountryName":"Poland","Type of Animal":"Poultry"},"geometry":{"type":"Point","coordinates":[19.536,52.20975]}},{"type":"Feature","properties":{"CountryName":"Poland","Type of Animal":"Poultry"},"geometry":{"type":"Point","coordinates":[20.4075,53.14222]}},{"type":"Feature","properties":{"CountryName":"Poland","Type of Animal":"Poultry"},"geometry":{"type":"Point","coordinates":[19.36663,52.20443]}},{"type":"Feature","properties":{"CountryName":"Poland","Type of Animal":"Poultry"},"geometry":{"type":"Point","coordinates":[19.06108,52.05828]}},{"type":"Feature","properties":{"CountryName":"Poland","Type of Animal":"Poultry"},"geometry":{"type":"Point","coordinates":[19.34972191,52.25606155]}},{"type":"Feature","properties":{"CountryName":"Poland","Type of Animal":"Poultry"},"geometry":{"type":"Point","coordinates":[21.14485,52.05193]}},{"type":"Feature","properties":{"CountryName":"Poland","Type of Animal":"Poultry"},"geometry":{"type":"Point","coordinates":[18.90879,50.02593]}},{"type":"Feature","properties":{"CountryName":"Poland","Type of Animal":"Poultry"},"geometry":{"type":"Point","coordinates":[17.31772,52.03975]}},{"type":"Feature","properties":{"CountryName":"Poland","Type of Animal":"Poultry"},"geometry":{"type":"Point","coordinates":[22.02477035,52.19842091]}},{"type":"Feature","properties":{"CountryName":"Poland","Type of Animal":"Poultry"},"geometry":{"type":"Point","coordinates":[17.20060349,52.80031967]}},{"type":"Feature","properties":{"CountryName":"Poland","Type of Animal":"Poultry"},"geometry":{"type":"Point","coordinates":[19.34486,51.85381]}},{"type":"Feature","properties":{"CountryName":"Poland","Type of Animal":"Poultry"},"geometry":{"type":"Point","coordinates":[19.4294,51.9062]}},{"type":"Feature","properties":{"CountryName":"Poland","Type of Animal":"Poultry"},"geometry":{"type":"Point","coordinates":[19.90211254,52.13751273]}},{"type":"Feature","properties":{"CountryName":"Poland","Type of Animal":"Poultry"},"geometry":{"type":"Point","coordinates":[18.05425,53.30001]}},{"type":"Feature","properties":{"CountryName":"Poland","Type of Animal":"Poultry"},"geometry":{"type":"Point","coordinates":[16.18302917,52.14067841]}},{"type":"Feature","properties":{"CountryName":"Poland","Type of Animal":"Poultry"},"geometry":{"type":"Point","coordinates":[16.18335908,52.13422713]}},{"type":"Feature","properties":{"CountryName":"Poland","Type of Animal":"Poultry"},"geometry":{"type":"Point","coordinates":[21.16586113,51.95947266]}},{"type":"Feature","properties":{"CountryName":"Poland","Type of Animal":"Poultry"},"geometry":{"type":"Point","coordinates":[15.76257,53.91065]}},{"type":"Feature","properties":{"CountryName":"Poland","Type of Animal":"Poultry"},"geometry":{"type":"Point","coordinates":[18.57674,50.21661]}},{"type":"Feature","properties":{"CountryName":"Poland","Type of Animal":"Poultry"},"geometry":{"type":"Point","coordinates":[22.30993,53.76173]}},{"type":"Feature","properties":{"CountryName":"Poland","Type of Animal":"Poultry"},"geometry":{"type":"Point","coordinates":[22.37056,53.67861]}},{"type":"Feature","properties":{"CountryName":"Poland","Type of Animal":"Poultry"},"geometry":{"type":"Point","coordinates":[21.15531349,51.94703674]}},{"type":"Feature","properties":{"CountryName":"Poland","Type of Animal":"Poultry"},"geometry":{"type":"Point","coordinates":[16.22361,52.49389]}},{"type":"Feature","properties":{"CountryName":"Poland","Type of Animal":"Poultry"},"geometry":{"type":"Point","coordinates":[18.78305,52.22472]}},{"type":"Feature","properties":{"CountryName":"Poland","Type of Animal":"Poultry"},"geometry":{"type":"Point","coordinates":[16.89168,52.08195]}},{"type":"Feature","properties":{"CountryName":"Poland","Type of Animal":"Poultry"},"geometry":{"type":"Point","coordinates":[16.99822,52.96656]}},{"type":"Feature","properties":{"CountryName":"Poland","Type of Animal":"Poultry"},"geometry":{"type":"Point","coordinates":[18.8038,52.24089]}},{"type":"Feature","properties":{"CountryName":"Poland","Type of Animal":"Poultry"},"geometry":{"type":"Point","coordinates":[22.88956,53.28023]}},{"type":"Feature","properties":{"CountryName":"Poland","Type of Animal":"Poultry"},"geometry":{"type":"Point","coordinates":[19.37405,50.65262]}},{"type":"Feature","properties":{"CountryName":"Poland","Type of Animal":"Poultry"},"geometry":{"type":"Point","coordinates":[19.06606,54.06506]}},{"type":"Feature","properties":{"CountryName":"Poland","Type of Animal":"Poultry"},"geometry":{"type":"Point","coordinates":[18.25711,50.2827]}},{"type":"Feature","properties":{"CountryName":"Poland","Type of Animal":"Poultry"},"geometry":{"type":"Point","coordinates":[18.12237,50.33564]}},{"type":"Feature","properties":{"CountryName":"Poland","Type of Animal":"Poultry"},"geometry":{"type":"Point","coordinates":[18.02065,50.33781]}},{"type":"Feature","properties":{"CountryName":"Poland","Type of Animal":"Poultry"},"geometry":{"type":"Point","coordinates":[17.16079,52.40305]}},{"type":"Feature","properties":{"CountryName":"Poland","Type of Animal":"Poultry"},"geometry":{"type":"Point","coordinates":[16.86985207,51.63823318]}},{"type":"Feature","properties":{"CountryName":"Poland","Type of Animal":"Poultry"},"geometry":{"type":"Point","coordinates":[16.85831,51.62158]}},{"type":"Feature","properties":{"CountryName":"Poland","Type of Animal":"Poultry"},"geometry":{"type":"Point","coordinates":[17.26655,52.04002]}},{"type":"Feature","properties":{"CountryName":"Poland","Type of Animal":"Poultry"},"geometry":{"type":"Point","coordinates":[18.26944,53.06445]}},{"type":"Feature","properties":{"CountryName":"Poland","Type of Animal":"Poultry"},"geometry":{"type":"Point","coordinates":[20.11172,51.82092]}},{"type":"Feature","properties":{"CountryName":"Poland","Type of Animal":"Poultry"},"geometry":{"type":"Point","coordinates":[16.05327,52.15886]}},{"type":"Feature","properties":{"CountryName":"Poland","Type of Animal":"Poultry"},"geometry":{"type":"Point","coordinates":[16.048,52.15567]}},{"type":"Feature","properties":{"CountryName":"Poland","Type of Animal":"Poultry"},"geometry":{"type":"Point","coordinates":[17.87889,50.34611]}},{"type":"Feature","properties":{"CountryName":"Poland","Type of Animal":"Poultry"},"geometry":{"type":"Point","coordinates":[18.6569,50.49193]}},{"type":"Feature","properties":{"CountryName":"Poland","Type of Animal":"Poultry"},"geometry":{"type":"Point","coordinates":[19.4047699,51.53085327]}},{"type":"Feature","properties":{"CountryName":"Poland","Type of Animal":"Poultry"},"geometry":{"type":"Point","coordinates":[19.34819794,51.43041992]}},{"type":"Feature","properties":{"CountryName":"Poland","Type of Animal":"Poultry"},"geometry":{"type":"Point","coordinates":[20.88016891,50.17995071]}},{"type":"Feature","properties":{"CountryName":"Poland","Type of Animal":"Poultry"},"geometry":{"type":"Point","coordinates":[22.79269,51.83832]}},{"type":"Feature","properties":{"CountryName":"Poland","Type of Animal":"Poultry"},"geometry":{"type":"Point","coordinates":[16.49278,53.20389]}},{"type":"Feature","properties":{"CountryName":"Poland","Type of Animal":"Poultry"},"geometry":{"type":"Point","coordinates":[20.30381,53.06922]}},{"type":"Feature","properties":{"CountryName":"Poland","Type of Animal":"Poultry"},"geometry":{"type":"Point","coordinates":[20.24079,52.88657]}},{"type":"Feature","properties":{"CountryName":"Poland","Type of Animal":"Poultry"},"geometry":{"type":"Point","coordinates":[14.74698,53.5776]}},{"type":"Feature","properties":{"CountryName":"Poland","Type of Animal":"Poultry"},"geometry":{"type":"Point","coordinates":[20.52017,50.07148]}},{"type":"Feature","properties":{"CountryName":"Poland","Type of Animal":"Poultry"},"geometry":{"type":"Point","coordinates":[16.10056,50.84444]}},{"type":"Feature","properties":{"CountryName":"Poland","Type of Animal":"Poultry"},"geometry":{"type":"Point","coordinates":[20.20151,52.98675]}},{"type":"Feature","properties":{"CountryName":"Poland","Type of Animal":"Poultry"},"geometry":{"type":"Point","coordinates":[14.76368332,52.18324661]}},{"type":"Feature","properties":{"CountryName":"Poland","Type of Animal":"Poultry"},"geometry":{"type":"Point","coordinates":[19.44612,51.94946]}},{"type":"Feature","properties":{"CountryName":"Poland","Type of Animal":"Poultry"},"geometry":{"type":"Point","coordinates":[20.44705,53.19029]}},{"type":"Feature","properties":{"CountryName":"Poland","Type of Animal":"Poultry"},"geometry":{"type":"Point","coordinates":[18.17477,53.0695]}},{"type":"Feature","properties":{"CountryName":"Poland","Type of Animal":"Poultry"},"geometry":{"type":"Point","coordinates":[18.17037,53.07233]}},{"type":"Feature","properties":{"CountryName":"Poland","Type of Animal":"Poultry"},"geometry":{"type":"Point","coordinates":[22.27438,50.07958]}},{"type":"Feature","properties":{"CountryName":"Poland","Type of Animal":"Poultry"},"geometry":{"type":"Point","coordinates":[17.59053,50.64772]}},{"type":"Feature","properties":{"CountryName":"Poland","Type of Animal":"Poultry"},"geometry":{"type":"Point","coordinates":[17.01465,52.97532]}},{"type":"Feature","properties":{"CountryName":"Poland","Type of Animal":"Poultry"},"geometry":{"type":"Point","coordinates":[17.41631,52.18263]}},{"type":"Feature","properties":{"CountryName":"Poland","Type of Animal":"Poultry"},"geometry":{"type":"Point","coordinates":[17.33663,52.17985]}},{"type":"Feature","properties":{"CountryName":"Poland","Type of Animal":"Poultry"},"geometry":{"type":"Point","coordinates":[18.65868,50.11876]}},{"type":"Feature","properties":{"CountryName":"Poland","Type of Animal":"Poultry"},"geometry":{"type":"Point","coordinates":[18.65868,50.11876]}},{"type":"Feature","properties":{"CountryName":"Poland","Type of Animal":"Poultry"},"geometry":{"type":"Point","coordinates":[20.06529,53.08566]}},{"type":"Feature","properties":{"CountryName":"Poland","Type of Animal":"Poultry"},"geometry":{"type":"Point","coordinates":[20.0686,53.08576]}},{"type":"Feature","properties":{"CountryName":"Poland","Type of Animal":"Poultry"},"geometry":{"type":"Point","coordinates":[16.1366,52.1461]}},{"type":"Feature","properties":{"CountryName":"Poland","Type of Animal":"Poultry"},"geometry":{"type":"Point","coordinates":[17.02431,52.8655]}},{"type":"Feature","properties":{"CountryName":"Poland","Type of Animal":"Poultry"},"geometry":{"type":"Point","coordinates":[17.43283,50.76147]}},{"type":"Feature","properties":{"CountryName":"Poland","Type of Animal":"Poultry"},"geometry":{"type":"Point","coordinates":[16.70013149,52.20104531]}},{"type":"Feature","properties":{"CountryName":"Poland","Type of Animal":"Poultry"},"geometry":{"type":"Point","coordinates":[18.72247,50.65934]}},{"type":"Feature","properties":{"CountryName":"Poland","Type of Animal":"Poultry"},"geometry":{"type":"Point","coordinates":[19.38373,49.99355]}},{"type":"Feature","properties":{"CountryName":"Poland","Type of Animal":"Poultry"},"geometry":{"type":"Point","coordinates":[19.86016,53.16961]}},{"type":"Feature","properties":{"CountryName":"Poland","Type of Animal":"Poultry"},"geometry":{"type":"Point","coordinates":[19.86224,53.18306]}},{"type":"Feature","properties":{"CountryName":"Poland","Type of Animal":"Poultry"},"geometry":{"type":"Point","coordinates":[19.86631,53.24965]}},{"type":"Feature","properties":{"CountryName":"Poland","Type of Animal":"Poultry"},"geometry":{"type":"Point","coordinates":[19.86086,53.16978]}},{"type":"Feature","properties":{"CountryName":"Poland","Type of Animal":"Poultry"},"geometry":{"type":"Point","coordinates":[18.18637,52.74248]}},{"type":"Feature","properties":{"CountryName":"Poland","Type of Animal":"Poultry"},"geometry":{"type":"Point","coordinates":[19.87745,52.18404]}},{"type":"Feature","properties":{"CountryName":"Poland","Type of Animal":"Poultry"},"geometry":{"type":"Point","coordinates":[17.91223,50.52]}},{"type":"Feature","properties":{"CountryName":"Poland","Type of Animal":"Poultry"},"geometry":{"type":"Point","coordinates":[20.14167,52.96511]}},{"type":"Feature","properties":{"CountryName":"Poland","Type of Animal":"Poultry"},"geometry":{"type":"Point","coordinates":[18.26903,53.06453]}},{"type":"Feature","properties":{"CountryName":"Poland","Type of Animal":"Poultry"},"geometry":{"type":"Point","coordinates":[19.8289,53.01307]}},{"type":"Feature","properties":{"CountryName":"Poland","Type of Animal":"Poultry"},"geometry":{"type":"Point","coordinates":[16.2089,52.44963]}},{"type":"Feature","properties":{"CountryName":"Poland","Type of Animal":"Poultry"},"geometry":{"type":"Point","coordinates":[16.61289,52.90197]}},{"type":"Feature","properties":{"CountryName":"Poland","Type of Animal":"Poultry"},"geometry":{"type":"Point","coordinates":[16.69777,52.97254]}},{"type":"Feature","properties":{"CountryName":"Poland","Type of Animal":"Poultry"},"geometry":{"type":"Point","coordinates":[17.55782509,54.20756912]}},{"type":"Feature","properties":{"CountryName":"Poland","Type of Animal":"Poultry"},"geometry":{"type":"Point","coordinates":[18.29803,52.92859]}},{"type":"Feature","properties":{"CountryName":"Poland","Type of Animal":"Poultry"},"geometry":{"type":"Point","coordinates":[18.68876,49.93332]}},{"type":"Feature","properties":{"CountryName":"Poland","Type of Animal":"Poultry"},"geometry":{"type":"Point","coordinates":[20.02709,53.04149]}},{"type":"Feature","properties":{"CountryName":"Poland","Type of Animal":"Poultry"},"geometry":{"type":"Point","coordinates":[17.84909821,53.50181198]}},{"type":"Feature","properties":{"CountryName":"Poland","Type of Animal":"Poultry"},"geometry":{"type":"Point","coordinates":[15.37356,51.59578]}},{"type":"Feature","properties":{"CountryName":"Poland","Type of Animal":"Poultry"},"geometry":{"type":"Point","coordinates":[15.40928,52.32573]}},{"type":"Feature","properties":{"CountryName":"Poland","Type of Animal":"Poultry"},"geometry":{"type":"Point","coordinates":[15.40928268,52.32572556]}},{"type":"Feature","properties":{"CountryName":"Poland","Type of Animal":"Poultry"},"geometry":{"type":"Point","coordinates":[20.26993,52.78615]}},{"type":"Feature","properties":{"CountryName":"Poland","Type of Animal":"Poultry"},"geometry":{"type":"Point","coordinates":[18.16481,53.06277]}},{"type":"Feature","properties":{"CountryName":"Poland","Type of Animal":"Poultry"},"geometry":{"type":"Point","coordinates":[17.16313,53.57885]}},{"type":"Feature","properties":{"CountryName":"Poland","Type of Animal":"Poultry"},"geometry":{"type":"Point","coordinates":[20.43907928,53.19541931]}},{"type":"Feature","properties":{"CountryName":"Poland","Type of Animal":"Poultry"},"geometry":{"type":"Point","coordinates":[20.29127,52.9548]}},{"type":"Feature","properties":{"CountryName":"Poland","Type of Animal":"Poultry"},"geometry":{"type":"Point","coordinates":[15.80763054,51.71313858]}},{"type":"Feature","properties":{"CountryName":"Poland","Type of Animal":"Poultry"},"geometry":{"type":"Point","coordinates":[16.67099,52.26051]}},{"type":"Feature","properties":{"CountryName":"Poland","Type of Animal":"Poultry"},"geometry":{"type":"Point","coordinates":[16.67098808,52.26050949]}},{"type":"Feature","properties":{"CountryName":"Poland","Type of Animal":"Poultry"},"geometry":{"type":"Point","coordinates":[16.69823,52.24863]}},{"type":"Feature","properties":{"CountryName":"Poland","Type of Animal":"Poultry"},"geometry":{"type":"Point","coordinates":[20.23414,52.97704]}},{"type":"Feature","properties":{"CountryName":"Poland","Type of Animal":"Poultry"},"geometry":{"type":"Point","coordinates":[20.23201,52.97754]}},{"type":"Feature","properties":{"CountryName":"Poland","Type of Animal":"Poultry"},"geometry":{"type":"Point","coordinates":[20.34616,53.07472]}},{"type":"Feature","properties":{"CountryName":"Poland","Type of Animal":"Poultry"},"geometry":{"type":"Point","coordinates":[16.12969398,52.04577255]}},{"type":"Feature","properties":{"CountryName":"Poland","Type of Animal":"Poultry"},"geometry":{"type":"Point","coordinates":[18.70505,52.79005]}},{"type":"Feature","properties":{"CountryName":"Poland","Type of Animal":"Poultry"},"geometry":{"type":"Point","coordinates":[23.84723,50.78081]}},{"type":"Feature","properties":{"CountryName":"Poland","Type of Animal":"Poultry"},"geometry":{"type":"Point","coordinates":[16.70417,52.26556]}},{"type":"Feature","properties":{"CountryName":"Poland","Type of Animal":"Poultry"},"geometry":{"type":"Point","coordinates":[16.44889,52.48167]}},{"type":"Feature","properties":{"CountryName":"Poland","Type of Animal":"Poultry"},"geometry":{"type":"Point","coordinates":[16.47056,52.37722]}},{"type":"Feature","properties":{"CountryName":"Poland","Type of Animal":"Poultry"},"geometry":{"type":"Point","coordinates":[15.94219,52.15512]}},{"type":"Feature","properties":{"CountryName":"Poland","Type of Animal":"Poultry"},"geometry":{"type":"Point","coordinates":[20.86149,52.35956]}},{"type":"Feature","properties":{"CountryName":"Poland","Type of Animal":"Poultry"},"geometry":{"type":"Point","coordinates":[20.06993,53.08411]}},{"type":"Feature","properties":{"CountryName":"Poland","Type of Animal":"Poultry"},"geometry":{"type":"Point","coordinates":[17.16447,52.25272]}},{"type":"Feature","properties":{"CountryName":"Poland","Type of Animal":"Poultry"},"geometry":{"type":"Point","coordinates":[20.46828,52.38427]}},{"type":"Feature","properties":{"CountryName":"Poland","Type of Animal":"Poultry"},"geometry":{"type":"Point","coordinates":[20.5545,51.95252]}},{"type":"Feature","properties":{"CountryName":"Poland","Type of Animal":"Poultry"},"geometry":{"type":"Point","coordinates":[16.68959,52.88757]}},{"type":"Feature","properties":{"CountryName":"Poland","Type of Animal":"Poultry"},"geometry":{"type":"Point","coordinates":[16.68959045,52.88756943]}},{"type":"Feature","properties":{"CountryName":"Poland","Type of Animal":"Poultry"},"geometry":{"type":"Point","coordinates":[18.26793,52.56849]}},{"type":"Feature","properties":{"CountryName":"Poland","Type of Animal":"Poultry"},"geometry":{"type":"Point","coordinates":[18.67022,52.77713]}},{"type":"Feature","properties":{"CountryName":"Poland","Type of Animal":"Poultry"},"geometry":{"type":"Point","coordinates":[22.08086,52.05302]}},{"type":"Feature","properties":{"CountryName":"Poland","Type of Animal":"Poultry"},"geometry":{"type":"Point","coordinates":[20.7996,52.94667]}},{"type":"Feature","properties":{"CountryName":"Poland","Type of Animal":"Poultry"},"geometry":{"type":"Point","coordinates":[22.09788,52.05894]}},{"type":"Feature","properties":{"CountryName":"Poland","Type of Animal":"Poultry"},"geometry":{"type":"Point","coordinates":[16.35748,52.63786]}},{"type":"Feature","properties":{"CountryName":"Poland","Type of Animal":"Poultry"},"geometry":{"type":"Point","coordinates":[16.75311,52.22873]}},{"type":"Feature","properties":{"CountryName":"Poland","Type of Animal":"Poultry"},"geometry":{"type":"Point","coordinates":[16.20039,50.86866]}},{"type":"Feature","properties":{"CountryName":"Poland","Type of Animal":"Poultry"},"geometry":{"type":"Point","coordinates":[16.20833,50.85925]}},{"type":"Feature","properties":{"CountryName":"Poland","Type of Animal":"Poultry"},"geometry":{"type":"Point","coordinates":[20.09743,53.00863]}},{"type":"Feature","properties":{"CountryName":"Poland","Type of Animal":"Poultry"},"geometry":{"type":"Point","coordinates":[19.85808,53.07165]}},{"type":"Feature","properties":{"CountryName":"Poland","Type of Animal":"Poultry"},"geometry":{"type":"Point","coordinates":[20.31915,53.01711]}},{"type":"Feature","properties":{"CountryName":"Poland","Type of Animal":"Poultry"},"geometry":{"type":"Point","coordinates":[20.3247509,53.03619766]}},{"type":"Feature","properties":{"CountryName":"Poland","Type of Animal":"Poultry"},"geometry":{"type":"Point","coordinates":[20.3247509,53.03619766]}},{"type":"Feature","properties":{"CountryName":"Poland","Type of Animal":"Poultry"},"geometry":{"type":"Point","coordinates":[20.31558,53.01708]}},{"type":"Feature","properties":{"CountryName":"Poland","Type of Animal":"Poultry"},"geometry":{"type":"Point","coordinates":[19.55211,53.13322]}},{"type":"Feature","properties":{"CountryName":"Poland","Type of Animal":"Poultry"},"geometry":{"type":"Point","coordinates":[20.23333,52.97447]}},{"type":"Feature","properties":{"CountryName":"Poland","Type of Animal":"Poultry"},"geometry":{"type":"Point","coordinates":[20.0459,53.05206]}},{"type":"Feature","properties":{"CountryName":"Poland","Type of Animal":"Poultry"},"geometry":{"type":"Point","coordinates":[16.27969,52.09093]}},{"type":"Feature","properties":{"CountryName":"Poland","Type of Animal":"Poultry"},"geometry":{"type":"Point","coordinates":[20.54776,52.79475]}},{"type":"Feature","properties":{"CountryName":"Poland","Type of Animal":"Poultry"},"geometry":{"type":"Point","coordinates":[17.63371,50.33889]}},{"type":"Feature","properties":{"CountryName":"Poland","Type of Animal":"Poultry"},"geometry":{"type":"Point","coordinates":[15.67515564,51.88920975]}},{"type":"Feature","properties":{"CountryName":"Poland","Type of Animal":"Poultry"},"geometry":{"type":"Point","coordinates":[18.37306,51.77611]}},{"type":"Feature","properties":{"CountryName":"Poland","Type of Animal":"Poultry"},"geometry":{"type":"Point","coordinates":[14.85139,53.35528]}},{"type":"Feature","properties":{"CountryName":"Poland","Type of Animal":"Poultry"},"geometry":{"type":"Point","coordinates":[20.43369,53.06189]}},{"type":"Feature","properties":{"CountryName":"Poland","Type of Animal":"Poultry"},"geometry":{"type":"Point","coordinates":[20.41462517,53.17211914]}},{"type":"Feature","properties":{"CountryName":"Poland","Type of Animal":"Poultry"},"geometry":{"type":"Point","coordinates":[20.41462517,53.17211914]}},{"type":"Feature","properties":{"CountryName":"Poland","Type of Animal":"Poultry"},"geometry":{"type":"Point","coordinates":[20.41462517,53.17211914]}},{"type":"Feature","properties":{"CountryName":"Poland","Type of Animal":"Poultry"},"geometry":{"type":"Point","coordinates":[20.41462517,53.17211914]}},{"type":"Feature","properties":{"CountryName":"Poland","Type of Animal":"Poultry"},"geometry":{"type":"Point","coordinates":[16.77212,54.45294]}},{"type":"Feature","properties":{"CountryName":"Poland","Type of Animal":"Poultry"},"geometry":{"type":"Point","coordinates":[16.33802605,51.8060379]}},{"type":"Feature","properties":{"CountryName":"Poland","Type of Animal":"Poultry"},"geometry":{"type":"Point","coordinates":[18.6445,50.72131]}},{"type":"Feature","properties":{"CountryName":"Poland","Type of Animal":"Poultry"},"geometry":{"type":"Point","coordinates":[19.42875,52.00308]}},{"type":"Feature","properties":{"CountryName":"Poland","Type of Animal":"Poultry"},"geometry":{"type":"Point","coordinates":[21.05519,50.08403]}},{"type":"Feature","properties":{"CountryName":"Poland","Type of Animal":"Poultry"},"geometry":{"type":"Point","coordinates":[20.99614,50.11005]}},{"type":"Feature","properties":{"CountryName":"Poland","Type of Animal":"Poultry"},"geometry":{"type":"Point","coordinates":[16.47673,53.17459]}},{"type":"Feature","properties":{"CountryName":"Poland","Type of Animal":"Poultry"},"geometry":{"type":"Point","coordinates":[20.34746,53.07718]}},{"type":"Feature","properties":{"CountryName":"Poland","Type of Animal":"Poultry"},"geometry":{"type":"Point","coordinates":[20.32492,53.07683]}},{"type":"Feature","properties":{"CountryName":"Poland","Type of Animal":"Poultry"},"geometry":{"type":"Point","coordinates":[19.53344,52.30128]}},{"type":"Feature","properties":{"CountryName":"Poland","Type of Animal":"Poultry"},"geometry":{"type":"Point","coordinates":[20.23327,52.97551]}},{"type":"Feature","properties":{"CountryName":"Poland","Type of Animal":"Poultry"},"geometry":{"type":"Point","coordinates":[22.91184,51.79712]}},{"type":"Feature","properties":{"CountryName":"Poland","Type of Animal":"Poultry"},"geometry":{"type":"Point","coordinates":[19.43528,52.04511]}},{"type":"Feature","properties":{"CountryName":"Poland","Type of Animal":"Poultry"},"geometry":{"type":"Point","coordinates":[19.3259,52.25708]}},{"type":"Feature","properties":{"CountryName":"Poland","Type of Animal":"Poultry"},"geometry":{"type":"Point","coordinates":[14.49014,53.50925]}},{"type":"Feature","properties":{"CountryName":"Poland","Type of Animal":"Poultry"},"geometry":{"type":"Point","coordinates":[14.49181,53.5095]}},{"type":"Feature","properties":{"CountryName":"Poland","Type of Animal":"Poultry"},"geometry":{"type":"Point","coordinates":[14.74997,53.52681]}},{"type":"Feature","properties":{"CountryName":"Poland","Type of Animal":"Poultry"},"geometry":{"type":"Point","coordinates":[16.14782,52.66326]}},{"type":"Feature","properties":{"CountryName":"Poland","Type of Animal":"Poultry"},"geometry":{"type":"Point","coordinates":[22.88247,51.81504]}},{"type":"Feature","properties":{"CountryName":"Poland","Type of Animal":"Poultry"},"geometry":{"type":"Point","coordinates":[18.44661,53.0695]}},{"type":"Feature","properties":{"CountryName":"Poland","Type of Animal":"Poultry"},"geometry":{"type":"Point","coordinates":[18.44660759,53.06949997]}},{"type":"Feature","properties":{"CountryName":"Poland","Type of Animal":"Poultry"},"geometry":{"type":"Point","coordinates":[18.44660759,53.06949997]}},{"type":"Feature","properties":{"CountryName":"Poland","Type of Animal":"Poultry"},"geometry":{"type":"Point","coordinates":[18.44660759,53.06949997]}},{"type":"Feature","properties":{"CountryName":"Poland","Type of Animal":"Poultry"},"geometry":{"type":"Point","coordinates":[17.17332,52.99311]}},{"type":"Feature","properties":{"CountryName":"Poland","Type of Animal":"Poultry"},"geometry":{"type":"Point","coordinates":[18.62181,53.07925]}},{"type":"Feature","properties":{"CountryName":"Poland","Type of Animal":"Poultry"},"geometry":{"type":"Point","coordinates":[19.87161,50.85114]}},{"type":"Feature","properties":{"CountryName":"Poland","Type of Animal":"Poultry"},"geometry":{"type":"Point","coordinates":[19.19086,52.85706]}},{"type":"Feature","properties":{"CountryName":"Poland","Type of Animal":"Poultry"},"geometry":{"type":"Point","coordinates":[22.76917,52.02828]}},{"type":"Feature","properties":{"CountryName":"Poland","Type of Animal":"Poultry"},"geometry":{"type":"Point","coordinates":[17.07647,52.87746]}},{"type":"Feature","properties":{"CountryName":"Poland","Type of Animal":"Poultry"},"geometry":{"type":"Point","coordinates":[19.61695,52.07306]}},{"type":"Feature","properties":{"CountryName":"Poland","Type of Animal":"Poultry"},"geometry":{"type":"Point","coordinates":[22.84639168,51.93527985]}},{"type":"Feature","properties":{"CountryName":"Poland","Type of Animal":"Poultry"},"geometry":{"type":"Point","coordinates":[16.35213,52.1874]}},{"type":"Feature","properties":{"CountryName":"Poland","Type of Animal":"Poultry"},"geometry":{"type":"Point","coordinates":[21.36016655,51.33649826]}},{"type":"Feature","properties":{"CountryName":"Poland","Type of Animal":"Poultry"},"geometry":{"type":"Point","coordinates":[19.93678,53.08339]}},{"type":"Feature","properties":{"CountryName":"Poland","Type of Animal":"Poultry"},"geometry":{"type":"Point","coordinates":[19.93677902,53.0833931]}},{"type":"Feature","properties":{"CountryName":"Poland","Type of Animal":"Poultry"},"geometry":{"type":"Point","coordinates":[17.01863,52.96796]}},{"type":"Feature","properties":{"CountryName":"Poland","Type of Animal":"Poultry"},"geometry":{"type":"Point","coordinates":[22.82185,51.85485]}},{"type":"Feature","properties":{"CountryName":"Poland","Type of Animal":"Poultry"},"geometry":{"type":"Point","coordinates":[19.74002,53.43207]}},{"type":"Feature","properties":{"CountryName":"Poland","Type of Animal":"Poultry"},"geometry":{"type":"Point","coordinates":[19.33369,52.21684]}},{"type":"Feature","properties":{"CountryName":"Poland","Type of Animal":"Poultry"},"geometry":{"type":"Point","coordinates":[17.25381,52.2622]}},{"type":"Feature","properties":{"CountryName":"Poland","Type of Animal":"Poultry"},"geometry":{"type":"Point","coordinates":[21.78141,54.07723]}},{"type":"Feature","properties":{"CountryName":"Poland","Type of Animal":"Poultry"},"geometry":{"type":"Point","coordinates":[16.64495,52.27081]}},{"type":"Feature","properties":{"CountryName":"Poland","Type of Animal":"Poultry"},"geometry":{"type":"Point","coordinates":[22.88779,52.05672]}},{"type":"Feature","properties":{"CountryName":"Poland","Type of Animal":"Poultry"},"geometry":{"type":"Point","coordinates":[19.84825,53.09701]}},{"type":"Feature","properties":{"CountryName":"Poland","Type of Animal":"Poultry"},"geometry":{"type":"Point","coordinates":[14.73669,53.61214]}},{"type":"Feature","properties":{"CountryName":"Poland","Type of Animal":"Poultry"},"geometry":{"type":"Point","coordinates":[19.97763,52.99488]}},{"type":"Feature","properties":{"CountryName":"Poland","Type of Animal":"Poultry"},"geometry":{"type":"Point","coordinates":[18.71396,52.58678]}},{"type":"Feature","properties":{"CountryName":"Poland","Type of Animal":"Poultry"},"geometry":{"type":"Point","coordinates":[18.20031,52.74213]}},{"type":"Feature","properties":{"CountryName":"Poland","Type of Animal":"Poultry"},"geometry":{"type":"Point","coordinates":[18.18935,52.94796]}},{"type":"Feature","properties":{"CountryName":"Poland","Type of Animal":"Poultry"},"geometry":{"type":"Point","coordinates":[17.67479,52.20644]}},{"type":"Feature","properties":{"CountryName":"Poland","Type of Animal":"Poultry"},"geometry":{"type":"Point","coordinates":[18.99332,49.84283]}},{"type":"Feature","properties":{"CountryName":"Poland","Type of Animal":"Poultry"},"geometry":{"type":"Point","coordinates":[16.44722,52.48195]}},{"type":"Feature","properties":{"CountryName":"Poland","Type of Animal":"Poultry"},"geometry":{"type":"Point","coordinates":[17.90445,53.34204]}},{"type":"Feature","properties":{"CountryName":"Poland","Type of Animal":"Poultry"},"geometry":{"type":"Point","coordinates":[18.0377,54.13269]}},{"type":"Feature","properties":{"CountryName":"Poland","Type of Animal":"Poultry"},"geometry":{"type":"Point","coordinates":[21.87177,53.45396]}},{"type":"Feature","properties":{"CountryName":"Poland","Type of Animal":"Poultry"},"geometry":{"type":"Point","coordinates":[18.96251678,52.93585968]}},{"type":"Feature","properties":{"CountryName":"Poland","Type of Animal":"Poultry"},"geometry":{"type":"Point","coordinates":[17.90255,53.06129]}},{"type":"Feature","properties":{"CountryName":"Poland","Type of Animal":"Poultry"},"geometry":{"type":"Point","coordinates":[19.44344,52.05532]}},{"type":"Feature","properties":{"CountryName":"Poland","Type of Animal":"Poultry"},"geometry":{"type":"Point","coordinates":[18.45611,50.72301]}},{"type":"Feature","properties":{"CountryName":"Poland","Type of Animal":"Poultry"},"geometry":{"type":"Point","coordinates":[17.01831,53.24518]}},{"type":"Feature","properties":{"CountryName":"Poland","Type of Animal":"Poultry"},"geometry":{"type":"Point","coordinates":[16.99119,53.19132]}},{"type":"Feature","properties":{"CountryName":"Poland","Type of Animal":"Poultry"},"geometry":{"type":"Point","coordinates":[15.85071278,52.45919418]}},{"type":"Feature","properties":{"CountryName":"Poland","Type of Animal":"Poultry"},"geometry":{"type":"Point","coordinates":[19.49655,53.67562]}},{"type":"Feature","properties":{"CountryName":"Poland","Type of Animal":"Poultry"},"geometry":{"type":"Point","coordinates":[22.77834,52.19094]}},{"type":"Feature","properties":{"CountryName":"Poland","Type of Animal":"Poultry"},"geometry":{"type":"Point","coordinates":[20.27094,52.78748]}},{"type":"Feature","properties":{"CountryName":"Poland","Type of Animal":"Poultry"},"geometry":{"type":"Point","coordinates":[20.17,52.09728]}},{"type":"Feature","properties":{"CountryName":"Poland","Type of Animal":"Poultry"},"geometry":{"type":"Point","coordinates":[19.87765,52.92912]}},{"type":"Feature","properties":{"CountryName":"Poland","Type of Animal":"Poultry"},"geometry":{"type":"Point","coordinates":[19.85056,53.07097]}},{"type":"Feature","properties":{"CountryName":"Poland","Type of Animal":"Poultry"},"geometry":{"type":"Point","coordinates":[20.00682,51.80015]}},{"type":"Feature","properties":{"CountryName":"Poland","Type of Animal":"Poultry"},"geometry":{"type":"Point","coordinates":[18.85472,52.36872]}},{"type":"Feature","properties":{"CountryName":"Poland","Type of Animal":"Poultry"},"geometry":{"type":"Point","coordinates":[18.76331,52.58278]}},{"type":"Feature","properties":{"CountryName":"Poland","Type of Animal":"Poultry"},"geometry":{"type":"Point","coordinates":[20.0487,52.95719]}},{"type":"Feature","properties":{"CountryName":"Poland","Type of Animal":"Poultry"},"geometry":{"type":"Point","coordinates":[18.71645,52.59144]}},{"type":"Feature","properties":{"CountryName":"Poland","Type of Animal":"Poultry"},"geometry":{"type":"Point","coordinates":[16.58705,53.4615]}},{"type":"Feature","properties":{"CountryName":"Poland","Type of Animal":"Poultry"},"geometry":{"type":"Point","coordinates":[16.96851921,53.38085175]}},{"type":"Feature","properties":{"CountryName":"Poland","Type of Animal":"Poultry"},"geometry":{"type":"Point","coordinates":[18.71572,52.59055]}},{"type":"Feature","properties":{"CountryName":"Poland","Type of Animal":"Poultry"},"geometry":{"type":"Point","coordinates":[20.04041,52.9572]}},{"type":"Feature","properties":{"CountryName":"Poland","Type of Animal":"Poultry"},"geometry":{"type":"Point","coordinates":[17.48564,50.53428]}},{"type":"Feature","properties":{"CountryName":"Poland","Type of Animal":"Poultry"},"geometry":{"type":"Point","coordinates":[20.19867,52.9853]}},{"type":"Feature","properties":{"CountryName":"Poland","Type of Animal":"Poultry"},"geometry":{"type":"Point","coordinates":[17.90858,51.75688]}},{"type":"Feature","properties":{"CountryName":"Poland","Type of Animal":"Poultry"},"geometry":{"type":"Point","coordinates":[18.25625,51.76896]}},{"type":"Feature","properties":{"CountryName":"Poland","Type of Animal":"Poultry"},"geometry":{"type":"Point","coordinates":[18.325,51.76576]}},{"type":"Feature","properties":{"CountryName":"Poland","Type of Animal":"Poultry"},"geometry":{"type":"Point","coordinates":[18.22416,52.53741]}},{"type":"Feature","properties":{"CountryName":"Poland","Type of Animal":"Poultry"},"geometry":{"type":"Point","coordinates":[20.52739,52.82067]}},{"type":"Feature","properties":{"CountryName":"Poland","Type of Animal":"Poultry"},"geometry":{"type":"Point","coordinates":[20.19705,52.98549]}},{"type":"Feature","properties":{"CountryName":"Poland","Type of Animal":"Poultry"},"geometry":{"type":"Point","coordinates":[19.03419,53.20761]}},{"type":"Feature","properties":{"CountryName":"Poland","Type of Animal":"Poultry"},"geometry":{"type":"Point","coordinates":[22.2245,52.33105]}},{"type":"Feature","properties":{"CountryName":"Poland","Type of Animal":"Poultry"},"geometry":{"type":"Point","coordinates":[16.25734138,52.19177628]}},{"type":"Feature","properties":{"CountryName":"Poland","Type of Animal":"Poultry"},"geometry":{"type":"Point","coordinates":[16.22353363,52.25043488]}},{"type":"Feature","properties":{"CountryName":"Poland","Type of Animal":"Poultry"},"geometry":{"type":"Point","coordinates":[16.20048141,52.22418213]}},{"type":"Feature","properties":{"CountryName":"Poland","Type of Animal":"Poultry"},"geometry":{"type":"Point","coordinates":[16.12513351,52.09444427]}},{"type":"Feature","properties":{"CountryName":"Poland","Type of Animal":"Poultry"},"geometry":{"type":"Point","coordinates":[16.12318,52.16738]}},{"type":"Feature","properties":{"CountryName":"Poland","Type of Animal":"Poultry"},"geometry":{"type":"Point","coordinates":[16.37897491,52.42819977]}},{"type":"Feature","properties":{"CountryName":"Poland","Type of Animal":"Poultry"},"geometry":{"type":"Point","coordinates":[16.13023,52.08786]}},{"type":"Feature","properties":{"CountryName":"Poland","Type of Animal":"Poultry"},"geometry":{"type":"Point","coordinates":[19.3635,52.15322]}},{"type":"Feature","properties":{"CountryName":"Poland","Type of Animal":"Poultry"},"geometry":{"type":"Point","coordinates":[18.81605,53.03471]}},{"type":"Feature","properties":{"CountryName":"Poland","Type of Animal":"Poultry"},"geometry":{"type":"Point","coordinates":[15.02997208,53.52630615]}},{"type":"Feature","properties":{"CountryName":"Poland","Type of Animal":"Poultry"},"geometry":{"type":"Point","coordinates":[19.65337753,52.2010994]}},{"type":"Feature","properties":{"CountryName":"Poland","Type of Animal":"Poultry"},"geometry":{"type":"Point","coordinates":[19.40765,53.54316]}},{"type":"Feature","properties":{"CountryName":"Poland","Type of Animal":"Poultry"},"geometry":{"type":"Point","coordinates":[19.86866,53.06718]}},{"type":"Feature","properties":{"CountryName":"Poland","Type of Animal":"Poultry"},"geometry":{"type":"Point","coordinates":[16.35466,52.18731]}},{"type":"Feature","properties":{"CountryName":"Poland","Type of Animal":"Poultry"},"geometry":{"type":"Point","coordinates":[16.66753,52.28658]}},{"type":"Feature","properties":{"CountryName":"Poland","Type of Animal":"Poultry"},"geometry":{"type":"Point","coordinates":[19.91713,52.98922]}},{"type":"Feature","properties":{"CountryName":"Poland","Type of Animal":"Poultry"},"geometry":{"type":"Point","coordinates":[16.22344,52.03035]}},{"type":"Feature","properties":{"CountryName":"Poland","Type of Animal":"Poultry"},"geometry":{"type":"Point","coordinates":[16.52817,52.32844]}},{"type":"Feature","properties":{"CountryName":"Poland","Type of Animal":"Poultry"},"geometry":{"type":"Point","coordinates":[14.72908,53.61859]}},{"type":"Feature","properties":{"CountryName":"Poland","Type of Animal":"Poultry"},"geometry":{"type":"Point","coordinates":[18.07179,50.6773]}},{"type":"Feature","properties":{"CountryName":"Poland","Type of Animal":"Poultry"},"geometry":{"type":"Point","coordinates":[17.98308,52.27501]}},{"type":"Feature","properties":{"CountryName":"Poland","Type of Animal":"Poultry"},"geometry":{"type":"Point","coordinates":[20.08817,52.9085]}},{"type":"Feature","properties":{"CountryName":"Poland","Type of Animal":"Poultry"},"geometry":{"type":"Point","coordinates":[17.3294,52.17825]}},{"type":"Feature","properties":{"CountryName":"Poland","Type of Animal":"Poultry"},"geometry":{"type":"Point","coordinates":[16.81027794,51.83805466]}},{"type":"Feature","properties":{"CountryName":"Poland","Type of Animal":"Poultry"},"geometry":{"type":"Point","coordinates":[15.97342,52.14399]}},{"type":"Feature","properties":{"CountryName":"Poland","Type of Animal":"Poultry"},"geometry":{"type":"Point","coordinates":[14.70254,53.1743]}},{"type":"Feature","properties":{"CountryName":"Poland","Type of Animal":"Poultry"},"geometry":{"type":"Point","coordinates":[16.15634,52.04838]}},{"type":"Feature","properties":{"CountryName":"Poland","Type of Animal":"Poultry"},"geometry":{"type":"Point","coordinates":[15.57443,52.15602]}},{"type":"Feature","properties":{"CountryName":"Poland","Type of Animal":"Poultry"},"geometry":{"type":"Point","coordinates":[16.17033,52.44148]}},{"type":"Feature","properties":{"CountryName":"Poland","Type of Animal":"Poultry"},"geometry":{"type":"Point","coordinates":[20.06764,53.08984]}},{"type":"Feature","properties":{"CountryName":"Poland","Type of Animal":"Poultry"},"geometry":{"type":"Point","coordinates":[20.0664711,53.09210968]}},{"type":"Feature","properties":{"CountryName":"Poland","Type of Animal":"Poultry"},"geometry":{"type":"Point","coordinates":[20.06523514,53.08986664]}},{"type":"Feature","properties":{"CountryName":"Poland","Type of Animal":"Poultry"},"geometry":{"type":"Point","coordinates":[22.3939724,52.14556885]}},{"type":"Feature","properties":{"CountryName":"Poland","Type of Animal":"Poultry"},"geometry":{"type":"Point","coordinates":[18.02472115,52.14305878]}},{"type":"Feature","properties":{"CountryName":"Poland","Type of Animal":"Poultry"},"geometry":{"type":"Point","coordinates":[15.94840813,52.10074997]}},{"type":"Feature","properties":{"CountryName":"Poland","Type of Animal":"Poultry"},"geometry":{"type":"Point","coordinates":[18.20224,52.59877]}},{"type":"Feature","properties":{"CountryName":"Poland","Type of Animal":"Poultry"},"geometry":{"type":"Point","coordinates":[17.20446,52.11308]}},{"type":"Feature","properties":{"CountryName":"Poland","Type of Animal":"Poultry"},"geometry":{"type":"Point","coordinates":[14.76016,53.85846]}},{"type":"Feature","properties":{"CountryName":"Poland","Type of Animal":"Poultry"},"geometry":{"type":"Point","coordinates":[17.20502,52.11446]}},{"type":"Feature","properties":{"CountryName":"Poland","Type of Animal":"Poultry"},"geometry":{"type":"Point","coordinates":[17.37375,52.76682]}},{"type":"Feature","properties":{"CountryName":"Poland","Type of Animal":"Poultry"},"geometry":{"type":"Point","coordinates":[20.2904377,53.03039551]}},{"type":"Feature","properties":{"CountryName":"Poland","Type of Animal":"Poultry"},"geometry":{"type":"Point","coordinates":[21.92478,51.67559]}},{"type":"Feature","properties":{"CountryName":"Poland","Type of Animal":"Poultry"},"geometry":{"type":"Point","coordinates":[18.77476,53.02611]}},{"type":"Feature","properties":{"CountryName":"Poland","Type of Animal":"Poultry"},"geometry":{"type":"Point","coordinates":[22.00472,53.6191]}},{"type":"Feature","properties":{"CountryName":"Poland","Type of Animal":"Poultry"},"geometry":{"type":"Point","coordinates":[15.15398884,53.76644135]}},{"type":"Feature","properties":{"CountryName":"Poland","Type of Animal":"Poultry"},"geometry":{"type":"Point","coordinates":[18.48334,53.13541]}},{"type":"Feature","properties":{"CountryName":"Poland","Type of Animal":"Poultry"},"geometry":{"type":"Point","coordinates":[16.93605,52.85036]}},{"type":"Feature","properties":{"CountryName":"Poland","Type of Animal":"Poultry"},"geometry":{"type":"Point","coordinates":[16.04972,52.0195]}},{"type":"Feature","properties":{"CountryName":"Poland","Type of Animal":"Poultry"},"geometry":{"type":"Point","coordinates":[17.78086,50.75825]}},{"type":"Feature","properties":{"CountryName":"Poland","Type of Animal":"Poultry"},"geometry":{"type":"Point","coordinates":[16.36792,54.18217]}},{"type":"Feature","properties":{"CountryName":"Poland","Type of Animal":"Poultry"},"geometry":{"type":"Point","coordinates":[16.1017,52.46063]}},{"type":"Feature","properties":{"CountryName":"Poland","Type of Animal":"Poultry"},"geometry":{"type":"Point","coordinates":[17.38490868,52.26766968]}},{"type":"Feature","properties":{"CountryName":"Poland","Type of Animal":"Poultry"},"geometry":{"type":"Point","coordinates":[17.38490868,52.26766968]}},{"type":"Feature","properties":{"CountryName":"Poland","Type of Animal":"Poultry"},"geometry":{"type":"Point","coordinates":[17.38812447,52.26869202]}},{"type":"Feature","properties":{"CountryName":"Poland","Type of Animal":"Poultry"},"geometry":{"type":"Point","coordinates":[18.78619,52.94144]}},{"type":"Feature","properties":{"CountryName":"Poland","Type of Animal":"Poultry"},"geometry":{"type":"Point","coordinates":[20.31954,53.01486]}},{"type":"Feature","properties":{"CountryName":"Poland","Type of Animal":"Poultry"},"geometry":{"type":"Point","coordinates":[16.93246,52.11432]}},{"type":"Feature","properties":{"CountryName":"Poland","Type of Animal":"Poultry"},"geometry":{"type":"Point","coordinates":[15.85347271,52.09095383]}},{"type":"Feature","properties":{"CountryName":"Poland","Type of Animal":"Poultry"},"geometry":{"type":"Point","coordinates":[16.20856,52.21474]}},{"type":"Feature","properties":{"CountryName":"Poland","Type of Animal":"Poultry"},"geometry":{"type":"Point","coordinates":[16.29486,52.09838]}},{"type":"Feature","properties":{"CountryName":"Poland","Type of Animal":"Poultry"},"geometry":{"type":"Point","coordinates":[16.00127,52.11905]}},{"type":"Feature","properties":{"CountryName":"Poland","Type of Animal":"Poultry"},"geometry":{"type":"Point","coordinates":[16.83277512,51.63386917]}},{"type":"Feature","properties":{"CountryName":"Poland","Type of Animal":"Poultry"},"geometry":{"type":"Point","coordinates":[16.82852936,51.63197708]}},{"type":"Feature","properties":{"CountryName":"Poland","Type of Animal":"Poultry"},"geometry":{"type":"Point","coordinates":[16.83458328,51.63188553]}},{"type":"Feature","properties":{"CountryName":"Poland","Type of Animal":"Poultry"},"geometry":{"type":"Point","coordinates":[18.35913,51.83944]}},{"type":"Feature","properties":{"CountryName":"Poland","Type of Animal":"Poultry"},"geometry":{"type":"Point","coordinates":[16.69606,52.9105]}},{"type":"Feature","properties":{"CountryName":"Poland","Type of Animal":"Poultry"},"geometry":{"type":"Point","coordinates":[22.5831,52.41528]}},{"type":"Feature","properties":{"CountryName":"Poland","Type of Animal":"Poultry"},"geometry":{"type":"Point","coordinates":[20.16583252,52.99499893]}},{"type":"Feature","properties":{"CountryName":"Poland","Type of Animal":"Poultry"},"geometry":{"type":"Point","coordinates":[15.1837,53.66291]}},{"type":"Feature","properties":{"CountryName":"Poland","Type of Animal":"Poultry"},"geometry":{"type":"Point","coordinates":[18.6726,49.86667]}},{"type":"Feature","properties":{"CountryName":"Poland","Type of Animal":"Poultry"},"geometry":{"type":"Point","coordinates":[15.95916,52.08769]}},{"type":"Feature","properties":{"CountryName":"Poland","Type of Animal":"Poultry"},"geometry":{"type":"Point","coordinates":[22.25756,50.20685]}},{"type":"Feature","properties":{"CountryName":"Poland","Type of Animal":"Poultry"},"geometry":{"type":"Point","coordinates":[16.54204,52.32539]}},{"type":"Feature","properties":{"CountryName":"Poland","Type of Animal":"Poultry"},"geometry":{"type":"Point","coordinates":[16.6739,52.25997]}},{"type":"Feature","properties":{"CountryName":"Poland","Type of Animal":"Poultry"},"geometry":{"type":"Point","coordinates":[16.67389679,52.25997162]}},{"type":"Feature","properties":{"CountryName":"Poland","Type of Animal":"Poultry"},"geometry":{"type":"Point","coordinates":[16.68187,52.22321]}},{"type":"Feature","properties":{"CountryName":"Poland","Type of Animal":"Poultry"},"geometry":{"type":"Point","coordinates":[16.67179,52.27702]}},{"type":"Feature","properties":{"CountryName":"Poland","Type of Animal":"Poultry"},"geometry":{"type":"Point","coordinates":[16.52741432,53.18282318]}},{"type":"Feature","properties":{"CountryName":"Poland","Type of Animal":"Poultry"},"geometry":{"type":"Point","coordinates":[15.7077,54.0514]}},{"type":"Feature","properties":{"CountryName":"Poland","Type of Animal":"Poultry"},"geometry":{"type":"Point","coordinates":[16.9992,53.17316]}},{"type":"Feature","properties":{"CountryName":"Poland","Type of Animal":"Poultry"},"geometry":{"type":"Point","coordinates":[20.07574,52.62252]}},{"type":"Feature","properties":{"CountryName":"Poland","Type of Animal":"Poultry"},"geometry":{"type":"Point","coordinates":[17.16668,52.56473]}},{"type":"Feature","properties":{"CountryName":"Poland","Type of Animal":"Poultry"},"geometry":{"type":"Point","coordinates":[16.95141,52.83952]}},{"type":"Feature","properties":{"CountryName":"Poland","Type of Animal":"Poultry"},"geometry":{"type":"Point","coordinates":[17.1060524,52.89836121]}},{"type":"Feature","properties":{"CountryName":"Poland","Type of Animal":"Poultry"},"geometry":{"type":"Point","coordinates":[22.39131927,52.14466476]}},{"type":"Feature","properties":{"CountryName":"Poland","Type of Animal":"Poultry"},"geometry":{"type":"Point","coordinates":[17.43022346,53.03855896]}},{"type":"Feature","properties":{"CountryName":"Poland","Type of Animal":"Poultry"},"geometry":{"type":"Point","coordinates":[19.67379,52.12054]}},{"type":"Feature","properties":{"CountryName":"Poland","Type of Animal":"Poultry"},"geometry":{"type":"Point","coordinates":[23.24784,52.91825]}},{"type":"Feature","properties":{"CountryName":"Poland","Type of Animal":"Poultry"},"geometry":{"type":"Point","coordinates":[23.2748,52.9489]}},{"type":"Feature","properties":{"CountryName":"Poland","Type of Animal":"Poultry"},"geometry":{"type":"Point","coordinates":[20.05947113,49.46927261]}},{"type":"Feature","properties":{"CountryName":"Poland","Type of Animal":"Poultry"},"geometry":{"type":"Point","coordinates":[18.71204,52.58593]}},{"type":"Feature","properties":{"CountryName":"Poland","Type of Animal":"Poultry"},"geometry":{"type":"Point","coordinates":[17.31808,52.03919]}},{"type":"Feature","properties":{"CountryName":"Poland","Type of Animal":"Poultry"},"geometry":{"type":"Point","coordinates":[19.86183,51.58503]}},{"type":"Feature","properties":{"CountryName":"Poland","Type of Animal":"Poultry"},"geometry":{"type":"Point","coordinates":[23.47945,51.35655]}},{"type":"Feature","properties":{"CountryName":"Poland","Type of Animal":"Poultry"},"geometry":{"type":"Point","coordinates":[20.09236,52.91027]}},{"type":"Feature","properties":{"CountryName":"Poland","Type of Animal":"Poultry"},"geometry":{"type":"Point","coordinates":[17.96471,54.16163]}},{"type":"Feature","properties":{"CountryName":"Poland","Type of Animal":"Poultry"},"geometry":{"type":"Point","coordinates":[19.65581,51.15845]}},{"type":"Feature","properties":{"CountryName":"Poland","Type of Animal":"Poultry"},"geometry":{"type":"Point","coordinates":[16.44889,52.4825]}},{"type":"Feature","properties":{"CountryName":"Poland","Type of Animal":"Poultry"},"geometry":{"type":"Point","coordinates":[17.82096,51.76974]}},{"type":"Feature","properties":{"CountryName":"Poland","Type of Animal":"Poultry"},"geometry":{"type":"Point","coordinates":[22.39574,52.28775]}},{"type":"Feature","properties":{"CountryName":"Poland","Type of Animal":"Poultry"},"geometry":{"type":"Point","coordinates":[22.32847,52.49864]}},{"type":"Feature","properties":{"CountryName":"Poland","Type of Animal":"Poultry"},"geometry":{"type":"Point","coordinates":[21.80807,52.13522]}},{"type":"Feature","properties":{"CountryName":"Poland","Type of Animal":"Poultry"},"geometry":{"type":"Point","coordinates":[18.67269,52.60147]}},{"type":"Feature","properties":{"CountryName":"Poland","Type of Animal":"Poultry"},"geometry":{"type":"Point","coordinates":[16.84045,52.86629]}},{"type":"Feature","properties":{"CountryName":"Poland","Type of Animal":"Poultry"},"geometry":{"type":"Point","coordinates":[23.20932,53.5339]}},{"type":"Feature","properties":{"CountryName":"Poland","Type of Animal":"Poultry"},"geometry":{"type":"Point","coordinates":[17.58429337,50.28086336]}},{"type":"Feature","properties":{"CountryName":"Poland","Type of Animal":"Poultry"},"geometry":{"type":"Point","coordinates":[18.81297,52.73066]}},{"type":"Feature","properties":{"CountryName":"Poland","Type of Animal":"Poultry"},"geometry":{"type":"Point","coordinates":[19.19972,52.86557]}},{"type":"Feature","properties":{"CountryName":"Poland","Type of Animal":"Poultry"},"geometry":{"type":"Point","coordinates":[22.21187,52.42271]}},{"type":"Feature","properties":{"CountryName":"Poland","Type of Animal":"Poultry"},"geometry":{"type":"Point","coordinates":[17.42103,52.61958]}},{"type":"Feature","properties":{"CountryName":"Poland","Type of Animal":"Poultry"},"geometry":{"type":"Point","coordinates":[17.38207,52.50675]}},{"type":"Feature","properties":{"CountryName":"Poland","Type of Animal":"Poultry"},"geometry":{"type":"Point","coordinates":[17.38855,52.51892]}},{"type":"Feature","properties":{"CountryName":"Poland","Type of Animal":"Poultry"},"geometry":{"type":"Point","coordinates":[22.85628128,52.1856308]}},{"type":"Feature","properties":{"CountryName":"Poland","Type of Animal":"Poultry"},"geometry":{"type":"Point","coordinates":[22.86576462,52.17913055]}},{"type":"Feature","properties":{"CountryName":"Poland","Type of Animal":"Poultry"},"geometry":{"type":"Point","coordinates":[22.85660553,52.18950272]}},{"type":"Feature","properties":{"CountryName":"Poland","Type of Animal":"Poultry"},"geometry":{"type":"Point","coordinates":[17.88144684,50.65045929]}},{"type":"Feature","properties":{"CountryName":"Poland","Type of Animal":"Poultry"},"geometry":{"type":"Point","coordinates":[19.61478,52.27251]}},{"type":"Feature","properties":{"CountryName":"Poland","Type of Animal":"Poultry"},"geometry":{"type":"Point","coordinates":[16.72249,52.29072]}},{"type":"Feature","properties":{"CountryName":"Poland","Type of Animal":"Poultry"},"geometry":{"type":"Point","coordinates":[16.34601,52.16283]}},{"type":"Feature","properties":{"CountryName":"Poland","Type of Animal":"Poultry"},"geometry":{"type":"Point","coordinates":[19.65465,52.18661]}},{"type":"Feature","properties":{"CountryName":"Poland","Type of Animal":"Poultry"},"geometry":{"type":"Point","coordinates":[22.04034,52.19946]}},{"type":"Feature","properties":{"CountryName":"Poland","Type of Animal":"Poultry"},"geometry":{"type":"Point","coordinates":[19.57389,52.23083]}},{"type":"Feature","properties":{"CountryName":"Poland","Type of Animal":"Poultry"},"geometry":{"type":"Point","coordinates":[23.18805504,53.49537659]}},{"type":"Feature","properties":{"CountryName":"Poland","Type of Animal":"Poultry"},"geometry":{"type":"Point","coordinates":[20.86397,51.52979]}},{"type":"Feature","properties":{"CountryName":"Poland","Type of Animal":"Poultry"},"geometry":{"type":"Point","coordinates":[19.91402,52.99404]}},{"type":"Feature","properties":{"CountryName":"Poland","Type of Animal":"Poultry"},"geometry":{"type":"Point","coordinates":[19.35095,51.42652]}},{"type":"Feature","properties":{"CountryName":"Poland","Type of Animal":"Poultry"},"geometry":{"type":"Point","coordinates":[19.34930611,51.43265915]}},{"type":"Feature","properties":{"CountryName":"Poland","Type of Animal":"Poultry"},"geometry":{"type":"Point","coordinates":[16.26176,51.97081]}},{"type":"Feature","properties":{"CountryName":"Poland","Type of Animal":"Poultry"},"geometry":{"type":"Point","coordinates":[20.22183,53.17737]}},{"type":"Feature","properties":{"CountryName":"Poland","Type of Animal":"Poultry"},"geometry":{"type":"Point","coordinates":[16.71082,52.23014]}},{"type":"Feature","properties":{"CountryName":"Poland","Type of Animal":"Poultry"},"geometry":{"type":"Point","coordinates":[22.47221756,52.14790344]}},{"type":"Feature","properties":{"CountryName":"Poland","Type of Animal":"Poultry"},"geometry":{"type":"Point","coordinates":[20.01789,53.72005]}},{"type":"Feature","properties":{"CountryName":"Poland","Type of Animal":"Poultry"},"geometry":{"type":"Point","coordinates":[15.11376,53.69329]}},{"type":"Feature","properties":{"CountryName":"Poland","Type of Animal":"Poultry"},"geometry":{"type":"Point","coordinates":[15.04173,53.59363]}},{"type":"Feature","properties":{"CountryName":"Poland","Type of Animal":"Poultry"},"geometry":{"type":"Point","coordinates":[14.82239,53.36218]}},{"type":"Feature","properties":{"CountryName":"Poland","Type of Animal":"Poultry"},"geometry":{"type":"Point","coordinates":[19.09094429,53.11235809]}},{"type":"Feature","properties":{"CountryName":"Poland","Type of Animal":"Poultry"},"geometry":{"type":"Point","coordinates":[17.97664,52.35314]}},{"type":"Feature","properties":{"CountryName":"Poland","Type of Animal":"Poultry"},"geometry":{"type":"Point","coordinates":[18.78555,52.22472]}},{"type":"Feature","properties":{"CountryName":"Poland","Type of Animal":"Poultry"},"geometry":{"type":"Point","coordinates":[20.19112,52.96639]}},{"type":"Feature","properties":{"CountryName":"Poland","Type of Animal":"Poultry"},"geometry":{"type":"Point","coordinates":[20.07873,52.96418]}},{"type":"Feature","properties":{"CountryName":"Poland","Type of Animal":"Poultry"},"geometry":{"type":"Point","coordinates":[20.11638,53.31461]}},{"type":"Feature","properties":{"CountryName":"Poland","Type of Animal":"Poultry"},"geometry":{"type":"Point","coordinates":[20.22017,52.94914]}},{"type":"Feature","properties":{"CountryName":"Poland","Type of Animal":"Poultry"},"geometry":{"type":"Point","coordinates":[22.22639,52.33083]}},{"type":"Feature","properties":{"CountryName":"Poland","Type of Animal":"Poultry"},"geometry":{"type":"Point","coordinates":[19.40223,52.0117]}},{"type":"Feature","properties":{"CountryName":"Poland","Type of Animal":"Poultry"},"geometry":{"type":"Point","coordinates":[20.84110069,52.92320251]}},{"type":"Feature","properties":{"CountryName":"Poland","Type of Animal":"Poultry"},"geometry":{"type":"Point","coordinates":[19.91315,52.99524]}},{"type":"Feature","properties":{"CountryName":"Poland","Type of Animal":"Poultry"},"geometry":{"type":"Point","coordinates":[20.11858,49.8867]}},{"type":"Feature","properties":{"CountryName":"Poland","Type of Animal":"Poultry"},"geometry":{"type":"Point","coordinates":[18.93745,52.82192]}},{"type":"Feature","properties":{"CountryName":"Poland","Type of Animal":"Poultry"},"geometry":{"type":"Point","coordinates":[18.80741,52.79852]}},{"type":"Feature","properties":{"CountryName":"Poland","Type of Animal":"Poultry"},"geometry":{"type":"Point","coordinates":[18.69859,52.59968]}},{"type":"Feature","properties":{"CountryName":"Poland","Type of Animal":"Poultry"},"geometry":{"type":"Point","coordinates":[17.9165554,50.27472305]}},{"type":"Feature","properties":{"CountryName":"Poland","Type of Animal":"Poultry"},"geometry":{"type":"Point","coordinates":[19.17994,49.95883]}},{"type":"Feature","properties":{"CountryName":"Poland","Type of Animal":"Poultry"},"geometry":{"type":"Point","coordinates":[22.19215,52.46406]}},{"type":"Feature","properties":{"CountryName":"Poland","Type of Animal":"Poultry"},"geometry":{"type":"Point","coordinates":[15.92792,52.06454]}},{"type":"Feature","properties":{"CountryName":"Poland","Type of Animal":"Poultry"},"geometry":{"type":"Point","coordinates":[19.84100151,51.77286148]}},{"type":"Feature","properties":{"CountryName":"Poland","Type of Animal":"Poultry"},"geometry":{"type":"Point","coordinates":[19.82988167,52.89956665]}},{"type":"Feature","properties":{"CountryName":"Poland","Type of Animal":"Poultry"},"geometry":{"type":"Point","coordinates":[22.2210331,52.61638641]}},{"type":"Feature","properties":{"CountryName":"Poland","Type of Animal":"Poultry"},"geometry":{"type":"Point","coordinates":[20.29594,53.31089]}},{"type":"Feature","properties":{"CountryName":"Poland","Type of Animal":"Poultry"},"geometry":{"type":"Point","coordinates":[22.37837791,52.25130844]}},{"type":"Feature","properties":{"CountryName":"Poland","Type of Animal":"Poultry"},"geometry":{"type":"Point","coordinates":[22.46211,52.12757]}},{"type":"Feature","properties":{"CountryName":"Poland","Type of Animal":"Poultry"},"geometry":{"type":"Point","coordinates":[22.64636,52.22106]}},{"type":"Feature","properties":{"CountryName":"Poland","Type of Animal":"Poultry"},"geometry":{"type":"Point","coordinates":[22.85389,51.65806]}},{"type":"Feature","properties":{"CountryName":"Poland","Type of Animal":"Poultry"},"geometry":{"type":"Point","coordinates":[22.32251,51.37122]}},{"type":"Feature","properties":{"CountryName":"Poland","Type of Animal":"Poultry"},"geometry":{"type":"Point","coordinates":[22.40036,52.04102]}},{"type":"Feature","properties":{"CountryName":"Poland","Type of Animal":"Poultry"},"geometry":{"type":"Point","coordinates":[23.21089,53.5195]}},{"type":"Feature","properties":{"CountryName":"Poland","Type of Animal":"Poultry"},"geometry":{"type":"Point","coordinates":[19.59691,52.18368]}},{"type":"Feature","properties":{"CountryName":"Poland","Type of Animal":"Poultry"},"geometry":{"type":"Point","coordinates":[19.59553146,52.18405151]}},{"type":"Feature","properties":{"CountryName":"Poland","Type of Animal":"Poultry"},"geometry":{"type":"Point","coordinates":[20.31565,52.99158]}},{"type":"Feature","properties":{"CountryName":"Poland","Type of Animal":"Poultry"},"geometry":{"type":"Point","coordinates":[16.22852,52.24527]}},{"type":"Feature","properties":{"CountryName":"Poland","Type of Animal":"Poultry"},"geometry":{"type":"Point","coordinates":[16.26208115,52.22587204]}},{"type":"Feature","properties":{"CountryName":"Poland","Type of Animal":"Poultry"},"geometry":{"type":"Point","coordinates":[19.98750496,53.04307175]}},{"type":"Feature","properties":{"CountryName":"Poland","Type of Animal":"Poultry"},"geometry":{"type":"Point","coordinates":[22.60547,51.98405]}},{"type":"Feature","properties":{"CountryName":"Poland","Type of Animal":"Poultry"},"geometry":{"type":"Point","coordinates":[15.7965889,51.38767242]}},{"type":"Feature","properties":{"CountryName":"Poland","Type of Animal":"Poultry"},"geometry":{"type":"Point","coordinates":[15.76823044,51.3991394]}},{"type":"Feature","properties":{"CountryName":"Poland","Type of Animal":"Poultry"},"geometry":{"type":"Point","coordinates":[16.65999985,51.14644623]}},{"type":"Feature","properties":{"CountryName":"Poland","Type of Animal":"Poultry"},"geometry":{"type":"Point","coordinates":[16.41277695,51.08777618]}},{"type":"Feature","properties":{"CountryName":"Poland","Type of Animal":"Poultry"},"geometry":{"type":"Point","coordinates":[14.7167387,53.41886902]}},{"type":"Feature","properties":{"CountryName":"Poland","Type of Animal":"Poultry"},"geometry":{"type":"Point","coordinates":[17.73622894,51.30783081]}},{"type":"Feature","properties":{"CountryName":"Poland","Type of Animal":"Poultry"},"geometry":{"type":"Point","coordinates":[17.18080521,53.05088806]}},{"type":"Feature","properties":{"CountryName":"Poland","Type of Animal":"Poultry"},"geometry":{"type":"Point","coordinates":[16.37126923,52.3755188]}},{"type":"Feature","properties":{"CountryName":"Poland","Type of Animal":"Poultry"},"geometry":{"type":"Point","coordinates":[21.00793648,53.9183197]}},{"type":"Feature","properties":{"CountryName":"Poland","Type of Animal":"Poultry"},"geometry":{"type":"Point","coordinates":[17.10411072,51.66144562]}},{"type":"Feature","properties":{"CountryName":"Poland","Type of Animal":"Poultry"},"geometry":{"type":"Point","coordinates":[17.03841591,51.25858307]}},{"type":"Feature","properties":{"CountryName":"Poland","Type of Animal":"Poultry"},"geometry":{"type":"Point","coordinates":[17.06991768,51.2508049]}},{"type":"Feature","properties":{"CountryName":"Poland","Type of Animal":"Poultry"},"geometry":{"type":"Point","coordinates":[17.08595848,51.24230194]}},{"type":"Feature","properties":{"CountryName":"Poland","Type of Animal":"Poultry"},"geometry":{"type":"Point","coordinates":[15.30292225,53.42622757]}},{"type":"Feature","properties":{"CountryName":"Poland","Type of Animal":"Poultry"},"geometry":{"type":"Point","coordinates":[19.46722221,52.06083298]}},{"type":"Feature","properties":{"CountryName":"Poland","Type of Animal":"Poultry"},"geometry":{"type":"Point","coordinates":[15.79205322,51.74157715]}},{"type":"Feature","properties":{"CountryName":"Poland","Type of Animal":"Poultry"},"geometry":{"type":"Point","coordinates":[15.71431923,51.77375031]}},{"type":"Feature","properties":{"CountryName":"Poland","Type of Animal":"Poultry"},"geometry":{"type":"Point","coordinates":[18.28193665,53.49329758]}},{"type":"Feature","properties":{"CountryName":"Poland","Type of Animal":"Poultry"},"geometry":{"type":"Point","coordinates":[22.59694481,50.48477936]}},{"type":"Feature","properties":{"CountryName":"Poland","Type of Animal":"Poultry"},"geometry":{"type":"Point","coordinates":[15.21076679,53.75680542]}},{"type":"Feature","properties":{"CountryName":"Poland","Type of Animal":"Poultry"},"geometry":{"type":"Point","coordinates":[18.72212601,49.76786804]}},{"type":"Feature","properties":{"CountryName":"Poland","Type of Animal":"Poultry"},"geometry":{"type":"Point","coordinates":[18.15846825,53.43787766]}},{"type":"Feature","properties":{"CountryName":"Poland","Type of Animal":"Poultry"},"geometry":{"type":"Point","coordinates":[16.15712929,52.06371307]}},{"type":"Feature","properties":{"CountryName":"Poland","Type of Animal":"Poultry"},"geometry":{"type":"Point","coordinates":[18.16035271,53.06535339]}},{"type":"Feature","properties":{"CountryName":"Poland","Type of Animal":"Poultry"},"geometry":{"type":"Point","coordinates":[21.0614357,50.01198196]}},{"type":"Feature","properties":{"CountryName":"Poland","Type of Animal":"Poultry"},"geometry":{"type":"Point","coordinates":[14.54583359,53.56777573]}},{"type":"Feature","properties":{"CountryName":"Poland","Type of Animal":"Poultry"},"geometry":{"type":"Point","coordinates":[18.3408699,53.10088348]}},{"type":"Feature","properties":{"CountryName":"Poland","Type of Animal":"Poultry"},"geometry":{"type":"Point","coordinates":[17.64722252,50.30999756]}},{"type":"Feature","properties":{"CountryName":"Poland","Type of Animal":"Poultry"},"geometry":{"type":"Point","coordinates":[17.00016403,52.23701096]}},{"type":"Feature","properties":{"CountryName":"Poland","Type of Animal":"Poultry"},"geometry":{"type":"Point","coordinates":[17.51021194,50.40132141]}},{"type":"Feature","properties":{"CountryName":"Poland","Type of Animal":"Poultry"},"geometry":{"type":"Point","coordinates":[19.86112785,53.1162529]}},{"type":"Feature","properties":{"CountryName":"Poland","Type of Animal":"Poultry"},"geometry":{"type":"Point","coordinates":[16.12325287,52.08678818]}},{"type":"Feature","properties":{"CountryName":"Poland","Type of Animal":"Poultry"},"geometry":{"type":"Point","coordinates":[19.43000031,51.99972153]}},{"type":"Feature","properties":{"CountryName":"Poland","Type of Animal":"Poultry"},"geometry":{"type":"Point","coordinates":[15.68811989,51.76125717]}},{"type":"Feature","properties":{"CountryName":"Poland","Type of Animal":"Poultry"},"geometry":{"type":"Point","coordinates":[17.9018364,50.71206665]}},{"type":"Feature","properties":{"CountryName":"Poland","Type of Animal":"Poultry"},"geometry":{"type":"Point","coordinates":[18.09183693,53.36331177]}},{"type":"Feature","properties":{"CountryName":"Poland","Type of Animal":"Poultry"},"geometry":{"type":"Point","coordinates":[16.37036896,52.21567154]}},{"type":"Feature","properties":{"CountryName":"Poland","Type of Animal":"Poultry"},"geometry":{"type":"Point","coordinates":[17.06432915,52.31763458]}},{"type":"Feature","properties":{"CountryName":"Poland","Type of Animal":"Poultry"},"geometry":{"type":"Point","coordinates":[17.12755203,52.98528671]}},{"type":"Feature","properties":{"CountryName":"Poland","Type of Animal":"Poultry"},"geometry":{"type":"Point","coordinates":[15.89429665,51.91638947]}},{"type":"Feature","properties":{"CountryName":"Poland","Type of Animal":"Poultry"},"geometry":{"type":"Point","coordinates":[15.89253616,51.91625977]}},{"type":"Feature","properties":{"CountryName":"Poland","Type of Animal":"Poultry"},"geometry":{"type":"Point","coordinates":[19.96611214,51.80722046]}},{"type":"Feature","properties":{"CountryName":"Poland","Type of Animal":"Poultry"},"geometry":{"type":"Point","coordinates":[18.26662254,52.5667305]}},{"type":"Feature","properties":{"CountryName":"Poland","Type of Animal":"Poultry"},"geometry":{"type":"Point","coordinates":[15.31424141,51.66623306]}},{"type":"Feature","properties":{"CountryName":"Poland","Type of Animal":"Poultry"},"geometry":{"type":"Point","coordinates":[18.76038933,52.87219238]}},{"type":"Feature","properties":{"CountryName":"Poland","Type of Animal":"Poultry"},"geometry":{"type":"Point","coordinates":[14.56850815,53.29483414]}},{"type":"Feature","properties":{"CountryName":"Poland","Type of Animal":"Poultry"},"geometry":{"type":"Point","coordinates":[18.73133087,52.94722366]}},{"type":"Feature","properties":{"CountryName":"Poland","Type of Animal":"Poultry"},"geometry":{"type":"Point","coordinates":[18.35305595,52.7761116]}},{"type":"Feature","properties":{"CountryName":"Poland","Type of Animal":"Poultry"},"geometry":{"type":"Point","coordinates":[18.4527874,52.80166245]}},{"type":"Feature","properties":{"CountryName":"Poland","Type of Animal":"Poultry"},"geometry":{"type":"Point","coordinates":[17.65099716,50.31417847]}},{"type":"Feature","properties":{"CountryName":"Poland","Type of Animal":"Poultry"},"geometry":{"type":"Point","coordinates":[15.72113323,51.7627182]}},{"type":"Feature","properties":{"CountryName":"Poland","Type of Animal":"Poultry"},"geometry":{"type":"Point","coordinates":[15.72113323,51.7630806]}},{"type":"Feature","properties":{"CountryName":"Poland","Type of Animal":"Poultry"},"geometry":{"type":"Point","coordinates":[15.70751667,51.76542282]}},{"type":"Feature","properties":{"CountryName":"Poland","Type of Animal":"Poultry"},"geometry":{"type":"Point","coordinates":[16.9728775,52.58305359]}},{"type":"Feature","properties":{"CountryName":"Poland","Type of Animal":"Poultry"},"geometry":{"type":"Point","coordinates":[16.89642715,52.17774963]}},{"type":"Feature","properties":{"CountryName":"Poland","Type of Animal":"Poultry"},"geometry":{"type":"Point","coordinates":[22.9005909,53.27901459]}},{"type":"Feature","properties":{"CountryName":"Poland","Type of Animal":"Poultry"},"geometry":{"type":"Point","coordinates":[16.7678051,50.89252853]}},{"type":"Feature","properties":{"CountryName":"Poland","Type of Animal":"Poultry"},"geometry":{"type":"Point","coordinates":[16.3301754,52.17261887]}},{"type":"Feature","properties":{"CountryName":"Poland","Type of Animal":"Poultry"},"geometry":{"type":"Point","coordinates":[17.40760231,53.22460938]}},{"type":"Feature","properties":{"CountryName":"Poland","Type of Animal":"Poultry"},"geometry":{"type":"Point","coordinates":[18.86698914,52.98451996]}},{"type":"Feature","properties":{"CountryName":"Poland","Type of Animal":"Poultry"},"geometry":{"type":"Point","coordinates":[16.9443512,53.20439529]}},{"type":"Feature","properties":{"CountryName":"Poland","Type of Animal":"Poultry"},"geometry":{"type":"Point","coordinates":[16.1722374,52.44010544]}},{"type":"Feature","properties":{"CountryName":"Poland","Type of Animal":"Poultry"},"geometry":{"type":"Point","coordinates":[17.50852013,52.72838211]}},{"type":"Feature","properties":{"CountryName":"Poland","Type of Animal":"Poultry"},"geometry":{"type":"Point","coordinates":[15.06652832,53.47683334]}},{"type":"Feature","properties":{"CountryName":"Poland","Type of Animal":"Poultry"},"geometry":{"type":"Point","coordinates":[14.79621124,53.29101181]}},{"type":"Feature","properties":{"CountryName":"Poland","Type of Animal":"Poultry"},"geometry":{"type":"Point","coordinates":[16.08034515,51.25263214]}},{"type":"Feature","properties":{"CountryName":"Poland","Type of Animal":"Poultry"},"geometry":{"type":"Point","coordinates":[20.65246964,51.52069092]}},{"type":"Feature","properties":{"CountryName":"Poland","Type of Animal":"Poultry"},"geometry":{"type":"Point","coordinates":[18.69859314,52.59967804]}},{"type":"Feature","properties":{"CountryName":"Poland","Type of Animal":"Poultry"},"geometry":{"type":"Point","coordinates":[18.43462372,52.79272461]}},{"type":"Feature","properties":{"CountryName":"Poland","Type of Animal":"Poultry"},"geometry":{"type":"Point","coordinates":[17.65593338,52.20178986]}},{"type":"Feature","properties":{"CountryName":"Poland","Type of Animal":"Poultry"},"geometry":{"type":"Point","coordinates":[18.71209526,52.58703232]}},{"type":"Feature","properties":{"CountryName":"Poland","Type of Animal":"Poultry"},"geometry":{"type":"Point","coordinates":[18.7442112,52.65841675]}},{"type":"Feature","properties":{"CountryName":"Poland","Type of Animal":"Poultry"},"geometry":{"type":"Point","coordinates":[20.94841003,50.65739441]}},{"type":"Feature","properties":{"CountryName":"Poland","Type of Animal":"Poultry"},"geometry":{"type":"Point","coordinates":[20.33805084,53.18076324]}},{"type":"Feature","properties":{"CountryName":"Poland","Type of Animal":"Poultry"},"geometry":{"type":"Point","coordinates":[22.1882,52.19888306]}},{"type":"Feature","properties":{"CountryName":"Poland","Type of Animal":"Poultry"},"geometry":{"type":"Point","coordinates":[17.76622963,51.73035431]}},{"type":"Feature","properties":{"CountryName":"Poland","Type of Animal":"Poultry"},"geometry":{"type":"Point","coordinates":[19.04699135,53.12261581]}},{"type":"Feature","properties":{"CountryName":"Poland","Type of Animal":"Poultry"},"geometry":{"type":"Point","coordinates":[20.16638756,52.87055206]}},{"type":"Feature","properties":{"CountryName":"Poland","Type of Animal":"Poultry"},"geometry":{"type":"Point","coordinates":[19.92949104,52.87690735]}},{"type":"Feature","properties":{"CountryName":"Poland","Type of Animal":"Poultry"},"geometry":{"type":"Point","coordinates":[22.63609695,52.15678787]}},{"type":"Feature","properties":{"CountryName":"Poland","Type of Animal":"Poultry"},"geometry":{"type":"Point","coordinates":[17.38617516,51.25828934]}},{"type":"Feature","properties":{"CountryName":"Poland","Type of Animal":"Poultry"},"geometry":{"type":"Point","coordinates":[20.29513359,53.02336502]}},{"type":"Feature","properties":{"CountryName":"Poland","Type of Animal":"Poultry"},"geometry":{"type":"Point","coordinates":[22.69196892,52.42481613]}},{"type":"Feature","properties":{"CountryName":"Poland","Type of Animal":"Poultry"},"geometry":{"type":"Point","coordinates":[20.39468384,50.5810585]}},{"type":"Feature","properties":{"CountryName":"Poland","Type of Animal":"Poultry"},"geometry":{"type":"Point","coordinates":[20.02072144,53.04031754]}},{"type":"Feature","properties":{"CountryName":"Poland","Type of Animal":"Poultry"},"geometry":{"type":"Point","coordinates":[19.79074478,51.37976456]}},{"type":"Feature","properties":{"CountryName":"Poland","Type of Animal":"Poultry"},"geometry":{"type":"Point","coordinates":[22.88049698,53.27251434]}},{"type":"Feature","properties":{"CountryName":"Poland","Type of Animal":"Poultry"},"geometry":{"type":"Point","coordinates":[22.47139168,52.1480484]}},{"type":"Feature","properties":{"CountryName":"Poland","Type of Animal":"Poultry"},"geometry":{"type":"Point","coordinates":[18.29464722,51.69802856]}},{"type":"Feature","properties":{"CountryName":"Poland","Type of Animal":"Poultry"},"geometry":{"type":"Point","coordinates":[15.75197792,51.75889969]}},{"type":"Feature","properties":{"CountryName":"Poland","Type of Animal":"Poultry"},"geometry":{"type":"Point","coordinates":[17.93612099,52.07350922]}},{"type":"Feature","properties":{"CountryName":"Poland","Type of Animal":"Poultry"},"geometry":{"type":"Point","coordinates":[20.16268921,52.970047]}},{"type":"Feature","properties":{"CountryName":"Poland","Type of Animal":"Poultry"},"geometry":{"type":"Point","coordinates":[16.22255325,51.90579605]}},{"type":"Feature","properties":{"CountryName":"Poland","Type of Animal":"Poultry"},"geometry":{"type":"Point","coordinates":[18.20472336,50.02830505]}},{"type":"Feature","properties":{"CountryName":"Poland","Type of Animal":"Poultry"},"geometry":{"type":"Point","coordinates":[18.20538902,50.02894974]}},{"type":"Feature","properties":{"CountryName":"Poland","Type of Animal":"Poultry"},"geometry":{"type":"Point","coordinates":[19.64924622,52.20236206]}},{"type":"Feature","properties":{"CountryName":"Poland","Type of Animal":"Poultry"},"geometry":{"type":"Point","coordinates":[20.154146,50.56622]}},{"type":"Feature","properties":{"CountryName":"Poland","Type of Animal":"Poultry"},"geometry":{"type":"Point","coordinates":[22.79521942,51.73822784]}},{"type":"Feature","properties":{"CountryName":"Poland","Type of Animal":"Poultry"},"geometry":{"type":"Point","coordinates":[20.01044,50.865403]}},{"type":"Feature","properties":{"CountryName":"Poland","Type of Animal":"Poultry"},"geometry":{"type":"Point","coordinates":[16.67189026,51.12851334]}},{"type":"Feature","properties":{"CountryName":"Poland","Type of Animal":"Poultry"},"geometry":{"type":"Point","coordinates":[17.468264,51.537275]}},{"type":"Feature","properties":{"CountryName":"Poland","Type of Animal":"Poultry"},"geometry":{"type":"Point","coordinates":[17.584564,51.570828]}},{"type":"Feature","properties":{"CountryName":"Poland","Type of Animal":"Poultry"},"geometry":{"type":"Point","coordinates":[19.71002769,52.77394485]}},{"type":"Feature","properties":{"CountryName":"Poland","Type of Animal":"Poultry"},"geometry":{"type":"Point","coordinates":[22.43638802,52.30666733]}},{"type":"Feature","properties":{"CountryName":"Poland","Type of Animal":"Poultry"},"geometry":{"type":"Point","coordinates":[16.3301754,52.17261887]}},{"type":"Feature","properties":{"CountryName":"Poland","Type of Animal":"Poultry"},"geometry":{"type":"Point","coordinates":[14.98375,53.83105]}},{"type":"Feature","properties":{"CountryName":"Poland","Type of Animal":"Poultry"},"geometry":{"type":"Point","coordinates":[15.7965889,51.38767242]}},{"type":"Feature","properties":{"CountryName":"Poland","Type of Animal":"Poultry"},"geometry":{"type":"Point","coordinates":[18.39722443,53.51986694]}},{"type":"Feature","properties":{"CountryName":"Poland","Type of Animal":"Poultry"},"geometry":{"type":"Point","coordinates":[23.9388237,50.63703918]}},{"type":"Feature","properties":{"CountryName":"Poland","Type of Animal":"Poultry"},"geometry":{"type":"Point","coordinates":[20.30799,53.16296]}},{"type":"Feature","properties":{"CountryName":"Poland","Type of Animal":"Poultry"},"geometry":{"type":"Point","coordinates":[17.08413,52.98]}},{"type":"Feature","properties":{"CountryName":"Poland","Type of Animal":"Poultry"},"geometry":{"type":"Point","coordinates":[20.65246964,51.52069092]}},{"type":"Feature","properties":{"CountryName":"Poland","Type of Animal":"Poultry"},"geometry":{"type":"Point","coordinates":[21.89324,54.01377]}},{"type":"Feature","properties":{"CountryName":"Poland","Type of Animal":"Poultry"},"geometry":{"type":"Point","coordinates":[19.19646,52.85965]}},{"type":"Feature","properties":{"CountryName":"Poland","Type of Animal":"Poultry"},"geometry":{"type":"Point","coordinates":[18.58711,52.42921]}},{"type":"Feature","properties":{"CountryName":"Poland","Type of Animal":"Poultry"},"geometry":{"type":"Point","coordinates":[18.54419,52.69257]}},{"type":"Feature","properties":{"CountryName":"Poland","Type of Animal":"Poultry"},"geometry":{"type":"Point","coordinates":[19.17695,53.20683]}},{"type":"Feature","properties":{"CountryName":"Poland","Type of Animal":"Poultry"},"geometry":{"type":"Point","coordinates":[17.57778,51.57184]}},{"type":"Feature","properties":{"CountryName":"Poland","Type of Animal":"Poultry"},"geometry":{"type":"Point","coordinates":[17.05305,54.35781]}},{"type":"Feature","properties":{"CountryName":"Poland","Type of Animal":"Poultry"},"geometry":{"type":"Point","coordinates":[17.10694,54.27222]}},{"type":"Feature","properties":{"CountryName":"Poland","Type of Animal":"Poultry"},"geometry":{"type":"Point","coordinates":[18.53409,53.99709]}},{"type":"Feature","properties":{"CountryName":"Poland","Type of Animal":"Poultry"},"geometry":{"type":"Point","coordinates":[17.98043,54.56065]}},{"type":"Feature","properties":{"CountryName":"Poland","Type of Animal":"Poultry"},"geometry":{"type":"Point","coordinates":[17.16667,53.55]}},{"type":"Feature","properties":{"CountryName":"Poland","Type of Animal":"Poultry"},"geometry":{"type":"Point","coordinates":[18.68942,53.9102]}},{"type":"Feature","properties":{"CountryName":"Poland","Type of Animal":"Poultry"},"geometry":{"type":"Point","coordinates":[18.79029,53.90357]}},{"type":"Feature","properties":{"CountryName":"Poland","Type of Animal":"Poultry"},"geometry":{"type":"Point","coordinates":[18.69636,53.8841]}},{"type":"Feature","properties":{"CountryName":"Poland","Type of Animal":"Poultry"},"geometry":{"type":"Point","coordinates":[18.53971,54.16983]}},{"type":"Feature","properties":{"CountryName":"Poland","Type of Animal":"Poultry"},"geometry":{"type":"Point","coordinates":[18.54835,54.14492]}},{"type":"Feature","properties":{"CountryName":"Poland","Type of Animal":"Poultry"},"geometry":{"type":"Point","coordinates":[17.76993,51.72965]}},{"type":"Feature","properties":{"CountryName":"Poland","Type of Animal":"Poultry"},"geometry":{"type":"Point","coordinates":[17.02382,54.35781]}},{"type":"Feature","properties":{"CountryName":"Poland","Type of Animal":"Poultry"},"geometry":{"type":"Point","coordinates":[17.16252,53.54316]}},{"type":"Feature","properties":{"CountryName":"Poland","Type of Animal":"Poultry"},"geometry":{"type":"Point","coordinates":[18.08238,54.07105]}},{"type":"Feature","properties":{"CountryName":"Poland","Type of Animal":"Poultry"},"geometry":{"type":"Point","coordinates":[18.15417,53.06583]}},{"type":"Feature","properties":{"CountryName":"Poland","Type of Animal":"Poultry"},"geometry":{"type":"Point","coordinates":[18.31358,51.76185]}},{"type":"Feature","properties":{"CountryName":"Poland","Type of Animal":"Poultry"},"geometry":{"type":"Point","coordinates":[16.973,51.60082]}},{"type":"Feature","properties":{"CountryName":"Poland","Type of Animal":"Poultry"},"geometry":{"type":"Point","coordinates":[16.1346,52.12698]}},{"type":"Feature","properties":{"CountryName":"Poland","Type of Animal":"Poultry"},"geometry":{"type":"Point","coordinates":[20.342,53.10727]}},{"type":"Feature","properties":{"CountryName":"Poland","Type of Animal":"Poultry"},"geometry":{"type":"Point","coordinates":[17.85198,51.473]}},{"type":"Feature","properties":{"CountryName":"Poland","Type of Animal":"Poultry"},"geometry":{"type":"Point","coordinates":[16.94524,53.14531]}},{"type":"Feature","properties":{"CountryName":"Poland","Type of Animal":"Poultry"},"geometry":{"type":"Point","coordinates":[18.40027,51.84544]}},{"type":"Feature","properties":{"CountryName":"Poland","Type of Animal":"Poultry"},"geometry":{"type":"Point","coordinates":[17.89177,51.85852]}},{"type":"Feature","properties":{"CountryName":"Poland","Type of Animal":"Poultry"},"geometry":{"type":"Point","coordinates":[18.29385,50.00087]}},{"type":"Feature","properties":{"CountryName":"Poland","Type of Animal":"Poultry"},"geometry":{"type":"Point","coordinates":[19.75117,52.71696]}},{"type":"Feature","properties":{"CountryName":"Poland","Type of Animal":"Poultry"},"geometry":{"type":"Point","coordinates":[16.66528,52.86345]}},{"type":"Feature","properties":{"CountryName":"Poland","Type of Animal":"Poultry"},"geometry":{"type":"Point","coordinates":[16.30485,52.29468]}},{"type":"Feature","properties":{"CountryName":"Poland","Type of Animal":"Poultry"},"geometry":{"type":"Point","coordinates":[17.48073,51.83647]}},{"type":"Feature","properties":{"CountryName":"Poland","Type of Animal":"Poultry"},"geometry":{"type":"Point","coordinates":[17.19283,52.86359]}},{"type":"Feature","properties":{"CountryName":"Poland","Type of Animal":"Poultry"},"geometry":{"type":"Point","coordinates":[16.05485,52.50975]}},{"type":"Feature","properties":{"CountryName":"Poland","Type of Animal":"Poultry"},"geometry":{"type":"Point","coordinates":[19.95498,53.04183]}},{"type":"Feature","properties":{"CountryName":"Poland","Type of Animal":"Poultry"},"geometry":{"type":"Point","coordinates":[14.98845,53.93508]}},{"type":"Feature","properties":{"CountryName":"Poland","Type of Animal":"Poultry"},"geometry":{"type":"Point","coordinates":[15.48657,51.69747]}},{"type":"Feature","properties":{"CountryName":"Poland","Type of Animal":"Poultry"},"geometry":{"type":"Point","coordinates":[19.78346,52.33714]}},{"type":"Feature","properties":{"CountryName":"Poland","Type of Animal":"Poultry"},"geometry":{"type":"Point","coordinates":[16.43409,51.67186]}},{"type":"Feature","properties":{"CountryName":"Poland","Type of Animal":"Poultry"},"geometry":{"type":"Point","coordinates":[17.02881,50.95908]}},{"type":"Feature","properties":{"CountryName":"Poland","Type of Animal":"Poultry"},"geometry":{"type":"Point","coordinates":[16.42969,50.80949]}},{"type":"Feature","properties":{"CountryName":"Poland","Type of Animal":"Poultry"},"geometry":{"type":"Point","coordinates":[15.66093,51.28226]}},{"type":"Feature","properties":{"CountryName":"Poland","Type of Animal":"Poultry"},"geometry":{"type":"Point","coordinates":[15.60789,51.30845]}},{"type":"Feature","properties":{"CountryName":"Poland","Type of Animal":"Poultry"},"geometry":{"type":"Point","coordinates":[15.79778,51.06694]}},{"type":"Feature","properties":{"CountryName":"Poland","Type of Animal":"Poultry"},"geometry":{"type":"Point","coordinates":[20.31694,50.21893]}},{"type":"Feature","properties":{"CountryName":"Poland","Type of Animal":"Poultry"},"geometry":{"type":"Point","coordinates":[15.56843,53.62577]}},{"type":"Feature","properties":{"CountryName":"Poland","Type of Animal":"Poultry"},"geometry":{"type":"Point","coordinates":[15.48497,53.06649]}},{"type":"Feature","properties":{"CountryName":"Poland","Type of Animal":"Poultry"},"geometry":{"type":"Point","coordinates":[15.47906,53.05834]}},{"type":"Feature","properties":{"CountryName":"Poland","Type of Animal":"Poultry"},"geometry":{"type":"Point","coordinates":[17.46655,51.53995]}},{"type":"Feature","properties":{"CountryName":"Poland","Type of Animal":"Poultry"},"geometry":{"type":"Point","coordinates":[19.27905,52.3392]}},{"type":"Feature","properties":{"CountryName":"Poland","Type of Animal":"Poultry"},"geometry":{"type":"Point","coordinates":[19.24551,51.15804]}},{"type":"Feature","properties":{"CountryName":"Poland","Type of Animal":"Poultry"},"geometry":{"type":"Point","coordinates":[19.78285,52.02338]}},{"type":"Feature","properties":{"CountryName":"Poland","Type of Animal":"Poultry"},"geometry":{"type":"Point","coordinates":[19.84237,52.17368]}},{"type":"Feature","properties":{"CountryName":"Poland","Type of Animal":"Poultry"},"geometry":{"type":"Point","coordinates":[19.14095,51.19002]}},{"type":"Feature","properties":{"CountryName":"Poland","Type of Animal":"Poultry"},"geometry":{"type":"Point","coordinates":[15.26667,53.34079]}},{"type":"Feature","properties":{"CountryName":"Poland","Type of Animal":"Poultry"},"geometry":{"type":"Point","coordinates":[20.46015,50.68808]}},{"type":"Feature","properties":{"CountryName":"Poland","Type of Animal":"Poultry"},"geometry":{"type":"Point","coordinates":[16.74677,51.5648]}},{"type":"Feature","properties":{"CountryName":"Poland","Type of Animal":"Poultry"},"geometry":{"type":"Point","coordinates":[18.717,50.11643]}},{"type":"Feature","properties":{"CountryName":"Poland","Type of Animal":"Poultry"},"geometry":{"type":"Point","coordinates":[21.91232,53.40181]}},{"type":"Feature","properties":{"CountryName":"Poland","Type of Animal":"Poultry"},"geometry":{"type":"Point","coordinates":[22.14828,53.17144]}},{"type":"Feature","properties":{"CountryName":"Poland","Type of Animal":"Poultry"},"geometry":{"type":"Point","coordinates":[19.49283,52.10288]}},{"type":"Feature","properties":{"CountryName":"Poland","Type of Animal":"Poultry"},"geometry":{"type":"Point","coordinates":[18.45478,51.6037]}},{"type":"Feature","properties":{"CountryName":"Poland","Type of Animal":"Poultry"},"geometry":{"type":"Point","coordinates":[18.46195,51.60807]}},{"type":"Feature","properties":{"CountryName":"Poland","Type of Animal":"Poultry"},"geometry":{"type":"Point","coordinates":[18.44803,51.1707]}},{"type":"Feature","properties":{"CountryName":"Poland","Type of Animal":"Poultry"},"geometry":{"type":"Point","coordinates":[20.73889,50.50176]}},{"type":"Feature","properties":{"CountryName":"Poland","Type of Animal":"Poultry"},"geometry":{"type":"Point","coordinates":[20.01078,50.86538]}},{"type":"Feature","properties":{"CountryName":"Poland","Type of Animal":"Poultry"},"geometry":{"type":"Point","coordinates":[20.41346,50.57926]}},{"type":"Feature","properties":{"CountryName":"Poland","Type of Animal":"Poultry"},"geometry":{"type":"Point","coordinates":[19.59969,51.26786]}},{"type":"Feature","properties":{"CountryName":"Poland","Type of Animal":"Poultry"},"geometry":{"type":"Point","coordinates":[20.08786,50.58523]}},{"type":"Feature","properties":{"CountryName":"Poland","Type of Animal":"Poultry"},"geometry":{"type":"Point","coordinates":[15.48357,52.20515]}},{"type":"Feature","properties":{"CountryName":"Poland","Type of Animal":"Poultry"},"geometry":{"type":"Point","coordinates":[15.85,53.05]}},{"type":"Feature","properties":{"CountryName":"Poland","Type of Animal":"Poultry"},"geometry":{"type":"Point","coordinates":[15.56667,52.87389]}},{"type":"Feature","properties":{"CountryName":"Poland","Type of Animal":"Poultry"},"geometry":{"type":"Point","coordinates":[15.66701,52.58932]}},{"type":"Feature","properties":{"CountryName":"Poland","Type of Animal":"Poultry"},"geometry":{"type":"Point","coordinates":[22.03225,51.16969]}},{"type":"Feature","properties":{"CountryName":"Poland","Type of Animal":"Poultry"},"geometry":{"type":"Point","coordinates":[20.2897,50.67038]}},{"type":"Feature","properties":{"CountryName":"Poland","Type of Animal":"Poultry"},"geometry":{"type":"Point","coordinates":[20.62076,50.6343]}},{"type":"Feature","properties":{"CountryName":"Poland","Type of Animal":"Poultry"},"geometry":{"type":"Point","coordinates":[15.08474,53.24588]}},{"type":"Feature","properties":{"CountryName":"Poland","Type of Animal":"Poultry"},"geometry":{"type":"Point","coordinates":[15.08116,53.27409]}},{"type":"Feature","properties":{"CountryName":"Poland","Type of Animal":"Poultry"},"geometry":{"type":"Point","coordinates":[15.22111755,53.24081219]}},{"type":"Feature","properties":{"CountryName":"Poland","Type of Animal":"Poultry"},"geometry":{"type":"Point","coordinates":[21.34583,50.18611]}},{"type":"Feature","properties":{"CountryName":"Poland","Type of Animal":"Poultry"},"geometry":{"type":"Point","coordinates":[22.61776,52.41807]}},{"type":"Feature","properties":{"CountryName":"Poland","Type of Animal":"Poultry"},"geometry":{"type":"Point","coordinates":[23.49581,53.42928]}},{"type":"Feature","properties":{"CountryName":"Poland","Type of Animal":"Poultry"},"geometry":{"type":"Point","coordinates":[22.76157,53.37765]}},{"type":"Feature","properties":{"CountryName":"Poland","Type of Animal":"Poultry"},"geometry":{"type":"Point","coordinates":[22.73713,53.38981]}},{"type":"Feature","properties":{"CountryName":"Poland","Type of Animal":"Poultry"},"geometry":{"type":"Point","coordinates":[19.44953,51.6272]}},{"type":"Feature","properties":{"CountryName":"Poland","Type of Animal":"Poultry"},"geometry":{"type":"Point","coordinates":[20.95,53.60063]}},{"type":"Feature","properties":{"CountryName":"Poland","Type of Animal":"Poultry"},"geometry":{"type":"Point","coordinates":[18.26417,53.99806]}},{"type":"Feature","properties":{"CountryName":"Poland","Type of Animal":"Poultry"},"geometry":{"type":"Point","coordinates":[17.6324,50.3376]}},{"type":"Feature","properties":{"CountryName":"Poland","Type of Animal":"Poultry"},"geometry":{"type":"Point","coordinates":[21.92816,51.64216]}},{"type":"Feature","properties":{"CountryName":"Poland","Type of Animal":"Poultry"},"geometry":{"type":"Point","coordinates":[21.95908,51.58905]}},{"type":"Feature","properties":{"CountryName":"Poland","Type of Animal":"Poultry"},"geometry":{"type":"Point","coordinates":[22.56666,51.3443]}},{"type":"Feature","properties":{"CountryName":"Poland","Type of Animal":"Poultry"},"geometry":{"type":"Point","coordinates":[17.71611,50.43667]}},{"type":"Feature","properties":{"CountryName":"Poland","Type of Animal":"Poultry"},"geometry":{"type":"Point","coordinates":[16.75169,54.43436]}},{"type":"Feature","properties":{"CountryName":"Poland","Type of Animal":"Poultry"},"geometry":{"type":"Point","coordinates":[19.85722,53.24945]}},{"type":"Feature","properties":{"CountryName":"Poland","Type of Animal":"Poultry"},"geometry":{"type":"Point","coordinates":[17.45916,52.08541]}},{"type":"Feature","properties":{"CountryName":"Poland","Type of Animal":"Poultry"},"geometry":{"type":"Point","coordinates":[16.21028,51.8931]}},{"type":"Feature","properties":{"CountryName":"Poland","Type of Animal":"Poultry"},"geometry":{"type":"Point","coordinates":[16.02947,52.5645]}},{"type":"Feature","properties":{"CountryName":"Poland","Type of Animal":"Poultry"},"geometry":{"type":"Point","coordinates":[16.4645,52.134]}},{"type":"Feature","properties":{"CountryName":"Poland","Type of Animal":"Poultry"},"geometry":{"type":"Point","coordinates":[19.59286,52.57521]}},{"type":"Feature","properties":{"CountryName":"Poland","Type of Animal":"Poultry"},"geometry":{"type":"Point","coordinates":[17.3448,52.30122]}},{"type":"Feature","properties":{"CountryName":"Poland","Type of Animal":"Poultry"},"geometry":{"type":"Point","coordinates":[18.58908,50.67911]}},{"type":"Feature","properties":{"CountryName":"Poland","Type of Animal":"Poultry"},"geometry":{"type":"Point","coordinates":[18.24435,53.06261]}},{"type":"Feature","properties":{"CountryName":"Poland","Type of Animal":"Poultry"},"geometry":{"type":"Point","coordinates":[17.77582,50.31838]}},{"type":"Feature","properties":{"CountryName":"Poland","Type of Animal":"Poultry"},"geometry":{"type":"Point","coordinates":[17.44938,50.61571]}},{"type":"Feature","properties":{"CountryName":"Poland","Type of Animal":"Poultry"},"geometry":{"type":"Point","coordinates":[17.88278,50.72806]}},{"type":"Feature","properties":{"CountryName":"Poland","Type of Animal":"Poultry"},"geometry":{"type":"Point","coordinates":[17.62056,50.69278]}},{"type":"Feature","properties":{"CountryName":"Poland","Type of Animal":"Poultry"},"geometry":{"type":"Point","coordinates":[22.77942,53.38741]}},{"type":"Feature","properties":{"CountryName":"Poland","Type of Animal":"Poultry"},"geometry":{"type":"Point","coordinates":[16.19093,52.68871]}},{"type":"Feature","properties":{"CountryName":"Poland","Type of Animal":"Poultry"},"geometry":{"type":"Point","coordinates":[20.9001,51.9954]}},{"type":"Feature","properties":{"CountryName":"Poland","Type of Animal":"Poultry"},"geometry":{"type":"Point","coordinates":[20.9004,51.9959]}},{"type":"Feature","properties":{"CountryName":"Poland","Type of Animal":"Poultry"},"geometry":{"type":"Point","coordinates":[19,50.9135]}},{"type":"Feature","properties":{"CountryName":"Poland","Type of Animal":"Poultry"},"geometry":{"type":"Point","coordinates":[19.89328,51.48474]}},{"type":"Feature","properties":{"CountryName":"Poland","Type of Animal":"Poultry"},"geometry":{"type":"Point","coordinates":[18.3379,52.44482]}},{"type":"Feature","properties":{"CountryName":"Poland","Type of Animal":"Poultry"},"geometry":{"type":"Point","coordinates":[16.97013,52.58931]}},{"type":"Feature","properties":{"CountryName":"Poland","Type of Animal":"Poultry"},"geometry":{"type":"Point","coordinates":[16.97013,52.58931]}},{"type":"Feature","properties":{"CountryName":"Poland","Type of Animal":"Poultry"},"geometry":{"type":"Point","coordinates":[17.06875,52.49023]}},{"type":"Feature","properties":{"CountryName":"Poland","Type of Animal":"Poultry"},"geometry":{"type":"Point","coordinates":[17.16667,52.06667]}},{"type":"Feature","properties":{"CountryName":"Poland","Type of Animal":"Poultry"},"geometry":{"type":"Point","coordinates":[17.2,52.2]}},{"type":"Feature","properties":{"CountryName":"Poland","Type of Animal":"Poultry"},"geometry":{"type":"Point","coordinates":[18.33,51.3822]}},{"type":"Feature","properties":{"CountryName":"Poland","Type of Animal":"Poultry"},"geometry":{"type":"Point","coordinates":[19.50394,51.50706]}},{"type":"Feature","properties":{"CountryName":"Poland","Type of Animal":"Poultry"},"geometry":{"type":"Point","coordinates":[16.77059,51.91637]}},{"type":"Feature","properties":{"CountryName":"Poland","Type of Animal":"Poultry"},"geometry":{"type":"Point","coordinates":[18.76608,50.09838]}},{"type":"Feature","properties":{"CountryName":"Poland","Type of Animal":"Poultry"},"geometry":{"type":"Point","coordinates":[15.4139,52.30836]}},{"type":"Feature","properties":{"CountryName":"Poland","Type of Animal":"Poultry"},"geometry":{"type":"Point","coordinates":[17.33185,52.06274]}},{"type":"Feature","properties":{"CountryName":"Poland","Type of Animal":"Poultry"},"geometry":{"type":"Point","coordinates":[19.85282,52.5683]}},{"type":"Feature","properties":{"CountryName":"Poland","Type of Animal":"Poultry"},"geometry":{"type":"Point","coordinates":[16.87117,51.41417]}},{"type":"Feature","properties":{"CountryName":"Poland","Type of Animal":"Poultry"},"geometry":{"type":"Point","coordinates":[18.55,51.29]}},{"type":"Feature","properties":{"CountryName":"Poland","Type of Animal":"Poultry"},"geometry":{"type":"Point","coordinates":[18.44876,50.15277]}},{"type":"Feature","properties":{"CountryName":"Poland","Type of Animal":"Poultry"},"geometry":{"type":"Point","coordinates":[22.78828,52.03539]}},{"type":"Feature","properties":{"CountryName":"Poland","Type of Animal":"Poultry"},"geometry":{"type":"Point","coordinates":[19.3848,52.01556]}},{"type":"Feature","properties":{"CountryName":"Poland","Type of Animal":"Poultry"},"geometry":{"type":"Point","coordinates":[19.58044,51.41678]}},{"type":"Feature","properties":{"CountryName":"Poland","Type of Animal":"Poultry"},"geometry":{"type":"Point","coordinates":[16.28346,52.60003]}},{"type":"Feature","properties":{"CountryName":"Poland","Type of Animal":"Poultry"},"geometry":{"type":"Point","coordinates":[20.02845,51.45478]}},{"type":"Feature","properties":{"CountryName":"Poland","Type of Animal":"Poultry"},"geometry":{"type":"Point","coordinates":[20.31517,51.39431]}},{"type":"Feature","properties":{"CountryName":"Poland","Type of Animal":"Poultry"},"geometry":{"type":"Point","coordinates":[16.96361,52.53944]}},{"type":"Feature","properties":{"CountryName":"Poland","Type of Animal":"Poultry"},"geometry":{"type":"Point","coordinates":[19.56328,52.269]}},{"type":"Feature","properties":{"CountryName":"Poland","Type of Animal":"Poultry"},"geometry":{"type":"Point","coordinates":[19.4681,52.43948]}},{"type":"Feature","properties":{"CountryName":"Poland","Type of Animal":"Poultry"},"geometry":{"type":"Point","coordinates":[19.55578,52.58663]}},{"type":"Feature","properties":{"CountryName":"Poland","Type of Animal":"Poultry"},"geometry":{"type":"Point","coordinates":[19.40975,52.34604]}},{"type":"Feature","properties":{"CountryName":"Poland","Type of Animal":"Poultry"},"geometry":{"type":"Point","coordinates":[20.14273,52.96465]}},{"type":"Feature","properties":{"CountryName":"Poland","Type of Animal":"Poultry"},"geometry":{"type":"Point","coordinates":[19.43378,52.35485]}},{"type":"Feature","properties":{"CountryName":"Poland","Type of Animal":"Poultry"},"geometry":{"type":"Point","coordinates":[14.84319,53.92708]}},{"type":"Feature","properties":{"CountryName":"Poland","Type of Animal":"Poultry"},"geometry":{"type":"Point","coordinates":[19.2814,50.40437]}},{"type":"Feature","properties":{"CountryName":"Poland","Type of Animal":"Poultry"},"geometry":{"type":"Point","coordinates":[17.74211,50.74127]}},{"type":"Feature","properties":{"CountryName":"Poland","Type of Animal":"Poultry"},"geometry":{"type":"Point","coordinates":[18.28052,50.11199]}},{"type":"Feature","properties":{"CountryName":"Poland","Type of Animal":"Poultry"},"geometry":{"type":"Point","coordinates":[14.95778,53.81454]}},{"type":"Feature","properties":{"CountryName":"Poland","Type of Animal":"Poultry"},"geometry":{"type":"Point","coordinates":[22.21993,52.6374]}},{"type":"Feature","properties":{"CountryName":"Poland","Type of Animal":"Poultry"},"geometry":{"type":"Point","coordinates":[19.67681,51.00024]}},{"type":"Feature","properties":{"CountryName":"Poland","Type of Animal":"Poultry"},"geometry":{"type":"Point","coordinates":[20.14185,52.96141]}},{"type":"Feature","properties":{"CountryName":"Poland","Type of Animal":"Poultry"},"geometry":{"type":"Point","coordinates":[17.37088,51.85341]}},{"type":"Feature","properties":{"CountryName":"Poland","Type of Animal":"Poultry"},"geometry":{"type":"Point","coordinates":[19.68,51]}},{"type":"Feature","properties":{"CountryName":"Poland","Type of Animal":"Poultry"},"geometry":{"type":"Point","coordinates":[19.10794,49.57184]}},{"type":"Feature","properties":{"CountryName":"Poland","Type of Animal":"Poultry"},"geometry":{"type":"Point","coordinates":[17.68284,51.79807]}},{"type":"Feature","properties":{"CountryName":"Poland","Type of Animal":"Poultry"},"geometry":{"type":"Point","coordinates":[15.16311,53.29803]}},{"type":"Feature","properties":{"CountryName":"Poland","Type of Animal":"Poultry"},"geometry":{"type":"Point","coordinates":[19.55752,52.58622]}},{"type":"Feature","properties":{"CountryName":"Poland","Type of Animal":"Poultry"},"geometry":{"type":"Point","coordinates":[20.05507,52.52478]}},{"type":"Feature","properties":{"CountryName":"Poland","Type of Animal":"Poultry"},"geometry":{"type":"Point","coordinates":[20.28,52.12]}},{"type":"Feature","properties":{"CountryName":"Poland","Type of Animal":"Poultry"},"geometry":{"type":"Point","coordinates":[18.26831,53.06475]}},{"type":"Feature","properties":{"CountryName":"Poland","Type of Animal":"Poultry"},"geometry":{"type":"Point","coordinates":[19.55675,52.58678]}},{"type":"Feature","properties":{"CountryName":"Poland","Type of Animal":"Poultry"},"geometry":{"type":"Point","coordinates":[22.18307,51.32221]}},{"type":"Feature","properties":{"CountryName":"Poland","Type of Animal":"Poultry"},"geometry":{"type":"Point","coordinates":[16.46506,53.54215]}},{"type":"Feature","properties":{"CountryName":"Poland","Type of Animal":"Poultry"},"geometry":{"type":"Point","coordinates":[22.7897,52.0364]}},{"type":"Feature","properties":{"CountryName":"Poland","Type of Animal":"Poultry"},"geometry":{"type":"Point","coordinates":[16.90755,53.9365]}},{"type":"Feature","properties":{"CountryName":"Poland","Type of Animal":"Poultry"},"geometry":{"type":"Point","coordinates":[18.39155,54.00398]}},{"type":"Feature","properties":{"CountryName":"Poland","Type of Animal":"Poultry"},"geometry":{"type":"Point","coordinates":[16.33847,53.00234]}},{"type":"Feature","properties":{"CountryName":"Poland","Type of Animal":"Poultry"},"geometry":{"type":"Point","coordinates":[19.41313,52.3464]}},{"type":"Feature","properties":{"CountryName":"Poland","Type of Animal":"Poultry"},"geometry":{"type":"Point","coordinates":[19.5208,53.0401]}},{"type":"Feature","properties":{"CountryName":"Poland","Type of Animal":"Poultry"},"geometry":{"type":"Point","coordinates":[18.61496,53.72226]}},{"type":"Feature","properties":{"CountryName":"Poland","Type of Animal":"Poultry"},"geometry":{"type":"Point","coordinates":[15.0716,53.27992]}},{"type":"Feature","properties":{"CountryName":"Poland","Type of Animal":"Poultry"},"geometry":{"type":"Point","coordinates":[16.58153,53.41343]}},{"type":"Feature","properties":{"CountryName":"Poland","Type of Animal":"Poultry"},"geometry":{"type":"Point","coordinates":[19.88238,52.19256]}},{"type":"Feature","properties":{"CountryName":"Poland","Type of Animal":"Poultry"},"geometry":{"type":"Point","coordinates":[19.7178,51.13705]}},{"type":"Feature","properties":{"CountryName":"Poland","Type of Animal":"Poultry"},"geometry":{"type":"Point","coordinates":[16.67167,51.12833]}},{"type":"Feature","properties":{"CountryName":"Poland","Type of Animal":"Poultry"},"geometry":{"type":"Point","coordinates":[19.44955,51.99382]}},{"type":"Feature","properties":{"CountryName":"Poland","Type of Animal":"Poultry"},"geometry":{"type":"Point","coordinates":[20.58875,52.56995]}},{"type":"Feature","properties":{"CountryName":"Poland","Type of Animal":"Poultry"},"geometry":{"type":"Point","coordinates":[20,52]}},{"type":"Feature","properties":{"CountryName":"Poland","Type of Animal":"Poultry"},"geometry":{"type":"Point","coordinates":[19.91715,52.98991]}},{"type":"Feature","properties":{"CountryName":"Poland","Type of Animal":"Poultry"},"geometry":{"type":"Point","coordinates":[16.78316,52.21418]}},{"type":"Feature","properties":{"CountryName":"Poland","Type of Animal":"Poultry"},"geometry":{"type":"Point","coordinates":[20.35474,53.52477]}},{"type":"Feature","properties":{"CountryName":"Poland","Type of Animal":"Poultry"},"geometry":{"type":"Point","coordinates":[15.56533,53.33536]}},{"type":"Feature","properties":{"CountryName":"Poland","Type of Animal":"Poultry"},"geometry":{"type":"Point","coordinates":[20.36195,51.46375]}},{"type":"Feature","properties":{"CountryName":"Poland","Type of Animal":"Poultry"},"geometry":{"type":"Point","coordinates":[20.1525,50.56639]}},{"type":"Feature","properties":{"CountryName":"Poland","Type of Animal":"Poultry"},"geometry":{"type":"Point","coordinates":[19.87126,53.06582]}},{"type":"Feature","properties":{"CountryName":"Poland","Type of Animal":"Poultry"},"geometry":{"type":"Point","coordinates":[17.44242,51.80388]}},{"type":"Feature","properties":{"CountryName":"Poland","Type of Animal":"Poultry"},"geometry":{"type":"Point","coordinates":[22.22459,52.33116]}},{"type":"Feature","properties":{"CountryName":"Poland","Type of Animal":"Poultry"},"geometry":{"type":"Point","coordinates":[20,52]}},{"type":"Feature","properties":{"CountryName":"Poland","Type of Animal":"Poultry"},"geometry":{"type":"Point","coordinates":[17.94866,51.67178]}},{"type":"Feature","properties":{"CountryName":"Poland","Type of Animal":"Poultry"},"geometry":{"type":"Point","coordinates":[19.70969,52.77396]}},{"type":"Feature","properties":{"CountryName":"Poland","Type of Animal":"Poultry"},"geometry":{"type":"Point","coordinates":[21.33,53.57]}},{"type":"Feature","properties":{"CountryName":"Poland","Type of Animal":"Poultry"},"geometry":{"type":"Point","coordinates":[16.1366,52.14609]}},{"type":"Feature","properties":{"CountryName":"Poland","Type of Animal":"Poultry"},"geometry":{"type":"Point","coordinates":[20,52]}},{"type":"Feature","properties":{"CountryName":"Poland","Type of Animal":"Poultry"},"geometry":{"type":"Point","coordinates":[16.35297,51.39373]}},{"type":"Feature","properties":{"CountryName":"Poland","Type of Animal":"Poultry"},"geometry":{"type":"Point","coordinates":[15.95012,52.08887]}},{"type":"Feature","properties":{"CountryName":"Poland","Type of Animal":"Poultry"},"geometry":{"type":"Point","coordinates":[19.1553,51.63084]}},{"type":"Feature","properties":{"CountryName":"Poland","Type of Animal":"Poultry"},"geometry":{"type":"Point","coordinates":[19.5,51.50347]}},{"type":"Feature","properties":{"CountryName":"Poland","Type of Animal":"Poultry"},"geometry":{"type":"Point","coordinates":[20.32986,52.9739]}},{"type":"Feature","properties":{"CountryName":"Poland","Type of Animal":"Poultry"},"geometry":{"type":"Point","coordinates":[17.30502,51.54145]}},{"type":"Feature","properties":{"CountryName":"Poland","Type of Animal":"Poultry"},"geometry":{"type":"Point","coordinates":[16.19147,52.68868]}},{"type":"Feature","properties":{"CountryName":"Poland","Type of Animal":"Poultry"},"geometry":{"type":"Point","coordinates":[21.36,54]}},{"type":"Feature","properties":{"CountryName":"Poland","Type of Animal":"Poultry"},"geometry":{"type":"Point","coordinates":[19.27326,51.57517]}},{"type":"Feature","properties":{"CountryName":"Poland","Type of Animal":"Poultry"},"geometry":{"type":"Point","coordinates":[15.70861,51.76861]}},{"type":"Feature","properties":{"CountryName":"Poland","Type of Animal":"Poultry"},"geometry":{"type":"Point","coordinates":[20.08146,52.58245]}},{"type":"Feature","properties":{"CountryName":"Poland","Type of Animal":"Poultry"},"geometry":{"type":"Point","coordinates":[16.11331,51.54182]}},{"type":"Feature","properties":{"CountryName":"Poland","Type of Animal":"Poultry"},"geometry":{"type":"Point","coordinates":[23.0646,52.3804]}},{"type":"Feature","properties":{"CountryName":"Poland","Type of Animal":"Poultry"},"geometry":{"type":"Point","coordinates":[18.34987,51.59507]}},{"type":"Feature","properties":{"CountryName":"Poland","Type of Animal":"Poultry"},"geometry":{"type":"Point","coordinates":[16.9333,52.1167]}},{"type":"Feature","properties":{"CountryName":"Poland","Type of Animal":"Poultry"},"geometry":{"type":"Point","coordinates":[18.39341,54.00795]}},{"type":"Feature","properties":{"CountryName":"Poland","Type of Animal":"Poultry"},"geometry":{"type":"Point","coordinates":[17.36619,52.17967]}},{"type":"Feature","properties":{"CountryName":"Poland","Type of Animal":"Poultry"},"geometry":{"type":"Point","coordinates":[19.82954,50.61881]}},{"type":"Feature","properties":{"CountryName":"Poland","Type of Animal":"Poultry"},"geometry":{"type":"Point","coordinates":[18.60604286,51.60799789]}},{"type":"Feature","properties":{"CountryName":"Poland","Type of Animal":"Poultry"},"geometry":{"type":"Point","coordinates":[17.53359,51.90694]}},{"type":"Feature","properties":{"CountryName":"Poland","Type of Animal":"Poultry"},"geometry":{"type":"Point","coordinates":[22.34297,52.26111]}},{"type":"Feature","properties":{"CountryName":"Poland","Type of Animal":"Poultry"},"geometry":{"type":"Point","coordinates":[18.60719,54.10572]}},{"type":"Feature","properties":{"CountryName":"Poland","Type of Animal":"Poultry"},"geometry":{"type":"Point","coordinates":[17.38588,51.25803]}},{"type":"Feature","properties":{"CountryName":"Poland","Type of Animal":"Poultry"},"geometry":{"type":"Point","coordinates":[15.16,53.63]}},{"type":"Feature","properties":{"CountryName":"Poland","Type of Animal":"Poultry"},"geometry":{"type":"Point","coordinates":[19.61355,49.96827]}},{"type":"Feature","properties":{"CountryName":"Poland","Type of Animal":"Poultry"},"geometry":{"type":"Point","coordinates":[22.7952,51.73826]}},{"type":"Feature","properties":{"CountryName":"Poland","Type of Animal":"Poultry"},"geometry":{"type":"Point","coordinates":[15.24033,53.5112]}},{"type":"Feature","properties":{"CountryName":"Poland","Type of Animal":"Poultry"},"geometry":{"type":"Point","coordinates":[17.99114,50.4464]}},{"type":"Feature","properties":{"CountryName":"Poland","Type of Animal":"Poultry"},"geometry":{"type":"Point","coordinates":[19.75292,51.48101]}},{"type":"Feature","properties":{"CountryName":"Poland","Type of Animal":"Poultry"},"geometry":{"type":"Point","coordinates":[17.48501,51.84145]}},{"type":"Feature","properties":{"CountryName":"Poland","Type of Animal":"Poultry"},"geometry":{"type":"Point","coordinates":[19.11271,52.51254]}},{"type":"Feature","properties":{"CountryName":"Poland","Type of Animal":"Poultry"},"geometry":{"type":"Point","coordinates":[18.71191,52.58722]}},{"type":"Feature","properties":{"CountryName":"Poland","Type of Animal":"Poultry"},"geometry":{"type":"Point","coordinates":[16.73526,54.43475]}},{"type":"Feature","properties":{"CountryName":"Poland","Type of Animal":"Poultry"},"geometry":{"type":"Point","coordinates":[18.22093,51.12132]}},{"type":"Feature","properties":{"CountryName":"Poland","Type of Animal":"Poultry"},"geometry":{"type":"Point","coordinates":[18.76767,52.86337]}},{"type":"Feature","properties":{"CountryName":"Poland","Type of Animal":"Poultry"},"geometry":{"type":"Point","coordinates":[16.86978,53.01311]}},{"type":"Feature","properties":{"CountryName":"Poland","Type of Animal":"Poultry"},"geometry":{"type":"Point","coordinates":[18.20217,52.59876]}},{"type":"Feature","properties":{"CountryName":"Poland","Type of Animal":"Poultry"},"geometry":{"type":"Point","coordinates":[22.28149,52.08531]}},{"type":"Feature","properties":{"CountryName":"Poland","Type of Animal":"Poultry"},"geometry":{"type":"Point","coordinates":[22.28188,52.08529]}},{"type":"Feature","properties":{"CountryName":"Poland","Type of Animal":"Poultry"},"geometry":{"type":"Point","coordinates":[23.12203,53.3059]}},{"type":"Feature","properties":{"CountryName":"Poland","Type of Animal":"Poultry"},"geometry":{"type":"Point","coordinates":[16.16391,52.42479]}},{"type":"Feature","properties":{"CountryName":"Poland","Type of Animal":"Poultry"},"geometry":{"type":"Point","coordinates":[19.88596,52.1972]}},{"type":"Feature","properties":{"CountryName":"Poland","Type of Animal":"Poultry"},"geometry":{"type":"Point","coordinates":[16.15035,52.26263]}},{"type":"Feature","properties":{"CountryName":"Poland","Type of Animal":"Poultry"},"geometry":{"type":"Point","coordinates":[22.43632,52.30647]}},{"type":"Feature","properties":{"CountryName":"Poland","Type of Animal":"Poultry"},"geometry":{"type":"Point","coordinates":[17.44684,52.61233]}},{"type":"Feature","properties":{"CountryName":"Poland","Type of Animal":"Poultry"},"geometry":{"type":"Point","coordinates":[18.60551453,51.61158371]}},{"type":"Feature","properties":{"CountryName":"Poland","Type of Animal":"Poultry"},"geometry":{"type":"Point","coordinates":[18.24066,51.809958]}},{"type":"Feature","properties":{"CountryName":"Poland","Type of Animal":"Poultry"},"geometry":{"type":"Point","coordinates":[23.219831,53.404935]}},{"type":"Feature","properties":{"CountryName":"Poland","Type of Animal":"Poultry"},"geometry":{"type":"Point","coordinates":[23.07339,53.23124]}},{"type":"Feature","properties":{"CountryName":"Poland","Type of Animal":"Poultry"},"geometry":{"type":"Point","coordinates":[23.073389,53.231243]}},{"type":"Feature","properties":{"CountryName":"Poland","Type of Animal":"Poultry"},"geometry":{"type":"Point","coordinates":[16.435583,52.016958]}},{"type":"Feature","properties":{"CountryName":"Poland","Type of Animal":"Poultry"},"geometry":{"type":"Point","coordinates":[16.8417,52.8348]}},{"type":"Feature","properties":{"CountryName":"Poland","Type of Animal":"Poultry"},"geometry":{"type":"Point","coordinates":[18.041245,52.994662]}},{"type":"Feature","properties":{"CountryName":"Poland","Type of Animal":"Poultry"},"geometry":{"type":"Point","coordinates":[15.375178,52.691956]}},{"type":"Feature","properties":{"CountryName":"Poland","Type of Animal":"Poultry"},"geometry":{"type":"Point","coordinates":[15.375269,52.691926]}},{"type":"Feature","properties":{"CountryName":"Poland","Type of Animal":"Poultry"},"geometry":{"type":"Point","coordinates":[23.656566,53.000306]}},{"type":"Feature","properties":{"CountryName":"Poland","Type of Animal":"Poultry"},"geometry":{"type":"Point","coordinates":[17.550813,54.429361]}},{"type":"Feature","properties":{"CountryName":"Poland","Type of Animal":"Poultry"},"geometry":{"type":"Point","coordinates":[15.745067,51.99974]}},{"type":"Feature","properties":{"CountryName":"Poland","Type of Animal":"Poultry"},"geometry":{"type":"Point","coordinates":[19.65464,52.186451]}},{"type":"Feature","properties":{"CountryName":"Poland","Type of Animal":"Poultry"},"geometry":{"type":"Point","coordinates":[20.500036,50.089198]}},{"type":"Feature","properties":{"CountryName":"Poland","Type of Animal":"Poultry"},"geometry":{"type":"Point","coordinates":[18.321329,50.025206]}},{"type":"Feature","properties":{"CountryName":"Poland","Type of Animal":"Poultry"},"geometry":{"type":"Point","coordinates":[22.260472,52.029719]}},{"type":"Feature","properties":{"CountryName":"Poland","Type of Animal":"Poultry"},"geometry":{"type":"Point","coordinates":[19.810169,52.922861]}},{"type":"Feature","properties":{"CountryName":"Poland","Type of Animal":"Poultry"},"geometry":{"type":"Point","coordinates":[22.31193,52.2608]}},{"type":"Feature","properties":{"CountryName":"Poland","Type of Animal":"Poultry"},"geometry":{"type":"Point","coordinates":[22.31193,52.2608]}},{"type":"Feature","properties":{"CountryName":"Poland","Type of Animal":"Poultry"},"geometry":{"type":"Point","coordinates":[22.293966,52.495053]}},{"type":"Feature","properties":{"CountryName":"Poland","Type of Animal":"Poultry"},"geometry":{"type":"Point","coordinates":[22.113176,52.275061]}},{"type":"Feature","properties":{"CountryName":"Poland","Type of Animal":"Poultry"},"geometry":{"type":"Point","coordinates":[22.39167,52.09276]}},{"type":"Feature","properties":{"CountryName":"Poland","Type of Animal":"Poultry"},"geometry":{"type":"Point","coordinates":[22.39167,52.09276]}},{"type":"Feature","properties":{"CountryName":"Poland","Type of Animal":"Poultry"},"geometry":{"type":"Point","coordinates":[22.38995,52.92443]}},{"type":"Feature","properties":{"CountryName":"Poland","Type of Animal":"Poultry"},"geometry":{"type":"Point","coordinates":[22.761061,52.154294]}},{"type":"Feature","properties":{"CountryName":"Poland","Type of Animal":"Poultry"},"geometry":{"type":"Point","coordinates":[17.145958,52.221584]}},{"type":"Feature","properties":{"CountryName":"Poland","Type of Animal":"Poultry"},"geometry":{"type":"Point","coordinates":[17.150129,52.221369]}},{"type":"Feature","properties":{"CountryName":"Poland","Type of Animal":"Poultry"},"geometry":{"type":"Point","coordinates":[14.4922,53.2132]}},{"type":"Feature","properties":{"CountryName":"Poland","Type of Animal":"Poultry"},"geometry":{"type":"Point","coordinates":[15.459045,52.27712]}},{"type":"Feature","properties":{"CountryName":"Poland","Type of Animal":"Poultry"},"geometry":{"type":"Point","coordinates":[19.872596,52.906976]}},{"type":"Feature","properties":{"CountryName":"Poland","Type of Animal":"Poultry"},"geometry":{"type":"Point","coordinates":[19.876547,52.930698]}},{"type":"Feature","properties":{"CountryName":"Poland","Type of Animal":"Poultry"},"geometry":{"type":"Point","coordinates":[22.050449,50.796519]}},{"type":"Feature","properties":{"CountryName":"Poland","Type of Animal":"Poultry"},"geometry":{"type":"Point","coordinates":[20.9986,51.5289]}},{"type":"Feature","properties":{"CountryName":"Poland","Type of Animal":"Poultry"},"geometry":{"type":"Point","coordinates":[19.440424,52.34626]}},{"type":"Feature","properties":{"CountryName":"Poland","Type of Animal":"Poultry"},"geometry":{"type":"Point","coordinates":[19.644963,52.403664]}},{"type":"Feature","properties":{"CountryName":"Poland","Type of Animal":"Poultry"},"geometry":{"type":"Point","coordinates":[19.644963,52.403664]}},{"type":"Feature","properties":{"CountryName":"Poland","Type of Animal":"Poultry"},"geometry":{"type":"Point","coordinates":[17.7957,50.7324]}},{"type":"Feature","properties":{"CountryName":"Poland","Type of Animal":"Poultry"},"geometry":{"type":"Point","coordinates":[16.134267,52.144296]}},{"type":"Feature","properties":{"CountryName":"Poland","Type of Animal":"Poultry"},"geometry":{"type":"Point","coordinates":[16.154349,52.133314]}},{"type":"Feature","properties":{"CountryName":"Poland","Type of Animal":"Poultry"},"geometry":{"type":"Point","coordinates":[22.51247,52.1101]}},{"type":"Feature","properties":{"CountryName":"Poland","Type of Animal":"Poultry"},"geometry":{"type":"Point","coordinates":[22.512531,52.11198]}},{"type":"Feature","properties":{"CountryName":"Poland","Type of Animal":"Poultry"},"geometry":{"type":"Point","coordinates":[22.741131,52.240852]}},{"type":"Feature","properties":{"CountryName":"Poland","Type of Animal":"Poultry"},"geometry":{"type":"Point","coordinates":[16.986028,52.706566]}},{"type":"Feature","properties":{"CountryName":"Poland","Type of Animal":"Poultry"},"geometry":{"type":"Point","coordinates":[17.909428,51.757009]}},{"type":"Feature","properties":{"CountryName":"Poland","Type of Animal":"Poultry"},"geometry":{"type":"Point","coordinates":[17.910464,51.757597]}},{"type":"Feature","properties":{"CountryName":"Poland","Type of Animal":"Poultry"},"geometry":{"type":"Point","coordinates":[16.704906,52.241768]}},{"type":"Feature","properties":{"CountryName":"Poland","Type of Animal":"Poultry"},"geometry":{"type":"Point","coordinates":[16.7,52.25]}},{"type":"Feature","properties":{"CountryName":"Poland","Type of Animal":"Poultry"},"geometry":{"type":"Point","coordinates":[16.432926,52.606697]}},{"type":"Feature","properties":{"CountryName":"Poland","Type of Animal":"Poultry"},"geometry":{"type":"Point","coordinates":[20.08786,50.584226]}},{"type":"Feature","properties":{"CountryName":"Poland","Type of Animal":"Poultry"},"geometry":{"type":"Point","coordinates":[17.481384,51.481384]}},{"type":"Feature","properties":{"CountryName":"Poland","Type of Animal":"Poultry"},"geometry":{"type":"Point","coordinates":[22.414406,52.2529]}},{"type":"Feature","properties":{"CountryName":"Poland","Type of Animal":"Poultry"},"geometry":{"type":"Point","coordinates":[22.41354,52.25372]}},{"type":"Feature","properties":{"CountryName":"Poland","Type of Animal":"Poultry"},"geometry":{"type":"Point","coordinates":[22.65853,52.40011]}},{"type":"Feature","properties":{"CountryName":"Poland","Type of Animal":"Poultry"},"geometry":{"type":"Point","coordinates":[16.401601,51.7421]}},{"type":"Feature","properties":{"CountryName":"Poland","Type of Animal":"Poultry"},"geometry":{"type":"Point","coordinates":[16.721168,52.397833]}},{"type":"Feature","properties":{"CountryName":"Poland","Type of Animal":"Poultry"},"geometry":{"type":"Point","coordinates":[20.407686,53.197683]}},{"type":"Feature","properties":{"CountryName":"Poland","Type of Animal":"Poultry"},"geometry":{"type":"Point","coordinates":[15.945707,52.004429]}},{"type":"Feature","properties":{"CountryName":"Poland","Type of Animal":"Poultry"},"geometry":{"type":"Point","coordinates":[20.22022057,53.35468292]}},{"type":"Feature","properties":{"CountryName":"Poland","Type of Animal":"Poultry"},"geometry":{"type":"Point","coordinates":[22.333844,52.303475]}},{"type":"Feature","properties":{"CountryName":"Poland","Type of Animal":"Poultry"},"geometry":{"type":"Point","coordinates":[16.4642,52.081484]}},{"type":"Feature","properties":{"CountryName":"Poland","Type of Animal":"Poultry"},"geometry":{"type":"Point","coordinates":[16.30556679,52.16516113]}},{"type":"Feature","properties":{"CountryName":"Poland","Type of Animal":"Poultry"},"geometry":{"type":"Point","coordinates":[20.188736,52.19033]}},{"type":"Feature","properties":{"CountryName":"Poland","Type of Animal":"Poultry"},"geometry":{"type":"Point","coordinates":[17.975004,52.354095]}},{"type":"Feature","properties":{"CountryName":"Poland","Type of Animal":"Poultry"},"geometry":{"type":"Point","coordinates":[17.416761,52.183247]}},{"type":"Feature","properties":{"CountryName":"Poland","Type of Animal":"Poultry"},"geometry":{"type":"Point","coordinates":[17.08,53.39]}},{"type":"Feature","properties":{"CountryName":"Poland","Type of Animal":"Poultry"},"geometry":{"type":"Point","coordinates":[19.882947,52.187883]}},{"type":"Feature","properties":{"CountryName":"Poland","Type of Animal":"Poultry"},"geometry":{"type":"Point","coordinates":[17.327852,52.178271]}},{"type":"Feature","properties":{"CountryName":"Poland","Type of Animal":"Poultry"},"geometry":{"type":"Point","coordinates":[21.741837,54.063443]}},{"type":"Feature","properties":{"CountryName":"Poland","Type of Animal":"Poultry"},"geometry":{"type":"Point","coordinates":[21.1890831,51.45661163]}},{"type":"Feature","properties":{"CountryName":"Poland","Type of Animal":"Poultry"},"geometry":{"type":"Point","coordinates":[22.76111111,52.2344444]}},{"type":"Feature","properties":{"CountryName":"Poland","Type of Animal":"Poultry"},"geometry":{"type":"Point","coordinates":[17.7957,50.7324]}},{"type":"Feature","properties":{"CountryName":"Poland","Type of Animal":"Poultry"},"geometry":{"type":"Point","coordinates":[16.81216621,51.01525116]}},{"type":"Feature","properties":{"CountryName":"Poland","Type of Animal":"Poultry"},"geometry":{"type":"Point","coordinates":[17.607737,50.664523]}},{"type":"Feature","properties":{"CountryName":"Poland","Type of Animal":"Poultry"},"geometry":{"type":"Point","coordinates":[19.457656,52.556156]}},{"type":"Feature","properties":{"CountryName":"Poland","Type of Animal":"Poultry"},"geometry":{"type":"Point","coordinates":[20.100366,52.961907]}},{"type":"Feature","properties":{"CountryName":"Poland","Type of Animal":"Poultry"},"geometry":{"type":"Point","coordinates":[20.097285,52.93417]}},{"type":"Feature","properties":{"CountryName":"Poland","Type of Animal":"Poultry"},"geometry":{"type":"Point","coordinates":[15.068992,53.580353]}},{"type":"Feature","properties":{"CountryName":"Poland","Type of Animal":"Poultry"},"geometry":{"type":"Point","coordinates":[17.669769,51.897465]}},{"type":"Feature","properties":{"CountryName":"Poland","Type of Animal":"Poultry"},"geometry":{"type":"Point","coordinates":[17.321424,52.406088]}},{"type":"Feature","properties":{"CountryName":"Poland","Type of Animal":"Poultry"},"geometry":{"type":"Point","coordinates":[20.850226,52.960432]}},{"type":"Feature","properties":{"CountryName":"Poland","Type of Animal":"Poultry"},"geometry":{"type":"Point","coordinates":[20.159291,52.893164]}},{"type":"Feature","properties":{"CountryName":"Poland","Type of Animal":"Poultry"},"geometry":{"type":"Point","coordinates":[14.92035,51.797399]}},{"type":"Feature","properties":{"CountryName":"Poland","Type of Animal":"Poultry"},"geometry":{"type":"Point","coordinates":[20.120917,52.961799]}},{"type":"Feature","properties":{"CountryName":"Poland","Type of Animal":"Poultry"},"geometry":{"type":"Point","coordinates":[23.202912,53.400025]}},{"type":"Feature","properties":{"CountryName":"Poland","Type of Animal":"Poultry"},"geometry":{"type":"Point","coordinates":[22.834759,53.418698]}},{"type":"Feature","properties":{"CountryName":"Poland","Type of Animal":"Poultry"},"geometry":{"type":"Point","coordinates":[22.900775,53.278983]}},{"type":"Feature","properties":{"CountryName":"Poland","Type of Animal":"Poultry"},"geometry":{"type":"Point","coordinates":[23.320431,53.535059]}},{"type":"Feature","properties":{"CountryName":"Poland","Type of Animal":"Poultry"},"geometry":{"type":"Point","coordinates":[23.269157,53.087658]}},{"type":"Feature","properties":{"CountryName":"Poland","Type of Animal":"Poultry"},"geometry":{"type":"Point","coordinates":[23.262948,53.088028]}},{"type":"Feature","properties":{"CountryName":"Poland","Type of Animal":"Poultry"},"geometry":{"type":"Point","coordinates":[17.41472244,52.18222427]}},{"type":"Feature","properties":{"CountryName":"Poland","Type of Animal":"Poultry"},"geometry":{"type":"Point","coordinates":[19.366899,51.468614]}},{"type":"Feature","properties":{"CountryName":"Poland","Type of Animal":"Poultry"},"geometry":{"type":"Point","coordinates":[22.399166,52.041111]}},{"type":"Feature","properties":{"CountryName":"Poland","Type of Animal":"Poultry"},"geometry":{"type":"Point","coordinates":[19.510201,53.040902]}},{"type":"Feature","properties":{"CountryName":"Poland","Type of Animal":"Poultry"},"geometry":{"type":"Point","coordinates":[20.052108,52.44514]}},{"type":"Feature","properties":{"CountryName":"Poland","Type of Animal":"Poultry"},"geometry":{"type":"Point","coordinates":[20.255249,53.1161]}},{"type":"Feature","properties":{"CountryName":"Poland","Type of Animal":"Poultry"},"geometry":{"type":"Point","coordinates":[20.235953,52.971319]}},{"type":"Feature","properties":{"CountryName":"Poland","Type of Animal":"Poultry"},"geometry":{"type":"Point","coordinates":[20.425655,53.076592]}},{"type":"Feature","properties":{"CountryName":"Poland","Type of Animal":"Poultry"},"geometry":{"type":"Point","coordinates":[20.203205,53.054479]}},{"type":"Feature","properties":{"CountryName":"Poland","Type of Animal":"Poultry"},"geometry":{"type":"Point","coordinates":[21.453166,51.190194]}},{"type":"Feature","properties":{"CountryName":"Poland","Type of Animal":"Poultry"},"geometry":{"type":"Point","coordinates":[20.262,52.1002]}},{"type":"Feature","properties":{"CountryName":"Poland","Type of Animal":"Poultry"},"geometry":{"type":"Point","coordinates":[18.408378,51.881634]}},{"type":"Feature","properties":{"CountryName":"Poland","Type of Animal":"Poultry"},"geometry":{"type":"Point","coordinates":[18.33636,51.7724]}},{"type":"Feature","properties":{"CountryName":"Poland","Type of Animal":"Poultry"},"geometry":{"type":"Point","coordinates":[16.65793,51.947855]}},{"type":"Feature","properties":{"CountryName":"Poland","Type of Animal":"Poultry"},"geometry":{"type":"Point","coordinates":[17.401087,51.535169]}},{"type":"Feature","properties":{"CountryName":"Poland","Type of Animal":"Poultry"},"geometry":{"type":"Point","coordinates":[17.709722,52.384166]}},{"type":"Feature","properties":{"CountryName":"Poland","Type of Animal":"Poultry"},"geometry":{"type":"Point","coordinates":[16.210275,53.313315]}},{"type":"Feature","properties":{"CountryName":"Poland","Type of Animal":"Poultry"},"geometry":{"type":"Point","coordinates":[15.11118,53.20203]}},{"type":"Feature","properties":{"CountryName":"Poland","Type of Animal":"Poultry"},"geometry":{"type":"Point","coordinates":[15.431435,52.99638]}},{"type":"Feature","properties":{"CountryName":"Poland","Type of Animal":"Poultry"},"geometry":{"type":"Point","coordinates":[15.1815,53.39585]}},{"type":"Feature","properties":{"CountryName":"Poland","Type of Animal":"Poultry"},"geometry":{"type":"Point","coordinates":[15.18013,53.39417]}},{"type":"Feature","properties":{"CountryName":"Poland","Type of Animal":"Poultry"},"geometry":{"type":"Point","coordinates":[14.548055,52.75854]}},{"type":"Feature","properties":{"CountryName":"Poland","Type of Animal":"Poultry"},"geometry":{"type":"Point","coordinates":[15.290268,53.661607]}},{"type":"Feature","properties":{"CountryName":"Poland","Type of Animal":"Poultry"},"geometry":{"type":"Point","coordinates":[22.2657,52.2788]}},{"type":"Feature","properties":{"CountryName":"Poland","Type of Animal":"Poultry"},"geometry":{"type":"Point","coordinates":[22.376241,52.249672]}},{"type":"Feature","properties":{"CountryName":"Poland","Type of Animal":"Poultry"},"geometry":{"type":"Point","coordinates":[16.9861,52.7066]}},{"type":"Feature","properties":{"CountryName":"Poland","Type of Animal":"Poultry"},"geometry":{"type":"Point","coordinates":[23.167725,53.381757]}},{"type":"Feature","properties":{"CountryName":"Poland","Type of Animal":"Poultry"},"geometry":{"type":"Point","coordinates":[20.078412,52.965562]}},{"type":"Feature","properties":{"CountryName":"Poland","Type of Animal":"Poultry"},"geometry":{"type":"Point","coordinates":[19.4405,52.0297]}},{"type":"Feature","properties":{"CountryName":"Poland","Type of Animal":"Poultry"},"geometry":{"type":"Point","coordinates":[22.6154,52.2764]}},{"type":"Feature","properties":{"CountryName":"Poland","Type of Animal":"Poultry"},"geometry":{"type":"Point","coordinates":[22.3292,52.50001]}},{"type":"Feature","properties":{"CountryName":"Poland","Type of Animal":"Poultry"},"geometry":{"type":"Point","coordinates":[18.294208,51.695448]}},{"type":"Feature","properties":{"CountryName":"Poland","Type of Animal":"Poultry"},"geometry":{"type":"Point","coordinates":[18.2435247,54.29272982]}},{"type":"Feature","properties":{"CountryName":"Poland","Type of Animal":"Poultry"},"geometry":{"type":"Point","coordinates":[23.629167,53.372396]}},{"type":"Feature","properties":{"CountryName":"Poland","Type of Animal":"Poultry"},"geometry":{"type":"Point","coordinates":[23.239503,53.540838]}},{"type":"Feature","properties":{"CountryName":"Poland","Type of Animal":"Poultry"},"geometry":{"type":"Point","coordinates":[18.9571,53.5216]}},{"type":"Feature","properties":{"CountryName":"Poland","Type of Animal":"Poultry"},"geometry":{"type":"Point","coordinates":[22.20421988,53.79538852]}},{"type":"Feature","properties":{"CountryName":"Poland","Type of Animal":"Poultry"},"geometry":{"type":"Point","coordinates":[22.5971,51.9814]}},{"type":"Feature","properties":{"CountryName":"Poland","Type of Animal":"Poultry"},"geometry":{"type":"Point","coordinates":[18.242,51.7587]}},{"type":"Feature","properties":{"CountryName":"Poland","Type of Animal":"Poultry"},"geometry":{"type":"Point","coordinates":[16.5028,52.2128]}},{"type":"Feature","properties":{"CountryName":"Poland","Type of Animal":"Poultry"},"geometry":{"type":"Point","coordinates":[16.204384,53.318258]}},{"type":"Feature","properties":{"CountryName":"Poland","Type of Animal":"Poultry"},"geometry":{"type":"Point","coordinates":[14.851,53.5824]}},{"type":"Feature","properties":{"CountryName":"Poland","Type of Animal":"Poultry"},"geometry":{"type":"Point","coordinates":[16.6818,52.2241]}},{"type":"Feature","properties":{"CountryName":"Poland","Type of Animal":"Poultry"},"geometry":{"type":"Point","coordinates":[22.123534,53.093983]}},{"type":"Feature","properties":{"CountryName":"Poland","Type of Animal":"Poultry"},"geometry":{"type":"Point","coordinates":[17.605508,52.672698]}},{"type":"Feature","properties":{"CountryName":"Poland","Type of Animal":"Poultry"},"geometry":{"type":"Point","coordinates":[16.14504,52.13374]}},{"type":"Feature","properties":{"CountryName":"Poland","Type of Animal":"Poultry"},"geometry":{"type":"Point","coordinates":[16.340976,52.116364]}},{"type":"Feature","properties":{"CountryName":"Poland","Type of Animal":"Poultry"},"geometry":{"type":"Point","coordinates":[17.400973,51.53324]}},{"type":"Feature","properties":{"CountryName":"Poland","Type of Animal":"Poultry"},"geometry":{"type":"Point","coordinates":[18.453684,52.413949]}},{"type":"Feature","properties":{"CountryName":"Poland","Type of Animal":"Poultry"},"geometry":{"type":"Point","coordinates":[17.105022,52.532015]}},{"type":"Feature","properties":{"CountryName":"Poland","Type of Animal":"Poultry"},"geometry":{"type":"Point","coordinates":[15.461351,53.156022]}},{"type":"Feature","properties":{"CountryName":"Poland","Type of Animal":"Poultry"},"geometry":{"type":"Point","coordinates":[14.779041,53.573792]}},{"type":"Feature","properties":{"CountryName":"Poland","Type of Animal":"Poultry"},"geometry":{"type":"Point","coordinates":[14.8505,53.966222]}},{"type":"Feature","properties":{"CountryName":"Poland","Type of Animal":"Poultry"},"geometry":{"type":"Point","coordinates":[16.374472,52.362091]}},{"type":"Feature","properties":{"CountryName":"Poland","Type of Animal":"Poultry"},"geometry":{"type":"Point","coordinates":[22.752906,52.010557]}},{"type":"Feature","properties":{"CountryName":"Poland","Type of Animal":"Poultry"},"geometry":{"type":"Point","coordinates":[23.093991,51.545971]}},{"type":"Feature","properties":{"CountryName":"Poland","Type of Animal":"Poultry"},"geometry":{"type":"Point","coordinates":[22.693409,52.07018]}},{"type":"Feature","properties":{"CountryName":"Poland","Type of Animal":"Poultry"},"geometry":{"type":"Point","coordinates":[23.330329,52.034047]}},{"type":"Feature","properties":{"CountryName":"Poland","Type of Animal":"Poultry"},"geometry":{"type":"Point","coordinates":[23.449344,52.098908]}},{"type":"Feature","properties":{"CountryName":"Poland","Type of Animal":"Poultry"},"geometry":{"type":"Point","coordinates":[23.85103,51.08249]}},{"type":"Feature","properties":{"CountryName":"Poland","Type of Animal":"Poultry"},"geometry":{"type":"Point","coordinates":[22.442164,51.882053]}},{"type":"Feature","properties":{"CountryName":"Poland","Type of Animal":"Poultry"},"geometry":{"type":"Point","coordinates":[22.358911,51.820884]}},{"type":"Feature","properties":{"CountryName":"Poland","Type of Animal":"Poultry"},"geometry":{"type":"Point","coordinates":[22.300402,52.001905]}},{"type":"Feature","properties":{"CountryName":"Poland","Type of Animal":"Poultry"},"geometry":{"type":"Point","coordinates":[22.361411,52.020815]}},{"type":"Feature","properties":{"CountryName":"Poland","Type of Animal":"Poultry"},"geometry":{"type":"Point","coordinates":[22.34096,51.582844]}},{"type":"Feature","properties":{"CountryName":"Poland","Type of Animal":"Poultry"},"geometry":{"type":"Point","coordinates":[22.597119,51.981253]}},{"type":"Feature","properties":{"CountryName":"Poland","Type of Animal":"Poultry"},"geometry":{"type":"Point","coordinates":[22.374752,51.82004]}},{"type":"Feature","properties":{"CountryName":"Poland","Type of Animal":"Poultry"},"geometry":{"type":"Point","coordinates":[22.684982,51.823694]}},{"type":"Feature","properties":{"CountryName":"Poland","Type of Animal":"Poultry"},"geometry":{"type":"Point","coordinates":[22.473966,51.441741]}},{"type":"Feature","properties":{"CountryName":"Poland","Type of Animal":"Poultry"},"geometry":{"type":"Point","coordinates":[22.821944,51.854972]}},{"type":"Feature","properties":{"CountryName":"Poland","Type of Animal":"Poultry"},"geometry":{"type":"Point","coordinates":[21.924057,51.675566]}},{"type":"Feature","properties":{"CountryName":"Poland","Type of Animal":"Poultry"},"geometry":{"type":"Point","coordinates":[18.812713,52.732029]}},{"type":"Feature","properties":{"CountryName":"Poland","Type of Animal":"Poultry"},"geometry":{"type":"Point","coordinates":[18.704538,52.790252]}},{"type":"Feature","properties":{"CountryName":"Poland","Type of Animal":"Poultry"},"geometry":{"type":"Point","coordinates":[18.16435,53.0632]}},{"type":"Feature","properties":{"CountryName":"Poland","Type of Animal":"Poultry"},"geometry":{"type":"Point","coordinates":[19.112691,52.512568]}},{"type":"Feature","properties":{"CountryName":"Poland","Type of Animal":"Poultry"},"geometry":{"type":"Point","coordinates":[22.276996,53.891882]}},{"type":"Feature","properties":{"CountryName":"Poland","Type of Animal":"Poultry"},"geometry":{"type":"Point","coordinates":[21.12711,53.79182]}},{"type":"Feature","properties":{"CountryName":"Poland","Type of Animal":"Poultry"},"geometry":{"type":"Point","coordinates":[22.004499,53.619245]}},{"type":"Feature","properties":{"CountryName":"Poland","Type of Animal":"Poultry"},"geometry":{"type":"Point","coordinates":[23.16075,53.05134]}},{"type":"Feature","properties":{"CountryName":"Poland","Type of Animal":"Poultry"},"geometry":{"type":"Point","coordinates":[17.588375,54.230905]}},{"type":"Feature","properties":{"CountryName":"Poland","Type of Animal":"Poultry"},"geometry":{"type":"Point","coordinates":[16.16163,51.5134]}},{"type":"Feature","properties":{"CountryName":"Poland","Type of Animal":"Poultry"},"geometry":{"type":"Point","coordinates":[19.649803,52.194611]}},{"type":"Feature","properties":{"CountryName":"Poland","Type of Animal":"Poultry"},"geometry":{"type":"Point","coordinates":[19.851161,53.008005]}},{"type":"Feature","properties":{"CountryName":"Poland","Type of Animal":"Poultry"},"geometry":{"type":"Point","coordinates":[19.5216,53.0357]}},{"type":"Feature","properties":{"CountryName":"Poland","Type of Animal":"Poultry"},"geometry":{"type":"Point","coordinates":[20.49581,52.57153]}},{"type":"Feature","properties":{"CountryName":"Poland","Type of Animal":"Poultry"},"geometry":{"type":"Point","coordinates":[22.192,52.2046]}},{"type":"Feature","properties":{"CountryName":"Poland","Type of Animal":"Poultry"},"geometry":{"type":"Point","coordinates":[22.472408,52.148124]}},{"type":"Feature","properties":{"CountryName":"Poland","Type of Animal":"Poultry"},"geometry":{"type":"Point","coordinates":[22.37625,52.24956]}},{"type":"Feature","properties":{"CountryName":"Poland","Type of Animal":"Poultry"},"geometry":{"type":"Point","coordinates":[22.401667,52.018611]}},{"type":"Feature","properties":{"CountryName":"Poland","Type of Animal":"Poultry"},"geometry":{"type":"Point","coordinates":[19.541142,52.535383]}},{"type":"Feature","properties":{"CountryName":"Poland","Type of Animal":"Poultry"},"geometry":{"type":"Point","coordinates":[22.365265,52.402622]}},{"type":"Feature","properties":{"CountryName":"Poland","Type of Animal":"Poultry"},"geometry":{"type":"Point","coordinates":[19.873762,52.929504]}},{"type":"Feature","properties":{"CountryName":"Poland","Type of Animal":"Poultry"},"geometry":{"type":"Point","coordinates":[19.912952,52.994789]}},{"type":"Feature","properties":{"CountryName":"Poland","Type of Animal":"Poultry"},"geometry":{"type":"Point","coordinates":[18.25935,51.072713]}},{"type":"Feature","properties":{"CountryName":"Poland","Type of Animal":"Poultry"},"geometry":{"type":"Point","coordinates":[22.3907,52.075466]}},{"type":"Feature","properties":{"CountryName":"Poland","Type of Animal":"Poultry"},"geometry":{"type":"Point","coordinates":[20.045591,52.958415]}},{"type":"Feature","properties":{"CountryName":"Poland","Type of Animal":"Poultry"},"geometry":{"type":"Point","coordinates":[20.04158,52.969272]}},{"type":"Feature","properties":{"CountryName":"Poland","Type of Animal":"Poultry"},"geometry":{"type":"Point","coordinates":[20.27463,53.032224]}},{"type":"Feature","properties":{"CountryName":"Poland","Type of Animal":"Poultry"},"geometry":{"type":"Point","coordinates":[20.41564,52.82123]}},{"type":"Feature","properties":{"CountryName":"Poland","Type of Animal":"Poultry"},"geometry":{"type":"Point","coordinates":[19.262524,52.204925]}},{"type":"Feature","properties":{"CountryName":"Poland","Type of Animal":"Poultry"},"geometry":{"type":"Point","coordinates":[17.879178,50.347428]}},{"type":"Feature","properties":{"CountryName":"Poland","Type of Animal":"Poultry"},"geometry":{"type":"Point","coordinates":[22.731498,52.184393]}},{"type":"Feature","properties":{"CountryName":"Poland","Type of Animal":"Poultry"},"geometry":{"type":"Point","coordinates":[17.14842,53.25748]}},{"type":"Feature","properties":{"CountryName":"Poland","Type of Animal":"Poultry"},"geometry":{"type":"Point","coordinates":[17.486317,51.80968]}},{"type":"Feature","properties":{"CountryName":"Poland","Type of Animal":"Poultry"},"geometry":{"type":"Point","coordinates":[17.453149,51.796072]}},{"type":"Feature","properties":{"CountryName":"Poland","Type of Animal":"Poultry"},"geometry":{"type":"Point","coordinates":[21.27232,52.06511]}},{"type":"Feature","properties":{"CountryName":"Poland","Type of Animal":"Poultry"},"geometry":{"type":"Point","coordinates":[18.785687,52.601519]}},{"type":"Feature","properties":{"CountryName":"Poland","Type of Animal":"Poultry"},"geometry":{"type":"Point","coordinates":[18.371222,51.793038]}},{"type":"Feature","properties":{"CountryName":"Poland","Type of Animal":"Poultry"},"geometry":{"type":"Point","coordinates":[19.440867,52.029761]}},{"type":"Feature","properties":{"CountryName":"Poland","Type of Animal":"Poultry"},"geometry":{"type":"Point","coordinates":[19.513926,52.165514]}},{"type":"Feature","properties":{"CountryName":"Poland","Type of Animal":"Poultry"},"geometry":{"type":"Point","coordinates":[20.550423,52.525423]}},{"type":"Feature","properties":{"CountryName":"Poland","Type of Animal":"Poultry"},"geometry":{"type":"Point","coordinates":[20.312013,52.491675]}},{"type":"Feature","properties":{"CountryName":"Poland","Type of Animal":"Poultry"},"geometry":{"type":"Point","coordinates":[20.118197,52.555979]}},{"type":"Feature","properties":{"CountryName":"Poland","Type of Animal":"Poultry"},"geometry":{"type":"Point","coordinates":[20.75056,52.534918]}},{"type":"Feature","properties":{"CountryName":"Poland","Type of Animal":"Poultry"},"geometry":{"type":"Point","coordinates":[20.511903,52.552909]}},{"type":"Feature","properties":{"CountryName":"Poland","Type of Animal":"Poultry"},"geometry":{"type":"Point","coordinates":[19.521675,52.543149]}},{"type":"Feature","properties":{"CountryName":"Poland","Type of Animal":"Poultry"},"geometry":{"type":"Point","coordinates":[20.355228,53.113411]}},{"type":"Feature","properties":{"CountryName":"Poland","Type of Animal":"Poultry"},"geometry":{"type":"Point","coordinates":[20.3128,52.4912]}},{"type":"Feature","properties":{"CountryName":"Poland","Type of Animal":"Poultry"},"geometry":{"type":"Point","coordinates":[20.15935,52.89356]}},{"type":"Feature","properties":{"CountryName":"Poland","Type of Animal":"Poultry"},"geometry":{"type":"Point","coordinates":[20.10557,52.52397]}},{"type":"Feature","properties":{"CountryName":"Poland","Type of Animal":"Poultry"},"geometry":{"type":"Point","coordinates":[20.325163,52.474135]}},{"type":"Feature","properties":{"CountryName":"Poland","Type of Animal":"Poultry"},"geometry":{"type":"Point","coordinates":[19.87126,53.06582]}},{"type":"Feature","properties":{"CountryName":"Poland","Type of Animal":"Poultry"},"geometry":{"type":"Point","coordinates":[20.16583252,52.99499893]}},{"type":"Feature","properties":{"CountryName":"Poland","Type of Animal":"Poultry"},"geometry":{"type":"Point","coordinates":[22.936395,51.911322]}},{"type":"Feature","properties":{"CountryName":"Poland","Type of Animal":"Poultry"},"geometry":{"type":"Point","coordinates":[20.135926,52.906411]}},{"type":"Feature","properties":{"CountryName":"Poland","Type of Animal":"Poultry"},"geometry":{"type":"Point","coordinates":[17.39424,52.862904]}},{"type":"Feature","properties":{"CountryName":"Poland","Type of Animal":"Poultry"},"geometry":{"type":"Point","coordinates":[22.63397127,52.18720816]}},{"type":"Feature","properties":{"CountryName":"Poland","Type of Animal":"Poultry"},"geometry":{"type":"Point","coordinates":[20.4011938,50.64249268]}},{"type":"Feature","properties":{"CountryName":"Poland","Type of Animal":"Poultry"},"geometry":{"type":"Point","coordinates":[22.81668228,52.17995367]}},{"type":"Feature","properties":{"CountryName":"Poland","Type of Animal":"Poultry"},"geometry":{"type":"Point","coordinates":[18.77960333,49.94501406]}},{"type":"Feature","properties":{"CountryName":"Poland","Type of Animal":"Poultry"},"geometry":{"type":"Point","coordinates":[23.59630415,53.03962693]}},{"type":"Feature","properties":{"CountryName":"Poland","Type of Animal":"Poultry"},"geometry":{"type":"Point","coordinates":[19.91172314,53.06197025]}},{"type":"Feature","properties":{"CountryName":"Poland","Type of Animal":"Poultry"},"geometry":{"type":"Point","coordinates":[19.5216,53.0357]}},{"type":"Feature","properties":{"CountryName":"Poland","Type of Animal":"Poultry"},"geometry":{"type":"Point","coordinates":[17.315185,51.955032]}},{"type":"Feature","properties":{"CountryName":"Poland","Type of Animal":"Poultry"},"geometry":{"type":"Point","coordinates":[17.91337329,51.75485593]}},{"type":"Feature","properties":{"CountryName":"Poland","Type of Animal":"Poultry"},"geometry":{"type":"Point","coordinates":[19.18145926,49.95312779]}},{"type":"Feature","properties":{"CountryName":"Poland","Type of Animal":"Poultry"},"geometry":{"type":"Point","coordinates":[16.6596944,50.83249241]}},{"type":"Feature","properties":{"CountryName":"Poland","Type of Animal":"Poultry"},"geometry":{"type":"Point","coordinates":[18.218778,51.812145]}},{"type":"Feature","properties":{"CountryName":"Poland","Type of Animal":"Poultry"},"geometry":{"type":"Point","coordinates":[16.056717,52.222402]}},{"type":"Feature","properties":{"CountryName":"Poland","Type of Animal":"Poultry"},"geometry":{"type":"Point","coordinates":[22.71606,51.959568]}},{"type":"Feature","properties":{"CountryName":"Poland","Type of Animal":"Poultry"},"geometry":{"type":"Point","coordinates":[19.260659,52.471932]}},{"type":"Feature","properties":{"CountryName":"Poland","Type of Animal":"Poultry"},"geometry":{"type":"Point","coordinates":[15.170191,52.380673]}},{"type":"Feature","properties":{"CountryName":"Poland","Type of Animal":"Poultry"},"geometry":{"type":"Point","coordinates":[22.599361,53.185942]}},{"type":"Feature","properties":{"CountryName":"Poland","Type of Animal":"Poultry"},"geometry":{"type":"Point","coordinates":[18.947537,51.482145]}},{"type":"Feature","properties":{"CountryName":"Poland","Type of Animal":"Poultry"},"geometry":{"type":"Point","coordinates":[19.747261,53.049392]}},{"type":"Feature","properties":{"CountryName":"Poland","Type of Animal":"Poultry"},"geometry":{"type":"Point","coordinates":[19.521024,53.035247]}},{"type":"Feature","properties":{"CountryName":"Poland","Type of Animal":"Poultry"},"geometry":{"type":"Point","coordinates":[19.913898,53.006505]}},{"type":"Feature","properties":{"CountryName":"Poland","Type of Animal":"Poultry"},"geometry":{"type":"Point","coordinates":[20.159479,52.993226]}},{"type":"Feature","properties":{"CountryName":"Poland","Type of Animal":"Poultry"},"geometry":{"type":"Point","coordinates":[19.56022098,51.52058006]}},{"type":"Feature","properties":{"CountryName":"Poland","Type of Animal":"Poultry"},"geometry":{"type":"Point","coordinates":[19.030409,51.094089]}},{"type":"Feature","properties":{"CountryName":"Poland","Type of Animal":"Poultry"},"geometry":{"type":"Point","coordinates":[19.758563,52.932734]}},{"type":"Feature","properties":{"CountryName":"Poland","Type of Animal":"Poultry"},"geometry":{"type":"Point","coordinates":[20.3,52.56]}},{"type":"Feature","properties":{"CountryName":"Poland","Type of Animal":"Poultry"},"geometry":{"type":"Point","coordinates":[20.208736,52.970853]}},{"type":"Feature","properties":{"CountryName":"Poland","Type of Animal":"Poultry"},"geometry":{"type":"Point","coordinates":[19,52]}},{"type":"Feature","properties":{"CountryName":"Poland","Type of Animal":"Poultry"},"geometry":{"type":"Point","coordinates":[19,52]}},{"type":"Feature","properties":{"CountryName":"Poland","Type of Animal":"Poultry"},"geometry":{"type":"Point","coordinates":[17.413269,50.413269]}},{"type":"Feature","properties":{"CountryName":"Poland","Type of Animal":"Poultry"},"geometry":{"type":"Point","coordinates":[22.922151,52.160716]}},{"type":"Feature","properties":{"CountryName":"Poland","Type of Animal":"Poultry"},"geometry":{"type":"Point","coordinates":[17.222575,51.503862]}},{"type":"Feature","properties":{"CountryName":"Poland","Type of Animal":"Poultry"},"geometry":{"type":"Point","coordinates":[19.899456,53.106713]}},{"type":"Feature","properties":{"CountryName":"Poland","Type of Animal":"Poultry"},"geometry":{"type":"Point","coordinates":[19.904067,53.124831]}},{"type":"Feature","properties":{"CountryName":"Poland","Type of Animal":"Poultry"},"geometry":{"type":"Point","coordinates":[19.8875,53.11]}},{"type":"Feature","properties":{"CountryName":"Poland","Type of Animal":"Poultry"},"geometry":{"type":"Point","coordinates":[20.15600049,52.96426613]}},{"type":"Feature","properties":{"CountryName":"Poland","Type of Animal":"Poultry"},"geometry":{"type":"Point","coordinates":[18.23234558,50.09446335]}},{"type":"Feature","properties":{"CountryName":"Poland","Type of Animal":"Poultry"},"geometry":{"type":"Point","coordinates":[19.030409,51.094089]}},{"type":"Feature","properties":{"CountryName":"Poland","Type of Animal":"Poultry"},"geometry":{"type":"Point","coordinates":[18.192235,52.596481]}},{"type":"Feature","properties":{"CountryName":"Poland","Type of Animal":"Poultry"},"geometry":{"type":"Point","coordinates":[19.83476912,52.94893204]}},{"type":"Feature","properties":{"CountryName":"Poland","Type of Animal":"Poultry"},"geometry":{"type":"Point","coordinates":[18.44433043,51.72868797]}},{"type":"Feature","properties":{"CountryName":"Poland","Type of Animal":"Poultry"},"geometry":{"type":"Point","coordinates":[22.34104898,52.28376453]}},{"type":"Feature","properties":{"CountryName":"Poland","Type of Animal":"Poultry"},"geometry":{"type":"Point","coordinates":[17.93337835,52.07165609]}},{"type":"Feature","properties":{"CountryName":"Poland","Type of Animal":"Poultry"},"geometry":{"type":"Point","coordinates":[17.67479,52.20644]}},{"type":"Feature","properties":{"CountryName":"Poland","Type of Animal":"Poultry"},"geometry":{"type":"Point","coordinates":[20.21539714,52.94998199]}},{"type":"Feature","properties":{"CountryName":"Poland","Type of Animal":"Poultry"},"geometry":{"type":"Point","coordinates":[23.30452704,53.09465463]}},{"type":"Feature","properties":{"CountryName":"Poland","Type of Animal":"Poultry"},"geometry":{"type":"Point","coordinates":[16.69372787,52.28295834]}},{"type":"Feature","properties":{"CountryName":"Poland","Type of Animal":"Poultry"},"geometry":{"type":"Point","coordinates":[15.96234307,52.12445779]}},{"type":"Feature","properties":{"CountryName":"Poland","Type of Animal":"Poultry"},"geometry":{"type":"Point","coordinates":[18.67426414,52.60200027]}},{"type":"Feature","properties":{"CountryName":"Poland","Type of Animal":"Poultry"},"geometry":{"type":"Point","coordinates":[23.09880335,52.95108443]}},{"type":"Feature","properties":{"CountryName":"Poland","Type of Animal":"Poultry"},"geometry":{"type":"Point","coordinates":[17.68290418,50.66137016]}},{"type":"Feature","properties":{"CountryName":"Poland","Type of Animal":"Poultry"},"geometry":{"type":"Point","coordinates":[15.79873768,52.23103778]}},{"type":"Feature","properties":{"CountryName":"Poland","Type of Animal":"Poultry"},"geometry":{"type":"Point","coordinates":[15.72081173,51.85023587]}},{"type":"Feature","properties":{"CountryName":"Poland","Type of Animal":"Poultry"},"geometry":{"type":"Point","coordinates":[22.34111328,52.27894563]}},{"type":"Feature","properties":{"CountryName":"Poland","Type of Animal":"Poultry"},"geometry":{"type":"Point","coordinates":[17.35342781,51.83512558]}},{"type":"Feature","properties":{"CountryName":"Poland","Type of Animal":"Poultry"},"geometry":{"type":"Point","coordinates":[21.81548039,53.39534795]}},{"type":"Feature","properties":{"CountryName":"Poland","Type of Animal":"Poultry"},"geometry":{"type":"Point","coordinates":[19.41695837,50.95833554]}},{"type":"Feature","properties":{"CountryName":"Poland","Type of Animal":"Poultry"},"geometry":{"type":"Point","coordinates":[22.817304,52.180266]}},{"type":"Feature","properties":{"CountryName":"Poland","Type of Animal":"Poultry"},"geometry":{"type":"Point","coordinates":[18.594111,51.544194]}},{"type":"Feature","properties":{"CountryName":"Poland","Type of Animal":"Poultry"},"geometry":{"type":"Point","coordinates":[20.143627,52.111063]}},{"type":"Feature","properties":{"CountryName":"Poland","Type of Animal":"Poultry"},"geometry":{"type":"Point","coordinates":[21.363583,51.338889]}},{"type":"Feature","properties":{"CountryName":"Poland","Type of Animal":"Poultry"},"geometry":{"type":"Point","coordinates":[17.372487,51.845504]}},{"type":"Feature","properties":{"CountryName":"Poland","Type of Animal":"Poultry"},"geometry":{"type":"Point","coordinates":[22.098055,52.321944]}},{"type":"Feature","properties":{"CountryName":"Poland","Type of Animal":"Poultry"},"geometry":{"type":"Point","coordinates":[19.944661,52.963009]}},{"type":"Feature","properties":{"CountryName":"Poland","Type of Animal":"Poultry"},"geometry":{"type":"Point","coordinates":[22.565012,51.562272]}},{"type":"Feature","properties":{"CountryName":"Poland","Type of Animal":"Poultry"},"geometry":{"type":"Point","coordinates":[16.474943,52.235666]}},{"type":"Feature","properties":{"CountryName":"Poland","Type of Animal":"Poultry"},"geometry":{"type":"Point","coordinates":[19.489333,52.342472]}},{"type":"Feature","properties":{"CountryName":"Poland","Type of Animal":"Poultry"},"geometry":{"type":"Point","coordinates":[18.8308,50.69244]}},{"type":"Feature","properties":{"CountryName":"Poland","Type of Animal":"Poultry"},"geometry":{"type":"Point","coordinates":[20.18082909,52.98355961]}},{"type":"Feature","properties":{"CountryName":"Poland","Type of Animal":"Poultry"},"geometry":{"type":"Point","coordinates":[23.02636022,51.93839763]}},{"type":"Feature","properties":{"CountryName":"Poland","Type of Animal":"Poultry"},"geometry":{"type":"Point","coordinates":[22.19964076,52.54146802]}},{"type":"Feature","properties":{"CountryName":"Poland","Type of Animal":"Poultry"},"geometry":{"type":"Point","coordinates":[22.58625844,51.97085905]}},{"type":"Feature","properties":{"CountryName":"Poland","Type of Animal":"Poultry"},"geometry":{"type":"Point","coordinates":[16.83237737,51.63188935]}},{"type":"Feature","properties":{"CountryName":"Poland","Type of Animal":"Poultry"},"geometry":{"type":"Point","coordinates":[23.21178932,53.41093396]}},{"type":"Feature","properties":{"CountryName":"Poland","Type of Animal":"Poultry"},"geometry":{"type":"Point","coordinates":[17.52318637,50.57180732]}},{"type":"Feature","properties":{"CountryName":"Poland","Type of Animal":"Poultry"},"geometry":{"type":"Point","coordinates":[16.36308714,52.12798216]}},{"type":"Feature","properties":{"CountryName":"Poland","Type of Animal":"Poultry"},"geometry":{"type":"Point","coordinates":[20.08844983,50.45792644]}}]}