{"type":"FeatureCollection","features":[{"type":"Feature","properties":{"Unique ID":1,"installationName":"GRANJA LES ROQUES DEL GUIX","Type of Animal":"Pigs"},"geometry":{"type":"Point","coordinates":[2.104282,41.992666]}},{"type":"Feature","properties":{"Unique ID":2,"installationName":"PEQUECHIN S.L.","Type of Animal":"Pigs"},"geometry":{"type":"Point","coordinates":[-1.7233,38.92]}},{"type":"Feature","properties":{"Unique ID":3,"installationName":"SANTÍSIMO CRISTO DE LOS MILAGROS S.L.","Type of Animal":"Pigs"},"geometry":{"type":"Point","coordinates":[-2.5509,38.9468]}},{"type":"Feature","properties":{"Unique ID":4,"installationName":"GRANJAS MARÍA JESÚS S.C.L.","Type of Animal":"Pigs"},"geometry":{"type":"Point","coordinates":[-1.8933,39.069]}},{"type":"Feature","properties":{"Unique ID":5,"installationName":"BARTOLOMÉ PARRA ZURANO, S.A.","Type of Animal":"Pigs"},"geometry":{"type":"Point","coordinates":[-1.911616,37.400046]}},{"type":"Feature","properties":{"Unique ID":6,"installationName":"Explotación procina mixta en Paraje Los Propios","Type of Animal":"Pigs"},"geometry":{"type":"Point","coordinates":[-1.876724,37.388967]}},{"type":"Feature","properties":{"Unique ID":7,"installationName":"GRANJA EL ROMERAL","Type of Animal":"Pigs"},"geometry":{"type":"Point","coordinates":[-1.839339,37.428165]}},{"type":"Feature","properties":{"Unique ID":8,"installationName":"GRANJA EL BENZAL","Type of Animal":"Pigs"},"geometry":{"type":"Point","coordinates":[-1.757143,37.412214]}},{"type":"Feature","properties":{"Unique ID":9,"installationName":"Explotación Porcina \"Los García - Las Norias\"","Type of Animal":"Pigs"},"geometry":{"type":"Point","coordinates":[-1.849847,37.440174]}},{"type":"Feature","properties":{"Unique ID":10,"installationName":"AGROPECUARIA DEL GUADIATO","Type of Animal":"Pigs"},"geometry":{"type":"Point","coordinates":[-2.18795,36.939357]}},{"type":"Feature","properties":{"Unique ID":11,"installationName":"EXPLOTACIÓN LOMA DE NIEVA","Type of Animal":"Pigs"},"geometry":{"type":"Point","coordinates":[-1.986493,37.440677]}},{"type":"Feature","properties":{"Unique ID":12,"installationName":"Cebadero de Ganado Porcino \"Granja Gab Instalación: riel\".","Type of Animal":"Pigs"},"geometry":{"type":"Point","coordinates":[-2.250382,37.881193]}},{"type":"Feature","properties":{"Unique ID":13,"installationName":"GRANJA EL CRUCE","Type of Animal":"Poultry"},"geometry":{"type":"Point","coordinates":[-7.165318,39.211208]}},{"type":"Feature","properties":{"Unique ID":14,"installationName":"EXPLOTACIÓN PORCINA HERMANOS ARROYO ZAPATA, S.L.","Type of Animal":"Pigs"},"geometry":{"type":"Point","coordinates":[-6.339841,38.419536]}},{"type":"Feature","properties":{"Unique ID":15,"installationName":"PESQUERITO, S.L., MONJÍAS DE NOGALA","Type of Animal":"Pigs"},"geometry":{"type":"Point","coordinates":[-6.707325,38.777586]}},{"type":"Feature","properties":{"Unique ID":16,"installationName":"HUEVOS CABAÑAS","Type of Animal":"Poultry"},"geometry":{"type":"Point","coordinates":[-6.447601,38.519497]}},{"type":"Feature","properties":{"Unique ID":17,"installationName":"AVES CAMAR, S.L.","Type of Animal":"Poultry"},"geometry":{"type":"Point","coordinates":[-6.646816,38.516365]}},{"type":"Feature","properties":{"Unique ID":18,"installationName":"CEBADEROS DEL SUR, S.L., POCITO DIEGO","Type of Animal":"Pigs"},"geometry":{"type":"Point","coordinates":[-6.483479,38.597688]}},{"type":"Feature","properties":{"Unique ID":19,"installationName":"CEBADEROS DEL SUR, S.L., LA MINGA","Type of Animal":"Pigs"},"geometry":{"type":"Point","coordinates":[-6.449726,38.549659]}},{"type":"Feature","properties":{"Unique ID":20,"installationName":"EXPLOTACIÓN PORCINA BARRITO, EXPLOTACIONES PORCINAS BERSIL, S.L.","Type of Animal":"Pigs"},"geometry":{"type":"Point","coordinates":[-5.809321,38.355657]}},{"type":"Feature","properties":{"Unique ID":21,"installationName":"EXPLOTACIÓN PORCINA HERREZUELO","Type of Animal":"Pigs"},"geometry":{"type":"Point","coordinates":[-5.816724,38.358972]}},{"type":"Feature","properties":{"Unique ID":22,"installationName":"EXPLOTACIÓN PORCINA LA PIZARRILLA","Type of Animal":"Pigs"},"geometry":{"type":"Point","coordinates":[-5.663538,38.218442]}},{"type":"Feature","properties":{"Unique ID":23,"installationName":"GRANJA CAL BORES","Type of Animal":"Pigs"},"geometry":{"type":"Point","coordinates":[1.888542,42.043783]}},{"type":"Feature","properties":{"Unique ID":24,"installationName":"GRANJA PALAU (Sagàs)","Type of Animal":"Pigs"},"geometry":{"type":"Point","coordinates":[1.912601,42.007426]}},{"type":"Feature","properties":{"Unique ID":25,"installationName":"GRANJA EL RAURELL","Type of Animal":"Pigs"},"geometry":{"type":"Point","coordinates":[1.960793,42.071591]}},{"type":"Feature","properties":{"Unique ID":26,"installationName":"AGROLERIDA (0230VM)","Type of Animal":"Pigs"},"geometry":{"type":"Point","coordinates":[0.502007,41.641562]}},{"type":"Feature","properties":{"Unique ID":27,"installationName":"TRUGES MONTAGUT","Type of Animal":"Pigs"},"geometry":{"type":"Point","coordinates":[0.502571,41.643138]}},{"type":"Feature","properties":{"Unique ID":28,"installationName":"La Casanova","Type of Animal":"Pigs"},"geometry":{"type":"Point","coordinates":[2.362724,42.03357]}},{"type":"Feature","properties":{"Unique ID":29,"installationName":"La Masallera","Type of Animal":"Pigs"},"geometry":{"type":"Point","coordinates":[2.398028,42.069112]}},{"type":"Feature","properties":{"Unique ID":30,"installationName":"EXPLOTACIÓN DEHESA POSÍA","Type of Animal":"Pigs"},"geometry":{"type":"Point","coordinates":[-5.598611,38.282222]}},{"type":"Feature","properties":{"Unique ID":31,"installationName":"GRANJA CAL VIADER","Type of Animal":"Pigs"},"geometry":{"type":"Point","coordinates":[1.890706,42.016628]}},{"type":"Feature","properties":{"Unique ID":32,"installationName":"LES FEIXES","Type of Animal":"Pigs"},"geometry":{"type":"Point","coordinates":[2.194608,42.051585]}},{"type":"Feature","properties":{"Unique ID":33,"installationName":"GRANJA VILAPORTA","Type of Animal":"Pigs"},"geometry":{"type":"Point","coordinates":[2.346873,42.050751]}},{"type":"Feature","properties":{"Unique ID":34,"installationName":"MUESA","Type of Animal":"Pigs"},"geometry":{"type":"Point","coordinates":[0.374423,40.611789]}},{"type":"Feature","properties":{"Unique ID":35,"installationName":"EL BACH","Type of Animal":"Pigs"},"geometry":{"type":"Point","coordinates":[2.081902,41.95257]}},{"type":"Feature","properties":{"Unique ID":36,"installationName":"MOLI DEL CASTELL","Type of Animal":"Pigs"},"geometry":{"type":"Point","coordinates":[2.116468,41.884028]}},{"type":"Feature","properties":{"Unique ID":37,"installationName":"L´ALOVET","Type of Animal":"Pigs"},"geometry":{"type":"Point","coordinates":[2.135454,41.999885]}},{"type":"Feature","properties":{"Unique ID":38,"installationName":"Les Basses","Type of Animal":"Pigs"},"geometry":{"type":"Point","coordinates":[2.237804,41.996311]}},{"type":"Feature","properties":{"Unique ID":39,"installationName":"INDUSTRIAL GANADERA DE ARTESA","Type of Animal":"Pigs"},"geometry":{"type":"Point","coordinates":[1.011859,41.905541]}},{"type":"Feature","properties":{"Unique ID":40,"installationName":"S.A.T. SANTA ANNA 1603 NUM 213 CAT","Type of Animal":"Pigs"},"geometry":{"type":"Point","coordinates":[1.863535,41.781926]}},{"type":"Feature","properties":{"Unique ID":41,"installationName":"Can Rosa","Type of Animal":"Pigs"},"geometry":{"type":"Point","coordinates":[2.420216,41.691334]}},{"type":"Feature","properties":{"Unique ID":42,"installationName":"GRANJA GUARDIOLA","Type of Animal":"Pigs"},"geometry":{"type":"Point","coordinates":[1.768831,41.689344]}},{"type":"Feature","properties":{"Unique ID":43,"installationName":"GRANJA LA MIRANDA","Type of Animal":"Pigs"},"geometry":{"type":"Point","coordinates":[2.112895,41.97533]}},{"type":"Feature","properties":{"Unique ID":44,"installationName":"GRANJA EL MUJAL - RBS","Type of Animal":"Pigs"},"geometry":{"type":"Point","coordinates":[1.841839,41.891246]}},{"type":"Feature","properties":{"Unique ID":45,"installationName":"CAN AUBREDA","Type of Animal":"Pigs"},"geometry":{"type":"Point","coordinates":[1.845253,41.778141]}},{"type":"Feature","properties":{"Unique ID":46,"installationName":"AVÍCOLA SÚRIA, S.L.","Type of Animal":"Poultry"},"geometry":{"type":"Point","coordinates":[1.770806,41.839423]}},{"type":"Feature","properties":{"Unique ID":47,"installationName":"HERMANOS DE PABLO ARRIBAS - FUENTESPINA","Type of Animal":"Pigs"},"geometry":{"type":"Point","coordinates":[-3.682367,41.617811]}},{"type":"Feature","properties":{"Unique ID":48,"installationName":"HERMANOS VENTURA MIRÓN S.C.","Type of Animal":"Poultry"},"geometry":{"type":"Point","coordinates":[-6.633866,39.802567]}},{"type":"Feature","properties":{"Unique ID":49,"installationName":"GRANJA RODRÍGUEZ, S.L.","Type of Animal":"Poultry"},"geometry":{"type":"Point","coordinates":[-6.110135,36.323793]}},{"type":"Feature","properties":{"Unique ID":50,"installationName":"GRANJA BERLANGUILLA, S.A.","Type of Animal":"Pigs"},"geometry":{"type":"Point","coordinates":[-5.908574,36.653909]}},{"type":"Feature","properties":{"Unique ID":51,"installationName":"AVICOLAS SALES","Type of Animal":"Poultry"},"geometry":{"type":"Point","coordinates":[-0.12342,40.162927]}},{"type":"Feature","properties":{"Unique ID":52,"installationName":"JUAN CARLOS SALES GARGALLO","Type of Animal":"Pigs"},"geometry":{"type":"Point","coordinates":[0.120254,40.310077]}},{"type":"Feature","properties":{"Unique ID":53,"installationName":"AVICOLA VICENT","Type of Animal":"Poultry"},"geometry":{"type":"Point","coordinates":[0.392636,40.436267]}},{"type":"Feature","properties":{"Unique ID":54,"installationName":"GRANJA BOVERALS","Type of Animal":"Poultry"},"geometry":{"type":"Point","coordinates":[0.477099,40.490403]}},{"type":"Feature","properties":{"Unique ID":55,"installationName":"ES440070000005-ALBA","Type of Animal":"Pigs"},"geometry":{"type":"Point","coordinates":[-1.343644,40.607119]}},{"type":"Feature","properties":{"Unique ID":56,"installationName":"ES501510000013-CERDOS-LUNA","Type of Animal":"Pigs"},"geometry":{"type":"Point","coordinates":[-0.935067,42.104758]}},{"type":"Feature","properties":{"Unique ID":57,"installationName":"GRANJA LA MERCED","Type of Animal":"Pigs"},"geometry":{"type":"Point","coordinates":[-5.731964,36.698017]}},{"type":"Feature","properties":{"Unique ID":58,"installationName":"HUEVOS GUERRERO, S.L.","Type of Animal":"Pigs"},"geometry":{"type":"Point","coordinates":[-4.458583,37.465044]}},{"type":"Feature","properties":{"Unique ID":60,"installationName":"GRANJA O CAMPO","Type of Animal":"Pigs"},"geometry":{"type":"Point","coordinates":[-8.058221,43.13247]}},{"type":"Feature","properties":{"Unique ID":61,"installationName":"GRANJA LA PRESILLA, S.C.","Type of Animal":"Pigs"},"geometry":{"type":"Point","coordinates":[-1.639722,42.365]}},{"type":"Feature","properties":{"Unique ID":62,"installationName":"EXPORGONDO","Type of Animal":"Pigs"},"geometry":{"type":"Point","coordinates":[-8.287145,43.176673]}},{"type":"Feature","properties":{"Unique ID":63,"installationName":"GRANJAS SAN LUIS-GRANXA LENDO","Type of Animal":"Pigs"},"geometry":{"type":"Point","coordinates":[-8.62005,43.264466]}},{"type":"Feature","properties":{"Unique ID":64,"installationName":"CIRIZA CASTRO, MARIANO JAVIER","Type of Animal":"Pigs"},"geometry":{"type":"Point","coordinates":[-1.42255,41.9246]}},{"type":"Feature","properties":{"Unique ID":65,"installationName":"VIRGINIA GOMEZ ANCIANO","Type of Animal":"Pigs"},"geometry":{"type":"Point","coordinates":[-1.76244,42.59115]}},{"type":"Feature","properties":{"Unique ID":66,"installationName":"GRANJA LA LAGUNA, T.C.","Type of Animal":"Pigs"},"geometry":{"type":"Point","coordinates":[-1.785021,42.201079]}},{"type":"Feature","properties":{"Unique ID":67,"installationName":"GRANJAS INIESTA S.C.L. I.","Type of Animal":"Pigs"},"geometry":{"type":"Point","coordinates":[-1.7482,39.4808]}},{"type":"Feature","properties":{"Unique ID":68,"installationName":"HERMANOS GUIJARRO SALCEDO C.B.","Type of Animal":"Pigs"},"geometry":{"type":"Point","coordinates":[-2.2201,39.7354]}},{"type":"Feature","properties":{"Unique ID":69,"installationName":"HERMANOS GIL LOPEZ, S.C.","Type of Animal":"Pigs"},"geometry":{"type":"Point","coordinates":[-2.013121,42.060035]}},{"type":"Feature","properties":{"Unique ID":70,"installationName":"GARIJO GONZÁLEZ, ALBERTO","Type of Animal":"Pigs"},"geometry":{"type":"Point","coordinates":[-1.943456,42.064332]}},{"type":"Feature","properties":{"Unique ID":71,"installationName":"RUBEN GARRIDO ALDAMA","Type of Animal":"Pigs"},"geometry":{"type":"Point","coordinates":[-1.998836,42.336659]}},{"type":"Feature","properties":{"Unique ID":72,"installationName":"ES222250000289-CERDOS-TAMARITE DE LITERA","Type of Animal":"Pigs"},"geometry":{"type":"Point","coordinates":[0.423842,41.866054]}},{"type":"Feature","properties":{"Unique ID":73,"installationName":"MAS SALVATELLA","Type of Animal":"Pigs"},"geometry":{"type":"Point","coordinates":[2.788185,42.152679]}},{"type":"Feature","properties":{"Unique ID":74,"installationName":"GRANJA GANASA","Type of Animal":"Pigs"},"geometry":{"type":"Point","coordinates":[3.039054,42.187021]}},{"type":"Feature","properties":{"Unique ID":75,"installationName":"ATLANTIDA","Type of Animal":"Pigs"},"geometry":{"type":"Point","coordinates":[2.72193,42.239607]}},{"type":"Feature","properties":{"Unique ID":76,"installationName":"Granja Dosquers","Type of Animal":"Poultry"},"geometry":{"type":"Point","coordinates":[2.760788,42.199161]}},{"type":"Feature","properties":{"Unique ID":77,"installationName":"GRANJA ROCAS PASQUAL","Type of Animal":"Pigs"},"geometry":{"type":"Point","coordinates":[2.809884,42.181808]}},{"type":"Feature","properties":{"Unique ID":78,"installationName":"CAN XURLO","Type of Animal":"Pigs"},"geometry":{"type":"Point","coordinates":[2.829993,41.906958]}},{"type":"Feature","properties":{"Unique ID":79,"installationName":"ELS ASPRES","Type of Animal":"Pigs"},"geometry":{"type":"Point","coordinates":[3.033781,42.231563]}},{"type":"Feature","properties":{"Unique ID":80,"installationName":"CAN GAVINA","Type of Animal":"Pigs"},"geometry":{"type":"Point","coordinates":[2.758604,41.752848]}},{"type":"Feature","properties":{"Unique ID":81,"installationName":"CAN XELA","Type of Animal":"Pigs"},"geometry":{"type":"Point","coordinates":[2.884604,42.248481]}},{"type":"Feature","properties":{"Unique ID":82,"installationName":"GRANJA CAN CORIS","Type of Animal":"Pigs"},"geometry":{"type":"Point","coordinates":[3.061754,41.966548]}},{"type":"Feature","properties":{"Unique ID":83,"installationName":"ES502520000099-CERDOS-TAUSTE","Type of Animal":"Pigs"},"geometry":{"type":"Point","coordinates":[-1.300789,41.970327]}},{"type":"Feature","properties":{"Unique ID":84,"installationName":"ES501600000014-CERDOS-MALLÉN","Type of Animal":"Pigs"},"geometry":{"type":"Point","coordinates":[-1.418386,41.910706]}},{"type":"Feature","properties":{"Unique ID":85,"installationName":"Mas dels Fils","Type of Animal":"Pigs"},"geometry":{"type":"Point","coordinates":[3.024285,42.358363]}},{"type":"Feature","properties":{"Unique ID":86,"installationName":"Granja Pagès","Type of Animal":"Poultry"},"geometry":{"type":"Point","coordinates":[3.085824,42.251884]}},{"type":"Feature","properties":{"Unique ID":87,"installationName":"GRANJA EL PUIG","Type of Animal":"Pigs"},"geometry":{"type":"Point","coordinates":[2.837821,42.266915]}},{"type":"Feature","properties":{"Unique ID":88,"installationName":"CAN GUILANA","Type of Animal":"Pigs"},"geometry":{"type":"Point","coordinates":[2.872953,42.155515]}},{"type":"Feature","properties":{"Unique ID":89,"installationName":"TERRES BLANQUES - CORRALS DEL CABRER","Type of Animal":"Pigs"},"geometry":{"type":"Point","coordinates":[2.803619,42.249975]}},{"type":"Feature","properties":{"Unique ID":90,"installationName":"MAS PARDALA","Type of Animal":"Pigs"},"geometry":{"type":"Point","coordinates":[2.834649,42.156648]}},{"type":"Feature","properties":{"Unique ID":91,"installationName":"CAN VILA","Type of Animal":"Pigs"},"geometry":{"type":"Point","coordinates":[2.827717,41.859742]}},{"type":"Feature","properties":{"Unique ID":92,"installationName":"GRANJA LES OLIVES","Type of Animal":"Pigs"},"geometry":{"type":"Point","coordinates":[3.013064,42.233751]}},{"type":"Feature","properties":{"Unique ID":93,"installationName":"GRANJA LES ERES","Type of Animal":"Pigs"},"geometry":{"type":"Point","coordinates":[3.063585,42.193836]}},{"type":"Feature","properties":{"Unique ID":94,"installationName":"FEIXA LLARGA","Type of Animal":"Pigs"},"geometry":{"type":"Point","coordinates":[2.952748,42.215729]}},{"type":"Feature","properties":{"Unique ID":95,"installationName":"GRANJA RUART","Type of Animal":"Pigs"},"geometry":{"type":"Point","coordinates":[2.869502,42.195059]}},{"type":"Feature","properties":{"Unique ID":96,"installationName":"GRANJA LA CALZADA","Type of Animal":"Pigs"},"geometry":{"type":"Point","coordinates":[2.959359,42.297644]}},{"type":"Feature","properties":{"Unique ID":97,"installationName":"CAN TANIC","Type of Animal":"Pigs"},"geometry":{"type":"Point","coordinates":[2.838316,42.191488]}},{"type":"Feature","properties":{"Unique ID":98,"installationName":"Les Grilleres","Type of Animal":"Pigs"},"geometry":{"type":"Point","coordinates":[3.010021,42.380417]}},{"type":"Feature","properties":{"Unique ID":99,"installationName":"CAN DANSA","Type of Animal":"Pigs"},"geometry":{"type":"Point","coordinates":[2.839881,42.198308]}},{"type":"Feature","properties":{"Unique ID":100,"installationName":"GRANJA BADIA","Type of Animal":"Pigs"},"geometry":{"type":"Point","coordinates":[2.604915,42.136433]}},{"type":"Feature","properties":{"Unique ID":101,"installationName":"GRANJA RICARD","Type of Animal":"Pigs"},"geometry":{"type":"Point","coordinates":[2.783114,41.864457]}},{"type":"Feature","properties":{"Unique ID":102,"installationName":"CAN COS","Type of Animal":"Pigs"},"geometry":{"type":"Point","coordinates":[2.77752,42.173914]}},{"type":"Feature","properties":{"Unique ID":103,"installationName":"Mas Gepeto","Type of Animal":"Pigs"},"geometry":{"type":"Point","coordinates":[2.945657,42.011168]}},{"type":"Feature","properties":{"Unique ID":104,"installationName":"PUIG DE SANT JOAN","Type of Animal":"Pigs"},"geometry":{"type":"Point","coordinates":[3.0294,41.99699]}},{"type":"Feature","properties":{"Unique ID":105,"installationName":"MAS NOGUER","Type of Animal":"Pigs"},"geometry":{"type":"Point","coordinates":[3.031035,42.0071]}},{"type":"Feature","properties":{"Unique ID":106,"installationName":"CAMP DEL BOSC","Type of Animal":"Pigs"},"geometry":{"type":"Point","coordinates":[2.985764,42.219223]}},{"type":"Feature","properties":{"Unique ID":107,"installationName":"Agroramadera de la Selva S.L.","Type of Animal":"Pigs"},"geometry":{"type":"Point","coordinates":[2.83471,41.834534]}},{"type":"Feature","properties":{"Unique ID":108,"installationName":"ES500740000017-CERDOS-CASPE","Type of Animal":"Pigs"},"geometry":{"type":"Point","coordinates":[-0.085093,41.242334]}},{"type":"Feature","properties":{"Unique ID":109,"installationName":"ES500060000013-CERDOS-AINZÓN","Type of Animal":"Pigs"},"geometry":{"type":"Point","coordinates":[-1.507605,41.808331]}},{"type":"Feature","properties":{"Unique ID":110,"installationName":"ES500080000005-CERDOS-ALAGÓN","Type of Animal":"Pigs"},"geometry":{"type":"Point","coordinates":[-1.113715,41.785227]}},{"type":"Feature","properties":{"Unique ID":111,"installationName":"ES500590000025-CERDOS-BUJARALOZ","Type of Animal":"Pigs"},"geometry":{"type":"Point","coordinates":[-0.152625,41.501053]}},{"type":"Feature","properties":{"Unique ID":112,"installationName":"ES501700000013-CERDOS-MONEGRILLO","Type of Animal":"Pigs"},"geometry":{"type":"Point","coordinates":[-0.444633,41.644582]}},{"type":"Feature","properties":{"Unique ID":113,"installationName":"POLLOS VEGA EL TRILLAR S.C","Type of Animal":"Poultry"},"geometry":{"type":"Point","coordinates":[-1.136955,42.121003]}},{"type":"Feature","properties":{"Unique ID":114,"installationName":"ES501600000021-CERDOS-MALLÉN","Type of Animal":"Pigs"},"geometry":{"type":"Point","coordinates":[-1.390755,41.894701]}},{"type":"Feature","properties":{"Unique ID":115,"installationName":"ES220990000105-CERDOS-ESPLÚS","Type of Animal":"Pigs"},"geometry":{"type":"Point","coordinates":[0.28984,41.849984]}},{"type":"Feature","properties":{"Unique ID":116,"installationName":"ES222390000012-CERDOS-TRAMACED","Type of Animal":"Pigs"},"geometry":{"type":"Point","coordinates":[-0.298351,41.978577]}},{"type":"Feature","properties":{"Unique ID":117,"installationName":"ES222250000286-CERDOS-TAMARITE DE LITERA","Type of Animal":"Pigs"},"geometry":{"type":"Point","coordinates":[0.364829,41.770008]}},{"type":"Feature","properties":{"Unique ID":118,"installationName":"ES221740000057-CERDOS-PERALTA DE ALCOFEA","Type of Animal":"Pigs"},"geometry":{"type":"Point","coordinates":[-0.081781,41.922043]}},{"type":"Feature","properties":{"Unique ID":119,"installationName":"ES222540000041-CERDOS-ZAIDÍN","Type of Animal":"Pigs"},"geometry":{"type":"Point","coordinates":[0.25897,41.664207]}},{"type":"Feature","properties":{"Unique ID":120,"installationName":"ES222390000006-CERDOS-TRAMACED","Type of Animal":"Pigs"},"geometry":{"type":"Point","coordinates":[-0.305252,41.974573]}},{"type":"Feature","properties":{"Unique ID":121,"installationName":"ES220600000146-CERDOS-BINACED","Type of Animal":"Pigs"},"geometry":{"type":"Point","coordinates":[0.201609,41.825742]}},{"type":"Feature","properties":{"Unique ID":122,"installationName":"ES221740000056-CERDOS-PERALTA DE ALCOFEA","Type of Animal":"Pigs"},"geometry":{"type":"Point","coordinates":[-0.055613,41.920771]}},{"type":"Feature","properties":{"Unique ID":123,"installationName":"ES220160000037-CERDOS-ALCAMPELL","Type of Animal":"Pigs"},"geometry":{"type":"Point","coordinates":[0.461705,41.919019]}},{"type":"Feature","properties":{"Unique ID":124,"installationName":"ES220800000079-CERDOS-CAPELLA","Type of Animal":"Pigs"},"geometry":{"type":"Point","coordinates":[0.397751,42.197816]}},{"type":"Feature","properties":{"Unique ID":125,"installationName":"ES221620000001-CERDOS-NOVALES","Type of Animal":"Pigs"},"geometry":{"type":"Point","coordinates":[-0.288177,42.030966]}},{"type":"Feature","properties":{"Unique ID":126,"installationName":"ES229040000050-CERDOS-SOTONERA (LA)","Type of Animal":"Pigs"},"geometry":{"type":"Point","coordinates":[-0.529731,42.239652]}},{"type":"Feature","properties":{"Unique ID":127,"installationName":"ES220290000002-CERDOS-ANTILLÓN","Type of Animal":"Pigs"},"geometry":{"type":"Point","coordinates":[-0.170213,42.03163]}},{"type":"Feature","properties":{"Unique ID":128,"installationName":"ES221620000018-NOVALES","Type of Animal":"Pigs"},"geometry":{"type":"Point","coordinates":[-0.277483,42.039072]}},{"type":"Feature","properties":{"Unique ID":129,"installationName":"ES220480000089-CERDOS-BARBASTRO","Type of Animal":"Pigs"},"geometry":{"type":"Point","coordinates":[0.125402,42.034888]}},{"type":"Feature","properties":{"Unique ID":130,"installationName":"ES220170000016-CERDOS-ALCOLEA DE CINCA","Type of Animal":"Pigs"},"geometry":{"type":"Point","coordinates":[0.114993,41.72139]}},{"type":"Feature","properties":{"Unique ID":131,"installationName":"ES221890000001-CERDOS-PUÉRTOLAS","Type of Animal":"Pigs"},"geometry":{"type":"Point","coordinates":[0.138721,42.506827]}},{"type":"Feature","properties":{"Unique ID":132,"installationName":"ES229030000089-CERDOS-SAN MIGUEL DEL CINCA","Type of Animal":"Pigs"},"geometry":{"type":"Point","coordinates":[0.130206,41.848755]}},{"type":"Feature","properties":{"Unique ID":133,"installationName":"ES221740000031-CERDOS-PERALTA DE ALCOFEA","Type of Animal":"Pigs"},"geometry":{"type":"Point","coordinates":[-0.070379,41.916804]}},{"type":"Feature","properties":{"Unique ID":134,"installationName":"ES222130000100-CERDOS-SARIÑENA","Type of Animal":"Pigs"},"geometry":{"type":"Point","coordinates":[-0.235247,41.775018]}},{"type":"Feature","properties":{"Unique ID":135,"installationName":"ES220490000015-BARBUÉS","Type of Animal":"Pigs"},"geometry":{"type":"Point","coordinates":[-0.41808,41.98253]}},{"type":"Feature","properties":{"Unique ID":136,"installationName":"ES221740000055-CERDOS-PERALTA DE ALCOFEA","Type of Animal":"Pigs"},"geometry":{"type":"Point","coordinates":[-0.091597,41.931064]}},{"type":"Feature","properties":{"Unique ID":137,"installationName":"ES221160000113-CERDOS-GRAÑÉN","Type of Animal":"Pigs"},"geometry":{"type":"Point","coordinates":[-0.35497,41.955413]}},{"type":"Feature","properties":{"Unique ID":138,"installationName":"ES221170000167-CERDOS-GRAUS","Type of Animal":"Pigs"},"geometry":{"type":"Point","coordinates":[0.344343,42.236304]}},{"type":"Feature","properties":{"Unique ID":139,"installationName":"ES221970000077-CERDOS-ROBRES","Type of Animal":"Pigs"},"geometry":{"type":"Point","coordinates":[-0.449225,41.885097]}},{"type":"Feature","properties":{"Unique ID":140,"installationName":"ES220110000005-CERDOS-ALBERO ALTO","Type of Animal":"Pigs"},"geometry":{"type":"Point","coordinates":[-0.363406,42.059577]}},{"type":"Feature","properties":{"Unique ID":141,"installationName":"ES221240000020-CERDOS-HUERTO","Type of Animal":"Pigs"},"geometry":{"type":"Point","coordinates":[-0.122295,41.903039]}},{"type":"Feature","properties":{"Unique ID":142,"installationName":"DIAZ TERES, JESUS","Type of Animal":"Pigs"},"geometry":{"type":"Point","coordinates":[-1.80348,42.31732]}},{"type":"Feature","properties":{"Unique ID":143,"installationName":"Ganados Campo Vidal, S.L.","Type of Animal":"Pigs"},"geometry":{"type":"Point","coordinates":[-0.395141,40.506884]}},{"type":"Feature","properties":{"Unique ID":144,"installationName":"FERRERES RUIZ C.B.","Type of Animal":"Pigs"},"geometry":{"type":"Point","coordinates":[0.195132,40.22018]}},{"type":"Feature","properties":{"Unique ID":145,"installationName":"MIGUEL MATEU SALES","Type of Animal":"Pigs"},"geometry":{"type":"Point","coordinates":[0.120291,40.324895]}},{"type":"Feature","properties":{"Unique ID":146,"installationName":"FRANCISCO SANJUÁN GARCÍA","Type of Animal":"Pigs"},"geometry":{"type":"Point","coordinates":[0.027604,40.479307]}},{"type":"Feature","properties":{"Unique ID":147,"installationName":"DAGU-VALDEAVERO","Type of Animal":"Poultry"},"geometry":{"type":"Point","coordinates":[-3.331703,40.63436]}},{"type":"Feature","properties":{"Unique ID":148,"installationName":"GRANJA AVÍCOLA MARCHAMALO","Type of Animal":"Poultry"},"geometry":{"type":"Point","coordinates":[-3.2203,40.6714]}},{"type":"Feature","properties":{"Unique ID":149,"installationName":"DAGU, S.A.  ","Type of Animal":"Poultry"},"geometry":{"type":"Point","coordinates":[-3.1192,40.7116]}},{"type":"Feature","properties":{"Unique ID":150,"installationName":"SEBASTIAN HERRERO ANDRES","Type of Animal":"Pigs"},"geometry":{"type":"Point","coordinates":[-1.260828,39.736141]}},{"type":"Feature","properties":{"Unique ID":151,"installationName":"GRANJA SAN TIMOTEO","Type of Animal":"Poultry"},"geometry":{"type":"Point","coordinates":[-0.694963,39.497206]}},{"type":"Feature","properties":{"Unique ID":152,"installationName":"ES220530000129-CERDOS-BENABARRE","Type of Animal":"Pigs"},"geometry":{"type":"Point","coordinates":[0.479178,42.033738]}},{"type":"Feature","properties":{"Unique ID":153,"installationName":"ES222140000008-SECASTILLA","Type of Animal":"Pigs"},"geometry":{"type":"Point","coordinates":[0.26959,42.18324]}},{"type":"Feature","properties":{"Unique ID":154,"installationName":"ES220480000008-CERDOS-BARBASTRO","Type of Animal":"Pigs"},"geometry":{"type":"Point","coordinates":[0.104787,42.058887]}},{"type":"Feature","properties":{"Unique ID":155,"installationName":"ES222250000230-CERDOS-TAMARITE DE LITERA","Type of Animal":"Pigs"},"geometry":{"type":"Point","coordinates":[0.348982,41.781281]}},{"type":"Feature","properties":{"Unique ID":156,"installationName":"ES500740000129-CERDOS-CASPE","Type of Animal":"Pigs"},"geometry":{"type":"Point","coordinates":[-0.095218,41.296824]}},{"type":"Feature","properties":{"Unique ID":157,"installationName":"ES221720000006-CERDOS-PEÑALBA","Type of Animal":"Pigs"},"geometry":{"type":"Point","coordinates":[-0.015533,41.490826]}},{"type":"Feature","properties":{"Unique ID":158,"installationName":"ES220150000038-CERDOS-ALCALÁ DEL OBISPO","Type of Animal":"Pigs"},"geometry":{"type":"Point","coordinates":[-0.257926,42.063398]}},{"type":"Feature","properties":{"Unique ID":159,"installationName":"ES220200000010 - ALFÁNTEGA","Type of Animal":"Pigs"},"geometry":{"type":"Point","coordinates":[0.15075,41.83051]}},{"type":"Feature","properties":{"Unique ID":160,"installationName":"ES220230000023-ALMUNIENTE","Type of Animal":"Pigs"},"geometry":{"type":"Point","coordinates":[-0.401473,41.953]}},{"type":"Feature","properties":{"Unique ID":161,"installationName":"ES221160000109-CERDOS-GRAÑÉN","Type of Animal":"Pigs"},"geometry":{"type":"Point","coordinates":[-0.381107,41.959435]}},{"type":"Feature","properties":{"Unique ID":162,"installationName":"ES222390000013-CERDOS-TRAMACED","Type of Animal":"Pigs"},"geometry":{"type":"Point","coordinates":[-0.294107,41.968142]}},{"type":"Feature","properties":{"Unique ID":163,"installationName":"ES221250000003-CERDOS-HUESCA","Type of Animal":"Pigs"},"geometry":{"type":"Point","coordinates":[-0.417652,42.092492]}},{"type":"Feature","properties":{"Unique ID":164,"installationName":"ES221250000057-CERDOS-HUESCA","Type of Animal":"Pigs"},"geometry":{"type":"Point","coordinates":[-0.455771,42.08985]}},{"type":"Feature","properties":{"Unique ID":165,"installationName":"ES221250000004-CERDOS-HUESCA","Type of Animal":"Pigs"},"geometry":{"type":"Point","coordinates":[-0.438952,42.07576]}},{"type":"Feature","properties":{"Unique ID":166,"installationName":"ES221970000068-CERDOS-ROBRES","Type of Animal":"Pigs"},"geometry":{"type":"Point","coordinates":[-0.409384,41.88506]}},{"type":"Feature","properties":{"Unique ID":167,"installationName":"ES222250000285-CERDOS-TAMARITE DE LITERA","Type of Animal":"Pigs"},"geometry":{"type":"Point","coordinates":[0.389021,41.870126]}},{"type":"Feature","properties":{"Unique ID":168,"installationName":"ES221160000115-CERDOS-GRAÑÉN","Type of Animal":"Pigs"},"geometry":{"type":"Point","coordinates":[-0.378563,41.870176]}},{"type":"Feature","properties":{"Unique ID":169,"installationName":"ES222510000002-CERDOS-VILLANUEVA DE SIGENA","Type of Animal":"Pigs"},"geometry":{"type":"Point","coordinates":[-0.057371,41.625522]}},{"type":"Feature","properties":{"Unique ID":170,"installationName":"ES222180000010-CERDOS-SENÉS DE ALCUBIERRE","Type of Animal":"Pigs"},"geometry":{"type":"Point","coordinates":[-0.483505,41.919031]}},{"type":"Feature","properties":{"Unique ID":171,"installationName":"ES220230000025-CERDOS-ALMUNIENTE","Type of Animal":"Pigs"},"geometry":{"type":"Point","coordinates":[-0.449361,41.937684]}},{"type":"Feature","properties":{"Unique ID":172,"installationName":"ES220600000800-GALLINAS-BINACED","Type of Animal":"Poultry"},"geometry":{"type":"Point","coordinates":[0.207597,41.825724]}},{"type":"Feature","properties":{"Unique ID":173,"installationName":"ES220160000115-CERDOS-ALCAMPELL","Type of Animal":"Pigs"},"geometry":{"type":"Point","coordinates":[0.430286,41.903978]}},{"type":"Feature","properties":{"Unique ID":174,"installationName":"ES222290000035-CERDOS-TOLVA","Type of Animal":"Pigs"},"geometry":{"type":"Point","coordinates":[0.479137,42.102094]}},{"type":"Feature","properties":{"Unique ID":175,"installationName":"ES220250000030-CERDOS-ALTORRICÓN","Type of Animal":"Pigs"},"geometry":{"type":"Point","coordinates":[0.413107,41.801566]}},{"type":"Feature","properties":{"Unique ID":176,"installationName":"ES221880000009-CERDOS-PUENTE DE MONTAÑANA","Type of Animal":"Pigs"},"geometry":{"type":"Point","coordinates":[0.656021,42.179195]}},{"type":"Feature","properties":{"Unique ID":177,"installationName":"ES221120000066-CERDOS-FRAGA","Type of Animal":"Pigs"},"geometry":{"type":"Point","coordinates":[0.364067,41.553104]}},{"type":"Feature","properties":{"Unique ID":178,"installationName":"ES221580000216-CERDOS-MONZÓN","Type of Animal":"Pigs"},"geometry":{"type":"Point","coordinates":[0.202397,41.856856]}},{"type":"Feature","properties":{"Unique ID":179,"installationName":"ES221370000116-CERDOS-LANAJA","Type of Animal":"Pigs"},"geometry":{"type":"Point","coordinates":[-0.378548,41.774381]}},{"type":"Feature","properties":{"Unique ID":180,"installationName":"ES220200000013-CERDOS-ALFÁNTEGA","Type of Animal":"Pigs"},"geometry":{"type":"Point","coordinates":[0.153224,41.816622]}},{"type":"Feature","properties":{"Unique ID":181,"installationName":"ES220600000149-CERDOS-BINACED","Type of Animal":"Pigs"},"geometry":{"type":"Point","coordinates":[0.180787,41.795007]}},{"type":"Feature","properties":{"Unique ID":182,"installationName":"ES222250000283-TAMARITE DE LITERA","Type of Animal":"Pigs"},"geometry":{"type":"Point","coordinates":[0.381024,41.834078]}},{"type":"Feature","properties":{"Unique ID":183,"installationName":"ES221360000002-CERDOS-LALUEZA","Type of Animal":"Pigs"},"geometry":{"type":"Point","coordinates":[-0.273471,41.841061]}},{"type":"Feature","properties":{"Unique ID":184,"installationName":"ES220520000192-CERDOS-BELVER DE CINCA","Type of Animal":"Pigs"},"geometry":{"type":"Point","coordinates":[0.178766,41.692045]}},{"type":"Feature","properties":{"Unique ID":185,"installationName":"ES220600000153-CERDOS-BINACED","Type of Animal":"Pigs"},"geometry":{"type":"Point","coordinates":[0.137829,41.795945]}},{"type":"Feature","properties":{"Unique ID":186,"installationName":"ES220110000006-CERDOS-ALBERO ALTO","Type of Animal":"Pigs"},"geometry":{"type":"Point","coordinates":[-0.3419,42.041015]}},{"type":"Feature","properties":{"Unique ID":187,"installationName":"ES220760000018-CERDOS-CANAL DE BERDÚN","Type of Animal":"Pigs"},"geometry":{"type":"Point","coordinates":[-0.879634,42.59638]}},{"type":"Feature","properties":{"Unique ID":188,"installationName":"ES220640000019-CERDOS-BLECUA Y TORRES","Type of Animal":"Pigs"},"geometry":{"type":"Point","coordinates":[-0.18602,42.086979]}},{"type":"Feature","properties":{"Unique ID":189,"installationName":"ES220630000018-CERDOS-BISCARRUÉS","Type of Animal":"Pigs"},"geometry":{"type":"Point","coordinates":[-0.758846,42.230717]}},{"type":"Feature","properties":{"Unique ID":190,"installationName":"ES220480000093-CERDOS-BARBASTRO","Type of Animal":"Pigs"},"geometry":{"type":"Point","coordinates":[0.125264,41.981913]}},{"type":"Feature","properties":{"Unique ID":191,"installationName":"ES220360000002-CERDOS-ARGAVIESO","Type of Animal":"Pigs"},"geometry":{"type":"Point","coordinates":[-0.298565,42.055564]}},{"type":"Feature","properties":{"Unique ID":192,"installationName":"ES220400000005-CERDOS-AZANUY-ALINS","Type of Animal":"Pigs"},"geometry":{"type":"Point","coordinates":[0.336355,42.018859]}},{"type":"Feature","properties":{"Unique ID":193,"installationName":"ES222130000136-CERDOS-SARIÑENA","Type of Animal":"Pigs"},"geometry":{"type":"Point","coordinates":[-0.17259,41.775093]}},{"type":"Feature","properties":{"Unique ID":194,"installationName":"ES221120000091-CERDOS-FRAGA","Type of Animal":"Pigs"},"geometry":{"type":"Point","coordinates":[0.314717,41.526954]}},{"type":"Feature","properties":{"Unique ID":195,"installationName":"ES220990000802-GALLINAS-ESPLÚS","Type of Animal":"Poultry"},"geometry":{"type":"Point","coordinates":[0.294816,41.786844]}},{"type":"Feature","properties":{"Unique ID":196,"installationName":"ES220600000900-GALLINAS-BINACED","Type of Animal":"Poultry"},"geometry":{"type":"Point","coordinates":[0.251538,41.834447]}},{"type":"Feature","properties":{"Unique ID":197,"installationName":"LAVAL","Type of Animal":"Pigs"},"geometry":{"type":"Point","coordinates":[-0.421821,41.983785]}},{"type":"Feature","properties":{"Unique ID":198,"installationName":"ES222250000122-CERDOS-TAMARITE DE LITERA","Type of Animal":"Pigs"},"geometry":{"type":"Point","coordinates":[0.424089,41.866651]}},{"type":"Feature","properties":{"Unique ID":199,"installationName":"ES221580000217-CERDOS-MONZÓN","Type of Animal":"Pigs"},"geometry":{"type":"Point","coordinates":[0.112659,41.884928]}},{"type":"Feature","properties":{"Unique ID":200,"installationName":"ES220490000017-CERDOS-BARBUÉS","Type of Animal":"Pigs"},"geometry":{"type":"Point","coordinates":[-0.41032,41.974246]}},{"type":"Feature","properties":{"Unique ID":201,"installationName":"ES222540000164-CERDOS-ZAIDÍN","Type of Animal":"Pigs"},"geometry":{"type":"Point","coordinates":[0.319238,41.64221]}},{"type":"Feature","properties":{"Unique ID":202,"installationName":"ES229030000085-CERDOS-SAN MIGUEL DEL CINCA","Type of Animal":"Pigs"},"geometry":{"type":"Point","coordinates":[0.123249,41.818131]}},{"type":"Feature","properties":{"Unique ID":203,"installationName":"ES229050000022-CERDOS-LUPIÑÉN-ORTILLA","Type of Animal":"Pigs"},"geometry":{"type":"Point","coordinates":[-0.582219,42.175202]}},{"type":"Feature","properties":{"Unique ID":204,"installationName":"ES221120000043-CERDOS-FRAGA","Type of Animal":"Pigs"},"geometry":{"type":"Point","coordinates":[0.34171,41.521785]}},{"type":"Feature","properties":{"Unique ID":205,"installationName":"FINCA LA GRANDE C B","Type of Animal":"Pigs"},"geometry":{"type":"Point","coordinates":[-0.014711,42.058683]}},{"type":"Feature","properties":{"Unique ID":206,"installationName":"HUEVOS MONTERDE","Type of Animal":"Poultry"},"geometry":{"type":"Point","coordinates":[-1.240428,39.733041]}},{"type":"Feature","properties":{"Unique ID":207,"installationName":"ALFONSO BAS CONESA","Type of Animal":"Pigs"},"geometry":{"type":"Point","coordinates":[-1.102932,37.754501]}},{"type":"Feature","properties":{"Unique ID":208,"installationName":"JUAN CARLOS PEREZ BLESA","Type of Animal":"Pigs"},"geometry":{"type":"Point","coordinates":[-1.876179,37.495715]}},{"type":"Feature","properties":{"Unique ID":209,"installationName":"ANTONIO CÁNOVAS CÁNOVAS","Type of Animal":"Pigs"},"geometry":{"type":"Point","coordinates":[-1.68,37.83]}},{"type":"Feature","properties":{"Unique ID":210,"installationName":"GRANJA PORCINO ORTILLO (GRANJA LOS VIDALES)","Type of Animal":"Pigs"},"geometry":{"type":"Point","coordinates":[-1.85,37.72]}},{"type":"Feature","properties":{"Unique ID":211,"installationName":"BARTOLOMÉ BENÍTEZ BENÍTEZ","Type of Animal":"Pigs"},"geometry":{"type":"Point","coordinates":[-1.893216,37.447357]}},{"type":"Feature","properties":{"Unique ID":212,"installationName":"CEBADERO PORCINO LAS CASAS DEL ALGIBE","Type of Animal":"Pigs"},"geometry":{"type":"Point","coordinates":[-1.35,37.76]}},{"type":"Feature","properties":{"Unique ID":213,"installationName":"ANTONIO LÓPEZ ARTERO","Type of Animal":"Pigs"},"geometry":{"type":"Point","coordinates":[-1.925992,37.399673]}},{"type":"Feature","properties":{"Unique ID":214,"installationName":"JERÓNIMO MORALES GARCÍA","Type of Animal":"Pigs"},"geometry":{"type":"Point","coordinates":[-1.900034,37.467295]}},{"type":"Feature","properties":{"Unique ID":215,"installationName":"LOS SÁNCHEZ","Type of Animal":"Pigs"},"geometry":{"type":"Point","coordinates":[-1.88031,37.488733]}},{"type":"Feature","properties":{"Unique ID":216,"installationName":"GRANJA \"EL LLANO\"","Type of Animal":"Pigs"},"geometry":{"type":"Point","coordinates":[-2.126335,37.585494]}},{"type":"Feature","properties":{"Unique ID":217,"installationName":"RAMÓN PEREZ PORCEL","Type of Animal":"Pigs"},"geometry":{"type":"Point","coordinates":[-2.154979,37.630516]}},{"type":"Feature","properties":{"Unique ID":218,"installationName":"LA MINA","Type of Animal":"Pigs"},"geometry":{"type":"Point","coordinates":[-4.855317,37.055374]}},{"type":"Feature","properties":{"Unique ID":219,"installationName":"Granja Capacete","Type of Animal":"Pigs"},"geometry":{"type":"Point","coordinates":[-4.83037,37.020539]}},{"type":"Feature","properties":{"Unique ID":220,"installationName":"GRANJA LA FRAJANA","Type of Animal":"Pigs"},"geometry":{"type":"Point","coordinates":[-3.837475,37.222762]}},{"type":"Feature","properties":{"Unique ID":221,"installationName":"EL VOLAO","Type of Animal":"Pigs"},"geometry":{"type":"Point","coordinates":[-4.899127,37.045334]}},{"type":"Feature","properties":{"Unique ID":222,"installationName":"HACIENDA MENDOZA","Type of Animal":"Pigs"},"geometry":{"type":"Point","coordinates":[-3.551824,37.917572]}},{"type":"Feature","properties":{"Unique ID":223,"installationName":"GRANJA SAN JULIÁN","Type of Animal":"Pigs"},"geometry":{"type":"Point","coordinates":[-4.159231,38.04563]}},{"type":"Feature","properties":{"Unique ID":224,"installationName":"GRANJA BUEN RETIRO","Type of Animal":"Pigs"},"geometry":{"type":"Point","coordinates":[-4.04561,38.054519]}},{"type":"Feature","properties":{"Unique ID":225,"installationName":"GRANJA EL PIQUILLO","Type of Animal":"Pigs"},"geometry":{"type":"Point","coordinates":[-3.806714,37.964508]}},{"type":"Feature","properties":{"Unique ID":226,"installationName":" Granja Venta Chica","Type of Animal":"Pigs"},"geometry":{"type":"Point","coordinates":[-3.783426,37.767283]}},{"type":"Feature","properties":{"Unique ID":227,"installationName":"ES442320000063-CERDOS-TORRIJO DEL CAMPO","Type of Animal":"Pigs"},"geometry":{"type":"Point","coordinates":[-0.893983,40.641834]}},{"type":"Feature","properties":{"Unique ID":228,"installationName":"GRANJA LA SILLETA, S.L.","Type of Animal":"Pigs"},"geometry":{"type":"Point","coordinates":[-4.863624,37.030404]}},{"type":"Feature","properties":{"Unique ID":229,"installationName":"Explotacions Agrícolas Torrecortasa","Type of Animal":"Pigs"},"geometry":{"type":"Point","coordinates":[0.427337,41.630052]}},{"type":"Feature","properties":{"Unique ID":230,"installationName":"DUOCASTELLA","Type of Animal":"Pigs"},"geometry":{"type":"Point","coordinates":[1.643567,41.980176]}},{"type":"Feature","properties":{"Unique ID":231,"installationName":"PIENSOS ARB (granja de Lleida)","Type of Animal":"Pigs"},"geometry":{"type":"Point","coordinates":[0.680722,41.592611]}},{"type":"Feature","properties":{"Unique ID":232,"installationName":"GRANJA YAK","Type of Animal":"Poultry"},"geometry":{"type":"Point","coordinates":[1.419258,41.644204]}},{"type":"Feature","properties":{"Unique ID":233,"installationName":"LA PINEDA","Type of Animal":"Pigs"},"geometry":{"type":"Point","coordinates":[1.01948,41.912518]}},{"type":"Feature","properties":{"Unique ID":234,"installationName":"S.A.T. OLIOLA","Type of Animal":"Pigs"},"geometry":{"type":"Point","coordinates":[1.178173,41.878445]}},{"type":"Feature","properties":{"Unique ID":235,"installationName":"GRANJA ESTEVE MIRET","Type of Animal":"Pigs"},"geometry":{"type":"Point","coordinates":[0.517601,41.805637]}},{"type":"Feature","properties":{"Unique ID":236,"installationName":"GANADOS GILI","Type of Animal":"Pigs"},"geometry":{"type":"Point","coordinates":[0.483698,41.546641]}},{"type":"Feature","properties":{"Unique ID":237,"installationName":"GANADOS GILI","Type of Animal":"Pigs"},"geometry":{"type":"Point","coordinates":[0.827022,41.584502]}},{"type":"Feature","properties":{"Unique ID":238,"installationName":"GRANJA MATGES DOLCET (7910CJ)","Type of Animal":"Pigs"},"geometry":{"type":"Point","coordinates":[0.476427,41.559406]}},{"type":"Feature","properties":{"Unique ID":239,"installationName":"GRANJA PLA DE GODALL","Type of Animal":"Pigs"},"geometry":{"type":"Point","coordinates":[1.524564,41.962604]}},{"type":"Feature","properties":{"Unique ID":240,"installationName":"Granja Mercomercial","Type of Animal":"Poultry"},"geometry":{"type":"Point","coordinates":[1.202053,41.666031]}},{"type":"Feature","properties":{"Unique ID":241,"installationName":"GERMANS CAPDEVILA","Type of Animal":"Pigs"},"geometry":{"type":"Point","coordinates":[0.818943,41.553799]}},{"type":"Feature","properties":{"Unique ID":242,"installationName":"GRANJA LA VALL DE SOSES","Type of Animal":"Pigs"},"geometry":{"type":"Point","coordinates":[0.434707,41.574301]}},{"type":"Feature","properties":{"Unique ID":243,"installationName":"RIO GRANDE, S.C.","Type of Animal":"Pigs"},"geometry":{"type":"Point","coordinates":[-4.721738,36.729525]}},{"type":"Feature","properties":{"Unique ID":244,"installationName":"ES222540000019-ZAIDÍN","Type of Animal":"Pigs"},"geometry":{"type":"Point","coordinates":[0.332504,41.595304]}},{"type":"Feature","properties":{"Unique ID":245,"installationName":"ES220070000049-CERDOS-ALBALATE DE CINCA","Type of Animal":"Pigs"},"geometry":{"type":"Point","coordinates":[0.188003,41.756267]}},{"type":"Feature","properties":{"Unique ID":246,"installationName":"TRESANCHEZ","Type of Animal":"Poultry"},"geometry":{"type":"Point","coordinates":[0.484132,41.553225]}},{"type":"Feature","properties":{"Unique ID":247,"installationName":"GRANJA EL PORTELL","Type of Animal":"Pigs"},"geometry":{"type":"Point","coordinates":[0.896098,41.568328]}},{"type":"Feature","properties":{"Unique ID":248,"installationName":"GRANJA BERGUA","Type of Animal":"Pigs"},"geometry":{"type":"Point","coordinates":[0.564621,41.579942]}},{"type":"Feature","properties":{"Unique ID":249,"installationName":"GRANJA HUGUET (Butsènit d´Urgell)","Type of Animal":"Pigs"},"geometry":{"type":"Point","coordinates":[0.989749,41.801366]}},{"type":"Feature","properties":{"Unique ID":250,"installationName":"GRANJA BASSA NOVA (9120BD)","Type of Animal":"Pigs"},"geometry":{"type":"Point","coordinates":[0.753954,41.684928]}},{"type":"Feature","properties":{"Unique ID":251,"installationName":"GRANJA GIRIBET","Type of Animal":"Pigs"},"geometry":{"type":"Point","coordinates":[1.061463,41.688966]}},{"type":"Feature","properties":{"Unique ID":252,"installationName":"GRANJA PONS I MITJANS","Type of Animal":"Pigs"},"geometry":{"type":"Point","coordinates":[0.831819,41.676832]}},{"type":"Feature","properties":{"Unique ID":253,"installationName":"GRANJA VILELLA & FARIAS","Type of Animal":"Poultry"},"geometry":{"type":"Point","coordinates":[0.767098,41.496498]}},{"type":"Feature","properties":{"Unique ID":254,"installationName":"AGROIXOLS","Type of Animal":"Pigs"},"geometry":{"type":"Point","coordinates":[0.609554,41.109242]}},{"type":"Feature","properties":{"Unique ID":255,"installationName":"GRANJA CASSANYE","Type of Animal":"Pigs"},"geometry":{"type":"Point","coordinates":[0.468649,41.742811]}},{"type":"Feature","properties":{"Unique ID":256,"installationName":"AGROPECUARIA CUBERES","Type of Animal":"Pigs"},"geometry":{"type":"Point","coordinates":[0.953717,41.778995]}},{"type":"Feature","properties":{"Unique ID":257,"installationName":"GRANJA TORRE PUJOL","Type of Animal":"Pigs"},"geometry":{"type":"Point","coordinates":[0.455273,41.707091]}},{"type":"Feature","properties":{"Unique ID":258,"installationName":"BON PORC","Type of Animal":"Pigs"},"geometry":{"type":"Point","coordinates":[1.080892,42.146973]}},{"type":"Feature","properties":{"Unique ID":259,"installationName":"GRANJA FELIP","Type of Animal":"Pigs"},"geometry":{"type":"Point","coordinates":[0.774566,41.613605]}},{"type":"Feature","properties":{"Unique ID":260,"installationName":"ES222540000162-CERDOS-ZAIDÍN","Type of Animal":"Pigs"},"geometry":{"type":"Point","coordinates":[0.314318,41.645311]}},{"type":"Feature","properties":{"Unique ID":261,"installationName":"GRANJA L´ERA","Type of Animal":"Poultry"},"geometry":{"type":"Point","coordinates":[1.325525,41.762104]}},{"type":"Feature","properties":{"Unique ID":262,"installationName":"GRANJA PLAÇA","Type of Animal":"Pigs"},"geometry":{"type":"Point","coordinates":[1.384296,41.744933]}},{"type":"Feature","properties":{"Unique ID":263,"installationName":"GRANJA FERNANDEZ","Type of Animal":"Poultry"},"geometry":{"type":"Point","coordinates":[0.817014,41.664404]}},{"type":"Feature","properties":{"Unique ID":264,"installationName":"GRANJA D´EN RAMON","Type of Animal":"Pigs"},"geometry":{"type":"Point","coordinates":[0.902716,41.827592]}},{"type":"Feature","properties":{"Unique ID":265,"installationName":"GRANJA MAJORAL","Type of Animal":"Pigs"},"geometry":{"type":"Point","coordinates":[0.909011,41.566785]}},{"type":"Feature","properties":{"Unique ID":266,"installationName":"EXPLOTACIO COLOMINES","Type of Animal":"Pigs"},"geometry":{"type":"Point","coordinates":[0.885799,41.768991]}},{"type":"Feature","properties":{"Unique ID":267,"installationName":"GRANJA ASPRES","Type of Animal":"Pigs"},"geometry":{"type":"Point","coordinates":[0.754946,41.94419]}},{"type":"Feature","properties":{"Unique ID":268,"installationName":"GRANJA AGROMARIANET","Type of Animal":"Pigs"},"geometry":{"type":"Point","coordinates":[0.723112,41.616177]}},{"type":"Feature","properties":{"Unique ID":269,"installationName":"GRANJA MAS ROIG","Type of Animal":"Pigs"},"geometry":{"type":"Point","coordinates":[1.178216,41.790303]}},{"type":"Feature","properties":{"Unique ID":270,"installationName":"GRANJA RENANT","Type of Animal":"Pigs"},"geometry":{"type":"Point","coordinates":[1.163536,41.792354]}},{"type":"Feature","properties":{"Unique ID":271,"installationName":"AGROPLANUR","Type of Animal":"Pigs"},"geometry":{"type":"Point","coordinates":[0.973961,41.755202]}},{"type":"Feature","properties":{"Unique ID":272,"installationName":"ES221050000012-CERDOS-ESTOPIÑÁN DEL CASTILLO","Type of Animal":"Pigs"},"geometry":{"type":"Point","coordinates":[0.499043,42.001731]}},{"type":"Feature","properties":{"Unique ID":273,"installationName":"ES221050000014-CERDOS-ESTOPIÑÁN DEL CASTILLO","Type of Animal":"Pigs"},"geometry":{"type":"Point","coordinates":[0.50151,42.015765]}},{"type":"Feature","properties":{"Unique ID":274,"installationName":"ES221050000016-CERDOS-ESTOPIÑÁN DEL CASTILLO","Type of Animal":"Pigs"},"geometry":{"type":"Point","coordinates":[0.514643,42.011034]}},{"type":"Feature","properties":{"Unique ID":275,"installationName":"MAS SANT SEBASTIA","Type of Animal":"Pigs"},"geometry":{"type":"Point","coordinates":[0.792814,41.537674]}},{"type":"Feature","properties":{"Unique ID":276,"installationName":"Granja Guardia","Type of Animal":"Pigs"},"geometry":{"type":"Point","coordinates":[0.847912,41.622632]}},{"type":"Feature","properties":{"Unique ID":277,"installationName":"EXPLOTACIÓ LAPORK","Type of Animal":"Pigs"},"geometry":{"type":"Point","coordinates":[1.206135,41.751439]}},{"type":"Feature","properties":{"Unique ID":278,"installationName":"GRANJA CORTES","Type of Animal":"Pigs"},"geometry":{"type":"Point","coordinates":[0.805306,41.68788]}},{"type":"Feature","properties":{"Unique ID":279,"installationName":"Josep Mª Altisent Aluja","Type of Animal":"Pigs"},"geometry":{"type":"Point","coordinates":[1.012715,41.568886]}},{"type":"Feature","properties":{"Unique ID":280,"installationName":"GRANJA LA FARRERA","Type of Animal":"Pigs"},"geometry":{"type":"Point","coordinates":[1.236099,41.675329]}},{"type":"Feature","properties":{"Unique ID":281,"installationName":"EXPLOTACIO AGROPECUARIA LA VALLETA","Type of Animal":"Pigs"},"geometry":{"type":"Point","coordinates":[0.538567,41.391685]}},{"type":"Feature","properties":{"Unique ID":282,"installationName":"ES222170000001-CERDOS-SENA","Type of Animal":"Pigs"},"geometry":{"type":"Point","coordinates":[-0.079824,41.693856]}},{"type":"Feature","properties":{"Unique ID":283,"installationName":"S.A.T. COGUL 1366 CAT","Type of Animal":"Pigs"},"geometry":{"type":"Point","coordinates":[0.721874,41.859985]}},{"type":"Feature","properties":{"Unique ID":284,"installationName":"AGROPECUARIA INIESTA ORTIZ S.L.","Type of Animal":"Pigs"},"geometry":{"type":"Point","coordinates":[-1.290719,39.581607]}},{"type":"Feature","properties":{"Unique ID":285,"installationName":"GRANJA BOIX (TRUGES)","Type of Animal":"Pigs"},"geometry":{"type":"Point","coordinates":[1.174451,41.89023]}},{"type":"Feature","properties":{"Unique ID":286,"installationName":"ES221720000011-PEÑALBA","Type of Animal":"Pigs"},"geometry":{"type":"Point","coordinates":[-0.032762,41.502437]}},{"type":"Feature","properties":{"Unique ID":287,"installationName":"GESCASER TORRES","Type of Animal":"Pigs"},"geometry":{"type":"Point","coordinates":[0.552871,41.532374]}},{"type":"Feature","properties":{"Unique ID":288,"installationName":"GRANJA PORTA","Type of Animal":"Pigs"},"geometry":{"type":"Point","coordinates":[0.926551,41.672569]}},{"type":"Feature","properties":{"Unique ID":289,"installationName":"GRANJA PERELLO GREGORI","Type of Animal":"Pigs"},"geometry":{"type":"Point","coordinates":[0.920245,41.549575]}},{"type":"Feature","properties":{"Unique ID":290,"installationName":"GRANJA LO FORCALLET","Type of Animal":"Pigs"},"geometry":{"type":"Point","coordinates":[0.430582,40.786647]}},{"type":"Feature","properties":{"Unique ID":291,"installationName":"GRANJA TOJOLA","Type of Animal":"Pigs"},"geometry":{"type":"Point","coordinates":[1.025566,41.588931]}},{"type":"Feature","properties":{"Unique ID":292,"installationName":"GRANJA MARSOL","Type of Animal":"Poultry"},"geometry":{"type":"Point","coordinates":[1.188769,41.95931]}},{"type":"Feature","properties":{"Unique ID":293,"installationName":"MULTIPLICADORA CAG-9","Type of Animal":"Pigs"},"geometry":{"type":"Point","coordinates":[1.324269,41.80738]}},{"type":"Feature","properties":{"Unique ID":294,"installationName":"MULTIPLICADORA CAG-10","Type of Animal":"Pigs"},"geometry":{"type":"Point","coordinates":[1.338389,41.773383]}},{"type":"Feature","properties":{"Unique ID":295,"installationName":"GRANJA HUGUET","Type of Animal":"Poultry"},"geometry":{"type":"Point","coordinates":[1.01919,41.553236]}},{"type":"Feature","properties":{"Unique ID":296,"installationName":"GRANJA MONTSONA","Type of Animal":"Pigs"},"geometry":{"type":"Point","coordinates":[0.466212,41.377117]}},{"type":"Feature","properties":{"Unique ID":297,"installationName":"GRANJA SEROS 10","Type of Animal":"Pigs"},"geometry":{"type":"Point","coordinates":[0.424227,41.436527]}},{"type":"Feature","properties":{"Unique ID":298,"installationName":"GRANJA ARTIGUES","Type of Animal":"Poultry"},"geometry":{"type":"Point","coordinates":[0.9998,42.122333]}},{"type":"Feature","properties":{"Unique ID":299,"installationName":"JOSÉ MAIRAL MARÍN","Type of Animal":"Pigs"},"geometry":{"type":"Point","coordinates":[-0.786635,41.281129]}},{"type":"Feature","properties":{"Unique ID":300,"installationName":"GRANJA CISTELLER","Type of Animal":"Pigs"},"geometry":{"type":"Point","coordinates":[1.545461,41.983231]}},{"type":"Feature","properties":{"Unique ID":301,"installationName":"GRANJA LA FIGUERA","Type of Animal":"Pigs"},"geometry":{"type":"Point","coordinates":[0.661381,41.844719]}},{"type":"Feature","properties":{"Unique ID":302,"installationName":"ALVIMA PORCINO, S. L.","Type of Animal":"Pigs"},"geometry":{"type":"Point","coordinates":[-2.824388,42.407203]}},{"type":"Feature","properties":{"Unique ID":303,"installationName":"CASAS BLANCAS AGRO, S.A.","Type of Animal":"Poultry"},"geometry":{"type":"Point","coordinates":[-2.842584,42.486372]}},{"type":"Feature","properties":{"Unique ID":304,"installationName":"GRANJA LA ALMEDAÑA, S. L.","Type of Animal":"Pigs"},"geometry":{"type":"Point","coordinates":[-2.671931,42.389467]}},{"type":"Feature","properties":{"Unique ID":305,"installationName":"HERMANOS FRAILE MORENO","Type of Animal":"Pigs"},"geometry":{"type":"Point","coordinates":[-2.027192,42.116052]}},{"type":"Feature","properties":{"Unique ID":306,"installationName":"GRANJA GIL GONZALEZ, S. L.","Type of Animal":"Pigs"},"geometry":{"type":"Point","coordinates":[-1.90896,41.989018]}},{"type":"Feature","properties":{"Unique ID":307,"installationName":"GRANJAS COFÍN, S.C,","Type of Animal":"Pigs"},"geometry":{"type":"Point","coordinates":[-1.794205,42.196175]}},{"type":"Feature","properties":{"Unique ID":308,"installationName":"Explotación Porcina \"Los Pedregales - Urcal\"","Type of Animal":"Pigs"},"geometry":{"type":"Point","coordinates":[-1.908298,37.470554]}},{"type":"Feature","properties":{"Unique ID":309,"installationName":"EL MARRULLO","Type of Animal":"Pigs"},"geometry":{"type":"Point","coordinates":[-1.749934,37.40061]}},{"type":"Feature","properties":{"Unique ID":310,"installationName":"GINES VALERA GARCIA","Type of Animal":"Pigs"},"geometry":{"type":"Point","coordinates":[-1.940501,37.465268]}},{"type":"Feature","properties":{"Unique ID":311,"installationName":"ISABEL DEL PILAR AGUERA GARCÍA","Type of Animal":"Pigs"},"geometry":{"type":"Point","coordinates":[-1.929544,37.457255]}},{"type":"Feature","properties":{"Unique ID":312,"installationName":"ROSA MARIA PARRA RODRIGUEZ","Type of Animal":"Pigs"},"geometry":{"type":"Point","coordinates":[-1.968734,37.474486]}},{"type":"Feature","properties":{"Unique ID":313,"installationName":"MARÍA TERESA TORRECILLAS MARTÍNEZ","Type of Animal":"Pigs"},"geometry":{"type":"Point","coordinates":[-2.023362,37.670906]}},{"type":"Feature","properties":{"Unique ID":314,"installationName":"FRANCISCO MOLINA GALERA","Type of Animal":"Pigs"},"geometry":{"type":"Point","coordinates":[-2.027796,37.017712]}},{"type":"Feature","properties":{"Unique ID":315,"installationName":"GRANJA LA CERCA","Type of Animal":"Poultry"},"geometry":{"type":"Point","coordinates":[-3.308434,38.023651]}},{"type":"Feature","properties":{"Unique ID":316,"installationName":"FINCA EL MANZANO DE LA PEÑUELA","Type of Animal":"Pigs"},"geometry":{"type":"Point","coordinates":[-5.303764,37.448151]}},{"type":"Feature","properties":{"Unique ID":317,"installationName":"GRANJA SAN GOLOTRINO","Type of Animal":"Pigs"},"geometry":{"type":"Point","coordinates":[-5.811498,37.319852]}},{"type":"Feature","properties":{"Unique ID":318,"installationName":"GRANJA EL ALCARAVÁN","Type of Animal":"Poultry"},"geometry":{"type":"Point","coordinates":[-5.770552,37.379076]}},{"type":"Feature","properties":{"Unique ID":319,"installationName":"GRANJA EXPORBA_COMERCIAL ALIMENTARIA DE IMPORTACIÓN Y EXPORTACIÓN, S.A.","Type of Animal":"Pigs"},"geometry":{"type":"Point","coordinates":[-6.407295,38.681394]}},{"type":"Feature","properties":{"Unique ID":320,"installationName":"AGROPECUARIA  LA  ALAMEDA","Type of Animal":"Poultry"},"geometry":{"type":"Point","coordinates":[-3.298398,40.540001]}},{"type":"Feature","properties":{"Unique ID":321,"installationName":"ES500240000009-CERDOS-ALMONACID DE LA SIERRA","Type of Animal":"Pigs"},"geometry":{"type":"Point","coordinates":[-1.329023,41.443415]}},{"type":"Feature","properties":{"Unique ID":322,"installationName":"ES500240000008 -CERDOS-ALMONACID DE LA SIERRA","Type of Animal":"Pigs"},"geometry":{"type":"Point","coordinates":[-1.342481,41.43481]}},{"type":"Feature","properties":{"Unique ID":323,"installationName":"EL CHUMBO","Type of Animal":"Pigs"},"geometry":{"type":"Point","coordinates":[-4.878116,37.009454]}},{"type":"Feature","properties":{"Unique ID":324,"installationName":"GRANJA EL MONTE","Type of Animal":"Pigs"},"geometry":{"type":"Point","coordinates":[-4.855393,37.010443]}},{"type":"Feature","properties":{"Unique ID":325,"installationName":"GRANJA EL PINO","Type of Animal":"Pigs"},"geometry":{"type":"Point","coordinates":[-4.844481,37.001645]}},{"type":"Feature","properties":{"Unique ID":326,"installationName":"Explotación Porcina Exporcam","Type of Animal":"Pigs"},"geometry":{"type":"Point","coordinates":[-4.867609,37.082896]}},{"type":"Feature","properties":{"Unique ID":327,"installationName":"SOFÍA CATALÁN ALDUAN","Type of Animal":"Pigs"},"geometry":{"type":"Point","coordinates":[-1.76244,42.59115]}},{"type":"Feature","properties":{"Unique ID":328,"installationName":"GRANJA EL TENDEDERO","Type of Animal":"Pigs"},"geometry":{"type":"Point","coordinates":[-4.838201,36.999408]}},{"type":"Feature","properties":{"Unique ID":329,"installationName":"GRANJA LA HERRIZA DE SAN ARCADIO","Type of Animal":"Pigs"},"geometry":{"type":"Point","coordinates":[-4.90838,37.043536]}},{"type":"Feature","properties":{"Unique ID":330,"installationName":"GRANJA CERRO ANIMAS","Type of Animal":"Pigs"},"geometry":{"type":"Point","coordinates":[-5.031991,37.019023]}},{"type":"Feature","properties":{"Unique ID":331,"installationName":"GRANJA CASA SABAS","Type of Animal":"Pigs"},"geometry":{"type":"Point","coordinates":[-1.5517,38.3574]}},{"type":"Feature","properties":{"Unique ID":332,"installationName":"GRANJA MADAX CEBO Nº1, 2, 3, 4 Y LECHONERAS","Type of Animal":"Pigs"},"geometry":{"type":"Point","coordinates":[-1.5411,38.4533]}},{"type":"Feature","properties":{"Unique ID":333,"installationName":"GRANJA MADAX CEBO Nº5 Y 6","Type of Animal":"Pigs"},"geometry":{"type":"Point","coordinates":[-1.5057,38.4643]}},{"type":"Feature","properties":{"Unique ID":334,"installationName":"GRANJA SELECCIÓN ESPERANZA","Type of Animal":"Pigs"},"geometry":{"type":"Point","coordinates":[-1.5,37.95]}},{"type":"Feature","properties":{"Unique ID":335,"installationName":"ESPERANZA Nº 3","Type of Animal":"Pigs"},"geometry":{"type":"Point","coordinates":[-1.48,37.97]}},{"type":"Feature","properties":{"Unique ID":336,"installationName":"ESPERANZA Nº 4","Type of Animal":"Pigs"},"geometry":{"type":"Point","coordinates":[-1.48,37.95]}},{"type":"Feature","properties":{"Unique ID":337,"installationName":"ESPERANZA Nº 1","Type of Animal":"Pigs"},"geometry":{"type":"Point","coordinates":[-1.473295,37.959611]}},{"type":"Feature","properties":{"Unique ID":338,"installationName":"ESPERANZA Nº 2","Type of Animal":"Pigs"},"geometry":{"type":"Point","coordinates":[-1.137148,37.954289]}},{"type":"Feature","properties":{"Unique ID":339,"installationName":"ESPERANZA Nº 6","Type of Animal":"Pigs"},"geometry":{"type":"Point","coordinates":[-1.45,37.95]}},{"type":"Feature","properties":{"Unique ID":340,"installationName":"ESPERANZA Nº 7","Type of Animal":"Pigs"},"geometry":{"type":"Point","coordinates":[-1.45,37.92]}},{"type":"Feature","properties":{"Unique ID":341,"installationName":"ESPERANZA Nº 5","Type of Animal":"Pigs"},"geometry":{"type":"Point","coordinates":[-1.43,37.95]}},{"type":"Feature","properties":{"Unique ID":342,"installationName":"ESPERANZA Nº 8","Type of Animal":"Pigs"},"geometry":{"type":"Point","coordinates":[-1.42,37.94]}},{"type":"Feature","properties":{"Unique ID":343,"installationName":"GRANJA Nº 1","Type of Animal":"Pigs"},"geometry":{"type":"Point","coordinates":[-1.410001,37.850004]}},{"type":"Feature","properties":{"Unique ID":344,"installationName":"GRANJA Nº 2","Type of Animal":"Pigs"},"geometry":{"type":"Point","coordinates":[-1.39,37.85]}},{"type":"Feature","properties":{"Unique ID":345,"installationName":"GRANJA Nº 3","Type of Animal":"Pigs"},"geometry":{"type":"Point","coordinates":[-1.38,37.83]}},{"type":"Feature","properties":{"Unique ID":346,"installationName":"CASABLANCA","Type of Animal":"Pigs"},"geometry":{"type":"Point","coordinates":[-1.041186,38.138916]}},{"type":"Feature","properties":{"Unique ID":347,"installationName":"EL RINCÓN","Type of Animal":"Pigs"},"geometry":{"type":"Point","coordinates":[-1.087266,38.126455]}},{"type":"Feature","properties":{"Unique ID":348,"installationName":"EL LLANO","Type of Animal":"Pigs"},"geometry":{"type":"Point","coordinates":[-1.688384,38.027999]}},{"type":"Feature","properties":{"Unique ID":349,"installationName":"EXPLOTACION PORCINA INTENSIVA INTEGRACIONES DEL VALLE","Type of Animal":"Pigs"},"geometry":{"type":"Point","coordinates":[-3.278067,37.357514]}},{"type":"Feature","properties":{"Unique ID":350,"installationName":"PROGAPOR XXV, S.L.","Type of Animal":"Pigs"},"geometry":{"type":"Point","coordinates":[-1.749934,37.40061]}},{"type":"Feature","properties":{"Unique ID":351,"installationName":"AGROPECUARIA LA FONTANA, S.L.","Type of Animal":"Pigs"},"geometry":{"type":"Point","coordinates":[-1.491137,37.76549]}},{"type":"Feature","properties":{"Unique ID":352,"installationName":"AGROPECUARIA EL ESCOBAR, S.A.","Type of Animal":"Pigs"},"geometry":{"type":"Point","coordinates":[-1.232615,37.779331]}},{"type":"Feature","properties":{"Unique ID":353,"installationName":"GRANJA VILLANUEVA, S.A.-CUATRO CAMINOS","Type of Animal":"Pigs"},"geometry":{"type":"Point","coordinates":[-1.787252,42.600545]}},{"type":"Feature","properties":{"Unique ID":354,"installationName":"GRANJA VILLANUEVA, S.A.- CINCO JOTAS","Type of Animal":"Pigs"},"geometry":{"type":"Point","coordinates":[-1.76244,42.59115]}},{"type":"Feature","properties":{"Unique ID":355,"installationName":"GRANJA LOS ALECOS,S.L.-BARASOAIN","Type of Animal":"Pigs"},"geometry":{"type":"Point","coordinates":[-1.64345,42.6075]}},{"type":"Feature","properties":{"Unique ID":356,"installationName":"GRANJA DOS HERMANAS-ETXARREN","Type of Animal":"Pigs"},"geometry":{"type":"Point","coordinates":[-1.84673,42.92788]}},{"type":"Feature","properties":{"Unique ID":357,"installationName":"GRANJA DOS HERMANAS-CAPARROSO","Type of Animal":"Pigs"},"geometry":{"type":"Point","coordinates":[-1.65052,42.34134]}},{"type":"Feature","properties":{"Unique ID":358,"installationName":"AGROPECUARIA SAN FERMIN, S.L.","Type of Animal":"Pigs"},"geometry":{"type":"Point","coordinates":[-1.584864,42.327585]}},{"type":"Feature","properties":{"Unique ID":359,"installationName":"GRANJA DOS HERMANAS-IRAÑETA","Type of Animal":"Pigs"},"geometry":{"type":"Point","coordinates":[-1.94417,42.92497]}},{"type":"Feature","properties":{"Unique ID":360,"installationName":"GRANJA LOS ALECOS, S.L.-SANGÜESA","Type of Animal":"Pigs"},"geometry":{"type":"Point","coordinates":[-1.28138,42.57708]}},{"type":"Feature","properties":{"Unique ID":361,"installationName":"S.A.T. 3206 SDAD. GARCÍA-CASAJUS","Type of Animal":"Pigs"},"geometry":{"type":"Point","coordinates":[-1.65561,42.03292]}},{"type":"Feature","properties":{"Unique ID":362,"installationName":"GRANJA LA SERNA, S.A.","Type of Animal":"Pigs"},"geometry":{"type":"Point","coordinates":[-1.83048,42.63046]}},{"type":"Feature","properties":{"Unique ID":363,"installationName":"GAM GANADERA","Type of Animal":"Pigs"},"geometry":{"type":"Point","coordinates":[-1.66228,42.603294]}},{"type":"Feature","properties":{"Unique ID":364,"installationName":"SAT URRA","Type of Animal":"Pigs"},"geometry":{"type":"Point","coordinates":[-1.992902,42.689754]}},{"type":"Feature","properties":{"Unique ID":365,"installationName":"AGROPECUARIA OBANOS SA","Type of Animal":"Pigs"},"geometry":{"type":"Point","coordinates":[-1.63026,42.40001]}},{"type":"Feature","properties":{"Unique ID":366,"installationName":"GRANJA LEGARIA, S.A.","Type of Animal":"Poultry"},"geometry":{"type":"Point","coordinates":[-2.17205,42.6507]}},{"type":"Feature","properties":{"Unique ID":367,"installationName":"SAN DONATO, S.A.","Type of Animal":"Poultry"},"geometry":{"type":"Point","coordinates":[-2.067017,42.898446]}},{"type":"Feature","properties":{"Unique ID":368,"installationName":"URSUA SOBEJANO, S.L.","Type of Animal":"Pigs"},"geometry":{"type":"Point","coordinates":[-1.80348,42.31732]}},{"type":"Feature","properties":{"Unique ID":369,"installationName":"AGROPECUARIA ALESVES, S.L.","Type of Animal":"Pigs"},"geometry":{"type":"Point","coordinates":[-1.74802,42.28111]}},{"type":"Feature","properties":{"Unique ID":370,"installationName":"AGROPECUARIA 2011, S.L.","Type of Animal":"Pigs"},"geometry":{"type":"Point","coordinates":[-2.210999,42.665713]}},{"type":"Feature","properties":{"Unique ID":371,"installationName":"LARRAIZA S.A.","Type of Animal":"Pigs"},"geometry":{"type":"Point","coordinates":[-2.075556,42.728611]}},{"type":"Feature","properties":{"Unique ID":372,"installationName":"S.C. ARANA MAÑAS F CIRAUQUI URSUA CM FUERTES VICENTE C E JP Y R","Type of Animal":"Pigs"},"geometry":{"type":"Point","coordinates":[-1.729722,42.270556]}},{"type":"Feature","properties":{"Unique ID":373,"installationName":"GRANJA BELASCOAIN, S.L.","Type of Animal":"Pigs"},"geometry":{"type":"Point","coordinates":[-1.83064,42.75842]}},{"type":"Feature","properties":{"Unique ID":374,"installationName":"CRISTINA CHIVITE GARBAYO","Type of Animal":"Pigs"},"geometry":{"type":"Point","coordinates":[-1.749058,42.346524]}},{"type":"Feature","properties":{"Unique ID":375,"installationName":"AGROPECUARIA EL PALOMAR, S.L.","Type of Animal":"Pigs"},"geometry":{"type":"Point","coordinates":[-1.74802,42.28111]}},{"type":"Feature","properties":{"Unique ID":376,"installationName":"INTEGRACIONES PORCINAS JAVI JIMENEZ, S.L.","Type of Animal":"Pigs"},"geometry":{"type":"Point","coordinates":[-1.587778,42.159444]}},{"type":"Feature","properties":{"Unique ID":377,"installationName":"CEBAPOR, S.L.U.-LA DEHESA","Type of Animal":"Pigs"},"geometry":{"type":"Point","coordinates":[-1.728333,42.255833]}},{"type":"Feature","properties":{"Unique ID":378,"installationName":"GRANJA SOJO, S.L.","Type of Animal":"Pigs"},"geometry":{"type":"Point","coordinates":[-1.471389,42.029167]}},{"type":"Feature","properties":{"Unique ID":379,"installationName":"JOSE ANYONIO PEREZ OCHOA","Type of Animal":"Pigs"},"geometry":{"type":"Point","coordinates":[-1.587778,42.159444]}},{"type":"Feature","properties":{"Unique ID":380,"installationName":"FUERTES VICENTE, EDUARDO Y JUAN PABLO","Type of Animal":"Pigs"},"geometry":{"type":"Point","coordinates":[-1.734294,42.265622]}},{"type":"Feature","properties":{"Unique ID":381,"installationName":"ES500060000016-CERDOS-AINZÓN","Type of Animal":"Pigs"},"geometry":{"type":"Point","coordinates":[-1.50255,41.808896]}},{"type":"Feature","properties":{"Unique ID":382,"installationName":"CASTILLEJO CASTILLEJO, ANA Y MAEZTU ZAPATERÍA, FRANCISCO","Type of Animal":"Pigs"},"geometry":{"type":"Point","coordinates":[-1.641944,42.2275]}},{"type":"Feature","properties":{"Unique ID":383,"installationName":"GRANJA SOTOBA, S.C.","Type of Animal":"Pigs"},"geometry":{"type":"Point","coordinates":[-1.67813,42.69486]}},{"type":"Feature","properties":{"Unique ID":384,"installationName":"CASTILLEJO SAENZ P SAMANES MIRANDA A Y GUERRA PARIS F","Type of Animal":"Pigs"},"geometry":{"type":"Point","coordinates":[-1.63491,42.19821]}},{"type":"Feature","properties":{"Unique ID":385,"installationName":"GRANJA MALON FERNANDEZ, S.L.","Type of Animal":"Pigs"},"geometry":{"type":"Point","coordinates":[-1.568056,42.331111]}},{"type":"Feature","properties":{"Unique ID":386,"installationName":"DAVID PEREZ CORDON","Type of Animal":"Pigs"},"geometry":{"type":"Point","coordinates":[-1.481944,42.368611]}},{"type":"Feature","properties":{"Unique ID":387,"installationName":"EXPLOTACIONES AGROPECUARIAS SAKANA, S.L.","Type of Animal":"Poultry"},"geometry":{"type":"Point","coordinates":[-2.135413,42.890334]}},{"type":"Feature","properties":{"Unique ID":388,"installationName":"LARRAPORC, S.A.-LARRAGA","Type of Animal":"Pigs"},"geometry":{"type":"Point","coordinates":[-1.84573,42.55945]}},{"type":"Feature","properties":{"Unique ID":389,"installationName":"AGROPECUARIA OBANOS-BARBAL","Type of Animal":"Pigs"},"geometry":{"type":"Point","coordinates":[-1.74802,42.28111]}},{"type":"Feature","properties":{"Unique ID":390,"installationName":"IÑIGUEZ MONCAYOLA S.C.","Type of Animal":"Pigs"},"geometry":{"type":"Point","coordinates":[-1.589442,42.164971]}},{"type":"Feature","properties":{"Unique ID":391,"installationName":"EXPLOTACIÓN DE CERDAS MADRES A CHAIRA","Type of Animal":"Pigs"},"geometry":{"type":"Point","coordinates":[-7.997855,42.147291]}},{"type":"Feature","properties":{"Unique ID":392,"installationName":"EXPLOTACION DE CERDAS MADRES CASARDANSOLA-VILARIÑO","Type of Animal":"Pigs"},"geometry":{"type":"Point","coordinates":[-7.548784,42.302797]}},{"type":"Feature","properties":{"Unique ID":393,"installationName":"EXPLOTACION DE CERDAS MADRES CASADOVENTO","Type of Animal":"Pigs"},"geometry":{"type":"Point","coordinates":[-7.579463,42.349868]}},{"type":"Feature","properties":{"Unique ID":394,"installationName":"EXPLOTACIÓN DE CERDAS MADRES COVELO","Type of Animal":"Pigs"},"geometry":{"type":"Point","coordinates":[-7.630061,42.272943]}},{"type":"Feature","properties":{"Unique ID":395,"installationName":"EXPLOTACIÓN DE CERDAS MADRES O BOUZO","Type of Animal":"Pigs"},"geometry":{"type":"Point","coordinates":[-7.670266,41.970104]}},{"type":"Feature","properties":{"Unique ID":396,"installationName":"EXPLOTACIÓN DE CERDAS MADRES COVELAS","Type of Animal":"Pigs"},"geometry":{"type":"Point","coordinates":[-7.718602,42.013398]}},{"type":"Feature","properties":{"Unique ID":397,"installationName":"EXPLOTACION DE POLLOS ENGORDE A LADEIRA FILGUEIRA","Type of Animal":"Poultry"},"geometry":{"type":"Point","coordinates":[-7.811811,42.041348]}},{"type":"Feature","properties":{"Unique ID":398,"installationName":"EXPLOTACIÓN DE CERDAS MADRES TOUBES Y GULFAR","Type of Animal":"Pigs"},"geometry":{"type":"Point","coordinates":[-7.811154,42.489393]}},{"type":"Feature","properties":{"Unique ID":399,"installationName":"EXPLOTACION DE POLLOS ENGORDE A PIÚCA MOREIRAS","Type of Animal":"Poultry"},"geometry":{"type":"Point","coordinates":[-7.674629,42.008774]}},{"type":"Feature","properties":{"Unique ID":400,"installationName":"EXPLOTACION DE POLLOS ENGORDE A PIUCA MACEDA","Type of Animal":"Poultry"},"geometry":{"type":"Point","coordinates":[-7.690584,42.280539]}},{"type":"Feature","properties":{"Unique ID":401,"installationName":"EXPLOTACIÓN DE CERDAS MADRES FONTEARCADA","Type of Animal":"Pigs"},"geometry":{"type":"Point","coordinates":[-7.802105,41.990739]}},{"type":"Feature","properties":{"Unique ID":402,"installationName":"GRANJA DE CERDOS CEBO VALILONGO OS CHAOS","Type of Animal":"Pigs"},"geometry":{"type":"Point","coordinates":[-7.495446,42.315276]}},{"type":"Feature","properties":{"Unique ID":403,"installationName":"GRANJA DE CERDOS CURRELOS Y PALELA","Type of Animal":"Pigs"},"geometry":{"type":"Point","coordinates":[-7.575747,42.291247]}},{"type":"Feature","properties":{"Unique ID":404,"installationName":"EXPLOTACION DE POLLOS ENGORDE A PONTE RIO","Type of Animal":"Poultry"},"geometry":{"type":"Point","coordinates":[-7.701803,42.272228]}},{"type":"Feature","properties":{"Unique ID":405,"installationName":"EXPLOTACION DE GALLINAS PONEDORAS A PONTE GULFAR","Type of Animal":"Poultry"},"geometry":{"type":"Point","coordinates":[-7.813733,42.488798]}},{"type":"Feature","properties":{"Unique ID":406,"installationName":"EXPLOTACION DE POLLOS ENGORDE ALTAPEDRA CORTEGADA","Type of Animal":"Poultry"},"geometry":{"type":"Point","coordinates":[-7.672242,42.13098]}},{"type":"Feature","properties":{"Unique ID":407,"installationName":"HUEVOS DEL CAMPO S.L.","Type of Animal":"Poultry"},"geometry":{"type":"Point","coordinates":[-4.919414,41.944978]}},{"type":"Feature","properties":{"Unique ID":408,"installationName":"LA PARDILLA, S.L.","Type of Animal":"Poultry"},"geometry":{"type":"Point","coordinates":[-15.429558,27.916112]}},{"type":"Feature","properties":{"Unique ID":409,"installationName":"GRANJA AVICOLA ALDEANA, S.L.","Type of Animal":"Poultry"},"geometry":{"type":"Point","coordinates":[-15.813317,27.997622]}},{"type":"Feature","properties":{"Unique ID":410,"installationName":"ATLÁNTICO 7, S.L.","Type of Animal":"Poultry"},"geometry":{"type":"Point","coordinates":[-15.67122,28.14001]}},{"type":"Feature","properties":{"Unique ID":411,"installationName":"MANUEL VIDAL PAZOS","Type of Animal":"Poultry"},"geometry":{"type":"Point","coordinates":[-8.528,42.087]}},{"type":"Feature","properties":{"Unique ID":412,"installationName":"Adolfo Campos Panadeiros","Type of Animal":"Pigs"},"geometry":{"type":"Point","coordinates":[-8.030912,42.638948]}},{"type":"Feature","properties":{"Unique ID":413,"installationName":"AVICOLA TRATANTE S.L.","Type of Animal":"Poultry"},"geometry":{"type":"Point","coordinates":[-8.054929,42.629269]}},{"type":"Feature","properties":{"Unique ID":414,"installationName":"Souto Rey, SL","Type of Animal":"Pigs"},"geometry":{"type":"Point","coordinates":[-7.954997,42.692764]}},{"type":"Feature","properties":{"Unique ID":415,"installationName":"GRANJA SOROLLA","Type of Animal":"Poultry"},"geometry":{"type":"Point","coordinates":[1.180454,41.186666]}},{"type":"Feature","properties":{"Unique ID":416,"installationName":"ES501890000014-CERDOS-NONASPE","Type of Animal":"Pigs"},"geometry":{"type":"Point","coordinates":[0.197789,41.230908]}},{"type":"Feature","properties":{"Unique ID":417,"installationName":"AGROVILANOVA, SL","Type of Animal":"Pigs"},"geometry":{"type":"Point","coordinates":[0.731604,41.659879]}},{"type":"Feature","properties":{"Unique ID":418,"installationName":"FINCA LOS CHARROS","Type of Animal":"Pigs"},"geometry":{"type":"Point","coordinates":[-5.644119,40.5661]}},{"type":"Feature","properties":{"Unique ID":419,"installationName":"EL PLANTONAL","Type of Animal":"Pigs"},"geometry":{"type":"Point","coordinates":[-6.330278,38.253333]}},{"type":"Feature","properties":{"Unique ID":420,"installationName":"LA ROVIRA DE CASTELLADRAL","Type of Animal":"Pigs"},"geometry":{"type":"Point","coordinates":[1.793985,41.907235]}},{"type":"Feature","properties":{"Unique ID":421,"installationName":"GRANJA MAS BLANC","Type of Animal":"Pigs"},"geometry":{"type":"Point","coordinates":[2.406227,41.680431]}},{"type":"Feature","properties":{"Unique ID":422,"installationName":"GRANJA COLLELL","Type of Animal":"Pigs"},"geometry":{"type":"Point","coordinates":[2.223199,42.045568]}},{"type":"Feature","properties":{"Unique ID":423,"installationName":"Avícolas de Tejina S.L.","Type of Animal":"Poultry"},"geometry":{"type":"Point","coordinates":[-16.364232,28.520957]}},{"type":"Feature","properties":{"Unique ID":424,"installationName":"GRANGES PERE VILA","Type of Animal":"Pigs"},"geometry":{"type":"Point","coordinates":[2.033889,41.952176]}},{"type":"Feature","properties":{"Unique ID":425,"installationName":"C.B. GRANJA AVÍCOLA EL TARO","Type of Animal":"Poultry"},"geometry":{"type":"Point","coordinates":[-16.41235,28.3]}},{"type":"Feature","properties":{"Unique ID":426,"installationName":"GRANJA SAN ANTONIO, S.L.","Type of Animal":"Poultry"},"geometry":{"type":"Point","coordinates":[-16.651454,28.390844]}},{"type":"Feature","properties":{"Unique ID":427,"installationName":"GRANJA AVÍCOLA CASTRO MARRERO","Type of Animal":"Poultry"},"geometry":{"type":"Point","coordinates":[-16.377354,28.358125]}},{"type":"Feature","properties":{"Unique ID":428,"installationName":"MANUGAR.S.A.T","Type of Animal":"Poultry"},"geometry":{"type":"Point","coordinates":[-16.41235,28.3]}},{"type":"Feature","properties":{"Unique ID":429,"installationName":"GRANJA PASCUAL (Cubells)","Type of Animal":"Pigs"},"geometry":{"type":"Point","coordinates":[0.970825,41.826532]}},{"type":"Feature","properties":{"Unique ID":430,"installationName":"Huevos Guillén Canarias, S.L","Type of Animal":"Poultry"},"geometry":{"type":"Point","coordinates":[-16.54503,28.12177]}},{"type":"Feature","properties":{"Unique ID":431,"installationName":"GRANJA VIDAL","Type of Animal":"Pigs"},"geometry":{"type":"Point","coordinates":[2.16853,41.609547]}},{"type":"Feature","properties":{"Unique ID":432,"installationName":"GRANJA VILASECA","Type of Animal":"Pigs"},"geometry":{"type":"Point","coordinates":[1.554743,41.785931]}},{"type":"Feature","properties":{"Unique ID":433,"installationName":"GRANJA CALABUIG (TRUGES)","Type of Animal":"Pigs"},"geometry":{"type":"Point","coordinates":[1.727298,41.956367]}},{"type":"Feature","properties":{"Unique ID":434,"installationName":"GRANJA LA SALA (Jorba)","Type of Animal":"Pigs"},"geometry":{"type":"Point","coordinates":[1.558956,41.590722]}},{"type":"Feature","properties":{"Unique ID":435,"installationName":"Amadeo Duch Garreta","Type of Animal":"Poultry"},"geometry":{"type":"Point","coordinates":[1.250431,41.20617]}},{"type":"Feature","properties":{"Unique ID":436,"installationName":"GRANJA LA CAMPANERA (Penelles)","Type of Animal":"Pigs"},"geometry":{"type":"Point","coordinates":[0.944857,41.741964]}},{"type":"Feature","properties":{"Unique ID":437,"installationName":"CLOT DE L´OLLA","Type of Animal":"Pigs"},"geometry":{"type":"Point","coordinates":[1.037109,41.390705]}},{"type":"Feature","properties":{"Unique ID":438,"installationName":"GRANJA SEGURA","Type of Animal":"Pigs"},"geometry":{"type":"Point","coordinates":[0.321599,40.626469]}},{"type":"Feature","properties":{"Unique ID":439,"installationName":"GRANJA LABERNIA","Type of Animal":"Pigs"},"geometry":{"type":"Point","coordinates":[0.469103,40.690625]}},{"type":"Feature","properties":{"Unique ID":440,"installationName":"GRANJA ÁLAVA-VIANA DE CEGA","Type of Animal":"Poultry"},"geometry":{"type":"Point","coordinates":[-4.75185,41.52954]}},{"type":"Feature","properties":{"Unique ID":441,"installationName":"GERARDO DE LUCAS S.L.:2143","Type of Animal":"Poultry"},"geometry":{"type":"Point","coordinates":[-4.634722,41.774444]}},{"type":"Feature","properties":{"Unique ID":442,"installationName":"GERARDO DE LUCAS S.L.:2144","Type of Animal":"Poultry"},"geometry":{"type":"Point","coordinates":[-4.625375,41.756606]}},{"type":"Feature","properties":{"Unique ID":443,"installationName":"GRANJA ESTIVALIZ","Type of Animal":"Pigs"},"geometry":{"type":"Point","coordinates":[0.331008,40.637973]}},{"type":"Feature","properties":{"Unique ID":444,"installationName":"MINGOMORO S.L. \"OLMILLO\"","Type of Animal":"Pigs"},"geometry":{"type":"Point","coordinates":[-3.727921,41.332245]}},{"type":"Feature","properties":{"Unique ID":445,"installationName":"HERMANOS DE PABLO ARRIBAS - OLMEDO","Type of Animal":"Pigs"},"geometry":{"type":"Point","coordinates":[-4.734217,41.313036]}},{"type":"Feature","properties":{"Unique ID":446,"installationName":"GRANJA LLERS","Type of Animal":"Pigs"},"geometry":{"type":"Point","coordinates":[2.90115,42.309181]}},{"type":"Feature","properties":{"Unique ID":447,"installationName":"OVILO 2000 S.L.","Type of Animal":"Pigs"},"geometry":{"type":"Point","coordinates":[-4.393794,41.380894]}},{"type":"Feature","properties":{"Unique ID":448,"installationName":"GRANJA LUÍS BAEZA S.L.:2153 PEDRAJAS DE SAN ESTEBAN","Type of Animal":"Poultry"},"geometry":{"type":"Point","coordinates":[-4.576667,41.333242]}},{"type":"Feature","properties":{"Unique ID":449,"installationName":"GRANJA LUÍS BAEZA S.L.:VALLELADO - AVES","Type of Animal":"Poultry"},"geometry":{"type":"Point","coordinates":[-4.446389,41.41915]}},{"type":"Feature","properties":{"Unique ID":450,"installationName":"SANCHO DEL RÍO -  cebo","Type of Animal":"Pigs"},"geometry":{"type":"Point","coordinates":[-4.415571,41.287731]}},{"type":"Feature","properties":{"Unique ID":451,"installationName":"SANCHO DEL RÍO - madres","Type of Animal":"Pigs"},"geometry":{"type":"Point","coordinates":[-4.3918,41.307911]}},{"type":"Feature","properties":{"Unique ID":452,"installationName":"PRODUCCIONES AVÍCOLAS EL GRANJERO S.L.","Type of Animal":"Poultry"},"geometry":{"type":"Point","coordinates":[-4.377315,41.429808]}},{"type":"Feature","properties":{"Unique ID":453,"installationName":"GRANJA SANT ANTONI II","Type of Animal":"Pigs"},"geometry":{"type":"Point","coordinates":[2.837791,41.92573]}},{"type":"Feature","properties":{"Unique ID":454,"installationName":"ELS PUJOLS","Type of Animal":"Pigs"},"geometry":{"type":"Point","coordinates":[3.014828,42.158882]}},{"type":"Feature","properties":{"Unique ID":455,"installationName":"CAN GIRONES","Type of Animal":"Pigs"},"geometry":{"type":"Point","coordinates":[2.829126,42.076935]}},{"type":"Feature","properties":{"Unique ID":456,"installationName":"GRANJA CAN PUIG","Type of Animal":"Pigs"},"geometry":{"type":"Point","coordinates":[3.035056,42.073994]}},{"type":"Feature","properties":{"Unique ID":457,"installationName":"GRANJA LA VINYA (Forallac)","Type of Animal":"Pigs"},"geometry":{"type":"Point","coordinates":[3.05173,41.950665]}},{"type":"Feature","properties":{"Unique ID":458,"installationName":"MAS CARLES","Type of Animal":"Pigs"},"geometry":{"type":"Point","coordinates":[2.912162,42.083288]}},{"type":"Feature","properties":{"Unique ID":459,"installationName":"MAS JAUMATO","Type of Animal":"Pigs"},"geometry":{"type":"Point","coordinates":[2.839163,42.215807]}},{"type":"Feature","properties":{"Unique ID":460,"installationName":"GRANJA L´OLIVAR","Type of Animal":"Pigs"},"geometry":{"type":"Point","coordinates":[3.153154,42.295522]}},{"type":"Feature","properties":{"Unique ID":461,"installationName":"GRANJA REGATIM-FILLET","Type of Animal":"Pigs"},"geometry":{"type":"Point","coordinates":[2.956003,42.221207]}},{"type":"Feature","properties":{"Unique ID":462,"installationName":"LES CLAPISSES","Type of Animal":"Pigs"},"geometry":{"type":"Point","coordinates":[2.968426,42.361298]}},{"type":"Feature","properties":{"Unique ID":463,"installationName":"GRANJA FREIXAS","Type of Animal":"Pigs"},"geometry":{"type":"Point","coordinates":[2.952638,42.366461]}},{"type":"Feature","properties":{"Unique ID":464,"installationName":"Mas Vives","Type of Animal":"Pigs"},"geometry":{"type":"Point","coordinates":[3.066027,41.979164]}},{"type":"Feature","properties":{"Unique ID":465,"installationName":"LA PLETA","Type of Animal":"Pigs"},"geometry":{"type":"Point","coordinates":[1.038291,41.584704]}},{"type":"Feature","properties":{"Unique ID":466,"installationName":"EXPLOTACIÓ PALAU - 3690CK","Type of Animal":"Pigs"},"geometry":{"type":"Point","coordinates":[0.821183,41.542142]}},{"type":"Feature","properties":{"Unique ID":467,"installationName":"GRANJA FARRENY","Type of Animal":"Pigs"},"geometry":{"type":"Point","coordinates":[1.110693,41.795937]}},{"type":"Feature","properties":{"Unique ID":468,"installationName":"GRANJA MARRUGAT","Type of Animal":"Pigs"},"geometry":{"type":"Point","coordinates":[1.08603,41.788738]}},{"type":"Feature","properties":{"Unique ID":469,"installationName":"GRANJA PEDROS JOVE","Type of Animal":"Pigs"},"geometry":{"type":"Point","coordinates":[0.94893,41.694136]}},{"type":"Feature","properties":{"Unique ID":470,"installationName":"GRANJA NOGUERA","Type of Animal":"Pigs"},"geometry":{"type":"Point","coordinates":[0.607751,41.781742]}},{"type":"Feature","properties":{"Unique ID":471,"installationName":"GRANJA CASES","Type of Animal":"Pigs"},"geometry":{"type":"Point","coordinates":[0.528795,41.541217]}},{"type":"Feature","properties":{"Unique ID":472,"installationName":"GRANJA VALL DE SILS","Type of Animal":"Pigs"},"geometry":{"type":"Point","coordinates":[1.007653,41.846928]}},{"type":"Feature","properties":{"Unique ID":473,"installationName":"GRANJA SIMONET","Type of Animal":"Pigs"},"geometry":{"type":"Point","coordinates":[1.037885,41.893223]}},{"type":"Feature","properties":{"Unique ID":474,"installationName":"GRANJA ALBERTO ORMO ESTEVE","Type of Animal":"Pigs"},"geometry":{"type":"Point","coordinates":[0.538259,41.579458]}},{"type":"Feature","properties":{"Unique ID":475,"installationName":"GRANJA RAMELLS","Type of Animal":"Pigs"},"geometry":{"type":"Point","coordinates":[0.559989,41.371489]}},{"type":"Feature","properties":{"Unique ID":476,"installationName":"GRANJA PEDROS CARBI","Type of Animal":"Pigs"},"geometry":{"type":"Point","coordinates":[0.910692,41.769289]}},{"type":"Feature","properties":{"Unique ID":477,"installationName":"AGROPECUARIA GONZALEZ-VIÑES","Type of Animal":"Pigs"},"geometry":{"type":"Point","coordinates":[0.402708,41.468916]}},{"type":"Feature","properties":{"Unique ID":478,"installationName":"GRANJA PARSIO","Type of Animal":"Pigs"},"geometry":{"type":"Point","coordinates":[1.227382,41.748545]}},{"type":"Feature","properties":{"Unique ID":479,"installationName":"GRANJA SOLANS","Type of Animal":"Pigs"},"geometry":{"type":"Point","coordinates":[0.705682,41.564054]}},{"type":"Feature","properties":{"Unique ID":480,"installationName":"XAVIER TORRES GUAU - GRANJA TORRES","Type of Animal":"Pigs"},"geometry":{"type":"Point","coordinates":[0.904279,41.745463]}},{"type":"Feature","properties":{"Unique ID":481,"installationName":"GRANJA SABATE ROMIA","Type of Animal":"Pigs"},"geometry":{"type":"Point","coordinates":[0.396119,41.487673]}},{"type":"Feature","properties":{"Unique ID":482,"installationName":"GRANJA VERGE DE LA MERCE","Type of Animal":"Pigs"},"geometry":{"type":"Point","coordinates":[0.82016,41.816531]}},{"type":"Feature","properties":{"Unique ID":483,"installationName":"AGRORAMADERA LES COSTES","Type of Animal":"Pigs"},"geometry":{"type":"Point","coordinates":[0.974621,41.798263]}},{"type":"Feature","properties":{"Unique ID":484,"installationName":"GRANJA MUNTANE","Type of Animal":"Pigs"},"geometry":{"type":"Point","coordinates":[1.177345,41.652234]}},{"type":"Feature","properties":{"Unique ID":485,"installationName":"GRANJA ARQUES","Type of Animal":"Pigs"},"geometry":{"type":"Point","coordinates":[0.823281,41.589466]}},{"type":"Feature","properties":{"Unique ID":486,"installationName":"GRANJA XOPS","Type of Animal":"Pigs"},"geometry":{"type":"Point","coordinates":[0.97005,41.807706]}},{"type":"Feature","properties":{"Unique ID":487,"installationName":"La Plana","Type of Animal":"Pigs"},"geometry":{"type":"Point","coordinates":[0.998044,41.667161]}},{"type":"Feature","properties":{"Unique ID":488,"installationName":"ES221120000114-CERDOS-FRAGA","Type of Animal":"Pigs"},"geometry":{"type":"Point","coordinates":[0.363844,41.500013]}},{"type":"Feature","properties":{"Unique ID":489,"installationName":"AGRORAMBAL","Type of Animal":"Pigs"},"geometry":{"type":"Point","coordinates":[0.928604,41.597267]}},{"type":"Feature","properties":{"Unique ID":490,"installationName":"GRANJA LES ERES","Type of Animal":"Pigs"},"geometry":{"type":"Point","coordinates":[1.045479,41.792346]}},{"type":"Feature","properties":{"Unique ID":491,"installationName":"GRANJA JOANET","Type of Animal":"Pigs"},"geometry":{"type":"Point","coordinates":[0.822803,41.831779]}},{"type":"Feature","properties":{"Unique ID":492,"installationName":"Granja Josa","Type of Animal":"Pigs"},"geometry":{"type":"Point","coordinates":[0.911217,41.543152]}},{"type":"Feature","properties":{"Unique ID":493,"installationName":"GRANJA SERRET","Type of Animal":"Pigs"},"geometry":{"type":"Point","coordinates":[1.054098,41.569648]}},{"type":"Feature","properties":{"Unique ID":494,"installationName":"GRANJA BERNADI","Type of Animal":"Pigs"},"geometry":{"type":"Point","coordinates":[0.942066,41.626708]}},{"type":"Feature","properties":{"Unique ID":495,"installationName":"JOAN ESCOLA DURO","Type of Animal":"Pigs"},"geometry":{"type":"Point","coordinates":[0.961733,41.609539]}},{"type":"Feature","properties":{"Unique ID":496,"installationName":"GRANJA PLANA I MARSINACH","Type of Animal":"Pigs"},"geometry":{"type":"Point","coordinates":[0.741193,41.692073]}},{"type":"Feature","properties":{"Unique ID":497,"installationName":"GRANJA GARDEÑES","Type of Animal":"Pigs"},"geometry":{"type":"Point","coordinates":[0.784604,41.726547]}},{"type":"Feature","properties":{"Unique ID":498,"installationName":"GRANJA GOTSENS","Type of Animal":"Pigs"},"geometry":{"type":"Point","coordinates":[0.91536,41.583013]}},{"type":"Feature","properties":{"Unique ID":499,"installationName":"GRANJA ESPINET","Type of Animal":"Poultry"},"geometry":{"type":"Point","coordinates":[0.643983,41.699162]}},{"type":"Feature","properties":{"Unique ID":500,"installationName":"GRANJA AREUET","Type of Animal":"Pigs"},"geometry":{"type":"Point","coordinates":[1.112319,41.885014]}},{"type":"Feature","properties":{"Unique ID":501,"installationName":"GRANJA PASCUAL","Type of Animal":"Pigs"},"geometry":{"type":"Point","coordinates":[0.772291,41.721919]}},{"type":"Feature","properties":{"Unique ID":502,"installationName":"GRANJA FALCONS","Type of Animal":"Pigs"},"geometry":{"type":"Point","coordinates":[0.954281,41.745163]}},{"type":"Feature","properties":{"Unique ID":503,"installationName":"GRANJA VILADROSA","Type of Animal":"Pigs"},"geometry":{"type":"Point","coordinates":[0.480273,41.790685]}},{"type":"Feature","properties":{"Unique ID":504,"installationName":"ES222050000105-CERDOS-SAN ESTEBAN DE LITERA","Type of Animal":"Pigs"},"geometry":{"type":"Point","coordinates":[0.311484,41.874345]}},{"type":"Feature","properties":{"Unique ID":505,"installationName":"GRANJA SENTIS DRUDIS (PORCS)","Type of Animal":"Pigs"},"geometry":{"type":"Point","coordinates":[0.540668,41.38211]}},{"type":"Feature","properties":{"Unique ID":506,"installationName":"ES222540000147-ZAIDÍN","Type of Animal":"Pigs"},"geometry":{"type":"Point","coordinates":[0.310814,41.667831]}},{"type":"Feature","properties":{"Unique ID":507,"installationName":"LES PLANES","Type of Animal":"Pigs"},"geometry":{"type":"Point","coordinates":[0.890898,41.531868]}},{"type":"Feature","properties":{"Unique ID":508,"installationName":"GRANJA ARENY","Type of Animal":"Pigs"},"geometry":{"type":"Point","coordinates":[0.956336,41.743326]}},{"type":"Feature","properties":{"Unique ID":509,"installationName":"Granja Bosch","Type of Animal":"Pigs"},"geometry":{"type":"Point","coordinates":[0.749941,41.562466]}},{"type":"Feature","properties":{"Unique ID":510,"installationName":"GRANJA LLOVERA ALTISENT","Type of Animal":"Pigs"},"geometry":{"type":"Point","coordinates":[0.786664,41.722926]}},{"type":"Feature","properties":{"Unique ID":511,"installationName":"GRANJA FARRANDO","Type of Animal":"Pigs"},"geometry":{"type":"Point","coordinates":[0.58596,41.791425]}},{"type":"Feature","properties":{"Unique ID":512,"installationName":"GRANJA JOSEP MARIA RODIE DOMINGO","Type of Animal":"Pigs"},"geometry":{"type":"Point","coordinates":[0.589747,41.73049]}},{"type":"Feature","properties":{"Unique ID":513,"installationName":"GRANJA CAPDEVILA TORRENT","Type of Animal":"Pigs"},"geometry":{"type":"Point","coordinates":[0.401721,41.640193]}},{"type":"Feature","properties":{"Unique ID":514,"installationName":"GRANJA OLLE","Type of Animal":"Pigs"},"geometry":{"type":"Point","coordinates":[0.870245,41.522031]}},{"type":"Feature","properties":{"Unique ID":515,"installationName":"GRANJA LA VALL DE L´ALIGA","Type of Animal":"Pigs"},"geometry":{"type":"Point","coordinates":[0.522469,41.703459]}},{"type":"Feature","properties":{"Unique ID":516,"installationName":"GRANJA ADSA","Type of Animal":"Pigs"},"geometry":{"type":"Point","coordinates":[0.598158,41.529403]}},{"type":"Feature","properties":{"Unique ID":517,"installationName":"GRANJA ELS PLANS","Type of Animal":"Pigs"},"geometry":{"type":"Point","coordinates":[1.358692,41.770463]}},{"type":"Feature","properties":{"Unique ID":518,"installationName":"ES222540000156-CERDOS-ZAIDÍN","Type of Animal":"Pigs"},"geometry":{"type":"Point","coordinates":[0.239777,41.625856]}},{"type":"Feature","properties":{"Unique ID":519,"installationName":"GRANJA SERRA GODIA","Type of Animal":"Pigs"},"geometry":{"type":"Point","coordinates":[0.411864,41.622842]}},{"type":"Feature","properties":{"Unique ID":520,"installationName":"GRANJA COLOME-MASETS","Type of Animal":"Pigs"},"geometry":{"type":"Point","coordinates":[0.380855,40.739682]}},{"type":"Feature","properties":{"Unique ID":521,"installationName":"Granja Masets","Type of Animal":"Pigs"},"geometry":{"type":"Point","coordinates":[0.530807,40.700429]}},{"type":"Feature","properties":{"Unique ID":522,"installationName":"GRANJA SANGAL","Type of Animal":"Pigs"},"geometry":{"type":"Point","coordinates":[0.629333,40.992442]}},{"type":"Feature","properties":{"Unique ID":523,"installationName":"GRANJA JOUNOU","Type of Animal":"Pigs"},"geometry":{"type":"Point","coordinates":[1.073022,41.92424]}},{"type":"Feature","properties":{"Unique ID":524,"installationName":"GRANJA MOREDILLA","Type of Animal":"Pigs"},"geometry":{"type":"Point","coordinates":[0.709039,41.619195]}},{"type":"Feature","properties":{"Unique ID":525,"installationName":"GRANJA AL GOS","Type of Animal":"Pigs"},"geometry":{"type":"Point","coordinates":[1.148495,41.889026]}},{"type":"Feature","properties":{"Unique ID":526,"installationName":"Granja Puigpinós","Type of Animal":"Pigs"},"geometry":{"type":"Point","coordinates":[1.20081,41.898859]}},{"type":"Feature","properties":{"Unique ID":527,"installationName":"GRANJA PAULÍN DE SAN ANTÓN","Type of Animal":"Pigs"},"geometry":{"type":"Point","coordinates":[-5.889292,37.168215]}},{"type":"Feature","properties":{"Unique ID":528,"installationName":"GRANJA ELS TRULLS","Type of Animal":"Pigs"},"geometry":{"type":"Point","coordinates":[1.230009,41.931943]}},{"type":"Feature","properties":{"Unique ID":529,"installationName":"GRANJA ALMONAZAR (FINCA EL SERAFÍN)","Type of Animal":"Pigs"},"geometry":{"type":"Point","coordinates":[-5.854084,37.491066]}},{"type":"Feature","properties":{"Unique ID":530,"installationName":"MASIA LA GUINEU","Type of Animal":"Pigs"},"geometry":{"type":"Point","coordinates":[1.073882,41.723972]}},{"type":"Feature","properties":{"Unique ID":531,"installationName":"GRANAJA LOS PINOS","Type of Animal":"Poultry"},"geometry":{"type":"Point","coordinates":[-5.384737,37.288694]}},{"type":"Feature","properties":{"Unique ID":532,"installationName":"GRANJA LOS ÁLAMOS","Type of Animal":"Poultry"},"geometry":{"type":"Point","coordinates":[-5.384345,37.288792]}},{"type":"Feature","properties":{"Unique ID":533,"installationName":"FINCA SAN JOAQUÍN","Type of Animal":"Pigs"},"geometry":{"type":"Point","coordinates":[-5.738233,37.471724]}},{"type":"Feature","properties":{"Unique ID":534,"installationName":"GRANJA LA CAPELLANÍA","Type of Animal":"Pigs"},"geometry":{"type":"Point","coordinates":[-5.016024,37.681762]}},{"type":"Feature","properties":{"Unique ID":535,"installationName":"GRANJA EL ALMENDRAL","Type of Animal":"Pigs"},"geometry":{"type":"Point","coordinates":[-5.689533,37.441286]}},{"type":"Feature","properties":{"Unique ID":536,"installationName":"FINCA EL CORTIJILLO","Type of Animal":"Pigs"},"geometry":{"type":"Point","coordinates":[-5.739174,37.396189]}},{"type":"Feature","properties":{"Unique ID":537,"installationName":"FINCA BUENA CRISTIANA","Type of Animal":"Pigs"},"geometry":{"type":"Point","coordinates":[-5.690411,37.477761]}},{"type":"Feature","properties":{"Unique ID":538,"installationName":"EL GARROTAL","Type of Animal":"Pigs"},"geometry":{"type":"Point","coordinates":[-5.689533,37.441286]}},{"type":"Feature","properties":{"Unique ID":539,"installationName":"GRANJA HUERTA GRANDE","Type of Animal":"Pigs"},"geometry":{"type":"Point","coordinates":[-5.889292,37.168215]}},{"type":"Feature","properties":{"Unique ID":540,"installationName":"GRANJA VISTAHERMOSA","Type of Animal":"Pigs"},"geometry":{"type":"Point","coordinates":[-5.819197,37.492886]}},{"type":"Feature","properties":{"Unique ID":542,"installationName":"FINCA\nVILLEGAS I","Type of Animal":"Pigs"},"geometry":{"type":"Point","coordinates":[-5.724994,37.422235]}},{"type":"Feature","properties":{"Unique ID":543,"installationName":"FINCA HUERTA REYES","Type of Animal":"Pigs"},"geometry":{"type":"Point","coordinates":[-5.692529,37.454888]}},{"type":"Feature","properties":{"Unique ID":544,"installationName":"CORREO CHICO","Type of Animal":"Pigs"},"geometry":{"type":"Point","coordinates":[-5.721481,37.438473]}},{"type":"Feature","properties":{"Unique ID":545,"installationName":"HERMANOS VILLAR HERNÁNDEZ S.L.","Type of Animal":"Pigs"},"geometry":{"type":"Point","coordinates":[-2.480731,41.687728]}},{"type":"Feature","properties":{"Unique ID":546,"installationName":"BARBERANA","Type of Animal":"Poultry"},"geometry":{"type":"Point","coordinates":[0.495668,40.829322]}},{"type":"Feature","properties":{"Unique ID":547,"installationName":"RUSTICAS FAIGES","Type of Animal":"Pigs"},"geometry":{"type":"Point","coordinates":[0.486179,40.796222]}},{"type":"Feature","properties":{"Unique ID":548,"installationName":"GRANJA PROLEC","Type of Animal":"Pigs"},"geometry":{"type":"Point","coordinates":[1.003494,41.089112]}},{"type":"Feature","properties":{"Unique ID":550,"installationName":"GRANJA AGROTESA","Type of Animal":"Pigs"},"geometry":{"type":"Point","coordinates":[0.450272,41.060923]}},{"type":"Feature","properties":{"Unique ID":551,"installationName":"GRANJA CAMI DEL MOLI","Type of Animal":"Pigs"},"geometry":{"type":"Point","coordinates":[1.220962,41.409074]}},{"type":"Feature","properties":{"Unique ID":552,"installationName":"AGROPECUARIA RAFOLS","Type of Animal":"Pigs"},"geometry":{"type":"Point","coordinates":[1.539392,41.285231]}},{"type":"Feature","properties":{"Unique ID":553,"installationName":"ES220250000072-CERDOS-ALTORRICÓN","Type of Animal":"Pigs"},"geometry":{"type":"Point","coordinates":[0.371077,41.764836]}},{"type":"Feature","properties":{"Unique ID":554,"installationName":"ES222250000288-CERDOS-TAMARITE DE LITERA","Type of Animal":"Pigs"},"geometry":{"type":"Point","coordinates":[0.417995,41.8626]}},{"type":"Feature","properties":{"Unique ID":555,"installationName":"MASIA BORRAS","Type of Animal":"Pigs"},"geometry":{"type":"Point","coordinates":[0.814396,41.713946]}},{"type":"Feature","properties":{"Unique ID":556,"installationName":"FINCA CAPELLA","Type of Animal":"Pigs"},"geometry":{"type":"Point","coordinates":[0.708,41.739859]}},{"type":"Feature","properties":{"Unique ID":557,"installationName":"GRANJAS MESTRE","Type of Animal":"Poultry"},"geometry":{"type":"Point","coordinates":[0.543674,40.791431]}},{"type":"Feature","properties":{"Unique ID":558,"installationName":"GRANJA CANYETS","Type of Animal":"Pigs"},"geometry":{"type":"Point","coordinates":[0.962805,41.11924]}},{"type":"Feature","properties":{"Unique ID":559,"installationName":"GRANJA ESCODA","Type of Animal":"Pigs"},"geometry":{"type":"Point","coordinates":[0.953408,41.116515]}},{"type":"Feature","properties":{"Unique ID":560,"installationName":"Granja Ulldecona","Type of Animal":"Pigs"},"geometry":{"type":"Point","coordinates":[0.475368,40.602103]}},{"type":"Feature","properties":{"Unique ID":561,"installationName":"GRANJA BONFILL","Type of Animal":"Poultry"},"geometry":{"type":"Point","coordinates":[0.512336,40.689516]}},{"type":"Feature","properties":{"Unique ID":562,"installationName":"Granja Roquetes","Type of Animal":"Poultry"},"geometry":{"type":"Point","coordinates":[0.481148,40.801859]}},{"type":"Feature","properties":{"Unique ID":563,"installationName":"GRANJA PRATS","Type of Animal":"Pigs"},"geometry":{"type":"Point","coordinates":[0.294891,40.949439]}},{"type":"Feature","properties":{"Unique ID":564,"installationName":"GRANJA GERMANS MASIP","Type of Animal":"Poultry"},"geometry":{"type":"Point","coordinates":[0.729325,41.249284]}},{"type":"Feature","properties":{"Unique ID":565,"installationName":"GRANJAS FERRE","Type of Animal":"Poultry"},"geometry":{"type":"Point","coordinates":[0.574433,40.675615]}},{"type":"Feature","properties":{"Unique ID":566,"installationName":"DE AARDBORST SPAIN","Type of Animal":"Pigs"},"geometry":{"type":"Point","coordinates":[0.440463,40.775608]}},{"type":"Feature","properties":{"Unique ID":567,"installationName":"GRANJA LLUSA","Type of Animal":"Pigs"},"geometry":{"type":"Point","coordinates":[0.734271,41.533504]}},{"type":"Feature","properties":{"Unique ID":568,"installationName":"GRANJA FILELLA","Type of Animal":"Pigs"},"geometry":{"type":"Point","coordinates":[0.937287,41.771818]}},{"type":"Feature","properties":{"Unique ID":569,"installationName":"GRANJA SANS","Type of Animal":"Pigs"},"geometry":{"type":"Point","coordinates":[0.927124,41.558368]}},{"type":"Feature","properties":{"Unique ID":570,"installationName":"EXPLOTACIO GERMANS TEIXIDO BRAGOS","Type of Animal":"Pigs"},"geometry":{"type":"Point","coordinates":[0.991462,41.49034]}},{"type":"Feature","properties":{"Unique ID":571,"installationName":"GRANJA CAL MANO","Type of Animal":"Pigs"},"geometry":{"type":"Point","coordinates":[0.819936,41.810718]}},{"type":"Feature","properties":{"Unique ID":572,"installationName":"GRANJA FERMAGA","Type of Animal":"Pigs"},"geometry":{"type":"Point","coordinates":[0.999292,41.702432]}},{"type":"Feature","properties":{"Unique ID":573,"installationName":"ES222540000151-CERDOS-ZAIDÍN","Type of Animal":"Pigs"},"geometry":{"type":"Point","coordinates":[0.338571,41.649715]}},{"type":"Feature","properties":{"Unique ID":574,"installationName":"GRANJA FARRE","Type of Animal":"Pigs"},"geometry":{"type":"Point","coordinates":[1.093163,41.56865]}},{"type":"Feature","properties":{"Unique ID":575,"installationName":"GRANJA GODIA FABREGO","Type of Animal":"Pigs"},"geometry":{"type":"Point","coordinates":[0.521108,41.59806]}},{"type":"Feature","properties":{"Unique ID":576,"installationName":"GRANJA AGROPECUARIA LA SARDERA","Type of Animal":"Pigs"},"geometry":{"type":"Point","coordinates":[0.53295,41.40991]}},{"type":"Feature","properties":{"Unique ID":577,"installationName":"GRANJA LA SERRA (Bellvei)","Type of Animal":"Pigs"},"geometry":{"type":"Point","coordinates":[1.569215,41.259575]}},{"type":"Feature","properties":{"Unique ID":578,"installationName":"ES441460000001-CERDOS-MATA DE LOS OLMOS (LA)","Type of Animal":"Pigs"},"geometry":{"type":"Point","coordinates":[-0.51509,40.863475]}},{"type":"Feature","properties":{"Unique ID":579,"installationName":"ES440560000014-CAMINREAL","Type of Animal":"Pigs"},"geometry":{"type":"Point","coordinates":[-1.357923,40.849988]}},{"type":"Feature","properties":{"Unique ID":580,"installationName":"GRANJA EL TOSCAL","Type of Animal":"Pigs"},"geometry":{"type":"Point","coordinates":[-1.296035,40.842788]}},{"type":"Feature","properties":{"Unique ID":581,"installationName":"ES442210000001-CERDOS-TORRECILLA DE ALCAÑIZ","Type of Animal":"Pigs"},"geometry":{"type":"Point","coordinates":[-0.119578,40.971694]}},{"type":"Feature","properties":{"Unique ID":582,"installationName":"ES441120000053-CERDOS-FUENTES CLARAS","Type of Animal":"Pigs"},"geometry":{"type":"Point","coordinates":[-1.305207,40.862872]}},{"type":"Feature","properties":{"Unique ID":583,"installationName":"ES442610000123-VILLARQUEMADO","Type of Animal":"Pigs"},"geometry":{"type":"Point","coordinates":[-1.264348,40.495858]}},{"type":"Feature","properties":{"Unique ID":584,"installationName":"ES440040000032-CERDOS-AGUAVIVA","Type of Animal":"Pigs"},"geometry":{"type":"Point","coordinates":[-0.191587,40.820528]}},{"type":"Feature","properties":{"Unique ID":585,"installationName":"ES441180000805-GALLINAS-GINEBROSA (LA)","Type of Animal":"Poultry"},"geometry":{"type":"Point","coordinates":[-0.150271,40.857631]}},{"type":"Feature","properties":{"Unique ID":586,"installationName":"ES441540000029-CERDOS-MONROYO","Type of Animal":"Pigs"},"geometry":{"type":"Point","coordinates":[-0.027517,40.777975]}},{"type":"Feature","properties":{"Unique ID":587,"installationName":"ES440860000009-CERDOS-CRETAS","Type of Animal":"Pigs"},"geometry":{"type":"Point","coordinates":[0.143424,40.970649]}},{"type":"Feature","properties":{"Unique ID":588,"installationName":"ES222540000144-CERDOS-ZAIDÍN","Type of Animal":"Pigs"},"geometry":{"type":"Point","coordinates":[0.264938,41.603996]}},{"type":"Feature","properties":{"Unique ID":589,"installationName":"ES441610000001-CERDOS-MUNIESA","Type of Animal":"Pigs"},"geometry":{"type":"Point","coordinates":[-0.761713,41.107763]}},{"type":"Feature","properties":{"Unique ID":590,"installationName":"ES442610000127-CERDOS-VILLARQUEMADO","Type of Animal":"Pigs"},"geometry":{"type":"Point","coordinates":[-1.277274,40.539021]}},{"type":"Feature","properties":{"Unique ID":591,"installationName":"ES441230000001-CERDOS-HINOJOSA DE JARQUE","Type of Animal":"Pigs"},"geometry":{"type":"Point","coordinates":[-0.767608,40.682615]}},{"type":"Feature","properties":{"Unique ID":592,"installationName":"ES440710000026-CERDOS-CASTELLOTE","Type of Animal":"Pigs"},"geometry":{"type":"Point","coordinates":[-0.384415,40.819742]}},{"type":"Feature","properties":{"Unique ID":593,"installationName":"ES440140000057-CERDOS-ALCORISA","Type of Animal":"Pigs"},"geometry":{"type":"Point","coordinates":[-0.339246,40.907633]}},{"type":"Feature","properties":{"Unique ID":594,"installationName":"ES442610000003-CERDOS-VILLARQUEMADO","Type of Animal":"Pigs"},"geometry":{"type":"Point","coordinates":[-1.255275,40.494911]}},{"type":"Feature","properties":{"Unique ID":595,"installationName":"LOPEZ DE DICASTILLO MARTINEZ DE EULATE DANIEL Y VERGARA ITURMENDI SILVIA","Type of Animal":"Pigs"},"geometry":{"type":"Point","coordinates":[-1.940556,42.631389]}},{"type":"Feature","properties":{"Unique ID":596,"installationName":"CAMAR AGROALIMENTARIA, S.L.","Type of Animal":"Poultry"},"geometry":{"type":"Point","coordinates":[-3.9321,40.0762]}},{"type":"Feature","properties":{"Unique ID":597,"installationName":"GANADERA DE OJARANZOS S.L.","Type of Animal":"Pigs"},"geometry":{"type":"Point","coordinates":[-4.9176,39.9541]}},{"type":"Feature","properties":{"Unique ID":598,"installationName":"CAMAR AGROALIMENTARIA S.L  ","Type of Animal":"Poultry"},"geometry":{"type":"Point","coordinates":[-3.9416,40.0683]}},{"type":"Feature","properties":{"Unique ID":599,"installationName":"AGROTIS PÉREZ S.L.","Type of Animal":"Pigs"},"geometry":{"type":"Point","coordinates":[-5.0256,39.8448]}},{"type":"Feature","properties":{"Unique ID":600,"installationName":"JUAN JIMENEZ GARCÍA, SA","Type of Animal":"Pigs"},"geometry":{"type":"Point","coordinates":[-1.279232,39.339367]}},{"type":"Feature","properties":{"Unique ID":601,"installationName":"AGROPECUARIA DE ANDANES, S.L.","Type of Animal":"Pigs"},"geometry":{"type":"Point","coordinates":[-0.418529,39.602243]}},{"type":"Feature","properties":{"Unique ID":602,"installationName":"EXPLOTACIONES AGROPECUARIAS PENTA","Type of Animal":"Pigs"},"geometry":{"type":"Point","coordinates":[-0.488477,39.623281]}},{"type":"Feature","properties":{"Unique ID":603,"installationName":"S.A.T. GAVIGA Nº 4530 ","Type of Animal":"Pigs"},"geometry":{"type":"Point","coordinates":[-0.460973,39.362675]}},{"type":"Feature","properties":{"Unique ID":604,"installationName":"S.A.T. GAVIGA Nº 4530","Type of Animal":"Pigs"},"geometry":{"type":"Point","coordinates":[-0.461253,39.466002]}},{"type":"Feature","properties":{"Unique ID":605,"installationName":"ES220020000020-CERDOS-ABIZANDA","Type of Animal":"Pigs"},"geometry":{"type":"Point","coordinates":[0.175115,42.283525]}},{"type":"Feature","properties":{"Unique ID":606,"installationName":"S.A.T. 6330 EL RAFOL","Type of Animal":"Pigs"},"geometry":{"type":"Point","coordinates":[-0.432065,39.404454]}},{"type":"Feature","properties":{"Unique ID":607,"installationName":"HUEVOS ALTO TURIA","Type of Animal":"Poultry"},"geometry":{"type":"Point","coordinates":[-1.051361,39.775561]}},{"type":"Feature","properties":{"Unique ID":608,"installationName":"S.A.T. 7128 PENTA","Type of Animal":"Pigs"},"geometry":{"type":"Point","coordinates":[-0.450975,39.592942]}},{"type":"Feature","properties":{"Unique ID":609,"installationName":"SAT 7572 HERMANOS SALON","Type of Animal":"Poultry"},"geometry":{"type":"Point","coordinates":[-1.260828,39.736141]}},{"type":"Feature","properties":{"Unique ID":610,"installationName":"MOLINO REALENGO-ALBERIQUE","Type of Animal":"Pigs"},"geometry":{"type":"Point","coordinates":[-0.519301,39.117096]}},{"type":"Feature","properties":{"Unique ID":611,"installationName":"MOLINO REALENGO-GUADASUAR","Type of Animal":"Pigs"},"geometry":{"type":"Point","coordinates":[-0.47686,39.187977]}},{"type":"Feature","properties":{"Unique ID":612,"installationName":"MAGROPOR","Type of Animal":"Pigs"},"geometry":{"type":"Point","coordinates":[-1.202039,39.569331]}},{"type":"Feature","properties":{"Unique ID":613,"installationName":"CA L´ENRICH DEL PLA","Type of Animal":"Pigs"},"geometry":{"type":"Point","coordinates":[1.657531,41.592771]}},{"type":"Feature","properties":{"Unique ID":614,"installationName":"AVÍCOLA LLOMBAY-CATADAU","Type of Animal":"Poultry"},"geometry":{"type":"Point","coordinates":[-0.570713,39.245641]}},{"type":"Feature","properties":{"Unique ID":615,"installationName":"AVÍCOLA LLOMBAY (ALFARP)","Type of Animal":"Poultry"},"geometry":{"type":"Point","coordinates":[-0.525336,39.267577]}},{"type":"Feature","properties":{"Unique ID":616,"installationName":"GUIPORSA - MARINES","Type of Animal":"Pigs"},"geometry":{"type":"Point","coordinates":[-0.559989,39.677289]}},{"type":"Feature","properties":{"Unique ID":617,"installationName":"Granja Rosa Mari","Type of Animal":"Poultry"},"geometry":{"type":"Point","coordinates":[-4.91278,41.15377]}},{"type":"Feature","properties":{"Unique ID":618,"installationName":"MARCIAL PÉREZ SANGRADOR E HIJOS C.B.","Type of Animal":"Poultry"},"geometry":{"type":"Point","coordinates":[-4.532617,41.346461]}},{"type":"Feature","properties":{"Unique ID":619,"installationName":"GRANJA PINILLA S.L.:2694 (ALCAZARÉN)","Type of Animal":"Poultry"},"geometry":{"type":"Point","coordinates":[-4.686403,41.380706]}},{"type":"Feature","properties":{"Unique ID":620,"installationName":"GRANJA PINILLA S.L.:2695(MEGECES)","Type of Animal":"Poultry"},"geometry":{"type":"Point","coordinates":[-4.563219,41.410464]}},{"type":"Feature","properties":{"Unique ID":621,"installationName":"OVILO 2000, S.L.-OLMEDO","Type of Animal":"Pigs"},"geometry":{"type":"Point","coordinates":[-4.680614,41.322783]}},{"type":"Feature","properties":{"Unique ID":622,"installationName":"INCOLBE, S.L.","Type of Animal":"Pigs"},"geometry":{"type":"Point","coordinates":[-5.204552,41.773835]}},{"type":"Feature","properties":{"Unique ID":623,"installationName":"AGROPECUARIAS CASARES S.L.","Type of Animal":"Pigs"},"geometry":{"type":"Point","coordinates":[-5.100706,41.425794]}},{"type":"Feature","properties":{"Unique ID":624,"installationName":"GRANJA SOLER","Type of Animal":"Pigs"},"geometry":{"type":"Point","coordinates":[0.471197,41.561317]}},{"type":"Feature","properties":{"Unique ID":625,"installationName":"ÁLVARO ROCHINA SERRANO","Type of Animal":"Pigs"},"geometry":{"type":"Point","coordinates":[-1.041613,39.846702]}},{"type":"Feature","properties":{"Unique ID":626,"installationName":"ROBERPOR S.L.","Type of Animal":"Pigs"},"geometry":{"type":"Point","coordinates":[-4.069417,41.145103]}},{"type":"Feature","properties":{"Unique ID":627,"installationName":"CIRADEA, S.L.","Type of Animal":"Pigs"},"geometry":{"type":"Point","coordinates":[-5.991878,42.127222]}},{"type":"Feature","properties":{"Unique ID":628,"installationName":"LEROPORC S.L.","Type of Animal":"Pigs"},"geometry":{"type":"Point","coordinates":[-5.538468,41.529867]}},{"type":"Feature","properties":{"Unique ID":629,"installationName":"EL LLANO C.B.","Type of Animal":"Pigs"},"geometry":{"type":"Point","coordinates":[-6.024428,42.086372]}},{"type":"Feature","properties":{"Unique ID":630,"installationName":"AVICOLA DE GALICIA - MEIS","Type of Animal":"Poultry"},"geometry":{"type":"Point","coordinates":[-8.70241,42.509844]}},{"type":"Feature","properties":{"Unique ID":631,"installationName":"ES502350000059 - SAN MATEO DE GALLEGO","Type of Animal":"Pigs"},"geometry":{"type":"Point","coordinates":[-0.76437,41.8316]}},{"type":"Feature","properties":{"Unique ID":632,"installationName":"ES500950000010-CERDOS-EJEA DE LOS CABALLEROS","Type of Animal":"Pigs"},"geometry":{"type":"Point","coordinates":[-1.082844,42.10101]}},{"type":"Feature","properties":{"Unique ID":633,"installationName":"ES500950000033-CERDOS-EJEA DE LOS CABALLEROS","Type of Animal":"Pigs"},"geometry":{"type":"Point","coordinates":[-1.129657,42.178243]}},{"type":"Feature","properties":{"Unique ID":634,"installationName":"ES501510000800-GALLINAS-LUNA","Type of Animal":"Poultry"},"geometry":{"type":"Point","coordinates":[-0.862824,42.192926]}},{"type":"Feature","properties":{"Unique ID":635,"installationName":"ES500680000002-CERDOS-CALATORAO","Type of Animal":"Pigs"},"geometry":{"type":"Point","coordinates":[-1.317054,41.513233]}},{"type":"Feature","properties":{"Unique ID":636,"installationName":"ES501810000004-CERDOS-MUEL","Type of Animal":"Pigs"},"geometry":{"type":"Point","coordinates":[-1.102881,41.456651]}},{"type":"Feature","properties":{"Unique ID":637,"installationName":"ES500250000010-CERDOS-ALMUNIA DE DOÑA GODINA (LA)","Type of Animal":"Pigs"},"geometry":{"type":"Point","coordinates":[-1.30935,41.490189]}},{"type":"Feature","properties":{"Unique ID":638,"installationName":"ES502520000046-CERDOS-TAUSTE","Type of Animal":"Pigs"},"geometry":{"type":"Point","coordinates":[-1.229052,41.97824]}},{"type":"Feature","properties":{"Unique ID":639,"installationName":"ES502920000803-GALLINAS-VILLARREAL DE HUERVA","Type of Animal":"Poultry"},"geometry":{"type":"Point","coordinates":[-1.292068,41.1887]}},{"type":"Feature","properties":{"Unique ID":640,"installationName":"ES500350000002-CERDOS-ARTIEDA","Type of Animal":"Pigs"},"geometry":{"type":"Point","coordinates":[-0.998878,42.586315]}},{"type":"Feature","properties":{"Unique ID":641,"installationName":"ES500740000081-CERDOS-CASPE","Type of Animal":"Pigs"},"geometry":{"type":"Point","coordinates":[-0.058375,41.237573]}},{"type":"Feature","properties":{"Unique ID":642,"installationName":"ES502090000800-GALLINAS-PINSEQUE","Type of Animal":"Poultry"},"geometry":{"type":"Point","coordinates":[-1.10827,41.732612]}},{"type":"Feature","properties":{"Unique ID":643,"installationName":"ES502520000035-CERDOS-TAUSTE","Type of Animal":"Pigs"},"geometry":{"type":"Point","coordinates":[-1.282784,42.013847]}},{"type":"Feature","properties":{"Unique ID":644,"installationName":"ES502520000019-CERDOS-TAUSTE","Type of Animal":"Pigs"},"geometry":{"type":"Point","coordinates":[-1.250349,41.994354]}},{"type":"Feature","properties":{"Unique ID":645,"installationName":"ES502970000030-CERDOS-ZARAGOZA","Type of Animal":"Pigs"},"geometry":{"type":"Point","coordinates":[-1.077286,41.68788]}},{"type":"Feature","properties":{"Unique ID":646,"installationName":"ES500740000058-CERDOS-CASPE","Type of Animal":"Pigs"},"geometry":{"type":"Point","coordinates":[-0.084219,41.225163]}},{"type":"Feature","properties":{"Unique ID":647,"installationName":"ES500950000118-CERDOS-EJEA DE LOS CABALLEROS","Type of Animal":"Pigs"},"geometry":{"type":"Point","coordinates":[-1.286346,42.19701]}},{"type":"Feature","properties":{"Unique ID":648,"installationName":"ES501330000001-CERDOS-LAGATA","Type of Animal":"Pigs"},"geometry":{"type":"Point","coordinates":[-0.811392,41.234013]}},{"type":"Feature","properties":{"Unique ID":649,"installationName":"ES5009500000301-CERDOS-EJEA DE LOS CABALLEROS","Type of Animal":"Pigs"},"geometry":{"type":"Point","coordinates":[-1.179542,42.165885]}},{"type":"Feature","properties":{"Unique ID":650,"installationName":"ES500950000223-CERDOS-EJEA DE LOS CABALLEROS","Type of Animal":"Pigs"},"geometry":{"type":"Point","coordinates":[-1.166397,42.056419]}},{"type":"Feature","properties":{"Unique ID":651,"installationName":"ES501530000009-CERDOS-MAGALLÓN","Type of Animal":"Pigs"},"geometry":{"type":"Point","coordinates":[-1.410166,41.813806]}},{"type":"Feature","properties":{"Unique ID":652,"installationName":"ES500740000117-CERDOS-CASPE","Type of Animal":"Pigs"},"geometry":{"type":"Point","coordinates":[-0.117524,41.250219]}},{"type":"Feature","properties":{"Unique ID":653,"installationName":"ES500740000018-CERDOS-CASPE","Type of Animal":"Pigs"},"geometry":{"type":"Point","coordinates":[0.010556,41.201753]}},{"type":"Feature","properties":{"Unique ID":654,"installationName":"ES500950000122-CERDOS-EJEA DE LOS CABALLEROS","Type of Animal":"Pigs"},"geometry":{"type":"Point","coordinates":[-1.059103,42.133581]}},{"type":"Feature","properties":{"Unique ID":656,"installationName":"ES502520000077-CERDOS-TAUSTE","Type of Animal":"Pigs"},"geometry":{"type":"Point","coordinates":[-1.258654,41.896448]}},{"type":"Feature","properties":{"Unique ID":657,"installationName":"ES502520000041-CERDOS-TAUSTE","Type of Animal":"Pigs"},"geometry":{"type":"Point","coordinates":[-1.270883,41.927929]}},{"type":"Feature","properties":{"Unique ID":658,"installationName":"ES502520000033-CERDOS-TAUSTE","Type of Animal":"Pigs"},"geometry":{"type":"Point","coordinates":[-1.260846,41.947564]}},{"type":"Feature","properties":{"Unique ID":659,"installationName":"ES501590000801-GALLINAS-MALUENDA","Type of Animal":"Poultry"},"geometry":{"type":"Point","coordinates":[-1.624524,41.269012]}},{"type":"Feature","properties":{"Unique ID":660,"installationName":"ES501540000802-GALLINAS-MAINAR","Type of Animal":"Poultry"},"geometry":{"type":"Point","coordinates":[-1.308689,41.192008]}},{"type":"Feature","properties":{"Unique ID":661,"installationName":"ES500950000252-CERDOS-EJEA DE LOS CABALLEROS","Type of Animal":"Pigs"},"geometry":{"type":"Point","coordinates":[-1.166397,42.056419]}},{"type":"Feature","properties":{"Unique ID":662,"installationName":"ES501630000802-GALLINAS-MARÍA DE HUERVA","Type of Animal":"Poultry"},"geometry":{"type":"Point","coordinates":[-1.00704,41.529362]}},{"type":"Feature","properties":{"Unique ID":663,"installationName":"ES500620000002-CERDOS-BURGO DE EBRO (EL)","Type of Animal":"Pigs"},"geometry":{"type":"Point","coordinates":[-0.773155,41.579549]}},{"type":"Feature","properties":{"Unique ID":664,"installationName":"ES500950000327-CERDOS-EJEA DE LOS CABALLEROS","Type of Animal":"Pigs"},"geometry":{"type":"Point","coordinates":[-1.107847,42.134117]}},{"type":"Feature","properties":{"Unique ID":665,"installationName":"GRANJAS MATEO, S.L. (LA LOTETA)","Type of Animal":"Pigs"},"geometry":{"type":"Point","coordinates":[-1.30247,41.82301]}},{"type":"Feature","properties":{"Unique ID":666,"installationName":"ES500530000001-CERDOS-BOQUIÑENI","Type of Animal":"Pigs"},"geometry":{"type":"Point","coordinates":[-1.295275,41.83706]}},{"type":"Feature","properties":{"Unique ID":667,"installationName":"ES502880000003-CERDOS-VILLANUEVA DE GÁLLEGO","Type of Animal":"Pigs"},"geometry":{"type":"Point","coordinates":[-0.850471,41.76874]}},{"type":"Feature","properties":{"Unique ID":668,"installationName":"ES501020000006-FABARA","Type of Animal":"Pigs"},"geometry":{"type":"Point","coordinates":[0.17061,41.17821]}},{"type":"Feature","properties":{"Unique ID":669,"installationName":"ES502400000001-CERDOS-SÁSTAGO","Type of Animal":"Pigs"},"geometry":{"type":"Point","coordinates":[-0.373542,41.284921]}},{"type":"Feature","properties":{"Unique ID":670,"installationName":"ES500250000805-GALLINAS-ALMUNIA DE DOÑA GODINA (LA)","Type of Animal":"Poultry"},"geometry":{"type":"Point","coordinates":[-1.377512,41.460781]}},{"type":"Feature","properties":{"Unique ID":671,"installationName":"ES502520000104-CERDOS-TAUSTE","Type of Animal":"Pigs"},"geometry":{"type":"Point","coordinates":[-1.304832,41.960273]}},{"type":"Feature","properties":{"Unique ID":672,"installationName":"ES502970000076-CERDOS-ZARAGOZA","Type of Animal":"Pigs"},"geometry":{"type":"Point","coordinates":[-0.786669,41.703107]}},{"type":"Feature","properties":{"Unique ID":673,"installationName":"ES500740000119-CERDOS-CASPE","Type of Animal":"Pigs"},"geometry":{"type":"Point","coordinates":[0.175182,41.211852]}},{"type":"Feature","properties":{"Unique ID":674,"installationName":"ES500740000120-CERDOS-CASPE","Type of Animal":"Pigs"},"geometry":{"type":"Point","coordinates":[-0.111353,41.207726]}},{"type":"Feature","properties":{"Unique ID":675,"installationName":"ES500740000127-CERDOS-CASPE","Type of Animal":"Pigs"},"geometry":{"type":"Point","coordinates":[-0.022223,41.291951]}},{"type":"Feature","properties":{"Unique ID":676,"installationName":"ES501520000007-CERDOS-MAELLA","Type of Animal":"Pigs"},"geometry":{"type":"Point","coordinates":[0.127576,41.114085]}},{"type":"Feature","properties":{"Unique ID":677,"installationName":"ES500950000277-CERDOS-EJEA DE LOS CABALLEROS","Type of Animal":"Pigs"},"geometry":{"type":"Point","coordinates":[-1.044093,42.094466]}},{"type":"Feature","properties":{"Unique ID":678,"installationName":"ES502520000011-CERDOS-TAUSTE","Type of Animal":"Pigs"},"geometry":{"type":"Point","coordinates":[-1.275845,41.97072]}},{"type":"Feature","properties":{"Unique ID":679,"installationName":"ES500510000036-CERDOS-BIOTA","Type of Animal":"Pigs"},"geometry":{"type":"Point","coordinates":[-1.26225,42.149961]}},{"type":"Feature","properties":{"Unique ID":680,"installationName":"PUENTE CLAVERÍA S.L.","Type of Animal":"Pigs"},"geometry":{"type":"Point","coordinates":[-0.831624,41.661841]}},{"type":"Feature","properties":{"Unique ID":681,"installationName":"ES502400000006-CERDOS-SÁSTAGO","Type of Animal":"Pigs"},"geometry":{"type":"Point","coordinates":[-0.340488,41.336999]}},{"type":"Feature","properties":{"Unique ID":682,"installationName":"ES500950000302-CERDOS-EJEA DE LOS CABALLEROS","Type of Animal":"Pigs"},"geometry":{"type":"Point","coordinates":[-1.305822,42.157097]}},{"type":"Feature","properties":{"Unique ID":683,"installationName":"ES502400000007-CERDOS-SÁSTAGO","Type of Animal":"Pigs"},"geometry":{"type":"Point","coordinates":[-0.143178,41.291782]}},{"type":"Feature","properties":{"Unique ID":684,"installationName":"LOS SATILES","Type of Animal":"Pigs"},"geometry":{"type":"Point","coordinates":[-5.593715,38.511471]}},{"type":"Feature","properties":{"Unique ID":685,"installationName":"ES502520000095-CERDOS-TAUSTE","Type of Animal":"Pigs"},"geometry":{"type":"Point","coordinates":[-1.355124,41.963634]}},{"type":"Feature","properties":{"Unique ID":686,"installationName":"ES500950000017-CERDOS-EJEA DE LOS CABALLEROS","Type of Animal":"Pigs"},"geometry":{"type":"Point","coordinates":[-1.294801,42.165462]}},{"type":"Feature","properties":{"Unique ID":687,"installationName":"ES502440000002-CERDOS-SIERRA DE LUNA","Type of Animal":"Pigs"},"geometry":{"type":"Point","coordinates":[-0.888367,42.071064]}},{"type":"Feature","properties":{"Unique ID":688,"installationName":"ES501510000018-CERDOS-LUNA","Type of Animal":"Pigs"},"geometry":{"type":"Point","coordinates":[-0.995357,42.162555]}},{"type":"Feature","properties":{"Unique ID":689,"installationName":"ES500150000004-CERDOS-ALCONCHEL DE ARIZA","Type of Animal":"Pigs"},"geometry":{"type":"Point","coordinates":[-2.121704,41.204884]}},{"type":"Feature","properties":{"Unique ID":690,"installationName":"ES502520000102-CERDOS-TAUSTE","Type of Animal":"Pigs"},"geometry":{"type":"Point","coordinates":[-1.319354,41.992188]}},{"type":"Feature","properties":{"Unique ID":691,"installationName":"ES502970000099-CERDOS-ZARAGOZA","Type of Animal":"Pigs"},"geometry":{"type":"Point","coordinates":[-0.785788,41.692714]}},{"type":"Feature","properties":{"Unique ID":692,"installationName":"ES502650000015-CERDOS-TRASMOZ","Type of Animal":"Pigs"},"geometry":{"type":"Point","coordinates":[-1.708483,41.823997]}},{"type":"Feature","properties":{"Unique ID":693,"installationName":"ES502520000155","Type of Animal":"Pigs"},"geometry":{"type":"Point","coordinates":[-1.260266,41.92552]}},{"type":"Feature","properties":{"Unique ID":694,"installationName":"ES502520000122-CERDOS-TAUSTE","Type of Animal":"Pigs"},"geometry":{"type":"Point","coordinates":[-1.231937,41.890924]}},{"type":"Feature","properties":{"Unique ID":695,"installationName":"ES500590000040-CERDOS-BUJARALOZ","Type of Animal":"Pigs"},"geometry":{"type":"Point","coordinates":[-0.172322,41.491998]}},{"type":"Feature","properties":{"Unique ID":696,"installationName":"ES502520000131-CERDOS-TAUSTE","Type of Animal":"Pigs"},"geometry":{"type":"Point","coordinates":[-1.298275,41.953241]}},{"type":"Feature","properties":{"Unique ID":697,"installationName":"ES501370000046-CERDOS-LECINENA","Type of Animal":"Pigs"},"geometry":{"type":"Point","coordinates":[-0.628336,41.813783]}},{"type":"Feature","properties":{"Unique ID":698,"installationName":"ES502520000103-CERDOS-TAUSTE","Type of Animal":"Pigs"},"geometry":{"type":"Point","coordinates":[-1.2311,41.944795]}},{"type":"Feature","properties":{"Unique ID":699,"installationName":"HERMANOS MARCEN MAZA, S.C.","Type of Animal":"Pigs"},"geometry":{"type":"Point","coordinates":[-0.632506,41.8009]}},{"type":"Feature","properties":{"Unique ID":700,"installationName":"ES502510000076-CERDOS-TARAZONA","Type of Animal":"Pigs"},"geometry":{"type":"Point","coordinates":[-1.683012,41.907576]}},{"type":"Feature","properties":{"Unique ID":701,"installationName":"ES502520000142-CERDOS-TAUSTE","Type of Animal":"Pigs"},"geometry":{"type":"Point","coordinates":[-1.270414,42.000161]}},{"type":"Feature","properties":{"Unique ID":702,"installationName":"ES500990000013-CERDOS-ÉPILA","Type of Animal":"Pigs"},"geometry":{"type":"Point","coordinates":[-1.274208,41.57434]}},{"type":"Feature","properties":{"Unique ID":703,"installationName":"ES501810000008-CERDOS-MUEL","Type of Animal":"Pigs"},"geometry":{"type":"Point","coordinates":[-1.154537,41.497346]}},{"type":"Feature","properties":{"Unique ID":704,"installationName":"ES501810000007-CERDOS-MUEL","Type of Animal":"Pigs"},"geometry":{"type":"Point","coordinates":[-1.111833,41.45098]}},{"type":"Feature","properties":{"Unique ID":705,"installationName":"ES502520000128-CERDOS-TAUSTE","Type of Animal":"Pigs"},"geometry":{"type":"Point","coordinates":[-1.216352,41.878776]}},{"type":"Feature","properties":{"Unique ID":706,"installationName":"ES500950000292-CERDOS-EJEA DE LOS CABALLEROS","Type of Animal":"Pigs"},"geometry":{"type":"Point","coordinates":[-1.216601,42.091667]}},{"type":"Feature","properties":{"Unique ID":707,"installationName":"ES502670000003-CERDOS-UNCASTILLO","Type of Animal":"Pigs"},"geometry":{"type":"Point","coordinates":[-1.153852,42.350527]}},{"type":"Feature","properties":{"Unique ID":708,"installationName":"ES502520000141-CERDOS-TAUSTE","Type of Animal":"Pigs"},"geometry":{"type":"Point","coordinates":[-1.141935,41.982293]}},{"type":"Feature","properties":{"Unique ID":709,"installationName":"ES500950000011-CERDOS-EJEA DE LOS CABALLEROS","Type of Animal":"Pigs"},"geometry":{"type":"Point","coordinates":[-1.088665,42.109708]}},{"type":"Feature","properties":{"Unique ID":710,"installationName":"ES500950000045-CERDOS-EJEA DE LOS CABALLEROS","Type of Animal":"Pigs"},"geometry":{"type":"Point","coordinates":[-1.077321,42.123279]}},{"type":"Feature","properties":{"Unique ID":711,"installationName":"ES500770000031-CASTEJÓN DE VALDEJASA","Type of Animal":"Pigs"},"geometry":{"type":"Point","coordinates":[-1.1342,42.1308]}},{"type":"Feature","properties":{"Unique ID":712,"installationName":"ES500740000128-CERDOS-CASPE","Type of Animal":"Pigs"},"geometry":{"type":"Point","coordinates":[-0.042812,41.1964]}},{"type":"Feature","properties":{"Unique ID":713,"installationName":"ES500950000040-CERDOS-EJEA DE LOS CABALLEROS","Type of Animal":"Pigs"},"geometry":{"type":"Point","coordinates":[-1.213018,42.121943]}},{"type":"Feature","properties":{"Unique ID":714,"installationName":"ES501650000016-CERDOS-MEQUINENZA","Type of Animal":"Pigs"},"geometry":{"type":"Point","coordinates":[0.300753,41.371997]}},{"type":"Feature","properties":{"Unique ID":715,"installationName":"ES500740000132-CERDOS-CASPE","Type of Animal":"Pigs"},"geometry":{"type":"Point","coordinates":[-0.01257,41.177663]}},{"type":"Feature","properties":{"Unique ID":716,"installationName":"ES500680000022-CERDOS-CALATORAO","Type of Animal":"Pigs"},"geometry":{"type":"Point","coordinates":[-1.274544,41.509856]}},{"type":"Feature","properties":{"Unique ID":717,"installationName":"ES500950000299-CERDOS-EJEA DE LOS CABALLEROS","Type of Animal":"Pigs"},"geometry":{"type":"Point","coordinates":[-1.111417,42.221541]}},{"type":"Feature","properties":{"Unique ID":718,"installationName":"ES501820000010-CERDOS-MUELA (LA)","Type of Animal":"Pigs"},"geometry":{"type":"Point","coordinates":[-1.114959,41.560787]}},{"type":"Feature","properties":{"Unique ID":719,"installationName":"ES501600000033-CERDOS-MALLÉN","Type of Animal":"Pigs"},"geometry":{"type":"Point","coordinates":[-1.379117,41.874146]}},{"type":"Feature","properties":{"Unique ID":720,"installationName":"EL CHAPARRAL, S.C.","Type of Animal":"Pigs"},"geometry":{"type":"Point","coordinates":[-1.04315,41.08378]}},{"type":"Feature","properties":{"Unique ID":721,"installationName":"ES502520000107-CERDOS-TAUSTE","Type of Animal":"Pigs"},"geometry":{"type":"Point","coordinates":[-1.282877,41.986118]}},{"type":"Feature","properties":{"Unique ID":722,"installationName":"ES502440000003-CERDOS-SIERRA DE LUNA","Type of Animal":"Pigs"},"geometry":{"type":"Point","coordinates":[-0.945047,42.061601]}},{"type":"Feature","properties":{"Unique ID":723,"installationName":"ES501890000007-CERDOS-NONASPE","Type of Animal":"Pigs"},"geometry":{"type":"Point","coordinates":[0.229705,41.216706]}},{"type":"Feature","properties":{"Unique ID":724,"installationName":"ES500740000059-CERDOS-CASPE","Type of Animal":"Pigs"},"geometry":{"type":"Point","coordinates":[-0.08536,41.209764]}},{"type":"Feature","properties":{"Unique ID":725,"installationName":"ES502680000001-CERDOS-UNDUÉS DE LERDA","Type of Animal":"Pigs"},"geometry":{"type":"Point","coordinates":[-1.179722,42.549242]}},{"type":"Feature","properties":{"Unique ID":726,"installationName":"SC HERAS IGEA ALBERTO Y ALFONSO","Type of Animal":"Pigs"},"geometry":{"type":"Point","coordinates":[-1.632854,42.394527]}},{"type":"Feature","properties":{"Unique ID":727,"installationName":"AGRICOLA I RAMADERA SOFTI","Type of Animal":"Pigs"},"geometry":{"type":"Point","coordinates":[0.381178,40.739734]}},{"type":"Feature","properties":{"Unique ID":728,"installationName":"LES BAUMES","Type of Animal":"Pigs"},"geometry":{"type":"Point","coordinates":[2.404175,41.99635]}},{"type":"Feature","properties":{"Unique ID":729,"installationName":"GRANJA LA SALSA","Type of Animal":"Pigs"},"geometry":{"type":"Point","coordinates":[1.339709,42.034048]}},{"type":"Feature","properties":{"Unique ID":730,"installationName":"GRANJA SANT PERE","Type of Animal":"Pigs"},"geometry":{"type":"Point","coordinates":[2.122656,42.052521]}},{"type":"Feature","properties":{"Unique ID":731,"installationName":"GRANJA EL SERRAT","Type of Animal":"Pigs"},"geometry":{"type":"Point","coordinates":[2.237236,41.868884]}},{"type":"Feature","properties":{"Unique ID":732,"installationName":"EXPLOTACIONES URME","Type of Animal":"Pigs"},"geometry":{"type":"Point","coordinates":[0.412975,40.616596]}},{"type":"Feature","properties":{"Unique ID":733,"installationName":"GRANJA PUNTI","Type of Animal":"Pigs"},"geometry":{"type":"Point","coordinates":[2.270671,41.895671]}},{"type":"Feature","properties":{"Unique ID":734,"installationName":"GRANJA PADULLÉS","Type of Animal":"Pigs"},"geometry":{"type":"Point","coordinates":[1.405731,41.803233]}},{"type":"Feature","properties":{"Unique ID":735,"installationName":"Granja Clot del Vilar","Type of Animal":"Pigs"},"geometry":{"type":"Point","coordinates":[2.048695,42.007148]}},{"type":"Feature","properties":{"Unique ID":736,"installationName":"GRANJA CABANAS","Type of Animal":"Pigs"},"geometry":{"type":"Point","coordinates":[2.066379,41.975702]}},{"type":"Feature","properties":{"Unique ID":737,"installationName":"EL SERRÀ","Type of Animal":"Pigs"},"geometry":{"type":"Point","coordinates":[2.238229,41.886679]}},{"type":"Feature","properties":{"Unique ID":738,"installationName":"EL RAURELL","Type of Animal":"Pigs"},"geometry":{"type":"Point","coordinates":[2.289027,41.939179]}},{"type":"Feature","properties":{"Unique ID":739,"installationName":"GRANJA L´ANIJOL","Type of Animal":"Pigs"},"geometry":{"type":"Point","coordinates":[2.275323,42.073288]}},{"type":"Feature","properties":{"Unique ID":740,"installationName":"GRANJA LLORDELLA SALA","Type of Animal":"Pigs"},"geometry":{"type":"Point","coordinates":[1.626611,41.888693]}},{"type":"Feature","properties":{"Unique ID":741,"installationName":"ES222540000148-CERDOS-ZAIDÍN","Type of Animal":"Pigs"},"geometry":{"type":"Point","coordinates":[0.320767,41.652242]}},{"type":"Feature","properties":{"Unique ID":742,"installationName":"MAS CASARAMONA","Type of Animal":"Pigs"},"geometry":{"type":"Point","coordinates":[2.173089,42.10063]}},{"type":"Feature","properties":{"Unique ID":743,"installationName":"GRANJA CALABUIG (PORCS)","Type of Animal":"Pigs"},"geometry":{"type":"Point","coordinates":[1.726838,41.949092]}},{"type":"Feature","properties":{"Unique ID":744,"installationName":"GRANJA BANUS II","Type of Animal":"Pigs"},"geometry":{"type":"Point","coordinates":[2.151521,41.629891]}},{"type":"Feature","properties":{"Unique ID":745,"installationName":"GRANJA BANUS I","Type of Animal":"Pigs"},"geometry":{"type":"Point","coordinates":[2.157447,41.619599]}},{"type":"Feature","properties":{"Unique ID":746,"installationName":"GRANJA BLASCO","Type of Animal":"Pigs"},"geometry":{"type":"Point","coordinates":[2.981843,42.156701]}},{"type":"Feature","properties":{"Unique ID":747,"installationName":"GRANJA PASQUALET","Type of Animal":"Pigs"},"geometry":{"type":"Point","coordinates":[0.496849,40.764298]}},{"type":"Feature","properties":{"Unique ID":748,"installationName":"GRANJA NOVIPORC","Type of Animal":"Pigs"},"geometry":{"type":"Point","coordinates":[0.506661,40.755026]}},{"type":"Feature","properties":{"Unique ID":749,"installationName":"GRANJA ROVIRA","Type of Animal":"Pigs"},"geometry":{"type":"Point","coordinates":[1.9639,41.859701]}},{"type":"Feature","properties":{"Unique ID":750,"installationName":"MAS EL CAMPS","Type of Animal":"Pigs"},"geometry":{"type":"Point","coordinates":[2.187295,42.122862]}},{"type":"Feature","properties":{"Unique ID":751,"installationName":"MAS PINELL","Type of Animal":"Pigs"},"geometry":{"type":"Point","coordinates":[0.810785,41.535144]}},{"type":"Feature","properties":{"Unique ID":752,"installationName":"AVICOLA SANTASUSANA","Type of Animal":"Poultry"},"geometry":{"type":"Point","coordinates":[1.869279,41.864612]}},{"type":"Feature","properties":{"Unique ID":753,"installationName":"GRANJA SOLER (les Masies de Voltregà)","Type of Animal":"Pigs"},"geometry":{"type":"Point","coordinates":[2.210715,42.036048]}},{"type":"Feature","properties":{"Unique ID":754,"installationName":"GRANJA PUIGDORCA","Type of Animal":"Pigs"},"geometry":{"type":"Point","coordinates":[1.892839,41.864346]}},{"type":"Feature","properties":{"Unique ID":755,"installationName":"GRANJA CAL TILLOT","Type of Animal":"Pigs"},"geometry":{"type":"Point","coordinates":[1.726433,42.016772]}},{"type":"Feature","properties":{"Unique ID":756,"installationName":"GRANJA MIRALCAMP","Type of Animal":"Pigs"},"geometry":{"type":"Point","coordinates":[0.900065,41.581933]}},{"type":"Feature","properties":{"Unique ID":757,"installationName":"HOSTAL DEL VENT","Type of Animal":"Pigs"},"geometry":{"type":"Point","coordinates":[1.501012,41.816601]}},{"type":"Feature","properties":{"Unique ID":758,"installationName":"FUENTES ECHEVERRÍA, ROSA INÉS","Type of Animal":"Pigs"},"geometry":{"type":"Point","coordinates":[-1.65052,42.34134]}},{"type":"Feature","properties":{"Unique ID":759,"installationName":"OLARTE Y YERRO, C. B.","Type of Animal":"Pigs"},"geometry":{"type":"Point","coordinates":[-1.997312,42.065511]}},{"type":"Feature","properties":{"Unique ID":760,"installationName":"JOSE MANUEL BRETÓN HERCE","Type of Animal":"Pigs"},"geometry":{"type":"Point","coordinates":[-2.03216,42.324008]}},{"type":"Feature","properties":{"Unique ID":761,"installationName":"ES502520000158-CERDOS-TAUSTE","Type of Animal":"Pigs"},"geometry":{"type":"Point","coordinates":[-1.270941,41.985192]}},{"type":"Feature","properties":{"Unique ID":762,"installationName":"ES502520000045-CERDOS-TAUSTE","Type of Animal":"Pigs"},"geometry":{"type":"Point","coordinates":[-1.223785,41.985372]}},{"type":"Feature","properties":{"Unique ID":763,"installationName":"ES500950000278-CERDOS-EJEA DE LOS CABALLEROS","Type of Animal":"Pigs"},"geometry":{"type":"Point","coordinates":[-1.226462,42.050626]}},{"type":"Feature","properties":{"Unique ID":764,"installationName":"ES501150000048-CERDOS-FUENTES DE EBRO","Type of Animal":"Pigs"},"geometry":{"type":"Point","coordinates":[-0.607604,41.530469]}},{"type":"Feature","properties":{"Unique ID":765,"installationName":"ES501890000018-CERDOS-NONASPE","Type of Animal":"Pigs"},"geometry":{"type":"Point","coordinates":[0.134083,41.113579]}},{"type":"Feature","properties":{"Unique ID":766,"installationName":"ES221100000167-CERDOS-FONZ","Type of Animal":"Pigs"},"geometry":{"type":"Point","coordinates":[0.192271,41.97923]}},{"type":"Feature","properties":{"Unique ID":767,"installationName":"ES220520000191-CERDOS-BELVER DE CINCA","Type of Animal":"Pigs"},"geometry":{"type":"Point","coordinates":[0.178766,41.692045]}},{"type":"Feature","properties":{"Unique ID":768,"installationName":"ES221350000032-CERDOS-LALUENGA","Type of Animal":"Pigs"},"geometry":{"type":"Point","coordinates":[-0.047531,42.005464]}},{"type":"Feature","properties":{"Unique ID":769,"installationName":"ES220250000162-CERDOS-ALTORRICÓN","Type of Animal":"Pigs"},"geometry":{"type":"Point","coordinates":[0.415009,41.802308]}},{"type":"Feature","properties":{"Unique ID":770,"installationName":"ES221970000029-CERDOS-ROBRES","Type of Animal":"Pigs"},"geometry":{"type":"Point","coordinates":[-0.437391,41.879655]}},{"type":"Feature","properties":{"Unique ID":771,"installationName":"ES221410000009-CERDOS-LASCELLAS-PONZANO","Type of Animal":"Pigs"},"geometry":{"type":"Point","coordinates":[-0.07632,42.067014]}},{"type":"Feature","properties":{"Unique ID":772,"installationName":"ES500950000290-CERDOS-EJEA DE LOS CABALLEROS","Type of Animal":"Pigs"},"geometry":{"type":"Point","coordinates":[-1.150203,42.351045]}},{"type":"Feature","properties":{"Unique ID":773,"installationName":"ES442320000085-CERDOS-TORRIJO DEL CAMPO","Type of Animal":"Pigs"},"geometry":{"type":"Point","coordinates":[-1.317678,40.808705]}},{"type":"Feature","properties":{"Unique ID":774,"installationName":"ES441120000128-CERDOS-FUENTES CLARAS","Type of Animal":"Pigs"},"geometry":{"type":"Point","coordinates":[-1.31809,40.86663]}},{"type":"Feature","properties":{"Unique ID":775,"installationName":"VICENTE BAIXAMÁ FORES","Type of Animal":"Pigs"},"geometry":{"type":"Point","coordinates":[0.112697,40.350148]}},{"type":"Feature","properties":{"Unique ID":776,"installationName":"Mª JESUS OLTRA MARTINEZ","Type of Animal":"Pigs"},"geometry":{"type":"Point","coordinates":[-1.053076,39.77558]}},{"type":"Feature","properties":{"Unique ID":777,"installationName":"CEBADERO PORCINO HONDALES","Type of Animal":"Pigs"},"geometry":{"type":"Point","coordinates":[-1.49,37.75]}},{"type":"Feature","properties":{"Unique ID":778,"installationName":"GRANJA LAS BEATAS","Type of Animal":"Pigs"},"geometry":{"type":"Point","coordinates":[-5.814238,37.376629]}},{"type":"Feature","properties":{"Unique ID":779,"installationName":"PLA DEL VILARO","Type of Animal":"Pigs"},"geometry":{"type":"Point","coordinates":[2.157582,41.997483]}},{"type":"Feature","properties":{"Unique ID":780,"installationName":"ES220770000018-CERDOS-CANDASNOS","Type of Animal":"Pigs"},"geometry":{"type":"Point","coordinates":[0.063583,41.501887]}},{"type":"Feature","properties":{"Unique ID":781,"installationName":"GRANJA AMARGANT","Type of Animal":"Pigs"},"geometry":{"type":"Point","coordinates":[2.398104,41.665944]}},{"type":"Feature","properties":{"Unique ID":782,"installationName":"Finca MAS TARRES","Type of Animal":"Pigs"},"geometry":{"type":"Point","coordinates":[2.818947,42.146044]}},{"type":"Feature","properties":{"Unique ID":783,"installationName":"EL CROUS","Type of Animal":"Pigs"},"geometry":{"type":"Point","coordinates":[2.667159,42.150591]}},{"type":"Feature","properties":{"Unique ID":784,"installationName":"GRANJA MOLAS","Type of Animal":"Pigs"},"geometry":{"type":"Point","coordinates":[2.939163,42.424047]}},{"type":"Feature","properties":{"Unique ID":785,"installationName":"L´ARTIGA","Type of Animal":"Pigs"},"geometry":{"type":"Point","coordinates":[3.013764,42.108247]}},{"type":"Feature","properties":{"Unique ID":786,"installationName":"GRANJA CAN TRIAS","Type of Animal":"Pigs"},"geometry":{"type":"Point","coordinates":[3.149101,41.954703]}},{"type":"Feature","properties":{"Unique ID":787,"installationName":"Granja Trias","Type of Animal":"Pigs"},"geometry":{"type":"Point","coordinates":[3.138452,41.968091]}},{"type":"Feature","properties":{"Unique ID":788,"installationName":"GRANJA DEL TORRICO","Type of Animal":"Pigs"},"geometry":{"type":"Point","coordinates":[0.707509,41.785714]}},{"type":"Feature","properties":{"Unique ID":789,"installationName":"GRANJA SOLE (Bellcaire d´Urgell)","Type of Animal":"Pigs"},"geometry":{"type":"Point","coordinates":[0.912544,41.745546]}},{"type":"Feature","properties":{"Unique ID":790,"installationName":"Granja Preixana","Type of Animal":"Pigs"},"geometry":{"type":"Point","coordinates":[1.030877,41.615479]}},{"type":"Feature","properties":{"Unique ID":791,"installationName":"GRANJA ELS PLANELLS (Foradada)","Type of Animal":"Pigs"},"geometry":{"type":"Point","coordinates":[1.041063,41.887851]}},{"type":"Feature","properties":{"Unique ID":792,"installationName":"GUARDIA ROJA","Type of Animal":"Pigs"},"geometry":{"type":"Point","coordinates":[1.059212,41.874605]}},{"type":"Feature","properties":{"Unique ID":793,"installationName":"GRANJA SAURA","Type of Animal":"Pigs"},"geometry":{"type":"Point","coordinates":[1.100022,41.923525]}},{"type":"Feature","properties":{"Unique ID":794,"installationName":"GRANJA GUILLAUMET","Type of Animal":"Pigs"},"geometry":{"type":"Point","coordinates":[0.882507,41.813977]}},{"type":"Feature","properties":{"Unique ID":795,"installationName":"GRANJA JOSCA","Type of Animal":"Pigs"},"geometry":{"type":"Point","coordinates":[1.015953,41.733199]}},{"type":"Feature","properties":{"Unique ID":796,"installationName":"GRANJA CABESTANY","Type of Animal":"Pigs"},"geometry":{"type":"Point","coordinates":[1.113003,41.566154]}},{"type":"Feature","properties":{"Unique ID":797,"installationName":"MAS LLARGUES","Type of Animal":"Pigs"},"geometry":{"type":"Point","coordinates":[1.166975,41.976661]}},{"type":"Feature","properties":{"Unique ID":798,"installationName":"Roger Olivart Talarn","Type of Animal":"Pigs"},"geometry":{"type":"Point","coordinates":[0.823001,41.537965]}},{"type":"Feature","properties":{"Unique ID":799,"installationName":"GRANJA MATGES DOLCET (0230EC)","Type of Animal":"Pigs"},"geometry":{"type":"Point","coordinates":[0.474136,41.624336]}},{"type":"Feature","properties":{"Unique ID":800,"installationName":"GRANJA GRAVES","Type of Animal":"Pigs"},"geometry":{"type":"Point","coordinates":[0.832165,41.853813]}},{"type":"Feature","properties":{"Unique ID":801,"installationName":"GRANJA LES SEGUES","Type of Animal":"Pigs"},"geometry":{"type":"Point","coordinates":[1.092064,41.96515]}},{"type":"Feature","properties":{"Unique ID":802,"installationName":"GRANJA ELOI","Type of Animal":"Pigs"},"geometry":{"type":"Point","coordinates":[0.784877,41.575303]}},{"type":"Feature","properties":{"Unique ID":803,"installationName":"GRANJA SANCHEZ","Type of Animal":"Pigs"},"geometry":{"type":"Point","coordinates":[1.023379,41.550502]}},{"type":"Feature","properties":{"Unique ID":804,"installationName":"GRANJA VIDAL BARADAT (PORCS)","Type of Animal":"Pigs"},"geometry":{"type":"Point","coordinates":[0.438805,41.721459]}},{"type":"Feature","properties":{"Unique ID":805,"installationName":"GRANJA ROS","Type of Animal":"Pigs"},"geometry":{"type":"Point","coordinates":[1.120391,41.61296]}},{"type":"Feature","properties":{"Unique ID":806,"installationName":"Granja Valls","Type of Animal":"Pigs"},"geometry":{"type":"Point","coordinates":[1.095052,41.801765]}},{"type":"Feature","properties":{"Unique ID":807,"installationName":"GRANJA MAS COLELL","Type of Animal":"Pigs"},"geometry":{"type":"Point","coordinates":[0.894643,41.708015]}},{"type":"Feature","properties":{"Unique ID":808,"installationName":"GRANJA BONCOMPTE","Type of Animal":"Pigs"},"geometry":{"type":"Point","coordinates":[1.112519,41.79626]}},{"type":"Feature","properties":{"Unique ID":809,"installationName":"Granja Cuadros","Type of Animal":"Pigs"},"geometry":{"type":"Point","coordinates":[1.342408,41.807155]}},{"type":"Feature","properties":{"Unique ID":810,"installationName":"GRANJA MAIALS","Type of Animal":"Pigs"},"geometry":{"type":"Point","coordinates":[0.478355,41.379631]}},{"type":"Feature","properties":{"Unique ID":811,"installationName":"FINCA LOS MOLINOS","Type of Animal":"Pigs"},"geometry":{"type":"Point","coordinates":[-6.76857,38.32378]}},{"type":"Feature","properties":{"Unique ID":812,"installationName":"FINCA LOS LEALES","Type of Animal":"Pigs"},"geometry":{"type":"Point","coordinates":[-6.76805,38.17151]}},{"type":"Feature","properties":{"Unique ID":813,"installationName":"GARRIZ CHIVITE, DANIEL","Type of Animal":"Pigs"},"geometry":{"type":"Point","coordinates":[-1.561944,42.308056]}},{"type":"Feature","properties":{"Unique ID":814,"installationName":"GRANJA PADRINO VILELA S.A.","Type of Animal":"Poultry"},"geometry":{"type":"Point","coordinates":[-3.67861,40.19299]}},{"type":"Feature","properties":{"Unique ID":815,"installationName":"PARIS AVICOLA,SAT","Type of Animal":"Poultry"},"geometry":{"type":"Point","coordinates":[-3.27449,40.16993]}},{"type":"Feature","properties":{"Unique ID":816,"installationName":"VILLASIRGO S.L., DEHESA VILLASIRGO","Type of Animal":"Pigs"},"geometry":{"type":"Point","coordinates":[-6.340785,39.855169]}},{"type":"Feature","properties":{"Unique ID":817,"installationName":"EXPLOTACIÓN PORCINA LA ALAMEDA","Type of Animal":"Pigs"},"geometry":{"type":"Point","coordinates":[-6.469188,38.379715]}},{"type":"Feature","properties":{"Unique ID":818,"installationName":"GRANJA LA LUNADA","Type of Animal":"Poultry"},"geometry":{"type":"Point","coordinates":[-5.737668,37.413769]}},{"type":"Feature","properties":{"Unique ID":819,"installationName":"FINCA EL CARMEN","Type of Animal":"Pigs"},"geometry":{"type":"Point","coordinates":[-4.705823,37.228525]}},{"type":"Feature","properties":{"Unique ID":820,"installationName":"GRANJA LOS JAZMINES","Type of Animal":"Poultry"},"geometry":{"type":"Point","coordinates":[-5.713071,37.420581]}},{"type":"Feature","properties":{"Unique ID":821,"installationName":"GRANJA SANTAELLA, S.L.","Type of Animal":"Pigs"},"geometry":{"type":"Point","coordinates":[-5.714759,37.495064]}},{"type":"Feature","properties":{"Unique ID":822,"installationName":"GRANJA TORREPARDA, S.L.","Type of Animal":"Pigs"},"geometry":{"type":"Point","coordinates":[-5.689533,37.441286]}},{"type":"Feature","properties":{"Unique ID":823,"installationName":"LA CUESTA","Type of Animal":"Pigs"},"geometry":{"type":"Point","coordinates":[-4.909808,37.064595]}},{"type":"Feature","properties":{"Unique ID":824,"installationName":"S.A.L. MOCAHER","Type of Animal":"Pigs"},"geometry":{"type":"Point","coordinates":[-1.373899,39.574044]}},{"type":"Feature","properties":{"Unique ID":825,"installationName":"AVÍCOLA BENISANO","Type of Animal":"Poultry"},"geometry":{"type":"Point","coordinates":[-0.574719,39.61379]}},{"type":"Feature","properties":{"Unique ID":826,"installationName":"DANIEL GIL GÓMEZ","Type of Animal":"Pigs"},"geometry":{"type":"Point","coordinates":[-1.224911,39.597224]}},{"type":"Feature","properties":{"Unique ID":827,"installationName":"GRUPO AVÍCOLA LA CRESTA","Type of Animal":"Poultry"},"geometry":{"type":"Point","coordinates":[-1.251982,39.705692]}},{"type":"Feature","properties":{"Unique ID":828,"installationName":"MASIA PUJOL","Type of Animal":"Pigs"},"geometry":{"type":"Point","coordinates":[1.034931,41.891672]}},{"type":"Feature","properties":{"Unique ID":829,"installationName":"GRANJA SOLA","Type of Animal":"Pigs"},"geometry":{"type":"Point","coordinates":[1.028145,42.120167]}},{"type":"Feature","properties":{"Unique ID":830,"installationName":"Avícola Tolosa, S.L.","Type of Animal":"Poultry"},"geometry":{"type":"Point","coordinates":[-2.243886,42.870186]}},{"type":"Feature","properties":{"Unique ID":831,"installationName":"Avícola Arbaraitz, S.L.","Type of Animal":"Poultry"},"geometry":{"type":"Point","coordinates":[-2.249579,42.872005]}},{"type":"Feature","properties":{"Unique ID":832,"installationName":"AVICOLA GORROTXATEGI S.A.","Type of Animal":"Poultry"},"geometry":{"type":"Point","coordinates":[-2.22143,43.014635]}},{"type":"Feature","properties":{"Unique ID":833,"installationName":"AVICOLA SAN BLAS, S.L.","Type of Animal":"Poultry"},"geometry":{"type":"Point","coordinates":[-2.243009,43.023081]}},{"type":"Feature","properties":{"Unique ID":834,"installationName":"AGOTZAINA ISCAR","Type of Animal":"Poultry"},"geometry":{"type":"Point","coordinates":[-4.91278,41.15377]}},{"type":"Feature","properties":{"Unique ID":835,"installationName":"AGOTZAINA NAVEROS","Type of Animal":"Poultry"},"geometry":{"type":"Point","coordinates":[-4.26575,42.473414]}},{"type":"Feature","properties":{"Unique ID":836,"installationName":"AGOTZAINA - Tordomar","Type of Animal":"Poultry"},"geometry":{"type":"Point","coordinates":[-3.869456,42.054286]}},{"type":"Feature","properties":{"Unique ID":837,"installationName":"GRANJA LOS ALECOS - MILAGROS","Type of Animal":"Pigs"},"geometry":{"type":"Point","coordinates":[-3.7,41.598889]}},{"type":"Feature","properties":{"Unique ID":838,"installationName":"INVERSIONES JOFER, S.L.- FINCA TURRA","Type of Animal":"Pigs"},"geometry":{"type":"Point","coordinates":[-5.754015,40.862439]}},{"type":"Feature","properties":{"Unique ID":839,"installationName":"ES220830000033-CERDOS-CASTEJÓN DE MONEGROS","Type of Animal":"Pigs"},"geometry":{"type":"Point","coordinates":[-0.182436,41.620618]}},{"type":"Feature","properties":{"Unique ID":840,"installationName":"ES220830000034-CERDOS-CASTEJÓN DE MONEGROS","Type of Animal":"Pigs"},"geometry":{"type":"Point","coordinates":[-0.176668,41.629032]}},{"type":"Feature","properties":{"Unique ID":841,"installationName":"ES221720000012-CERDOS-PEÑALBA","Type of Animal":"Pigs"},"geometry":{"type":"Point","coordinates":[-0.132385,41.52017]}},{"type":"Feature","properties":{"Unique ID":842,"installationName":"EXPLOTACION PORCINA TIPO CAMPING","Type of Animal":"Pigs"},"geometry":{"type":"Point","coordinates":[-1.860915,38.104189]}},{"type":"Feature","properties":{"Unique ID":843,"installationName":"ES502110000005-CERDOS-PLASENCIA DE JALÓN","Type of Animal":"Pigs"},"geometry":{"type":"Point","coordinates":[-1.284265,41.704474]}},{"type":"Feature","properties":{"Unique ID":844,"installationName":"EXPOR MONCAYO C.B.","Type of Animal":"Pigs"},"geometry":{"type":"Point","coordinates":[-1.858047,41.847]}},{"type":"Feature","properties":{"Unique ID":845,"installationName":"AGROPOR S.L.","Type of Animal":"Pigs"},"geometry":{"type":"Point","coordinates":[-1.281266,38.01009]}},{"type":"Feature","properties":{"Unique ID":846,"installationName":"CASTILLO DE LARACHE","Type of Animal":"Pigs"},"geometry":{"type":"Point","coordinates":[-1.121206,38.051887]}},{"type":"Feature","properties":{"Unique ID":847,"installationName":"LOBEJÓN BARRIOS, MANUEL","Type of Animal":"Pigs"},"geometry":{"type":"Point","coordinates":[-4.534517,41.347272]}},{"type":"Feature","properties":{"Unique ID":848,"installationName":"EXPLOTACIONES AVICOLAS GARCIA PUENTE S.A.","Type of Animal":"Poultry"},"geometry":{"type":"Point","coordinates":[-4.676144,41.2996]}},{"type":"Feature","properties":{"Unique ID":849,"installationName":"MARCOPOLO COMERCIO - ALDEAMAYOR DE SAN MARTÍN","Type of Animal":"Poultry"},"geometry":{"type":"Point","coordinates":[-4.614511,41.501533]}},{"type":"Feature","properties":{"Unique ID":850,"installationName":"GRANJA LA GUINDALERA","Type of Animal":"Pigs"},"geometry":{"type":"Point","coordinates":[-2.56,41.488333]}},{"type":"Feature","properties":{"Unique ID":851,"installationName":"GRANJAS DULCESOL","Type of Animal":"Poultry"},"geometry":{"type":"Point","coordinates":[-0.3054,38.91375]}},{"type":"Feature","properties":{"Unique ID":852,"installationName":"ES501650000003-CERDOS-MEQUNENZA","Type of Animal":"Pigs"},"geometry":{"type":"Point","coordinates":[0.301318,41.342689]}},{"type":"Feature","properties":{"Unique ID":853,"installationName":"LARRAZ-EL HOYO","Type of Animal":"Pigs"},"geometry":{"type":"Point","coordinates":[-3.485833,42.053611]}},{"type":"Feature","properties":{"Unique ID":854,"installationName":"UVE S.A. VILLAMARCIEL","Type of Animal":"Pigs"},"geometry":{"type":"Point","coordinates":[-4.887431,41.520908]}},{"type":"Feature","properties":{"Unique ID":855,"installationName":"JUAN ANTONIO NIETO MONTALVILLO","Type of Animal":"Pigs"},"geometry":{"type":"Point","coordinates":[-4.346667,41.418056]}},{"type":"Feature","properties":{"Unique ID":856,"installationName":"EGVESA","Type of Animal":"Pigs"},"geometry":{"type":"Point","coordinates":[-4.602956,41.661019]}},{"type":"Feature","properties":{"Unique ID":857,"installationName":"Las cumbres de Valdeosma","Type of Animal":"Pigs"},"geometry":{"type":"Point","coordinates":[-3.108333,41.6325]}},{"type":"Feature","properties":{"Unique ID":858,"installationName":"CARDONA Y VELASCO AVÍCOLA S.L.","Type of Animal":"Poultry"},"geometry":{"type":"Point","coordinates":[-4.595256,41.330108]}},{"type":"Feature","properties":{"Unique ID":859,"installationName":"AGROPECUARIA LA SERROTA - SANTA MARÍA DEL ARROYO","Type of Animal":"Pigs"},"geometry":{"type":"Point","coordinates":[-4.933981,40.590119]}},{"type":"Feature","properties":{"Unique ID":860,"installationName":"ES502520000106-CERDOS-TAUSTE","Type of Animal":"Pigs"},"geometry":{"type":"Point","coordinates":[-1.365273,41.957484]}},{"type":"Feature","properties":{"Unique ID":861,"installationName":"JOSÉ MARÍA HERNÁNDEZ PÉREZ","Type of Animal":"Pigs"},"geometry":{"type":"Point","coordinates":[-4.643194,41.150131]}},{"type":"Feature","properties":{"Unique ID":862,"installationName":"ES502520000130-CERDOS-TAUSTE","Type of Animal":"Pigs"},"geometry":{"type":"Point","coordinates":[-1.2132,41.854798]}},{"type":"Feature","properties":{"Unique ID":863,"installationName":"ES502520000148-CERDOS-TAUSTE","Type of Animal":"Pigs"},"geometry":{"type":"Point","coordinates":[-1.234096,41.898756]}},{"type":"Feature","properties":{"Unique ID":864,"installationName":"ES502520000127-CERDOS-TAUSTE","Type of Animal":"Pigs"},"geometry":{"type":"Point","coordinates":[-1.203071,41.863772]}},{"type":"Feature","properties":{"Unique ID":865,"installationName":"ES500680000023-CERDOS-CALATORAO","Type of Animal":"Pigs"},"geometry":{"type":"Point","coordinates":[-1.292358,41.523695]}},{"type":"Feature","properties":{"Unique ID":866,"installationName":"LA PLANTA","Type of Animal":"Pigs"},"geometry":{"type":"Point","coordinates":[-4.362244,41.463278]}},{"type":"Feature","properties":{"Unique ID":867,"installationName":"ES502520000147-CERDOS-TAUSTE","Type of Animal":"Pigs"},"geometry":{"type":"Point","coordinates":[-1.195066,42.017454]}},{"type":"Feature","properties":{"Unique ID":868,"installationName":"ES502520000151-CERDOS-TAUSTE","Type of Animal":"Pigs"},"geometry":{"type":"Point","coordinates":[-1.113729,41.931489]}},{"type":"Feature","properties":{"Unique ID":869,"installationName":"GRANJA SANTA ANA - GENSANA S.XXI (ANTES PIC ESPAÑA)","Type of Animal":"Pigs"},"geometry":{"type":"Point","coordinates":[-2.416111,41.747222]}},{"type":"Feature","properties":{"Unique ID":870,"installationName":"PORCINA AGUADO SANTOS ,S.L.","Type of Animal":"Pigs"},"geometry":{"type":"Point","coordinates":[-4.046,41.6412]}},{"type":"Feature","properties":{"Unique ID":871,"installationName":"ES502170000002-CERDOS-PRADILLA DE EBRO","Type of Animal":"Pigs"},"geometry":{"type":"Point","coordinates":[-1.262666,41.871606]}},{"type":"Feature","properties":{"Unique ID":872,"installationName":"ES442510000001-CERDOS-VILLAFRANCA DEL CAMPO","Type of Animal":"Pigs"},"geometry":{"type":"Point","coordinates":[-1.353516,40.713711]}},{"type":"Feature","properties":{"Unique ID":873,"installationName":"ES500240000005-CERDOS-ALMONACID DE LA SIERRA","Type of Animal":"Pigs"},"geometry":{"type":"Point","coordinates":[-1.321384,41.426317]}},{"type":"Feature","properties":{"Unique ID":874,"installationName":"GRANJAS MARINOS S.L.","Type of Animal":"Pigs"},"geometry":{"type":"Point","coordinates":[-4.503006,41.294567]}},{"type":"Feature","properties":{"Unique ID":875,"installationName":"ES220160000005-CERDOS-ALCAMPELL","Type of Animal":"Pigs"},"geometry":{"type":"Point","coordinates":[-5.536004,41.770761]}},{"type":"Feature","properties":{"Unique ID":876,"installationName":"RUMAHER - AGREDA","Type of Animal":"Pigs"},"geometry":{"type":"Point","coordinates":[-1.983889,41.854003]}},{"type":"Feature","properties":{"Unique ID":877,"installationName":"GRANJA PINILLA S.L (OLMEDO)","Type of Animal":"Poultry"},"geometry":{"type":"Point","coordinates":[-4.736533,41.291547]}},{"type":"Feature","properties":{"Unique ID":878,"installationName":"SAT Nº 1374 GRANJA SAN ANTÓN - GRANJA \"LOS LLANOS\"  ANTES COPISO","Type of Animal":"Pigs"},"geometry":{"type":"Point","coordinates":[-2.227478,42.013081]}},{"type":"Feature","properties":{"Unique ID":879,"installationName":"EXPLOTACIONES RUBIO LASHERAS SL- VALDEANTONCILLOS","Type of Animal":"Pigs"},"geometry":{"type":"Point","coordinates":[-1.940111,41.872128]}},{"type":"Feature","properties":{"Unique ID":880,"installationName":"JESÚS RUBIO LASHERAS -MADRES","Type of Animal":"Pigs"},"geometry":{"type":"Point","coordinates":[-1.935278,41.876111]}},{"type":"Feature","properties":{"Unique ID":881,"installationName":"ES220160000023-CERDOS-ALCAMPELL","Type of Animal":"Pigs"},"geometry":{"type":"Point","coordinates":[0.465973,41.9302]}},{"type":"Feature","properties":{"Unique ID":882,"installationName":"SAJOCAS, S.L.","Type of Animal":"Pigs"},"geometry":{"type":"Point","coordinates":[-5.587667,42.328242]}},{"type":"Feature","properties":{"Unique ID":883,"installationName":"ES502880000016 - VILLANUEVA DE GÁLLEGO","Type of Animal":"Pigs"},"geometry":{"type":"Point","coordinates":[-0.82261,41.77001]}},{"type":"Feature","properties":{"Unique ID":884,"installationName":"AVICOLA JIMÉNEZ S.L.","Type of Animal":"Poultry"},"geometry":{"type":"Point","coordinates":[-4.662486,40.804914]}},{"type":"Feature","properties":{"Unique ID":885,"installationName":"GRANJA RUALMAR, S.L.","Type of Animal":"Poultry"},"geometry":{"type":"Point","coordinates":[-5.681111,42.798889]}},{"type":"Feature","properties":{"Unique ID":886,"installationName":"AVES SEGOVIA S.L.","Type of Animal":"Poultry"},"geometry":{"type":"Point","coordinates":[-4.912206,41.530728]}},{"type":"Feature","properties":{"Unique ID":887,"installationName":"ES501510000026-CERDOS-LUNA","Type of Animal":"Pigs"},"geometry":{"type":"Point","coordinates":[-0.897269,42.100532]}},{"type":"Feature","properties":{"Unique ID":888,"installationName":"ES501370000051-CERDOS-LECIÑENA","Type of Animal":"Pigs"},"geometry":{"type":"Point","coordinates":[-0.621184,41.826153]}},{"type":"Feature","properties":{"Unique ID":889,"installationName":"ES221740000060-CERDOS-PERALTA DE ALCOFEA","Type of Animal":"Pigs"},"geometry":{"type":"Point","coordinates":[-0.115585,41.920341]}},{"type":"Feature","properties":{"Unique ID":890,"installationName":"HERMANOS OBLANCA - GRANJA SAN FRANCISCO","Type of Animal":"Poultry"},"geometry":{"type":"Point","coordinates":[-5.026944,42.100556]}},{"type":"Feature","properties":{"Unique ID":891,"installationName":"AVES CASTILLA","Type of Animal":"Poultry"},"geometry":{"type":"Point","coordinates":[-5.645133,41.996369]}},{"type":"Feature","properties":{"Unique ID":892,"installationName":"JOSE LUIS SANTOS GARCIA S.A. MEDINA DEL CAMPO","Type of Animal":"Pigs"},"geometry":{"type":"Point","coordinates":[-4.873611,41.325]}},{"type":"Feature","properties":{"Unique ID":893,"installationName":"AGROPECUARIA BOTALHORNO - FINCA BOTALHORNO","Type of Animal":"Pigs"},"geometry":{"type":"Point","coordinates":[-4.676642,41.119931]}},{"type":"Feature","properties":{"Unique ID":894,"installationName":"Eduardo Perez Pérez","Type of Animal":"Pigs"},"geometry":{"type":"Point","coordinates":[-5.547364,42.05295]}},{"type":"Feature","properties":{"Unique ID":895,"installationName":"GRANJA EL ABANICO","Type of Animal":"Pigs"},"geometry":{"type":"Point","coordinates":[-4.157897,41.000117]}},{"type":"Feature","properties":{"Unique ID":896,"installationName":"S.A.T. 7549 EXPLOTACIÓN PORCINA GONZÁLEZ","Type of Animal":"Pigs"},"geometry":{"type":"Point","coordinates":[-3.625278,41.597083]}},{"type":"Feature","properties":{"Unique ID":897,"installationName":"SONLLEVA XXI S.L.-  TURÉGANO","Type of Animal":"Pigs"},"geometry":{"type":"Point","coordinates":[-4.015317,41.1446]}},{"type":"Feature","properties":{"Unique ID":898,"installationName":"SONLLEVA XXI - MONTEMAYOR DE PILILLA","Type of Animal":"Pigs"},"geometry":{"type":"Point","coordinates":[-4.409758,41.497303]}},{"type":"Feature","properties":{"Unique ID":899,"installationName":"COOPERATIVA NSTRA SRA DE LA ASUNCION","Type of Animal":"Poultry"},"geometry":{"type":"Point","coordinates":[-4.410381,42.421831]}},{"type":"Feature","properties":{"Unique ID":900,"installationName":"ES501600000025-CERDOS-MALLÉN","Type of Animal":"Pigs"},"geometry":{"type":"Point","coordinates":[-1.444104,41.891816]}},{"type":"Feature","properties":{"Unique ID":901,"installationName":"ES502300000029-CERDOS-SÁDABA","Type of Animal":"Pigs"},"geometry":{"type":"Point","coordinates":[-1.317148,42.267797]}},{"type":"Feature","properties":{"Unique ID":902,"installationName":"ES220230000029-CERDOS-ALMUNIENTE","Type of Animal":"Pigs"},"geometry":{"type":"Point","coordinates":[-0.396643,41.940877]}},{"type":"Feature","properties":{"Unique ID":903,"installationName":"AGROFRESNOS S.L.","Type of Animal":"Pigs"},"geometry":{"type":"Point","coordinates":[-4.601708,40.901292]}},{"type":"Feature","properties":{"Unique ID":904,"installationName":"ES440530000002-CAMAÑAS","Type of Animal":"Pigs"},"geometry":{"type":"Point","coordinates":[-1.14228,40.62311]}},{"type":"Feature","properties":{"Unique ID":905,"installationName":"A ENTREPINOS - Hornillos de Eresma","Type of Animal":"Pigs"},"geometry":{"type":"Point","coordinates":[-4.735167,41.385022]}},{"type":"Feature","properties":{"Unique ID":906,"installationName":"NAVILLA DE SAN BENITO S.L.","Type of Animal":"Pigs"},"geometry":{"type":"Point","coordinates":[-4.729853,41.338036]}},{"type":"Feature","properties":{"Unique ID":907,"installationName":"A ENTREPINOS - Matapozuelos","Type of Animal":"Pigs"},"geometry":{"type":"Point","coordinates":[-4.778897,41.420247]}},{"type":"Feature","properties":{"Unique ID":908,"installationName":"ES222250000201-CERDOS-TAMARITE DE LITERA","Type of Animal":"Pigs"},"geometry":{"type":"Point","coordinates":[0.405043,41.824996]}},{"type":"Feature","properties":{"Unique ID":909,"installationName":"PORCINO EL CERRO S.L.","Type of Animal":"Pigs"},"geometry":{"type":"Point","coordinates":[-4.543817,41.313908]}},{"type":"Feature","properties":{"Unique ID":910,"installationName":"EL RECORVO S.L.","Type of Animal":"Pigs"},"geometry":{"type":"Point","coordinates":[-3.889583,41.491675]}},{"type":"Feature","properties":{"Unique ID":911,"installationName":"GANADOS FOMPEDRAZA - TORRE DE PEÑAFIEL","Type of Animal":"Pigs"},"geometry":{"type":"Point","coordinates":[-4.184592,41.533492]}},{"type":"Feature","properties":{"Unique ID":912,"installationName":"GANADEROS ESCOLÁSTICOS EL CAMPÌLLO-FOMPEDRAZA","Type of Animal":"Pigs"},"geometry":{"type":"Point","coordinates":[-4.166836,41.509928]}},{"type":"Feature","properties":{"Unique ID":913,"installationName":"HERRERO Y CECILIA S.L.","Type of Animal":"Pigs"},"geometry":{"type":"Point","coordinates":[-4.251278,41.110383]}},{"type":"Feature","properties":{"Unique ID":914,"installationName":"EL PILAR III  S.L. (MOZONCILLO)","Type of Animal":"Pigs"},"geometry":{"type":"Point","coordinates":[-4.219089,41.125919]}},{"type":"Feature","properties":{"Unique ID":915,"installationName":"CENTEPORC S. L.: 4220 BERNUY DE COCA","Type of Animal":"Pigs"},"geometry":{"type":"Point","coordinates":[-4.612222,41.155]}},{"type":"Feature","properties":{"Unique ID":916,"installationName":"PRODUCCIONES LA GRAMA-SEPÚLVEDA","Type of Animal":"Pigs"},"geometry":{"type":"Point","coordinates":[-3.673911,41.235733]}},{"type":"Feature","properties":{"Unique ID":917,"installationName":"AGAPITO TORREGO CUERDO S.L.- ALDEA REAL","Type of Animal":"Pigs"},"geometry":{"type":"Point","coordinates":[-4.16445,41.18897]}},{"type":"Feature","properties":{"Unique ID":918,"installationName":"GANADOS MUÑOZ IGLESIAS, S.L.","Type of Animal":"Pigs"},"geometry":{"type":"Point","coordinates":[-4.211944,41.461111]}},{"type":"Feature","properties":{"Unique ID":919,"installationName":"BERNUY DE SOTOPALACIOS","Type of Animal":"Pigs"},"geometry":{"type":"Point","coordinates":[-4.205364,40.908342]}},{"type":"Feature","properties":{"Unique ID":920,"installationName":"GRANJA VALDELOBOS","Type of Animal":"Pigs"},"geometry":{"type":"Point","coordinates":[-4.144097,41.033275]}},{"type":"Feature","properties":{"Unique ID":921,"installationName":"EL CIGÜEÑAL III","Type of Animal":"Pigs"},"geometry":{"type":"Point","coordinates":[-4.371958,41.284789]}},{"type":"Feature","properties":{"Unique ID":922,"installationName":"RODRISA CAPITAL, S.L.","Type of Animal":"Pigs"},"geometry":{"type":"Point","coordinates":[-4.246667,41.675]}},{"type":"Feature","properties":{"Unique ID":923,"installationName":"GANADEROS ESCOLÁSTICOS EL CAMPÌLLO - VILLALBA DE ADAJA","Type of Animal":"Pigs"},"geometry":{"type":"Point","coordinates":[-4.788078,41.371958]}},{"type":"Feature","properties":{"Unique ID":924,"installationName":"PROPORSEG - CABALLAR","Type of Animal":"Pigs"},"geometry":{"type":"Point","coordinates":[-3.9727,41.127675]}},{"type":"Feature","properties":{"Unique ID":925,"installationName":"SONEGÁN, S.L. CELADAS BLASCOSANCHO","Type of Animal":"Pigs"},"geometry":{"type":"Point","coordinates":[-4.6254,40.862625]}},{"type":"Feature","properties":{"Unique ID":926,"installationName":"GANADEROS ESCOLÁSTICOS EL CAMPILLO - ARROYO DE CUELLAR","Type of Animal":"Pigs"},"geometry":{"type":"Point","coordinates":[-4.338044,41.331231]}},{"type":"Feature","properties":{"Unique ID":927,"installationName":"SONLLEVA XXI (ANTES LA CARBONERA AGROPECUARIA S.L.)","Type of Animal":"Pigs"},"geometry":{"type":"Point","coordinates":[-4.260522,41.102206]}},{"type":"Feature","properties":{"Unique ID":928,"installationName":"SONEGÁN, S.L., - SEBÚLCOR","Type of Animal":"Pigs"},"geometry":{"type":"Point","coordinates":[-3.865586,41.279672]}},{"type":"Feature","properties":{"Unique ID":929,"installationName":"SONEGAN, S.L. - SANCHIDRIAN","Type of Animal":"Pigs"},"geometry":{"type":"Point","coordinates":[-4.594017,40.877467]}},{"type":"Feature","properties":{"Unique ID":930,"installationName":"GANADEROS ESCOLÁSTICOS EL CAMPILLO - SEBULCOR","Type of Animal":"Pigs"},"geometry":{"type":"Point","coordinates":[-3.898653,41.278153]}},{"type":"Feature","properties":{"Unique ID":931,"installationName":"GIL IGLESIAS JUAN MANUEL Y OTRAS","Type of Animal":"Pigs"},"geometry":{"type":"Point","coordinates":[-3.583611,41.585556]}},{"type":"Feature","properties":{"Unique ID":932,"installationName":"GRANJA CANALES, S.L.","Type of Animal":"Poultry"},"geometry":{"type":"Point","coordinates":[-3.85548,40.21531]}},{"type":"Feature","properties":{"Unique ID":933,"installationName":"EL CIGÜEÑAL  II","Type of Animal":"Pigs"},"geometry":{"type":"Point","coordinates":[-4.522225,41.147033]}},{"type":"Feature","properties":{"Unique ID":934,"installationName":"JOSE LUIS SANTOS GARCÍA  S.A. MADRES-CUELLAR","Type of Animal":"Pigs"},"geometry":{"type":"Point","coordinates":[-4.364619,41.288222]}},{"type":"Feature","properties":{"Unique ID":935,"installationName":"ES500740000125-CERDOS-CASPE","Type of Animal":"Pigs"},"geometry":{"type":"Point","coordinates":[0.034127,41.193122]}},{"type":"Feature","properties":{"Unique ID":936,"installationName":"LUÍS DOMINGO HERNÁNDEZ E HIJOS, S.L (ANTES EXPLOTACION PORCINA LA CHANETA S.A.)","Type of Animal":"Pigs"},"geometry":{"type":"Point","coordinates":[-5.535794,40.749947]}},{"type":"Feature","properties":{"Unique ID":937,"installationName":"SAN ANTONIO 1201 ","Type of Animal":"Pigs"},"geometry":{"type":"Point","coordinates":[-4.025739,41.072747]}},{"type":"Feature","properties":{"Unique ID":938,"installationName":"VALDALGUIS II","Type of Animal":"Pigs"},"geometry":{"type":"Point","coordinates":[-4.274039,41.249736]}},{"type":"Feature","properties":{"Unique ID":939,"installationName":"El Campillo","Type of Animal":"Pigs"},"geometry":{"type":"Point","coordinates":[-4.247778,40.861528]}},{"type":"Feature","properties":{"Unique ID":940,"installationName":"VALDALGUIS I","Type of Animal":"Pigs"},"geometry":{"type":"Point","coordinates":[-4.024111,41.181308]}},{"type":"Feature","properties":{"Unique ID":941,"installationName":"AGAPITO TORREGO CUERDO - EL OTERO","Type of Animal":"Pigs"},"geometry":{"type":"Point","coordinates":[-4.025839,41.163311]}},{"type":"Feature","properties":{"Unique ID":942,"installationName":"SCA EL SALVADOR III","Type of Animal":"Pigs"},"geometry":{"type":"Point","coordinates":[-4.172289,41.250544]}},{"type":"Feature","properties":{"Unique ID":943,"installationName":"ES441460000006-CERDOS-MATA DE LOS OLMOS (LA)","Type of Animal":"Pigs"},"geometry":{"type":"Point","coordinates":[-0.449721,40.838917]}},{"type":"Feature","properties":{"Unique ID":944,"installationName":"GRANJA INTORCISA","Type of Animal":"Pigs"},"geometry":{"type":"Point","coordinates":[-4.808022,42.774083]}},{"type":"Feature","properties":{"Unique ID":945,"installationName":"INTORCISA CEBO","Type of Animal":"Pigs"},"geometry":{"type":"Point","coordinates":[-4.83972,42.79228]}},{"type":"Feature","properties":{"Unique ID":946,"installationName":"GRANJA SAN PEDRO DE CANSOLES","Type of Animal":"Pigs"},"geometry":{"type":"Point","coordinates":[-4.915078,42.733589]}},{"type":"Feature","properties":{"Unique ID":947,"installationName":"SAN PEDRO DE CANSOLES CEBO","Type of Animal":"Pigs"},"geometry":{"type":"Point","coordinates":[-4.915078,42.733589]}},{"type":"Feature","properties":{"Unique ID":948,"installationName":"GRANJA VILLANUEVA","Type of Animal":"Pigs"},"geometry":{"type":"Point","coordinates":[-4.787833,42.756908]}},{"type":"Feature","properties":{"Unique ID":949,"installationName":"VILLANUEVA CEBO","Type of Animal":"Pigs"},"geometry":{"type":"Point","coordinates":[-4.784483,42.770325]}},{"type":"Feature","properties":{"Unique ID":950,"installationName":"Agropecuaria Entrepinos - Villagonzalo de Coca","Type of Animal":"Pigs"},"geometry":{"type":"Point","coordinates":[-4.573369,41.183794]}},{"type":"Feature","properties":{"Unique ID":951,"installationName":"GRANJA GANADOS CINTORA S.L.","Type of Animal":"Pigs"},"geometry":{"type":"Point","coordinates":[-1.853083,41.900164]}},{"type":"Feature","properties":{"Unique ID":952,"installationName":"HERMANOS MOLINERO JIMENEZ,CB","Type of Animal":"Pigs"},"geometry":{"type":"Point","coordinates":[-2.480147,41.472189]}},{"type":"Feature","properties":{"Unique ID":953,"installationName":"LA MORA, C.B.","Type of Animal":"Pigs"},"geometry":{"type":"Point","coordinates":[-2.339486,41.668414]}},{"type":"Feature","properties":{"Unique ID":954,"installationName":"PERFECTO MATÉ PÉREZ","Type of Animal":"Pigs"},"geometry":{"type":"Point","coordinates":[-4.409895,41.727448]}},{"type":"Feature","properties":{"Unique ID":955,"installationName":"LAS  4 JJJJ, S.L. Paraje La Puente-Fuentestrun","Type of Animal":"Pigs"},"geometry":{"type":"Point","coordinates":[-2.079092,41.86675]}},{"type":"Feature","properties":{"Unique ID":956,"installationName":"ES221580000084-MONZÓN","Type of Animal":"Pigs"},"geometry":{"type":"Point","coordinates":[0.198256,41.843289]}},{"type":"Feature","properties":{"Unique ID":957,"installationName":"ES502520000149-CERDOS-TAUSTE","Type of Animal":"Pigs"},"geometry":{"type":"Point","coordinates":[-1.140789,41.958192]}},{"type":"Feature","properties":{"Unique ID":958,"installationName":"EXPLOTACIÓN LAS 4 JJJJ, S.L- TRÉVAGO (ANTES CARLOS JIMÉNEZ MARTÍNEZ)","Type of Animal":"Pigs"},"geometry":{"type":"Point","coordinates":[-2.08136,41.87671]}},{"type":"Feature","properties":{"Unique ID":959,"installationName":"AGROGÓMEZ C.B.","Type of Animal":"Pigs"},"geometry":{"type":"Point","coordinates":[-2.488983,41.463778]}},{"type":"Feature","properties":{"Unique ID":960,"installationName":"TOPIGS NORSVIN ESPAÑA - SANTIBÁÑEZ-ZARZAGUDA","Type of Animal":"Pigs"},"geometry":{"type":"Point","coordinates":[-3.765833,42.495556]}},{"type":"Feature","properties":{"Unique ID":961,"installationName":"S.A.T. Nº 1.751 GRANJA HIMA","Type of Animal":"Poultry"},"geometry":{"type":"Point","coordinates":[-4.255833,42.402222]}},{"type":"Feature","properties":{"Unique ID":962,"installationName":"BIURRUM, S.L.-CEBO","Type of Animal":"Pigs"},"geometry":{"type":"Point","coordinates":[-3.541817,41.981014]}},{"type":"Feature","properties":{"Unique ID":963,"installationName":"FÉLIX GARCÍA LOZANO","Type of Animal":"Pigs"},"geometry":{"type":"Point","coordinates":[-3.780026,42.024941]}},{"type":"Feature","properties":{"Unique ID":964,"installationName":"GRANJAS PORCEYO - Granja de Baro de los Frailes","Type of Animal":"Poultry"},"geometry":{"type":"Point","coordinates":[-4.717339,41.531017]}},{"type":"Feature","properties":{"Unique ID":965,"installationName":"ES220090000061-CERDOS-ALBELDA","Type of Animal":"Pigs"},"geometry":{"type":"Point","coordinates":[0.460557,41.865055]}},{"type":"Feature","properties":{"Unique ID":966,"installationName":"ES220800000081-CERDOS-CAPELLA","Type of Animal":"Pigs"},"geometry":{"type":"Point","coordinates":[0.383396,42.201834]}},{"type":"Feature","properties":{"Unique ID":967,"installationName":"ES440280000001-CERDOS-ARGENTE","Type of Animal":"Pigs"},"geometry":{"type":"Point","coordinates":[-1.161386,40.681633]}},{"type":"Feature","properties":{"Unique ID":968,"installationName":"GRANJA VILLANUEVA, S.A.-EL POMO","Type of Animal":"Pigs"},"geometry":{"type":"Point","coordinates":[-1.787252,42.605663]}},{"type":"Feature","properties":{"Unique ID":969,"installationName":"GRANJA ANCLA, S.L.","Type of Animal":"Poultry"},"geometry":{"type":"Point","coordinates":[-3.175482,40.418372]}},{"type":"Feature","properties":{"Unique ID":970,"installationName":"EL CASTILLO, S.L.","Type of Animal":"Pigs"},"geometry":{"type":"Point","coordinates":[-1.872461,41.887583]}},{"type":"Feature","properties":{"Unique ID":971,"installationName":"ORIENT SALES","Type of Animal":"Pigs"},"geometry":{"type":"Point","coordinates":[0.099879,40.303927]}},{"type":"Feature","properties":{"Unique ID":972,"installationName":"CEDEPOR - VILLANUEVA DE CAÑEDO","Type of Animal":"Pigs"},"geometry":{"type":"Point","coordinates":[-5.686282,41.15487]}},{"type":"Feature","properties":{"Unique ID":973,"installationName":"MAS D L'ANDALUS, SCP","Type of Animal":"Pigs"},"geometry":{"type":"Point","coordinates":[0.118875,40.4093]}},{"type":"Feature","properties":{"Unique ID":974,"installationName":"GRANJA CIGALES (PROGATECSA)","Type of Animal":"Pigs"},"geometry":{"type":"Point","coordinates":[-4.669622,41.745494]}},{"type":"Feature","properties":{"Unique ID":975,"installationName":"GENÉTICA EL BARDAL, S.A.","Type of Animal":"Pigs"},"geometry":{"type":"Point","coordinates":[-3.595475,42.074303]}},{"type":"Feature","properties":{"Unique ID":976,"installationName":"TOPIGS NORSVIN ESPAÑA-VILLADIEGO","Type of Animal":"Pigs"},"geometry":{"type":"Point","coordinates":[-4.071939,42.550078]}},{"type":"Feature","properties":{"Unique ID":977,"installationName":"EALUSA:4387","Type of Animal":"Pigs"},"geometry":{"type":"Point","coordinates":[-4.766264,42.481731]}},{"type":"Feature","properties":{"Unique ID":978,"installationName":"ROSA MARÍA MORENO MUÑOZ","Type of Animal":"Pigs"},"geometry":{"type":"Point","coordinates":[-2.878494,41.450958]}},{"type":"Feature","properties":{"Unique ID":979,"installationName":"CALAVIA RUIZ, S.C. (ANTES SANTIAGO CALAVIA PEÑUELAS)_","Type of Animal":"Pigs"},"geometry":{"type":"Point","coordinates":[-2.000872,41.833747]}},{"type":"Feature","properties":{"Unique ID":980,"installationName":"EALUSA:4391","Type of Animal":"Pigs"},"geometry":{"type":"Point","coordinates":[-4.710556,42.568083]}},{"type":"Feature","properties":{"Unique ID":981,"installationName":"EALUSA:4393","Type of Animal":"Pigs"},"geometry":{"type":"Point","coordinates":[-4.601472,42.465247]}},{"type":"Feature","properties":{"Unique ID":982,"installationName":"AGROPECUARIA GARCÍA LAFUENTE","Type of Animal":"Pigs"},"geometry":{"type":"Point","coordinates":[-2.545425,41.463961]}},{"type":"Feature","properties":{"Unique ID":983,"installationName":"AGROPECUARIA LA ISA","Type of Animal":"Pigs"},"geometry":{"type":"Point","coordinates":[-3.5973,42.040458]}},{"type":"Feature","properties":{"Unique ID":984,"installationName":"CEBADEROS J3, S.L.","Type of Animal":"Pigs"},"geometry":{"type":"Point","coordinates":[-3.751506,42.078758]}},{"type":"Feature","properties":{"Unique ID":985,"installationName":"AGROPECUARIA COCA  DE AREVALO","Type of Animal":"Pigs"},"geometry":{"type":"Point","coordinates":[-4.746051,41.052172]}},{"type":"Feature","properties":{"Unique ID":986,"installationName":"PINOS ALBOS","Type of Animal":"Pigs"},"geometry":{"type":"Point","coordinates":[-4.328922,41.416375]}},{"type":"Feature","properties":{"Unique ID":987,"installationName":"AGRO-PORCINO MANSO, S.L.","Type of Animal":"Pigs"},"geometry":{"type":"Point","coordinates":[-4.401642,41.052428]}},{"type":"Feature","properties":{"Unique ID":989,"installationName":"ES501510000029-CERDOS-LUNA","Type of Animal":"Pigs"},"geometry":{"type":"Point","coordinates":[-0.867539,42.104306]}},{"type":"Feature","properties":{"Unique ID":990,"installationName":"S.A.T. LAS PARRAS Nº 1446","Type of Animal":"Pigs"},"geometry":{"type":"Point","coordinates":[-2.513611,41.447222]}},{"type":"Feature","properties":{"Unique ID":991,"installationName":"TEÓFILO JIMÉNEZ SEVILLANO-ESTACIÓN VIEJA","Type of Animal":"Pigs"},"geometry":{"type":"Point","coordinates":[-1.9958,41.786753]}},{"type":"Feature","properties":{"Unique ID":992,"installationName":"ES502300000040-CERDOS-SÁDABA","Type of Animal":"Pigs"},"geometry":{"type":"Point","coordinates":[-1.346755,42.300626]}},{"type":"Feature","properties":{"Unique ID":993,"installationName":"GARCIA PRIM","Type of Animal":"Pigs"},"geometry":{"type":"Point","coordinates":[-5.304444,40.827222]}},{"type":"Feature","properties":{"Unique ID":994,"installationName":"VIPORC Valdescorriel - Arrabalde","Type of Animal":"Pigs"},"geometry":{"type":"Point","coordinates":[-5.87822,42.095481]}},{"type":"Feature","properties":{"Unique ID":995,"installationName":"ES440490000016-CERDOS-CALACEITE","Type of Animal":"Pigs"},"geometry":{"type":"Point","coordinates":[0.194081,40.996122]}},{"type":"Feature","properties":{"Unique ID":996,"installationName":"ES441470000001-CERDOS-MAZALEÓN","Type of Animal":"Pigs"},"geometry":{"type":"Point","coordinates":[0.119208,41.067032]}},{"type":"Feature","properties":{"Unique ID":997,"installationName":"ES441470000002-CERDOS-MAZALEÓN","Type of Animal":"Pigs"},"geometry":{"type":"Point","coordinates":[0.098423,41.058855]}},{"type":"Feature","properties":{"Unique ID":998,"installationName":"AGROPECUARIA BEHER - LOS VALHONDOS (PELAYOS)","Type of Animal":"Pigs"},"geometry":{"type":"Point","coordinates":[-5.576667,40.691917]}},{"type":"Feature","properties":{"Unique ID":999,"installationName":"MAMBUM LEE KIM","Type of Animal":"Poultry"},"geometry":{"type":"Point","coordinates":[-4.702014,41.567617]}},{"type":"Feature","properties":{"Unique ID":1000,"installationName":"JADIGA ACTIVIDADES, S.L.","Type of Animal":"Pigs"},"geometry":{"type":"Point","coordinates":[-5.1948,42.18995]}},{"type":"Feature","properties":{"Unique ID":1001,"installationName":"SAÚL LOBEJÓN ORTEGA - PEDRAJAS DE SAN ESTEBAN","Type of Animal":"Pigs"},"geometry":{"type":"Point","coordinates":[-4.587722,41.325881]}},{"type":"Feature","properties":{"Unique ID":1003,"installationName":"GRANJAS SAGREDO, S.A.","Type of Animal":"Poultry"},"geometry":{"type":"Point","coordinates":[-3.334056,42.570722]}},{"type":"Feature","properties":{"Unique ID":1004,"installationName":"JOSÉ ÁNGEL CIRIA ANDRÉS","Type of Animal":"Pigs"},"geometry":{"type":"Point","coordinates":[-2.420575,41.679294]}},{"type":"Feature","properties":{"Unique ID":1005,"installationName":"GRANJA MARTÍNEZ","Type of Animal":"Poultry"},"geometry":{"type":"Point","coordinates":[-3.470722,42.929481]}},{"type":"Feature","properties":{"Unique ID":1006,"installationName":"FUENTES PÉREZ, SOCIEDAD COOPERATIVA","Type of Animal":"Pigs"},"geometry":{"type":"Point","coordinates":[-3.977792,41.951825]}},{"type":"Feature","properties":{"Unique ID":1007,"installationName":"HERLALLA GANADERA S.L.U","Type of Animal":"Pigs"},"geometry":{"type":"Point","coordinates":[-3.772222,41.682778]}},{"type":"Feature","properties":{"Unique ID":1008,"installationName":"HNOS GONZÁLEZ ATIENZA","Type of Animal":"Pigs"},"geometry":{"type":"Point","coordinates":[-3.088056,41.560556]}},{"type":"Feature","properties":{"Unique ID":1009,"installationName":"POZARÓN, S.C. - PARAJE LA VIRGEN","Type of Animal":"Pigs"},"geometry":{"type":"Point","coordinates":[-3.397114,41.596528]}},{"type":"Feature","properties":{"Unique ID":1010,"installationName":"MARÍA GRAD","Type of Animal":"Pigs"},"geometry":{"type":"Point","coordinates":[-3.314444,41.685556]}},{"type":"Feature","properties":{"Unique ID":1011,"installationName":"GRANJA REBOJIM, S.L.","Type of Animal":"Poultry"},"geometry":{"type":"Point","coordinates":[-4.692239,41.471458]}},{"type":"Feature","properties":{"Unique ID":1012,"installationName":"VIRGEN DE LA FUENTE, C.B.","Type of Animal":"Pigs"},"geometry":{"type":"Point","coordinates":[-3.325892,41.666953]}},{"type":"Feature","properties":{"Unique ID":1013,"installationName":"LA VENTILLA DE TARAZONA, S.L.","Type of Animal":"Pigs"},"geometry":{"type":"Point","coordinates":[-1.976881,41.771942]}},{"type":"Feature","properties":{"Unique ID":1014,"installationName":"GONZÁLEZ ASENJO C.B.","Type of Animal":"Pigs"},"geometry":{"type":"Point","coordinates":[-4.046914,41.374164]}},{"type":"Feature","properties":{"Unique ID":1015,"installationName":"DESARROLLO GANADERO PORCINO, S.A (ANTES GRANJA EL PARAMILLO)","Type of Animal":"Pigs"},"geometry":{"type":"Point","coordinates":[-4.304536,42.3857]}},{"type":"Feature","properties":{"Unique ID":1016,"installationName":"SAT FUENSANTA Nº 6299","Type of Animal":"Poultry"},"geometry":{"type":"Point","coordinates":[-4.130136,41.607436]}},{"type":"Feature","properties":{"Unique ID":1017,"installationName":"DESARROLLO GANADERO PORCINO, S.A (ANTES GRANJA ODARPI)","Type of Animal":"Pigs"},"geometry":{"type":"Point","coordinates":[-4.239286,42.444542]}},{"type":"Feature","properties":{"Unique ID":1018,"installationName":"ES220890000030-CERDOS-CASTILLONROY","Type of Animal":"Pigs"},"geometry":{"type":"Point","coordinates":[0.528916,41.882827]}},{"type":"Feature","properties":{"Unique ID":1019,"installationName":"ES221160000120-CERDOS-GRAÑÉN","Type of Animal":"Pigs"},"geometry":{"type":"Point","coordinates":[-0.361173,41.950702]}},{"type":"Feature","properties":{"Unique ID":1020,"installationName":"ES500250000807-GALLINAS-ALMUNIA DE DOÑA GODINA (LA)","Type of Animal":"Poultry"},"geometry":{"type":"Point","coordinates":[-1.379866,41.45378]}},{"type":"Feature","properties":{"Unique ID":1021,"installationName":"ES502250000802 RICLA","Type of Animal":"Poultry"},"geometry":{"type":"Point","coordinates":[-1.398996,41.514151]}},{"type":"Feature","properties":{"Unique ID":1022,"installationName":"JAVIER Y FLORENCIO CALVO HERNÁNDEZ (CAÑUELOS)","Type of Animal":"Pigs"},"geometry":{"type":"Point","coordinates":[-2.000539,41.826883]}},{"type":"Feature","properties":{"Unique ID":1023,"installationName":"AGROSERRADA","Type of Animal":"Pigs"},"geometry":{"type":"Point","coordinates":[-4.819139,41.438625]}},{"type":"Feature","properties":{"Unique ID":1024,"installationName":"NICOLÁS GIL BLANCO, S.L.","Type of Animal":"Pigs"},"geometry":{"type":"Point","coordinates":[-5.678444,40.674225]}},{"type":"Feature","properties":{"Unique ID":1025,"installationName":"ES220230000027-ALMUNIENTE","Type of Animal":"Pigs"},"geometry":{"type":"Point","coordinates":[-0.40925,41.95125]}},{"type":"Feature","properties":{"Unique ID":1026,"installationName":"ES220180000001-CERDOS-ALCUBIERRE","Type of Animal":"Pigs"},"geometry":{"type":"Point","coordinates":[-0.430293,41.801145]}},{"type":"Feature","properties":{"Unique ID":1027,"installationName":"ES221580000218-CERDOS-MONZÓN","Type of Animal":"Pigs"},"geometry":{"type":"Point","coordinates":[0.102683,41.878507]}},{"type":"Feature","properties":{"Unique ID":1028,"installationName":"ES500950000307-EJEA DE LOS CABALLEROS","Type of Animal":"Pigs"},"geometry":{"type":"Point","coordinates":[-1.0092,42.056861]}},{"type":"Feature","properties":{"Unique ID":1029,"installationName":"ES222540000142-CERDOS-ZAIDÍN","Type of Animal":"Pigs"},"geometry":{"type":"Point","coordinates":[0.264938,41.603996]}},{"type":"Feature","properties":{"Unique ID":1030,"installationName":"Mª LIDIA SOPLON VILLAGRASA Y OTRO S.C","Type of Animal":"Pigs"},"geometry":{"type":"Point","coordinates":[-5.609123,41.536444]}},{"type":"Feature","properties":{"Unique ID":1031,"installationName":"ES220170000039-CERDOS-ALCOLEA DE CINCA","Type of Animal":"Pigs"},"geometry":{"type":"Point","coordinates":[0.092187,41.740981]}},{"type":"Feature","properties":{"Unique ID":1032,"installationName":"ES222250000146-CERDOS-TAMARITE DE LITERA","Type of Animal":"Pigs"},"geometry":{"type":"Point","coordinates":[0.421355,41.867377]}},{"type":"Feature","properties":{"Unique ID":1033,"installationName":"ES220890000029-CERDOS-CASTILLONROY","Type of Animal":"Pigs"},"geometry":{"type":"Point","coordinates":[0.5161,41.886]}},{"type":"Feature","properties":{"Unique ID":1034,"installationName":"HUEVOS GUILLÉN NAVARRA, S.L.","Type of Animal":"Poultry"},"geometry":{"type":"Point","coordinates":[-2.01886,42.72879]}},{"type":"Feature","properties":{"Unique ID":1035,"installationName":"MARCOPOLO COMERCIO - MELGAR DE FERNAMENTAL","Type of Animal":"Poultry"},"geometry":{"type":"Point","coordinates":[-4.29875,42.436517]}},{"type":"Feature","properties":{"Unique ID":1036,"installationName":"CEBADERO PORCINO LOS MOLATEROS","Type of Animal":"Pigs"},"geometry":{"type":"Point","coordinates":[-1.350004,37.78]}},{"type":"Feature","properties":{"Unique ID":1037,"installationName":"KUBUS, S.A., VALDELINARES","Type of Animal":"Pigs"},"geometry":{"type":"Point","coordinates":[-7.120833,38.766944]}},{"type":"Feature","properties":{"Unique ID":1038,"installationName":"AGROPECUARIA ARENALEJO, S.L.","Type of Animal":"Pigs"},"geometry":{"type":"Point","coordinates":[-6.523025,39.817964]}},{"type":"Feature","properties":{"Unique ID":1039,"installationName":"EXPLOTACIÓN LAS NAVAS","Type of Animal":"Pigs"},"geometry":{"type":"Point","coordinates":[-6.232222,38.572222]}},{"type":"Feature","properties":{"Unique ID":1040,"installationName":"GRANJAS CANTOS BLANCOS SUR S.L., CAMPO VIEJO","Type of Animal":"Poultry"},"geometry":{"type":"Point","coordinates":[-6.405567,38.686954]}},{"type":"Feature","properties":{"Unique ID":1041,"installationName":"GRANJAS CANTOS BLANCOS SUR S.L., CENTRO LOS RETAMALES","Type of Animal":"Poultry"},"geometry":{"type":"Point","coordinates":[-6.221995,38.943489]}},{"type":"Feature","properties":{"Unique ID":1042,"installationName":"Etxisua, S.L.","Type of Animal":"Pigs"},"geometry":{"type":"Point","coordinates":[-2.542815,42.86212]}},{"type":"Feature","properties":{"Unique ID":1043,"installationName":"LA CARRASQUILLA","Type of Animal":"Poultry"},"geometry":{"type":"Point","coordinates":[-1.273315,39.607801]}},{"type":"Feature","properties":{"Unique ID":1044,"installationName":"GENETICA GIROVIC","Type of Animal":"Pigs"},"geometry":{"type":"Point","coordinates":[1.855346,41.833002]}},{"type":"Feature","properties":{"Unique ID":1045,"installationName":"GRANJA FUIA II","Type of Animal":"Pigs"},"geometry":{"type":"Point","coordinates":[1.875541,42.051807]}},{"type":"Feature","properties":{"Unique ID":1046,"installationName":"GRANJA MAS BLANCH","Type of Animal":"Pigs"},"geometry":{"type":"Point","coordinates":[2.580245,42.211954]}},{"type":"Feature","properties":{"Unique ID":1047,"installationName":"GRANJA LES SERRES","Type of Animal":"Pigs"},"geometry":{"type":"Point","coordinates":[2.671772,42.00713]}},{"type":"Feature","properties":{"Unique ID":1048,"installationName":"GRANJA ARB","Type of Animal":"Pigs"},"geometry":{"type":"Point","coordinates":[1.106544,41.781503]}},{"type":"Feature","properties":{"Unique ID":1049,"installationName":"FINCA ELS MASOS","Type of Animal":"Pigs"},"geometry":{"type":"Point","coordinates":[0.404888,41.354131]}},{"type":"Feature","properties":{"Unique ID":1050,"installationName":"GRANJA SENSUI","Type of Animal":"Pigs"},"geometry":{"type":"Point","coordinates":[0.929142,42.234867]}},{"type":"Feature","properties":{"Unique ID":1051,"installationName":"GRANJA CAMPS NOUS","Type of Animal":"Pigs"},"geometry":{"type":"Point","coordinates":[3.045674,42.145822]}},{"type":"Feature","properties":{"Unique ID":1052,"installationName":"GRANJA OSSO","Type of Animal":"Pigs"},"geometry":{"type":"Point","coordinates":[1.14513,41.743225]}},{"type":"Feature","properties":{"Unique ID":1053,"installationName":"GRANJA VALMANYA","Type of Animal":"Pigs"},"geometry":{"type":"Point","coordinates":[0.50308,41.593436]}},{"type":"Feature","properties":{"Unique ID":1054,"installationName":"GRANJA BONY","Type of Animal":"Pigs"},"geometry":{"type":"Point","coordinates":[1.17277,41.80113]}},{"type":"Feature","properties":{"Unique ID":1055,"installationName":"ARESTE PALLISO","Type of Animal":"Pigs"},"geometry":{"type":"Point","coordinates":[0.45353,41.375486]}},{"type":"Feature","properties":{"Unique ID":1056,"installationName":"GRANJA PEDROS SOTUS","Type of Animal":"Pigs"},"geometry":{"type":"Point","coordinates":[0.494949,41.797889]}},{"type":"Feature","properties":{"Unique ID":1057,"installationName":"GRANJA SAN FRANCISCO","Type of Animal":"Pigs"},"geometry":{"type":"Point","coordinates":[0.75662,41.580834]}},{"type":"Feature","properties":{"Unique ID":1058,"installationName":"CAN GIRONELLA DE LA CLAU","Type of Animal":"Pigs"},"geometry":{"type":"Point","coordinates":[1.520108,41.693006]}},{"type":"Feature","properties":{"Unique ID":1059,"installationName":"GRANJA COMPANYS","Type of Animal":"Pigs"},"geometry":{"type":"Point","coordinates":[0.991001,41.742403]}},{"type":"Feature","properties":{"Unique ID":1060,"installationName":"GRANJA AGROBERBAR","Type of Animal":"Pigs"},"geometry":{"type":"Point","coordinates":[1.383852,41.485723]}},{"type":"Feature","properties":{"Unique ID":1061,"installationName":"Granja Muller","Type of Animal":"Pigs"},"geometry":{"type":"Point","coordinates":[0.845163,41.807518]}},{"type":"Feature","properties":{"Unique ID":1062,"installationName":"GRANJA SANT MARTI","Type of Animal":"Pigs"},"geometry":{"type":"Point","coordinates":[2.214487,41.758396]}},{"type":"Feature","properties":{"Unique ID":1063,"installationName":"ELS PLANS DE MONTMAJOR","Type of Animal":"Pigs"},"geometry":{"type":"Point","coordinates":[1.653809,41.997949]}},{"type":"Feature","properties":{"Unique ID":1064,"installationName":"GRANJA ARGULLOL","Type of Animal":"Pigs"},"geometry":{"type":"Point","coordinates":[1.539236,41.706163]}},{"type":"Feature","properties":{"Unique ID":1065,"installationName":"MAS BONELLS (Sant Feliu Sasserra)","Type of Animal":"Pigs"},"geometry":{"type":"Point","coordinates":[1.993684,41.947167]}},{"type":"Feature","properties":{"Unique ID":1066,"installationName":"CASA CASAT","Type of Animal":"Pigs"},"geometry":{"type":"Point","coordinates":[0.890802,42.365209]}},{"type":"Feature","properties":{"Unique ID":1067,"installationName":"GRANJA FUSTEGUERES","Type of Animal":"Pigs"},"geometry":{"type":"Point","coordinates":[1.307649,41.864801]}},{"type":"Feature","properties":{"Unique ID":1068,"installationName":"VIDALLER PORTE JOSE","Type of Animal":"Pigs"},"geometry":{"type":"Point","coordinates":[0.19404,41.91263]}},{"type":"Feature","properties":{"Unique ID":1069,"installationName":"ES220830000035-CERDOS-CASTEJÓN DE MONEGROS","Type of Animal":"Pigs"},"geometry":{"type":"Point","coordinates":[-0.193357,41.631692]}},{"type":"Feature","properties":{"Unique ID":1070,"installationName":"GRANJA TABERNAS","Type of Animal":"Pigs"},"geometry":{"type":"Point","coordinates":[-2.274926,37.101283]}},{"type":"Feature","properties":{"Unique ID":1071,"installationName":"FINCA EL LODAZAL","Type of Animal":"Pigs"},"geometry":{"type":"Point","coordinates":[-5.340284,38.35978]}},{"type":"Feature","properties":{"Unique ID":1072,"installationName":"CASTELLARES, S.L.","Type of Animal":"Poultry"},"geometry":{"type":"Point","coordinates":[-4.655874,37.566621]}},{"type":"Feature","properties":{"Unique ID":1074,"installationName":"ANDRÉS Y PABLO LINARES HERVAS, S.L.","Type of Animal":"Pigs"},"geometry":{"type":"Point","coordinates":[-3.500512,38.211859]}},{"type":"Feature","properties":{"Unique ID":1075,"installationName":"Granja Porcina Las Majadas","Type of Animal":"Pigs"},"geometry":{"type":"Point","coordinates":[-3.506157,38.152749]}},{"type":"Feature","properties":{"Unique ID":1076,"installationName":"GRANJA CASABLANCA","Type of Animal":"Poultry"},"geometry":{"type":"Point","coordinates":[-3.315982,38.019701]}},{"type":"Feature","properties":{"Unique ID":1077,"installationName":"PAQUITO ELOY, S.L","Type of Animal":"Poultry"},"geometry":{"type":"Point","coordinates":[-7.330374,37.373637]}},{"type":"Feature","properties":{"Unique ID":1078,"installationName":"Explotación porcina de cebo Paraje las Cañaicas","Type of Animal":"Pigs"},"geometry":{"type":"Point","coordinates":[-2.3844,37.371887]}},{"type":"Feature","properties":{"Unique ID":1079,"installationName":"FINCA EL SORIANO","Type of Animal":"Pigs"},"geometry":{"type":"Point","coordinates":[-2.548844,37.619817]}},{"type":"Feature","properties":{"Unique ID":1080,"installationName":"GRANJA SAN PASCUAL","Type of Animal":"Pigs"},"geometry":{"type":"Point","coordinates":[-3.803955,37.243095]}},{"type":"Feature","properties":{"Unique ID":1081,"installationName":"GRANJA ENCINAREJO","Type of Animal":"Poultry"},"geometry":{"type":"Point","coordinates":[-3.416533,38.01316]}},{"type":"Feature","properties":{"Unique ID":1082,"installationName":"LUIS ANGUIS SARO","Type of Animal":"Poultry"},"geometry":{"type":"Point","coordinates":[-3.425785,37.910975]}},{"type":"Feature","properties":{"Unique ID":1083,"installationName":"EXPLOTACIÓN AVÍCOLA JUAN ANTONIO NAVARRETE ANAYA","Type of Animal":"Poultry"},"geometry":{"type":"Point","coordinates":[-4.550082,36.700588]}},{"type":"Feature","properties":{"Unique ID":1084,"installationName":"COTERGO, S.L.","Type of Animal":"Pigs"},"geometry":{"type":"Point","coordinates":[-4.725018,36.779503]}},{"type":"Feature","properties":{"Unique ID":1085,"installationName":"GRANJA TORRALBA","Type of Animal":"Pigs"},"geometry":{"type":"Point","coordinates":[-4.896946,37.091885]}},{"type":"Feature","properties":{"Unique ID":1086,"installationName":"GRANJA LAS HERRIZAS","Type of Animal":"Pigs"},"geometry":{"type":"Point","coordinates":[-4.997389,37.003811]}},{"type":"Feature","properties":{"Unique ID":1087,"installationName":"CUATRO VIENTOS","Type of Animal":"Pigs"},"geometry":{"type":"Point","coordinates":[-4.878887,37.118671]}},{"type":"Feature","properties":{"Unique ID":1088,"installationName":"Granja el Letrado","Type of Animal":"Pigs"},"geometry":{"type":"Point","coordinates":[-4.93,37.02]}},{"type":"Feature","properties":{"Unique ID":1089,"installationName":"GRANJA LOS RODADEROS","Type of Animal":"Pigs"},"geometry":{"type":"Point","coordinates":[-4.872481,36.975384]}},{"type":"Feature","properties":{"Unique ID":1090,"installationName":"GRANJA EL CODRIAL","Type of Animal":"Pigs"},"geometry":{"type":"Point","coordinates":[-5.009565,37.004435]}},{"type":"Feature","properties":{"Unique ID":1091,"installationName":"AGROPECUARIA CAMPANILLAS, S.A.","Type of Animal":"Pigs"},"geometry":{"type":"Point","coordinates":[-4.535306,36.748941]}},{"type":"Feature","properties":{"Unique ID":1092,"installationName":"HIGINIO SÁNCHEZ GARCÍA","Type of Animal":"Pigs"},"geometry":{"type":"Point","coordinates":[-2.128728,37.419665]}},{"type":"Feature","properties":{"Unique ID":1093,"installationName":"EXPLOTACIÓN DE ENGORDE DE POLLOS","Type of Animal":"Poultry"},"geometry":{"type":"Point","coordinates":[-4.973455,38.491523]}},{"type":"Feature","properties":{"Unique ID":1094,"installationName":"GRANJA NUESTRA SEÑORA DEL CARMEN 2","Type of Animal":"Pigs"},"geometry":{"type":"Point","coordinates":[-5.203877,37.36337]}},{"type":"Feature","properties":{"Unique ID":1095,"installationName":"FINCA LA CAPITANA","Type of Animal":"Poultry"},"geometry":{"type":"Point","coordinates":[-5.923768,37.16116]}},{"type":"Feature","properties":{"Unique ID":1096,"installationName":"CAÑADA DE LAS VACAS","Type of Animal":"Poultry"},"geometry":{"type":"Point","coordinates":[-6.645824,37.310633]}},{"type":"Feature","properties":{"Unique ID":1097,"installationName":"GRANJA CAÑADA DEL JOROBADO","Type of Animal":"Poultry"},"geometry":{"type":"Point","coordinates":[-6.535826,37.355995]}},{"type":"Feature","properties":{"Unique ID":1098,"installationName":"EL FONTANAL","Type of Animal":"Poultry"},"geometry":{"type":"Point","coordinates":[-5.480901,37.123215]}},{"type":"Feature","properties":{"Unique ID":1099,"installationName":"FINCA LOS TORREJONES","Type of Animal":"Poultry"},"geometry":{"type":"Point","coordinates":[-6.306281,37.248657]}},{"type":"Feature","properties":{"Unique ID":1100,"installationName":"LARRAÑA, S.C.P.","Type of Animal":"Poultry"},"geometry":{"type":"Point","coordinates":[-4.983433,37.1006]}},{"type":"Feature","properties":{"Unique ID":1101,"installationName":"GRANJA SANTA LUCÍA","Type of Animal":"Poultry"},"geometry":{"type":"Point","coordinates":[-6.24823,37.306714]}},{"type":"Feature","properties":{"Unique ID":1102,"installationName":"GRANJA AVÍCOLA SAN RAFAEL","Type of Animal":"Poultry"},"geometry":{"type":"Point","coordinates":[-5.413291,37.316421]}},{"type":"Feature","properties":{"Unique ID":1103,"installationName":"GRANJA EL PARAISO","Type of Animal":"Poultry"},"geometry":{"type":"Point","coordinates":[-5.685143,37.418389]}},{"type":"Feature","properties":{"Unique ID":1104,"installationName":"GRANJA PADRE GRANADO","Type of Animal":"Pigs"},"geometry":{"type":"Point","coordinates":[-5.728163,37.510677]}},{"type":"Feature","properties":{"Unique ID":1105,"installationName":"LAS ZORRERAS","Type of Animal":"Poultry"},"geometry":{"type":"Point","coordinates":[-6.799036,37.409488]}},{"type":"Feature","properties":{"Unique ID":1106,"installationName":"AVÍCOLA VALDELIMONES, S.L","Type of Animal":"Poultry"},"geometry":{"type":"Point","coordinates":[-7.241839,37.260125]}},{"type":"Feature","properties":{"Unique ID":1107,"installationName":"DEHESA DE SAN JUAN","Type of Animal":"Poultry"},"geometry":{"type":"Point","coordinates":[-6.300179,37.683947]}},{"type":"Feature","properties":{"Unique ID":1108,"installationName":"GRANJA AVÍCOLA \"LA SOLEA\"","Type of Animal":"Poultry"},"geometry":{"type":"Point","coordinates":[-5.407022,37.317261]}},{"type":"Feature","properties":{"Unique ID":1109,"installationName":"GRANJA \"LA ENCINA\".","Type of Animal":"Pigs"},"geometry":{"type":"Point","coordinates":[-3.933386,37.467277]}},{"type":"Feature","properties":{"Unique ID":1110,"installationName":"FINCA LA TRABAJOSA","Type of Animal":"Pigs"},"geometry":{"type":"Point","coordinates":[-4.900105,37.217266]}},{"type":"Feature","properties":{"Unique ID":1111,"installationName":"FINCA LAS ANCHAS","Type of Animal":"Pigs"},"geometry":{"type":"Point","coordinates":[-4.900105,37.217266]}},{"type":"Feature","properties":{"Unique ID":1112,"installationName":"FINCA LA SALINERA","Type of Animal":"Pigs"},"geometry":{"type":"Point","coordinates":[-4.900105,37.217266]}},{"type":"Feature","properties":{"Unique ID":1113,"installationName":"ELEUTERIO  VALERA URIBE","Type of Animal":"Pigs"},"geometry":{"type":"Point","coordinates":[-1.9398,37.453183]}},{"type":"Feature","properties":{"Unique ID":1114,"installationName":"JUAN JOSE SANCHEZ PARRA","Type of Animal":"Pigs"},"geometry":{"type":"Point","coordinates":[-1.90687,37.466115]}},{"type":"Feature","properties":{"Unique ID":1115,"installationName":"GREGORIO JIMÉNEZ GRANADOS","Type of Animal":"Pigs"},"geometry":{"type":"Point","coordinates":[-2.1232,37.531156]}},{"type":"Feature","properties":{"Unique ID":1116,"installationName":"FINCA CASILLA ZABALA","Type of Animal":"Pigs"},"geometry":{"type":"Point","coordinates":[-5.754275,37.450139]}},{"type":"Feature","properties":{"Unique ID":1117,"installationName":"GRANJA FUENTE DE LA HIGUERA","Type of Animal":"Pigs"},"geometry":{"type":"Point","coordinates":[-3.358025,37.319324]}},{"type":"Feature","properties":{"Unique ID":1118,"installationName":"GRANJA EL AVELLANO","Type of Animal":"Pigs"},"geometry":{"type":"Point","coordinates":[-5.197262,36.752247]}},{"type":"Feature","properties":{"Unique ID":1119,"installationName":"GRANJA SAN JOSÉ","Type of Animal":"Pigs"},"geometry":{"type":"Point","coordinates":[-5.015227,37.009458]}},{"type":"Feature","properties":{"Unique ID":1120,"installationName":"GRANJA FUENTE LA HIGUERA","Type of Animal":"Pigs"},"geometry":{"type":"Point","coordinates":[-4.930139,37.222593]}},{"type":"Feature","properties":{"Unique ID":1121,"installationName":"ANDRÉS PARRA GARCÍA","Type of Animal":"Pigs"},"geometry":{"type":"Point","coordinates":[-1.949948,37.383943]}},{"type":"Feature","properties":{"Unique ID":1122,"installationName":"FINCA GORDILLO","Type of Animal":"Pigs"},"geometry":{"type":"Point","coordinates":[-5.100106,37.067271]}},{"type":"Feature","properties":{"Unique ID":1123,"installationName":"ES502520000154-CERDOS-TAUSTE","Type of Animal":"Pigs"},"geometry":{"type":"Point","coordinates":[-1.354708,41.938069]}},{"type":"Feature","properties":{"Unique ID":1124,"installationName":"ES501180000024-CERDOS-GALLUR","Type of Animal":"Pigs"},"geometry":{"type":"Point","coordinates":[-1.343349,41.844663]}},{"type":"Feature","properties":{"Unique ID":1125,"installationName":"ES502520000115-CERDOS-TAUSTE","Type of Animal":"Pigs"},"geometry":{"type":"Point","coordinates":[-1.278315,41.918846]}},{"type":"Feature","properties":{"Unique ID":1126,"installationName":"ES500740000124-CERDOS-CASPE","Type of Animal":"Pigs"},"geometry":{"type":"Point","coordinates":[-0.075598,41.205356]}},{"type":"Feature","properties":{"Unique ID":1127,"installationName":"Integraciones Muíños, SL","Type of Animal":"Pigs"},"geometry":{"type":"Point","coordinates":[-8.252381,42.669398]}},{"type":"Feature","properties":{"Unique ID":1128,"installationName":"GRANJA EDERRA EZPELETA S.C.","Type of Animal":"Pigs"},"geometry":{"type":"Point","coordinates":[-1.44192,42.37948]}},{"type":"Feature","properties":{"Unique ID":1129,"installationName":"Avícola Amoeiro, SC","Type of Animal":"Poultry"},"geometry":{"type":"Point","coordinates":[-7.929065,42.395112]}},{"type":"Feature","properties":{"Unique ID":1130,"installationName":"GRANJA CAMPOMAYOR, S.L.","Type of Animal":"Poultry"},"geometry":{"type":"Point","coordinates":[-7.862873,42.923979]}},{"type":"Feature","properties":{"Unique ID":1131,"installationName":"GRANJA LA CAÑADA, S.L.","Type of Animal":"Pigs"},"geometry":{"type":"Point","coordinates":[-1.716944,42.244722]}},{"type":"Feature","properties":{"Unique ID":1132,"installationName":"ES222130000140-CERDOS-SARIÑENA","Type of Animal":"Pigs"},"geometry":{"type":"Point","coordinates":[-0.114336,41.768647]}},{"type":"Feature","properties":{"Unique ID":1133,"installationName":"ES221160000122-CERDOS-GRAÑÉN","Type of Animal":"Pigs"},"geometry":{"type":"Point","coordinates":[-0.3922,41.885169]}},{"type":"Feature","properties":{"Unique ID":1134,"installationName":"HNOS PECIÑA ESTEBAN","Type of Animal":"Poultry"},"geometry":{"type":"Point","coordinates":[-3.626228,41.684267]}},{"type":"Feature","properties":{"Unique ID":1135,"installationName":"MARÍA ROSA REGIDOR MOLINERO","Type of Animal":"Pigs"},"geometry":{"type":"Point","coordinates":[-2.689444,41.450833]}},{"type":"Feature","properties":{"Unique ID":1136,"installationName":"ES221030000090-CERDOS-ESTADILLA","Type of Animal":"Pigs"},"geometry":{"type":"Point","coordinates":[0.24675,42.056887]}},{"type":"Feature","properties":{"Unique ID":1137,"installationName":"EXPLOTACION PORCINA MONTIHOGAR","Type of Animal":"Pigs"},"geometry":{"type":"Point","coordinates":[-1.625914,37.611449]}},{"type":"Feature","properties":{"Unique ID":1138,"installationName":"FINCA RIELOS, SL","Type of Animal":"Pigs"},"geometry":{"type":"Point","coordinates":[-8.325738,42.741429]}},{"type":"Feature","properties":{"Unique ID":1139,"installationName":"EXPLOTACION PORCINA BOQUERAS","Type of Animal":"Pigs"},"geometry":{"type":"Point","coordinates":[-1.614858,37.645502]}},{"type":"Feature","properties":{"Unique ID":1140,"installationName":"EXPLOTACION PORCINA CORDILLERA","Type of Animal":"Pigs"},"geometry":{"type":"Point","coordinates":[-1.69421,37.67618]}},{"type":"Feature","properties":{"Unique ID":1141,"installationName":"EXPLOTACION PORCINA NUTRIGARSA","Type of Animal":"Pigs"},"geometry":{"type":"Point","coordinates":[-1.620589,37.60158]}},{"type":"Feature","properties":{"Unique ID":1142,"installationName":"EXPLOTACION PORCINA QUINQUILLA","Type of Animal":"Pigs"},"geometry":{"type":"Point","coordinates":[-1.681201,37.718787]}},{"type":"Feature","properties":{"Unique ID":1143,"installationName":"EXPLOTACION PORCINA CAPRICHO","Type of Animal":"Pigs"},"geometry":{"type":"Point","coordinates":[-1.688374,37.711859]}},{"type":"Feature","properties":{"Unique ID":1144,"installationName":"EXPLOTACION PORCINA GRANJA LA HOYA","Type of Animal":"Pigs"},"geometry":{"type":"Point","coordinates":[-1.605784,37.699686]}},{"type":"Feature","properties":{"Unique ID":1145,"installationName":"ES220070000046-CERDOS-ALBALATE DE CINCA","Type of Animal":"Pigs"},"geometry":{"type":"Point","coordinates":[0.15949,41.751855]}},{"type":"Feature","properties":{"Unique ID":1146,"installationName":"ES220250000806-GALLINAS-ALTORRICÓN","Type of Animal":"Poultry"},"geometry":{"type":"Point","coordinates":[0.415009,41.802308]}},{"type":"Feature","properties":{"Unique ID":1147,"installationName":"JAIME OPAZO BLANCO Y OTROS, S.C.","Type of Animal":"Pigs"},"geometry":{"type":"Point","coordinates":[-7.721798,42.030492]}},{"type":"Feature","properties":{"Unique ID":1148,"installationName":"ES220170000027-CERDOS-ALCOLEA DE CINCA","Type of Animal":"Pigs"},"geometry":{"type":"Point","coordinates":[0.114993,41.72139]}},{"type":"Feature","properties":{"Unique ID":1149,"installationName":"EXCORRIGAL S.L.","Type of Animal":"Pigs"},"geometry":{"type":"Point","coordinates":[-8.54905,42.79696]}},{"type":"Feature","properties":{"Unique ID":1150,"installationName":"ES500510000026-CERDOS-BIOTA","Type of Animal":"Pigs"},"geometry":{"type":"Point","coordinates":[-1.125222,42.220948]}},{"type":"Feature","properties":{"Unique ID":1151,"installationName":"HNOS. VILLAGRA GARCÍA, S.C","Type of Animal":"Pigs"},"geometry":{"type":"Point","coordinates":[-3.69746,41.57713]}},{"type":"Feature","properties":{"Unique ID":1152,"installationName":"ALBERTO VAZQUEZ VAZQUEZ","Type of Animal":"Poultry"},"geometry":{"type":"Point","coordinates":[-7.85064,42.56915]}},{"type":"Feature","properties":{"Unique ID":1153,"installationName":"ES220430000012-CERDOS-BAÉLLS","Type of Animal":"Pigs"},"geometry":{"type":"Point","coordinates":[0.478558,41.946547]}},{"type":"Feature","properties":{"Unique ID":1154,"installationName":"LOS MARTINEZ","Type of Animal":"Pigs"},"geometry":{"type":"Point","coordinates":[-1.048937,37.822531]}},{"type":"Feature","properties":{"Unique ID":1155,"installationName":"ES500150000005-CERDOS-ALCONCHEL DE ARIZA","Type of Animal":"Pigs"},"geometry":{"type":"Point","coordinates":[-2.100628,41.197341]}},{"type":"Feature","properties":{"Unique ID":1156,"installationName":"ES502670000004-CERDOS-UNCASTILLO","Type of Animal":"Pigs"},"geometry":{"type":"Point","coordinates":[-0.305612,41.974607]}},{"type":"Feature","properties":{"Unique ID":1157,"installationName":"EL PILAR II  S.L. (TABANERA LA LUENGA)","Type of Animal":"Pigs"},"geometry":{"type":"Point","coordinates":[-4.231997,41.105456]}},{"type":"Feature","properties":{"Unique ID":1158,"installationName":"AVIPORTO S.L.","Type of Animal":"Poultry"},"geometry":{"type":"Point","coordinates":[-7.657468,42.812792]}},{"type":"Feature","properties":{"Unique ID":1159,"installationName":"ES221100000029-CERDOS-FONZ","Type of Animal":"Pigs"},"geometry":{"type":"Point","coordinates":[0.258199,42.011448]}},{"type":"Feature","properties":{"Unique ID":1160,"installationName":"ES229050000852-GALLINAS-LUPIÑÉN-ORTILLA","Type of Animal":"Poultry"},"geometry":{"type":"Point","coordinates":[-0.624896,42.162839]}},{"type":"Feature","properties":{"Unique ID":1161,"installationName":"ES221370000123-CERDOS-LANAJA","Type of Animal":"Pigs"},"geometry":{"type":"Point","coordinates":[-0.351988,41.794143]}},{"type":"Feature","properties":{"Unique ID":1162,"installationName":"ES221370000112-CERDOS-LANAJA","Type of Animal":"Pigs"},"geometry":{"type":"Point","coordinates":[-0.257953,41.783895]}},{"type":"Feature","properties":{"Unique ID":1163,"installationName":"ES501360000011-CERDOS-LÉCERA","Type of Animal":"Pigs"},"geometry":{"type":"Point","coordinates":[-0.702965,41.226379]}},{"type":"Feature","properties":{"Unique ID":1164,"installationName":"ES222130000139-CERDOS-SARIÑENA","Type of Animal":"Pigs"},"geometry":{"type":"Point","coordinates":[-0.114336,41.768647]}},{"type":"Feature","properties":{"Unique ID":1165,"installationName":"ES221970000084-CERDOS-ROBRES","Type of Animal":"Pigs"},"geometry":{"type":"Point","coordinates":[-0.49226,41.872212]}},{"type":"Feature","properties":{"Unique ID":1166,"installationName":"GRANJA FONTANALES","Type of Animal":"Poultry"},"geometry":{"type":"Point","coordinates":[-15.605757,28.053329]}},{"type":"Feature","properties":{"Unique ID":1167,"installationName":"COMPAÑIA CANARIA DE PRODUCTOS AGROPECUARIOS","Type of Animal":"Pigs"},"geometry":{"type":"Point","coordinates":[-13.924367,28.466595]}},{"type":"Feature","properties":{"Unique ID":1168,"installationName":"GRANJA LAS PIEDRAS","Type of Animal":"Pigs"},"geometry":{"type":"Point","coordinates":[-3.551824,37.917572]}},{"type":"Feature","properties":{"Unique ID":1169,"installationName":"HACIENDA SAN MIGUEL","Type of Animal":"Poultry"},"geometry":{"type":"Point","coordinates":[-5.85186,37.563322]}},{"type":"Feature","properties":{"Unique ID":1170,"installationName":"LOS OLMOS","Type of Animal":"Pigs"},"geometry":{"type":"Point","coordinates":[-5.111596,37.205978]}},{"type":"Feature","properties":{"Unique ID":1171,"installationName":"OJUELOS","Type of Animal":"Poultry"},"geometry":{"type":"Point","coordinates":[-5.460007,37.17199]}},{"type":"Feature","properties":{"Unique ID":1172,"installationName":"GRANJA AVÍCOLA GASTAEMBALDE","Type of Animal":"Poultry"},"geometry":{"type":"Point","coordinates":[-5.708206,37.511831]}},{"type":"Feature","properties":{"Unique ID":1173,"installationName":"CASILLA NARVAEZ","Type of Animal":"Pigs"},"geometry":{"type":"Point","coordinates":[-5.633474,37.467276]}},{"type":"Feature","properties":{"Unique ID":1174,"installationName":"AVICOLA LA COLINA, S.L.","Type of Animal":"Poultry"},"geometry":{"type":"Point","coordinates":[-3.1167,40.334]}},{"type":"Feature","properties":{"Unique ID":1175,"installationName":"GRANJA AGAS I.","Type of Animal":"Poultry"},"geometry":{"type":"Point","coordinates":[-1.9357,39.5445]}},{"type":"Feature","properties":{"Unique ID":1176,"installationName":"GRANJA AGAS II","Type of Animal":"Poultry"},"geometry":{"type":"Point","coordinates":[-1.9357,39.5445]}},{"type":"Feature","properties":{"Unique ID":1177,"installationName":"AVÍCOLA EL ARROYUELO S.L.","Type of Animal":"Poultry"},"geometry":{"type":"Point","coordinates":[-4.221,39.6842]}},{"type":"Feature","properties":{"Unique ID":1178,"installationName":"AGRÍCOLA GANADERA HERMANOS LÓPEZ S.L. (AAI-TO-132)","Type of Animal":"Pigs"},"geometry":{"type":"Point","coordinates":[-5.1521,39.7967]}},{"type":"Feature","properties":{"Unique ID":1179,"installationName":"AGRÍCOLA GANADERA HERMANOS LÓPEZ S.L. (AAI-TO-130)","Type of Animal":"Pigs"},"geometry":{"type":"Point","coordinates":[-5.0518,39.834]}},{"type":"Feature","properties":{"Unique ID":1180,"installationName":"AVÍCOLA PADRINO SL.","Type of Animal":"Poultry"},"geometry":{"type":"Point","coordinates":[-3.9322,40.0444]}},{"type":"Feature","properties":{"Unique ID":1181,"installationName":"GRANJA AVÍCOLA SAN ANTONIO S.A. I (AAI-TO-099)","Type of Animal":"Poultry"},"geometry":{"type":"Point","coordinates":[-3.6062,39.6181]}},{"type":"Feature","properties":{"Unique ID":1182,"installationName":"GANADERÍA LAS CRUCES S.L.","Type of Animal":"Pigs"},"geometry":{"type":"Point","coordinates":[-4.2739,39.8866]}},{"type":"Feature","properties":{"Unique ID":1183,"installationName":"ÁNGEL PANTOJA VILLASEVIL","Type of Animal":"Pigs"},"geometry":{"type":"Point","coordinates":[-4.172,39.7991]}},{"type":"Feature","properties":{"Unique ID":1184,"installationName":"AGROPECUARIA G.V., S.L.","Type of Animal":"Pigs"},"geometry":{"type":"Point","coordinates":[-4.1322,39.7534]}},{"type":"Feature","properties":{"Unique ID":1185,"installationName":"DIONISIA RODRÍGUEZ, C.B.","Type of Animal":"Pigs"},"geometry":{"type":"Point","coordinates":[-3.61,39.47]}},{"type":"Feature","properties":{"Unique ID":1186,"installationName":"RECRÍA DE GANADO TESTADO, S.L. (REGATES I) AAI-TO-152","Type of Animal":"Pigs"},"geometry":{"type":"Point","coordinates":[-4.0911,40.0207]}},{"type":"Feature","properties":{"Unique ID":1187,"installationName":"INVERSIONES GANADERAS PORCINAS S.L. (INGAPOR S.L.)","Type of Animal":"Pigs"},"geometry":{"type":"Point","coordinates":[-1.3624,38.8968]}},{"type":"Feature","properties":{"Unique ID":1188,"installationName":"PICO DE LA TIENDA, S.L.","Type of Animal":"Pigs"},"geometry":{"type":"Point","coordinates":[-1.486,38.4236]}},{"type":"Feature","properties":{"Unique ID":1189,"installationName":"JUAN JIMÉNEZ GARCÍA, S.A. PARAJE HORNAGUERA ALTO (AAI-TO-140)","Type of Animal":"Pigs"},"geometry":{"type":"Point","coordinates":[-4.5891,39.8938]}},{"type":"Feature","properties":{"Unique ID":1190,"installationName":"TOJILOR, S.L. (GRANJA OCHAVO DE ACEITE)","Type of Animal":"Pigs"},"geometry":{"type":"Point","coordinates":[-4.5851,39.8633]}},{"type":"Feature","properties":{"Unique ID":1191,"installationName":"SEYSA, S.A (AAI-TO-097) FINCA BUENAVISTA","Type of Animal":"Pigs"},"geometry":{"type":"Point","coordinates":[-4.1315,40.0702]}},{"type":"Feature","properties":{"Unique ID":1192,"installationName":"SEYSA, S.A. (AAI-TO-111) GRANJA EL PARRAL","Type of Animal":"Pigs"},"geometry":{"type":"Point","coordinates":[-4.1349,40.0239]}},{"type":"Feature","properties":{"Unique ID":1193,"installationName":"EXPLOTACIONES GANADERAS HNOS CABAÑAS S.L.","Type of Animal":"Pigs"},"geometry":{"type":"Point","coordinates":[-4.0144,40.0542]}},{"type":"Feature","properties":{"Unique ID":1194,"installationName":"INTEGRACIONES PORCINAS AMMA, S.L.  ","Type of Animal":"Pigs"},"geometry":{"type":"Point","coordinates":[-3.991,40.0648]}},{"type":"Feature","properties":{"Unique ID":1195,"installationName":"AVÍCOLA MORALEJA, S.A.","Type of Animal":"Poultry"},"geometry":{"type":"Point","coordinates":[-3.7754,40.002]}},{"type":"Feature","properties":{"Unique ID":1196,"installationName":"CANTOS BLANCOS - CENTRO COLINAS","Type of Animal":"Poultry"},"geometry":{"type":"Point","coordinates":[-3.229023,40.675727]}},{"type":"Feature","properties":{"Unique ID":1197,"installationName":"PROYECTOS ROTUR-3 S.L.","Type of Animal":"Pigs"},"geometry":{"type":"Point","coordinates":[-4.6965,39.7185]}},{"type":"Feature","properties":{"Unique ID":1198,"installationName":"FRANCISCO DE LUCAS E HIJOS S.A.","Type of Animal":"Poultry"},"geometry":{"type":"Point","coordinates":[-3.0813,40.32]}},{"type":"Feature","properties":{"Unique ID":1199,"installationName":"BECERRA PONCE S.L.","Type of Animal":"Poultry"},"geometry":{"type":"Point","coordinates":[-3.0295,39.1758]}},{"type":"Feature","properties":{"Unique ID":1200,"installationName":"GRANJAS VALERO S.L.","Type of Animal":"Poultry"},"geometry":{"type":"Point","coordinates":[-2.9884,40.3041]}},{"type":"Feature","properties":{"Unique ID":1201,"installationName":"AGROPECUARIA LAS CASETAS I","Type of Animal":"Pigs"},"geometry":{"type":"Point","coordinates":[-4.2688,39.6838]}},{"type":"Feature","properties":{"Unique ID":1202,"installationName":"AGROPECUARIA LAS CASETAS II","Type of Animal":"Pigs"},"geometry":{"type":"Point","coordinates":[-4.2653,39.6845]}},{"type":"Feature","properties":{"Unique ID":1203,"installationName":"AVÍCOLA OLIVARES S.L.","Type of Animal":"Poultry"},"geometry":{"type":"Point","coordinates":[-3.6504,39.4513]}},{"type":"Feature","properties":{"Unique ID":1204,"installationName":"EXPLOTACION GANADERA LA GUILLEMA, S.L.","Type of Animal":"Poultry"},"geometry":{"type":"Point","coordinates":[-3.66982,39.42718]}},{"type":"Feature","properties":{"Unique ID":1205,"installationName":"EXPLOTACIONES AVÍCOLA JOSE LUIS REDONDO, S.A.","Type of Animal":"Poultry"},"geometry":{"type":"Point","coordinates":[-3.1336,40.8639]}},{"type":"Feature","properties":{"Unique ID":1206,"installationName":"DAGU, S.A.","Type of Animal":"Poultry"},"geometry":{"type":"Point","coordinates":[-3.2245,40.5787]}},{"type":"Feature","properties":{"Unique ID":1207,"installationName":"INDUSTRIAS AVÍCOLAS HERPOGA S.L.","Type of Animal":"Poultry"},"geometry":{"type":"Point","coordinates":[-2.9847,39.9093]}},{"type":"Feature","properties":{"Unique ID":1208,"installationName":"GRANJA AVÍCOLA EL ÁNGEL","Type of Animal":"Poultry"},"geometry":{"type":"Point","coordinates":[-3.9423,40.1091]}},{"type":"Feature","properties":{"Unique ID":1209,"installationName":"CEFU, S.A.","Type of Animal":"Pigs"},"geometry":{"type":"Point","coordinates":[-4.2605,39.9654]}},{"type":"Feature","properties":{"Unique ID":1210,"installationName":"AVICENTRO S.L.","Type of Animal":"Poultry"},"geometry":{"type":"Point","coordinates":[-2.8264,40.4867]}},{"type":"Feature","properties":{"Unique ID":1211,"installationName":"ANA ISABEL GÓMEZ CORONA","Type of Animal":"Pigs"},"geometry":{"type":"Point","coordinates":[-4.5738,39.6677]}},{"type":"Feature","properties":{"Unique ID":1212,"installationName":"JUCAMPA, C.B.","Type of Animal":"Pigs"},"geometry":{"type":"Point","coordinates":[-4.2171,39.9852]}},{"type":"Feature","properties":{"Unique ID":1213,"installationName":"AGROPECUARIA JARALLANA, S.L.","Type of Animal":"Pigs"},"geometry":{"type":"Point","coordinates":[-6.036901,39.718411]}},{"type":"Feature","properties":{"Unique ID":1214,"installationName":"Les Vinyes","Type of Animal":"Pigs"},"geometry":{"type":"Point","coordinates":[0.508477,41.532303]}},{"type":"Feature","properties":{"Unique ID":1215,"installationName":"GRANJA LA BRUGUERA","Type of Animal":"Pigs"},"geometry":{"type":"Point","coordinates":[2.212977,42.031899]}},{"type":"Feature","properties":{"Unique ID":1216,"installationName":"GRANJA CORREGÓ I","Type of Animal":"Pigs"},"geometry":{"type":"Point","coordinates":[0.657429,41.716197]}},{"type":"Feature","properties":{"Unique ID":1217,"installationName":"GRANJA TOSSALET","Type of Animal":"Pigs"},"geometry":{"type":"Point","coordinates":[1.159511,41.913929]}},{"type":"Feature","properties":{"Unique ID":1218,"installationName":"GRANJA LA CLOTA","Type of Animal":"Pigs"},"geometry":{"type":"Point","coordinates":[2.162165,41.594269]}},{"type":"Feature","properties":{"Unique ID":1219,"installationName":"GRANJA MAS TOLOSA","Type of Animal":"Pigs"},"geometry":{"type":"Point","coordinates":[1.31714,41.746941]}},{"type":"Feature","properties":{"Unique ID":1220,"installationName":"GRANJA LA FABRICA","Type of Animal":"Pigs"},"geometry":{"type":"Point","coordinates":[0.556157,41.368252]}},{"type":"Feature","properties":{"Unique ID":1221,"installationName":"GRANJA SERENTILL","Type of Animal":"Pigs"},"geometry":{"type":"Point","coordinates":[0.408107,41.494159]}},{"type":"Feature","properties":{"Unique ID":1222,"installationName":"CASANOVA DEL SOLER DE L´ESPINA","Type of Animal":"Pigs"},"geometry":{"type":"Point","coordinates":[2.182943,41.803211]}},{"type":"Feature","properties":{"Unique ID":1223,"installationName":"GERMANS CASTELL XX SL","Type of Animal":"Poultry"},"geometry":{"type":"Point","coordinates":[0.396958,40.612674]}},{"type":"Feature","properties":{"Unique ID":1224,"installationName":"MAS LA CORTADA","Type of Animal":"Pigs"},"geometry":{"type":"Point","coordinates":[1.976563,42.00977]}},{"type":"Feature","properties":{"Unique ID":1225,"installationName":"GRANJA ALONSO","Type of Animal":"Pigs"},"geometry":{"type":"Point","coordinates":[0.294222,40.974529]}},{"type":"Feature","properties":{"Unique ID":1226,"installationName":"GRANJA BIAU MORELL","Type of Animal":"Pigs"},"geometry":{"type":"Point","coordinates":[0.401377,41.478246]}},{"type":"Feature","properties":{"Unique ID":1227,"installationName":"CAN TRULLS","Type of Animal":"Pigs"},"geometry":{"type":"Point","coordinates":[1.835637,41.991003]}},{"type":"Feature","properties":{"Unique ID":1228,"installationName":"GRANJA LLUISA GODIA","Type of Animal":"Pigs"},"geometry":{"type":"Point","coordinates":[0.43226,41.599711]}},{"type":"Feature","properties":{"Unique ID":1229,"installationName":"GRANJA CUARTOCHICO S.L.","Type of Animal":"Pigs"},"geometry":{"type":"Point","coordinates":[-1.6675,42.223889]}},{"type":"Feature","properties":{"Unique ID":1230,"installationName":"ES500950000309-CERDOS-EJEA DE LOS CABALLEROS","Type of Animal":"Pigs"},"geometry":{"type":"Point","coordinates":[-1.12358,42.068362]}},{"type":"Feature","properties":{"Unique ID":1231,"installationName":"ES500950000271-CERDOS-EJEA DE LOS CABALLEROS","Type of Animal":"Pigs"},"geometry":{"type":"Point","coordinates":[-1.235999,42.188303]}},{"type":"Feature","properties":{"Unique ID":1232,"installationName":"ES502520000159-TAUSTE","Type of Animal":"Pigs"},"geometry":{"type":"Point","coordinates":[-1.25214,41.92132]}},{"type":"Feature","properties":{"Unique ID":1233,"installationName":"ES502520000161-CERDOS-TAUSTE","Type of Animal":"Pigs"},"geometry":{"type":"Point","coordinates":[-1.204049,41.883916]}},{"type":"Feature","properties":{"Unique ID":1234,"installationName":"ES502520000137-CERDOS-TAUSTE","Type of Animal":"Pigs"},"geometry":{"type":"Point","coordinates":[-1.25214,41.92132]}},{"type":"Feature","properties":{"Unique ID":1235,"installationName":"ES221740000065-CERDOS-PERALTA DE ALCOFEA","Type of Animal":"Pigs"},"geometry":{"type":"Point","coordinates":[-0.096154,41.91967]}},{"type":"Feature","properties":{"Unique ID":1236,"installationName":"ES221650000073-CERDOS-ONTIÑENA","Type of Animal":"Pigs"},"geometry":{"type":"Point","coordinates":[0.061204,41.680547]}},{"type":"Feature","properties":{"Unique ID":1237,"installationName":"LUIS FERNANDO GARCÍA VALDEMORO","Type of Animal":"Pigs"},"geometry":{"type":"Point","coordinates":[-1.67607,41.99854]}},{"type":"Feature","properties":{"Unique ID":1238,"installationName":"ES220830000036-CERDOS-CASTEJÓN DE MONEGROS","Type of Animal":"Pigs"},"geometry":{"type":"Point","coordinates":[-0.153788,41.623343]}},{"type":"Feature","properties":{"Unique ID":1239,"installationName":"GRANJA SOLER (7910EZ)","Type of Animal":"Pigs"},"geometry":{"type":"Point","coordinates":[0.472365,41.562009]}},{"type":"Feature","properties":{"Unique ID":1240,"installationName":"ES502300000027-SÁDABA","Type of Animal":"Pigs"},"geometry":{"type":"Point","coordinates":[-1.26803,42.28441]}},{"type":"Feature","properties":{"Unique ID":1241,"installationName":"EXPLOTACION LA VENTICA","Type of Animal":"Pigs"},"geometry":{"type":"Point","coordinates":[-2.13729,37.929751]}},{"type":"Feature","properties":{"Unique ID":1242,"installationName":"ES502920000802-GALLINAS-VILLARREAL DE HUERVA","Type of Animal":"Poultry"},"geometry":{"type":"Point","coordinates":[-1.295746,41.182053]}},{"type":"Feature","properties":{"Unique ID":1243,"installationName":"EXPL.VENTA LAS CAÑADAS,S.C.-PORCINO","Type of Animal":"Poultry"},"geometry":{"type":"Point","coordinates":[-1.292068,41.1887]}},{"type":"Feature","properties":{"Unique ID":1244,"installationName":"ES502300000038-CERDOS-SÁDABA","Type of Animal":"Pigs"},"geometry":{"type":"Point","coordinates":[-1.271051,42.28222]}},{"type":"Feature","properties":{"Unique ID":1245,"installationName":"ES220250000810-GALLINAS-ALTORRICÓN","Type of Animal":"Poultry"},"geometry":{"type":"Point","coordinates":[0.413107,41.801566]}},{"type":"Feature","properties":{"Unique ID":1246,"installationName":"ES220170000047-CERDOS-ALCOLEA DE CINCA","Type of Animal":"Pigs"},"geometry":{"type":"Point","coordinates":[0.062021,41.740006]}},{"type":"Feature","properties":{"Unique ID":1247,"installationName":"ES229050000023-CERDOS-LUPIÑÉN-ORTILLA","Type of Animal":"Pigs"},"geometry":{"type":"Point","coordinates":[-0.582219,42.175202]}},{"type":"Feature","properties":{"Unique ID":1248,"installationName":"JAVIER IGNACIO OJER EGUARAS","Type of Animal":"Pigs"},"geometry":{"type":"Point","coordinates":[-1.28138,42.57708]}},{"type":"Feature","properties":{"Unique ID":1249,"installationName":"GRANJA ARCADI, S.L.-1 POL 13 PARC 115","Type of Animal":"Pigs"},"geometry":{"type":"Point","coordinates":[-1.616106,42.311116]}},{"type":"Feature","properties":{"Unique ID":1250,"installationName":"ES500950000263-CERDOS-EJEA DE LOS CABALLEROS","Type of Animal":"Pigs"},"geometry":{"type":"Point","coordinates":[-1.198917,42.179423]}},{"type":"Feature","properties":{"Unique ID":1251,"installationName":"NILASA, S.A (EL SOTO I)","Type of Animal":"Pigs"},"geometry":{"type":"Point","coordinates":[-4.697881,41.015625]}},{"type":"Feature","properties":{"Unique ID":1252,"installationName":"GANAHER (EL TELEGRAFO)","Type of Animal":"Pigs"},"geometry":{"type":"Point","coordinates":[-4.594561,40.965192]}},{"type":"Feature","properties":{"Unique ID":1253,"installationName":"ES220180000016-CERDOS-ALCUBIERRE","Type of Animal":"Pigs"},"geometry":{"type":"Point","coordinates":[-0.377678,41.834349]}},{"type":"Feature","properties":{"Unique ID":1254,"installationName":"GRANJA COLUBI-LARA","Type of Animal":"Pigs"},"geometry":{"type":"Point","coordinates":[-3.653283,42.088928]}},{"type":"Feature","properties":{"Unique ID":1255,"installationName":"MIGUEL ANGEL MARIN ESCRIBANO","Type of Animal":"Pigs"},"geometry":{"type":"Point","coordinates":[-1.44192,42.37948]}},{"type":"Feature","properties":{"Unique ID":1256,"installationName":"GRANJA SAN ROMÁN, S.L.","Type of Animal":"Poultry"},"geometry":{"type":"Point","coordinates":[-1.878205,42.72444]}},{"type":"Feature","properties":{"Unique ID":1257,"installationName":"GRANJA AVÍCOLA ÁLVAREZ, S.L.","Type of Animal":"Poultry"},"geometry":{"type":"Point","coordinates":[-4.028278,42.514792]}},{"type":"Feature","properties":{"Unique ID":1258,"installationName":"FINCA EL MACHÓN DEL VALIENTE","Type of Animal":"Pigs"},"geometry":{"type":"Point","coordinates":[-5.18639,37.52228]}},{"type":"Feature","properties":{"Unique ID":1259,"installationName":"GRANJA LA PEDRICA","Type of Animal":"Pigs"},"geometry":{"type":"Point","coordinates":[-4.925602,37.009117]}},{"type":"Feature","properties":{"Unique ID":1260,"installationName":"EXPLOTACIÓN PORCINA COLADA BAJA","Type of Animal":"Pigs"},"geometry":{"type":"Point","coordinates":[-5.021635,36.918264]}},{"type":"Feature","properties":{"Unique ID":1261,"installationName":"GRANJA \"EL ARENAL\"","Type of Animal":"Pigs"},"geometry":{"type":"Point","coordinates":[-4.991071,37.809425]}},{"type":"Feature","properties":{"Unique ID":1262,"installationName":"EL ENCEBRO","Type of Animal":"Pigs"},"geometry":{"type":"Point","coordinates":[-5.010996,37.045067]}},{"type":"Feature","properties":{"Unique ID":1263,"installationName":"CEFU S.A.","Type of Animal":"Pigs"},"geometry":{"type":"Point","coordinates":[-3.133338,37.300608]}},{"type":"Feature","properties":{"Unique ID":1264,"installationName":"GRANJA EL RINCÓN- EL SALTADOR","Type of Animal":"Pigs"},"geometry":{"type":"Point","coordinates":[-1.845145,37.40778]}},{"type":"Feature","properties":{"Unique ID":1265,"installationName":"GRANJA VILLAMARÍA","Type of Animal":"Pigs"},"geometry":{"type":"Point","coordinates":[-2.132459,36.920007]}},{"type":"Feature","properties":{"Unique ID":1266,"installationName":"VIÑA VIEJAS","Type of Animal":"Pigs"},"geometry":{"type":"Point","coordinates":[-5.701416,37.417865]}},{"type":"Feature","properties":{"Unique ID":1267,"installationName":"Promalia Proyectos, SL","Type of Animal":"Pigs"},"geometry":{"type":"Point","coordinates":[-8.610518,43.282857]}},{"type":"Feature","properties":{"Unique ID":1268,"installationName":"Ganadería Dacosta, SC","Type of Animal":"Pigs"},"geometry":{"type":"Point","coordinates":[-8.026181,42.616934]}},{"type":"Feature","properties":{"Unique ID":1269,"installationName":"ARS II","Type of Animal":"Pigs"},"geometry":{"type":"Point","coordinates":[0.40772,41.497895]}},{"type":"Feature","properties":{"Unique ID":1270,"installationName":"MAS BONELLS (Santa Maria de Merles)","Type of Animal":"Pigs"},"geometry":{"type":"Point","coordinates":[1.99878,42.017621]}},{"type":"Feature","properties":{"Unique ID":1271,"installationName":"EXPLOTACIÓN AVÍCOLA GRANJA RETAMAR.- GRANJA RETAMAR, C.B.","Type of Animal":"Poultry"},"geometry":{"type":"Point","coordinates":[-5.747927,39.229252]}},{"type":"Feature","properties":{"Unique ID":1272,"installationName":"AGROPECUARIA VEGAS ALTAS S.L.-PALAZUELOS","Type of Animal":"Pigs"},"geometry":{"type":"Point","coordinates":[-6.232222,38.861389]}},{"type":"Feature","properties":{"Unique ID":1273,"installationName":"NAVARRETINTO, S.L.","Type of Animal":"Pigs"},"geometry":{"type":"Point","coordinates":[-5.233333,39.033333]}},{"type":"Feature","properties":{"Unique ID":1274,"installationName":"CARLOS SERRET SALVADOR ","Type of Animal":"Pigs"},"geometry":{"type":"Point","coordinates":[0.001913,40.171389]}},{"type":"Feature","properties":{"Unique ID":1275,"installationName":"GANADOS SELECTOS MORELLA","Type of Animal":"Pigs"},"geometry":{"type":"Point","coordinates":[-0.069142,40.604981]}},{"type":"Feature","properties":{"Unique ID":1276,"installationName":"HERMANOS BERNAL PALAU, C.B.","Type of Animal":"Pigs"},"geometry":{"type":"Point","coordinates":[-0.036153,40.174696]}},{"type":"Feature","properties":{"Unique ID":1277,"installationName":"AVICOLA HERMANOS CERVERA","Type of Animal":"Poultry"},"geometry":{"type":"Point","coordinates":[-0.586979,39.250736]}},{"type":"Feature","properties":{"Unique ID":1278,"installationName":"INTEGRACIONES AVÍCOLAS VALENCIANAS","Type of Animal":"Poultry"},"geometry":{"type":"Point","coordinates":[-1.163816,39.577076]}},{"type":"Feature","properties":{"Unique ID":1279,"installationName":"HERDEMON, CEBO BLANCO, S.L","Type of Animal":"Pigs"},"geometry":{"type":"Point","coordinates":[-4.679532,41.159658]}},{"type":"Feature","properties":{"Unique ID":1280,"installationName":"MARIANO LUENGO MOLINERO","Type of Animal":"Pigs"},"geometry":{"type":"Point","coordinates":[-4.691441,41.169221]}},{"type":"Feature","properties":{"Unique ID":1281,"installationName":"MAYOR OÑATE","Type of Animal":"Pigs"},"geometry":{"type":"Point","coordinates":[-1.57334,42.03033]}},{"type":"Feature","properties":{"Unique ID":1282,"installationName":"Finca Valverde","Type of Animal":"Pigs"},"geometry":{"type":"Point","coordinates":[-5.819322,40.884022]}},{"type":"Feature","properties":{"Unique ID":1283,"installationName":"AGROPECUARIA DEL GAMO","Type of Animal":"Pigs"},"geometry":{"type":"Point","coordinates":[-5.169778,40.790203]}},{"type":"Feature","properties":{"Unique ID":1284,"installationName":"ES220830000037-CERDOS-CASTEJÓN DE MONEGROS","Type of Animal":"Pigs"},"geometry":{"type":"Point","coordinates":[-0.150545,41.61196]}},{"type":"Feature","properties":{"Unique ID":1285,"installationName":"ES220830000038-CERDOS-CASTEJÓN DE MONEGROS","Type of Animal":"Pigs"},"geometry":{"type":"Point","coordinates":[-0.166459,41.607797]}},{"type":"Feature","properties":{"Unique ID":1286,"installationName":"ES502520000136-CERDOS-TAUSTE","Type of Animal":"Pigs"},"geometry":{"type":"Point","coordinates":[-1.262988,42.017458]}},{"type":"Feature","properties":{"Unique ID":1287,"installationName":"EXPLOTACION PORCINA DE CEBO","Type of Animal":"Pigs"},"geometry":{"type":"Point","coordinates":[-1.710438,37.801544]}},{"type":"Feature","properties":{"Unique ID":1288,"installationName":"PEDRO ANTONIO IGLESIAS GAZQUEZ","Type of Animal":"Pigs"},"geometry":{"type":"Point","coordinates":[-1.922238,37.723786]}},{"type":"Feature","properties":{"Unique ID":1289,"installationName":"EXPLOTACION PORCINA DE CEBO - LOS BONILLOS","Type of Animal":"Pigs"},"geometry":{"type":"Point","coordinates":[-1.908529,37.614676]}},{"type":"Feature","properties":{"Unique ID":1290,"installationName":"EXPLOTACION PORCINA DE CEBO, LAS BARRACAS","Type of Animal":"Pigs"},"geometry":{"type":"Point","coordinates":[-1.89504,37.843379]}},{"type":"Feature","properties":{"Unique ID":1291,"installationName":"EXPLOTACION PORCINA DE CEBO - ESPERANZA FERNANDEZ","Type of Animal":"Pigs"},"geometry":{"type":"Point","coordinates":[-1.893493,37.825179]}},{"type":"Feature","properties":{"Unique ID":1292,"installationName":"EXPLOTACION PORCINA DE CEBO RANCISCO JOSE BELMONTE PEREZ Y D. JOSE ANTONIO BELMONTE PEREZ","Type of Animal":"Pigs"},"geometry":{"type":"Point","coordinates":[-1.859889,37.863935]}},{"type":"Feature","properties":{"Unique ID":1293,"installationName":"EXPLOTACION PORCINA DE CEBO - PEDRO SANCHEZ VALVERDE","Type of Animal":"Pigs"},"geometry":{"type":"Point","coordinates":[-1.861443,37.841229]}},{"type":"Feature","properties":{"Unique ID":1294,"installationName":"GRANJA FELI","Type of Animal":"Pigs"},"geometry":{"type":"Point","coordinates":[-1.628411,37.596169]}},{"type":"Feature","properties":{"Unique ID":1295,"installationName":"ES501340000014-CERDOS-LANGA DEL CASTILLO","Type of Animal":"Pigs"},"geometry":{"type":"Point","coordinates":[-1.391806,41.209585]}},{"type":"Feature","properties":{"Unique ID":1296,"installationName":"EXPLOTACION PORCINA TIPO MIXTO EN TIPO CAMPING- GANADERA LA TOVA","Type of Animal":"Pigs"},"geometry":{"type":"Point","coordinates":[-1.69421,37.67618]}},{"type":"Feature","properties":{"Unique ID":1297,"installationName":"EXPLOTACION PORCINA DE VENTA DE LECHONES, EN ESTABULACION TIPO CAMPING- LAS NUBES","Type of Animal":"Pigs"},"geometry":{"type":"Point","coordinates":[-1.755431,37.71333]}},{"type":"Feature","properties":{"Unique ID":1298,"installationName":"EXPLOTACION PORCINA DE CICLO CERRADO - JOSE MARTINEZ","Type of Animal":"Pigs"},"geometry":{"type":"Point","coordinates":[-1.496313,37.748381]}},{"type":"Feature","properties":{"Unique ID":1299,"installationName":"EXPLOTACION PORCINA DE TIPO MIXTO - FRANCISCO MORENO","Type of Animal":"Pigs"},"geometry":{"type":"Point","coordinates":[-1.670675,37.58152]}},{"type":"Feature","properties":{"Unique ID":1300,"installationName":"EXPLOTACION PORCINA DE VENTA DE LECHONES - ANTIGUA GANADERA LORQUINA","Type of Animal":"Pigs"},"geometry":{"type":"Point","coordinates":[-1.608171,37.62782]}},{"type":"Feature","properties":{"Unique ID":1301,"installationName":"GRANJA EL TRASPOLIN","Type of Animal":"Pigs"},"geometry":{"type":"Point","coordinates":[-1.287237,38.007997]}},{"type":"Feature","properties":{"Unique ID":1302,"installationName":"ES222250000003-CERDOS-TAMARITE DE LITERA","Type of Animal":"Pigs"},"geometry":{"type":"Point","coordinates":[0.418799,41.852692]}},{"type":"Feature","properties":{"Unique ID":1303,"installationName":"JOAQUIN CASADO OLALLA","Type of Animal":"Pigs"},"geometry":{"type":"Point","coordinates":[-3.499533,41.754217]}},{"type":"Feature","properties":{"Unique ID":1304,"installationName":"CURREBO S.L.","Type of Animal":"Pigs"},"geometry":{"type":"Point","coordinates":[-3.694092,41.311631]}},{"type":"Feature","properties":{"Unique ID":1305,"installationName":"GRANJA SANTA CRUZ","Type of Animal":"Poultry"},"geometry":{"type":"Point","coordinates":[-3.587822,41.577467]}},{"type":"Feature","properties":{"Unique ID":1306,"installationName":"ES220210000037-CERDOS-ALMUDÉVAR","Type of Animal":"Pigs"},"geometry":{"type":"Point","coordinates":[-0.636385,42.005954]}},{"type":"Feature","properties":{"Unique ID":1307,"installationName":"S.A.T. 6277 EL ESCOPAR","Type of Animal":"Pigs"},"geometry":{"type":"Point","coordinates":[-1.734123,42.266004]}},{"type":"Feature","properties":{"Unique ID":1308,"installationName":"GRANJA EL ROMERAL. PIENSOS Y GANADOS PERDIGÓN","Type of Animal":"Pigs"},"geometry":{"type":"Point","coordinates":[-1.416667,37.85]}},{"type":"Feature","properties":{"Unique ID":1309,"installationName":"LECHONES REGAÑO JIMÉNEZ, S.L.","Type of Animal":"Pigs"},"geometry":{"type":"Point","coordinates":[-2.413056,41.408333]}},{"type":"Feature","properties":{"Unique ID":1310,"installationName":"ES222360000057-CERDOS-TORRES DE BARBUÉS","Type of Animal":"Pigs"},"geometry":{"type":"Point","coordinates":[-0.46852,41.950315]}},{"type":"Feature","properties":{"Unique ID":1311,"installationName":"GRANJA OQUILLAS - HERLALLA","Type of Animal":"Pigs"},"geometry":{"type":"Point","coordinates":[-3.706783,41.823231]}},{"type":"Feature","properties":{"Unique ID":1312,"installationName":"LAGUNILLA SA","Type of Animal":"Pigs"},"geometry":{"type":"Point","coordinates":[-4.300556,40.867222]}},{"type":"Feature","properties":{"Unique ID":1313,"installationName":"ES221840000018-CERDOS-POLEÑINO","Type of Animal":"Pigs"},"geometry":{"type":"Point","coordinates":[-0.305625,41.860877]}},{"type":"Feature","properties":{"Unique ID":1314,"installationName":"ES501020000009-FABARA","Type of Animal":"Pigs"},"geometry":{"type":"Point","coordinates":[0.158167,41.18374]}},{"type":"Feature","properties":{"Unique ID":1315,"installationName":"ES442650000015-CERDOS-VINACEITE","Type of Animal":"Pigs"},"geometry":{"type":"Point","coordinates":[-0.604681,41.308129]}},{"type":"Feature","properties":{"Unique ID":1316,"installationName":"ES442650000008-CERDOS-VINACEITE","Type of Animal":"Pigs"},"geometry":{"type":"Point","coordinates":[-0.577864,41.273972]}},{"type":"Feature","properties":{"Unique ID":1317,"installationName":"GRANJA JOSE ANDRÉS REYES PÉREZ","Type of Animal":"Pigs"},"geometry":{"type":"Point","coordinates":[-4.081792,41.438906]}},{"type":"Feature","properties":{"Unique ID":1318,"installationName":"ES221160000124-CERDOS-GRAÑÉN","Type of Animal":"Pigs"},"geometry":{"type":"Point","coordinates":[-0.365126,41.99251]}},{"type":"Feature","properties":{"Unique ID":1319,"installationName":"GRANJA TXAPARDUIA, S.L.","Type of Animal":"Poultry"},"geometry":{"type":"Point","coordinates":[-2.13213,42.77503]}},{"type":"Feature","properties":{"Unique ID":1320,"installationName":"SCA MUNARRIZ LA Y DIEZ BARBARIN M","Type of Animal":"Poultry"},"geometry":{"type":"Point","coordinates":[-2.03111,42.67453]}},{"type":"Feature","properties":{"Unique ID":1321,"installationName":"ES221160000851-GALLINAS-GRAÑÉN","Type of Animal":"Poultry"},"geometry":{"type":"Point","coordinates":[-0.363128,41.967069]}},{"type":"Feature","properties":{"Unique ID":1322,"installationName":"GABRIEL GONZÁLEZ PÉREZ","Type of Animal":"Pigs"},"geometry":{"type":"Point","coordinates":[-1.335429,37.772694]}},{"type":"Feature","properties":{"Unique ID":1323,"installationName":"EXPLOTACION AVICOLA DE CEBO-ALCAZAREN","Type of Animal":"Poultry"},"geometry":{"type":"Point","coordinates":[-4.678981,41.360372]}},{"type":"Feature","properties":{"Unique ID":1324,"installationName":"ANRAL, S.L.","Type of Animal":"Pigs"},"geometry":{"type":"Point","coordinates":[-5.230964,41.510042]}},{"type":"Feature","properties":{"Unique ID":1325,"installationName":"ABELARDO MARTÍNEZ GARCÍA Y DOS MAS, S.C","Type of Animal":"Pigs"},"geometry":{"type":"Point","coordinates":[-4.104317,42.120711]}},{"type":"Feature","properties":{"Unique ID":1326,"installationName":"EXPLOTACIONES SOLALBA, S.L.","Type of Animal":"Pigs"},"geometry":{"type":"Point","coordinates":[-5.559794,41.413686]}},{"type":"Feature","properties":{"Unique ID":1327,"installationName":"AVÍCOLA VELASCO, S.L.","Type of Animal":"Poultry"},"geometry":{"type":"Point","coordinates":[-4.430658,40.796794]}},{"type":"Feature","properties":{"Unique ID":1328,"installationName":"SERGIO GÓMEZ OTERO","Type of Animal":"Pigs"},"geometry":{"type":"Point","coordinates":[-4.219483,41.239911]}},{"type":"Feature","properties":{"Unique ID":1329,"installationName":"EL CONEJAR","Type of Animal":"Pigs"},"geometry":{"type":"Point","coordinates":[-5.733264,41.170192]}},{"type":"Feature","properties":{"Unique ID":1330,"installationName":"MIGUEL IBÁÑEZ LADISLAO Y OTROS","Type of Animal":"Pigs"},"geometry":{"type":"Point","coordinates":[-3.048333,41.966667]}},{"type":"Feature","properties":{"Unique ID":1331,"installationName":"DAGON","Type of Animal":"Pigs"},"geometry":{"type":"Point","coordinates":[-3.794278,42.073831]}},{"type":"Feature","properties":{"Unique ID":1332,"installationName":"MATADEROS DEL SUROESTE, S.L.","Type of Animal":"Pigs"},"geometry":{"type":"Point","coordinates":[-6.666136,40.517844]}},{"type":"Feature","properties":{"Unique ID":1333,"installationName":"CEBO LA GOBERNADORA","Type of Animal":"Pigs"},"geometry":{"type":"Point","coordinates":[-5.708658,41.369486]}},{"type":"Feature","properties":{"Unique ID":1334,"installationName":"MARÍA CRISTINA POZO RAMOS","Type of Animal":"Pigs"},"geometry":{"type":"Point","coordinates":[-3.7325,42.064722]}},{"type":"Feature","properties":{"Unique ID":1335,"installationName":"MAFEPORK GANADEROS, S.L.","Type of Animal":"Pigs"},"geometry":{"type":"Point","coordinates":[-1.997808,41.772314]}},{"type":"Feature","properties":{"Unique ID":1336,"installationName":"VALDEROBIA S.L.","Type of Animal":"Pigs"},"geometry":{"type":"Point","coordinates":[-2.165664,41.807644]}},{"type":"Feature","properties":{"Unique ID":1337,"installationName":"HERGAPOR, S.L.","Type of Animal":"Pigs"},"geometry":{"type":"Point","coordinates":[-4.227347,41.923917]}},{"type":"Feature","properties":{"Unique ID":1338,"installationName":"ES501510000034-CERDOS-LUNA","Type of Animal":"Pigs"},"geometry":{"type":"Point","coordinates":[-1.008497,42.126521]}},{"type":"Feature","properties":{"Unique ID":1339,"installationName":"GRANJA MONTE MELÍN","Type of Animal":"Pigs"},"geometry":{"type":"Point","coordinates":[-4.921502,37.231323]}},{"type":"Feature","properties":{"Unique ID":1340,"installationName":"CEBADERO LA CAPELLANÍA","Type of Animal":"Pigs"},"geometry":{"type":"Point","coordinates":[-5.014087,37.660869]}},{"type":"Feature","properties":{"Unique ID":1341,"installationName":"GRANJA PORCINA","Type of Animal":"Pigs"},"geometry":{"type":"Point","coordinates":[-2.716655,37.433947]}},{"type":"Feature","properties":{"Unique ID":1342,"installationName":"EXPLOTACIÓN PORCINA","Type of Animal":"Pigs"},"geometry":{"type":"Point","coordinates":[-2.649985,37.717289]}},{"type":"Feature","properties":{"Unique ID":1343,"installationName":"FINCA \"EL GALEÓN\"","Type of Animal":"Pigs"},"geometry":{"type":"Point","coordinates":[-4.900105,37.217275]}},{"type":"Feature","properties":{"Unique ID":1344,"installationName":"GRANJA LA DEHESA","Type of Animal":"Pigs"},"geometry":{"type":"Point","coordinates":[-4.900105,37.217275]}},{"type":"Feature","properties":{"Unique ID":1346,"installationName":"FINCA LOS GARRANCHALES","Type of Animal":"Pigs"},"geometry":{"type":"Point","coordinates":[-4.984632,37.122391]}},{"type":"Feature","properties":{"Unique ID":1347,"installationName":"DIEGO GARCÍA PARRA","Type of Animal":"Pigs"},"geometry":{"type":"Point","coordinates":[-1.858849,37.394447]}},{"type":"Feature","properties":{"Unique ID":1348,"installationName":"EXPLOTACIÓN PORCINA","Type of Animal":"Pigs"},"geometry":{"type":"Point","coordinates":[-4.888956,37.543455]}},{"type":"Feature","properties":{"Unique ID":1349,"installationName":"GRANJA CERRO UTRERA","Type of Animal":"Pigs"},"geometry":{"type":"Point","coordinates":[-5.133929,37.023226]}},{"type":"Feature","properties":{"Unique ID":1350,"installationName":"LAS VILLAS","Type of Animal":"Pigs"},"geometry":{"type":"Point","coordinates":[-3.863762,37.133849]}},{"type":"Feature","properties":{"Unique ID":1351,"installationName":"PARAJE CRUZ DE LA MUJER","Type of Animal":"Poultry"},"geometry":{"type":"Point","coordinates":[-3.668159,37.009654]}},{"type":"Feature","properties":{"Unique ID":1352,"installationName":"PERALTIMI, S.L. UNIPERSONAL","Type of Animal":"Pigs"},"geometry":{"type":"Point","coordinates":[-1.949948,37.383943]}},{"type":"Feature","properties":{"Unique ID":1353,"installationName":"FINCA \"EL CHAPARRAL\"","Type of Animal":"Pigs"},"geometry":{"type":"Point","coordinates":[-4.916771,37.250606]}},{"type":"Feature","properties":{"Unique ID":1354,"installationName":"LA LAGUNA SALADA","Type of Animal":"Pigs"},"geometry":{"type":"Point","coordinates":[-4.868087,37.217667]}},{"type":"Feature","properties":{"Unique ID":1356,"installationName":"MOLINA Y SOLER, S.L.","Type of Animal":"Pigs"},"geometry":{"type":"Point","coordinates":[-2.147414,37.185337]}},{"type":"Feature","properties":{"Unique ID":1357,"installationName":"CORTIJO SANTA CATALINA","Type of Animal":"Pigs"},"geometry":{"type":"Point","coordinates":[-3.762632,37.130938]}},{"type":"Feature","properties":{"Unique ID":1358,"installationName":"EL CAMPILLEJO","Type of Animal":"Pigs"},"geometry":{"type":"Point","coordinates":[-3.033341,37.167271]}},{"type":"Feature","properties":{"Unique ID":1359,"installationName":"PUIGSEC","Type of Animal":"Pigs"},"geometry":{"type":"Point","coordinates":[1.577901,41.993539]}},{"type":"Feature","properties":{"Unique ID":1360,"installationName":"GRANJA DELFINA","Type of Animal":"Pigs"},"geometry":{"type":"Point","coordinates":[0.780019,41.888224]}},{"type":"Feature","properties":{"Unique ID":1361,"installationName":"GELATS","Type of Animal":"Pigs"},"geometry":{"type":"Point","coordinates":[2.198479,42.005071]}},{"type":"Feature","properties":{"Unique ID":1362,"installationName":"GRANJA REUS","Type of Animal":"Pigs"},"geometry":{"type":"Point","coordinates":[1.174015,41.197627]}},{"type":"Feature","properties":{"Unique ID":1363,"installationName":"CAL MESTRE","Type of Animal":"Pigs"},"geometry":{"type":"Point","coordinates":[1.88948,41.930831]}},{"type":"Feature","properties":{"Unique ID":1364,"installationName":"CAN GITANET","Type of Animal":"Pigs"},"geometry":{"type":"Point","coordinates":[2.207021,41.937606]}},{"type":"Feature","properties":{"Unique ID":1365,"installationName":"MAS ROVIRA","Type of Animal":"Pigs"},"geometry":{"type":"Point","coordinates":[2.168938,42.098979]}},{"type":"Feature","properties":{"Unique ID":1366,"installationName":"EL LLACH","Type of Animal":"Pigs"},"geometry":{"type":"Point","coordinates":[2.3102,42.024215]}},{"type":"Feature","properties":{"Unique ID":1367,"installationName":"JOAQUIN PEPIO LLEIXA","Type of Animal":"Pigs"},"geometry":{"type":"Point","coordinates":[0.473332,40.69959]}},{"type":"Feature","properties":{"Unique ID":1368,"installationName":"GRANJA SALA","Type of Animal":"Pigs"},"geometry":{"type":"Point","coordinates":[1.079933,41.987351]}},{"type":"Feature","properties":{"Unique ID":1369,"installationName":"CAL SOLDEVILA","Type of Animal":"Pigs"},"geometry":{"type":"Point","coordinates":[1.503874,41.860033]}},{"type":"Feature","properties":{"Unique ID":1370,"installationName":"GRANJA FIELATO","Type of Animal":"Poultry"},"geometry":{"type":"Point","coordinates":[0.664778,40.787894]}},{"type":"Feature","properties":{"Unique ID":1371,"installationName":"GRANJA SAT MOLINE","Type of Animal":"Pigs"},"geometry":{"type":"Point","coordinates":[2.856249,41.890944]}},{"type":"Feature","properties":{"Unique ID":1372,"installationName":"GRANJA MONTSERRAT","Type of Animal":"Pigs"},"geometry":{"type":"Point","coordinates":[1.723575,41.710038]}},{"type":"Feature","properties":{"Unique ID":1373,"installationName":"GRANJA DE L´HORT","Type of Animal":"Pigs"},"geometry":{"type":"Point","coordinates":[1.196526,41.928135]}},{"type":"Feature","properties":{"Unique ID":1374,"installationName":"GRANJA PEROT","Type of Animal":"Pigs"},"geometry":{"type":"Point","coordinates":[0.54871,41.784685]}},{"type":"Feature","properties":{"Unique ID":1375,"installationName":"Crisalma","Type of Animal":"Pigs"},"geometry":{"type":"Point","coordinates":[0.705309,41.766442]}},{"type":"Feature","properties":{"Unique ID":1376,"installationName":"EL PRADELL","Type of Animal":"Pigs"},"geometry":{"type":"Point","coordinates":[2.262264,41.976678]}},{"type":"Feature","properties":{"Unique ID":1377,"installationName":"S.A.T. MAS ROVIRA 934 CAT","Type of Animal":"Pigs"},"geometry":{"type":"Point","coordinates":[2.039135,41.860867]}},{"type":"Feature","properties":{"Unique ID":1378,"installationName":"ESCARDIVOL","Type of Animal":"Pigs"},"geometry":{"type":"Point","coordinates":[1.815678,41.959589]}},{"type":"Feature","properties":{"Unique ID":1379,"installationName":"GRANJA LA PLANA","Type of Animal":"Pigs"},"geometry":{"type":"Point","coordinates":[2.965403,42.337498]}},{"type":"Feature","properties":{"Unique ID":1380,"installationName":"GRANJA FELIP","Type of Animal":"Pigs"},"geometry":{"type":"Point","coordinates":[1.063634,41.564387]}},{"type":"Feature","properties":{"Unique ID":1381,"installationName":"GRANJA JEREZ","Type of Animal":"Pigs"},"geometry":{"type":"Point","coordinates":[0.81088,41.824476]}},{"type":"Feature","properties":{"Unique ID":1382,"installationName":"JOSEP Mª ALTISENT ALUJA","Type of Animal":"Pigs"},"geometry":{"type":"Point","coordinates":[0.995719,41.564817]}},{"type":"Feature","properties":{"Unique ID":1383,"installationName":"GRANJA PIQUE","Type of Animal":"Pigs"},"geometry":{"type":"Point","coordinates":[1.090032,41.506861]}},{"type":"Feature","properties":{"Unique ID":1384,"installationName":"GRANJA GALAN","Type of Animal":"Pigs"},"geometry":{"type":"Point","coordinates":[1.415165,41.714123]}},{"type":"Feature","properties":{"Unique ID":1385,"installationName":"GRANJA CUENCA","Type of Animal":"Pigs"},"geometry":{"type":"Point","coordinates":[0.766817,41.612104]}},{"type":"Feature","properties":{"Unique ID":1387,"installationName":"CAN VIOLANT","Type of Animal":"Pigs"},"geometry":{"type":"Point","coordinates":[1.594945,41.531354]}},{"type":"Feature","properties":{"Unique ID":1388,"installationName":"GRANJA ABELLANA","Type of Animal":"Pigs"},"geometry":{"type":"Point","coordinates":[1.138824,41.793298]}},{"type":"Feature","properties":{"Unique ID":1389,"installationName":"GRANJA CASTELLNOU","Type of Animal":"Pigs"},"geometry":{"type":"Point","coordinates":[0.964088,41.634513]}},{"type":"Feature","properties":{"Unique ID":1390,"installationName":"JOSEP MARIA BOSCH LOPEZ","Type of Animal":"Pigs"},"geometry":{"type":"Point","coordinates":[0.751943,41.598585]}},{"type":"Feature","properties":{"Unique ID":1391,"installationName":"GRANJA LES COMES (Artesa de Segre)","Type of Animal":"Pigs"},"geometry":{"type":"Point","coordinates":[1.099621,41.893563]}},{"type":"Feature","properties":{"Unique ID":1392,"installationName":"GRANJA LES PLANES (Ponts)","Type of Animal":"Pigs"},"geometry":{"type":"Point","coordinates":[1.184625,41.906782]}},{"type":"Feature","properties":{"Unique ID":1393,"installationName":"GRANJA TORALLA","Type of Animal":"Pigs"},"geometry":{"type":"Point","coordinates":[1.270011,41.880614]}},{"type":"Feature","properties":{"Unique ID":1394,"installationName":"GRANJA EL RAMONILLO","Type of Animal":"Pigs"},"geometry":{"type":"Point","coordinates":[1.091304,41.729779]}},{"type":"Feature","properties":{"Unique ID":1395,"installationName":"GRANJA GENE SOLANS","Type of Animal":"Pigs"},"geometry":{"type":"Point","coordinates":[0.724762,41.683553]}},{"type":"Feature","properties":{"Unique ID":1396,"installationName":"GRANJA SANT BERNABÉ","Type of Animal":"Pigs"},"geometry":{"type":"Point","coordinates":[1.667111,41.618417]}},{"type":"Feature","properties":{"Unique ID":1397,"installationName":"GRANJA CONDAL","Type of Animal":"Pigs"},"geometry":{"type":"Point","coordinates":[1.277815,41.811417]}},{"type":"Feature","properties":{"Unique ID":1398,"installationName":"GRANJA SOLANS","Type of Animal":"Pigs"},"geometry":{"type":"Point","coordinates":[0.682798,41.686599]}},{"type":"Feature","properties":{"Unique ID":1399,"installationName":"GRANJA SISQUELLA","Type of Animal":"Pigs"},"geometry":{"type":"Point","coordinates":[1.323735,41.768757]}},{"type":"Feature","properties":{"Unique ID":1400,"installationName":"GRANJA LA GABRIELA","Type of Animal":"Pigs"},"geometry":{"type":"Point","coordinates":[1.475169,41.700525]}},{"type":"Feature","properties":{"Unique ID":1401,"installationName":"GRANJA MIL HOMES","Type of Animal":"Pigs"},"geometry":{"type":"Point","coordinates":[2.212477,41.799814]}},{"type":"Feature","properties":{"Unique ID":1402,"installationName":"Granja Llagostera / Mas Sabaté","Type of Animal":"Pigs"},"geometry":{"type":"Point","coordinates":[2.856408,41.816367]}},{"type":"Feature","properties":{"Unique ID":1403,"installationName":"GRANJA SALLENT","Type of Animal":"Pigs"},"geometry":{"type":"Point","coordinates":[1.906612,41.81031]}},{"type":"Feature","properties":{"Unique ID":1404,"installationName":"GRANJA FONTARNAU","Type of Animal":"Pigs"},"geometry":{"type":"Point","coordinates":[2.212112,41.903165]}},{"type":"Feature","properties":{"Unique ID":1405,"installationName":"GRANJA LA SERRANETA","Type of Animal":"Pigs"},"geometry":{"type":"Point","coordinates":[0.566704,41.597909]}},{"type":"Feature","properties":{"Unique ID":1406,"installationName":"ALDOVER","Type of Animal":"Poultry"},"geometry":{"type":"Point","coordinates":[0.506151,40.863571]}},{"type":"Feature","properties":{"Unique ID":1407,"installationName":"GRANJA MOLNER","Type of Animal":"Pigs"},"geometry":{"type":"Point","coordinates":[1.669965,41.971793]}},{"type":"Feature","properties":{"Unique ID":1408,"installationName":"GRANJA VILALTA (Castellnou de Seana)","Type of Animal":"Pigs"},"geometry":{"type":"Point","coordinates":[0.957926,41.650514]}},{"type":"Feature","properties":{"Unique ID":1409,"installationName":"GRANJA MALLOL","Type of Animal":"Pigs"},"geometry":{"type":"Point","coordinates":[1.12383,41.774672]}},{"type":"Feature","properties":{"Unique ID":1410,"installationName":"GRANJA TANCAT","Type of Animal":"Pigs"},"geometry":{"type":"Point","coordinates":[0.69647,41.56092]}},{"type":"Feature","properties":{"Unique ID":1411,"installationName":"GRANJA GERMANS RAMON","Type of Animal":"Pigs"},"geometry":{"type":"Point","coordinates":[1.14156,41.80234]}},{"type":"Feature","properties":{"Unique ID":1412,"installationName":"GRANJA SENTIS","Type of Animal":"Poultry"},"geometry":{"type":"Point","coordinates":[0.566527,41.375725]}},{"type":"Feature","properties":{"Unique ID":1413,"installationName":"GRANJA ALMENARA ALMENARA","Type of Animal":"Pigs"},"geometry":{"type":"Point","coordinates":[0.621177,41.511193]}},{"type":"Feature","properties":{"Unique ID":1414,"installationName":"EXPLO-PORC","Type of Animal":"Pigs"},"geometry":{"type":"Point","coordinates":[1.523071,41.68429]}},{"type":"Feature","properties":{"Unique ID":1415,"installationName":"LA VILA","Type of Animal":"Pigs"},"geometry":{"type":"Point","coordinates":[2.314477,42.029398]}},{"type":"Feature","properties":{"Unique ID":1416,"installationName":"GRANJA FRAUCA SOLSONA","Type of Animal":"Poultry"},"geometry":{"type":"Point","coordinates":[1.403648,41.807345]}},{"type":"Feature","properties":{"Unique ID":1417,"installationName":"GRANJA CABESTANY","Type of Animal":"Pigs"},"geometry":{"type":"Point","coordinates":[1.092597,41.56597]}},{"type":"Feature","properties":{"Unique ID":1418,"installationName":"GRANJA PIJUAN","Type of Animal":"Pigs"},"geometry":{"type":"Point","coordinates":[1.096137,41.901296]}},{"type":"Feature","properties":{"Unique ID":1419,"installationName":"GRANJA CABA CERVELLO","Type of Animal":"Pigs"},"geometry":{"type":"Point","coordinates":[0.782696,41.613962]}},{"type":"Feature","properties":{"Unique ID":1420,"installationName":"RAMADERIES TRIBÓ","Type of Animal":"Pigs"},"geometry":{"type":"Point","coordinates":[0.874761,41.644964]}},{"type":"Feature","properties":{"Unique ID":1421,"installationName":"GRANJA ORISTA","Type of Animal":"Pigs"},"geometry":{"type":"Point","coordinates":[2.23714,42.008487]}},{"type":"Feature","properties":{"Unique ID":1422,"installationName":"GRANJA ELS PASSANTS","Type of Animal":"Pigs"},"geometry":{"type":"Point","coordinates":[2.17458,41.618859]}},{"type":"Feature","properties":{"Unique ID":1423,"installationName":"GRANJA JETSA","Type of Animal":"Pigs"},"geometry":{"type":"Point","coordinates":[2.149521,41.61946]}},{"type":"Feature","properties":{"Unique ID":1424,"installationName":"GRANJA EL BOSCH","Type of Animal":"Pigs"},"geometry":{"type":"Point","coordinates":[2.170664,41.754877]}},{"type":"Feature","properties":{"Unique ID":1425,"installationName":"GUBA MARENYA","Type of Animal":"Pigs"},"geometry":{"type":"Point","coordinates":[3.055442,42.094367]}},{"type":"Feature","properties":{"Unique ID":1426,"installationName":"CAN CAMANSI","Type of Animal":"Pigs"},"geometry":{"type":"Point","coordinates":[2.964023,42.355343]}},{"type":"Feature","properties":{"Unique ID":1427,"installationName":"GRANJA PETONS","Type of Animal":"Pigs"},"geometry":{"type":"Point","coordinates":[1.212351,41.912982]}},{"type":"Feature","properties":{"Unique ID":1428,"installationName":"TORRA DEL CARDENER","Type of Animal":"Pigs"},"geometry":{"type":"Point","coordinates":[1.583067,41.989235]}},{"type":"Feature","properties":{"Unique ID":1429,"installationName":"UNIO PORCINA REMOLINS (granja 8370AH)","Type of Animal":"Pigs"},"geometry":{"type":"Point","coordinates":[0.498245,41.565629]}},{"type":"Feature","properties":{"Unique ID":1430,"installationName":"GRANJA SECA","Type of Animal":"Pigs"},"geometry":{"type":"Point","coordinates":[0.538541,41.723167]}},{"type":"Feature","properties":{"Unique ID":1431,"installationName":"CAL SIALLO","Type of Animal":"Pigs"},"geometry":{"type":"Point","coordinates":[1.063121,42.127562]}},{"type":"Feature","properties":{"Unique ID":1432,"installationName":"Avícola Aspuru, S.L.","Type of Animal":"Poultry"},"geometry":{"type":"Point","coordinates":[-2.776896,43.277714]}},{"type":"Feature","properties":{"Unique ID":1433,"installationName":"Larrabe Oilotegia, S.A.t.","Type of Animal":"Poultry"},"geometry":{"type":"Point","coordinates":[-2.79316,43.293223]}},{"type":"Feature","properties":{"Unique ID":1434,"installationName":"EXPLOTACIÓN PORCINA LINAREJO","Type of Animal":"Pigs"},"geometry":{"type":"Point","coordinates":[-5.676627,38.460007]}},{"type":"Feature","properties":{"Unique ID":1435,"installationName":"EXPLOTACIÓN PORCINA CERRO METERIO","Type of Animal":"Pigs"},"geometry":{"type":"Point","coordinates":[-5.687742,38.446262]}},{"type":"Feature","properties":{"Unique ID":1436,"installationName":"SILMOS SALAMANCA, SL","Type of Animal":"Pigs"},"geometry":{"type":"Point","coordinates":[-5.810278,41.119167]}},{"type":"Feature","properties":{"Unique ID":1437,"installationName":"AGROPECUARIA SILVIO A., S.L. CALERUEGA","Type of Animal":"Pigs"},"geometry":{"type":"Point","coordinates":[-3.475619,41.863156]}},{"type":"Feature","properties":{"Unique ID":1438,"installationName":"AGROPECUARIA SILVIO A. SL.-QUEMADA","Type of Animal":"Pigs"},"geometry":{"type":"Point","coordinates":[-3.557375,41.719722]}},{"type":"Feature","properties":{"Unique ID":1439,"installationName":"EXPLOTACION PORCINA CANAL E FUCIÑOS","Type of Animal":"Pigs"},"geometry":{"type":"Point","coordinates":[-7.802105,41.990739]}},{"type":"Feature","properties":{"Unique ID":1440,"installationName":"EXPLOTACION PORCINA DE MADRES PARADA DE SIL","Type of Animal":"Pigs"},"geometry":{"type":"Point","coordinates":[-7.576075,42.38376]}},{"type":"Feature","properties":{"Unique ID":1441,"installationName":"EXPLOTACION DE REPRODUCTORAS VALES","Type of Animal":"Poultry"},"geometry":{"type":"Point","coordinates":[-7.971596,42.408875]}},{"type":"Feature","properties":{"Unique ID":1442,"installationName":"EXPLOTACION DE POLLOS DE ENGORDE A XIRONDA","Type of Animal":"Poultry"},"geometry":{"type":"Point","coordinates":[-7.652215,41.897733]}},{"type":"Feature","properties":{"Unique ID":1443,"installationName":"EXPLOTACION DE PAVOS VILELA","Type of Animal":"Poultry"},"geometry":{"type":"Point","coordinates":[-7.623921,41.980257]}},{"type":"Feature","properties":{"Unique ID":1444,"installationName":"NUTRIMENTOS DEZA S.A (O PINO)","Type of Animal":"Pigs"},"geometry":{"type":"Point","coordinates":[-8.313885,42.937341]}},{"type":"Feature","properties":{"Unique ID":1445,"installationName":"SAT AVICOLA SAN MIGUEL N705 NA","Type of Animal":"Poultry"},"geometry":{"type":"Point","coordinates":[-1.947584,42.909166]}},{"type":"Feature","properties":{"Unique ID":1446,"installationName":"ELCUAZ BARBERIA, JAVIER","Type of Animal":"Pigs"},"geometry":{"type":"Point","coordinates":[-1.718611,42.275578]}},{"type":"Feature","properties":{"Unique ID":1447,"installationName":"SAT Nº 575 NA DIAZ DE ZERIO-SESMA","Type of Animal":"Pigs"},"geometry":{"type":"Point","coordinates":[-2.11,42.451389]}},{"type":"Feature","properties":{"Unique ID":1448,"installationName":"IBAÑEZ MARCHITE JL Y VENTURA BARASOAIN V","Type of Animal":"Pigs"},"geometry":{"type":"Point","coordinates":[-1.473333,42.028889]}},{"type":"Feature","properties":{"Unique ID":1449,"installationName":"CEBAPOR, S.L.U.- EL AGUDIEL","Type of Animal":"Pigs"},"geometry":{"type":"Point","coordinates":[-1.718889,42.291389]}},{"type":"Feature","properties":{"Unique ID":1450,"installationName":"SAT Nº 575 NA DIAZ DE ZERIO-VIANA","Type of Animal":"Pigs"},"geometry":{"type":"Point","coordinates":[-2.389444,42.516389]}},{"type":"Feature","properties":{"Unique ID":1451,"installationName":"GRANJA LOS ALECOS - ZUÑIGA","Type of Animal":"Pigs"},"geometry":{"type":"Point","coordinates":[-2.310278,42.690556]}},{"type":"Feature","properties":{"Unique ID":1452,"installationName":"CALVO PEÑA JESÚS Y POYO CALVO FLORO","Type of Animal":"Pigs"},"geometry":{"type":"Point","coordinates":[-1.474167,42.024167]}},{"type":"Feature","properties":{"Unique ID":1453,"installationName":"HERMANOS DE PABLO ARRIBAS - LANGA DE DUERO","Type of Animal":"Pigs"},"geometry":{"type":"Point","coordinates":[-3.432884,41.618587]}},{"type":"Feature","properties":{"Unique ID":1454,"installationName":"AGROPECUARIA SAVAO, S.I. - CAPARROSO","Type of Animal":"Pigs"},"geometry":{"type":"Point","coordinates":[-1.675758,42.36682]}},{"type":"Feature","properties":{"Unique ID":1455,"installationName":"SAT LARENAL-CADREITA","Type of Animal":"Pigs"},"geometry":{"type":"Point","coordinates":[-1.663611,42.256944]}},{"type":"Feature","properties":{"Unique ID":1456,"installationName":"PEREZ ARANA, OCHOA CAMBRA, VALENCIA Y SALVATIERRA, S.L.","Type of Animal":"Pigs"},"geometry":{"type":"Point","coordinates":[-1.68,42.350278]}},{"type":"Feature","properties":{"Unique ID":1457,"installationName":"SERVICIOS DE GRANJA TOMÉ","Type of Animal":"Poultry"},"geometry":{"type":"Point","coordinates":[-4.528706,41.973642]}},{"type":"Feature","properties":{"Unique ID":1459,"installationName":"AVICOLA LA FLORETA","Type of Animal":"Poultry"},"geometry":{"type":"Point","coordinates":[-2.708817,42.454162]}},{"type":"Feature","properties":{"Unique ID":1460,"installationName":"BARRUTIA MARTÍNEZ, FERNANDO","Type of Animal":"Pigs"},"geometry":{"type":"Point","coordinates":[-1.6575,42.353333]}},{"type":"Feature","properties":{"Unique ID":1461,"installationName":"JULIAN JESUS HERNANDEZ SOTA","Type of Animal":"Pigs"},"geometry":{"type":"Point","coordinates":[-1.633056,42.2175]}},{"type":"Feature","properties":{"Unique ID":1462,"installationName":"HERMANOS LABAJOS PORTELA","Type of Animal":"Pigs"},"geometry":{"type":"Point","coordinates":[-4.59074,40.928364]}},{"type":"Feature","properties":{"Unique ID":1463,"installationName":"DELICIAS IBÉRICAS SERVI","Type of Animal":"Pigs"},"geometry":{"type":"Point","coordinates":[-5.531453,40.607528]}},{"type":"Feature","properties":{"Unique ID":1464,"installationName":"GRANJA BASCONES DEL AGUA","Type of Animal":"Pigs"},"geometry":{"type":"Point","coordinates":[-3.676493,42.031763]}},{"type":"Feature","properties":{"Unique ID":1465,"installationName":"HUEVOS LEÓN","Type of Animal":"Poultry"},"geometry":{"type":"Point","coordinates":[-5.691389,42.617778]}},{"type":"Feature","properties":{"Unique ID":1466,"installationName":"SAT 402 ETAYO","Type of Animal":"Poultry"},"geometry":{"type":"Point","coordinates":[-2.154167,42.621944]}},{"type":"Feature","properties":{"Unique ID":1467,"installationName":"GORKA ERASO AZKONA","Type of Animal":"Poultry"},"geometry":{"type":"Point","coordinates":[-1.991389,42.690833]}},{"type":"Feature","properties":{"Unique ID":1468,"installationName":"HNOS. CACHO MAYOR, S.C. (ANTES FELIPE CACHO MOYA)","Type of Animal":"Pigs"},"geometry":{"type":"Point","coordinates":[-1.873106,41.912989]}},{"type":"Feature","properties":{"Unique ID":1469,"installationName":"A. LASFUENTES RUIZ EXPLOTACIÓN DE TITULARIDAD COMPARTIDA","Type of Animal":"Pigs"},"geometry":{"type":"Point","coordinates":[-1.857891,41.908857]}},{"type":"Feature","properties":{"Unique ID":1470,"installationName":"GRANJA EL CARDIEL","Type of Animal":"Poultry"},"geometry":{"type":"Point","coordinates":[-4.691355,41.472429]}},{"type":"Feature","properties":{"Unique ID":1471,"installationName":"SAT Nº 1374 GRANJA SAN ANTÓN. - GRANJA \"LA VENTOSA\"","Type of Animal":"Pigs"},"geometry":{"type":"Point","coordinates":[-2.235111,42.031114]}},{"type":"Feature","properties":{"Unique ID":1472,"installationName":"AVICOGAN","Type of Animal":"Pigs"},"geometry":{"type":"Point","coordinates":[-4.734861,40.886764]}},{"type":"Feature","properties":{"Unique ID":1473,"installationName":"JOSÉ IGNACIO ROJO TOMÉ","Type of Animal":"Pigs"},"geometry":{"type":"Point","coordinates":[-3.754722,42.065556]}},{"type":"Feature","properties":{"Unique ID":1474,"installationName":"MONTERO PEÑALBA Y OTROS, S.C","Type of Animal":"Pigs"},"geometry":{"type":"Point","coordinates":[-3.342222,41.796389]}},{"type":"Feature","properties":{"Unique ID":1475,"installationName":"ZUFIAURRE SUSO, JULIAN","Type of Animal":"Poultry"},"geometry":{"type":"Point","coordinates":[-1.674264,42.530319]}},{"type":"Feature","properties":{"Unique ID":1476,"installationName":"SADABA LAS HERAS, IGNACIO","Type of Animal":"Pigs"},"geometry":{"type":"Point","coordinates":[-1.520833,42.359772]}},{"type":"Feature","properties":{"Unique ID":1477,"installationName":"CEBAPOR, S.L.U.","Type of Animal":"Pigs"},"geometry":{"type":"Point","coordinates":[-1.724381,42.354655]}},{"type":"Feature","properties":{"Unique ID":1478,"installationName":"CAMEROS BENEDICTO, MARÍA ISABEL","Type of Animal":"Pigs"},"geometry":{"type":"Point","coordinates":[-1.445285,42.37987]}},{"type":"Feature","properties":{"Unique ID":1479,"installationName":"GRANJA EL BALDÍO","Type of Animal":"Pigs"},"geometry":{"type":"Point","coordinates":[-4.866765,37.117276]}},{"type":"Feature","properties":{"Unique ID":1480,"installationName":"GRANJA \"LA MORENA\"","Type of Animal":"Pigs"},"geometry":{"type":"Point","coordinates":[-1.949948,37.383943]}},{"type":"Feature","properties":{"Unique ID":1481,"installationName":"GRANJA HUERTA LA DOLOROSA","Type of Animal":"Pigs"},"geometry":{"type":"Point","coordinates":[-4.9101,36.947853]}},{"type":"Feature","properties":{"Unique ID":1482,"installationName":"GRANJA PORCINA EN MONTEMAYOR","Type of Animal":"Pigs"},"geometry":{"type":"Point","coordinates":[-4.613828,37.658041]}},{"type":"Feature","properties":{"Unique ID":1483,"installationName":"AGOPECUARIA AVÍCOLA LOS ALCORES","Type of Animal":"Poultry"},"geometry":{"type":"Point","coordinates":[-5.633474,37.467276]}},{"type":"Feature","properties":{"Unique ID":1484,"installationName":"HAPE 1001, S.L.","Type of Animal":"Pigs"},"geometry":{"type":"Point","coordinates":[-1.883275,37.300607]}},{"type":"Feature","properties":{"Unique ID":1485,"installationName":"CORTIJO DE LA CRUZ","Type of Animal":"Pigs"},"geometry":{"type":"Point","coordinates":[-3.355207,38.034639]}},{"type":"Feature","properties":{"Unique ID":1486,"installationName":"ES222540000150-CERDOS-ZAIDÍN","Type of Animal":"Pigs"},"geometry":{"type":"Point","coordinates":[0.265955,41.657236]}},{"type":"Feature","properties":{"Unique ID":1487,"installationName":"ES221120000029-CERDOS-FRAGA","Type of Animal":"Pigs"},"geometry":{"type":"Point","coordinates":[0.365266,41.565315]}},{"type":"Feature","properties":{"Unique ID":1488,"installationName":"ES500950000240-CERDOS-EJEA DE LOS CABALLEROS","Type of Animal":"Pigs"},"geometry":{"type":"Point","coordinates":[-1.308852,42.189203]}},{"type":"Feature","properties":{"Unique ID":1489,"installationName":"ES229040000051-CERDOS-SOTONERA (LA)","Type of Animal":"Pigs"},"geometry":{"type":"Point","coordinates":[-0.504275,42.26808]}},{"type":"Feature","properties":{"Unique ID":1490,"installationName":"ES220520000162 CERDOS BELVER","Type of Animal":"Pigs"},"geometry":{"type":"Point","coordinates":[0.184473,41.692414]}},{"type":"Feature","properties":{"Unique ID":1491,"installationName":"ES221120000161-CERDOS-FRAGA","Type of Animal":"Pigs"},"geometry":{"type":"Point","coordinates":[0.423013,41.551451]}},{"type":"Feature","properties":{"Unique ID":1492,"installationName":"ES502520000082-CERDOS-TAUSTE","Type of Animal":"Pigs"},"geometry":{"type":"Point","coordinates":[-1.352902,41.653628]}},{"type":"Feature","properties":{"Unique ID":1493,"installationName":"ES501040000029-CERDOS-FARLETE","Type of Animal":"Pigs"},"geometry":{"type":"Point","coordinates":[-0.504505,41.673294]}},{"type":"Feature","properties":{"Unique ID":1494,"installationName":"ES502220000015-CERDOS-QUINTO","Type of Animal":"Pigs"},"geometry":{"type":"Point","coordinates":[-0.5247,41.447315]}},{"type":"Feature","properties":{"Unique ID":1495,"installationName":"ES440250000001-CERDOS-ANDORRA","Type of Animal":"Pigs"},"geometry":{"type":"Point","coordinates":[-0.448508,40.977423]}},{"type":"Feature","properties":{"Unique ID":1496,"installationName":"ES501510000022-CERDOS-LUNA","Type of Animal":"Pigs"},"geometry":{"type":"Point","coordinates":[-0.936716,42.139016]}},{"type":"Feature","properties":{"Unique ID":1497,"installationName":"ES222250000297-CERDOS-TAMARITE DE LITERA","Type of Animal":"Pigs"},"geometry":{"type":"Point","coordinates":[0.345912,41.824535]}},{"type":"Feature","properties":{"Unique ID":1498,"installationName":"ES220170000052-CERDOS-ALCOLEA DE CINCA","Type of Animal":"Pigs"},"geometry":{"type":"Point","coordinates":[0.032546,41.719935]}},{"type":"Feature","properties":{"Unique ID":1499,"installationName":"ES220940000001-CERDOS-CHALAMERA","Type of Animal":"Pigs"},"geometry":{"type":"Point","coordinates":[0.16619,41.66307]}},{"type":"Feature","properties":{"Unique ID":1500,"installationName":"ES500950000001-CERDOS-EJEA DE LOS CABALLEROS","Type of Animal":"Pigs"},"geometry":{"type":"Point","coordinates":[-1.1526,42.143762]}},{"type":"Feature","properties":{"Unique ID":1501,"installationName":"ES500950000328-CERDOS-EJEA DE LOS CABALLEROS","Type of Animal":"Pigs"},"geometry":{"type":"Point","coordinates":[-1.304135,42.105576]}},{"type":"Feature","properties":{"Unique ID":1502,"installationName":"ES500220000029-CERDOS-ALMOLDA (LA)","Type of Animal":"Pigs"},"geometry":{"type":"Point","coordinates":[-0.305612,41.974607]}},{"type":"Feature","properties":{"Unique ID":1503,"installationName":"ES500510000044-CERDOS-BIOTA","Type of Animal":"Pigs"},"geometry":{"type":"Point","coordinates":[-1.271115,42.227932]}},{"type":"Feature","properties":{"Unique ID":1504,"installationName":"ES500260000804-GALLINAS-ALPARTIR","Type of Animal":"Poultry"},"geometry":{"type":"Point","coordinates":[-1.381141,41.437162]}},{"type":"Feature","properties":{"Unique ID":1505,"installationName":"ES502850000002-CERDOS-VILLAFRANCA DE EBRO","Type of Animal":"Pigs"},"geometry":{"type":"Point","coordinates":[-0.667652,41.578131]}},{"type":"Feature","properties":{"Unique ID":1506,"installationName":"ES502080000003-CERDOS-PINA DE EBRO","Type of Animal":"Pigs"},"geometry":{"type":"Point","coordinates":[-0.495842,41.505213]}},{"type":"Feature","properties":{"Unique ID":1507,"installationName":"ES442460000032-CERDOS-VALDERROBRES","Type of Animal":"Pigs"},"geometry":{"type":"Point","coordinates":[0.12514,40.854629]}},{"type":"Feature","properties":{"Unique ID":1508,"installationName":"ES441790000013-CERDOS-PEÑARROYA DE TASTAVINS","Type of Animal":"Pigs"},"geometry":{"type":"Point","coordinates":[0.028745,40.766468]}},{"type":"Feature","properties":{"Unique ID":1509,"installationName":"ES221120000031-CERDOS-FRAGA","Type of Animal":"Pigs"},"geometry":{"type":"Point","coordinates":[0.424187,41.539871]}},{"type":"Feature","properties":{"Unique ID":1510,"installationName":"ES442300000007-CERDOS-TORREVELILLA","Type of Animal":"Pigs"},"geometry":{"type":"Point","coordinates":[-0.104717,40.937652]}},{"type":"Feature","properties":{"Unique ID":1511,"installationName":"ES441070000004-CERDOS-FOZ-CALANDA","Type of Animal":"Pigs"},"geometry":{"type":"Point","coordinates":[-0.251078,40.918435]}},{"type":"Feature","properties":{"Unique ID":1512,"installationName":"ES500950000325-CERDOS-EJEA DE LOS CABALLEROS","Type of Animal":"Pigs"},"geometry":{"type":"Point","coordinates":[-1.255071,42.107722]}},{"type":"Feature","properties":{"Unique ID":1513,"installationName":"ES220180000010-CERDOS-ALCUBIERRE","Type of Animal":"Pigs"},"geometry":{"type":"Point","coordinates":[-0.462998,41.80443]}},{"type":"Feature","properties":{"Unique ID":1514,"installationName":"ES220230000009-CERDOS-ALMUNIENTE","Type of Animal":"Pigs"},"geometry":{"type":"Point","coordinates":[-0.416509,41.937291]}},{"type":"Feature","properties":{"Unique ID":1515,"installationName":"ES501020000032-CERDOS-FABARA","Type of Animal":"Pigs"},"geometry":{"type":"Point","coordinates":[0.166816,41.209817]}},{"type":"Feature","properties":{"Unique ID":1516,"installationName":"Granjas GUCO SLU","Type of Animal":"Pigs"},"geometry":{"type":"Point","coordinates":[0.166612,41.195206]}},{"type":"Feature","properties":{"Unique ID":1517,"installationName":"ES221840000027-CERDOS-POLEÑINO","Type of Animal":"Pigs"},"geometry":{"type":"Point","coordinates":[-0.317225,41.881069]}},{"type":"Feature","properties":{"Unique ID":1518,"installationName":"ES500450000013-CERDOS-BELCHITE","Type of Animal":"Pigs"},"geometry":{"type":"Point","coordinates":[-0.644009,41.262169]}},{"type":"Feature","properties":{"Unique ID":1519,"installationName":"ES221360000161-CERDOS-LALUEZA","Type of Animal":"Pigs"},"geometry":{"type":"Point","coordinates":[-0.293862,41.899234]}},{"type":"Feature","properties":{"Unique ID":1520,"installationName":"ES500530000035-CERDOS-BOQUIÑENI","Type of Animal":"Pigs"},"geometry":{"type":"Point","coordinates":[-1.307408,41.820645]}},{"type":"Feature","properties":{"Unique ID":1521,"installationName":"ES221840000024-CERDOS-POLEÑINO","Type of Animal":"Pigs"},"geometry":{"type":"Point","coordinates":[-0.33232,41.865634]}},{"type":"Feature","properties":{"Unique ID":1522,"installationName":"ES221270000801-PERDICES-IGRIÉS","Type of Animal":"Poultry"},"geometry":{"type":"Point","coordinates":[-0.452851,42.22212]}},{"type":"Feature","properties":{"Unique ID":1523,"installationName":"ES220180000055-CERDOS-ALCUBIERRE","Type of Animal":"Pigs"},"geometry":{"type":"Point","coordinates":[-0.401217,41.835614]}},{"type":"Feature","properties":{"Unique ID":1524,"installationName":"ES502970000147-CERDOS-ZARAGOZA","Type of Animal":"Pigs"},"geometry":{"type":"Point","coordinates":[-0.78719,41.670975]}},{"type":"Feature","properties":{"Unique ID":1525,"installationName":"ES222540000809-GALLINAS-ZAIDÍN","Type of Animal":"Poultry"},"geometry":{"type":"Point","coordinates":[0.268543,41.608585]}},{"type":"Feature","properties":{"Unique ID":1526,"installationName":"ES220150000016-CERDOS-ALCALÁ DEL OBISPO","Type of Animal":"Pigs"},"geometry":{"type":"Point","coordinates":[-0.255156,42.051742]}},{"type":"Feature","properties":{"Unique ID":1527,"installationName":"ES440760000234-CERDOS-CELLA","Type of Animal":"Pigs"},"geometry":{"type":"Point","coordinates":[-1.261498,40.439396]}},{"type":"Feature","properties":{"Unique ID":1528,"installationName":"ES221740000061-CERDOS-PERALTA DE ALCOFEA","Type of Animal":"Pigs"},"geometry":{"type":"Point","coordinates":[-0.072114,41.949633]}},{"type":"Feature","properties":{"Unique ID":1529,"installationName":"ES220890000031-CERDOS-CASTILLONROY","Type of Animal":"Pigs"},"geometry":{"type":"Point","coordinates":[0.52209,41.871189]}},{"type":"Feature","properties":{"Unique ID":1530,"installationName":"BANCAL, S.L. - POLLOS","Type of Animal":"Poultry"},"geometry":{"type":"Point","coordinates":[-1.161531,42.147526]}},{"type":"Feature","properties":{"Unique ID":1531,"installationName":"ES222050000119-CERDOS-SAN ESTEBAN DE LITERA","Type of Animal":"Pigs"},"geometry":{"type":"Point","coordinates":[0.348698,41.883098]}},{"type":"Feature","properties":{"Unique ID":1532,"installationName":"ES442650000016-CERDOS-VINACEITE","Type of Animal":"Pigs"},"geometry":{"type":"Point","coordinates":[-0.599013,41.276406]}},{"type":"Feature","properties":{"Unique ID":1533,"installationName":"ES500510000034-CERDOS-BIOTA","Type of Animal":"Pigs"},"geometry":{"type":"Point","coordinates":[-1.167114,42.232441]}},{"type":"Feature","properties":{"Unique ID":1534,"installationName":"ES500950000282-CERDOS-EJEA DE LOS CABALLEROS","Type of Animal":"Pigs"},"geometry":{"type":"Point","coordinates":[-1.211138,42.154786]}},{"type":"Feature","properties":{"Unique ID":1535,"installationName":"ES500030000007-AGÓN","Type of Animal":"Pigs"},"geometry":{"type":"Point","coordinates":[-1.41311,41.833048]}},{"type":"Feature","properties":{"Unique ID":1536,"installationName":"ES441910000003-CERDOS-PUEBLA DE HÍJAR (LA)","Type of Animal":"Pigs"},"geometry":{"type":"Point","coordinates":[-0.40761,41.27034]}},{"type":"Feature","properties":{"Unique ID":1537,"installationName":"ES220530000133-CERDOS-BENABARRE","Type of Animal":"Pigs"},"geometry":{"type":"Point","coordinates":[0.457337,42.095547]}},{"type":"Feature","properties":{"Unique ID":1538,"installationName":"ES440250000004-CERDOS-ANDORRA","Type of Animal":"Pigs"},"geometry":{"type":"Point","coordinates":[-0.424759,41.030422]}},{"type":"Feature","properties":{"Unique ID":1539,"installationName":"ES222130000137-CERDOS-SARIÑENA","Type of Animal":"Pigs"},"geometry":{"type":"Point","coordinates":[-0.09464,41.867215]}},{"type":"Feature","properties":{"Unique ID":1540,"installationName":"ES501370000049-CERDOS-LECIÑENA","Type of Animal":"Pigs"},"geometry":{"type":"Point","coordinates":[-0.582699,41.80895]}},{"type":"Feature","properties":{"Unique ID":1541,"installationName":"ES500730000003-CERDOS-CARIÑENA","Type of Animal":"Pigs"},"geometry":{"type":"Point","coordinates":[-1.217065,41.339536]}},{"type":"Feature","properties":{"Unique ID":1542,"installationName":"PEREZ RUA C.B.","Type of Animal":"Pigs"},"geometry":{"type":"Point","coordinates":[-7.604722,42.081389]}},{"type":"Feature","properties":{"Unique ID":1543,"installationName":"EXPLOTACIONES PORCINAS LAS BERLANAS, S.L","Type of Animal":"Pigs"},"geometry":{"type":"Point","coordinates":[-4.760094,40.815931]}},{"type":"Feature","properties":{"Unique ID":1544,"installationName":"ESTHER PINDADO MARTIN ","Type of Animal":"Pigs"},"geometry":{"type":"Point","coordinates":[-4.975844,41.126986]}},{"type":"Feature","properties":{"Unique ID":1545,"installationName":"ADRISAPOR - NAVA DE ARÉVALO","Type of Animal":"Pigs"},"geometry":{"type":"Point","coordinates":[-4.769472,40.987019]}},{"type":"Feature","properties":{"Unique ID":1546,"installationName":"RICARDO CARRERA RODRÍGUEZ","Type of Animal":"Pigs"},"geometry":{"type":"Point","coordinates":[-4.768669,40.624167]}},{"type":"Feature","properties":{"Unique ID":1547,"installationName":"MELFEJO, S.L (ANTES HNOS. BLÁZQUEZ GUTIÉRREZ)","Type of Animal":"Poultry"},"geometry":{"type":"Point","coordinates":[-4.946336,40.897622]}},{"type":"Feature","properties":{"Unique ID":1548,"installationName":"FERCELES GRANJA, S.L","Type of Animal":"Pigs"},"geometry":{"type":"Point","coordinates":[-4.661586,41.024417]}},{"type":"Feature","properties":{"Unique ID":1549,"installationName":"Cárnicas Santiago García","Type of Animal":"Pigs"},"geometry":{"type":"Point","coordinates":[-4.765264,41.022851]}},{"type":"Feature","properties":{"Unique ID":1550,"installationName":"CARNICAS SORIANO S.L.","Type of Animal":"Pigs"},"geometry":{"type":"Point","coordinates":[-0.830531,38.198991]}},{"type":"Feature","properties":{"Unique ID":1551,"installationName":"ANDRÉS BARCELÓ PÉREZ","Type of Animal":"Pigs"},"geometry":{"type":"Point","coordinates":[-0.966943,38.022305]}},{"type":"Feature","properties":{"Unique ID":1552,"installationName":"PORCISAN, S.A.","Type of Animal":"Pigs"},"geometry":{"type":"Point","coordinates":[-0.975217,38.177043]}},{"type":"Feature","properties":{"Unique ID":1553,"installationName":"HERRERO BERNUZ","Type of Animal":"Pigs"},"geometry":{"type":"Point","coordinates":[-0.144596,40.23742]}},{"type":"Feature","properties":{"Unique ID":1554,"installationName":"S.A.T. AGROMAT PARTIDA CASETES","Type of Animal":"Pigs"},"geometry":{"type":"Point","coordinates":[0.024135,40.231509]}},{"type":"Feature","properties":{"Unique ID":1555,"installationName":"FENOPORK - BENLLOCH","Type of Animal":"Pigs"},"geometry":{"type":"Point","coordinates":[0.022564,40.211518]}},{"type":"Feature","properties":{"Unique ID":1556,"installationName":"FENOPORK-VILAFAMÉS","Type of Animal":"Pigs"},"geometry":{"type":"Point","coordinates":[0.006498,40.237679]}},{"type":"Feature","properties":{"Unique ID":1557,"installationName":"AGROMAT, S.L.","Type of Animal":"Pigs"},"geometry":{"type":"Point","coordinates":[0.022575,40.211518]}},{"type":"Feature","properties":{"Unique ID":1558,"installationName":"GRANJAS AVICOPE S.L. ","Type of Animal":"Poultry"},"geometry":{"type":"Point","coordinates":[-0.534366,39.902812]}},{"type":"Feature","properties":{"Unique ID":1559,"installationName":"AGRÍCOLA GANADERA SAN JORGE, S.L.","Type of Animal":"Pigs"},"geometry":{"type":"Point","coordinates":[0.259025,40.508727]}},{"type":"Feature","properties":{"Unique ID":1560,"installationName":"PORCAVES 2011, COOP.V.","Type of Animal":"Pigs"},"geometry":{"type":"Point","coordinates":[-0.055994,40.001751]}},{"type":"Feature","properties":{"Unique ID":1561,"installationName":"SAT 6938 AVÍCOLA GIRBES","Type of Animal":"Poultry"},"geometry":{"type":"Point","coordinates":[-0.428843,39.216819]}},{"type":"Feature","properties":{"Unique ID":1562,"installationName":"AVICOLA VIDAL SATORRES, S.L.","Type of Animal":"Poultry"},"geometry":{"type":"Point","coordinates":[-0.422254,39.234826]}},{"type":"Feature","properties":{"Unique ID":1563,"installationName":"PHG-SELECCIÓN","Type of Animal":"Pigs"},"geometry":{"type":"Point","coordinates":[-1.049616,39.845558]}},{"type":"Feature","properties":{"Unique ID":1564,"installationName":"JOSE MANUEL MARTINEZ GALLARTE","Type of Animal":"Pigs"},"geometry":{"type":"Point","coordinates":[-1.013507,39.8997]}},{"type":"Feature","properties":{"Unique ID":1565,"installationName":"DIVISION DE INVERSIONES AGRICOLAS Y GANADERAS, S.L.","Type of Animal":"Pigs"},"geometry":{"type":"Point","coordinates":[-1.141981,39.008054]}},{"type":"Feature","properties":{"Unique ID":1566,"installationName":"EFE","Type of Animal":"Poultry"},"geometry":{"type":"Point","coordinates":[-0.676604,39.048146]}},{"type":"Feature","properties":{"Unique ID":1567,"installationName":"Agustín Taroncher e Hijos, SL","Type of Animal":"Pigs"},"geometry":{"type":"Point","coordinates":[-0.613277,39.705729]}},{"type":"Feature","properties":{"Unique ID":1568,"installationName":"GRANJA EL TORRENTÍ","Type of Animal":"Poultry"},"geometry":{"type":"Point","coordinates":[-0.499249,38.864937]}},{"type":"Feature","properties":{"Unique ID":1569,"installationName":"ELADIO MONTES MARANCHON","Type of Animal":"Pigs"},"geometry":{"type":"Point","coordinates":[-1.315041,39.436224]}},{"type":"Feature","properties":{"Unique ID":1570,"installationName":"AGROPECUARIA DEL MAESTRAZGO","Type of Animal":"Pigs"},"geometry":{"type":"Point","coordinates":[0.071595,40.424122]}},{"type":"Feature","properties":{"Unique ID":1571,"installationName":"EXPLOTACION PORCINA","Type of Animal":"Pigs"},"geometry":{"type":"Point","coordinates":[-1.703353,37.871805]}},{"type":"Feature","properties":{"Unique ID":1572,"installationName":"S.A.T. 8337 RÚSTICAS EL REGACHO","Type of Animal":"Poultry"},"geometry":{"type":"Point","coordinates":[-3.7574,40.1103]}},{"type":"Feature","properties":{"Unique ID":1574,"installationName":"AVÍCOLA MONDEJANA S.L.","Type of Animal":"Poultry"},"geometry":{"type":"Point","coordinates":[-3.09858,40.31119]}},{"type":"Feature","properties":{"Unique ID":1575,"installationName":"EL CANTO AGROALIMENTARIA","Type of Animal":"Poultry"},"geometry":{"type":"Point","coordinates":[-3.83,39.6883]}},{"type":"Feature","properties":{"Unique ID":1576,"installationName":"GRANJA AVÍCOLA FUENTELAHIGUERA","Type of Animal":"Poultry"},"geometry":{"type":"Point","coordinates":[-3.34196,40.75054]}},{"type":"Feature","properties":{"Unique ID":1577,"installationName":"AVÍCOLA BARCO S.L.","Type of Animal":"Poultry"},"geometry":{"type":"Point","coordinates":[-3.1636,40.5368]}},{"type":"Feature","properties":{"Unique ID":1578,"installationName":"GRANJA DE POLLOS DE ENGORDE","Type of Animal":"Poultry"},"geometry":{"type":"Point","coordinates":[-1.5039,40.4936]}},{"type":"Feature","properties":{"Unique ID":1579,"installationName":"G.C. HIJOS DE FELIPE SERNA S.L.","Type of Animal":"Pigs"},"geometry":{"type":"Point","coordinates":[-2.9837,39.2498]}},{"type":"Feature","properties":{"Unique ID":1580,"installationName":"GRANJA AVÍCOLA C. PADRINO II","Type of Animal":"Poultry"},"geometry":{"type":"Point","coordinates":[-2.9157,40.1544]}},{"type":"Feature","properties":{"Unique ID":1581,"installationName":"HERMANOS MARTÍN MARTÍN C.B.","Type of Animal":"Pigs"},"geometry":{"type":"Point","coordinates":[-4.1124,39.7349]}},{"type":"Feature","properties":{"Unique ID":1582,"installationName":"GRANJA AGUDO S.L. CENTRO CAMARENA","Type of Animal":"Pigs"},"geometry":{"type":"Point","coordinates":[-4.0898,40.094]}},{"type":"Feature","properties":{"Unique ID":1583,"installationName":"PIENSOS COMPUESTOS ROBLEDO - GRANJA VENEZUELA","Type of Animal":"Pigs"},"geometry":{"type":"Point","coordinates":[-4.9857,39.8939]}},{"type":"Feature","properties":{"Unique ID":1584,"installationName":"ASTEOROC, S.L.","Type of Animal":"Pigs"},"geometry":{"type":"Point","coordinates":[-4.7049,39.8538]}},{"type":"Feature","properties":{"Unique ID":1585,"installationName":"EXPLOTACIONES ROBLEDO S.L. - GRANJA EL CALERO","Type of Animal":"Pigs"},"geometry":{"type":"Point","coordinates":[-4.7645,40.0285]}},{"type":"Feature","properties":{"Unique ID":1586,"installationName":"SEMILLEROS JUANFRA S.C.L.","Type of Animal":"Pigs"},"geometry":{"type":"Point","coordinates":[-4.686,39.964]}},{"type":"Feature","properties":{"Unique ID":1587,"installationName":"AGROPECUARIA SANGRERA, S. L.   - SAN PEDRO I. (AAI-TO-121)","Type of Animal":"Pigs"},"geometry":{"type":"Point","coordinates":[-4.6981,39.9333]}},{"type":"Feature","properties":{"Unique ID":1588,"installationName":"AGROPECUARIA MIRAN, S.L.","Type of Animal":"Pigs"},"geometry":{"type":"Point","coordinates":[-4.7039,39.9248]}},{"type":"Feature","properties":{"Unique ID":1589,"installationName":"AGROPECUARIA SANGRERA, S. L. - SAN PEDRO III. (AAI-TO-117)","Type of Animal":"Pigs"},"geometry":{"type":"Point","coordinates":[-4.7063,39.9334]}},{"type":"Feature","properties":{"Unique ID":1590,"installationName":"AGROPECUARIA NTRA. SRA. DE LOURDES - LOS MADROÑALES (AAI-TO-116)","Type of Animal":"Pigs"},"geometry":{"type":"Point","coordinates":[-4.724975,39.847229]}},{"type":"Feature","properties":{"Unique ID":1591,"installationName":"GANADERÍAS REUNIDAS S.A. FINCA LA COMPANZA","Type of Animal":"Pigs"},"geometry":{"type":"Point","coordinates":[-4.3495,40.1599]}},{"type":"Feature","properties":{"Unique ID":1592,"installationName":"ERCAPU S.L.","Type of Animal":"Pigs"},"geometry":{"type":"Point","coordinates":[-3.2171,39.3293]}},{"type":"Feature","properties":{"Unique ID":1593,"installationName":"MULTI VELGO, S.L.","Type of Animal":"Pigs"},"geometry":{"type":"Point","coordinates":[-4.1789,39.7954]}},{"type":"Feature","properties":{"Unique ID":1594,"installationName":"EXPLOTACIONES VIRGEN DE LA PAZ S.L.","Type of Animal":"Pigs"},"geometry":{"type":"Point","coordinates":[-4.6885,39.8881]}},{"type":"Feature","properties":{"Unique ID":1595,"installationName":"GRANJA EL PICAYO S.L.","Type of Animal":"Pigs"},"geometry":{"type":"Point","coordinates":[-1.9063,38.5555]}},{"type":"Feature","properties":{"Unique ID":1596,"installationName":"HERNANDEZ VIADEL S.L.","Type of Animal":"Poultry"},"geometry":{"type":"Point","coordinates":[-1.3864,39.7209]}},{"type":"Feature","properties":{"Unique ID":1597,"installationName":"FRANCISCO NUÑEZ TENDERO","Type of Animal":"Pigs"},"geometry":{"type":"Point","coordinates":[-1.9947,38.6776]}},{"type":"Feature","properties":{"Unique ID":1598,"installationName":"MANFRUPOR II.","Type of Animal":"Pigs"},"geometry":{"type":"Point","coordinates":[-4.3066,39.7499]}},{"type":"Feature","properties":{"Unique ID":1599,"installationName":"MANFRUPOR III.","Type of Animal":"Pigs"},"geometry":{"type":"Point","coordinates":[-4.2846,39.5028]}},{"type":"Feature","properties":{"Unique ID":1600,"installationName":"PECUARIA ORGAZ S.L.","Type of Animal":"Pigs"},"geometry":{"type":"Point","coordinates":[-3.7854,39.549]}},{"type":"Feature","properties":{"Unique ID":1601,"installationName":"GRANJA DE VES S.L.","Type of Animal":"Pigs"},"geometry":{"type":"Point","coordinates":[-1.195914,39.264547]}},{"type":"Feature","properties":{"Unique ID":1602,"installationName":"PROVAPOR (ANTES JUAN MANUEL FERNÁNDEZ CAMINO)","Type of Animal":"Pigs"},"geometry":{"type":"Point","coordinates":[-4.3282,39.4912]}},{"type":"Feature","properties":{"Unique ID":1603,"installationName":"ONIAS 12 G.A. SL","Type of Animal":"Pigs"},"geometry":{"type":"Point","coordinates":[-4.8814,39.7891]}},{"type":"Feature","properties":{"Unique ID":1604,"installationName":"DOSANY S.L.","Type of Animal":"Poultry"},"geometry":{"type":"Point","coordinates":[-2.8529,40.3951]}},{"type":"Feature","properties":{"Unique ID":1605,"installationName":"CRIADEROS ALCARREÑOS S.L.","Type of Animal":"Poultry"},"geometry":{"type":"Point","coordinates":[-3.1014,40.3067]}},{"type":"Feature","properties":{"Unique ID":1606,"installationName":"GRANJAS SEGURA S.A.","Type of Animal":"Poultry"},"geometry":{"type":"Point","coordinates":[-2.9672,40.2873]}},{"type":"Feature","properties":{"Unique ID":1607,"installationName":"QUINTILIANO PÉREZ BONILLA","Type of Animal":"Pigs"},"geometry":{"type":"Point","coordinates":[-4.6679,39.9108]}},{"type":"Feature","properties":{"Unique ID":1608,"installationName":"AGRÍCOLA GANADERA HERMANOS LÓPEZ S.L. (AAI-TO-131)","Type of Animal":"Pigs"},"geometry":{"type":"Point","coordinates":[-5.0534,39.8256]}},{"type":"Feature","properties":{"Unique ID":1609,"installationName":"DOAL EXPLOTACIONES GANADERAS, S.L.","Type of Animal":"Pigs"},"geometry":{"type":"Point","coordinates":[-3.9685,40.0433]}},{"type":"Feature","properties":{"Unique ID":1610,"installationName":"GRANJA AVÍCOLA EL ÁNGEL S.L.","Type of Animal":"Poultry"},"geometry":{"type":"Point","coordinates":[-3.9445,39.9146]}},{"type":"Feature","properties":{"Unique ID":1611,"installationName":"JESÚS CANO VILLAMAYOR","Type of Animal":"Pigs"},"geometry":{"type":"Point","coordinates":[-3.554,39.3152]}},{"type":"Feature","properties":{"Unique ID":1612,"installationName":"JOSÉ SORO MARÍN","Type of Animal":"Pigs"},"geometry":{"type":"Point","coordinates":[-2.435,38.5729]}},{"type":"Feature","properties":{"Unique ID":1613,"installationName":"FINCA LA GITANA AAI-TO-050","Type of Animal":"Pigs"},"geometry":{"type":"Point","coordinates":[-5.1462,39.9147]}},{"type":"Feature","properties":{"Unique ID":1614,"installationName":"GRANJA LOS LEONES SAT","Type of Animal":"Pigs"},"geometry":{"type":"Point","coordinates":[-4.2969,39.9106]}},{"type":"Feature","properties":{"Unique ID":1615,"installationName":"GANADOS PANDI S.L.","Type of Animal":"Pigs"},"geometry":{"type":"Point","coordinates":[-4.1629,39.7819]}},{"type":"Feature","properties":{"Unique ID":1616,"installationName":"EXPLOTACIÓN PORCINA MONTE EL BOSCO (EXPORINSA)","Type of Animal":"Pigs"},"geometry":{"type":"Point","coordinates":[-2.7954,39.6258]}},{"type":"Feature","properties":{"Unique ID":1617,"installationName":"EXPLOTACIÓN PORCINA MONTE DE BELEN (EXPORINSA)","Type of Animal":"Pigs"},"geometry":{"type":"Point","coordinates":[-2.7726,39.6677]}},{"type":"Feature","properties":{"Unique ID":1618,"installationName":"EXPLOTACIÓN PORCINA INTEGRAL, S.A.","Type of Animal":"Pigs"},"geometry":{"type":"Point","coordinates":[-2.7067,39.6765]}},{"type":"Feature","properties":{"Unique ID":1619,"installationName":"INTEGRACIONES MORAGÓN S.L.","Type of Animal":"Pigs"},"geometry":{"type":"Point","coordinates":[-4.2333,39.7464]}},{"type":"Feature","properties":{"Unique ID":1620,"installationName":"GRANJA EL CUARTILLEJO S.L.","Type of Animal":"Pigs"},"geometry":{"type":"Point","coordinates":[-4.2934,39.5238]}},{"type":"Feature","properties":{"Unique ID":1621,"installationName":"FRAJUELAS, S.A.","Type of Animal":"Pigs"},"geometry":{"type":"Point","coordinates":[-4.0286,39.8164]}},{"type":"Feature","properties":{"Unique ID":1622,"installationName":"GONZÁLEZ CASTAÑO S.C.","Type of Animal":"Pigs"},"geometry":{"type":"Point","coordinates":[-4.3581,39.6479]}},{"type":"Feature","properties":{"Unique ID":1623,"installationName":"AVIMAN EXPLOTACIONES GANADERAS S.L.","Type of Animal":"Poultry"},"geometry":{"type":"Point","coordinates":[-3.7732,39.4388]}},{"type":"Feature","properties":{"Unique ID":1624,"installationName":"GRANJA AVÍCOLA GALLEGO S.L.","Type of Animal":"Poultry"},"geometry":{"type":"Point","coordinates":[-3.9714,39.8953]}},{"type":"Feature","properties":{"Unique ID":1625,"installationName":"GRANJA AVÍCOLA SAN ANTONIO S.L, II (AAI-TO-100)","Type of Animal":"Poultry"},"geometry":{"type":"Point","coordinates":[-3.6285,39.4169]}},{"type":"Feature","properties":{"Unique ID":1626,"installationName":"RECRÍA DE GANADO TESTADO S.L. (REGATES) (AAI-TO-113)","Type of Animal":"Pigs"},"geometry":{"type":"Point","coordinates":[-3.7664,39.3257]}},{"type":"Feature","properties":{"Unique ID":1627,"installationName":"JEFALUMEJO S.L.","Type of Animal":"Poultry"},"geometry":{"type":"Point","coordinates":[-1.2996,39.7423]}},{"type":"Feature","properties":{"Unique ID":1628,"installationName":"PORCIROBLEDO S.L.","Type of Animal":"Pigs"},"geometry":{"type":"Point","coordinates":[-4.8853,39.6125]}},{"type":"Feature","properties":{"Unique ID":1629,"installationName":"MARÍA FRANCISCA TAPIA LÓPEZ","Type of Animal":"Pigs"},"geometry":{"type":"Point","coordinates":[-4.7449,39.7221]}},{"type":"Feature","properties":{"Unique ID":1630,"installationName":"SOCIEDAD COOPERATIVA SANTO DOMINGO  ","Type of Animal":"Pigs"},"geometry":{"type":"Point","coordinates":[-4.3729,39.7966]}},{"type":"Feature","properties":{"Unique ID":1631,"installationName":"AGROPECUARIAS EL TINTO S.L.","Type of Animal":"Pigs"},"geometry":{"type":"Point","coordinates":[-4.1684,39.5935]}},{"type":"Feature","properties":{"Unique ID":1633,"installationName":"ASTEOROC, S.L.","Type of Animal":"Pigs"},"geometry":{"type":"Point","coordinates":[-4.6292,39.7111]}},{"type":"Feature","properties":{"Unique ID":1634,"installationName":"HEPELCOS S.L.","Type of Animal":"Pigs"},"geometry":{"type":"Point","coordinates":[-4.6893,39.7162]}},{"type":"Feature","properties":{"Unique ID":1635,"installationName":"JUAN JIMÉNEZ GARCÍA, S.A.  EXPLOTACIÓN \"HORNAGUERA\" (AAI-TO-138)","Type of Animal":"Pigs"},"geometry":{"type":"Point","coordinates":[-4.579,39.6933]}},{"type":"Feature","properties":{"Unique ID":1636,"installationName":"TOJILOR S.L. GRANJA VALDEPUSA","Type of Animal":"Pigs"},"geometry":{"type":"Point","coordinates":[-4.6212,39.9228]}},{"type":"Feature","properties":{"Unique ID":1637,"installationName":"AGRIPORK TAJO S.L.","Type of Animal":"Pigs"},"geometry":{"type":"Point","coordinates":[-4.6984,39.9935]}},{"type":"Feature","properties":{"Unique ID":1638,"installationName":"EXPLOTACIONES AGROPECUARIAS CRISGER S.L. PARAJE LAS PILAS","Type of Animal":"Pigs"},"geometry":{"type":"Point","coordinates":[-5.011,39.7244]}},{"type":"Feature","properties":{"Unique ID":1639,"installationName":"EXPLOTACIONES AGROPECUARIAS CRISGER S.L. \"LAS ALDEAS I\"","Type of Animal":"Pigs"},"geometry":{"type":"Point","coordinates":[-4.8471,39.8498]}},{"type":"Feature","properties":{"Unique ID":1640,"installationName":"RECRÍA DE GANADO TESTADO S.L. PARAJE LA MATA","Type of Animal":"Pigs"},"geometry":{"type":"Point","coordinates":[-3.7851,39.5224]}},{"type":"Feature","properties":{"Unique ID":1641,"installationName":"TOTACER S.C.L.","Type of Animal":"Pigs"},"geometry":{"type":"Point","coordinates":[-4.2188,39.5404]}},{"type":"Feature","properties":{"Unique ID":1642,"installationName":"AGROPECUARIA SAN TELMO S.L.","Type of Animal":"Pigs"},"geometry":{"type":"Point","coordinates":[-4.2688,39.4946]}},{"type":"Feature","properties":{"Unique ID":1643,"installationName":"AGROGANADERA CANDALBA SL","Type of Animal":"Pigs"},"geometry":{"type":"Point","coordinates":[-4.5287,39.8405]}},{"type":"Feature","properties":{"Unique ID":1644,"installationName":"AAI-TO-173","Type of Animal":"Pigs"},"geometry":{"type":"Point","coordinates":[-4.085,39.7215]}},{"type":"Feature","properties":{"Unique ID":1645,"installationName":"AAI-TO-174","Type of Animal":"Pigs"},"geometry":{"type":"Point","coordinates":[-4.085,39.7215]}},{"type":"Feature","properties":{"Unique ID":1646,"installationName":"AAI-TO-175","Type of Animal":"Pigs"},"geometry":{"type":"Point","coordinates":[-4.39,40.0762]}},{"type":"Feature","properties":{"Unique ID":1647,"installationName":"GONAGU,S.L.","Type of Animal":"Pigs"},"geometry":{"type":"Point","coordinates":[-3.609117,39.464244]}},{"type":"Feature","properties":{"Unique ID":1648,"installationName":"GRAISANCO S.A.","Type of Animal":"Pigs"},"geometry":{"type":"Point","coordinates":[-4.9145,39.935]}},{"type":"Feature","properties":{"Unique ID":1649,"installationName":"SANJOPOR S.L.","Type of Animal":"Pigs"},"geometry":{"type":"Point","coordinates":[-4.2975,39.6787]}},{"type":"Feature","properties":{"Unique ID":1650,"installationName":"GRANJAS INIESTA S.C.L. II.","Type of Animal":"Pigs"},"geometry":{"type":"Point","coordinates":[-1.7525,39.4759]}},{"type":"Feature","properties":{"Unique ID":1651,"installationName":"EXPLOTACIONES AVÍCOLAS ALCARRIA S.L.","Type of Animal":"Poultry"},"geometry":{"type":"Point","coordinates":[-3.0808,40.582]}},{"type":"Feature","properties":{"Unique ID":1654,"installationName":"AVÍCOLA G. LASARTE S.L.","Type of Animal":"Poultry"},"geometry":{"type":"Point","coordinates":[-2.5762,40.3123]}},{"type":"Feature","properties":{"Unique ID":1655,"installationName":"ISIDORO GÓMEZ E HIJOS, S.L.","Type of Animal":"Pigs"},"geometry":{"type":"Point","coordinates":[-4.2303,40.078]}},{"type":"Feature","properties":{"Unique ID":1656,"installationName":"AGROPECUARIA LOS PERDIGUEROS S.L. (II)","Type of Animal":"Pigs"},"geometry":{"type":"Point","coordinates":[-4.1828,39.7987]}},{"type":"Feature","properties":{"Unique ID":1657,"installationName":"GANADOS GARSAN S.L. I","Type of Animal":"Pigs"},"geometry":{"type":"Point","coordinates":[-4.1536,39.7979]}},{"type":"Feature","properties":{"Unique ID":1658,"installationName":"GANADOS GARSAN S.L. II","Type of Animal":"Pigs"},"geometry":{"type":"Point","coordinates":[-4.1849,39.7768]}},{"type":"Feature","properties":{"Unique ID":1659,"installationName":"GANADOS EL JARILLO S.L.","Type of Animal":"Pigs"},"geometry":{"type":"Point","coordinates":[-3.2387,39.5281]}},{"type":"Feature","properties":{"Unique ID":1660,"installationName":"ANTONIO VERDUGO CARPINTERO","Type of Animal":"Pigs"},"geometry":{"type":"Point","coordinates":[-3.2353,39.6172]}},{"type":"Feature","properties":{"Unique ID":1661,"installationName":"EXPLOTACIONES PUERTO VALLEHERMOSO S.A.","Type of Animal":"Pigs"},"geometry":{"type":"Point","coordinates":[-3.1271,38.8469]}},{"type":"Feature","properties":{"Unique ID":1662,"installationName":"IBERICOS VALLEHERMOSO, S.L.","Type of Animal":"Pigs"},"geometry":{"type":"Point","coordinates":[-3.1649,38.6896]}},{"type":"Feature","properties":{"Unique ID":1663,"installationName":"GRANJA LA SALUD S.L.","Type of Animal":"Poultry"},"geometry":{"type":"Point","coordinates":[-3.9805,39.6546]}},{"type":"Feature","properties":{"Unique ID":1664,"installationName":"RICARDO LÓPEZ CABAÑAS","Type of Animal":"Pigs"},"geometry":{"type":"Point","coordinates":[-3.2574,39.3799]}},{"type":"Feature","properties":{"Unique ID":1665,"installationName":"EXPLOTACIÓN PORCINA (UNIFICADO) HERMANOS MATAS DE HUERTA S.L.","Type of Animal":"Pigs"},"geometry":{"type":"Point","coordinates":[-2.487,40.0039]}},{"type":"Feature","properties":{"Unique ID":1666,"installationName":"PORCISAN, S.A.-EXPLOTACIÓN PORCINA (AAI-AB-035)","Type of Animal":"Pigs"},"geometry":{"type":"Point","coordinates":[-1.6215,39.1433]}},{"type":"Feature","properties":{"Unique ID":1667,"installationName":"AGROONATE FIGUEREZ, S.L.","Type of Animal":"Pigs"},"geometry":{"type":"Point","coordinates":[-1.8147,39.3724]}},{"type":"Feature","properties":{"Unique ID":1668,"installationName":"AVICOLA LOS ALAMOS, S.L.U.  ","Type of Animal":"Pigs"},"geometry":{"type":"Point","coordinates":[-4.3247,39.5104]}},{"type":"Feature","properties":{"Unique ID":1669,"installationName":"EXPLOTACIÓN AGRARIA G.T. C.B.","Type of Animal":"Pigs"},"geometry":{"type":"Point","coordinates":[-3.1583,38.9701]}},{"type":"Feature","properties":{"Unique ID":1670,"installationName":"JAVIER MORA JIMÉNEZ","Type of Animal":"Pigs"},"geometry":{"type":"Point","coordinates":[-3.8378,39.5394]}},{"type":"Feature","properties":{"Unique ID":1671,"installationName":"JOSE LUIS MORENO ESPINOSA","Type of Animal":"Pigs"},"geometry":{"type":"Point","coordinates":[-4.3688,39.5361]}},{"type":"Feature","properties":{"Unique ID":1672,"installationName":"CÁRNICAS VILLACUENCA S.A.","Type of Animal":"Pigs"},"geometry":{"type":"Point","coordinates":[-1.856,39.7121]}},{"type":"Feature","properties":{"Unique ID":1673,"installationName":"ASTEOROC, S.L.","Type of Animal":"Pigs"},"geometry":{"type":"Point","coordinates":[-4.642,39.9209]}},{"type":"Feature","properties":{"Unique ID":1674,"installationName":"AGROIBÉRICOS DE RAZA, S.L.","Type of Animal":"Pigs"},"geometry":{"type":"Point","coordinates":[-4.5962,39.6846]}},{"type":"Feature","properties":{"Unique ID":1675,"installationName":"LA VIÑA 2011, S.L","Type of Animal":"Pigs"},"geometry":{"type":"Point","coordinates":[-4.6713,39.737]}},{"type":"Feature","properties":{"Unique ID":1676,"installationName":"EXPLOTACIONES AGROPECUARIAS CRISGER, S.L. (ALDEAS II)","Type of Animal":"Pigs"},"geometry":{"type":"Point","coordinates":[-4.848,39.8475]}},{"type":"Feature","properties":{"Unique ID":1677,"installationName":"JAVIER MORA JIMÉNEZ (CENTRO ORGAZ)","Type of Animal":"Pigs"},"geometry":{"type":"Point","coordinates":[-3.9196,39.4578]}},{"type":"Feature","properties":{"Unique ID":1678,"installationName":"EXPLOTACION PORCINA DE CEBO","Type of Animal":"Pigs"},"geometry":{"type":"Point","coordinates":[-1.859822,37.738396]}},{"type":"Feature","properties":{"Unique ID":1679,"installationName":"EXPLOTACION PORCINA DE CEBO","Type of Animal":"Pigs"},"geometry":{"type":"Point","coordinates":[-1.903424,37.826785]}},{"type":"Feature","properties":{"Unique ID":1680,"installationName":"CEBADERO PORCINO LOS POCICOS","Type of Animal":"Pigs"},"geometry":{"type":"Point","coordinates":[-1.432343,37.856965]}},{"type":"Feature","properties":{"Unique ID":1681,"installationName":"CEBADERO PORCINO LOS TITOS","Type of Animal":"Pigs"},"geometry":{"type":"Point","coordinates":[-1.2929,37.7298]}},{"type":"Feature","properties":{"Unique ID":1682,"installationName":"CEBADERO DE POLLOS PUJANTE, FINCA LA BALSA","Type of Animal":"Poultry"},"geometry":{"type":"Point","coordinates":[-1.011064,37.794491]}},{"type":"Feature","properties":{"Unique ID":1683,"installationName":"CEBADERO PORCINO EL CHORLITO","Type of Animal":"Pigs"},"geometry":{"type":"Point","coordinates":[-1.278752,37.734911]}},{"type":"Feature","properties":{"Unique ID":1684,"installationName":"CEBADERO PORCINO LA BEATA","Type of Animal":"Pigs"},"geometry":{"type":"Point","coordinates":[-1.24444,37.735548]}},{"type":"Feature","properties":{"Unique ID":1685,"installationName":"CEBADERO PORCINO EL CORVICO","Type of Animal":"Pigs"},"geometry":{"type":"Point","coordinates":[-1.424666,37.851012]}},{"type":"Feature","properties":{"Unique ID":1686,"installationName":"CEBADERO PORCINO LA CALAVERA","Type of Animal":"Pigs"},"geometry":{"type":"Point","coordinates":[-1.420498,37.842597]}},{"type":"Feature","properties":{"Unique ID":1687,"installationName":"CEBADERO PORCINO CELESTINO CÁNOVAS LÓPEZ.","Type of Animal":"Pigs"},"geometry":{"type":"Point","coordinates":[-1.500142,37.770646]}},{"type":"Feature","properties":{"Unique ID":1688,"installationName":"CEBADERO PORCINO EL CANÓNIGO","Type of Animal":"Pigs"},"geometry":{"type":"Point","coordinates":[-1.276689,37.682903]}},{"type":"Feature","properties":{"Unique ID":1689,"installationName":"EL ROMERAL","Type of Animal":"Pigs"},"geometry":{"type":"Point","coordinates":[-6.295833,38.071944]}},{"type":"Feature","properties":{"Unique ID":1690,"installationName":"ES222220000019-CERDOS-SIÉTAMO","Type of Animal":"Pigs"},"geometry":{"type":"Point","coordinates":[-0.317719,42.116917]}},{"type":"Feature","properties":{"Unique ID":1691,"installationName":"ES501600000032-CERDOS-MALLÉN","Type of Animal":"Pigs"},"geometry":{"type":"Point","coordinates":[-1.436632,41.900225]}},{"type":"Feature","properties":{"Unique ID":1692,"installationName":"ES220150000002-CERDOS-ALCALÁ DEL OBISPO","Type of Animal":"Pigs"},"geometry":{"type":"Point","coordinates":[-0.254472,42.065657]}},{"type":"Feature","properties":{"Unique ID":1693,"installationName":"ES500510000042-CERDOS-BIOTA","Type of Animal":"Pigs"},"geometry":{"type":"Point","coordinates":[-1.27805,42.228658]}},{"type":"Feature","properties":{"Unique ID":1694,"installationName":"SERGIO SOL","Type of Animal":"Poultry"},"geometry":{"type":"Point","coordinates":[-1.193205,41.7648]}},{"type":"Feature","properties":{"Unique ID":1695,"installationName":"ES229040000040-CERDOS-SOTONERA (LA)","Type of Animal":"Pigs"},"geometry":{"type":"Point","coordinates":[-0.565007,42.268404]}},{"type":"Feature","properties":{"Unique ID":1696,"installationName":"ES500950000817-GALLINAS-EJEA DE LOS CABALLEROS","Type of Animal":"Poultry"},"geometry":{"type":"Point","coordinates":[-1.151645,42.079661]}},{"type":"Feature","properties":{"Unique ID":1697,"installationName":"ES502400000808_SÁSTAGO","Type of Animal":"Poultry"},"geometry":{"type":"Point","coordinates":[-0.418289,41.325]}},{"type":"Feature","properties":{"Unique ID":1698,"installationName":"ES221720000015-CERDOS-PEÑALBA","Type of Animal":"Pigs"},"geometry":{"type":"Point","coordinates":[-0.014973,41.463923]}},{"type":"Feature","properties":{"Unique ID":1699,"installationName":"ES500950000334-CERDOS-EJEA DE LOS CABALLEROS","Type of Animal":"Pigs"},"geometry":{"type":"Point","coordinates":[-1.229559,42.138973]}},{"type":"Feature","properties":{"Unique ID":1700,"installationName":"ES220200000012-CERDOS-ALFÁNTEGA","Type of Animal":"Pigs"},"geometry":{"type":"Point","coordinates":[0.293218,41.851196]}},{"type":"Feature","properties":{"Unique ID":1701,"installationName":"ES220220000039-CERDOS-ALMUNIA DE SAN JUAN","Type of Animal":"Pigs"},"geometry":{"type":"Point","coordinates":[0.256267,41.952172]}},{"type":"Feature","properties":{"Unique ID":1702,"installationName":"ES502440000005-CERDOS-SIERRA DE LUNA","Type of Animal":"Pigs"},"geometry":{"type":"Point","coordinates":[-0.945047,42.061601]}},{"type":"Feature","properties":{"Unique ID":1703,"installationName":"ES441910000015-CERDOS-PUEBLA DE HÍJAR (LA)","Type of Animal":"Pigs"},"geometry":{"type":"Point","coordinates":[-0.444715,41.20112]}},{"type":"Feature","properties":{"Unique ID":1704,"installationName":"ES220530000042-CERDOS-BENABARRE","Type of Animal":"Pigs"},"geometry":{"type":"Point","coordinates":[0.520568,42.06798]}},{"type":"Feature","properties":{"Unique ID":1705,"installationName":"ES502520000126-CERDOS-TAUSTE","Type of Animal":"Pigs"},"geometry":{"type":"Point","coordinates":[-1.314534,41.892013]}},{"type":"Feature","properties":{"Unique ID":1706,"installationName":"ES220230000005-CERDOS-ALMUNIENTE","Type of Animal":"Pigs"},"geometry":{"type":"Point","coordinates":[-0.405323,41.931771]}},{"type":"Feature","properties":{"Unique ID":1707,"installationName":"ES500510000024-CERDOS-BIOTA","Type of Animal":"Pigs"},"geometry":{"type":"Point","coordinates":[-1.13248,42.216502]}},{"type":"Feature","properties":{"Unique ID":1708,"installationName":"ES501500000008-CERDOS-LUMPIAQUE","Type of Animal":"Pigs"},"geometry":{"type":"Point","coordinates":[-1.372474,41.65134]}},{"type":"Feature","properties":{"Unique ID":1709,"installationName":"ES221160000129-CERDOS-GRAÑÉN","Type of Animal":"Pigs"},"geometry":{"type":"Point","coordinates":[-0.368074,41.992575]}},{"type":"Feature","properties":{"Unique ID":1710,"installationName":"ES220360000007-CERDOS-ARGAVIESO","Type of Animal":"Pigs"},"geometry":{"type":"Point","coordinates":[-0.266831,42.041268]}},{"type":"Feature","properties":{"Unique ID":1711,"installationName":"ES220770000022-CERDOS-CANDASNOS","Type of Animal":"Pigs"},"geometry":{"type":"Point","coordinates":[0.063583,41.501887]}},{"type":"Feature","properties":{"Unique ID":1712,"installationName":"ES221100000163-CERDOS-FONZ","Type of Animal":"Pigs"},"geometry":{"type":"Point","coordinates":[0.207572,41.991681]}},{"type":"Feature","properties":{"Unique ID":1713,"installationName":"ES501360000803-GALLINAS-LÉCERA","Type of Animal":"Poultry"},"geometry":{"type":"Point","coordinates":[-0.69946,41.199063]}},{"type":"Feature","properties":{"Unique ID":1714,"installationName":"ES220830000039-CERDOS-CASTEJÓN DE MONEGROS","Type of Animal":"Pigs"},"geometry":{"type":"Point","coordinates":[-0.134991,41.658034]}},{"type":"Feature","properties":{"Unique ID":1715,"installationName":"ES501250000001-CERDOS-IBDES","Type of Animal":"Pigs"},"geometry":{"type":"Point","coordinates":[-1.824983,41.206424]}},{"type":"Feature","properties":{"Unique ID":1716,"installationName":"ES220600000147-CERDOS-BINACED","Type of Animal":"Pigs"},"geometry":{"type":"Point","coordinates":[0.201609,41.825742]}},{"type":"Feature","properties":{"Unique ID":1717,"installationName":"ES442370000005-CERDOS-URREA DE GAÉN","Type of Animal":"Pigs"},"geometry":{"type":"Point","coordinates":[-0.485317,41.175039]}},{"type":"Feature","properties":{"Unique ID":1718,"installationName":"ES220150000039-CERDOS-ALCALÁ DEL OBISPO","Type of Animal":"Pigs"},"geometry":{"type":"Point","coordinates":[-0.230294,42.074432]}},{"type":"Feature","properties":{"Unique ID":1719,"installationName":"ES502520000167-CERDOS-TAUSTE","Type of Animal":"Pigs"},"geometry":{"type":"Point","coordinates":[-1.208169,41.943017]}},{"type":"Feature","properties":{"Unique ID":1720,"installationName":"ES502520000091-CERDOS-TAUSTE","Type of Animal":"Pigs"},"geometry":{"type":"Point","coordinates":[-1.309231,41.947279]}},{"type":"Feature","properties":{"Unique ID":1721,"installationName":"ES442650000011-CERDOS-VINACEITE","Type of Animal":"Pigs"},"geometry":{"type":"Point","coordinates":[-0.551232,41.269112]}},{"type":"Feature","properties":{"Unique ID":1722,"installationName":"ES500240000006-CERDOS-ALMONACID DE LA SIERRA","Type of Animal":"Pigs"},"geometry":{"type":"Point","coordinates":[-1.323181,41.43136]}},{"type":"Feature","properties":{"Unique ID":1723,"installationName":"ES221160000130-CERDOS-GRAÑÉN","Type of Animal":"Pigs"},"geometry":{"type":"Point","coordinates":[-0.374752,41.879085]}},{"type":"Feature","properties":{"Unique ID":1724,"installationName":"ES501510000030-CERDOS-LUNA","Type of Animal":"Pigs"},"geometry":{"type":"Point","coordinates":[-1.000861,42.098827]}},{"type":"Feature","properties":{"Unique ID":1725,"installationName":"ES440500000019-CERDOS-CALAMOCHA","Type of Animal":"Pigs"},"geometry":{"type":"Point","coordinates":[-1.295663,40.908832]}},{"type":"Feature","properties":{"Unique ID":1726,"installationName":"CORREO GRANDE","Type of Animal":"Pigs"},"geometry":{"type":"Point","coordinates":[-5.724738,37.386132]}},{"type":"Feature","properties":{"Unique ID":1727,"installationName":"GRANJA LOS LLANOS","Type of Animal":"Pigs"},"geometry":{"type":"Point","coordinates":[-4.900105,37.217275]}},{"type":"Feature","properties":{"Unique ID":1728,"installationName":"GRANJA PORCINA","Type of Animal":"Pigs"},"geometry":{"type":"Point","coordinates":[-2.623024,37.423374]}},{"type":"Feature","properties":{"Unique ID":1729,"installationName":"CEFU  FINCA MILLAN","Type of Animal":"Pigs"},"geometry":{"type":"Point","coordinates":[-2.44669,37.849781]}},{"type":"Feature","properties":{"Unique ID":1730,"installationName":"PIENSOS GARLA, S.A. - EL TORREJÓN","Type of Animal":"Pigs"},"geometry":{"type":"Point","coordinates":[-1.858213,37.46154]}},{"type":"Feature","properties":{"Unique ID":1731,"installationName":"EXPLOTACIÓN PORCINA","Type of Animal":"Pigs"},"geometry":{"type":"Point","coordinates":[-3.817,37.2]}},{"type":"Feature","properties":{"Unique ID":1732,"installationName":"GRANJA \"LOS GUIRAOS\"","Type of Animal":"Pigs"},"geometry":{"type":"Point","coordinates":[-1.801758,37.36415]}},{"type":"Feature","properties":{"Unique ID":1733,"installationName":"GRANJA NUESTRA SEÑORA DEL CARMEN","Type of Animal":"Pigs"},"geometry":{"type":"Point","coordinates":[-4.725033,37.13479]}},{"type":"Feature","properties":{"Unique ID":1734,"installationName":"FRANCISCO JÍMENEZ SÁNCHEZ Y OTROS, C.B.S.L. (LA CAPELLANÍA)","Type of Animal":"Pigs"},"geometry":{"type":"Point","coordinates":[-6.306281,37.248657]}},{"type":"Feature","properties":{"Unique ID":1735,"installationName":"GRANJA AVÍCOLA MÁRQUEZ, C.B.","Type of Animal":"Poultry"},"geometry":{"type":"Point","coordinates":[-6.466846,37.400609]}},{"type":"Feature","properties":{"Unique ID":1736,"installationName":"ES221120000189-CERDOS-FRAGA","Type of Animal":"Pigs"},"geometry":{"type":"Point","coordinates":[0.376386,41.579433]}},{"type":"Feature","properties":{"Unique ID":1737,"installationName":"ES221970000069-CERDOS-ROBRES","Type of Animal":"Pigs"},"geometry":{"type":"Point","coordinates":[-0.448854,41.853483]}},{"type":"Feature","properties":{"Unique ID":1738,"installationName":"GRANJA VIRGEN DEL ROSARIO S.L.","Type of Animal":"Poultry"},"geometry":{"type":"Point","coordinates":[-1.290675,41.189076]}},{"type":"Feature","properties":{"Unique ID":1739,"installationName":"CARNICERÍA RANGÚN S.L.","Type of Animal":"Pigs"},"geometry":{"type":"Point","coordinates":[-2.9712,39.6556]}},{"type":"Feature","properties":{"Unique ID":1740,"installationName":"MARIA DEL ROSARIO REAL PÉREZ-JUANA","Type of Animal":"Pigs"},"geometry":{"type":"Point","coordinates":[-3.3537,39.3724]}},{"type":"Feature","properties":{"Unique ID":1741,"installationName":"GANADOS NAVIGÁN, S.L.","Type of Animal":"Pigs"},"geometry":{"type":"Point","coordinates":[-4.3539,39.4047]}},{"type":"Feature","properties":{"Unique ID":1742,"installationName":"JUAN MIGUEL PÉREZ SORIANO","Type of Animal":"Pigs"},"geometry":{"type":"Point","coordinates":[-1.7997,39.2782]}},{"type":"Feature","properties":{"Unique ID":1743,"installationName":"ALICIA CORTÉS NIETO","Type of Animal":"Poultry"},"geometry":{"type":"Point","coordinates":[-1.32463,39.741626]}},{"type":"Feature","properties":{"Unique ID":1744,"installationName":"AGROPECUARIA CACHIPORRO","Type of Animal":"Pigs"},"geometry":{"type":"Point","coordinates":[-5.728056,39.612222]}},{"type":"Feature","properties":{"Unique ID":1745,"installationName":"MESA DEL CASTAÑO","Type of Animal":"Pigs"},"geometry":{"type":"Point","coordinates":[-5.552222,38.194444]}},{"type":"Feature","properties":{"Unique ID":1746,"installationName":"SANTA INÉS","Type of Animal":"Pigs"},"geometry":{"type":"Point","coordinates":[-5.635833,38.4675]}},{"type":"Feature","properties":{"Unique ID":1747,"installationName":"LA GINETA","Type of Animal":"Pigs"},"geometry":{"type":"Point","coordinates":[-6.788611,38.168889]}},{"type":"Feature","properties":{"Unique ID":1748,"installationName":"GRANJA ALTOPASO","Type of Animal":"Pigs"},"geometry":{"type":"Point","coordinates":[-7.952037,43.034691]}},{"type":"Feature","properties":{"Unique ID":1749,"installationName":"GRANXA PORCINA DE CEBO - COUSO DE LIMIA","Type of Animal":"Pigs"},"geometry":{"type":"Point","coordinates":[-7.76572,42.108581]}},{"type":"Feature","properties":{"Unique ID":1750,"installationName":"GANADOS CAMPOS VIDAL, SLU","Type of Animal":"Pigs"},"geometry":{"type":"Point","coordinates":[-0.310093,40.426066]}},{"type":"Feature","properties":{"Unique ID":1751,"installationName":"GRUPO AVICOLA LA CRESTA","Type of Animal":"Poultry"},"geometry":{"type":"Point","coordinates":[-1.256981,39.760516]}},{"type":"Feature","properties":{"Unique ID":1752,"installationName":"EXPLOTACIÓN PORCINA SAN GABRIEL","Type of Animal":"Pigs"},"geometry":{"type":"Point","coordinates":[-4.711375,36.770242]}},{"type":"Feature","properties":{"Unique ID":1753,"installationName":"GRANJA SOLBA","Type of Animal":"Pigs"},"geometry":{"type":"Point","coordinates":[1.032874,42.117835]}},{"type":"Feature","properties":{"Unique ID":1754,"installationName":"CAL SORRIBES","Type of Animal":"Pigs"},"geometry":{"type":"Point","coordinates":[1.51127,41.903828]}},{"type":"Feature","properties":{"Unique ID":1755,"installationName":"GRANJA MARBA","Type of Animal":"Pigs"},"geometry":{"type":"Point","coordinates":[1.568135,41.806003]}},{"type":"Feature","properties":{"Unique ID":1756,"installationName":"S.A.T. PORCINÁGUILA 1627_PRTR","Type of Animal":"Poultry"},"geometry":{"type":"Point","coordinates":[-4.115442,41.203214]}},{"type":"Feature","properties":{"Unique ID":1757,"installationName":"GRUCA MURO SLU","Type of Animal":"Pigs"},"geometry":{"type":"Point","coordinates":[-1.994444,41.808889]}},{"type":"Feature","properties":{"Unique ID":1758,"installationName":"LLANO GORDO, EUTIMIO ROMERO","Type of Animal":"Pigs"},"geometry":{"type":"Point","coordinates":[-2.360994,41.632575]}},{"type":"Feature","properties":{"Unique ID":1759,"installationName":"LA PEDRIZA, S.C.","Type of Animal":"Pigs"},"geometry":{"type":"Point","coordinates":[-3.172167,41.556561]}},{"type":"Feature","properties":{"Unique ID":1760,"installationName":"AURELIO CASTRO GONZÁLEZ-FRANCOS","Type of Animal":"Pigs"},"geometry":{"type":"Point","coordinates":[-5.482064,40.912442]}},{"type":"Feature","properties":{"Unique ID":1761,"installationName":"AGROCINEGETICA PERDICES ALTUBE S.A. (IGLESIAS)","Type of Animal":"Poultry"},"geometry":{"type":"Point","coordinates":[-3.970722,42.305961]}},{"type":"Feature","properties":{"Unique ID":1762,"installationName":"EXPLOTACIONES PORCINAS MUÑIZ, S.L.","Type of Animal":"Pigs"},"geometry":{"type":"Point","coordinates":[-4.229328,42.267069]}},{"type":"Feature","properties":{"Unique ID":1763,"installationName":"SAÚL LOBEJÓN ORTEGA","Type of Animal":"Pigs"},"geometry":{"type":"Point","coordinates":[-4.998253,41.265086]}},{"type":"Feature","properties":{"Unique ID":1764,"installationName":"MC LAS VIÑAS S.L. ","Type of Animal":"Pigs"},"geometry":{"type":"Point","coordinates":[-2.018625,41.827061]}},{"type":"Feature","properties":{"Unique ID":1765,"installationName":"MARCOPOLO COMERCIO - GRANJA OLMEDO","Type of Animal":"Poultry"},"geometry":{"type":"Point","coordinates":[-4.658117,41.300244]}},{"type":"Feature","properties":{"Unique ID":1766,"installationName":"BARANDA SANCHO S.C.","Type of Animal":"Pigs"},"geometry":{"type":"Point","coordinates":[-3.685,42.065278]}},{"type":"Feature","properties":{"Unique ID":1767,"installationName":"AGROCINEGÉTICA PERDICES ALTUBE (GRANJA SANTA ROSALÍA)","Type of Animal":"Poultry"},"geometry":{"type":"Point","coordinates":[-4.095044,42.159714]}},{"type":"Feature","properties":{"Unique ID":1768,"installationName":"SAT SAN SATURIO Nº 3664","Type of Animal":"Pigs"},"geometry":{"type":"Point","coordinates":[-3.288086,41.687469]}},{"type":"Feature","properties":{"Unique ID":1769,"installationName":"GAPORCI S.L.","Type of Animal":"Pigs"},"geometry":{"type":"Point","coordinates":[-3.63185,42.069797]}},{"type":"Feature","properties":{"Unique ID":1770,"installationName":"GÓMEZ GÓMEZ CESÁREO Y TRES MÁS, S.C.","Type of Animal":"Pigs"},"geometry":{"type":"Point","coordinates":[-3.966389,42.149722]}},{"type":"Feature","properties":{"Unique ID":1771,"installationName":"MARÍN PARDO SALVADOR Y OTROS,S.C.","Type of Animal":"Pigs"},"geometry":{"type":"Point","coordinates":[-3.870449,42.284246]}},{"type":"Feature","properties":{"Unique ID":1772,"installationName":"SÁIZ MARTÍNEZ J. TRES, S.L.","Type of Animal":"Pigs"},"geometry":{"type":"Point","coordinates":[-3.897778,42.065833]}},{"type":"Feature","properties":{"Unique ID":1773,"installationName":"QUERIBER S.L.","Type of Animal":"Pigs"},"geometry":{"type":"Point","coordinates":[-3.550556,42.044722]}},{"type":"Feature","properties":{"Unique ID":1774,"installationName":"FRANMAR, C.B.","Type of Animal":"Pigs"},"geometry":{"type":"Point","coordinates":[-5.066922,41.952225]}},{"type":"Feature","properties":{"Unique ID":1775,"installationName":"S.A.T. Nº 1117 HNOS. MARTINEZ GARCIA","Type of Animal":"Poultry"},"geometry":{"type":"Point","coordinates":[-3.646944,42.201389]}},{"type":"Feature","properties":{"Unique ID":1776,"installationName":"GRANJA ÁLAVA","Type of Animal":"Poultry"},"geometry":{"type":"Point","coordinates":[-4.905331,41.510833]}},{"type":"Feature","properties":{"Unique ID":1777,"installationName":"SOCIEDAD CIVIL POZUELO MM","Type of Animal":"Pigs"},"geometry":{"type":"Point","coordinates":[-4.38825,41.393647]}},{"type":"Feature","properties":{"Unique ID":1779,"installationName":"ES502110000007-CERDOS-PLASENCIA DE JALÓN","Type of Animal":"Pigs"},"geometry":{"type":"Point","coordinates":[-1.263633,41.704308]}},{"type":"Feature","properties":{"Unique ID":1780,"installationName":"EXPLOTACION PORCINA ANDREO MARTINEZ TUDEL","Type of Animal":"Pigs"},"geometry":{"type":"Point","coordinates":[-1.893529,37.728875]}},{"type":"Feature","properties":{"Unique ID":1781,"installationName":"CERRO NEGRO","Type of Animal":"Pigs"},"geometry":{"type":"Point","coordinates":[-1.645,37.703]}},{"type":"Feature","properties":{"Unique ID":1782,"installationName":"COMPLEJO PORCINO TERNAVI","Type of Animal":"Pigs"},"geometry":{"type":"Point","coordinates":[-5.781083,39.541282]}},{"type":"Feature","properties":{"Unique ID":1783,"installationName":"EXPLOTACION PORCINA EL MOLINO","Type of Animal":"Pigs"},"geometry":{"type":"Point","coordinates":[-1.624,37.4911]}},{"type":"Feature","properties":{"Unique ID":1784,"installationName":"CEBADERO PORCINO LOS CHARCOS","Type of Animal":"Pigs"},"geometry":{"type":"Point","coordinates":[-1.478176,37.752122]}},{"type":"Feature","properties":{"Unique ID":1785,"installationName":"LOS CHOLAS","Type of Animal":"Pigs"},"geometry":{"type":"Point","coordinates":[-1.20575,37.718047]}},{"type":"Feature","properties":{"Unique ID":1786,"installationName":"JOSÉ PAGÁN GARCÍA","Type of Animal":"Pigs"},"geometry":{"type":"Point","coordinates":[-1.189536,37.663121]}},{"type":"Feature","properties":{"Unique ID":1787,"installationName":"EXPLOTACIÓN PORCINA “CORVERITA”","Type of Animal":"Pigs"},"geometry":{"type":"Point","coordinates":[-1.6062,38.28362]}},{"type":"Feature","properties":{"Unique ID":1788,"installationName":"CEBADERO PORCINO LOS GALVEZ","Type of Animal":"Pigs"},"geometry":{"type":"Point","coordinates":[-1.1739,37.699]}},{"type":"Feature","properties":{"Unique ID":1789,"installationName":"Granja Salvany","Type of Animal":"Pigs"},"geometry":{"type":"Point","coordinates":[1.05852,41.796871]}},{"type":"Feature","properties":{"Unique ID":1790,"installationName":"GRANJA GUIXE","Type of Animal":"Pigs"},"geometry":{"type":"Point","coordinates":[1.133325,41.778387]}},{"type":"Feature","properties":{"Unique ID":1791,"installationName":"GRANJA SANKY","Type of Animal":"Pigs"},"geometry":{"type":"Point","coordinates":[2.154804,41.997552]}},{"type":"Feature","properties":{"Unique ID":1792,"installationName":"GRANJA CASTELLÓ","Type of Animal":"Pigs"},"geometry":{"type":"Point","coordinates":[2.194444,42.037691]}},{"type":"Feature","properties":{"Unique ID":1793,"installationName":"GRANJA PUIGPELAT","Type of Animal":"Pigs"},"geometry":{"type":"Point","coordinates":[1.512748,41.7855]}},{"type":"Feature","properties":{"Unique ID":1794,"installationName":"GRANJA MASO","Type of Animal":"Pigs"},"geometry":{"type":"Point","coordinates":[1.50625,41.945913]}},{"type":"Feature","properties":{"Unique ID":1795,"installationName":"Granja Mas Llorens","Type of Animal":"Pigs"},"geometry":{"type":"Point","coordinates":[1.379044,41.934215]}},{"type":"Feature","properties":{"Unique ID":1796,"installationName":"CASA SALABERT","Type of Animal":"Pigs"},"geometry":{"type":"Point","coordinates":[1.962727,42.005107]}},{"type":"Feature","properties":{"Unique ID":1797,"installationName":"CAN SAGNARI","Type of Animal":"Pigs"},"geometry":{"type":"Point","coordinates":[2.683066,42.098993]}},{"type":"Feature","properties":{"Unique ID":1798,"installationName":"GRANJA LA SARDERA","Type of Animal":"Pigs"},"geometry":{"type":"Point","coordinates":[0.458431,41.557217]}},{"type":"Feature","properties":{"Unique ID":1799,"installationName":"TORRECILLAS","Type of Animal":"Pigs"},"geometry":{"type":"Point","coordinates":[-5.74337,38.64751]}},{"type":"Feature","properties":{"Unique ID":1800,"installationName":"ES500950000272-CERDOS-EJEA DE LOS CABALLEROS","Type of Animal":"Pigs"},"geometry":{"type":"Point","coordinates":[-0.537197,41.361568]}},{"type":"Feature","properties":{"Unique ID":1801,"installationName":"ES221190000021-CERDOS-GURREA DE GÁLLEGO","Type of Animal":"Pigs"},"geometry":{"type":"Point","coordinates":[-0.761005,42.015652]}},{"type":"Feature","properties":{"Unique ID":1802,"installationName":"ES502350000003-SAN MATEO DE GÁLLEGO","Type of Animal":"Pigs"},"geometry":{"type":"Point","coordinates":[-0.77566,41.83785]}},{"type":"Feature","properties":{"Unique ID":1803,"installationName":"ES501510000039-CERDOS-LUNA","Type of Animal":"Pigs"},"geometry":{"type":"Point","coordinates":[-0.861096,42.19294]}},{"type":"Feature","properties":{"Unique ID":1804,"installationName":"ES500950000342-CERDOS-EJEA DE LOS CABALLEROS","Type of Animal":"Pigs"},"geometry":{"type":"Point","coordinates":[-1.192188,42.175315]}},{"type":"Feature","properties":{"Unique ID":1805,"installationName":"ES502060000016-CERDOS-PERDIGUERA","Type of Animal":"Pigs"},"geometry":{"type":"Point","coordinates":[-0.63715,41.738216]}},{"type":"Feature","properties":{"Unique ID":1806,"installationName":"ES502250000803","Type of Animal":"Poultry"},"geometry":{"type":"Point","coordinates":[-1.384343,41.567996]}},{"type":"Feature","properties":{"Unique ID":1807,"installationName":"ES502250000802","Type of Animal":"Poultry"},"geometry":{"type":"Point","coordinates":[-1.351805,41.555736]}},{"type":"Feature","properties":{"Unique ID":1808,"installationName":"ES502250000801","Type of Animal":"Poultry"},"geometry":{"type":"Point","coordinates":[-1.36662,41.543581]}},{"type":"Feature","properties":{"Unique ID":1809,"installationName":"ES500950000315-CERDOS-EJEA DE LOS CABALLEROS","Type of Animal":"Pigs"},"geometry":{"type":"Point","coordinates":[-1.154136,42.020378]}},{"type":"Feature","properties":{"Unique ID":1810,"installationName":"ES500950000324-CERDOS-EJEA DE LOS CABALLEROS","Type of Animal":"Pigs"},"geometry":{"type":"Point","coordinates":[-1.168259,42.025702]}},{"type":"Feature","properties":{"Unique ID":1811,"installationName":"ES442050000801-GALLINAS-SAMPER DE CALANDA","Type of Animal":"Poultry"},"geometry":{"type":"Point","coordinates":[-0.38412,41.191662]}},{"type":"Feature","properties":{"Unique ID":1812,"installationName":"ES501020000014-CERDOS-FABARA","Type of Animal":"Pigs"},"geometry":{"type":"Point","coordinates":[0.172668,41.18706]}},{"type":"Feature","properties":{"Unique ID":1813,"installationName":"ES441220000007-CERDOS-HÍJAR","Type of Animal":"Pigs"},"geometry":{"type":"Point","coordinates":[-0.429755,41.175064]}},{"type":"Feature","properties":{"Unique ID":1814,"installationName":"ES501130000013-CERDOS-FUENDEJALÓN","Type of Animal":"Pigs"},"geometry":{"type":"Point","coordinates":[-1.435868,41.729182]}},{"type":"Feature","properties":{"Unique ID":1815,"installationName":"ES221250000860-GALLINAS-HUESCA","Type of Animal":"Poultry"},"geometry":{"type":"Point","coordinates":[-0.39978,42.207369]}},{"type":"Feature","properties":{"Unique ID":1816,"installationName":"ES221500000853-GALLINAS-LOPORZANO","Type of Animal":"Poultry"},"geometry":{"type":"Point","coordinates":[-0.330982,42.151244]}},{"type":"Feature","properties":{"Unique ID":1817,"installationName":"ES221500000852-GALLINAS-LOPORZANO","Type of Animal":"Poultry"},"geometry":{"type":"Point","coordinates":[-0.32164,42.155536]}},{"type":"Feature","properties":{"Unique ID":1818,"installationName":"ES221630000850-GALLINAS-NUENO","Type of Animal":"Poultry"},"geometry":{"type":"Point","coordinates":[-0.444595,42.235765]}},{"type":"Feature","properties":{"Unique ID":1819,"installationName":"ES221630000851-GALLINAS-NUENO","Type of Animal":"Poultry"},"geometry":{"type":"Point","coordinates":[-0.451236,42.234637]}},{"type":"Feature","properties":{"Unique ID":1820,"installationName":"ES501370000036-CERDOS-LECIÑENA","Type of Animal":"Pigs"},"geometry":{"type":"Point","coordinates":[-0.589998,41.807857]}},{"type":"Feature","properties":{"Unique ID":1821,"installationName":"ES502170000003-CERDOS-PRADILLA DE EBRO","Type of Animal":"Pigs"},"geometry":{"type":"Point","coordinates":[-1.173033,41.868123]}},{"type":"Feature","properties":{"Unique ID":1822,"installationName":"ES501170000018-CERDOS-GALLOCANTA","Type of Animal":"Pigs"},"geometry":{"type":"Point","coordinates":[-1.519757,41.005991]}},{"type":"Feature","properties":{"Unique ID":1823,"installationName":"ES502980000002-CERDOS-ZUERA","Type of Animal":"Pigs"},"geometry":{"type":"Point","coordinates":[-0.537197,41.361568]}},{"type":"Feature","properties":{"Unique ID":1824,"installationName":"ES441070000031-CERDOS-FOZ-CALANDA","Type of Animal":"Pigs"},"geometry":{"type":"Point","coordinates":[-0.303705,40.92946]}},{"type":"Feature","properties":{"Unique ID":1825,"installationName":"ES440080000806-GALLINAS-ALBALATE DEL ARZOBISPO","Type of Animal":"Poultry"},"geometry":{"type":"Point","coordinates":[-0.508051,41.114909]}},{"type":"Feature","properties":{"Unique ID":1826,"installationName":"ES501890000013-CERDOS-NONASPE","Type of Animal":"Pigs"},"geometry":{"type":"Point","coordinates":[0.246164,41.208394]}},{"type":"Feature","properties":{"Unique ID":1827,"installationName":"ES500740000138-CERDOS-CASPE","Type of Animal":"Pigs"},"geometry":{"type":"Point","coordinates":[-0.082929,41.291469]}},{"type":"Feature","properties":{"Unique ID":1828,"installationName":"ES442290000003-CERDOS-TORRES DE ALBARRACÍN","Type of Animal":"Pigs"},"geometry":{"type":"Point","coordinates":[-1.573566,40.42997]}},{"type":"Feature","properties":{"Unique ID":1829,"installationName":"ES502220000029-CERDOS-QUINTO","Type of Animal":"Pigs"},"geometry":{"type":"Point","coordinates":[-0.537197,41.361568]}},{"type":"Feature","properties":{"Unique ID":1830,"installationName":"220-TE-038","Type of Animal":"Pigs"},"geometry":{"type":"Point","coordinates":[-1.453486,40.910476]}},{"type":"Feature","properties":{"Unique ID":1831,"installationName":"ES440420000031-CERDOS-BLANCAS","Type of Animal":"Pigs"},"geometry":{"type":"Point","coordinates":[-1.528346,40.842068]}},{"type":"Feature","properties":{"Unique ID":1832,"installationName":"ES229040000052-CERDOS-SOTONERA (LA)","Type of Animal":"Pigs"},"geometry":{"type":"Point","coordinates":[-0.555506,42.228956]}},{"type":"Feature","properties":{"Unique ID":1833,"installationName":"ES501020000033-CERDOS-FABARA","Type of Animal":"Pigs"},"geometry":{"type":"Point","coordinates":[0.169818,41.17772]}},{"type":"Feature","properties":{"Unique ID":1834,"installationName":"AVICULTURA E GRANXAS SARREAUS, SL","Type of Animal":"Poultry"},"geometry":{"type":"Point","coordinates":[-7.639714,42.120914]}},{"type":"Feature","properties":{"Unique ID":1835,"installationName":"JOSÉ CID Y OTROS CB","Type of Animal":"Pigs"},"geometry":{"type":"Point","coordinates":[-7.640691,42.121822]}},{"type":"Feature","properties":{"Unique ID":1836,"installationName":"Antonio Casado Reboredo y Otros, SC","Type of Animal":"Pigs"},"geometry":{"type":"Point","coordinates":[-7.65025,42.27141]}},{"type":"Feature","properties":{"Unique ID":1837,"installationName":"GRANXA PORCINA MARÍA SEGUÍN","Type of Animal":"Pigs"},"geometry":{"type":"Point","coordinates":[-7.75026,41.99929]}},{"type":"Feature","properties":{"Unique ID":1838,"installationName":"GRANXA PORCINA EN CICLO PECHADO CURUXEIRA","Type of Animal":"Pigs"},"geometry":{"type":"Point","coordinates":[-7.78152,42.047]}},{"type":"Feature","properties":{"Unique ID":1839,"installationName":"Incripor Galicia - NOICELA","Type of Animal":"Pigs"},"geometry":{"type":"Point","coordinates":[-8.61243,43.28101]}},{"type":"Feature","properties":{"Unique ID":1840,"installationName":"JOSÉ MANUEL DE LA FUENTE OLMOS","Type of Animal":"Pigs"},"geometry":{"type":"Point","coordinates":[-4.253333,41.44]}},{"type":"Feature","properties":{"Unique ID":1841,"installationName":"ALVAQUEL C.B.","Type of Animal":"Pigs"},"geometry":{"type":"Point","coordinates":[-2.740206,41.482556]}},{"type":"Feature","properties":{"Unique ID":1842,"installationName":"Eduardo Rodríguez Carballo - Espinosa de Cerrato","Type of Animal":"Pigs"},"geometry":{"type":"Point","coordinates":[-3.931972,41.974533]}},{"type":"Feature","properties":{"Unique ID":1843,"installationName":"CARBURANTES Y SERVICIOS ARÉVALO, S.L.-FINCA SERRADILLA DE RENCOJOS","Type of Animal":"Pigs"},"geometry":{"type":"Point","coordinates":[-6.489633,40.640772]}},{"type":"Feature","properties":{"Unique ID":1844,"installationName":"CARBURANTES Y SERVICIOS ARÉVALO, S.L. (DEHESA DE GAVILAN)","Type of Animal":"Pigs"},"geometry":{"type":"Point","coordinates":[-6.380006,40.654606]}},{"type":"Feature","properties":{"Unique ID":1845,"installationName":"GANADOS LA CORRALINA, S.L.U.","Type of Animal":"Pigs"},"geometry":{"type":"Point","coordinates":[-5.824611,41.239611]}},{"type":"Feature","properties":{"Unique ID":1846,"installationName":"GANADERÍA MONTE LAS MATAS","Type of Animal":"Poultry"},"geometry":{"type":"Point","coordinates":[-3.735278,42.139722]}},{"type":"Feature","properties":{"Unique ID":1847,"installationName":"PROPORSEG, S.L.","Type of Animal":"Pigs"},"geometry":{"type":"Point","coordinates":[-4.341489,41.032633]}},{"type":"Feature","properties":{"Unique ID":1848,"installationName":"BENJAMÍN DOMÍNGUEZ GARCÍA","Type of Animal":"Pigs"},"geometry":{"type":"Point","coordinates":[-5.325981,40.830325]}},{"type":"Feature","properties":{"Unique ID":1849,"installationName":"EXPLOTACIONES MARTÍN MUÑOZ, LA GUINDALERA","Type of Animal":"Pigs"},"geometry":{"type":"Point","coordinates":[-4.576111,40.994444]}},{"type":"Feature","properties":{"Unique ID":1850,"installationName":"FINCA NOGUEZ","Type of Animal":"Pigs"},"geometry":{"type":"Point","coordinates":[-6.041342,41.106003]}},{"type":"Feature","properties":{"Unique ID":1851,"installationName":"LUNASUA S.L.","Type of Animal":"Pigs"},"geometry":{"type":"Point","coordinates":[-5.52,41.239444]}},{"type":"Feature","properties":{"Unique ID":1852,"installationName":"La Gabina","Type of Animal":"Pigs"},"geometry":{"type":"Point","coordinates":[-4.362058,41.384786]}},{"type":"Feature","properties":{"Unique ID":1853,"installationName":"LA REVOLTILLA","Type of Animal":"Pigs"},"geometry":{"type":"Point","coordinates":[-5.439131,40.829525]}},{"type":"Feature","properties":{"Unique ID":1854,"installationName":"FERCASROMA","Type of Animal":"Pigs"},"geometry":{"type":"Point","coordinates":[-5.421389,41.971072]}},{"type":"Feature","properties":{"Unique ID":1855,"installationName":"EXPLOTACIONES PORCINAS DÍAZ S.A.","Type of Animal":"Pigs"},"geometry":{"type":"Point","coordinates":[-5.743528,41.179169]}},{"type":"Feature","properties":{"Unique ID":1856,"installationName":"FINCA LA NARRA","Type of Animal":"Pigs"},"geometry":{"type":"Point","coordinates":[-5.865647,41.067356]}},{"type":"Feature","properties":{"Unique ID":1857,"installationName":"AGROPECUARIA BEHER - LOS VALHONDOSI  (PELAYOS)","Type of Animal":"Pigs"},"geometry":{"type":"Point","coordinates":[-5.572961,40.673736]}},{"type":"Feature","properties":{"Unique ID":1858,"installationName":"AGROPECUARIA BEHER - (LOS JARALES)","Type of Animal":"Pigs"},"geometry":{"type":"Point","coordinates":[-5.724628,41.154331]}},{"type":"Feature","properties":{"Unique ID":1859,"installationName":"DAVID SAIZ REALES","Type of Animal":"Pigs"},"geometry":{"type":"Point","coordinates":[-4.761694,41.108658]}},{"type":"Feature","properties":{"Unique ID":1860,"installationName":"SAT AVIPORK","Type of Animal":"Pigs"},"geometry":{"type":"Point","coordinates":[-3.734167,42.144722]}},{"type":"Feature","properties":{"Unique ID":1861,"installationName":"Mª CARMEN FERRERO CRUZ","Type of Animal":"Pigs"},"geometry":{"type":"Point","coordinates":[-6.294056,41.731969]}},{"type":"Feature","properties":{"Unique ID":1862,"installationName":"NILASA, S.A (EL SOTO II)","Type of Animal":"Pigs"},"geometry":{"type":"Point","coordinates":[-4.686792,41.008489]}},{"type":"Feature","properties":{"Unique ID":1863,"installationName":"JOSÉ FÉLIX MERINERO VEDÍA","Type of Animal":"Pigs"},"geometry":{"type":"Point","coordinates":[-3.853622,42.057861]}},{"type":"Feature","properties":{"Unique ID":1864,"installationName":"MIKEL ARIAS GARCIA","Type of Animal":"Pigs"},"geometry":{"type":"Point","coordinates":[-5.868756,42.5661]}},{"type":"Feature","properties":{"Unique ID":1865,"installationName":"NILASA (GUTIERRE-MUÑOZ)","Type of Animal":"Pigs"},"geometry":{"type":"Point","coordinates":[-4.621864,40.976606]}},{"type":"Feature","properties":{"Unique ID":1866,"installationName":"SOCIEDAD COOPERATIVA LOS GRANDES","Type of Animal":"Pigs"},"geometry":{"type":"Point","coordinates":[-5.368333,41.016667]}},{"type":"Feature","properties":{"Unique ID":1867,"installationName":"CALABOZO FERNANDEZ","Type of Animal":"Pigs"},"geometry":{"type":"Point","coordinates":[-6.162181,42.084033]}},{"type":"Feature","properties":{"Unique ID":1868,"installationName":"GRANJA LAGARPOR","Type of Animal":"Pigs"},"geometry":{"type":"Point","coordinates":[-3.815919,42.045278]}},{"type":"Feature","properties":{"Unique ID":1869,"installationName":"PROPORSEG-FRAMI","Type of Animal":"Pigs"},"geometry":{"type":"Point","coordinates":[-4.420475,41.0831]}},{"type":"Feature","properties":{"Unique ID":1870,"installationName":"CREMENCIO ORTEGA Y DOS MÁS, S.C.","Type of Animal":"Pigs"},"geometry":{"type":"Point","coordinates":[-3.909975,42.127628]}},{"type":"Feature","properties":{"Unique ID":1871,"installationName":"GREGORIO PEREZ Y OTROS, C. B.","Type of Animal":"Pigs"},"geometry":{"type":"Point","coordinates":[-5.568611,42.028056]}},{"type":"Feature","properties":{"Unique ID":1872,"installationName":"AGROPECUARIA HERMANOS BARRERO S.L. (VALDESCORRIEL)","Type of Animal":"Pigs"},"geometry":{"type":"Point","coordinates":[-5.550778,42.041117]}},{"type":"Feature","properties":{"Unique ID":1873,"installationName":"EVARISTO ALONSO AGUADO","Type of Animal":"Pigs"},"geometry":{"type":"Point","coordinates":[-5.585472,42.145606]}},{"type":"Feature","properties":{"Unique ID":1874,"installationName":"El Chano Pork","Type of Animal":"Pigs"},"geometry":{"type":"Point","coordinates":[-6.070278,41.991944]}},{"type":"Feature","properties":{"Unique ID":1875,"installationName":"ORZALPOR","Type of Animal":"Pigs"},"geometry":{"type":"Point","coordinates":[-6.054847,42.104772]}},{"type":"Feature","properties":{"Unique ID":1876,"installationName":"NAYUPOR - NAVARES DE AYUSO","Type of Animal":"Pigs"},"geometry":{"type":"Point","coordinates":[-3.688231,41.371969]}},{"type":"Feature","properties":{"Unique ID":1877,"installationName":"AGROPECUARIA HERMANOS BARRERO S.L. (SANTIBAÑEZ DE V)","Type of Animal":"Pigs"},"geometry":{"type":"Point","coordinates":[-7.018056,42.061747]}},{"type":"Feature","properties":{"Unique ID":1878,"installationName":"MOBAPOR S.L.-NOVIERCAS","Type of Animal":"Pigs"},"geometry":{"type":"Point","coordinates":[-1.946672,41.691203]}},{"type":"Feature","properties":{"Unique ID":1879,"installationName":"LA SARDONIZA S.L","Type of Animal":"Pigs"},"geometry":{"type":"Point","coordinates":[-5.915833,41.9275]}},{"type":"Feature","properties":{"Unique ID":1880,"installationName":"ANLEX S. COOP.","Type of Animal":"Pigs"},"geometry":{"type":"Point","coordinates":[-4.802281,41.049989]}},{"type":"Feature","properties":{"Unique ID":1881,"installationName":"AGROSAYAGO","Type of Animal":"Pigs"},"geometry":{"type":"Point","coordinates":[-5.773611,41.32]}},{"type":"Feature","properties":{"Unique ID":1882,"installationName":"AGROHERGAJI S.L.","Type of Animal":"Pigs"},"geometry":{"type":"Point","coordinates":[-4.660308,41.160514]}},{"type":"Feature","properties":{"Unique ID":1883,"installationName":"RAFAEL FERNANDEZ ALONSO","Type of Animal":"Pigs"},"geometry":{"type":"Point","coordinates":[-5.585878,42.250517]}},{"type":"Feature","properties":{"Unique ID":1884,"installationName":"EUROESPA S.L.","Type of Animal":"Pigs"},"geometry":{"type":"Point","coordinates":[-5.675097,41.895453]}},{"type":"Feature","properties":{"Unique ID":1885,"installationName":"FRANCISCO JAVIER AGÜERO PEREZ","Type of Animal":"Pigs"},"geometry":{"type":"Point","coordinates":[-4.633975,41.129814]}},{"type":"Feature","properties":{"Unique ID":1886,"installationName":"JESÚS ANTONIO BALLESTEROS DE FRUTOS","Type of Animal":"Poultry"},"geometry":{"type":"Point","coordinates":[-4.142811,41.172344]}},{"type":"Feature","properties":{"Unique ID":1887,"installationName":"TORREGUTIÉRREZ","Type of Animal":"Pigs"},"geometry":{"type":"Point","coordinates":[-4.344444,41.407222]}},{"type":"Feature","properties":{"Unique ID":1888,"installationName":"MIGUEL FRANCISCO TEJADA GONZALEZ","Type of Animal":"Pigs"},"geometry":{"type":"Point","coordinates":[-5.428189,40.812517]}},{"type":"Feature","properties":{"Unique ID":1889,"installationName":"LOS ALBARES","Type of Animal":"Pigs"},"geometry":{"type":"Point","coordinates":[-4.345772,41.405428]}},{"type":"Feature","properties":{"Unique ID":1890,"installationName":"EL JARDÍN, JOSE ANDRÉS GARCÍA MORO","Type of Animal":"Pigs"},"geometry":{"type":"Point","coordinates":[-5.120197,42.261964]}},{"type":"Feature","properties":{"Unique ID":1891,"installationName":"SONLLEVA XXI S.L.-  CUELLAR","Type of Animal":"Pigs"},"geometry":{"type":"Point","coordinates":[-4.303556,41.422722]}},{"type":"Feature","properties":{"Unique ID":1892,"installationName":"FINCA EL GALEÓN II","Type of Animal":"Pigs"},"geometry":{"type":"Point","coordinates":[-4.9,37.217]}},{"type":"Feature","properties":{"Unique ID":1893,"installationName":"BELSOL 97, S.L.","Type of Animal":"Pigs"},"geometry":{"type":"Point","coordinates":[-1.75,37.4]}},{"type":"Feature","properties":{"Unique ID":1894,"installationName":"GRANJA SOLANS","Type of Animal":"Pigs"},"geometry":{"type":"Point","coordinates":[1.074286,41.800063]}},{"type":"Feature","properties":{"Unique ID":1895,"installationName":"GRANJA HORTS D´EN TALOI","Type of Animal":"Pigs"},"geometry":{"type":"Point","coordinates":[2.809997,42.245258]}},{"type":"Feature","properties":{"Unique ID":1896,"installationName":"GRANJA LES PALANQUES","Type of Animal":"Pigs"},"geometry":{"type":"Point","coordinates":[2.348882,42.028539]}},{"type":"Feature","properties":{"Unique ID":1897,"installationName":"GRANJA SANCO","Type of Animal":"Pigs"},"geometry":{"type":"Point","coordinates":[2.170158,41.621043]}},{"type":"Feature","properties":{"Unique ID":1898,"installationName":"GRANJA LA SALA (Sant Bartomeu del Grau)","Type of Animal":"Pigs"},"geometry":{"type":"Point","coordinates":[2.141304,41.98086]}},{"type":"Feature","properties":{"Unique ID":1899,"installationName":"GRANJA COMAS - LA PALLISSA","Type of Animal":"Pigs"},"geometry":{"type":"Point","coordinates":[1.548454,41.714984]}},{"type":"Feature","properties":{"Unique ID":1900,"installationName":"BELENSAEZ, C.B.","Type of Animal":"Poultry"},"geometry":{"type":"Point","coordinates":[-1.5478,39.0919]}},{"type":"Feature","properties":{"Unique ID":1901,"installationName":"GABRIEL RODRÍGUEZ MARTÍN","Type of Animal":"Poultry"},"geometry":{"type":"Point","coordinates":[-4.3469,39.8161]}},{"type":"Feature","properties":{"Unique ID":1902,"installationName":"PORCIPORK S.L.","Type of Animal":"Pigs"},"geometry":{"type":"Point","coordinates":[-1.376468,39.814406]}},{"type":"Feature","properties":{"Unique ID":1903,"installationName":"MARTVIC, SOC. COOP. DE CLM","Type of Animal":"Poultry"},"geometry":{"type":"Point","coordinates":[-1.5344,39.0585]}},{"type":"Feature","properties":{"Unique ID":1904,"installationName":"MINGLA ARIS S.L.","Type of Animal":"Poultry"},"geometry":{"type":"Point","coordinates":[-1.6443,39.3696]}},{"type":"Feature","properties":{"Unique ID":1905,"installationName":"PIGLETS, S.L.","Type of Animal":"Pigs"},"geometry":{"type":"Point","coordinates":[-5.0995,39.6372]}},{"type":"Feature","properties":{"Unique ID":1906,"installationName":"PEDRO CARRIÓN SERRANO","Type of Animal":"Pigs"},"geometry":{"type":"Point","coordinates":[-1.523,39.0886]}},{"type":"Feature","properties":{"Unique ID":1907,"installationName":"EL PARAISO TITULARIDAD COMPARTIDA DE EXPLOTACIÓN AGRARIA","Type of Animal":"Poultry"},"geometry":{"type":"Point","coordinates":[-1.5739,38.9273]}},{"type":"Feature","properties":{"Unique ID":1908,"installationName":"HERMANOS MATAS DE HUERTA, S.L. - PARAJE LAS HONTANILLAS-","Type of Animal":"Pigs"},"geometry":{"type":"Point","coordinates":[-2.4603,39.7963]}},{"type":"Feature","properties":{"Unique ID":1909,"installationName":"ÁNGEL GUIJARRO CANO","Type of Animal":"Pigs"},"geometry":{"type":"Point","coordinates":[-3.5202,39.3248]}},{"type":"Feature","properties":{"Unique ID":1910,"installationName":"EXPLOTACIONES AGROPARDAL, S. L.","Type of Animal":"Pigs"},"geometry":{"type":"Point","coordinates":[-4.2304,39.6938]}},{"type":"Feature","properties":{"Unique ID":1911,"installationName":"VIVAR CEDILLO S.L.","Type of Animal":"Pigs"},"geometry":{"type":"Point","coordinates":[-3.98095,40.06802]}},{"type":"Feature","properties":{"Unique ID":1912,"installationName":"AGROPECUARIA HERMANOS VALERO, S.L.","Type of Animal":"Pigs"},"geometry":{"type":"Point","coordinates":[-1.5238,40.101]}},{"type":"Feature","properties":{"Unique ID":1913,"installationName":"MAS PUIGLLONCH","Type of Animal":"Pigs"},"geometry":{"type":"Point","coordinates":[2.249801,41.979299]}},{"type":"Feature","properties":{"Unique ID":1914,"installationName":"GERMANS ALCIRA, C.B.","Type of Animal":"Pigs"},"geometry":{"type":"Point","coordinates":[0.241792,40.470907]}},{"type":"Feature","properties":{"Unique ID":1915,"installationName":"CASTELL GARCIA, COOP","Type of Animal":"Pigs"},"geometry":{"type":"Point","coordinates":[0.188485,40.459647]}},{"type":"Feature","properties":{"Unique ID":1916,"installationName":"GARCIA CROSANTO, S.L.","Type of Animal":"Pigs"},"geometry":{"type":"Point","coordinates":[-0.161236,40.153322]}},{"type":"Feature","properties":{"Unique ID":1917,"installationName":"GOMEZ DIES PRODUCCIONES AGROPECUARIAS, S.L.","Type of Animal":"Pigs"},"geometry":{"type":"Point","coordinates":[-1.251774,39.722239]}},{"type":"Feature","properties":{"Unique ID":1918,"installationName":"GRUPO AVÍCOLA LA CRESTA,S.L","Type of Animal":"Poultry"},"geometry":{"type":"Point","coordinates":[-1.675386,38.04901]}},{"type":"Feature","properties":{"Unique ID":1919,"installationName":"GRANJA DE GANADO PORCINO DE CEBO, LOS POLONIOS","Type of Animal":"Pigs"},"geometry":{"type":"Point","coordinates":[-1.6917,37.6725]}},{"type":"Feature","properties":{"Unique ID":1920,"installationName":"EXPLOTACIÓN PORCINA \"LA VENTA\"","Type of Animal":"Pigs"},"geometry":{"type":"Point","coordinates":[-6.229119,38.433858]}},{"type":"Feature","properties":{"Unique ID":1921,"installationName":"EXPLOTACIÓN PORCINA \"LAS CAÑADAS\"","Type of Animal":"Pigs"},"geometry":{"type":"Point","coordinates":[-6.417728,38.42656]}},{"type":"Feature","properties":{"Unique ID":1922,"installationName":"SAINZ RUIZ, S.L.","Type of Animal":"Poultry"},"geometry":{"type":"Point","coordinates":[-2.035,42.718056]}},{"type":"Feature","properties":{"Unique ID":1923,"installationName":"EL SOBACO","Type of Animal":"Pigs"},"geometry":{"type":"Point","coordinates":[-5.792198,38.302062]}},{"type":"Feature","properties":{"Unique ID":1924,"installationName":"AGROPECUARIAS DEL GUADAZAÓN, S.L.","Type of Animal":"Pigs"},"geometry":{"type":"Point","coordinates":[-1.8929,39.87]}},{"type":"Feature","properties":{"Unique ID":1925,"installationName":"EXPLOTACIONES ROBLEDO S.L.","Type of Animal":"Pigs"},"geometry":{"type":"Point","coordinates":[-5.013,39.869]}},{"type":"Feature","properties":{"Unique ID":1926,"installationName":"EXPLOTACIONES AVÍCOLAS ALCARRIA S.L.","Type of Animal":"Poultry"},"geometry":{"type":"Point","coordinates":[-3.02631,40.36789]}},{"type":"Feature","properties":{"Unique ID":1927,"installationName":"GOMEZ DORADO S.A.T. 6118","Type of Animal":"Pigs"},"geometry":{"type":"Point","coordinates":[-3.97,39.6659]}},{"type":"Feature","properties":{"Unique ID":1928,"installationName":"DAGU, S.A.","Type of Animal":"Poultry"},"geometry":{"type":"Point","coordinates":[-3.1689,40.7058]}},{"type":"Feature","properties":{"Unique ID":1929,"installationName":"VERSAN AVÍCOLA S.L.","Type of Animal":"Poultry"},"geometry":{"type":"Point","coordinates":[-3.6,39.46]}},{"type":"Feature","properties":{"Unique ID":1930,"installationName":"AGROPORK 2015, S.L.","Type of Animal":"Pigs"},"geometry":{"type":"Point","coordinates":[-4.692,39.901]}},{"type":"Feature","properties":{"Unique ID":1931,"installationName":"INTEGRACIONES PORCINAS EL CAMPILLO, S.L","Type of Animal":"Pigs"},"geometry":{"type":"Point","coordinates":[-3.6924,39.488]}},{"type":"Feature","properties":{"Unique ID":1932,"installationName":"Explotación porcina \"Fuente del Sol\"","Type of Animal":"Pigs"},"geometry":{"type":"Point","coordinates":[-5.06,36.99]}},{"type":"Feature","properties":{"Unique ID":1933,"installationName":"GRANJA BARRIONUEVO S.C.P.","Type of Animal":"Pigs"},"geometry":{"type":"Point","coordinates":[-4.85,37.29]}},{"type":"Feature","properties":{"Unique ID":1934,"installationName":"Finca Llanos del Girón","Type of Animal":"Poultry"},"geometry":{"type":"Point","coordinates":[-4.99,37.27]}},{"type":"Feature","properties":{"Unique ID":1935,"installationName":"FINCA ARBOLEYA","Type of Animal":"Pigs"},"geometry":{"type":"Point","coordinates":[-4.9,37.217]}},{"type":"Feature","properties":{"Unique ID":1936,"installationName":"FINCA CASTAÑEDA Y SALINERO","Type of Animal":"Pigs"},"geometry":{"type":"Point","coordinates":[-4.8,37.2]}},{"type":"Feature","properties":{"Unique ID":1937,"installationName":"EXPLOTACIÓN PORCINA INTENSIVA DE PRODUCCIÓN DE LECHONES DE CAPA NEGRA","Type of Animal":"Pigs"},"geometry":{"type":"Point","coordinates":[-6.94,37.58]}},{"type":"Feature","properties":{"Unique ID":1938,"installationName":"IBÉRICOS DE ARAUZO S.L (LOS MOROS)","Type of Animal":"Pigs"},"geometry":{"type":"Point","coordinates":[-5.219867,41.004975]}},{"type":"Feature","properties":{"Unique ID":1939,"installationName":"IBÉRICOS ARAUZO 2004, S.L (LAS CARRASCASAS)","Type of Animal":"Pigs"},"geometry":{"type":"Point","coordinates":[-5.247817,40.952331]}},{"type":"Feature","properties":{"Unique ID":1940,"installationName":"ANDRÉS MACHÍN, C.B.","Type of Animal":"Pigs"},"geometry":{"type":"Point","coordinates":[-2.492778,41.416944]}},{"type":"Feature","properties":{"Unique ID":1941,"installationName":"IBÉRICOS DE ARAUZO, S.L (EL SEVINO)","Type of Animal":"Pigs"},"geometry":{"type":"Point","coordinates":[-5.170911,41.006075]}},{"type":"Feature","properties":{"Unique ID":1942,"installationName":"EXPLOTACIÓN GANADERA EL HAREM, S.L","Type of Animal":"Pigs"},"geometry":{"type":"Point","coordinates":[-6.295556,40.697778]}},{"type":"Feature","properties":{"Unique ID":1943,"installationName":"ÁLVARO GONZÁLEZ TEJERO","Type of Animal":"Pigs"},"geometry":{"type":"Point","coordinates":[-4.755119,40.923486]}},{"type":"Feature","properties":{"Unique ID":1944,"installationName":"HNOS. BORJABAD GAÑÁN","Type of Animal":"Pigs"},"geometry":{"type":"Point","coordinates":[-2.59165,41.413586]}},{"type":"Feature","properties":{"Unique ID":1945,"installationName":"CÉSAR NIETO GROUP, S. L.","Type of Animal":"Pigs"},"geometry":{"type":"Point","coordinates":[-5.138239,40.868306]}},{"type":"Feature","properties":{"Unique ID":1946,"installationName":"CANTOS BLANCOS NORTE, S.L (CAMPERAS)","Type of Animal":"Poultry"},"geometry":{"type":"Point","coordinates":[-5.443056,42.263056]}},{"type":"Feature","properties":{"Unique ID":1947,"installationName":"GORDALIZA ANTOLÍN, GREGORIO","Type of Animal":"Pigs"},"geometry":{"type":"Point","coordinates":[-5.0425,42.103333]}},{"type":"Feature","properties":{"Unique ID":1948,"installationName":"MARIANO NIETO NIETO","Type of Animal":"Pigs"},"geometry":{"type":"Point","coordinates":[-4.795372,41.167206]}},{"type":"Feature","properties":{"Unique ID":1949,"installationName":"EL ESPINO DE YANGUAS, S.L","Type of Animal":"Pigs"},"geometry":{"type":"Point","coordinates":[-4.348086,41.149994]}},{"type":"Feature","properties":{"Unique ID":1950,"installationName":"AGROPECUARIA SEXTIL, C.B.","Type of Animal":"Pigs"},"geometry":{"type":"Point","coordinates":[-5.391231,40.775142]}},{"type":"Feature","properties":{"Unique ID":1951,"installationName":"AGROPECUARIA TORQUEMADA","Type of Animal":"Pigs"},"geometry":{"type":"Point","coordinates":[-4.286014,42.037369]}},{"type":"Feature","properties":{"Unique ID":1952,"installationName":"LABAJO ELVIN","Type of Animal":"Pigs"},"geometry":{"type":"Point","coordinates":[-3.949653,41.232833]}},{"type":"Feature","properties":{"Unique ID":1953,"installationName":"GRANJAS DEL DUERO S.L.","Type of Animal":"Poultry"},"geometry":{"type":"Point","coordinates":[-4.661822,41.302742]}},{"type":"Feature","properties":{"Unique ID":1954,"installationName":"JUAN FRANCISCO NIÑEROLA SABATER","Type of Animal":"Pigs"},"geometry":{"type":"Point","coordinates":[0.27439,40.622051]}},{"type":"Feature","properties":{"Unique ID":1955,"installationName":"RICARDO GORDILLO HERNANDEZ","Type of Animal":"Pigs"},"geometry":{"type":"Point","coordinates":[-1.003467,39.908734]}},{"type":"Feature","properties":{"Unique ID":1956,"installationName":"PORCICAS","Type of Animal":"Pigs"},"geometry":{"type":"Point","coordinates":[-1.251774,39.722239]}},{"type":"Feature","properties":{"Unique ID":1957,"installationName":"JOSÉ MANUEL SOENGAS CALVO","Type of Animal":"Pigs"},"geometry":{"type":"Point","coordinates":[-7.998236,42.674422]}},{"type":"Feature","properties":{"Unique ID":1958,"installationName":"EXPLOTACIÓN PORCINA PONTE COIRÓS","Type of Animal":"Pigs"},"geometry":{"type":"Point","coordinates":[-8.16348,43.25193]}},{"type":"Feature","properties":{"Unique ID":1959,"installationName":"GRANJA PORCINA EL ABELAR I","Type of Animal":"Pigs"},"geometry":{"type":"Point","coordinates":[-8.298497,43.21947]}},{"type":"Feature","properties":{"Unique ID":1960,"installationName":"Pigarcre, SL - EXPLOTACIÓN DE PORCINO EL ABELAR II","Type of Animal":"Pigs"},"geometry":{"type":"Point","coordinates":[-8.298304,43.219634]}},{"type":"Feature","properties":{"Unique ID":1961,"installationName":"ES220800000087-CERDOS-CAPELLA","Type of Animal":"Pigs"},"geometry":{"type":"Point","coordinates":[0.41286,42.193711]}},{"type":"Feature","properties":{"Unique ID":1962,"installationName":"ES502520000188 - TAUSTE","Type of Animal":"Pigs"},"geometry":{"type":"Point","coordinates":[-1.248056,41.868286]}},{"type":"Feature","properties":{"Unique ID":1963,"installationName":"ES441540000030-CERDOS-MONROYO","Type of Animal":"Pigs"},"geometry":{"type":"Point","coordinates":[-0.000124,40.773041]}},{"type":"Feature","properties":{"Unique ID":1964,"installationName":"BIBIANO Y CIA, S.L.","Type of Animal":"Pigs"},"geometry":{"type":"Point","coordinates":[-0.961959,38.456591]}},{"type":"Feature","properties":{"Unique ID":1965,"installationName":"RODA FOLCH","Type of Animal":"Poultry"},"geometry":{"type":"Point","coordinates":[0.058831,40.425398]}},{"type":"Feature","properties":{"Unique ID":1966,"installationName":"HERMANOS RAMOS O.E","Type of Animal":"Pigs"},"geometry":{"type":"Point","coordinates":[-0.821372,39.854737]}},{"type":"Feature","properties":{"Unique ID":1967,"installationName":"VEREDA SAN MARCOS","Type of Animal":"Pigs"},"geometry":{"type":"Point","coordinates":[-1.216063,39.642973]}},{"type":"Feature","properties":{"Unique ID":1969,"installationName":"JULIO SÁNCHEZ MIGUEL Y MÓNICA DELGADO ARRIBAS","Type of Animal":"Pigs"},"geometry":{"type":"Point","coordinates":[-3.328608,41.392942]}},{"type":"Feature","properties":{"Unique ID":1970,"installationName":"AGROPECUARIA ALDEAPORK, S.L","Type of Animal":"Pigs"},"geometry":{"type":"Point","coordinates":[-5.233558,40.928875]}},{"type":"Feature","properties":{"Unique ID":1971,"installationName":"TEÓFILO JIMÉNEZ SEVILLANO \"PEÑA DEL GATO\"","Type of Animal":"Pigs"},"geometry":{"type":"Point","coordinates":[-1.928464,41.749875]}},{"type":"Feature","properties":{"Unique ID":1972,"installationName":"IVYALLANOS","Type of Animal":"Pigs"},"geometry":{"type":"Point","coordinates":[-2.478611,41.677222]}},{"type":"Feature","properties":{"Unique ID":1973,"installationName":"GRANJAS MISANPA, S.L.-MIRONCILLO","Type of Animal":"Pigs"},"geometry":{"type":"Point","coordinates":[-4.836389,40.571667]}},{"type":"Feature","properties":{"Unique ID":1974,"installationName":"Jorge Alonso Barrios - Villanueva de Azoague","Type of Animal":"Pigs"},"geometry":{"type":"Point","coordinates":[-5.661986,41.981083]}},{"type":"Feature","properties":{"Unique ID":1975,"installationName":"A ENTREPINOS - Mucientes","Type of Animal":"Pigs"},"geometry":{"type":"Point","coordinates":[-4.796719,41.763319]}},{"type":"Feature","properties":{"Unique ID":1976,"installationName":"GRANJAS MISANPA, S.L.-SAN PABLO DE LA MORALEJA","Type of Animal":"Pigs"},"geometry":{"type":"Point","coordinates":[-4.782847,41.174833]}},{"type":"Feature","properties":{"Unique ID":1977,"installationName":"JUAN MIGUEL GARCÍA COLINAS (GRANJA)","Type of Animal":"Pigs"},"geometry":{"type":"Point","coordinates":[-5.940278,41.979167]}},{"type":"Feature","properties":{"Unique ID":1978,"installationName":"EL GRAMAL, C.B.","Type of Animal":"Pigs"},"geometry":{"type":"Point","coordinates":[-5.1299,41.944975]}},{"type":"Feature","properties":{"Unique ID":1979,"installationName":"MIGUEL ANGEL SANTOS REPISO (LOS ALAMARES)","Type of Animal":"Pigs"},"geometry":{"type":"Point","coordinates":[-4.119419,41.571153]}},{"type":"Feature","properties":{"Unique ID":1980,"installationName":"HERNÁNDEZ YAÑEZ C.B.","Type of Animal":"Pigs"},"geometry":{"type":"Point","coordinates":[-4.957222,41.091667]}},{"type":"Feature","properties":{"Unique ID":1981,"installationName":"AGROPECUARIA DE CALERUEGA S.L","Type of Animal":"Pigs"},"geometry":{"type":"Point","coordinates":[-3.516178,41.799617]}},{"type":"Feature","properties":{"Unique ID":1982,"installationName":"AGROADAJA S.L","Type of Animal":"Pigs"},"geometry":{"type":"Point","coordinates":[-4.650725,40.788856]}},{"type":"Feature","properties":{"Unique ID":1983,"installationName":"PERAL TRIGO, S.L.","Type of Animal":"Pigs"},"geometry":{"type":"Point","coordinates":[-6.154644,42.120094]}},{"type":"Feature","properties":{"Unique ID":1984,"installationName":"VALDEVASCONES, S.L.","Type of Animal":"Pigs"},"geometry":{"type":"Point","coordinates":[-3.411667,41.576111]}},{"type":"Feature","properties":{"Unique ID":1985,"installationName":"GRANJA PORCINA JJ HERNANDO","Type of Animal":"Pigs"},"geometry":{"type":"Point","coordinates":[-2.460756,41.365694]}},{"type":"Feature","properties":{"Unique ID":1986,"installationName":"SELECCIÓN BATALLÉ, S.A.","Type of Animal":"Pigs"},"geometry":{"type":"Point","coordinates":[-5.767286,41.678422]}},{"type":"Feature","properties":{"Unique ID":1987,"installationName":"GANADEROS ESCOLÁSTICOS EL CAMPILLO - CAMPO DE CUELLAR","Type of Animal":"Pigs"},"geometry":{"type":"Point","coordinates":[-4.381389,41.292778]}},{"type":"Feature","properties":{"Unique ID":1988,"installationName":"ARRIBAS MATEO C.B","Type of Animal":"Pigs"},"geometry":{"type":"Point","coordinates":[-4.413333,41.434444]}},{"type":"Feature","properties":{"Unique ID":1989,"installationName":"DIEGO TEJERO PASCUAL","Type of Animal":"Pigs"},"geometry":{"type":"Point","coordinates":[-4.275744,41.434419]}},{"type":"Feature","properties":{"Unique ID":1990,"installationName":"AGROPECUARIA HERNÁNDEZ GONZÁLEZ - MONTEJO DE ARÉVALO","Type of Animal":"Pigs"},"geometry":{"type":"Point","coordinates":[-4.6425,41.160278]}},{"type":"Feature","properties":{"Unique ID":1991,"installationName":"LAS VIÑAS","Type of Animal":"Pigs"},"geometry":{"type":"Point","coordinates":[-4.948056,40.933333]}},{"type":"Feature","properties":{"Unique ID":1992,"installationName":"AGROMONTE SOCIEDAD COOPERATIVA","Type of Animal":"Pigs"},"geometry":{"type":"Point","coordinates":[-4.859842,40.985267]}},{"type":"Feature","properties":{"Unique ID":1993,"installationName":"COOPERATIVA SAN CIPRIANO","Type of Animal":"Pigs"},"geometry":{"type":"Point","coordinates":[-3.691111,41.836069]}},{"type":"Feature","properties":{"Unique ID":1994,"installationName":"GANADERA EL CIGÜEÑAL, S.L.","Type of Animal":"Pigs"},"geometry":{"type":"Point","coordinates":[-4.285556,41.412778]}},{"type":"Feature","properties":{"Unique ID":1995,"installationName":"MARIO ANTÓN REGIDOR","Type of Animal":"Pigs"},"geometry":{"type":"Point","coordinates":[-2.687569,41.461917]}},{"type":"Feature","properties":{"Unique ID":1996,"installationName":"FINCAS MONTE BECO","Type of Animal":"Pigs"},"geometry":{"type":"Point","coordinates":[-5.105,41.963056]}},{"type":"Feature","properties":{"Unique ID":1997,"installationName":"ILDEFONSO VELA, S.L.","Type of Animal":"Pigs"},"geometry":{"type":"Point","coordinates":[-4.296944,41.5025]}},{"type":"Feature","properties":{"Unique ID":1998,"installationName":"AGOTZAINA - Naveros de Pisuerga","Type of Animal":"Poultry"},"geometry":{"type":"Point","coordinates":[-4.26575,42.473414]}},{"type":"Feature","properties":{"Unique ID":1999,"installationName":"HERMANOS SASTRE SANTOS SOC. CIVIL","Type of Animal":"Pigs"},"geometry":{"type":"Point","coordinates":[-4.350556,41.317778]}},{"type":"Feature","properties":{"Unique ID":2000,"installationName":"BÁRCENA MARTÍNEZ, S.L.","Type of Animal":"Poultry"},"geometry":{"type":"Point","coordinates":[-3.667611,42.430394]}},{"type":"Feature","properties":{"Unique ID":2001,"installationName":"FRANCISCO JAVIER Y LUIS MARÍA ARRANZ GÓMEZ","Type of Animal":"Pigs"},"geometry":{"type":"Point","coordinates":[-4.288889,41.524444]}},{"type":"Feature","properties":{"Unique ID":2002,"installationName":"FINCA LA GILA, S.L","Type of Animal":"Pigs"},"geometry":{"type":"Point","coordinates":[-4.453889,41.373333]}},{"type":"Feature","properties":{"Unique ID":2003,"installationName":"GRANJA MINAYA","Type of Animal":"Poultry"},"geometry":{"type":"Point","coordinates":[-4.685733,41.487483]}},{"type":"Feature","properties":{"Unique ID":2004,"installationName":"ANA MARÍA GAGO RAMOS","Type of Animal":"Pigs"},"geometry":{"type":"Point","coordinates":[-5.855722,41.209281]}},{"type":"Feature","properties":{"Unique ID":2005,"installationName":"JUAN JOSÉ PILAR CABRERO","Type of Animal":"Pigs"},"geometry":{"type":"Point","coordinates":[-4.294606,41.417861]}},{"type":"Feature","properties":{"Unique ID":2006,"installationName":"AGROPECUARIA BOTALHORNO-LAS BALSAS","Type of Animal":"Pigs"},"geometry":{"type":"Point","coordinates":[-4.664722,41.128333]}},{"type":"Feature","properties":{"Unique ID":2007,"installationName":"EMILIANO MAROTO REQUES","Type of Animal":"Pigs"},"geometry":{"type":"Point","coordinates":[-4.344444,40.842778]}},{"type":"Feature","properties":{"Unique ID":2008,"installationName":"Mª DEL CARMEN TORIBIO GÓMEZ","Type of Animal":"Pigs"},"geometry":{"type":"Point","coordinates":[-5.102778,41.808889]}},{"type":"Feature","properties":{"Unique ID":2009,"installationName":"JOSE ANTONIO MARTÍN MARTÍN","Type of Animal":"Pigs"},"geometry":{"type":"Point","coordinates":[-3.556667,41.430278]}},{"type":"Feature","properties":{"Unique ID":2010,"installationName":"ESTEBAN DURÁN E HIJOS,S.L","Type of Animal":"Pigs"},"geometry":{"type":"Point","coordinates":[-5.488408,40.8184]}},{"type":"Feature","properties":{"Unique ID":2011,"installationName":"CASTELLANA DE PORCINO - VALDECORUÑA","Type of Animal":"Pigs"},"geometry":{"type":"Point","coordinates":[-5.411944,41.019167]}},{"type":"Feature","properties":{"Unique ID":2012,"installationName":"AVÍCOLA EL CHARCÓN","Type of Animal":"Poultry"},"geometry":{"type":"Point","coordinates":[-3.083639,41.543797]}},{"type":"Feature","properties":{"Unique ID":2013,"installationName":"CAMPILLODOS - CHAÑE","Type of Animal":"Pigs"},"geometry":{"type":"Point","coordinates":[-4.448925,41.340028]}},{"type":"Feature","properties":{"Unique ID":2014,"installationName":"VEGAYLAR, S.L","Type of Animal":"Poultry"},"geometry":{"type":"Point","coordinates":[-4.533017,41.866819]}},{"type":"Feature","properties":{"Unique ID":2015,"installationName":"AVICOLA RIOJA","Type of Animal":"Poultry"},"geometry":{"type":"Point","coordinates":[-2.047132,42.260934]}},{"type":"Feature","properties":{"Unique ID":2016,"installationName":"JUAN JESUS LIGERO JIMENEZ","Type of Animal":"Pigs"},"geometry":{"type":"Point","coordinates":[-1.801876,42.176381]}},{"type":"Feature","properties":{"Unique ID":2017,"installationName":"JUAN CARLOS MUÑOZ RODRIGUEZ","Type of Animal":"Poultry"},"geometry":{"type":"Point","coordinates":[-6.285379,38.379007]}},{"type":"Feature","properties":{"Unique ID":2018,"installationName":"ALFONSO,TERESA,DOLORES Y JOSE ESCAMEZ DUQUE,CB","Type of Animal":"Pigs"},"geometry":{"type":"Point","coordinates":[-1.690814,38.069405]}},{"type":"Feature","properties":{"Unique ID":2019,"installationName":"PUERTO HERRADO","Type of Animal":"Pigs"},"geometry":{"type":"Point","coordinates":[-1.698636,38.230558]}},{"type":"Feature","properties":{"Unique ID":2020,"installationName":"GRANJA EL SASO, S.L.","Type of Animal":"Pigs"},"geometry":{"type":"Point","coordinates":[-1.834522,42.6285]}},{"type":"Feature","properties":{"Unique ID":2021,"installationName":"GRANJA ARCADI, S.L.-2 POL.13 PARC.69","Type of Animal":"Pigs"},"geometry":{"type":"Point","coordinates":[-1.630297,42.397297]}},{"type":"Feature","properties":{"Unique ID":2022,"installationName":"GRANJA BUENAVISTA DEL JARAL S.L. (ANTES POZOCHIN)","Type of Animal":"Pigs"},"geometry":{"type":"Point","coordinates":[-1.791,38.5025]}},{"type":"Feature","properties":{"Unique ID":2023,"installationName":"GANADOS LAJARA S.L.","Type of Animal":"Pigs"},"geometry":{"type":"Point","coordinates":[-1.32704,38.788849]}},{"type":"Feature","properties":{"Unique ID":2024,"installationName":"SAGRARIO RODRÍGUEZ RUIZ","Type of Animal":"Pigs"},"geometry":{"type":"Point","coordinates":[-4.298,39.4994]}},{"type":"Feature","properties":{"Unique ID":2025,"installationName":"AVICOLA DORADO, S.L.","Type of Animal":"Poultry"},"geometry":{"type":"Point","coordinates":[-3.608,39.2867]}},{"type":"Feature","properties":{"Unique ID":2026,"installationName":"INGAPOR, S.L.","Type of Animal":"Pigs"},"geometry":{"type":"Point","coordinates":[-4.2227,39.7279]}},{"type":"Feature","properties":{"Unique ID":2027,"installationName":"PORCINOS CUERVA S.L.","Type of Animal":"Pigs"},"geometry":{"type":"Point","coordinates":[-4.2401,39.4774]}},{"type":"Feature","properties":{"Unique ID":2028,"installationName":"EXPLOTACIÓN PORCINA HERMANOS FLORES S.L.","Type of Animal":"Pigs"},"geometry":{"type":"Point","coordinates":[-4.6514,39.8166]}},{"type":"Feature","properties":{"Unique ID":2029,"installationName":"HIJOS DE DESIDERIO MORENO, S.L.","Type of Animal":"Pigs"},"geometry":{"type":"Point","coordinates":[-5.1997,39.94]}},{"type":"Feature","properties":{"Unique ID":2030,"installationName":"PILAR RIVAS BOTELLA","Type of Animal":"Pigs"},"geometry":{"type":"Point","coordinates":[-1.8679,38.3236]}},{"type":"Feature","properties":{"Unique ID":2031,"installationName":"MIGUEL ÁNGEL LOPEZ SERRANO","Type of Animal":"Pigs"},"geometry":{"type":"Point","coordinates":[-3.2327,39.5222]}},{"type":"Feature","properties":{"Unique ID":2032,"installationName":"AGROPECUARIA LOS GIRASOLES, S. L.","Type of Animal":"Pigs"},"geometry":{"type":"Point","coordinates":[-4.6756,39.8365]}},{"type":"Feature","properties":{"Unique ID":2033,"installationName":"MIRAVI S.C.P.","Type of Animal":"Poultry"},"geometry":{"type":"Point","coordinates":[-1.4564,39.7222]}},{"type":"Feature","properties":{"Unique ID":2034,"installationName":"ROMÁN JOSÉ LÓPEZ HERRERA","Type of Animal":"Pigs"},"geometry":{"type":"Point","coordinates":[-4.4503,39.8335]}},{"type":"Feature","properties":{"Unique ID":2035,"installationName":"CEBOPORC S.L.","Type of Animal":"Pigs"},"geometry":{"type":"Point","coordinates":[-3.5768,39.4431]}},{"type":"Feature","properties":{"Unique ID":2036,"installationName":"GOLDEN EGGS S.L.","Type of Animal":"Poultry"},"geometry":{"type":"Point","coordinates":[-3.6211,39.4516]}},{"type":"Feature","properties":{"Unique ID":2037,"installationName":"SAT 430 HAMBRAN 28","Type of Animal":"Pigs"},"geometry":{"type":"Point","coordinates":[-4.21696,40.15552]}},{"type":"Feature","properties":{"Unique ID":2038,"installationName":"GRANJA AVÍCOLA SAN ANTONIO (III)","Type of Animal":"Poultry"},"geometry":{"type":"Point","coordinates":[-3.6631,39.6031]}},{"type":"Feature","properties":{"Unique ID":2039,"installationName":"EXPLOTACIÓN PORCINA","Type of Animal":"Pigs"},"geometry":{"type":"Point","coordinates":[-7.31,37.4]}},{"type":"Feature","properties":{"Unique ID":2040,"installationName":"EXPLOTACIÓN PORCINA CERDO BLANCO E IBÉRICO","Type of Animal":"Pigs"},"geometry":{"type":"Point","coordinates":[-3.88,37.14]}},{"type":"Feature","properties":{"Unique ID":2041,"installationName":"EXPLOTACIÓN DE PRODUCCIÓN DE LECHONES","Type of Animal":"Pigs"},"geometry":{"type":"Point","coordinates":[-3.89,37.13]}},{"type":"Feature","properties":{"Unique ID":2042,"installationName":"FINCA LAS LEONAS","Type of Animal":"Pigs"},"geometry":{"type":"Point","coordinates":[-4.9,37.21]}},{"type":"Feature","properties":{"Unique ID":2043,"installationName":"FINCA EL CHAMORRITO","Type of Animal":"Pigs"},"geometry":{"type":"Point","coordinates":[-5.77,37.48]}},{"type":"Feature","properties":{"Unique ID":2044,"installationName":"GRANJA AMISTAD C.B","Type of Animal":"Poultry"},"geometry":{"type":"Point","coordinates":[-7.829459,42.252447]}},{"type":"Feature","properties":{"Unique ID":2045,"installationName":"HNOS. GARCIA MATO, C.B.","Type of Animal":"Pigs"},"geometry":{"type":"Point","coordinates":[-7.993056,42.934833]}},{"type":"Feature","properties":{"Unique ID":2046,"installationName":"Rodríguez Seguín y Otros, SC ","Type of Animal":"Pigs"},"geometry":{"type":"Point","coordinates":[-7.75348,42.11633]}},{"type":"Feature","properties":{"Unique ID":2047,"installationName":"AVICOLA CASAS SC","Type of Animal":"Poultry"},"geometry":{"type":"Point","coordinates":[-7.24459,43.113879]}},{"type":"Feature","properties":{"Unique ID":2048,"installationName":"EXPLOTACION PORCINA VIDAL E HIJOS, C.B.","Type of Animal":"Pigs"},"geometry":{"type":"Point","coordinates":[-8.35361,43.1628]}},{"type":"Feature","properties":{"Unique ID":2049,"installationName":"EXPLOTACION MANUEL E MARIA","Type of Animal":"Pigs"},"geometry":{"type":"Point","coordinates":[-7.666,42.133]}},{"type":"Feature","properties":{"Unique ID":2050,"installationName":"PORCIDRE-RAZO","Type of Animal":"Pigs"},"geometry":{"type":"Point","coordinates":[-8.68756,43.21565]}},{"type":"Feature","properties":{"Unique ID":2051,"installationName":"GRANXA PORCOS MEIXOMENCE","Type of Animal":"Pigs"},"geometry":{"type":"Point","coordinates":[-8.24531,42.69866]}},{"type":"Feature","properties":{"Unique ID":2052,"installationName":"S.A.T. EL GRAMÓN Nº 6583","Type of Animal":"Pigs"},"geometry":{"type":"Point","coordinates":[-2.156944,41.358422]}},{"type":"Feature","properties":{"Unique ID":2053,"installationName":"GRUPO EMPRESARIAL FAMILIA PÉREZ (GREMPE)","Type of Animal":"Pigs"},"geometry":{"type":"Point","coordinates":[-3.971914,41.963706]}},{"type":"Feature","properties":{"Unique ID":2054,"installationName":"EXPLOTACIONES PORCINAS MARSAMAR-SANTOVENIA","Type of Animal":"Pigs"},"geometry":{"type":"Point","coordinates":[-5.717844,41.86885]}},{"type":"Feature","properties":{"Unique ID":2055,"installationName":"ES502160000014-CERDOS-POZUELO DE ARAGÓN","Type of Animal":"Pigs"},"geometry":{"type":"Point","coordinates":[-1.407243,41.773371]}},{"type":"Feature","properties":{"Unique ID":2056,"installationName":"ES442650000017-CERDOS-VINACEITE","Type of Animal":"Pigs"},"geometry":{"type":"Point","coordinates":[-0.616188,41.269999]}},{"type":"Feature","properties":{"Unique ID":2057,"installationName":"GRANJA LES PALMERES","Type of Animal":"Pigs"},"geometry":{"type":"Point","coordinates":[1.815208,41.658689]}},{"type":"Feature","properties":{"Unique ID":2058,"installationName":"Granja Ramadera Terraple","Type of Animal":"Pigs"},"geometry":{"type":"Point","coordinates":[0.413249,41.494417]}},{"type":"Feature","properties":{"Unique ID":2059,"installationName":"GRANJA SANT GALLARD","Type of Animal":"Pigs"},"geometry":{"type":"Point","coordinates":[1.385622,41.514861]}},{"type":"Feature","properties":{"Unique ID":2060,"installationName":"GRANJA SALABES","Type of Animal":"Pigs"},"geometry":{"type":"Point","coordinates":[1.915246,41.784332]}},{"type":"Feature","properties":{"Unique ID":2061,"installationName":"CASA ARMENGOL","Type of Animal":"Pigs"},"geometry":{"type":"Point","coordinates":[1.961948,42.051585]}},{"type":"Feature","properties":{"Unique ID":2062,"installationName":"GRANJA COROMINAS","Type of Animal":"Pigs"},"geometry":{"type":"Point","coordinates":[1.835051,41.933058]}},{"type":"Feature","properties":{"Unique ID":2063,"installationName":"GRANJA SAPERA","Type of Animal":"Pigs"},"geometry":{"type":"Point","coordinates":[1.586722,41.736672]}},{"type":"Feature","properties":{"Unique ID":2064,"installationName":"GRANJA SERRAMORENA","Type of Animal":"Pigs"},"geometry":{"type":"Point","coordinates":[1.669832,41.856238]}},{"type":"Feature","properties":{"Unique ID":2065,"installationName":"GRANJA FERRAS BADIA","Type of Animal":"Pigs"},"geometry":{"type":"Point","coordinates":[0.308421,40.978861]}},{"type":"Feature","properties":{"Unique ID":2066,"installationName":"PARTIDA PEDRÓS","Type of Animal":"Pigs"},"geometry":{"type":"Point","coordinates":[0.409277,41.376073]}},{"type":"Feature","properties":{"Unique ID":2067,"installationName":"EL SEMIS","Type of Animal":"Pigs"},"geometry":{"type":"Point","coordinates":[1.68006,41.833389]}},{"type":"Feature","properties":{"Unique ID":2068,"installationName":"GRANJA OLIVART (3690CO)","Type of Animal":"Pigs"},"geometry":{"type":"Point","coordinates":[0.837796,41.536286]}},{"type":"Feature","properties":{"Unique ID":2069,"installationName":"CAN VIDAL","Type of Animal":"Pigs"},"geometry":{"type":"Point","coordinates":[1.541333,41.671571]}},{"type":"Feature","properties":{"Unique ID":2070,"installationName":"PORDECONA","Type of Animal":"Pigs"},"geometry":{"type":"Point","coordinates":[0.424859,40.661065]}},{"type":"Feature","properties":{"Unique ID":2071,"installationName":"GRANJA L´ESTANQUERA","Type of Animal":"Pigs"},"geometry":{"type":"Point","coordinates":[1.457733,41.79135]}},{"type":"Feature","properties":{"Unique ID":2072,"installationName":"GRANJA ENRIQUETA BARDINA","Type of Animal":"Pigs"},"geometry":{"type":"Point","coordinates":[0.514521,41.745975]}},{"type":"Feature","properties":{"Unique ID":2073,"installationName":"AGROPECUARIA GARCIA MARTIN","Type of Animal":"Pigs"},"geometry":{"type":"Point","coordinates":[0.848484,41.530714]}},{"type":"Feature","properties":{"Unique ID":2074,"installationName":"GRANJA FRANCEL","Type of Animal":"Pigs"},"geometry":{"type":"Point","coordinates":[0.841987,41.547659]}},{"type":"Feature","properties":{"Unique ID":2075,"installationName":"GRANJA LES CARBONERES","Type of Animal":"Pigs"},"geometry":{"type":"Point","coordinates":[2.070651,42.016875]}},{"type":"Feature","properties":{"Unique ID":2076,"installationName":"ALFREDO ALCALÁ PÉREZ","Type of Animal":"Poultry"},"geometry":{"type":"Point","coordinates":[-1.355392,39.575378]}},{"type":"Feature","properties":{"Unique ID":2077,"installationName":"VICTOR BLASCO PORTOLÉS","Type of Animal":"Pigs"},"geometry":{"type":"Point","coordinates":[0.169076,40.487183]}},{"type":"Feature","properties":{"Unique ID":2078,"installationName":"SAT Nº 7128 PENTA-NUCLEO 2","Type of Animal":"Pigs"},"geometry":{"type":"Point","coordinates":[-0.412707,40.212193]}},{"type":"Feature","properties":{"Unique ID":2079,"installationName":"EXPLOTACION PORCINA LAS COLONIAS DEL ROMERAL.","Type of Animal":"Pigs"},"geometry":{"type":"Point","coordinates":[-6.126064,38.794413]}},{"type":"Feature","properties":{"Unique ID":2080,"installationName":"GRANJA AREPALA, S.L.","Type of Animal":"Pigs"},"geometry":{"type":"Point","coordinates":[-1.785407,42.164418]}},{"type":"Feature","properties":{"Unique ID":2081,"installationName":"PRATS CARBÓ","Type of Animal":"Pigs"},"geometry":{"type":"Point","coordinates":[0.074769,40.433433]}},{"type":"Feature","properties":{"Unique ID":2082,"installationName":"EXPLOTACIONES PORCINAS SEÑORON","Type of Animal":"Pigs"},"geometry":{"type":"Point","coordinates":[-6.691623,39.106899]}},{"type":"Feature","properties":{"Unique ID":2083,"installationName":"EXPLOTACIÓN PORCINA CLAUFER, S.L.","Type of Animal":"Pigs"},"geometry":{"type":"Point","coordinates":[-1.503467,38.232999]}},{"type":"Feature","properties":{"Unique ID":2084,"installationName":"EXPLOTACION PORCINAS LAS MINAS","Type of Animal":"Pigs"},"geometry":{"type":"Point","coordinates":[-5.791544,38.500632]}},{"type":"Feature","properties":{"Unique ID":2085,"installationName":"EXPLOTACION PORCINA FELIPAS","Type of Animal":"Pigs"},"geometry":{"type":"Point","coordinates":[-1.889012,37.890594]}},{"type":"Feature","properties":{"Unique ID":2086,"installationName":"EXPLOTACION PORCINA ATOCHA","Type of Animal":"Pigs"},"geometry":{"type":"Point","coordinates":[-1.546,37.5355]}},{"type":"Feature","properties":{"Unique ID":2087,"installationName":"EXPLOTACION PORCINA MOLAERAS","Type of Animal":"Pigs"},"geometry":{"type":"Point","coordinates":[-1.5255,37.5444]}},{"type":"Feature","properties":{"Unique ID":2088,"installationName":"EXPLOTACION PORCINA CHARCO","Type of Animal":"Pigs"},"geometry":{"type":"Point","coordinates":[-1.5322,37.547]}},{"type":"Feature","properties":{"Unique ID":2089,"installationName":"EXPLOTACION PORCINA TORRECILLA","Type of Animal":"Pigs"},"geometry":{"type":"Point","coordinates":[-1.314735,37.595818]}},{"type":"Feature","properties":{"Unique ID":2090,"installationName":"EXPLOTACIÓN PORCINA EL MOCHUELO","Type of Animal":"Pigs"},"geometry":{"type":"Point","coordinates":[-1.705536,37.762954]}},{"type":"Feature","properties":{"Unique ID":2091,"installationName":"EXPLOTACIÓN PORCINA LOS VIVANCOS","Type of Animal":"Pigs"},"geometry":{"type":"Point","coordinates":[-1.227211,37.657935]}},{"type":"Feature","properties":{"Unique ID":2092,"installationName":"ASTURIANA DE AVICULTURA. GRANJA SAN CUCAO","Type of Animal":"Poultry"},"geometry":{"type":"Point","coordinates":[-5.882959,43.431232]}},{"type":"Feature","properties":{"Unique ID":2093,"installationName":"HERMANOS PAGÁN SAURA - SANTA TERESA","Type of Animal":"Pigs"},"geometry":{"type":"Point","coordinates":[-1.19736,37.672459]}},{"type":"Feature","properties":{"Unique ID":2094,"installationName":"EXPLOTACIÓN PORCINA BARRANCALES","Type of Animal":"Pigs"},"geometry":{"type":"Point","coordinates":[-6.167707,38.409701]}},{"type":"Feature","properties":{"Unique ID":2095,"installationName":"EXPLOTACIÓN PORCINA \"LAS MACILLAS\"","Type of Animal":"Pigs"},"geometry":{"type":"Point","coordinates":[-6.41976,38.883567]}},{"type":"Feature","properties":{"Unique ID":2096,"installationName":"EXPLOTACIÓN PORCINA EL BERROCAL","Type of Animal":"Pigs"},"geometry":{"type":"Point","coordinates":[-6.357307,38.851314]}},{"type":"Feature","properties":{"Unique ID":2097,"installationName":"SAT HNOS CABRERO","Type of Animal":"Pigs"},"geometry":{"type":"Point","coordinates":[-4.159914,41.531939]}},{"type":"Feature","properties":{"Unique ID":2098,"installationName":"GRANJA EL PARRO-LAS CUATRO JJJJ, S.L-FUENTESTRÚN","Type of Animal":"Pigs"},"geometry":{"type":"Point","coordinates":[-2.078889,41.891528]}},{"type":"Feature","properties":{"Unique ID":2099,"installationName":"JESÚS DEL RÍO, S.L","Type of Animal":"Poultry"},"geometry":{"type":"Point","coordinates":[-4.312197,41.250028]}},{"type":"Feature","properties":{"Unique ID":2100,"installationName":"GRANJA MONTE ENCINAR, S.L","Type of Animal":"Poultry"},"geometry":{"type":"Point","coordinates":[-4.614444,40.463889]}},{"type":"Feature","properties":{"Unique ID":2101,"installationName":"MODESTO PASTOR CENTENO- SM","Type of Animal":"Pigs"},"geometry":{"type":"Point","coordinates":[-5.930844,41.944872]}},{"type":"Feature","properties":{"Unique ID":2102,"installationName":"GRANJA SAYALERO, S.L","Type of Animal":"Pigs"},"geometry":{"type":"Point","coordinates":[-4.902064,41.511219]}},{"type":"Feature","properties":{"Unique ID":2103,"installationName":"GRANJA LA MORA","Type of Animal":"Pigs"},"geometry":{"type":"Point","coordinates":[-4.525144,41.121289]}},{"type":"Feature","properties":{"Unique ID":2104,"installationName":"TABOADA INTEGRAL SL","Type of Animal":"Pigs"},"geometry":{"type":"Point","coordinates":[-8.21263,43.08696]}},{"type":"Feature","properties":{"Unique ID":2105,"installationName":"Viopigs Suárez, SL","Type of Animal":"Pigs"},"geometry":{"type":"Point","coordinates":[-8.28751,43.22892]}},{"type":"Feature","properties":{"Unique ID":2106,"installationName":"Ganadería García-Penerbosa, SC","Type of Animal":"Pigs"},"geometry":{"type":"Point","coordinates":[-7.94942,42.65484]}},{"type":"Feature","properties":{"Unique ID":2107,"installationName":"GRANXA A XESTEIRA","Type of Animal":"Pigs"},"geometry":{"type":"Point","coordinates":[-8.93584,43.23184]}},{"type":"Feature","properties":{"Unique ID":2108,"installationName":"GRANJA LA MORONTA","Type of Animal":"Pigs"},"geometry":{"type":"Point","coordinates":[-4.918,37.000339]}},{"type":"Feature","properties":{"Unique ID":2109,"installationName":"EXPLOTACIÓN INTENSIVA PORCINA “EL ALMENDRAL”","Type of Animal":"Pigs"},"geometry":{"type":"Point","coordinates":[-4.907,37.04]}},{"type":"Feature","properties":{"Unique ID":2110,"installationName":"Finca Cañada Ronquera","Type of Animal":"Pigs"},"geometry":{"type":"Point","coordinates":[-5.713,37.421]}},{"type":"Feature","properties":{"Unique ID":2111,"installationName":"AVICOLA GARRIDO GARCIA S.L.","Type of Animal":"Poultry"},"geometry":{"type":"Point","coordinates":[-3.712,37.274]}},{"type":"Feature","properties":{"Unique ID":2112,"installationName":"DOMINGO ARENZANA, PABLO","Type of Animal":"Pigs"},"geometry":{"type":"Point","coordinates":[-1.7,42.21]}},{"type":"Feature","properties":{"Unique ID":2113,"installationName":"SC AREJULA SORET EDUARDO Y JUAN CARLOS BARCOS ZAPATER M PILAR Y SANCHEZ HERNANDEZ ANA ISABEL","Type of Animal":"Poultry"},"geometry":{"type":"Point","coordinates":[-1.72,42.28]}},{"type":"Feature","properties":{"Unique ID":2114,"installationName":"JUAN MANUEL HERRÁEZ MARTÍNEZ","Type of Animal":"Pigs"},"geometry":{"type":"Point","coordinates":[-1.858542,38.994349]}},{"type":"Feature","properties":{"Unique ID":2115,"installationName":"MARÍA JOSÉ MARÍN LÓPEZ","Type of Animal":"Pigs"},"geometry":{"type":"Point","coordinates":[-1.984483,38.332776]}},{"type":"Feature","properties":{"Unique ID":2116,"installationName":"DALLAND HYBRID ESPAÑA, S.A.","Type of Animal":"Pigs"},"geometry":{"type":"Point","coordinates":[-2.1295,38.887]}},{"type":"Feature","properties":{"Unique ID":2117,"installationName":"ALCÁZAR MANCEBO, S.L.","Type of Animal":"Poultry"},"geometry":{"type":"Point","coordinates":[-2.53956,39.2322]}},{"type":"Feature","properties":{"Unique ID":2118,"installationName":"FUENTELESPINO, SOCIEDAD COOPERATIVA DE CASTILLA-LA MANCHA","Type of Animal":"Pigs"},"geometry":{"type":"Point","coordinates":[-1.469453,39.918679]}},{"type":"Feature","properties":{"Unique ID":2119,"installationName":"GRANJA RUJAMAR, S.L.","Type of Animal":"Poultry"},"geometry":{"type":"Point","coordinates":[-2.34,39.6677]}},{"type":"Feature","properties":{"Unique ID":2120,"installationName":"MARCOPOLO COMERCIO - EXPLOTACIÓN AVICOLA","Type of Animal":"Poultry"},"geometry":{"type":"Point","coordinates":[-2.99739,40.27923]}},{"type":"Feature","properties":{"Unique ID":2121,"installationName":"GRANJA AVÍCOLA SANTA CATALINA S.L.","Type of Animal":"Poultry"},"geometry":{"type":"Point","coordinates":[-3.01607,40.3094]}},{"type":"Feature","properties":{"Unique ID":2122,"installationName":"GRANJA  MARI CARMEN, S.L.","Type of Animal":"Poultry"},"geometry":{"type":"Point","coordinates":[-3.00268,40.2607]}},{"type":"Feature","properties":{"Unique ID":2123,"installationName":"ORTHIGO, S.A.","Type of Animal":"Pigs"},"geometry":{"type":"Point","coordinates":[-3.8368,39.3877]}},{"type":"Feature","properties":{"Unique ID":2124,"installationName":"AAI-TO-342","Type of Animal":"Pigs"},"geometry":{"type":"Point","coordinates":[-3.78666,39.65]}},{"type":"Feature","properties":{"Unique ID":2125,"installationName":"ROSA ISABEL SERRANO ALONSO (AAI-TO-336)","Type of Animal":"Poultry"},"geometry":{"type":"Point","coordinates":[-3.96646,40.1232]}},{"type":"Feature","properties":{"Unique ID":2126,"installationName":"GRANJA OVIMAR, S.A","Type of Animal":"Poultry"},"geometry":{"type":"Point","coordinates":[-4,40.02]}},{"type":"Feature","properties":{"Unique ID":2127,"installationName":"AVÍCOLA NAVER, S.L.","Type of Animal":"Poultry"},"geometry":{"type":"Point","coordinates":[-3.61,39.48]}},{"type":"Feature","properties":{"Unique ID":2128,"installationName":"AGROPECUARIA PEÑAS RUBIAS, S.L","Type of Animal":"Poultry"},"geometry":{"type":"Point","coordinates":[-4.782714,40.901258]}},{"type":"Feature","properties":{"Unique ID":2129,"installationName":"DIEGO TEJERO PASCUAL - LA CANTERILLA(FUENTES DE CUELLAR)","Type of Animal":"Pigs"},"geometry":{"type":"Point","coordinates":[-4.219722,41.425]}},{"type":"Feature","properties":{"Unique ID":2130,"installationName":"PARAJE LAS BARRERAS, S.L","Type of Animal":"Pigs"},"geometry":{"type":"Point","coordinates":[-3.914469,41.241903]}},{"type":"Feature","properties":{"Unique ID":2131,"installationName":"ANDRÉS CALVO CALVO","Type of Animal":"Pigs"},"geometry":{"type":"Point","coordinates":[-2.008333,41.846667]}},{"type":"Feature","properties":{"Unique ID":2132,"installationName":"ARSENIO TEJERO CASTRO","Type of Animal":"Pigs"},"geometry":{"type":"Point","coordinates":[-5.088056,42.050833]}},{"type":"Feature","properties":{"Unique ID":2133,"installationName":"GRANJA LA CORREDERA, S.L","Type of Animal":"Pigs"},"geometry":{"type":"Point","coordinates":[-4.199114,41.682794]}},{"type":"Feature","properties":{"Unique ID":2134,"installationName":"DOSHIGARPA, S.L.","Type of Animal":"Pigs"},"geometry":{"type":"Point","coordinates":[-5.812222,42.0525]}},{"type":"Feature","properties":{"Unique ID":2135,"installationName":"ALBERTO ESCUDERO GÓMEZ","Type of Animal":"Pigs"},"geometry":{"type":"Point","coordinates":[-5.061519,42.055]}},{"type":"Feature","properties":{"Unique ID":2136,"installationName":"ARMANDO PÉREZ PÉREZ","Type of Animal":"Pigs"},"geometry":{"type":"Point","coordinates":[-5.680683,42.072097]}},{"type":"Feature","properties":{"Unique ID":2137,"installationName":"CRAVE INTEGRACIONES, S.L.. GRANJA LA LÁMPARA.","Type of Animal":"Poultry"},"geometry":{"type":"Point","coordinates":[-4.994167,42.091389]}},{"type":"Feature","properties":{"Unique ID":2138,"installationName":"IBÉRICOS VALCORBA, S.L.","Type of Animal":"Pigs"},"geometry":{"type":"Point","coordinates":[-4.276944,41.502778]}},{"type":"Feature","properties":{"Unique ID":2139,"installationName":"AGOTZAINA - TRASPINEDO","Type of Animal":"Poultry"},"geometry":{"type":"Point","coordinates":[-4.461389,41.583056]}},{"type":"Feature","properties":{"Unique ID":2140,"installationName":"RASTA 83, S.L.- GRANJA LA CORREDERA","Type of Animal":"Poultry"},"geometry":{"type":"Point","coordinates":[-5.021944,42.106944]}},{"type":"Feature","properties":{"Unique ID":2141,"installationName":"GRANJA PARRACOLL","Type of Animal":"Poultry"},"geometry":{"type":"Point","coordinates":[0.730356,40.885994]}},{"type":"Feature","properties":{"Unique ID":2142,"installationName":"FINCA SOLALLONG","Type of Animal":"Pigs"},"geometry":{"type":"Point","coordinates":[2.197433,42.091187]}},{"type":"Feature","properties":{"Unique ID":2143,"installationName":"PUNSIC II","Type of Animal":"Pigs"},"geometry":{"type":"Point","coordinates":[1.98648,41.899279]}},{"type":"Feature","properties":{"Unique ID":2144,"installationName":"FARCAM AGRICOLA","Type of Animal":"Pigs"},"geometry":{"type":"Point","coordinates":[0.54102,41.615212]}},{"type":"Feature","properties":{"Unique ID":2145,"installationName":"GRANJA L´HEREU","Type of Animal":"Pigs"},"geometry":{"type":"Point","coordinates":[1.17867,41.996954]}},{"type":"Feature","properties":{"Unique ID":2146,"installationName":"GRANJA BASSA NOVA (9120DN)","Type of Animal":"Pigs"},"geometry":{"type":"Point","coordinates":[0.759743,41.686199]}},{"type":"Feature","properties":{"Unique ID":2147,"installationName":"GRANJA BRUFAU","Type of Animal":"Pigs"},"geometry":{"type":"Point","coordinates":[0.823786,41.52796]}},{"type":"Feature","properties":{"Unique ID":2148,"installationName":"OUS DE PONENT","Type of Animal":"Poultry"},"geometry":{"type":"Point","coordinates":[0.918356,41.74042]}},{"type":"Feature","properties":{"Unique ID":2149,"installationName":"ES501540000803-GALLINAS-MAINAR","Type of Animal":"Poultry"},"geometry":{"type":"Point","coordinates":[-1.322743,41.192142]}},{"type":"Feature","properties":{"Unique ID":2150,"installationName":"ES502920000805-GALLINAS-VILLARREAL DE HUERVA","Type of Animal":"Poultry"},"geometry":{"type":"Point","coordinates":[-1.300703,41.177065]}},{"type":"Feature","properties":{"Unique ID":2151,"installationName":"ES222250000299-CERDOS-TAMARITE DE LITERA","Type of Animal":"Pigs"},"geometry":{"type":"Point","coordinates":[-5.61259,41.739685]}},{"type":"Feature","properties":{"Unique ID":2152,"installationName":"EXPOINOR SL","Type of Animal":"Pigs"},"geometry":{"type":"Point","coordinates":[-1.318274,39.597917]}},{"type":"Feature","properties":{"Unique ID":2153,"installationName":"SAT 5966 MOLI VELL (PARCELAS 58 Y 59)","Type of Animal":"Pigs"},"geometry":{"type":"Point","coordinates":[0.171361,40.412189]}},{"type":"Feature","properties":{"Unique ID":2154,"installationName":"SAT 5966 MOLI VELL (PARCELAS 447-449)","Type of Animal":"Pigs"},"geometry":{"type":"Point","coordinates":[0.164432,40.437414]}},{"type":"Feature","properties":{"Unique ID":2155,"installationName":"ANTONIA HERNÁNDEZ PALOMARES Y PEDRO LEANDRO CARRIÓN MADRID","Type of Animal":"Pigs"},"geometry":{"type":"Point","coordinates":[-1.3099,37.723424]}},{"type":"Feature","properties":{"Unique ID":2156,"installationName":"SOCIEDAD COOPERATIVA ADRIBAR","Type of Animal":"Pigs"},"geometry":{"type":"Point","coordinates":[-3.769756,42.006978]}},{"type":"Feature","properties":{"Unique ID":2157,"installationName":"JUAN CARLOS GUERRERO CIHUELO","Type of Animal":"Pigs"},"geometry":{"type":"Point","coordinates":[-2.053453,41.88875]}},{"type":"Feature","properties":{"Unique ID":2158,"installationName":"CRAVE INTEGRACIONES, S.L.. GRANJA LA MAGDALENA.","Type of Animal":"Poultry"},"geometry":{"type":"Point","coordinates":[-5.025278,42.093056]}},{"type":"Feature","properties":{"Unique ID":2159,"installationName":"SAT Nº 569 SAN MIGUEL","Type of Animal":"Poultry"},"geometry":{"type":"Point","coordinates":[-5.027778,42.098889]}},{"type":"Feature","properties":{"Unique ID":2160,"installationName":"VILLA CAPELLÁN Y ASOCIADOS, S.L","Type of Animal":"Pigs"},"geometry":{"type":"Point","coordinates":[-5.135325,41.813447]}},{"type":"Feature","properties":{"Unique ID":2161,"installationName":"AGROPECUARIA SILVIO A, S.L-CALERUEGA","Type of Animal":"Pigs"},"geometry":{"type":"Point","coordinates":[-3.475619,41.863156]}},{"type":"Feature","properties":{"Unique ID":2162,"installationName":"AGROPECUARIA CARMELDO, S.L.-LARRODRIGO","Type of Animal":"Pigs"},"geometry":{"type":"Point","coordinates":[-5.420728,40.727703]}},{"type":"Feature","properties":{"Unique ID":2163,"installationName":"Jorge Alonso Barrios  - Laguna de Negrillos","Type of Animal":"Pigs"},"geometry":{"type":"Point","coordinates":[-5.652214,42.257061]}},{"type":"Feature","properties":{"Unique ID":2164,"installationName":"CASTELLANA DE PORCINO, S.L","Type of Animal":"Pigs"},"geometry":{"type":"Point","coordinates":[-4.286667,41.277222]}},{"type":"Feature","properties":{"Unique ID":2165,"installationName":"GRANJA LUÍS BAEZA S.L: VALLELADO - PORCINO (MADRES)","Type of Animal":"Pigs"},"geometry":{"type":"Point","coordinates":[-4.443533,41.420411]}},{"type":"Feature","properties":{"Unique ID":2166,"installationName":"JOSÉ LUÍS Y JESÚS ÁLVAREZ MUÑOZ","Type of Animal":"Poultry"},"geometry":{"type":"Point","coordinates":[-4.3175,41.2225]}},{"type":"Feature","properties":{"Unique ID":2167,"installationName":"JUAN CARLOS ÁLVAREZ ALONSO","Type of Animal":"Pigs"},"geometry":{"type":"Point","coordinates":[-4.350075,41.273492]}},{"type":"Feature","properties":{"Unique ID":2168,"installationName":"MANJOSIL CABEZUELA PARCELA 217","Type of Animal":"Pigs"},"geometry":{"type":"Point","coordinates":[-3.894247,41.223519]}},{"type":"Feature","properties":{"Unique ID":2169,"installationName":"JESÚS ALONSO SEVILLANO","Type of Animal":"Pigs"},"geometry":{"type":"Point","coordinates":[-1.93,41.894722]}},{"type":"Feature","properties":{"Unique ID":2170,"installationName":"PINOS ALBOS - COGECES DEL MONTE","Type of Animal":"Pigs"},"geometry":{"type":"Point","coordinates":[-4.301389,41.513611]}},{"type":"Feature","properties":{"Unique ID":2171,"installationName":"CENTEPORC S. L. -NAVAS DE ORO","Type of Animal":"Pigs"},"geometry":{"type":"Point","coordinates":[-4.423622,41.199864]}},{"type":"Feature","properties":{"Unique ID":2172,"installationName":"MARIANO VÁZQUEZ DE PRADA NÁJERA","Type of Animal":"Pigs"},"geometry":{"type":"Point","coordinates":[-4.309444,41.780278]}},{"type":"Feature","properties":{"Unique ID":2173,"installationName":"BAYTE, S.C","Type of Animal":"Pigs"},"geometry":{"type":"Point","coordinates":[-5.717833,41.868844]}},{"type":"Feature","properties":{"Unique ID":2174,"installationName":"CIRO CASAS E HIJOS, S.L","Type of Animal":"Pigs"},"geometry":{"type":"Point","coordinates":[-5.680111,41.411978]}},{"type":"Feature","properties":{"Unique ID":2175,"installationName":"DAVINAR, S.COOP.","Type of Animal":"Pigs"},"geometry":{"type":"Point","coordinates":[-3.655514,42.068303]}},{"type":"Feature","properties":{"Unique ID":2176,"installationName":"CAZÓN Y ÁLVAREZ C.B","Type of Animal":"Pigs"},"geometry":{"type":"Point","coordinates":[-5.699444,42.294444]}},{"type":"Feature","properties":{"Unique ID":2177,"installationName":"OSCAR PASTOR PEÑA","Type of Animal":"Pigs"},"geometry":{"type":"Point","coordinates":[-3.680278,41.986111]}},{"type":"Feature","properties":{"Unique ID":2178,"installationName":"EL CANTO FUSIQUE, S.L","Type of Animal":"Pigs"},"geometry":{"type":"Point","coordinates":[-3.861022,41.263069]}},{"type":"Feature","properties":{"Unique ID":2179,"installationName":"INVERSIONES Y PRODUCTOS MAMS, S.A.","Type of Animal":"Pigs"},"geometry":{"type":"Point","coordinates":[-4.185639,40.854011]}},{"type":"Feature","properties":{"Unique ID":2180,"installationName":"ENRIQUE RUBIO ROMERO","Type of Animal":"Pigs"},"geometry":{"type":"Point","coordinates":[-2.847753,41.477061]}},{"type":"Feature","properties":{"Unique ID":2181,"installationName":"HNOS. SÁNCHEZ TOMÉ, S.L","Type of Animal":"Pigs"},"geometry":{"type":"Point","coordinates":[-3.522675,41.560981]}},{"type":"Feature","properties":{"Unique ID":2182,"installationName":"HNOS. SANZ MEDRANO, S.L","Type of Animal":"Pigs"},"geometry":{"type":"Point","coordinates":[-2.659961,41.418503]}},{"type":"Feature","properties":{"Unique ID":2183,"installationName":"PRODUCCIONES AVÍCOLAS EL GRANJERO - MORALEJA DE CUELLAR","Type of Animal":"Poultry"},"geometry":{"type":"Point","coordinates":[-4.219444,41.46]}},{"type":"Feature","properties":{"Unique ID":2184,"installationName":"Explotación porcina de cebo Alonso Parra Uribe","Type of Animal":"Pigs"},"geometry":{"type":"Point","coordinates":[-1.866,37.459]}},{"type":"Feature","properties":{"Unique ID":2185,"installationName":"AAI-AB-068 EXPLOTACIÓN AVÍCOLA DE CEBO","Type of Animal":"Poultry"},"geometry":{"type":"Point","coordinates":[-1.471266,39.286714]}},{"type":"Feature","properties":{"Unique ID":2186,"installationName":"EXPLOTACION AVICOLA DE CEBO","Type of Animal":"Poultry"},"geometry":{"type":"Point","coordinates":[-1.367422,39.90772]}},{"type":"Feature","properties":{"Unique ID":2187,"installationName":"HENDRIX GENETICS, S.A.","Type of Animal":"Pigs"},"geometry":{"type":"Point","coordinates":[-3.325041,39.901631]}},{"type":"Feature","properties":{"Unique ID":2188,"installationName":"GRANJAS CABALLERO S.L.","Type of Animal":"Poultry"},"geometry":{"type":"Point","coordinates":[-3.618181,39.456991]}},{"type":"Feature","properties":{"Unique ID":2189,"installationName":"BIURRUM, S.L.-MADRES","Type of Animal":"Pigs"},"geometry":{"type":"Point","coordinates":[-3.520483,41.973519]}},{"type":"Feature","properties":{"Unique ID":2190,"installationName":"AGUSTÍN DEL CAMPO BURÓN Y Mª TERESA CASTELLANOS PANCHO","Type of Animal":"Pigs"},"geometry":{"type":"Point","coordinates":[-5.407567,42.004236]}},{"type":"Feature","properties":{"Unique ID":2191,"installationName":"EXPLOTACIÓN AGROGANADERA EL ALTO DE LA MINA S.L.","Type of Animal":"Pigs"},"geometry":{"type":"Point","coordinates":[-2.921667,41.481944]}},{"type":"Feature","properties":{"Unique ID":2192,"installationName":"GONZALO SORIA LÓPEZ - RENIEBLAS","Type of Animal":"Pigs"},"geometry":{"type":"Point","coordinates":[-2.37,41.830556]}},{"type":"Feature","properties":{"Unique ID":2193,"installationName":"PORGAOR S.L.","Type of Animal":"Pigs"},"geometry":{"type":"Point","coordinates":[-3.457222,41.575]}},{"type":"Feature","properties":{"Unique ID":2194,"installationName":"LA FAMILY PARTIDA, S.L.","Type of Animal":"Pigs"},"geometry":{"type":"Point","coordinates":[-3.013875,41.517103]}},{"type":"Feature","properties":{"Unique ID":2195,"installationName":"JESÚS MANUEL BEAMONTE SEVILLANO","Type of Animal":"Pigs"},"geometry":{"type":"Point","coordinates":[-1.882183,41.90585]}},{"type":"Feature","properties":{"Unique ID":2196,"installationName":"BEAMONTE JIMENEZ S.C.","Type of Animal":"Pigs"},"geometry":{"type":"Point","coordinates":[-1.930631,41.872467]}},{"type":"Feature","properties":{"Unique ID":2197,"installationName":"JUAN JOSÉ ROMERO LÓPEZ","Type of Animal":"Pigs"},"geometry":{"type":"Point","coordinates":[-2.644989,41.454728]}},{"type":"Feature","properties":{"Unique ID":2198,"installationName":"FERNANDO ESTEBAN VELASCO","Type of Animal":"Poultry"},"geometry":{"type":"Point","coordinates":[-4.315961,41.516431]}},{"type":"Feature","properties":{"Unique ID":2199,"installationName":"PRODUCCIONES LA GRAMA, S.L.","Type of Animal":"Pigs"},"geometry":{"type":"Point","coordinates":[-4.339931,41.5287]}},{"type":"Feature","properties":{"Unique ID":2200,"installationName":"ES502080000009-CERDOS-PINA DE EBRO","Type of Animal":"Pigs"},"geometry":{"type":"Point","coordinates":[-0.502684,41.498967]}},{"type":"Feature","properties":{"Unique ID":2201,"installationName":"MANUEL REVILLA VIÑO","Type of Animal":"Pigs"},"geometry":{"type":"Point","coordinates":[0.138978,41.13366]}},{"type":"Feature","properties":{"Unique ID":2202,"installationName":"ES502250000800-GALLINAS-RICLA","Type of Animal":"Poultry"},"geometry":{"type":"Point","coordinates":[-1.400348,41.512288]}},{"type":"Feature","properties":{"Unique ID":2203,"installationName":"ES500220000031-CERDOS-ALMOLDA (LA)","Type of Animal":"Pigs"},"geometry":{"type":"Point","coordinates":[-0.22663,41.506786]}},{"type":"Feature","properties":{"Unique ID":2204,"installationName":"ES501520000012-CERDOS-MAELLA","Type of Animal":"Pigs"},"geometry":{"type":"Point","coordinates":[0.122202,41.103216]}},{"type":"Feature","properties":{"Unique ID":2205,"installationName":"ES220890000034-CERDOS-CASTILLONROY","Type of Animal":"Pigs"},"geometry":{"type":"Point","coordinates":[0.513378,41.885624]}},{"type":"Feature","properties":{"Unique ID":2206,"installationName":"ES501890000019-CERDOS-NONASPE","Type of Animal":"Pigs"},"geometry":{"type":"Point","coordinates":[0.210204,41.205733]}},{"type":"Feature","properties":{"Unique ID":2207,"installationName":"ES222360000044-CERDOS-TORRES DE BARBUÉS","Type of Animal":"Pigs"},"geometry":{"type":"Point","coordinates":[-0.479142,41.96581]}},{"type":"Feature","properties":{"Unique ID":2208,"installationName":"CAN RAMIRO","Type of Animal":"Pigs"},"geometry":{"type":"Point","coordinates":[0.746365,42.005745]}},{"type":"Feature","properties":{"Unique ID":2209,"installationName":"GRANJA RAFEL","Type of Animal":"Pigs"},"geometry":{"type":"Point","coordinates":[1.096692,41.820861]}},{"type":"Feature","properties":{"Unique ID":2210,"installationName":"GRANJA EL TARANNA FAMILIAR","Type of Animal":"Pigs"},"geometry":{"type":"Point","coordinates":[0.408676,41.494944]}},{"type":"Feature","properties":{"Unique ID":2211,"installationName":"Granja Agrovilanova","Type of Animal":"Pigs"},"geometry":{"type":"Point","coordinates":[0.441445,41.510216]}},{"type":"Feature","properties":{"Unique ID":2212,"installationName":"ALBESA RAMADERA, SL","Type of Animal":"Pigs"},"geometry":{"type":"Point","coordinates":[0.648836,41.776467]}},{"type":"Feature","properties":{"Unique ID":2213,"installationName":"GRANJA CASTELLS MAS DEL ROMAN","Type of Animal":"Pigs"},"geometry":{"type":"Point","coordinates":[0.474348,41.613992]}},{"type":"Feature","properties":{"Unique ID":2214,"installationName":"GRANJA COMPANYS MIR","Type of Animal":"Pigs"},"geometry":{"type":"Point","coordinates":[0.502523,41.582969]}},{"type":"Feature","properties":{"Unique ID":2215,"installationName":"GRANJA GILART CANADELL SCP","Type of Animal":"Pigs"},"geometry":{"type":"Point","coordinates":[0.5314,41.612756]}},{"type":"Feature","properties":{"Unique ID":2216,"installationName":"GRANJA MATGES DOLCET (0230YM)","Type of Animal":"Pigs"},"geometry":{"type":"Point","coordinates":[0.479173,41.645377]}},{"type":"Feature","properties":{"Unique ID":2217,"installationName":"GRANJA ALBERT MATGES","Type of Animal":"Pigs"},"geometry":{"type":"Point","coordinates":[0.483957,41.652939]}},{"type":"Feature","properties":{"Unique ID":2218,"installationName":"CLOT","Type of Animal":"Pigs"},"geometry":{"type":"Point","coordinates":[0.61106,41.824968]}},{"type":"Feature","properties":{"Unique ID":2219,"installationName":"GRANJA ALGERRI","Type of Animal":"Pigs"},"geometry":{"type":"Point","coordinates":[0.659223,41.803815]}},{"type":"Feature","properties":{"Unique ID":2220,"installationName":"CAMI D´ALBESA","Type of Animal":"Pigs"},"geometry":{"type":"Point","coordinates":[0.64706,41.795406]}},{"type":"Feature","properties":{"Unique ID":2221,"installationName":"GERMANS PLENSA PINO","Type of Animal":"Pigs"},"geometry":{"type":"Point","coordinates":[0.619436,41.805905]}},{"type":"Feature","properties":{"Unique ID":2222,"installationName":"GRANJA RODIE GANADERA","Type of Animal":"Pigs"},"geometry":{"type":"Point","coordinates":[0.612869,41.736359]}},{"type":"Feature","properties":{"Unique ID":2223,"installationName":"GRANJA GESCASER ENGREIX","Type of Animal":"Pigs"},"geometry":{"type":"Point","coordinates":[0.487202,41.744827]}},{"type":"Feature","properties":{"Unique ID":2224,"installationName":"GRANJA LA GRALLA","Type of Animal":"Pigs"},"geometry":{"type":"Point","coordinates":[0.440506,41.753928]}},{"type":"Feature","properties":{"Unique ID":2225,"installationName":"GRANJA BERANUY HERVERA","Type of Animal":"Pigs"},"geometry":{"type":"Point","coordinates":[0.60323,41.765329]}},{"type":"Feature","properties":{"Unique ID":2226,"installationName":"GRANJA HNOS MAÑAS","Type of Animal":"Pigs"},"geometry":{"type":"Point","coordinates":[0.380581,41.645179]}},{"type":"Feature","properties":{"Unique ID":2227,"installationName":"GRANJA AGROPECUARIA ARBEQUINA","Type of Animal":"Pigs"},"geometry":{"type":"Point","coordinates":[0.924881,41.530307]}},{"type":"Feature","properties":{"Unique ID":2228,"installationName":"GRANJA SANS (0550EE)","Type of Animal":"Pigs"},"geometry":{"type":"Point","coordinates":[0.926427,41.559183]}},{"type":"Feature","properties":{"Unique ID":2229,"installationName":"GRANJA SANS (0550EH)","Type of Animal":"Pigs"},"geometry":{"type":"Point","coordinates":[0.923827,41.550526]}},{"type":"Feature","properties":{"Unique ID":2230,"installationName":"LA BARRACA","Type of Animal":"Pigs"},"geometry":{"type":"Point","coordinates":[0.764169,41.898949]}},{"type":"Feature","properties":{"Unique ID":2231,"installationName":"GRANJA POMANYONS","Type of Animal":"Pigs"},"geometry":{"type":"Point","coordinates":[1.199082,41.97272]}},{"type":"Feature","properties":{"Unique ID":2232,"installationName":"GRANJA FABREGA","Type of Animal":"Pigs"},"geometry":{"type":"Point","coordinates":[2.952146,42.323489]}},{"type":"Feature","properties":{"Unique ID":2233,"installationName":"PINYANA","Type of Animal":"Pigs"},"geometry":{"type":"Point","coordinates":[1.459366,42.002114]}},{"type":"Feature","properties":{"Unique ID":2234,"installationName":"GRANJA GASET","Type of Animal":"Pigs"},"geometry":{"type":"Point","coordinates":[1.393291,41.697572]}},{"type":"Feature","properties":{"Unique ID":2235,"installationName":"SERRAT DEL BANUS","Type of Animal":"Pigs"},"geometry":{"type":"Point","coordinates":[2.313861,41.949942]}},{"type":"Feature","properties":{"Unique ID":2236,"installationName":"PROGAN TRADING 2015","Type of Animal":"Pigs"},"geometry":{"type":"Point","coordinates":[0.687537,41.343925]}},{"type":"Feature","properties":{"Unique ID":2237,"installationName":"GRANJA BERVALL SCP","Type of Animal":"Pigs"},"geometry":{"type":"Point","coordinates":[0.364051,41.412575]}},{"type":"Feature","properties":{"Unique ID":2238,"installationName":"AGROSIMON","Type of Animal":"Pigs"},"geometry":{"type":"Point","coordinates":[1.007123,42.119714]}},{"type":"Feature","properties":{"Unique ID":2239,"installationName":"GRANJA PERETÓ","Type of Animal":"Pigs"},"geometry":{"type":"Point","coordinates":[1.056516,42.12637]}},{"type":"Feature","properties":{"Unique ID":2240,"installationName":"GRANJA GERMANS FARRÉ","Type of Animal":"Pigs"},"geometry":{"type":"Point","coordinates":[0.960622,41.699082]}},{"type":"Feature","properties":{"Unique ID":2241,"installationName":"JOAN I ROSSEND SALTIVERI","Type of Animal":"Pigs"},"geometry":{"type":"Point","coordinates":[0.994129,41.674634]}},{"type":"Feature","properties":{"Unique ID":2242,"installationName":"EL POU","Type of Animal":"Pigs"},"geometry":{"type":"Point","coordinates":[2.220168,42.014866]}},{"type":"Feature","properties":{"Unique ID":2243,"installationName":"GRANJA SECANELL","Type of Animal":"Pigs"},"geometry":{"type":"Point","coordinates":[1.304579,41.816805]}},{"type":"Feature","properties":{"Unique ID":2244,"installationName":"LA QUERIDA","Type of Animal":"Pigs"},"geometry":{"type":"Point","coordinates":[0.744445,41.746782]}},{"type":"Feature","properties":{"Unique ID":2245,"installationName":"CAN SALGAS","Type of Animal":"Pigs"},"geometry":{"type":"Point","coordinates":[3.143773,41.913884]}},{"type":"Feature","properties":{"Unique ID":2246,"installationName":"TROBAT","Type of Animal":"Pigs"},"geometry":{"type":"Point","coordinates":[1.153775,41.861907]}},{"type":"Feature","properties":{"Unique ID":2247,"installationName":"GRANJA LES COMES (Oliola)","Type of Animal":"Pigs"},"geometry":{"type":"Point","coordinates":[1.173407,41.861276]}},{"type":"Feature","properties":{"Unique ID":2248,"installationName":"COR DE ROURE","Type of Animal":"Pigs"},"geometry":{"type":"Point","coordinates":[1.526256,41.971947]}},{"type":"Feature","properties":{"Unique ID":2249,"installationName":"BAOMELL 2000, S.L.","Type of Animal":"Pigs"},"geometry":{"type":"Point","coordinates":[0.962492,41.491017]}},{"type":"Feature","properties":{"Unique ID":2250,"installationName":"EL PLA DE LA SENYORA","Type of Animal":"Pigs"},"geometry":{"type":"Point","coordinates":[2.088175,41.975841]}},{"type":"Feature","properties":{"Unique ID":2251,"installationName":"CAN NICOLAU","Type of Animal":"Pigs"},"geometry":{"type":"Point","coordinates":[3.146937,41.939801]}},{"type":"Feature","properties":{"Unique ID":2252,"installationName":"CAL TANYOT","Type of Animal":"Pigs"},"geometry":{"type":"Point","coordinates":[1.50001,41.814014]}},{"type":"Feature","properties":{"Unique ID":2253,"installationName":"GRANJA ARANYO","Type of Animal":"Pigs"},"geometry":{"type":"Point","coordinates":[1.18847,41.895729]}},{"type":"Feature","properties":{"Unique ID":2254,"installationName":"LA VINYA CAMPA","Type of Animal":"Pigs"},"geometry":{"type":"Point","coordinates":[1.573414,41.725619]}},{"type":"Feature","properties":{"Unique ID":2255,"installationName":"GRANJA CAU-BARRUFET","Type of Animal":"Pigs"},"geometry":{"type":"Point","coordinates":[0.881211,41.553603]}},{"type":"Feature","properties":{"Unique ID":2256,"installationName":"SERRA NEGRA","Type of Animal":"Pigs"},"geometry":{"type":"Point","coordinates":[2.859343,41.938603]}},{"type":"Feature","properties":{"Unique ID":2257,"installationName":"MAS ARCOUS","Type of Animal":"Pigs"},"geometry":{"type":"Point","coordinates":[2.574533,42.078197]}},{"type":"Feature","properties":{"Unique ID":2258,"installationName":"GRANJA HUGUET","Type of Animal":"Pigs"},"geometry":{"type":"Point","coordinates":[1.046137,41.558804]}},{"type":"Feature","properties":{"Unique ID":2259,"installationName":"CARARAC","Type of Animal":"Pigs"},"geometry":{"type":"Point","coordinates":[2.316153,42.045876]}},{"type":"Feature","properties":{"Unique ID":2260,"installationName":"GRANJA LLUCITANA","Type of Animal":"Pigs"},"geometry":{"type":"Point","coordinates":[1.997538,42.021469]}},{"type":"Feature","properties":{"Unique ID":2261,"installationName":"GRANJA TAPANES","Type of Animal":"Pigs"},"geometry":{"type":"Point","coordinates":[0.572164,41.452431]}},{"type":"Feature","properties":{"Unique ID":2262,"installationName":"EL CAMP","Type of Animal":"Pigs"},"geometry":{"type":"Point","coordinates":[2.263806,41.869922]}},{"type":"Feature","properties":{"Unique ID":2263,"installationName":"PORCITAR S.L.","Type of Animal":"Pigs"},"geometry":{"type":"Point","coordinates":[1.033836,41.42133]}},{"type":"Feature","properties":{"Unique ID":2264,"installationName":"GRANJA SOLE (Térmens)","Type of Animal":"Pigs"},"geometry":{"type":"Point","coordinates":[0.787678,41.70931]}},{"type":"Feature","properties":{"Unique ID":2265,"installationName":"GRANJA CLARISO","Type of Animal":"Pigs"},"geometry":{"type":"Point","coordinates":[0.789243,41.720463]}},{"type":"Feature","properties":{"Unique ID":2266,"installationName":"GRANJA MIRALLES","Type of Animal":"Pigs"},"geometry":{"type":"Point","coordinates":[1.090356,41.720802]}},{"type":"Feature","properties":{"Unique ID":2267,"installationName":"GRANJA FCO FORTUNY BOSCH","Type of Animal":"Pigs"},"geometry":{"type":"Point","coordinates":[0.58839,41.672993]}},{"type":"Feature","properties":{"Unique ID":2268,"installationName":"RAMON MINGUET CLAVERIA","Type of Animal":"Pigs"},"geometry":{"type":"Point","coordinates":[0.841383,41.570776]}},{"type":"Feature","properties":{"Unique ID":2269,"installationName":"GRANJA ANTONIO PIÑEIRO","Type of Animal":"Pigs"},"geometry":{"type":"Point","coordinates":[0.82891,41.599047]}},{"type":"Feature","properties":{"Unique ID":2270,"installationName":"RAMON SOLSONA CAPELL","Type of Animal":"Pigs"},"geometry":{"type":"Point","coordinates":[0.843736,41.583673]}},{"type":"Feature","properties":{"Unique ID":2271,"installationName":"ANTONIO TORRES SERRANO","Type of Animal":"Pigs"},"geometry":{"type":"Point","coordinates":[0.848798,41.57105]}},{"type":"Feature","properties":{"Unique ID":2272,"installationName":"MASIA MORENO","Type of Animal":"Pigs"},"geometry":{"type":"Point","coordinates":[0.826892,41.729904]}},{"type":"Feature","properties":{"Unique ID":2273,"installationName":"INFERNS","Type of Animal":"Pigs"},"geometry":{"type":"Point","coordinates":[3.059401,42.162325]}},{"type":"Feature","properties":{"Unique ID":2274,"installationName":"JOAN RAMON SANGRA FARRE","Type of Animal":"Pigs"},"geometry":{"type":"Point","coordinates":[0.937668,41.665258]}},{"type":"Feature","properties":{"Unique ID":2275,"installationName":"GERMANS LLAURADO FERRE","Type of Animal":"Poultry"},"geometry":{"type":"Point","coordinates":[1.074893,41.128392]}},{"type":"Feature","properties":{"Unique ID":2276,"installationName":"GRANJA SERRA DOMENECH","Type of Animal":"Poultry"},"geometry":{"type":"Point","coordinates":[0.677992,41.557882]}},{"type":"Feature","properties":{"Unique ID":2277,"installationName":"GERMANS SUNYER RAMS SAT","Type of Animal":"Poultry"},"geometry":{"type":"Point","coordinates":[0.302789,41.096475]}},{"type":"Feature","properties":{"Unique ID":2278,"installationName":"CAN MARSAL","Type of Animal":"Pigs"},"geometry":{"type":"Point","coordinates":[2.236224,41.990161]}},{"type":"Feature","properties":{"Unique ID":2279,"installationName":"GRANJA LA BERTRANA","Type of Animal":"Pigs"},"geometry":{"type":"Point","coordinates":[2.357776,42.022249]}},{"type":"Feature","properties":{"Unique ID":2280,"installationName":"AGROSANS RAMADERA, SL","Type of Animal":"Pigs"},"geometry":{"type":"Point","coordinates":[0.971325,41.526525]}},{"type":"Feature","properties":{"Unique ID":2281,"installationName":"BARRET PICAT","Type of Animal":"Pigs"},"geometry":{"type":"Point","coordinates":[0.848739,41.714613]}},{"type":"Feature","properties":{"Unique ID":2282,"installationName":"GRANJA CAL RIERA","Type of Animal":"Pigs"},"geometry":{"type":"Point","coordinates":[1.390175,41.64664]}},{"type":"Feature","properties":{"Unique ID":2283,"installationName":"GRANJA OSCAR","Type of Animal":"Pigs"},"geometry":{"type":"Point","coordinates":[0.642546,41.829897]}},{"type":"Feature","properties":{"Unique ID":2284,"installationName":"GRANJA PIJUAN VALL SL","Type of Animal":"Pigs"},"geometry":{"type":"Point","coordinates":[1.003012,41.76878]}},{"type":"Feature","properties":{"Unique ID":2285,"installationName":"GRANJA ESTRADE","Type of Animal":"Pigs"},"geometry":{"type":"Point","coordinates":[0.853151,41.528323]}},{"type":"Feature","properties":{"Unique ID":2286,"installationName":"GRANJA LA POBLA","Type of Animal":"Pigs"},"geometry":{"type":"Point","coordinates":[1.089311,41.886016]}},{"type":"Feature","properties":{"Unique ID":2287,"installationName":"GRANJA TATXE II","Type of Animal":"Pigs"},"geometry":{"type":"Point","coordinates":[1.42765,41.704451]}},{"type":"Feature","properties":{"Unique ID":2288,"installationName":"GRANJA RIERA SOLÉ","Type of Animal":"Pigs"},"geometry":{"type":"Point","coordinates":[1.067988,41.845671]}},{"type":"Feature","properties":{"Unique ID":2289,"installationName":"Mas d´en Pere","Type of Animal":"Pigs"},"geometry":{"type":"Point","coordinates":[1.441256,41.793901]}},{"type":"Feature","properties":{"Unique ID":2290,"installationName":"PUIG ARBOS","Type of Animal":"Pigs"},"geometry":{"type":"Point","coordinates":[2.991189,41.975164]}},{"type":"Feature","properties":{"Unique ID":2291,"installationName":"Can Ruscada","Type of Animal":"Pigs"},"geometry":{"type":"Point","coordinates":[2.542299,42.066521]}},{"type":"Feature","properties":{"Unique ID":2292,"installationName":"GRANGES TERRAGRISSA NUCLI 2-3/254","Type of Animal":"Pigs"},"geometry":{"type":"Point","coordinates":[1.132257,41.830883]}},{"type":"Feature","properties":{"Unique ID":2293,"installationName":"GRANGES TERRAGRISA - NUM. 1 - 3/ 257","Type of Animal":"Pigs"},"geometry":{"type":"Point","coordinates":[1.126043,41.820965]}},{"type":"Feature","properties":{"Unique ID":2294,"installationName":"GRANGES TERRAGRISA NUCLI 3-5/027","Type of Animal":"Pigs"},"geometry":{"type":"Point","coordinates":[1.14746,41.821493]}},{"type":"Feature","properties":{"Unique ID":2295,"installationName":"GRANJA COLL DE BASSA","Type of Animal":"Pigs"},"geometry":{"type":"Point","coordinates":[2.015902,41.921583]}},{"type":"Feature","properties":{"Unique ID":2296,"installationName":"CAN MONTALBO","Type of Animal":"Pigs"},"geometry":{"type":"Point","coordinates":[0.917968,41.562723]}},{"type":"Feature","properties":{"Unique ID":2297,"installationName":"AGROPECUARIA FONTANET SCP","Type of Animal":"Pigs"},"geometry":{"type":"Point","coordinates":[0.829169,41.997714]}},{"type":"Feature","properties":{"Unique ID":2298,"installationName":"GRANJA ESPONA","Type of Animal":"Pigs"},"geometry":{"type":"Point","coordinates":[0.754426,41.736449]}},{"type":"Feature","properties":{"Unique ID":2299,"installationName":"AGROPECUàRIA RAMIS-SEDó S.L.","Type of Animal":"Pigs"},"geometry":{"type":"Point","coordinates":[0.883821,41.548184]}},{"type":"Feature","properties":{"Unique ID":2300,"installationName":"GRANJA MEJO","Type of Animal":"Pigs"},"geometry":{"type":"Point","coordinates":[1.299187,42.173076]}},{"type":"Feature","properties":{"Unique ID":2301,"installationName":"JOSE RAUL MURO RUPEREZ","Type of Animal":"Pigs"},"geometry":{"type":"Point","coordinates":[-1.780719,42.189061]}},{"type":"Feature","properties":{"Unique ID":2302,"installationName":"I.G. SAN CRISTOBAL, S. L.","Type of Animal":"Pigs"},"geometry":{"type":"Point","coordinates":[-2.652197,42.382858]}},{"type":"Feature","properties":{"Unique ID":2303,"installationName":"FRANCISCA ROCA ROCA","Type of Animal":"Pigs"},"geometry":{"type":"Point","coordinates":[0.022738,40.471362]}},{"type":"Feature","properties":{"Unique ID":2304,"installationName":"EXPLOTACIÓN PORCINA FRAILE","Type of Animal":"Pigs"},"geometry":{"type":"Point","coordinates":[-1.172687,37.721516]}},{"type":"Feature","properties":{"Unique ID":2305,"installationName":"CALASPARRA PARCELA 68","Type of Animal":"Pigs"},"geometry":{"type":"Point","coordinates":[-1.701586,38.229151]}},{"type":"Feature","properties":{"Unique ID":2306,"installationName":"EXPLOTACIÓN PORCINA  BUTRÓN","Type of Animal":"Pigs"},"geometry":{"type":"Point","coordinates":[-1.278271,37.736797]}},{"type":"Feature","properties":{"Unique ID":2307,"installationName":"EXPLOTACIÓN PORCINA LA BEATA, S.L.","Type of Animal":"Pigs"},"geometry":{"type":"Point","coordinates":[-1.263707,37.728485]}},{"type":"Feature","properties":{"Unique ID":2308,"installationName":"DOMINGO LEGAZ CERVANTES","Type of Animal":"Pigs"},"geometry":{"type":"Point","coordinates":[-1.197108,37.684669]}},{"type":"Feature","properties":{"Unique ID":2309,"installationName":"GRANJA LAS CASICAS","Type of Animal":"Pigs"},"geometry":{"type":"Point","coordinates":[-0.945409,37.912972]}},{"type":"Feature","properties":{"Unique ID":2310,"installationName":"BLAS SAURA ESPINOSA","Type of Animal":"Pigs"},"geometry":{"type":"Point","coordinates":[-1.022949,37.761679]}},{"type":"Feature","properties":{"Unique ID":2311,"installationName":"Mª CONSUELO SÁNCHEZ FERNÁNDEZ","Type of Animal":"Pigs"},"geometry":{"type":"Point","coordinates":[-1.22562,37.740822]}},{"type":"Feature","properties":{"Unique ID":2312,"installationName":"MIGUEL URREA GARCÍA","Type of Animal":"Pigs"},"geometry":{"type":"Point","coordinates":[-1.261834,37.737612]}},{"type":"Feature","properties":{"Unique ID":2313,"installationName":"JUAN MANUEL PEÑALVER PEÑALVER","Type of Animal":"Pigs"},"geometry":{"type":"Point","coordinates":[-1.047649,39.866926]}},{"type":"Feature","properties":{"Unique ID":2314,"installationName":"GRANJA ORTEGA","Type of Animal":"Pigs"},"geometry":{"type":"Point","coordinates":[0.25203,40.511805]}},{"type":"Feature","properties":{"Unique ID":2315,"installationName":"GINES Y ENGRACIA GONZALEZ GARCIA","Type of Animal":"Pigs"},"geometry":{"type":"Point","coordinates":[-1.422935,37.849301]}},{"type":"Feature","properties":{"Unique ID":2316,"installationName":"SCA EL SALVADOR II (MADRES)","Type of Animal":"Pigs"},"geometry":{"type":"Point","coordinates":[-4.166411,41.207472]}},{"type":"Feature","properties":{"Unique ID":2317,"installationName":"IBÉRICO LA ARMEDILLA S.L.","Type of Animal":"Pigs"},"geometry":{"type":"Point","coordinates":[-4.357592,41.519381]}},{"type":"Feature","properties":{"Unique ID":2318,"installationName":"ALBERTO CALAVIA RUIZ","Type of Animal":"Pigs"},"geometry":{"type":"Point","coordinates":[-1.978931,41.842142]}},{"type":"Feature","properties":{"Unique ID":2319,"installationName":"AMADOR GALLEGO ALFAGEME","Type of Animal":"Pigs"},"geometry":{"type":"Point","coordinates":[-5.330983,41.742994]}},{"type":"Feature","properties":{"Unique ID":2320,"installationName":"AGROPECUARIA SIETEIGLESIAS, S. L.-AVES","Type of Animal":"Poultry"},"geometry":{"type":"Point","coordinates":[-4.772258,41.431408]}},{"type":"Feature","properties":{"Unique ID":2321,"installationName":"RUMAHER, S.C. AÑAVIEJA","Type of Animal":"Pigs"},"geometry":{"type":"Point","coordinates":[-2.006842,41.8701]}},{"type":"Feature","properties":{"Unique ID":2322,"installationName":"M.ª ÁNGELES PÉREZ FALCÓN","Type of Animal":"Pigs"},"geometry":{"type":"Point","coordinates":[-5.258853,41.771106]}},{"type":"Feature","properties":{"Unique ID":2323,"installationName":"MARÍA JOSÉ BRAGADO GARCÍA","Type of Animal":"Pigs"},"geometry":{"type":"Point","coordinates":[-5.907064,41.217322]}},{"type":"Feature","properties":{"Unique ID":2324,"installationName":"CASTELLANA DE PORCINO - SAN NICOLÁS","Type of Animal":"Pigs"},"geometry":{"type":"Point","coordinates":[-5.424617,41.012953]}},{"type":"Feature","properties":{"Unique ID":2325,"installationName":"NAYUPOR, S.L.","Type of Animal":"Pigs"},"geometry":{"type":"Point","coordinates":[-3.657081,41.350167]}},{"type":"Feature","properties":{"Unique ID":2326,"installationName":"CEBADERA PORCINO CASA MARSILLA","Type of Animal":"Pigs"},"geometry":{"type":"Point","coordinates":[-1.685999,37.85225]}},{"type":"Feature","properties":{"Unique ID":2327,"installationName":"AGUIRRE CARRERA ALFONSO Y CARRERA MARTINEZ MONTSERRAT","Type of Animal":"Pigs"},"geometry":{"type":"Point","coordinates":[-2.024631,42.41743]}},{"type":"Feature","properties":{"Unique ID":2328,"installationName":"AGROPORC ALESVES, S.L.-1","Type of Animal":"Pigs"},"geometry":{"type":"Point","coordinates":[-2.024631,42.41743]}},{"type":"Feature","properties":{"Unique ID":2329,"installationName":"JOSE JAVIER BARASOAIN","Type of Animal":"Pigs"},"geometry":{"type":"Point","coordinates":[-1.678608,42.246]}},{"type":"Feature","properties":{"Unique ID":2330,"installationName":"NUTRIMENTOS DEZA S.A (CRUCES)","Type of Animal":"Pigs"},"geometry":{"type":"Point","coordinates":[-8.168061,42.784222]}},{"type":"Feature","properties":{"Unique ID":2331,"installationName":"ES451750000025 EXPLOTACION PORCINA","Type of Animal":"Pigs"},"geometry":{"type":"Point","coordinates":[-3.6865,39.5791]}},{"type":"Feature","properties":{"Unique ID":2332,"installationName":"LA VIÑONA S.C.","Type of Animal":"Pigs"},"geometry":{"type":"Point","coordinates":[-3.214344,41.594772]}},{"type":"Feature","properties":{"Unique ID":2333,"installationName":"LOS TIERNO, C.B","Type of Animal":"Pigs"},"geometry":{"type":"Point","coordinates":[-1.993103,41.861419]}},{"type":"Feature","properties":{"Unique ID":2334,"installationName":"EXPLOTACIÓN LAS  4 JJJJ, S.L. LLANO DE LAS CABRAS","Type of Animal":"Pigs"},"geometry":{"type":"Point","coordinates":[-2.091042,41.895197]}},{"type":"Feature","properties":{"Unique ID":2335,"installationName":"SAUQUILLO AGROINDUSTRIAL, S.L.","Type of Animal":"Pigs"},"geometry":{"type":"Point","coordinates":[-2.336239,41.594958]}},{"type":"Feature","properties":{"Unique ID":2336,"installationName":"VITERS FAMILIA-CUBO DE LA SOLANA","Type of Animal":"Pigs"},"geometry":{"type":"Point","coordinates":[-2.403222,41.589333]}},{"type":"Feature","properties":{"Unique ID":2337,"installationName":"MARIO GONZÁLEZ ORTIZ - LA PORQUERA","Type of Animal":"Pigs"},"geometry":{"type":"Point","coordinates":[-3.384156,41.646033]}},{"type":"Feature","properties":{"Unique ID":2338,"installationName":"AGROTEF CARRALVALLE","Type of Animal":"Pigs"},"geometry":{"type":"Point","coordinates":[-4.184722,41.2075]}},{"type":"Feature","properties":{"Unique ID":2339,"installationName":"Granja Uriagereka, S.L.","Type of Animal":"Poultry"},"geometry":{"type":"Point","coordinates":[-2.828027,43.35613]}},{"type":"Feature","properties":{"Unique ID":2340,"installationName":"GRANJA SOLERS","Type of Animal":"Pigs"},"geometry":{"type":"Point","coordinates":[1.188158,41.876901]}},{"type":"Feature","properties":{"Unique ID":2341,"installationName":"JOSEP COLL REIG","Type of Animal":"Pigs"},"geometry":{"type":"Point","coordinates":[0.977705,41.671644]}},{"type":"Feature","properties":{"Unique ID":2342,"installationName":"EXPLOTACIÓ FALIU","Type of Animal":"Pigs"},"geometry":{"type":"Point","coordinates":[1.00205,41.501772]}},{"type":"Feature","properties":{"Unique ID":2343,"installationName":"CAN MARCÓ","Type of Animal":"Pigs"},"geometry":{"type":"Point","coordinates":[2.93394,42.219809]}},{"type":"Feature","properties":{"Unique ID":2344,"installationName":"GRANJA MOLINE FRUITS","Type of Animal":"Pigs"},"geometry":{"type":"Point","coordinates":[0.526683,41.607124]}},{"type":"Feature","properties":{"Unique ID":2345,"installationName":"GRANJA PLANOTS","Type of Animal":"Pigs"},"geometry":{"type":"Point","coordinates":[1.540372,42.031061]}},{"type":"Feature","properties":{"Unique ID":2346,"installationName":"GRANGES ARMENGOL","Type of Animal":"Pigs"},"geometry":{"type":"Point","coordinates":[0.674095,41.769335]}},{"type":"Feature","properties":{"Unique ID":2347,"installationName":"GRANJA BLANCH-EL SORELL","Type of Animal":"Pigs"},"geometry":{"type":"Point","coordinates":[2.21958,41.840358]}},{"type":"Feature","properties":{"Unique ID":2348,"installationName":"GRANJA MAS","Type of Animal":"Pigs"},"geometry":{"type":"Point","coordinates":[0.824364,41.73059]}},{"type":"Feature","properties":{"Unique ID":2349,"installationName":"OLIVAR DE MONTPEDRÓS","Type of Animal":"Pigs"},"geometry":{"type":"Point","coordinates":[2.988554,42.32593]}},{"type":"Feature","properties":{"Unique ID":2350,"installationName":"ROSSET","Type of Animal":"Pigs"},"geometry":{"type":"Point","coordinates":[0.769608,41.505063]}},{"type":"Feature","properties":{"Unique ID":2351,"installationName":"GRANJA NOVA","Type of Animal":"Pigs"},"geometry":{"type":"Point","coordinates":[0.972034,41.653306]}},{"type":"Feature","properties":{"Unique ID":2352,"installationName":"AVÍCOLA MELENDRES 2","Type of Animal":"Pigs"},"geometry":{"type":"Point","coordinates":[0.72616,41.785742]}},{"type":"Feature","properties":{"Unique ID":2353,"installationName":"SERRAT DEL GALL","Type of Animal":"Pigs"},"geometry":{"type":"Point","coordinates":[1.855555,42.124381]}},{"type":"Feature","properties":{"Unique ID":2354,"installationName":"EXPLOTACIONS LA FLORESTA","Type of Animal":"Pigs"},"geometry":{"type":"Point","coordinates":[0.909094,41.519573]}},{"type":"Feature","properties":{"Unique ID":2355,"installationName":"JAUMANDREU (DAC-1)","Type of Animal":"Pigs"},"geometry":{"type":"Point","coordinates":[1.761963,41.777058]}},{"type":"Feature","properties":{"Unique ID":2356,"installationName":"GUARDIA PIJUAN","Type of Animal":"Pigs"},"geometry":{"type":"Point","coordinates":[1.017697,41.87503]}},{"type":"Feature","properties":{"Unique ID":2357,"installationName":"GRANJA URGELL","Type of Animal":"Pigs"},"geometry":{"type":"Point","coordinates":[0.659278,41.370076]}},{"type":"Feature","properties":{"Unique ID":2358,"installationName":"GRANJA BASTURS","Type of Animal":"Pigs"},"geometry":{"type":"Point","coordinates":[1.005904,42.144288]}},{"type":"Feature","properties":{"Unique ID":2359,"installationName":"GRANJA TERO","Type of Animal":"Pigs"},"geometry":{"type":"Point","coordinates":[0.864453,41.554545]}},{"type":"Feature","properties":{"Unique ID":2360,"installationName":"GRANJA AGROPECUARIA DEL SEGRIà SA","Type of Animal":"Pigs"},"geometry":{"type":"Point","coordinates":[0.695335,41.589781]}},{"type":"Feature","properties":{"Unique ID":2361,"installationName":"LA VINYA","Type of Animal":"Pigs"},"geometry":{"type":"Point","coordinates":[0.980531,41.792425]}},{"type":"Feature","properties":{"Unique ID":2362,"installationName":"EL SOLER","Type of Animal":"Pigs"},"geometry":{"type":"Point","coordinates":[2.106383,41.968509]}},{"type":"Feature","properties":{"Unique ID":2363,"installationName":"GRANJA AGROPECUARIA DEL SEGRIÀ","Type of Animal":"Pigs"},"geometry":{"type":"Point","coordinates":[0.660283,41.713743]}},{"type":"Feature","properties":{"Unique ID":2364,"installationName":"GRANJA FERRAN","Type of Animal":"Pigs"},"geometry":{"type":"Point","coordinates":[0.410665,41.477192]}},{"type":"Feature","properties":{"Unique ID":2365,"installationName":"CAN MARTINOT - LES COSTES","Type of Animal":"Pigs"},"geometry":{"type":"Point","coordinates":[3.057078,42.203701]}},{"type":"Feature","properties":{"Unique ID":2366,"installationName":"AGRESVER, SL","Type of Animal":"Poultry"},"geometry":{"type":"Point","coordinates":[1.18008,41.742685]}},{"type":"Feature","properties":{"Unique ID":2367,"installationName":"GRANJA JAVIER ALEGRE MARTINEZ","Type of Animal":"Pigs"},"geometry":{"type":"Point","coordinates":[0.361959,41.671033]}},{"type":"Feature","properties":{"Unique ID":2368,"installationName":"GRANJA SERRA MAGRA","Type of Animal":"Pigs"},"geometry":{"type":"Point","coordinates":[2.713344,41.838634]}},{"type":"Feature","properties":{"Unique ID":2369,"installationName":"GRANJA ARTIGUES","Type of Animal":"Pigs"},"geometry":{"type":"Point","coordinates":[2.692303,41.713352]}},{"type":"Feature","properties":{"Unique ID":2370,"installationName":"GRANJA PELEGRI","Type of Animal":"Poultry"},"geometry":{"type":"Point","coordinates":[0.903567,41.738899]}},{"type":"Feature","properties":{"Unique ID":2371,"installationName":"GRANJA AVIPAT","Type of Animal":"Poultry"},"geometry":{"type":"Point","coordinates":[1.183918,41.238368]}},{"type":"Feature","properties":{"Unique ID":2372,"installationName":"AVICOLA VILAMAJO","Type of Animal":"Poultry"},"geometry":{"type":"Point","coordinates":[0.993479,41.626716]}},{"type":"Feature","properties":{"Unique ID":2373,"installationName":"GRANJA ROSINACH","Type of Animal":"Poultry"},"geometry":{"type":"Point","coordinates":[0.855394,41.567436]}},{"type":"Feature","properties":{"Unique ID":2374,"installationName":"AVICOLA SOLER","Type of Animal":"Poultry"},"geometry":{"type":"Point","coordinates":[1.39204,41.633912]}},{"type":"Feature","properties":{"Unique ID":2375,"installationName":"MAS CARAMATXEL","Type of Animal":"Pigs"},"geometry":{"type":"Point","coordinates":[2.273884,41.984407]}},{"type":"Feature","properties":{"Unique ID":2376,"installationName":"GRANJA OCAÑA BIEL","Type of Animal":"Pigs"},"geometry":{"type":"Point","coordinates":[0.6171,41.734781]}},{"type":"Feature","properties":{"Unique ID":2377,"installationName":"GRANJA SOT DEL FUSTER","Type of Animal":"Pigs"},"geometry":{"type":"Point","coordinates":[0.748697,41.711119]}},{"type":"Feature","properties":{"Unique ID":2378,"installationName":"GRANJA GOMEZ MARTI","Type of Animal":"Poultry"},"geometry":{"type":"Point","coordinates":[0.893156,41.722641]}},{"type":"Feature","properties":{"Unique ID":2379,"installationName":"GRANJA VALL SECÀ","Type of Animal":"Pigs"},"geometry":{"type":"Point","coordinates":[0.570077,41.500514]}},{"type":"Feature","properties":{"Unique ID":2380,"installationName":"GRANJA NATURA HORTA","Type of Animal":"Poultry"},"geometry":{"type":"Point","coordinates":[0.284144,40.930231]}},{"type":"Feature","properties":{"Unique ID":2381,"installationName":"La Bonella","Type of Animal":"Pigs"},"geometry":{"type":"Point","coordinates":[1.068881,41.777103]}},{"type":"Feature","properties":{"Unique ID":2382,"installationName":"GRANJA ORTIZ","Type of Animal":"Pigs"},"geometry":{"type":"Point","coordinates":[1.063375,41.788151]}},{"type":"Feature","properties":{"Unique ID":2383,"installationName":"EXPLOTACIÓ RAMADERA JORLAMAR","Type of Animal":"Pigs"},"geometry":{"type":"Point","coordinates":[0.505529,41.570318]}},{"type":"Feature","properties":{"Unique ID":2384,"installationName":"GRANJA PLA DE LES ALZINES","Type of Animal":"Pigs"},"geometry":{"type":"Point","coordinates":[0.938057,41.529815]}},{"type":"Feature","properties":{"Unique ID":2385,"installationName":"GRANJA PARTIDA LA SERRA","Type of Animal":"Pigs"},"geometry":{"type":"Point","coordinates":[1.582086,41.285639]}},{"type":"Feature","properties":{"Unique ID":2386,"installationName":"RAMADERIA TORPOL","Type of Animal":"Pigs"},"geometry":{"type":"Point","coordinates":[0.990655,41.604385]}},{"type":"Feature","properties":{"Unique ID":2387,"installationName":"EXPLOTACIONS 5800","Type of Animal":"Pigs"},"geometry":{"type":"Point","coordinates":[0.824363,41.65291]}},{"type":"Feature","properties":{"Unique ID":2388,"installationName":"GRANJA CLOTET","Type of Animal":"Pigs"},"geometry":{"type":"Point","coordinates":[1.20701,41.829319]}},{"type":"Feature","properties":{"Unique ID":2389,"installationName":"CAL QUEC","Type of Animal":"Pigs"},"geometry":{"type":"Point","coordinates":[1.415464,41.751379]}},{"type":"Feature","properties":{"Unique ID":2390,"installationName":"AVÍCOLA MELENDRES 2","Type of Animal":"Poultry"},"geometry":{"type":"Point","coordinates":[0.726797,41.787475]}},{"type":"Feature","properties":{"Unique ID":2391,"installationName":"GRANJA LA COLLADA","Type of Animal":"Pigs"},"geometry":{"type":"Point","coordinates":[0.743054,41.846084]}},{"type":"Feature","properties":{"Unique ID":2392,"installationName":"GRANJA MONELLOTS","Type of Animal":"Pigs"},"geometry":{"type":"Point","coordinates":[2.166548,41.935898]}},{"type":"Feature","properties":{"Unique ID":2393,"installationName":"MOLÍ DE L´OLI","Type of Animal":"Pigs"},"geometry":{"type":"Point","coordinates":[1.02061,41.880214]}},{"type":"Feature","properties":{"Unique ID":2394,"installationName":"GRANJA NICOLAS","Type of Animal":"Pigs"},"geometry":{"type":"Point","coordinates":[0.369665,41.640193]}},{"type":"Feature","properties":{"Unique ID":2395,"installationName":"MAS GELTA","Type of Animal":"Pigs"},"geometry":{"type":"Point","coordinates":[2.272115,41.965887]}},{"type":"Feature","properties":{"Unique ID":2396,"installationName":"GRANJA EL BORRELL","Type of Animal":"Pigs"},"geometry":{"type":"Point","coordinates":[2.186415,41.957665]}},{"type":"Feature","properties":{"Unique ID":2397,"installationName":"GRANJA BERENT","Type of Animal":"Pigs"},"geometry":{"type":"Point","coordinates":[0.794575,41.542508]}},{"type":"Feature","properties":{"Unique ID":2398,"installationName":"LA PLANASSA","Type of Animal":"Pigs"},"geometry":{"type":"Point","coordinates":[1.216821,41.985786]}},{"type":"Feature","properties":{"Unique ID":2399,"installationName":"GRANJA RAMASÀ","Type of Animal":"Pigs"},"geometry":{"type":"Point","coordinates":[2.311478,41.609735]}},{"type":"Feature","properties":{"Unique ID":2400,"installationName":"GRANJA MONTALÀ","Type of Animal":"Pigs"},"geometry":{"type":"Point","coordinates":[1.334325,41.514118]}},{"type":"Feature","properties":{"Unique ID":2401,"installationName":"GRANJA EL COMELLAR","Type of Animal":"Pigs"},"geometry":{"type":"Point","coordinates":[0.560859,41.381802]}},{"type":"Feature","properties":{"Unique ID":2402,"installationName":"JAUME ROURE RAVENTÓS","Type of Animal":"Pigs"},"geometry":{"type":"Point","coordinates":[0.540538,41.652504]}},{"type":"Feature","properties":{"Unique ID":2403,"installationName":"GRANJA LES FARRERAS","Type of Animal":"Pigs"},"geometry":{"type":"Point","coordinates":[1.796358,41.713567]}},{"type":"Feature","properties":{"Unique ID":2404,"installationName":"GRANJA CORNUDELLA","Type of Animal":"Pigs"},"geometry":{"type":"Point","coordinates":[1.304819,41.807244]}},{"type":"Feature","properties":{"Unique ID":2405,"installationName":"GRANJA ESQUIVETA","Type of Animal":"Pigs"},"geometry":{"type":"Point","coordinates":[0.970025,41.810685]}},{"type":"Feature","properties":{"Unique ID":2406,"installationName":"GRANJA SECÀ","Type of Animal":"Pigs"},"geometry":{"type":"Point","coordinates":[0.966257,41.806133]}},{"type":"Feature","properties":{"Unique ID":2407,"installationName":"GRANJA QUEROL","Type of Animal":"Pigs"},"geometry":{"type":"Point","coordinates":[1.748623,41.993753]}},{"type":"Feature","properties":{"Unique ID":2408,"installationName":"GRANJA BASSETES","Type of Animal":"Pigs"},"geometry":{"type":"Point","coordinates":[0.673827,41.930286]}},{"type":"Feature","properties":{"Unique ID":2409,"installationName":"GRANJA SOLE (Bellmunt Urgell)","Type of Animal":"Pigs"},"geometry":{"type":"Point","coordinates":[0.959637,41.768189]}},{"type":"Feature","properties":{"Unique ID":2410,"installationName":"Granja Vilalta","Type of Animal":"Pigs"},"geometry":{"type":"Point","coordinates":[1.526433,41.813741]}},{"type":"Feature","properties":{"Unique ID":2411,"installationName":"GRANJA EL SENGLAR","Type of Animal":"Pigs"},"geometry":{"type":"Point","coordinates":[2.035992,42.014593]}},{"type":"Feature","properties":{"Unique ID":2412,"installationName":"CAL VISÓ","Type of Animal":"Pigs"},"geometry":{"type":"Point","coordinates":[1.846899,42.002492]}},{"type":"Feature","properties":{"Unique ID":2413,"installationName":"GRANJA CENTELLES","Type of Animal":"Pigs"},"geometry":{"type":"Point","coordinates":[1.665266,41.742601]}},{"type":"Feature","properties":{"Unique ID":2414,"installationName":"GRANJA PRAT DE CORNET","Type of Animal":"Pigs"},"geometry":{"type":"Point","coordinates":[1.936687,41.903836]}},{"type":"Feature","properties":{"Unique ID":2415,"installationName":"GRANJA VILALTELLA","Type of Animal":"Pigs"},"geometry":{"type":"Point","coordinates":[2.12691,42.034009]}},{"type":"Feature","properties":{"Unique ID":2416,"installationName":"GRANJA LA VINYA (Vic)","Type of Animal":"Pigs"},"geometry":{"type":"Point","coordinates":[2.268848,41.903279]}},{"type":"Feature","properties":{"Unique ID":2417,"installationName":"GRANJA ROMIA JOVE","Type of Animal":"Pigs"},"geometry":{"type":"Point","coordinates":[0.413318,41.478243]}},{"type":"Feature","properties":{"Unique ID":2418,"installationName":"GRANJA MIQUEL CREUS","Type of Animal":"Pigs"},"geometry":{"type":"Point","coordinates":[1.280597,41.829382]}},{"type":"Feature","properties":{"Unique ID":2419,"installationName":"GRANJA CREUS","Type of Animal":"Pigs"},"geometry":{"type":"Point","coordinates":[1.272201,41.831732]}},{"type":"Feature","properties":{"Unique ID":2420,"installationName":"GRANJA MINGUET","Type of Animal":"Pigs"},"geometry":{"type":"Point","coordinates":[0.811995,41.593638]}},{"type":"Feature","properties":{"Unique ID":2421,"installationName":"GRANJA MARTINOLI","Type of Animal":"Pigs"},"geometry":{"type":"Point","coordinates":[0.68797,41.717307]}},{"type":"Feature","properties":{"Unique ID":2422,"installationName":"GRANJA VALERNES","Type of Animal":"Pigs"},"geometry":{"type":"Point","coordinates":[1.094813,41.579247]}},{"type":"Feature","properties":{"Unique ID":2423,"installationName":"GRANJA MAS VILELLA DE LA MORA","Type of Animal":"Pigs"},"geometry":{"type":"Point","coordinates":[2.940422,42.104026]}},{"type":"Feature","properties":{"Unique ID":2424,"installationName":"LES COTS","Type of Animal":"Pigs"},"geometry":{"type":"Point","coordinates":[1.769449,41.937354]}},{"type":"Feature","properties":{"Unique ID":2425,"installationName":"GRANJA SALLA","Type of Animal":"Pigs"},"geometry":{"type":"Point","coordinates":[1.823801,41.944362]}},{"type":"Feature","properties":{"Unique ID":2426,"installationName":"GRANJA CID","Type of Animal":"Pigs"},"geometry":{"type":"Point","coordinates":[2.95076,42.310204]}},{"type":"Feature","properties":{"Unique ID":2427,"installationName":"BOSC DEL BARÓ","Type of Animal":"Pigs"},"geometry":{"type":"Point","coordinates":[3.019577,42.053711]}},{"type":"Feature","properties":{"Unique ID":2428,"installationName":"FINCA CAMP DELS FORMICS","Type of Animal":"Pigs"},"geometry":{"type":"Point","coordinates":[3.103959,42.01972]}},{"type":"Feature","properties":{"Unique ID":2429,"installationName":"GRANJA LA VINYA","Type of Animal":"Pigs"},"geometry":{"type":"Point","coordinates":[3.037805,42.020121]}},{"type":"Feature","properties":{"Unique ID":2430,"installationName":"GRANJA ELS PEDRELLS","Type of Animal":"Pigs"},"geometry":{"type":"Point","coordinates":[2.974116,42.349222]}},{"type":"Feature","properties":{"Unique ID":2431,"installationName":"FINCA ALT DEL ROCH","Type of Animal":"Pigs"},"geometry":{"type":"Point","coordinates":[3.062264,42.279532]}},{"type":"Feature","properties":{"Unique ID":2432,"installationName":"LLUCH JOU, MAGÍ","Type of Animal":"Pigs"},"geometry":{"type":"Point","coordinates":[1.080415,41.937564]}},{"type":"Feature","properties":{"Unique ID":2433,"installationName":"ANDRIMNER GENETICA APLICADA SL","Type of Animal":"Pigs"},"geometry":{"type":"Point","coordinates":[0.938055,42.261874]}},{"type":"Feature","properties":{"Unique ID":2434,"installationName":"GRANJA BALCELLS","Type of Animal":"Pigs"},"geometry":{"type":"Point","coordinates":[0.436938,41.456511]}},{"type":"Feature","properties":{"Unique ID":2435,"installationName":"GRANJA TORRES (Verdu)","Type of Animal":"Pigs"},"geometry":{"type":"Point","coordinates":[1.096572,41.606206]}},{"type":"Feature","properties":{"Unique ID":2436,"installationName":"EXPLOTACIONS PORCINES RIU","Type of Animal":"Pigs"},"geometry":{"type":"Point","coordinates":[0.913767,41.672662]}},{"type":"Feature","properties":{"Unique ID":2437,"installationName":"GRANJA VILOBI","Type of Animal":"Pigs"},"geometry":{"type":"Point","coordinates":[2.728876,41.885463]}},{"type":"Feature","properties":{"Unique ID":2438,"installationName":"Agrorufina","Type of Animal":"Pigs"},"geometry":{"type":"Point","coordinates":[0.804897,41.54284]}},{"type":"Feature","properties":{"Unique ID":2439,"installationName":"RIBES GONZALEZ, JESÚS","Type of Animal":"Pigs"},"geometry":{"type":"Point","coordinates":[0.472457,41.595713]}},{"type":"Feature","properties":{"Unique ID":2440,"installationName":"JORDI MORE ANGRILL","Type of Animal":"Pigs"},"geometry":{"type":"Point","coordinates":[0.991832,41.677025]}},{"type":"Feature","properties":{"Unique ID":2441,"installationName":"GRANJA ROVELL DEL SIO","Type of Animal":"Poultry"},"geometry":{"type":"Point","coordinates":[1.205049,41.746879]}},{"type":"Feature","properties":{"Unique ID":2442,"installationName":"GRANJA ALBESA GINES","Type of Animal":"Poultry"},"geometry":{"type":"Point","coordinates":[0.617182,40.777034]}},{"type":"Feature","properties":{"Unique ID":2443,"installationName":"CAN PRAT","Type of Animal":"Pigs"},"geometry":{"type":"Point","coordinates":[2.928946,42.091618]}},{"type":"Feature","properties":{"Unique ID":2444,"installationName":"GRANJA FONTUCA","Type of Animal":"Pigs"},"geometry":{"type":"Point","coordinates":[2.117727,41.768209]}},{"type":"Feature","properties":{"Unique ID":2445,"installationName":"JOSEP MARIA PIJUAN VALL","Type of Animal":"Poultry"},"geometry":{"type":"Point","coordinates":[1.165162,41.744614]}},{"type":"Feature","properties":{"Unique ID":2446,"installationName":"GRANJA ARQUÉS","Type of Animal":"Pigs"},"geometry":{"type":"Point","coordinates":[0.829481,41.531869]}},{"type":"Feature","properties":{"Unique ID":2447,"installationName":"GRANJA VILALTA (Sant Fruitos de Bages)","Type of Animal":"Pigs"},"geometry":{"type":"Point","coordinates":[1.868935,41.746246]}},{"type":"Feature","properties":{"Unique ID":2448,"installationName":"GRANJA JOAN SABATÉ I JOSEFA PIÑOL","Type of Animal":"Pigs"},"geometry":{"type":"Point","coordinates":[0.466427,41.341401]}},{"type":"Feature","properties":{"Unique ID":2449,"installationName":"GANADOS MORELL","Type of Animal":"Pigs"},"geometry":{"type":"Point","coordinates":[1.003041,41.808922]}},{"type":"Feature","properties":{"Unique ID":2450,"installationName":"GRANJA GODIA","Type of Animal":"Pigs"},"geometry":{"type":"Point","coordinates":[0.463418,41.588498]}},{"type":"Feature","properties":{"Unique ID":2451,"installationName":"GRANJA QUER","Type of Animal":"Pigs"},"geometry":{"type":"Point","coordinates":[0.959637,41.768189]}},{"type":"Feature","properties":{"Unique ID":2452,"installationName":"GRANJA JOSEP COLOM","Type of Animal":"Pigs"},"geometry":{"type":"Point","coordinates":[0.839565,41.541453]}},{"type":"Feature","properties":{"Unique ID":2453,"installationName":"Granja Porcino Remolins","Type of Animal":"Pigs"},"geometry":{"type":"Point","coordinates":[0.502619,41.564598]}},{"type":"Feature","properties":{"Unique ID":2454,"installationName":"GRANJA CAPDEVILA","Type of Animal":"Pigs"},"geometry":{"type":"Point","coordinates":[0.792257,41.556018]}},{"type":"Feature","properties":{"Unique ID":2455,"installationName":"GRANJA LA PALLISSA","Type of Animal":"Pigs"},"geometry":{"type":"Point","coordinates":[1.352545,41.321268]}},{"type":"Feature","properties":{"Unique ID":2456,"installationName":"AGROPECUARIA PRAT SL.","Type of Animal":"Pigs"},"geometry":{"type":"Point","coordinates":[1.09381,41.940289]}},{"type":"Feature","properties":{"Unique ID":2457,"installationName":"AGROEBRE","Type of Animal":"Pigs"},"geometry":{"type":"Point","coordinates":[0.773836,41.856097]}},{"type":"Feature","properties":{"Unique ID":2458,"installationName":"ALEGRE TENA, EUGENIO","Type of Animal":"Pigs"},"geometry":{"type":"Point","coordinates":[1.567782,41.281697]}},{"type":"Feature","properties":{"Unique ID":2459,"installationName":"GRANJA AGUILA - 0760BZ","Type of Animal":"Pigs"},"geometry":{"type":"Point","coordinates":[0.798858,41.896269]}},{"type":"Feature","properties":{"Unique ID":2460,"installationName":"GRANJA LES PLANES","Type of Animal":"Pigs"},"geometry":{"type":"Point","coordinates":[2.212633,41.968692]}},{"type":"Feature","properties":{"Unique ID":2461,"installationName":"GRANJA CANELLES","Type of Animal":"Pigs"},"geometry":{"type":"Point","coordinates":[1.925217,42.016122]}},{"type":"Feature","properties":{"Unique ID":2462,"installationName":"CRISTÓBAL MARTOS MARTÍNEZ","Type of Animal":"Pigs"},"geometry":{"type":"Point","coordinates":[-1.404581,37.832566]}},{"type":"Feature","properties":{"Unique ID":2463,"installationName":"JAIRO DE LAMA PLAZA","Type of Animal":"Pigs"},"geometry":{"type":"Point","coordinates":[-3.578833,41.460344]}},{"type":"Feature","properties":{"Unique ID":2464,"installationName":"AGROPECUARIA HERNÁNDEZ GONZÁLEZ,- NAVA DE ARÉVALO","Type of Animal":"Pigs"},"geometry":{"type":"Point","coordinates":[-4.762242,40.998239]}},{"type":"Feature","properties":{"Unique ID":2465,"installationName":"IBERICOGEN, S.L.","Type of Animal":"Pigs"},"geometry":{"type":"Point","coordinates":[-6.119031,40.810078]}},{"type":"Feature","properties":{"Unique ID":2466,"installationName":"VASILICA TATU","Type of Animal":"Pigs"},"geometry":{"type":"Point","coordinates":[-2.883531,41.604428]}},{"type":"Feature","properties":{"Unique ID":2467,"installationName":"GRANJA LA VELA, S.C","Type of Animal":"Pigs"},"geometry":{"type":"Point","coordinates":[-4.051881,41.738469]}},{"type":"Feature","properties":{"Unique ID":2468,"installationName":"JIMÉNEZ DELGADO, S.C.- SANTIAGO DE LA PUEBLA","Type of Animal":"Pigs"},"geometry":{"type":"Point","coordinates":[-5.24025,40.810528]}},{"type":"Feature","properties":{"Unique ID":2469,"installationName":"MARCO POLO COMERCIO, S.L. OLMEDO-LA ZARZA","Type of Animal":"Poultry"},"geometry":{"type":"Point","coordinates":[-4.755383,41.250147]}},{"type":"Feature","properties":{"Unique ID":2470,"installationName":"EDUARDO LÓPEZ MARCOS","Type of Animal":"Pigs"},"geometry":{"type":"Point","coordinates":[-3.660247,42.215981]}},{"type":"Feature","properties":{"Unique ID":2471,"installationName":"EXPLOTACIÓN PORCINA LA NORIA","Type of Animal":"Pigs"},"geometry":{"type":"Point","coordinates":[-2.173453,37.548893]}},{"type":"Feature","properties":{"Unique ID":2472,"installationName":"Granja Lizarán","Type of Animal":"Pigs"},"geometry":{"type":"Point","coordinates":[-2.142624,37.574624]}},{"type":"Feature","properties":{"Unique ID":2473,"installationName":"SALVADOR PAVON SANTOS","Type of Animal":"Poultry"},"geometry":{"type":"Point","coordinates":[-4.749,36.701]}},{"type":"Feature","properties":{"Unique ID":2474,"installationName":"ES222510000008-CERDOS-VILLANUEVA DE SIGENA","Type of Animal":"Pigs"},"geometry":{"type":"Point","coordinates":[-0.014085,41.750224]}},{"type":"Feature","properties":{"Unique ID":2475,"installationName":"ES220520000196-CERDOS-BELVER DE CINCA","Type of Animal":"Pigs"},"geometry":{"type":"Point","coordinates":[0.156365,41.751887]}},{"type":"Feature","properties":{"Unique ID":2476,"installationName":"ES229030000107-CERDOS-SAN MIGUEL DEL CINCA","Type of Animal":"Pigs"},"geometry":{"type":"Point","coordinates":[0.119312,41.801484]}},{"type":"Feature","properties":{"Unique ID":2477,"installationName":"ES222130000163-CERDOS-SARIÑENA","Type of Animal":"Pigs"},"geometry":{"type":"Point","coordinates":[-0.056095,41.825029]}},{"type":"Feature","properties":{"Unique ID":2478,"installationName":"ES220090000013-CERDOS-ALBELDA","Type of Animal":"Pigs"},"geometry":{"type":"Point","coordinates":[0.501627,41.848698]}},{"type":"Feature","properties":{"Unique ID":2479,"installationName":"ES222050000037-CERDOS-SAN ESTEBAN DE LITERA","Type of Animal":"Pigs"},"geometry":{"type":"Point","coordinates":[0.570992,41.877459]}},{"type":"Feature","properties":{"Unique ID":2480,"installationName":"ES229030000106-CERDOS-SAN MIGUEL DEL CINCA","Type of Animal":"Pigs"},"geometry":{"type":"Point","coordinates":[0.096137,41.8253]}},{"type":"Feature","properties":{"Unique ID":2481,"installationName":"ES220770000031-CERDOS-CANDASNOS","Type of Animal":"Pigs"},"geometry":{"type":"Point","coordinates":[0.113833,41.451541]}},{"type":"Feature","properties":{"Unique ID":2482,"installationName":"ES222130000172-CERDOS-SARIÑENA","Type of Animal":"Pigs"},"geometry":{"type":"Point","coordinates":[-0.254569,41.719718]}},{"type":"Feature","properties":{"Unique ID":2483,"installationName":"ES501180000039-CERDOS-GALLUR","Type of Animal":"Pigs"},"geometry":{"type":"Point","coordinates":[-1.333409,41.850814]}},{"type":"Feature","properties":{"Unique ID":2484,"installationName":"ES442510000010-CERDOS-VILLAFRANCA DEL CAMPO","Type of Animal":"Pigs"},"geometry":{"type":"Point","coordinates":[-1.384244,40.703597]}},{"type":"Feature","properties":{"Unique ID":2485,"installationName":"ES222030000851-GALLINAS - SALILLAS)","Type of Animal":"Poultry"},"geometry":{"type":"Point","coordinates":[-0.161761,41.969662]}},{"type":"Feature","properties":{"Unique ID":2486,"installationName":"ES222250000294-CERDOS-TAMARITE DE LITERA","Type of Animal":"Pigs"},"geometry":{"type":"Point","coordinates":[0.390223,41.875575]}},{"type":"Feature","properties":{"Unique ID":2487,"installationName":"ES220170000050-CERDOS-ALCOLEA DE CINCA","Type of Animal":"Pigs"},"geometry":{"type":"Point","coordinates":[0.043041,41.757685]}},{"type":"Feature","properties":{"Unique ID":2488,"installationName":"ES501700000020-CERDOS-MONEGRILLO","Type of Animal":"Pigs"},"geometry":{"type":"Point","coordinates":[-0.387366,41.59693]}},{"type":"Feature","properties":{"Unique ID":2489,"installationName":"ES441220000036-CERDOS-HÍJAR","Type of Animal":"Pigs"},"geometry":{"type":"Point","coordinates":[-0.468619,41.194452]}},{"type":"Feature","properties":{"Unique ID":2490,"installationName":"ES220520000189-CERDOS-BELVER DE CINCA","Type of Animal":"Pigs"},"geometry":{"type":"Point","coordinates":[0.249284,41.701755]}},{"type":"Feature","properties":{"Unique ID":2491,"installationName":"ES222510000005-CERDOS-VILLANUEVA DE SIGENA","Type of Animal":"Pigs"},"geometry":{"type":"Point","coordinates":[0.009035,41.73903]}},{"type":"Feature","properties":{"Unique ID":2492,"installationName":"ES220890000033-CERDOS-CASTILLONROY","Type of Animal":"Pigs"},"geometry":{"type":"Point","coordinates":[0.488312,41.893282]}},{"type":"Feature","properties":{"Unique ID":2493,"installationName":"ES222540000091-CERDOS-ZAIDÍN","Type of Animal":"Pigs"},"geometry":{"type":"Point","coordinates":[0.328721,41.646519]}},{"type":"Feature","properties":{"Unique ID":2494,"installationName":"ES440220000002-CERDOS-ALLOZA","Type of Animal":"Pigs"},"geometry":{"type":"Point","coordinates":[-0.518336,40.922194]}},{"type":"Feature","properties":{"Unique ID":2495,"installationName":"ES220090000195-CERDOS-ALBELDA","Type of Animal":"Pigs"},"geometry":{"type":"Point","coordinates":[0.472665,41.856089]}},{"type":"Feature","properties":{"Unique ID":2496,"installationName":"ES441920000807-GALLINAS-PUEBLA DE VALVERDE (LA)","Type of Animal":"Poultry"},"geometry":{"type":"Point","coordinates":[-0.887872,40.223362]}},{"type":"Feature","properties":{"Unique ID":2497,"installationName":"ES222540000002-CERDOS-ZAIDÍN","Type of Animal":"Pigs"},"geometry":{"type":"Point","coordinates":[0.29172,41.652205]}},{"type":"Feature","properties":{"Unique ID":2498,"installationName":"ES222250000039-CERDOS-TAMARITE DE LITERA","Type of Animal":"Pigs"},"geometry":{"type":"Point","coordinates":[0.443484,41.844281]}},{"type":"Feature","properties":{"Unique ID":2499,"installationName":"JUMAPORC -CENTRO 2","Type of Animal":"Pigs"},"geometry":{"type":"Point","coordinates":[0.525511,41.856837]}},{"type":"Feature","properties":{"Unique ID":2500,"installationName":"ES220160000124-CERDOS-ALCAMPELL","Type of Animal":"Pigs"},"geometry":{"type":"Point","coordinates":[0.478895,41.80794]}},{"type":"Feature","properties":{"Unique ID":2501,"installationName":"ES221160000137-CERDOS-GRAÑÉN","Type of Animal":"Pigs"},"geometry":{"type":"Point","coordinates":[-0.366963,41.90587]}},{"type":"Feature","properties":{"Unique ID":2502,"installationName":"ES222060000020-CERDOS-SANGARRÉN","Type of Animal":"Pigs"},"geometry":{"type":"Point","coordinates":[-0.470158,41.990332]}},{"type":"Feature","properties":{"Unique ID":2503,"installationName":"ES220230000050-CERDOS-ALMUNIENTE","Type of Animal":"Pigs"},"geometry":{"type":"Point","coordinates":[-0.433686,41.917396]}},{"type":"Feature","properties":{"Unique ID":2504,"installationName":"ES221030000014-CERDOS-ESTADILLA","Type of Animal":"Pigs"},"geometry":{"type":"Point","coordinates":[0.222307,42.052538]}},{"type":"Feature","properties":{"Unique ID":2505,"installationName":"ES221120000196-CERDOS-FRAGA","Type of Animal":"Pigs"},"geometry":{"type":"Point","coordinates":[0.237067,41.539777]}},{"type":"Feature","properties":{"Unique ID":2506,"installationName":"ES440400000008-CERDOS-BERGE","Type of Animal":"Pigs"},"geometry":{"type":"Point","coordinates":[-0.444365,40.845837]}},{"type":"Feature","properties":{"Unique ID":2507,"installationName":"ES222250000296-CERDOS-TAMARITE DE LITERA","Type of Animal":"Pigs"},"geometry":{"type":"Point","coordinates":[0.360495,41.822185]}},{"type":"Feature","properties":{"Unique ID":2508,"installationName":"ES501360000009-CERDOS-LÉCERA","Type of Animal":"Pigs"},"geometry":{"type":"Point","coordinates":[-0.714898,41.188932]}},{"type":"Feature","properties":{"Unique ID":2509,"installationName":"ES440220000005-CERDOS-ALLOZA","Type of Animal":"Pigs"},"geometry":{"type":"Point","coordinates":[-0.538327,41.013441]}},{"type":"Feature","properties":{"Unique ID":2510,"installationName":"EXPLOTACION PORCINO CEBO  CASAS DE LAS VENTANAS-LOS PANOCHOS, DIP.TORRECILLA, 2.816 PL","Type of Animal":"Pigs"},"geometry":{"type":"Point","coordinates":[-1.723326,37.637466]}},{"type":"Feature","properties":{"Unique ID":2511,"installationName":"EXPLOTACION PORCINA DE CEBO 4000 PZ. PARAJE CALAVERA Y RAL","Type of Animal":"Pigs"},"geometry":{"type":"Point","coordinates":[-1.413454,37.77343]}},{"type":"Feature","properties":{"Unique ID":2512,"installationName":"Mª JESÚS TOSTÓN CANO","Type of Animal":"Pigs"},"geometry":{"type":"Point","coordinates":[-6.137619,42.154722]}},{"type":"Feature","properties":{"Unique ID":2513,"installationName":"M.ª MERCEDES VENEROS GARCÍA","Type of Animal":"Pigs"},"geometry":{"type":"Point","coordinates":[-4.861261,40.593678]}},{"type":"Feature","properties":{"Unique ID":2514,"installationName":"EXPLOTACIÓN PORCINA ANRE","Type of Animal":"Pigs"},"geometry":{"type":"Point","coordinates":[-3.808814,41.736589]}},{"type":"Feature","properties":{"Unique ID":2515,"installationName":"EL TOBAR DE LANGA, S.L.","Type of Animal":"Pigs"},"geometry":{"type":"Point","coordinates":[-3.382128,41.592292]}},{"type":"Feature","properties":{"Unique ID":2517,"installationName":"AGROPECUARIA MONTECHICO, S.L.","Type of Animal":"Pigs"},"geometry":{"type":"Point","coordinates":[-5.869706,41.013667]}},{"type":"Feature","properties":{"Unique ID":2518,"installationName":"HERGASAN, S.L.","Type of Animal":"Pigs"},"geometry":{"type":"Point","coordinates":[-5.219967,40.857794]}},{"type":"Feature","properties":{"Unique ID":2519,"installationName":"SARA GARCÍA LARA","Type of Animal":"Pigs"},"geometry":{"type":"Point","coordinates":[-3.710178,42.092]}},{"type":"Feature","properties":{"Unique ID":2520,"installationName":"Granja Cotes - Olmedo","Type of Animal":"Pigs"},"geometry":{"type":"Point","coordinates":[-4.755814,41.294828]}},{"type":"Feature","properties":{"Unique ID":2521,"installationName":"SAGILSA GANADERA","Type of Animal":"Pigs"},"geometry":{"type":"Point","coordinates":[-3.962153,41.21965]}},{"type":"Feature","properties":{"Unique ID":2522,"installationName":"BEA Y LOS CABALLEROS","Type of Animal":"Pigs"},"geometry":{"type":"Point","coordinates":[-6.211447,41.838019]}},{"type":"Feature","properties":{"Unique ID":2523,"installationName":"CERDOS DE SALAMANCA-Los Majines","Type of Animal":"Pigs"},"geometry":{"type":"Point","coordinates":[-5.378197,41.078833]}},{"type":"Feature","properties":{"Unique ID":2524,"installationName":"SOCARRA, COOP. V.","Type of Animal":"Pigs"},"geometry":{"type":"Point","coordinates":[-0.055994,40.001751]}},{"type":"Feature","properties":{"Unique ID":2525,"installationName":"ALICIA MARCILLA GARRIDO","Type of Animal":"Pigs"},"geometry":{"type":"Point","coordinates":[-1.92042,42.224184]}},{"type":"Feature","properties":{"Unique ID":2526,"installationName":"ELENA RUIZ ZAPATA","Type of Animal":"Pigs"},"geometry":{"type":"Point","coordinates":[-2.025722,42.31569]}},{"type":"Feature","properties":{"Unique ID":2527,"installationName":"ES441560000001-CERDOS-MONTEAGUDO DEL CASTILLO","Type of Animal":"Pigs"},"geometry":{"type":"Point","coordinates":[-0.814432,40.495363]}},{"type":"Feature","properties":{"Unique ID":2528,"installationName":"ES221100000171-CERDOS-FONZ","Type of Animal":"Pigs"},"geometry":{"type":"Point","coordinates":[0.237373,41.983978]}},{"type":"Feature","properties":{"Unique ID":2529,"installationName":"ES221100000170-CERDOS-FONZ","Type of Animal":"Pigs"},"geometry":{"type":"Point","coordinates":[0.23694,42.017266]}},{"type":"Feature","properties":{"Unique ID":2530,"installationName":"ES500950000338-CERDOS-EJEA DE LOS CABALLEROS","Type of Animal":"Pigs"},"geometry":{"type":"Point","coordinates":[-1.197073,42.178065]}},{"type":"Feature","properties":{"Unique ID":2531,"installationName":"ES500780000012-CERDOS-CASTILISCAR","Type of Animal":"Pigs"},"geometry":{"type":"Point","coordinates":[-1.18,42.2]}},{"type":"Feature","properties":{"Unique ID":2532,"installationName":"S.A.T. VELILLAS - NAVALES","Type of Animal":"Pigs"},"geometry":{"type":"Point","coordinates":[-5.45485,40.753928]}},{"type":"Feature","properties":{"Unique ID":2533,"installationName":"FELIPE MARTÍN GÓMEZ","Type of Animal":"Poultry"},"geometry":{"type":"Point","coordinates":[-4.763494,40.984042]}},{"type":"Feature","properties":{"Unique ID":2534,"installationName":"HÉCTOR GONZALO PIÑA VARAS","Type of Animal":"Pigs"},"geometry":{"type":"Point","coordinates":[-6.239581,40.650133]}},{"type":"Feature","properties":{"Unique ID":2535,"installationName":"GRANJA PAJARES","Type of Animal":"Pigs"},"geometry":{"type":"Point","coordinates":[-4.415006,41.388403]}},{"type":"Feature","properties":{"Unique ID":2536,"installationName":"HERRERO ARÉVALO, S.A.","Type of Animal":"Poultry"},"geometry":{"type":"Point","coordinates":[-4.253531,41.106383]}},{"type":"Feature","properties":{"Unique ID":2537,"installationName":"GONZALO SORIA LÓPEZ - VELILLA DE LA SIERRA","Type of Animal":"Pigs"},"geometry":{"type":"Point","coordinates":[-2.422078,41.810894]}},{"type":"Feature","properties":{"Unique ID":2538,"installationName":"ES500230000023-CERDOS-ALMONACID DE LA CUBA","Type of Animal":"Pigs"},"geometry":{"type":"Point","coordinates":[-0.821411,41.280548]}},{"type":"Feature","properties":{"Unique ID":2539,"installationName":"ES229030000100-CERDOS-SAN MIGUEL DEL CINCA","Type of Animal":"Pigs"},"geometry":{"type":"Point","coordinates":[0.128502,41.851528]}},{"type":"Feature","properties":{"Unique ID":2540,"installationName":"ES220250000142-CERDOS-ALTORRICÓN","Type of Animal":"Pigs"},"geometry":{"type":"Point","coordinates":[0.413107,41.801566]}},{"type":"Feature","properties":{"Unique ID":2541,"installationName":"ES220820000014-CERDOS-CASTEJÓN DEL PUENTE","Type of Animal":"Pigs"},"geometry":{"type":"Point","coordinates":[0.149082,41.984744]}},{"type":"Feature","properties":{"Unique ID":2542,"installationName":"ES229030000091-CERDOS-SAN MIGUEL DE CINCA","Type of Animal":"Pigs"},"geometry":{"type":"Point","coordinates":[0.089583,41.871494]}},{"type":"Feature","properties":{"Unique ID":2543,"installationName":"ES221580000223-CERDOS-MONZON","Type of Animal":"Pigs"},"geometry":{"type":"Point","coordinates":[0.260281,41.90924]}},{"type":"Feature","properties":{"Unique ID":2544,"installationName":"ES440340000033-CERDOS-BAÑÓN","Type of Animal":"Pigs"},"geometry":{"type":"Point","coordinates":[-1.190762,40.839198]}},{"type":"Feature","properties":{"Unique ID":2545,"installationName":"ES440340000034-CERDOS-BAÑÓN","Type of Animal":"Pigs"},"geometry":{"type":"Point","coordinates":[-1.190677,40.839255]}},{"type":"Feature","properties":{"Unique ID":2546,"installationName":"ES229040000054-CERDOS-SOTONERA (LA)","Type of Animal":"Pigs"},"geometry":{"type":"Point","coordinates":[-0.528983,42.259411]}},{"type":"Feature","properties":{"Unique ID":2547,"installationName":"ES221050000017-CERDOS-ESTOPIÑAN","Type of Animal":"Pigs"},"geometry":{"type":"Point","coordinates":[0.561019,41.977869]}},{"type":"Feature","properties":{"Unique ID":2548,"installationName":"ES221050000011-CERDOS-ESTOPIÑÁN","Type of Animal":"Pigs"},"geometry":{"type":"Point","coordinates":[0.489811,41.986905]}},{"type":"Feature","properties":{"Unique ID":2549,"installationName":"GRANJA DE GANADO PORCINO DE CEBO","Type of Animal":"Pigs"},"geometry":{"type":"Point","coordinates":[-1.513172,37.53]}},{"type":"Feature","properties":{"Unique ID":2550,"installationName":"ES440080000815-GALLINAS-ALBALATE DEL ARZOBISPO","Type of Animal":"Poultry"},"geometry":{"type":"Point","coordinates":[-0.52784,41.139684]}},{"type":"Feature","properties":{"Unique ID":2551,"installationName":"ES222540000141-CERDOS-ZAIDIN","Type of Animal":"Pigs"},"geometry":{"type":"Point","coordinates":[0.264938,41.603996]}},{"type":"Feature","properties":{"Unique ID":2552,"installationName":"ES220770000015-CERDOS-CANDASNOS","Type of Animal":"Pigs"},"geometry":{"type":"Point","coordinates":[0.080798,41.499803]}},{"type":"Feature","properties":{"Unique ID":2553,"installationName":"ES229030000102-CERDOS-SAN MIGUEL DEL CINCA","Type of Animal":"Pigs"},"geometry":{"type":"Point","coordinates":[0.047853,41.773056]}},{"type":"Feature","properties":{"Unique ID":2554,"installationName":"GRANJA POZUELO","Type of Animal":"Pigs"},"geometry":{"type":"Point","coordinates":[-6.534486,38.601688]}},{"type":"Feature","properties":{"Unique ID":2555,"installationName":"ES220290000004-CERDOS-ANTILLON","Type of Animal":"Pigs"},"geometry":{"type":"Point","coordinates":[-0.172928,42.005906]}},{"type":"Feature","properties":{"Unique ID":2556,"installationName":"ES220630000020-CERDOS-BISCARRUÉS","Type of Animal":"Pigs"},"geometry":{"type":"Point","coordinates":[-0.744716,42.206555]}},{"type":"Feature","properties":{"Unique ID":2557,"installationName":"ES501190000034-CERDOS-GELSA","Type of Animal":"Pigs"},"geometry":{"type":"Point","coordinates":[-0.433843,41.416824]}},{"type":"Feature","properties":{"Unique ID":2558,"installationName":"ES222350000018-CERDOS-TORRES DE ALCANADRE","Type of Animal":"Pigs"},"geometry":{"type":"Point","coordinates":[-0.11048,41.957348]}},{"type":"Feature","properties":{"Unique ID":2559,"installationName":"EXPLOTACIÓN DE GANADO PORCINO DE CEBO","Type of Animal":"Pigs"},"geometry":{"type":"Point","coordinates":[-1.376815,37.704477]}},{"type":"Feature","properties":{"Unique ID":2560,"installationName":"JOSE ANTONIO DIAZ BELIJAR","Type of Animal":"Pigs"},"geometry":{"type":"Point","coordinates":[-1.505131,37.988725]}},{"type":"Feature","properties":{"Unique ID":2561,"installationName":"FRANCISCO ANDRES MENDOZA DIAZ","Type of Animal":"Pigs"},"geometry":{"type":"Point","coordinates":[-1.246391,37.737801]}},{"type":"Feature","properties":{"Unique ID":2562,"installationName":"LOS PARRILLAS","Type of Animal":"Pigs"},"geometry":{"type":"Point","coordinates":[-1.422935,37.849301]}},{"type":"Feature","properties":{"Unique ID":2563,"installationName":"ES221580000034-CERDOS-MONZÓN","Type of Animal":"Pigs"},"geometry":{"type":"Point","coordinates":[0.201184,41.87564]}},{"type":"Feature","properties":{"Unique ID":2564,"installationName":"ES220250000040-CERDOS-ALTORRICÓN","Type of Animal":"Pigs"},"geometry":{"type":"Point","coordinates":[0.413107,41.801566]}},{"type":"Feature","properties":{"Unique ID":2565,"installationName":"PLA DE PINAR S.L","Type of Animal":"Poultry"},"geometry":{"type":"Point","coordinates":[-0.087572,39.94841]}},{"type":"Feature","properties":{"Unique ID":2566,"installationName":"ES221100000036-CERDOS-FONZ","Type of Animal":"Pigs"},"geometry":{"type":"Point","coordinates":[0.258484,42.009828]}},{"type":"Feature","properties":{"Unique ID":2567,"installationName":"HERMANOS RIBES MARAVILLA, S.C.V.L.","Type of Animal":"Poultry"},"geometry":{"type":"Point","coordinates":[-0.45435,39.120175]}},{"type":"Feature","properties":{"Unique ID":2568,"installationName":"GRANJA FORTUNA, S.L.","Type of Animal":"Poultry"},"geometry":{"type":"Point","coordinates":[-0.711714,39.38976]}},{"type":"Feature","properties":{"Unique ID":2569,"installationName":"ES440990000002-CERDOS-ESCUCHA","Type of Animal":"Pigs"},"geometry":{"type":"Point","coordinates":[-0.811547,40.792806]}},{"type":"Feature","properties":{"Unique ID":2570,"installationName":"LARRAPORC, S.A.","Type of Animal":"Pigs"},"geometry":{"type":"Point","coordinates":[-1.79305,42.51972]}},{"type":"Feature","properties":{"Unique ID":2571,"installationName":"NAVAGESPROY POLLOS (RIBAFORADA)","Type of Animal":"Poultry"},"geometry":{"type":"Point","coordinates":[-1.52833,41.98222]}},{"type":"Feature","properties":{"Unique ID":2572,"installationName":"GRANJA MONTEOLIVETE SL - CABANILLAS","Type of Animal":"Pigs"},"geometry":{"type":"Point","coordinates":[-1.50722,42.06388]}},{"type":"Feature","properties":{"Unique ID":2573,"installationName":"AVICOLA RALUMI SLU","Type of Animal":"Poultry"},"geometry":{"type":"Point","coordinates":[-1.63194,42.24555]}},{"type":"Feature","properties":{"Unique ID":2574,"installationName":"XUNQUEIRA SC","Type of Animal":"Pigs"},"geometry":{"type":"Point","coordinates":[-7.44176,42.86657]}},{"type":"Feature","properties":{"Unique ID":2575,"installationName":"Granja Lizarán","Type of Animal":"Pigs"},"geometry":{"type":"Point","coordinates":[-2.125599,37.563539]}},{"type":"Feature","properties":{"Unique ID":2576,"installationName":"CEBADERO PIQUER Explotacion porcina","Type of Animal":"Pigs"},"geometry":{"type":"Point","coordinates":[-1.734,37.4]}},{"type":"Feature","properties":{"Unique ID":2577,"installationName":" granja porcina intensiva en parcelas 424 y 425 del polígono 8","Type of Animal":"Pigs"},"geometry":{"type":"Point","coordinates":[-3.786,37.113]}},{"type":"Feature","properties":{"Unique ID":2578,"installationName":"COTO COVADONGA NORTE","Type of Animal":"Poultry"},"geometry":{"type":"Point","coordinates":[-7.231,37.366]}},{"type":"Feature","properties":{"Unique ID":2579,"installationName":"Explotación porcina intensiva","Type of Animal":"Pigs"},"geometry":{"type":"Point","coordinates":[-2.895,37.502]}},{"type":"Feature","properties":{"Unique ID":2580,"installationName":"GRANJA RAÜL FLIX","Type of Animal":"Pigs"},"geometry":{"type":"Point","coordinates":[0.70348,41.415622]}},{"type":"Feature","properties":{"Unique ID":2581,"installationName":"GRANJA SERRAROLS","Type of Animal":"Pigs"},"geometry":{"type":"Point","coordinates":[2.062496,42.034663]}},{"type":"Feature","properties":{"Unique ID":2582,"installationName":"GRANJA CIVIT","Type of Animal":"Poultry"},"geometry":{"type":"Point","coordinates":[1.222688,41.905901]}},{"type":"Feature","properties":{"Unique ID":2583,"installationName":"GRANJA PERELLO-GINE","Type of Animal":"Poultry"},"geometry":{"type":"Point","coordinates":[0.9234,41.552248]}},{"type":"Feature","properties":{"Unique ID":2584,"installationName":"GRANGES PRIO","Type of Animal":"Poultry"},"geometry":{"type":"Point","coordinates":[1.249638,41.20324]}},{"type":"Feature","properties":{"Unique ID":2585,"installationName":"TORRE PASCUAL","Type of Animal":"Pigs"},"geometry":{"type":"Point","coordinates":[0.798173,41.747969]}},{"type":"Feature","properties":{"Unique ID":2586,"installationName":"GRANJA SERRABLANCA","Type of Animal":"Pigs"},"geometry":{"type":"Point","coordinates":[2.207617,41.988787]}},{"type":"Feature","properties":{"Unique ID":2587,"installationName":"Granja Nova","Type of Animal":"Pigs"},"geometry":{"type":"Point","coordinates":[0.749608,42.017183]}},{"type":"Feature","properties":{"Unique ID":2588,"installationName":"LES MALLOLES","Type of Animal":"Pigs"},"geometry":{"type":"Point","coordinates":[1.082197,42.097173]}},{"type":"Feature","properties":{"Unique ID":2589,"installationName":"GANADERA VERO","Type of Animal":"Pigs"},"geometry":{"type":"Point","coordinates":[0.523913,40.688148]}},{"type":"Feature","properties":{"Unique ID":2590,"installationName":"RAMADERES FECUSA","Type of Animal":"Pigs"},"geometry":{"type":"Point","coordinates":[0.913385,41.597045]}},{"type":"Feature","properties":{"Unique ID":2591,"installationName":"TREBALLS AGRICOLES VIÑOLAS, SL - 5860AB","Type of Animal":"Pigs"},"geometry":{"type":"Point","coordinates":[1.014121,41.592066]}},{"type":"Feature","properties":{"Unique ID":2592,"installationName":"ESPUNYOLS","Type of Animal":"Pigs"},"geometry":{"type":"Point","coordinates":[0.940426,42.210998]}},{"type":"Feature","properties":{"Unique ID":2593,"installationName":"EL PUJOL (Sant Bartomeu del Grau)","Type of Animal":"Pigs"},"geometry":{"type":"Point","coordinates":[2.174899,41.992778]}},{"type":"Feature","properties":{"Unique ID":2594,"installationName":"GRANJA UPB ESPAÑA","Type of Animal":"Pigs"},"geometry":{"type":"Point","coordinates":[1.844878,41.92325]}},{"type":"Feature","properties":{"Unique ID":2595,"installationName":"Granja Mas de Sant Pere","Type of Animal":"Pigs"},"geometry":{"type":"Point","coordinates":[1.087849,41.563072]}},{"type":"Feature","properties":{"Unique ID":2596,"installationName":"Granja Estopà","Type of Animal":"Pigs"},"geometry":{"type":"Point","coordinates":[0.57956,41.461392]}},{"type":"Feature","properties":{"Unique ID":2597,"installationName":"GRANJA SAURA VALLS","Type of Animal":"Pigs"},"geometry":{"type":"Point","coordinates":[1.123106,41.929624]}},{"type":"Feature","properties":{"Unique ID":2598,"installationName":"CAL DANIEL","Type of Animal":"Pigs"},"geometry":{"type":"Point","coordinates":[1.18812,41.954985]}},{"type":"Feature","properties":{"Unique ID":2599,"installationName":"MOLÍ D´ENFESTA","Type of Animal":"Pigs"},"geometry":{"type":"Point","coordinates":[1.470747,41.779518]}},{"type":"Feature","properties":{"Unique ID":2600,"installationName":"GRANJA MEDA","Type of Animal":"Pigs"},"geometry":{"type":"Point","coordinates":[0.722862,41.829942]}},{"type":"Feature","properties":{"Unique ID":2601,"installationName":"GRANJA VIDAL BARADAT (TRUGES)","Type of Animal":"Pigs"},"geometry":{"type":"Point","coordinates":[0.431257,41.721975]}},{"type":"Feature","properties":{"Unique ID":2602,"installationName":"GRANJA BES PEIG","Type of Animal":"Pigs"},"geometry":{"type":"Point","coordinates":[0.317385,41.126965]}},{"type":"Feature","properties":{"Unique ID":2603,"installationName":"GRANJA SUISJER","Type of Animal":"Pigs"},"geometry":{"type":"Point","coordinates":[1.042979,41.641736]}},{"type":"Feature","properties":{"Unique ID":2604,"installationName":"GRANJA CAN FARRES","Type of Animal":"Pigs"},"geometry":{"type":"Point","coordinates":[1.382889,41.845937]}},{"type":"Feature","properties":{"Unique ID":2605,"installationName":"GRANJA BIOSCA BOSCH","Type of Animal":"Pigs"},"geometry":{"type":"Point","coordinates":[0.748736,41.562073]}},{"type":"Feature","properties":{"Unique ID":2606,"installationName":"AGROPECUARIA PINA MIQUEL","Type of Animal":"Pigs"},"geometry":{"type":"Point","coordinates":[0.971536,41.63169]}},{"type":"Feature","properties":{"Unique ID":2607,"installationName":"GRANJA MASIA PUIG","Type of Animal":"Pigs"},"geometry":{"type":"Point","coordinates":[1.430823,41.883536]}},{"type":"Feature","properties":{"Unique ID":2608,"installationName":"GRANJA BOIX (PORCS)","Type of Animal":"Pigs"},"geometry":{"type":"Point","coordinates":[1.160703,41.885867]}},{"type":"Feature","properties":{"Unique ID":2609,"installationName":"GRANJA SANT JAUME","Type of Animal":"Poultry"},"geometry":{"type":"Point","coordinates":[1.74358,41.48459]}},{"type":"Feature","properties":{"Unique ID":2610,"installationName":"GRANJA SORT DE L´AGUSTI","Type of Animal":"Pigs"},"geometry":{"type":"Point","coordinates":[1.064526,42.143013]}},{"type":"Feature","properties":{"Unique ID":2611,"installationName":"GRANJA OLIVES I SOLE","Type of Animal":"Pigs"},"geometry":{"type":"Point","coordinates":[0.855852,41.845391]}},{"type":"Feature","properties":{"Unique ID":2612,"installationName":"GRANJA ELS MASSOS","Type of Animal":"Pigs"},"geometry":{"type":"Point","coordinates":[0.62682,41.366709]}},{"type":"Feature","properties":{"Unique ID":2613,"installationName":"GRANJA TORRELLES BURBALLA","Type of Animal":"Pigs"},"geometry":{"type":"Point","coordinates":[0.605217,41.708019]}},{"type":"Feature","properties":{"Unique ID":2614,"installationName":"GRANJA CAL BARO","Type of Animal":"Pigs"},"geometry":{"type":"Point","coordinates":[0.944807,41.733412]}},{"type":"Feature","properties":{"Unique ID":2615,"installationName":"GRANJA GASET","Type of Animal":"Pigs"},"geometry":{"type":"Point","coordinates":[1.407857,41.645895]}},{"type":"Feature","properties":{"Unique ID":2616,"installationName":"CLOT DEL POU","Type of Animal":"Pigs"},"geometry":{"type":"Point","coordinates":[1.034026,41.843582]}},{"type":"Feature","properties":{"Unique ID":2617,"installationName":"GRANJA RIERA","Type of Animal":"Pigs"},"geometry":{"type":"Point","coordinates":[1.11492,41.91109]}},{"type":"Feature","properties":{"Unique ID":2618,"installationName":"Cal Romano SCP","Type of Animal":"Pigs"},"geometry":{"type":"Point","coordinates":[0.704313,41.912861]}},{"type":"Feature","properties":{"Unique ID":2619,"installationName":"PADULLES","Type of Animal":"Pigs"},"geometry":{"type":"Point","coordinates":[1.403194,41.878877]}},{"type":"Feature","properties":{"Unique ID":2620,"installationName":"GRANJA JUAN CEBRIÀ","Type of Animal":"Pigs"},"geometry":{"type":"Point","coordinates":[0.558765,41.361718]}},{"type":"Feature","properties":{"Unique ID":2621,"installationName":"GRANJA ELS CAMPASOS","Type of Animal":"Pigs"},"geometry":{"type":"Point","coordinates":[2.006593,41.76891]}},{"type":"Feature","properties":{"Unique ID":2622,"installationName":"SERRA TORREGASSA","Type of Animal":"Pigs"},"geometry":{"type":"Point","coordinates":[1.475149,41.995003]}},{"type":"Feature","properties":{"Unique ID":2623,"installationName":"VERGE DELS SOLERS","Type of Animal":"Pigs"},"geometry":{"type":"Point","coordinates":[1.208021,41.938006]}},{"type":"Feature","properties":{"Unique ID":2624,"installationName":"GRANJA SIURANA","Type of Animal":"Pigs"},"geometry":{"type":"Point","coordinates":[2.996813,42.217405]}},{"type":"Feature","properties":{"Unique ID":2625,"installationName":"GRANJA EL CRÍO, S.L","Type of Animal":"Pigs"},"geometry":{"type":"Point","coordinates":[-3.528597,41.634936]}},{"type":"Feature","properties":{"Unique ID":2626,"installationName":"MANUEL LLORENTE ROMANIEGA","Type of Animal":"Pigs"},"geometry":{"type":"Point","coordinates":[-3.598058,41.696917]}},{"type":"Feature","properties":{"Unique ID":2627,"installationName":"EMILIO JOSÉ PORTELA GARCÍA POL. 43","Type of Animal":"Pigs"},"geometry":{"type":"Point","coordinates":[-3.417869,41.600125]}},{"type":"Feature","properties":{"Unique ID":2628,"installationName":"GUSTAVO MURIEL ORTEGA-GUNIEL DEL MERCADO","Type of Animal":"Pigs"},"geometry":{"type":"Point","coordinates":[-3.745697,41.795528]}},{"type":"Feature","properties":{"Unique ID":2629,"installationName":"MIGUEL SANTIUSTE RUIZ-ROZAS","Type of Animal":"Pigs"},"geometry":{"type":"Point","coordinates":[-3.966703,42.114533]}},{"type":"Feature","properties":{"Unique ID":2630,"installationName":"PROMOPECUARIA 2015, S.L.","Type of Animal":"Pigs"},"geometry":{"type":"Point","coordinates":[-3.744172,41.591803]}},{"type":"Feature","properties":{"Unique ID":2631,"installationName":"DE LA MAZA MARTÍN, S.C.","Type of Animal":"Pigs"},"geometry":{"type":"Point","coordinates":[-3.971747,42.101728]}},{"type":"Feature","properties":{"Unique ID":2632,"installationName":"EXPLOTACIÓN AVÍCOLA DE CEBO","Type of Animal":"Poultry"},"geometry":{"type":"Point","coordinates":[-1.72659,39.3871]}},{"type":"Feature","properties":{"Unique ID":2633,"installationName":"CAYO COLLADO PÉREZ","Type of Animal":"Pigs"},"geometry":{"type":"Point","coordinates":[-1.60882,39.438]}},{"type":"Feature","properties":{"Unique ID":2634,"installationName":"EXPLOTACION PORCINA DE CEBO","Type of Animal":"Pigs"},"geometry":{"type":"Point","coordinates":[-2.06742,39.485]}},{"type":"Feature","properties":{"Unique ID":2635,"installationName":"GRANJA PINILLA S.L.:MEGECES II","Type of Animal":"Poultry"},"geometry":{"type":"Point","coordinates":[-4.572228,41.412533]}},{"type":"Feature","properties":{"Unique ID":2636,"installationName":"FELIPE LLANO MARTÍN","Type of Animal":"Pigs"},"geometry":{"type":"Point","coordinates":[-3.568611,41.838306]}},{"type":"Feature","properties":{"Unique ID":2637,"installationName":"EXPLOTACIONES PORCINAS DEL CEA, S.L.","Type of Animal":"Pigs"},"geometry":{"type":"Point","coordinates":[-5.393683,42.122219]}},{"type":"Feature","properties":{"Unique ID":2638,"installationName":"AGROPECUARIA LA SERROTA - HERREROS DE SUSO","Type of Animal":"Pigs"},"geometry":{"type":"Point","coordinates":[-5.051644,40.819072]}},{"type":"Feature","properties":{"Unique ID":2639,"installationName":"IBERJOCAR, S. COOP.","Type of Animal":"Pigs"},"geometry":{"type":"Point","coordinates":[-5.833944,41.566417]}},{"type":"Feature","properties":{"Unique ID":2640,"installationName":"EUFRASIOS SDAD COOP.","Type of Animal":"Pigs"},"geometry":{"type":"Point","coordinates":[-3.738783,41.990917]}},{"type":"Feature","properties":{"Unique ID":2641,"installationName":"MATANALTA, CTC","Type of Animal":"Pigs"},"geometry":{"type":"Point","coordinates":[-1.996631,41.84005]}},{"type":"Feature","properties":{"Unique ID":2642,"installationName":"GRANJA QUINTANAS DE GORMAZ, S.L.","Type of Animal":"Pigs"},"geometry":{"type":"Point","coordinates":[-2.946806,41.496739]}},{"type":"Feature","properties":{"Unique ID":2643,"installationName":"Agropecuaria Entrepinos - Chañe","Type of Animal":"Pigs"},"geometry":{"type":"Point","coordinates":[-4.405972,41.342581]}},{"type":"Feature","properties":{"Unique ID":2644,"installationName":"ALFREDO RECIO E HIJOS, S.L.","Type of Animal":"Pigs"},"geometry":{"type":"Point","coordinates":[-4.332194,41.631417]}},{"type":"Feature","properties":{"Unique ID":2645,"installationName":"MARTACHA, S.L.","Type of Animal":"Poultry"},"geometry":{"type":"Point","coordinates":[-4.771056,41.421861]}},{"type":"Feature","properties":{"Unique ID":2646,"installationName":"FRANCISCO JAVIER RODRIGUEZ CARBALLO - ROYUELA DE RÍO FRANCO","Type of Animal":"Pigs"},"geometry":{"type":"Point","coordinates":[-3.960469,42.012972]}},{"type":"Feature","properties":{"Unique ID":2647,"installationName":"MAIALE TEJARES, S.L.  - MADRES","Type of Animal":"Pigs"},"geometry":{"type":"Point","coordinates":[-3.840547,41.417294]}},{"type":"Feature","properties":{"Unique ID":2648,"installationName":"JUAN ÁNGEL MARTÍN RODRÍGUEZ","Type of Animal":"Pigs"},"geometry":{"type":"Point","coordinates":[-4.823861,40.936583]}},{"type":"Feature","properties":{"Unique ID":2649,"installationName":"LOS PIAZOS DE CHAGARCÍA MEDIANERO, S.A.T.,","Type of Animal":"Pigs"},"geometry":{"type":"Point","coordinates":[-5.190528,40.866083]}},{"type":"Feature","properties":{"Unique ID":2650,"installationName":"Construcciones Rústicas Óscar Sanz - parcela 453,454","Type of Animal":"Pigs"},"geometry":{"type":"Point","coordinates":[-3.281444,41.352]}},{"type":"Feature","properties":{"Unique ID":2651,"installationName":"Blanco Ganadería Porcina","Type of Animal":"Pigs"},"geometry":{"type":"Point","coordinates":[-2.896189,41.383956]}},{"type":"Feature","properties":{"Unique ID":2652,"installationName":"AINMOGAN-1, S.L.","Type of Animal":"Pigs"},"geometry":{"type":"Point","coordinates":[-6.578014,40.836875]}},{"type":"Feature","properties":{"Unique ID":2653,"installationName":"GENOVEVA FERNÁNDEZ GARCÍA","Type of Animal":"Pigs"},"geometry":{"type":"Point","coordinates":[-3.406894,41.706856]}},{"type":"Feature","properties":{"Unique ID":2654,"installationName":"MIGUEL ÁNGEL CASADO ÁLAMO","Type of Animal":"Pigs"},"geometry":{"type":"Point","coordinates":[-3.778769,42.052619]}},{"type":"Feature","properties":{"Unique ID":2655,"installationName":"AGROPCUARIA IZCALA, S.L.","Type of Animal":"Pigs"},"geometry":{"type":"Point","coordinates":[-5.717042,41.22706]}},{"type":"Feature","properties":{"Unique ID":2656,"installationName":"FINCA LA SERRADILLA, S.L.U.","Type of Animal":"Pigs"},"geometry":{"type":"Point","coordinates":[-5.517311,40.598158]}},{"type":"Feature","properties":{"Unique ID":2657,"installationName":"HÉCTOR VELASCO DEL RÍO","Type of Animal":"Pigs"},"geometry":{"type":"Point","coordinates":[-5.730014,41.864372]}},{"type":"Feature","properties":{"Unique ID":2658,"installationName":"FERMÍN RAMOS, S.A.","Type of Animal":"Pigs"},"geometry":{"type":"Point","coordinates":[-5.408867,40.794986]}},{"type":"Feature","properties":{"Unique ID":2659,"installationName":"JOSÉ CAMARERO MARTÍNEZ","Type of Animal":"Poultry"},"geometry":{"type":"Point","coordinates":[-3.435131,41.967472]}},{"type":"Feature","properties":{"Unique ID":2660,"installationName":"HUEVOS LEÓN - GRANJA MALILLOS","Type of Animal":"Poultry"},"geometry":{"type":"Point","coordinates":[-5.413333,42.440661]}},{"type":"Feature","properties":{"Unique ID":2661,"installationName":"MARTÍN FERNÁNDEZ, S.C.P.","Type of Animal":"Pigs"},"geometry":{"type":"Point","coordinates":[-4.169,41.7601]}},{"type":"Feature","properties":{"Unique ID":2662,"installationName":"ENRIQUE DE ANDRÉS PÉREZ","Type of Animal":"Pigs"},"geometry":{"type":"Point","coordinates":[-4.28725,40.893494]}},{"type":"Feature","properties":{"Unique ID":2663,"installationName":"LOS ALMENDROS C.B. ","Type of Animal":"Pigs"},"geometry":{"type":"Point","coordinates":[-5.630056,41.936853]}},{"type":"Feature","properties":{"Unique ID":2664,"installationName":"EVA MARÍA GONZÁLEZ GARCÍA","Type of Animal":"Pigs"},"geometry":{"type":"Point","coordinates":[-5.769381,41.600389]}},{"type":"Feature","properties":{"Unique ID":2665,"installationName":"PRADO PERAL, S.L.","Type of Animal":"Pigs"},"geometry":{"type":"Point","coordinates":[-4.343922,41.245878]}},{"type":"Feature","properties":{"Unique ID":2666,"installationName":"ES CAPARO","Type of Animal":"Poultry"},"geometry":{"type":"Point","coordinates":[3.209532,39.569717]}},{"type":"Feature","properties":{"Unique ID":2667,"installationName":"ES221240000021-HUERTO","Type of Animal":"Pigs"},"geometry":{"type":"Point","coordinates":[-0.167642,41.931307]}},{"type":"Feature","properties":{"Unique ID":2668,"installationName":"FERNANDO MARCILLA GARRIDO","Type of Animal":"Pigs"},"geometry":{"type":"Point","coordinates":[-1.873105,42.2053]}},{"type":"Feature","properties":{"Unique ID":2669,"installationName":"ES222290000039-TOLVA","Type of Animal":"Pigs"},"geometry":{"type":"Point","coordinates":[0.577303,42.155714]}},{"type":"Feature","properties":{"Unique ID":2670,"installationName":"ES220170000054-ALCOLEA DE CINCA","Type of Animal":"Pigs"},"geometry":{"type":"Point","coordinates":[0.052194,41.720057]}},{"type":"Feature","properties":{"Unique ID":2671,"installationName":"ES220640000023-BLECUA Y TORRES","Type of Animal":"Pigs"},"geometry":{"type":"Point","coordinates":[-0.220251,42.056527]}},{"type":"Feature","properties":{"Unique ID":2672,"installationName":"ES502300000045-SÁDABA","Type of Animal":"Pigs"},"geometry":{"type":"Point","coordinates":[-1.366537,42.262055]}},{"type":"Feature","properties":{"Unique ID":2673,"installationName":"ES222260000010-TARDIENTA","Type of Animal":"Pigs"},"geometry":{"type":"Point","coordinates":[0.335109,41.585938]}},{"type":"Feature","properties":{"Unique ID":2674,"installationName":"ES441180000813-GINEBROSA (LA)","Type of Animal":"Poultry"},"geometry":{"type":"Point","coordinates":[-0.134581,40.870513]}},{"type":"Feature","properties":{"Unique ID":2675,"installationName":"ES221160000136-GRAÑÉN","Type of Animal":"Pigs"},"geometry":{"type":"Point","coordinates":[-0.380699,41.846978]}},{"type":"Feature","properties":{"Unique ID":2676,"installationName":"ES220870000012-CASTIGALEU","Type of Animal":"Pigs"},"geometry":{"type":"Point","coordinates":[0.57943,42.203796]}},{"type":"Feature","properties":{"Unique ID":2677,"installationName":"ES221840000035-POLEÑINO","Type of Animal":"Pigs"},"geometry":{"type":"Point","coordinates":[-0.309565,41.870215]}},{"type":"Feature","properties":{"Unique ID":2678,"installationName":"ES220630000022-BISCARRUÉS","Type of Animal":"Pigs"},"geometry":{"type":"Point","coordinates":[-0.752687,42.228234]}},{"type":"Feature","properties":{"Unique ID":2679,"installationName":"ES440130000043-ALCAÑIZ-CALANDA","Type of Animal":"Pigs"},"geometry":{"type":"Point","coordinates":[-0.133537,41.051035]}},{"type":"Feature","properties":{"Unique ID":2680,"installationName":"ES442320000102-TORRIJO DEL CAMPO","Type of Animal":"Pigs"},"geometry":{"type":"Point","coordinates":[-1.340898,40.823314]}},{"type":"Feature","properties":{"Unique ID":2681,"installationName":"ES440440000011-BORDÓN","Type of Animal":"Pigs"},"geometry":{"type":"Point","coordinates":[-0.321905,40.686252]}},{"type":"Feature","properties":{"Unique ID":2682,"installationName":"ES442610000130-VILLARQUEMADO","Type of Animal":"Pigs"},"geometry":{"type":"Point","coordinates":[-1.263832,40.517275]}},{"type":"Feature","properties":{"Unique ID":2683,"installationName":"ES221580000175-MONZÓN","Type of Animal":"Pigs"},"geometry":{"type":"Point","coordinates":[0.192822,41.915765]}},{"type":"Feature","properties":{"Unique ID":2684,"installationName":"ES222250000298-TAMARITE DE LITERA","Type of Animal":"Pigs"},"geometry":{"type":"Point","coordinates":[0.421355,41.867377]}},{"type":"Feature","properties":{"Unique ID":2685,"installationName":"ES220630000021-BISCARRUÉS","Type of Animal":"Pigs"},"geometry":{"type":"Point","coordinates":[0.443667,42.103219]}},{"type":"Feature","properties":{"Unique ID":2686,"installationName":"ES220800000091-CERDOS-CAPELLA","Type of Animal":"Pigs"},"geometry":{"type":"Point","coordinates":[0.482212,42.199641]}},{"type":"Feature","properties":{"Unique ID":2687,"installationName":"ES440500000005-CALAMOCHA","Type of Animal":"Pigs"},"geometry":{"type":"Point","coordinates":[-1.333065,40.884716]}},{"type":"Feature","properties":{"Unique ID":2688,"installationName":"CÉSAR CORCHÓN LÓPEZ","Type of Animal":"Pigs"},"geometry":{"type":"Point","coordinates":[-2.172583,41.770894]}},{"type":"Feature","properties":{"Unique ID":2689,"installationName":"ARCOS DE JALÓN GESTIÓN S.L.","Type of Animal":"Poultry"},"geometry":{"type":"Point","coordinates":[-2.204694,41.241]}},{"type":"Feature","properties":{"Unique ID":2690,"installationName":"AGROPECUARIA MONTELOBOS, S.L.","Type of Animal":"Pigs"},"geometry":{"type":"Point","coordinates":[-3.641872,41.862656]}},{"type":"Feature","properties":{"Unique ID":2691,"installationName":"MUÑOZ HERRERO A.J.M. S.L.","Type of Animal":"Pigs"},"geometry":{"type":"Point","coordinates":[-4.471736,41.324347]}},{"type":"Feature","properties":{"Unique ID":2692,"installationName":"HERMANOS BECERRA ALEJANO","Type of Animal":"Pigs"},"geometry":{"type":"Point","coordinates":[-5.523072,41.195944]}},{"type":"Feature","properties":{"Unique ID":2693,"installationName":"GANADERÍA CASASECA 2010 VILLAR DE GAMAZO.","Type of Animal":"Pigs"},"geometry":{"type":"Point","coordinates":[-5.297494,40.966219]}},{"type":"Feature","properties":{"Unique ID":2694,"installationName":"TESO ALTO TITULARIDAD COMPARTIDA DE EXPLOTACIÓN AGRARIA","Type of Animal":"Pigs"},"geometry":{"type":"Point","coordinates":[-5.855225,41.166183]}},{"type":"Feature","properties":{"Unique ID":2695,"installationName":"EXPLOTACIONES PORCINAS MARSAMAR-SAN CEBRIAN DE CASTRO","Type of Animal":"Pigs"},"geometry":{"type":"Point","coordinates":[-5.794572,41.758208]}},{"type":"Feature","properties":{"Unique ID":2696,"installationName":"GERMÁN TABERNERO GARRIDO","Type of Animal":"Pigs"},"geometry":{"type":"Point","coordinates":[-2.422136,41.396144]}},{"type":"Feature","properties":{"Unique ID":2697,"installationName":"GANADERA LOS TERRAZOS, S.C.","Type of Animal":"Pigs"},"geometry":{"type":"Point","coordinates":[-4.397214,41.467181]}},{"type":"Feature","properties":{"Unique ID":2698,"installationName":"ÁLVARO MORENO MOLINA","Type of Animal":"Pigs"},"geometry":{"type":"Point","coordinates":[-2.692203,41.480556]}},{"type":"Feature","properties":{"Unique ID":2700,"installationName":"MANJOSIL CABEZUELA PARCELAS 62,63","Type of Animal":"Pigs"},"geometry":{"type":"Point","coordinates":[-3.901425,41.234944]}},{"type":"Feature","properties":{"Unique ID":2701,"installationName":"ES220430000013-CERDOS-BAELLS","Type of Animal":"Pigs"},"geometry":{"type":"Point","coordinates":[0.492576,41.926149]}},{"type":"Feature","properties":{"Unique ID":2702,"installationName":"ES220550000015-BERBEGAL","Type of Animal":"Pigs"},"geometry":{"type":"Point","coordinates":[-0.034098,41.929982]}},{"type":"Feature","properties":{"Unique ID":2703,"installationName":"ES220230000020-ALMUNIENTE","Type of Animal":"Pigs"},"geometry":{"type":"Point","coordinates":[-0.409129,41.920852]}},{"type":"Feature","properties":{"Unique ID":2704,"installationName":"ES220010000032-ABIEGO","Type of Animal":"Pigs"},"geometry":{"type":"Point","coordinates":[-0.0766,42.104]}},{"type":"Feature","properties":{"Unique ID":2705,"installationName":"ES442460000093-VALDERROBRES","Type of Animal":"Pigs"},"geometry":{"type":"Point","coordinates":[0.196071,40.899273]}},{"type":"Feature","properties":{"Unique ID":2706,"installationName":"ES221490000853-LOARRE","Type of Animal":"Poultry"},"geometry":{"type":"Point","coordinates":[-0.626784,42.286231]}},{"type":"Feature","properties":{"Unique ID":2707,"installationName":"ES222130000181-SARIÑENA","Type of Animal":"Pigs"},"geometry":{"type":"Point","coordinates":[-0.236229,41.721746]}},{"type":"Feature","properties":{"Unique ID":2708,"installationName":"ES221740000077-PERALTA DE ALCOFEA","Type of Animal":"Pigs"},"geometry":{"type":"Point","coordinates":[0.41272,41.523948]}},{"type":"Feature","properties":{"Unique ID":2709,"installationName":"ES221490000036-LOARRE","Type of Animal":"Pigs"},"geometry":{"type":"Point","coordinates":[0.374735,42.175962]}},{"type":"Feature","properties":{"Unique ID":2710,"installationName":"ES222260000008-TARDIENTA","Type of Animal":"Pigs"},"geometry":{"type":"Point","coordinates":[0.33805,41.5817]}},{"type":"Feature","properties":{"Unique ID":2711,"installationName":"ES221370000133-LANAJA","Type of Animal":"Pigs"},"geometry":{"type":"Point","coordinates":[0.20446,41.441121]}},{"type":"Feature","properties":{"Unique ID":2712,"installationName":"ES500590000050-BUJARALOZ","Type of Animal":"Pigs"},"geometry":{"type":"Point","coordinates":[-0.186754,41.459302]}},{"type":"Feature","properties":{"Unique ID":2713,"installationName":"ES220360000009-ARGAVIESO","Type of Animal":"Pigs"},"geometry":{"type":"Point","coordinates":[-0.300226,42.054916]}},{"type":"Feature","properties":{"Unique ID":2714,"installationName":"ES440080000025-ALBALATE DEL ARZOBISPO","Type of Animal":"Pigs"},"geometry":{"type":"Point","coordinates":[-0.512788,41.120124]}},{"type":"Feature","properties":{"Unique ID":2715,"installationName":"LAUREANA MARTIN","Type of Animal":"Poultry"},"geometry":{"type":"Point","coordinates":[-6.385402,38.29922]}},{"type":"Feature","properties":{"Unique ID":2716,"installationName":"ES441120000049-FUENTES CLARAS","Type of Animal":"Pigs"},"geometry":{"type":"Point","coordinates":[-1.319811,40.863385]}},{"type":"Feature","properties":{"Unique ID":2717,"installationName":"ES221360000160-LALUEZA","Type of Animal":"Pigs"},"geometry":{"type":"Point","coordinates":[-0.214462,41.858808]}},{"type":"Feature","properties":{"Unique ID":2718,"installationName":"ES502520000164-TAUSTE","Type of Animal":"Pigs"},"geometry":{"type":"Point","coordinates":[-1.307039,42.007392]}},{"type":"Feature","properties":{"Unique ID":2719,"installationName":"ES501190000035-GELSA","Type of Animal":"Pigs"},"geometry":{"type":"Point","coordinates":[-0.430655,41.436825]}},{"type":"Feature","properties":{"Unique ID":2720,"installationName":"ES220290000003-ANTILLÓN","Type of Animal":"Pigs"},"geometry":{"type":"Point","coordinates":[-0.177595,42.028552]}},{"type":"Feature","properties":{"Unique ID":2721,"installationName":"EXPLOTACIÓN PORCINA EL PUERTECICO","Type of Animal":"Pigs"},"geometry":{"type":"Point","coordinates":[-1.218441,37.770301]}},{"type":"Feature","properties":{"Unique ID":2722,"installationName":"ES220230000013-ALMUNIENTE","Type of Animal":"Pigs"},"geometry":{"type":"Point","coordinates":[-0.453601,41.905439]}},{"type":"Feature","properties":{"Unique ID":2723,"installationName":"PEDRO GUERRA CASTILLEJO","Type of Animal":"Pigs"},"geometry":{"type":"Point","coordinates":[-1.726,42.402]}},{"type":"Feature","properties":{"Unique ID":2724,"installationName":"SC IBAÑEZ MUGICA MIREN Y LANA MARQUINEZ RAMON - SORLADA","Type of Animal":"Pigs"},"geometry":{"type":"Point","coordinates":[-2.233,42.618]}},{"type":"Feature","properties":{"Unique ID":2725,"installationName":"MASO SC - OLITE","Type of Animal":"Pigs"},"geometry":{"type":"Point","coordinates":[-1.645,42.447]}},{"type":"Feature","properties":{"Unique ID":2726,"installationName":"ES222130000144-SARIÑENA","Type of Animal":"Pigs"},"geometry":{"type":"Point","coordinates":[-0.250038,41.694193]}},{"type":"Feature","properties":{"Unique ID":2727,"installationName":"ES220610000040-BINÉFAR","Type of Animal":"Pigs"},"geometry":{"type":"Point","coordinates":[0.296054,41.84852]}},{"type":"Feature","properties":{"Unique ID":2728,"installationName":"ES222060000003-SANGARRÉN","Type of Animal":"Pigs"},"geometry":{"type":"Point","coordinates":[-0.433141,42.01859]}},{"type":"Feature","properties":{"Unique ID":2729,"installationName":"ES220180000042-ALCUBIERRE","Type of Animal":"Pigs"},"geometry":{"type":"Point","coordinates":[-0.46911,41.779594]}},{"type":"Feature","properties":{"Unique ID":2730,"installationName":"S.C MADURGA CALAHORRA, DIEGO Y MADURGA CHIVITE, ALBERTO","Type of Animal":"Poultry"},"geometry":{"type":"Point","coordinates":[-1.7823,42.08]}},{"type":"Feature","properties":{"Unique ID":2731,"installationName":"DANIEL SAYAS OSTA - BUÑUEL","Type of Animal":"Pigs"},"geometry":{"type":"Point","coordinates":[-1.4694,41.9806]}},{"type":"Feature","properties":{"Unique ID":2732,"installationName":"NICOLÁS GIL BLANCO, S.L.","Type of Animal":"Pigs"},"geometry":{"type":"Point","coordinates":[-5.662778,40.676111]}},{"type":"Feature","properties":{"Unique ID":2733,"installationName":"AGROPECUARIA CARMELDO, S.L.-VALDECARROS","Type of Animal":"Pigs"},"geometry":{"type":"Point","coordinates":[-5.421019,40.763094]}},{"type":"Feature","properties":{"Unique ID":2734,"installationName":"C.B. HOYUELOS","Type of Animal":"Pigs"},"geometry":{"type":"Point","coordinates":[-4.494228,41.008933]}},{"type":"Feature","properties":{"Unique ID":2735,"installationName":"GRANJA LUÍS BAEZA S.L.: VALLELADO (CEBO)","Type of Animal":"Pigs"},"geometry":{"type":"Point","coordinates":[-4.440264,41.410625]}},{"type":"Feature","properties":{"Unique ID":2736,"installationName":"IBER-SALAMANCA S.L.","Type of Animal":"Pigs"},"geometry":{"type":"Point","coordinates":[-5.458986,40.724917]}},{"type":"Feature","properties":{"Unique ID":2737,"installationName":"EXPLOTACIONES RUBIO LASHERAS SL- CANTERA","Type of Animal":"Pigs"},"geometry":{"type":"Point","coordinates":[-1.950667,41.879786]}},{"type":"Feature","properties":{"Unique ID":2738,"installationName":"ES221970000073-ROBRES","Type of Animal":"Pigs"},"geometry":{"type":"Point","coordinates":[-0.460852,41.867847]}},{"type":"Feature","properties":{"Unique ID":2739,"installationName":"ES222200000023-SESA","Type of Animal":"Pigs"},"geometry":{"type":"Point","coordinates":[-0.24499,41.995615]}},{"type":"Feature","properties":{"Unique ID":2740,"installationName":"ES222220000021-SIÉTAMO","Type of Animal":"Pigs"},"geometry":{"type":"Point","coordinates":[-0.261876,42.120843]}},{"type":"Feature","properties":{"Unique ID":2741,"installationName":"ES222320000002-TORRALBA DE ARAGÓN","Type of Animal":"Pigs"},"geometry":{"type":"Point","coordinates":[-0.510721,41.934328]}},{"type":"Feature","properties":{"Unique ID":2742,"installationName":"AVICOLA DE XUNQUEIRA","Type of Animal":"Poultry"},"geometry":{"type":"Point","coordinates":[-7.62792,42.32032]}},{"type":"Feature","properties":{"Unique ID":2743,"installationName":"ES221050000800-ESTOPIÑÁN DEL CASTILLO","Type of Animal":"Poultry"},"geometry":{"type":"Point","coordinates":[0.494337,41.976388]}},{"type":"Feature","properties":{"Unique ID":2744,"installationName":"ES222030000016-SALILLAS","Type of Animal":"Pigs"},"geometry":{"type":"Point","coordinates":[-0.223587,41.993491]}},{"type":"Feature","properties":{"Unique ID":2745,"installationName":"PERE LLIRÓ LLEIDA","Type of Animal":"Pigs"},"geometry":{"type":"Point","coordinates":[0.64593,41.812794]}},{"type":"Feature","properties":{"Unique ID":2746,"installationName":"GRANJA CASANOVA DEL PLA","Type of Animal":"Pigs"},"geometry":{"type":"Point","coordinates":[2.176989,41.948447]}},{"type":"Feature","properties":{"Unique ID":2747,"installationName":"GRANGES ARMENGOL 2","Type of Animal":"Pigs"},"geometry":{"type":"Point","coordinates":[0.67442,41.778663]}},{"type":"Feature","properties":{"Unique ID":2748,"installationName":"BOSC DEL BARÓ - Secció A","Type of Animal":"Pigs"},"geometry":{"type":"Point","coordinates":[3.014441,42.055626]}},{"type":"Feature","properties":{"Unique ID":2749,"installationName":"GRANJA DUOCASTELLA","Type of Animal":"Pigs"},"geometry":{"type":"Point","coordinates":[1.404669,41.721012]}},{"type":"Feature","properties":{"Unique ID":2750,"installationName":"MIGUEL ÁNGEL BRINGOLA SALLÁN","Type of Animal":"Pigs"},"geometry":{"type":"Point","coordinates":[0.775529,41.610527]}},{"type":"Feature","properties":{"Unique ID":2752,"installationName":"GRANJA ISIDRÓ","Type of Animal":"Pigs"},"geometry":{"type":"Point","coordinates":[1.750783,42.024092]}},{"type":"Feature","properties":{"Unique ID":2753,"installationName":"Granja Rovira-3","Type of Animal":"Pigs"},"geometry":{"type":"Point","coordinates":[1.961912,41.859024]}},{"type":"Feature","properties":{"Unique ID":2754,"installationName":"CAN FORMIGA","Type of Animal":"Pigs"},"geometry":{"type":"Point","coordinates":[2.740131,41.907195]}},{"type":"Feature","properties":{"Unique ID":2755,"installationName":"INPORBA 2009 (Antiga GRANJA LES COMES)","Type of Animal":"Pigs"},"geometry":{"type":"Point","coordinates":[1.131773,41.403148]}},{"type":"Feature","properties":{"Unique ID":2756,"installationName":"GRANJA DOMÈNECH","Type of Animal":"Pigs"},"geometry":{"type":"Point","coordinates":[2.180127,42.181441]}},{"type":"Feature","properties":{"Unique ID":2757,"installationName":"GRANJA JORDÀ","Type of Animal":"Pigs"},"geometry":{"type":"Point","coordinates":[3.032136,42.227649]}},{"type":"Feature","properties":{"Unique ID":2758,"installationName":"GRANJA FREIXES","Type of Animal":"Pigs"},"geometry":{"type":"Point","coordinates":[0.745582,41.886922]}},{"type":"Feature","properties":{"Unique ID":2759,"installationName":"CAMP DEL MIRACLET","Type of Animal":"Pigs"},"geometry":{"type":"Point","coordinates":[2.892366,42.292449]}},{"type":"Feature","properties":{"Unique ID":2760,"installationName":"GRANJA CAPDEVILA","Type of Animal":"Pigs"},"geometry":{"type":"Point","coordinates":[1.027651,41.551157]}},{"type":"Feature","properties":{"Unique ID":2761,"installationName":"GRANJA ROVELLO","Type of Animal":"Pigs"},"geometry":{"type":"Point","coordinates":[2.305461,42.02243]}},{"type":"Feature","properties":{"Unique ID":2762,"installationName":"GRANJA DOLCET TARRAGÓ","Type of Animal":"Pigs"},"geometry":{"type":"Point","coordinates":[0.417643,41.610381]}},{"type":"Feature","properties":{"Unique ID":2763,"installationName":"MAS CASETA D´EN GRAU","Type of Animal":"Pigs"},"geometry":{"type":"Point","coordinates":[2.301122,41.922205]}},{"type":"Feature","properties":{"Unique ID":2764,"installationName":"VALLOPARDA","Type of Animal":"Pigs"},"geometry":{"type":"Point","coordinates":[2.710361,41.714735]}},{"type":"Feature","properties":{"Unique ID":2765,"installationName":"Cant d´Orgues","Type of Animal":"Pigs"},"geometry":{"type":"Point","coordinates":[0.922544,41.108347]}},{"type":"Feature","properties":{"Unique ID":2766,"installationName":"AVICOLA FILELLA, S.L.U.","Type of Animal":"Poultry"},"geometry":{"type":"Point","coordinates":[0.609168,41.465668]}},{"type":"Feature","properties":{"Unique ID":2767,"installationName":"GRANJA GENSANA PORCS","Type of Animal":"Pigs"},"geometry":{"type":"Point","coordinates":[0.689204,41.783122]}},{"type":"Feature","properties":{"Unique ID":2768,"installationName":"GRANJA MARSÀ","Type of Animal":"Pigs"},"geometry":{"type":"Point","coordinates":[1.191515,41.740182]}},{"type":"Feature","properties":{"Unique ID":2769,"installationName":"David Gil Martinez","Type of Animal":"Pigs"},"geometry":{"type":"Point","coordinates":[0.411774,41.736839]}},{"type":"Feature","properties":{"Unique ID":2770,"installationName":"GRANJA BOVERA","Type of Animal":"Pigs"},"geometry":{"type":"Point","coordinates":[1.166158,41.582614]}},{"type":"Feature","properties":{"Unique ID":2771,"installationName":"GRANJA ANTONIJUAN","Type of Animal":"Pigs"},"geometry":{"type":"Point","coordinates":[1.023767,41.824285]}},{"type":"Feature","properties":{"Unique ID":2772,"installationName":"GRANJA PRATS","Type of Animal":"Pigs"},"geometry":{"type":"Point","coordinates":[0.585481,41.433812]}},{"type":"Feature","properties":{"Unique ID":2773,"installationName":"TORRE MONTROIG","Type of Animal":"Pigs"},"geometry":{"type":"Point","coordinates":[0.510634,41.776985]}},{"type":"Feature","properties":{"Unique ID":2774,"installationName":"GRANJA RAFAEL","Type of Animal":"Pigs"},"geometry":{"type":"Point","coordinates":[0.367998,41.687022]}},{"type":"Feature","properties":{"Unique ID":2775,"installationName":"EXPLOTACIO PORCINA VINYES DEL MIG","Type of Animal":"Pigs"},"geometry":{"type":"Point","coordinates":[0.755555,41.657017]}},{"type":"Feature","properties":{"Unique ID":2776,"installationName":"MAS EL POQUÍ","Type of Animal":"Pigs"},"geometry":{"type":"Point","coordinates":[2.269997,42.007647]}},{"type":"Feature","properties":{"Unique ID":2777,"installationName":"INSTALACION DE GRANJA PORCINA","Type of Animal":"Pigs"},"geometry":{"type":"Point","coordinates":[-1.74556,39.4897]}},{"type":"Feature","properties":{"Unique ID":2778,"installationName":"EXPLOTACIÓN AVÍCOLA EL CONVENTUAL S.L.","Type of Animal":"Poultry"},"geometry":{"type":"Point","coordinates":[-1.74278,39.4819]}},{"type":"Feature","properties":{"Unique ID":2779,"installationName":"RUBÉN GARCÍA BONILLA","Type of Animal":"Pigs"},"geometry":{"type":"Point","coordinates":[-4.69806,39.9639]}},{"type":"Feature","properties":{"Unique ID":2780,"installationName":"ANGEL JESÚS MARTÍN BONILLA","Type of Animal":"Pigs"},"geometry":{"type":"Point","coordinates":[-4.63722,39.9375]}},{"type":"Feature","properties":{"Unique ID":2781,"installationName":"ANASTASIO SEVILLA CANO","Type of Animal":"Pigs"},"geometry":{"type":"Point","coordinates":[-3.5169,39.446]}},{"type":"Feature","properties":{"Unique ID":2782,"installationName":"ES229030000087-SAN MIGUEL DEL CINCA","Type of Animal":"Pigs"},"geometry":{"type":"Point","coordinates":[0.12811,41.852652]}},{"type":"Feature","properties":{"Unique ID":2783,"installationName":"ES222280000021-TIERZ","Type of Animal":"Pigs"},"geometry":{"type":"Point","coordinates":[-0.362563,42.121392]}},{"type":"Feature","properties":{"Unique ID":2784,"installationName":"ES222540000821-ZAIDÍN","Type of Animal":"Poultry"},"geometry":{"type":"Point","coordinates":[0.263385,41.604457]}},{"type":"Feature","properties":{"Unique ID":2785,"installationName":"ES220990000046-ESPLÚS","Type of Animal":"Pigs"},"geometry":{"type":"Point","coordinates":[0.290182,41.770233]}},{"type":"Feature","properties":{"Unique ID":2786,"installationName":"ES221780000011-PERTUSA","Type of Animal":"Pigs"},"geometry":{"type":"Point","coordinates":[-0.188283,41.997901]}},{"type":"Feature","properties":{"Unique ID":2787,"installationName":"M.ª JESÚS RAMOS ORTEGA.","Type of Animal":"Pigs"},"geometry":{"type":"Point","coordinates":[-3.570533,41.590031]}},{"type":"Feature","properties":{"Unique ID":2788,"installationName":"ENRIQUE SÁNCHEZ DE LA PUENTE","Type of Animal":"Pigs"},"geometry":{"type":"Point","coordinates":[-4.948611,42.068611]}},{"type":"Feature","properties":{"Unique ID":2789,"installationName":"GRANJAS MISANPA, S.L.","Type of Animal":"Pigs"},"geometry":{"type":"Point","coordinates":[-4.753328,41.137778]}},{"type":"Feature","properties":{"Unique ID":2790,"installationName":"GRAES 2009, S.L.","Type of Animal":"Poultry"},"geometry":{"type":"Point","coordinates":[-3.881667,42.278333]}},{"type":"Feature","properties":{"Unique ID":2791,"installationName":"GRANJA AVÍCOLA CONEJERO, S.L.","Type of Animal":"Poultry"},"geometry":{"type":"Point","coordinates":[-3.510908,42.415072]}},{"type":"Feature","properties":{"Unique ID":2792,"installationName":"ALBERTO SANZ JIMENO","Type of Animal":"Pigs"},"geometry":{"type":"Point","coordinates":[-3.385556,41.439722]}},{"type":"Feature","properties":{"Unique ID":2793,"installationName":"ES221600000803-NAVAL","Type of Animal":"Poultry"},"geometry":{"type":"Point","coordinates":[0.141336,42.186557]}},{"type":"Feature","properties":{"Unique ID":2794,"installationName":"EXPLOTACION PORCINA EL CHAPARRAL","Type of Animal":"Pigs"},"geometry":{"type":"Point","coordinates":[-2.277288,37.582262]}},{"type":"Feature","properties":{"Unique ID":2795,"installationName":"EXPLOTACIÓN PORCINA FUENTE DEL PINO","Type of Animal":"Pigs"},"geometry":{"type":"Point","coordinates":[-2.056804,37.600211]}},{"type":"Feature","properties":{"Unique ID":2796,"installationName":"Granja  intensiva de pollos de engorde.","Type of Animal":"Poultry"},"geometry":{"type":"Point","coordinates":[-3.009,37.18]}},{"type":"Feature","properties":{"Unique ID":2798,"installationName":"GRANJA AVICOLA DESPROAVE EN MARCHENA","Type of Animal":"Poultry"},"geometry":{"type":"Point","coordinates":[-5.359,37.378]}},{"type":"Feature","properties":{"Unique ID":2799,"installationName":"GRANJA AVICOLA EN PARAJE AHUMADA","Type of Animal":"Poultry"},"geometry":{"type":"Point","coordinates":[-5.61,36.843]}},{"type":"Feature","properties":{"Unique ID":2800,"installationName":"GRANJA AVICOLA LOS NONOS","Type of Animal":"Poultry"},"geometry":{"type":"Point","coordinates":[-4.765,37.21]}},{"type":"Feature","properties":{"Unique ID":2801,"installationName":"ES220610000090-BINÉFAR","Type of Animal":"Pigs"},"geometry":{"type":"Point","coordinates":[0.128403,41.459195]}},{"type":"Feature","properties":{"Unique ID":2802,"installationName":"EXPLOTACIONES AGRICOLAS CONTIENDA, S.L","Type of Animal":"Pigs"},"geometry":{"type":"Point","coordinates":[-1.23016,39.731711]}},{"type":"Feature","properties":{"Unique ID":2803,"installationName":"ES222540000086-ZAIDÍN","Type of Animal":"Pigs"},"geometry":{"type":"Point","coordinates":[0.220107,41.61623]}},{"type":"Feature","properties":{"Unique ID":2804,"installationName":"PIG TRAINING, S.L.","Type of Animal":"Pigs"},"geometry":{"type":"Point","coordinates":[-0.530529,39.739651]}},{"type":"Feature","properties":{"Unique ID":2805,"installationName":"GRANJA EL ROMERAL, T.C.","Type of Animal":"Pigs"},"geometry":{"type":"Point","coordinates":[-1.897054,42.012602]}},{"type":"Feature","properties":{"Unique ID":2806,"installationName":"ALFREDO SAENZ SAENZ Y OTROS, S. C.","Type of Animal":"Pigs"},"geometry":{"type":"Point","coordinates":[-2.148687,42.350766]}},{"type":"Feature","properties":{"Unique ID":2807,"installationName":"ISIDRO CAMPO, S. L.","Type of Animal":"Pigs"},"geometry":{"type":"Point","coordinates":[-2.763669,42.262823]}},{"type":"Feature","properties":{"Unique ID":2808,"installationName":"ES502580000800-TORRALBILLA","Type of Animal":"Poultry"},"geometry":{"type":"Point","coordinates":[-1.19421,41.12085]}},{"type":"Feature","properties":{"Unique ID":2809,"installationName":"ES220800000085-CAPELLA","Type of Animal":"Pigs"},"geometry":{"type":"Point","coordinates":[0.402669,42.212399]}},{"type":"Feature","properties":{"Unique ID":2810,"installationName":"ES222250000852-TAMARITE DE LITERA","Type of Animal":"Poultry"},"geometry":{"type":"Point","coordinates":[0.421355,41.867377]}},{"type":"Feature","properties":{"Unique ID":2811,"installationName":"ES440080000026- ALBALATE DEL ARZOBISPO","Type of Animal":"Pigs"},"geometry":{"type":"Point","coordinates":[-0.512788,41.120124]}},{"type":"Feature","properties":{"Unique ID":2812,"installationName":"ES221170000175-GRAUS","Type of Animal":"Pigs"},"geometry":{"type":"Point","coordinates":[0.402652,42.222535]}},{"type":"Feature","properties":{"Unique ID":2813,"installationName":"ES222390000014-TRAMACED","Type of Animal":"Pigs"},"geometry":{"type":"Point","coordinates":[-0.315693,41.955942]}},{"type":"Feature","properties":{"Unique ID":2814,"installationName":"ES220180000044-ALCUBIERRE","Type of Animal":"Pigs"},"geometry":{"type":"Point","coordinates":[-0.453775,41.808249]}},{"type":"Feature","properties":{"Unique ID":2815,"installationName":"ES220150000034-ALCALÁ DEL OBISPO","Type of Animal":"Pigs"},"geometry":{"type":"Point","coordinates":[-0.275184,42.089436]}},{"type":"Feature","properties":{"Unique ID":2816,"installationName":"ES500950000287-EJEA DE LOS CABALLEROS","Type of Animal":"Pigs"},"geometry":{"type":"Point","coordinates":[-1.337577,42.13889]}},{"type":"Feature","properties":{"Unique ID":2817,"installationName":"ES440760000246-CELLA","Type of Animal":"Pigs"},"geometry":{"type":"Point","coordinates":[-1.293836,40.441875]}},{"type":"Feature","properties":{"Unique ID":2818,"installationName":"ES220630000019 - BISCARRUÉS","Type of Animal":"Pigs"},"geometry":{"type":"Point","coordinates":[-0.756511,42.213643]}},{"type":"Feature","properties":{"Unique ID":2819,"installationName":"ES221740000071-PERALTA DE ALCOFEA","Type of Animal":"Pigs"},"geometry":{"type":"Point","coordinates":[-0.104635,41.907114]}},{"type":"Feature","properties":{"Unique ID":2820,"installationName":"ES441920000001","Type of Animal":"Pigs"},"geometry":{"type":"Point","coordinates":[-0.956371,40.249762]}},{"type":"Feature","properties":{"Unique ID":2821,"installationName":"ES441460000007-MATA DE LOS OLMOS (LA)","Type of Animal":"Pigs"},"geometry":{"type":"Point","coordinates":[-0.532341,40.881302]}},{"type":"Feature","properties":{"Unique ID":2822,"installationName":"ES442630000002-VILLASTAR","Type of Animal":"Pigs"},"geometry":{"type":"Point","coordinates":[-1.178534,40.298378]}},{"type":"Feature","properties":{"Unique ID":2823,"installationName":"ES502520000163-TAUSTE","Type of Animal":"Pigs"},"geometry":{"type":"Point","coordinates":[-1.193558,41.963636]}},{"type":"Feature","properties":{"Unique ID":2824,"installationName":"ES502520000173-TAUSTE","Type of Animal":"Pigs"},"geometry":{"type":"Point","coordinates":[-1.220913,41.865265]}},{"type":"Feature","properties":{"Unique ID":2825,"installationName":"ES220210000051-ALMUDÉVAR","Type of Animal":"Pigs"},"geometry":{"type":"Point","coordinates":[-0.642073,42.020769]}},{"type":"Feature","properties":{"Unique ID":2826,"installationName":"ES502520000165-TAUSTE","Type of Animal":"Pigs"},"geometry":{"type":"Point","coordinates":[-1.270777,41.8841]}},{"type":"Feature","properties":{"Unique ID":2827,"installationName":"ES502520000171-TAUSTE","Type of Animal":"Pigs"},"geometry":{"type":"Point","coordinates":[-1.212449,41.908693]}},{"type":"Feature","properties":{"Unique ID":2828,"installationName":"ES502760000004-VALPALMAS","Type of Animal":"Pigs"},"geometry":{"type":"Point","coordinates":[-0.869585,42.151824]}},{"type":"Feature","properties":{"Unique ID":2829,"installationName":"ES502520000175-TAUSTE","Type of Animal":"Pigs"},"geometry":{"type":"Point","coordinates":[-1.109618,41.973347]}},{"type":"Feature","properties":{"Unique ID":2830,"installationName":"ES502520000129","Type of Animal":"Pigs"},"geometry":{"type":"Point","coordinates":[-1.240347,42.002869]}},{"type":"Feature","properties":{"Unique ID":2831,"installationName":"ES502520000087-TAUSTE","Type of Animal":"Pigs"},"geometry":{"type":"Point","coordinates":[-1.266396,41.975588]}},{"type":"Feature","properties":{"Unique ID":2832,"installationName":"ES500950000345-EJEA DE LOS CABALLEROS","Type of Animal":"Pigs"},"geometry":{"type":"Point","coordinates":[-1.136501,42.125724]}},{"type":"Feature","properties":{"Unique ID":2833,"installationName":"ES221360000163-LALUEZA","Type of Animal":"Pigs"},"geometry":{"type":"Point","coordinates":[-0.316068,41.828207]}},{"type":"Feature","properties":{"Unique ID":2834,"installationName":"ES222030000014-SALILLAS","Type of Animal":"Pigs"},"geometry":{"type":"Point","coordinates":[-0.215296,41.995073]}},{"type":"Feature","properties":{"Unique ID":2835,"installationName":"ES500340000011-ARIZA","Type of Animal":"Pigs"},"geometry":{"type":"Point","coordinates":[-2.049387,41.338204]}},{"type":"Feature","properties":{"Unique ID":2836,"installationName":"ES500740000136-CASPE","Type of Animal":"Pigs"},"geometry":{"type":"Point","coordinates":[-0.040821,41.234401]}},{"type":"Feature","properties":{"Unique ID":2837,"installationName":"ES502980000059-ZUERA","Type of Animal":"Pigs"},"geometry":{"type":"Point","coordinates":[-0.78861,41.928495]}},{"type":"Feature","properties":{"Unique ID":2838,"installationName":"ES500740000145-CASPE","Type of Animal":"Pigs"},"geometry":{"type":"Point","coordinates":[-0.040821,41.234401]}},{"type":"Feature","properties":{"Unique ID":2839,"installationName":"ES221720000016-PEÑALBA","Type of Animal":"Pigs"},"geometry":{"type":"Point","coordinates":[-0.036737,41.501898]}},{"type":"Feature","properties":{"Unique ID":2840,"installationName":"ES500510000046-BIOTA","Type of Animal":"Pigs"},"geometry":{"type":"Point","coordinates":[-1.2589,42.25185]}},{"type":"Feature","properties":{"Unique ID":2841,"installationName":"ES222510000004-VILLANUEVA DE SIGENA","Type of Animal":"Pigs"},"geometry":{"type":"Point","coordinates":[-0.003191,41.702902]}},{"type":"Feature","properties":{"Unique ID":2842,"installationName":"ES221370000138-LANAJA","Type of Animal":"Pigs"},"geometry":{"type":"Point","coordinates":[-0.315337,41.802336]}},{"type":"Feature","properties":{"Unique ID":2843,"installationName":"ES440760000222-CELLA","Type of Animal":"Pigs"},"geometry":{"type":"Point","coordinates":[-1.25167,40.43194]}},{"type":"Feature","properties":{"Unique ID":2844,"installationName":"ES221240000025-CERDOS-HUERTO","Type of Animal":"Pigs"},"geometry":{"type":"Point","coordinates":[-0.284899,41.890948]}},{"type":"Feature","properties":{"Unique ID":2845,"installationName":"ES220210000043-ALMUDÉVAR","Type of Animal":"Pigs"},"geometry":{"type":"Point","coordinates":[-0.570517,42.068075]}},{"type":"Feature","properties":{"Unique ID":2846,"installationName":"ES502220000028-QUINTO","Type of Animal":"Pigs"},"geometry":{"type":"Point","coordinates":[-0.5758,41.406061]}},{"type":"Feature","properties":{"Unique ID":2847,"installationName":"ES22050000127-BENABARRE","Type of Animal":"Pigs"},"geometry":{"type":"Point","coordinates":[0.50962,42.07585]}},{"type":"Feature","properties":{"Unique ID":2848,"installationName":"ES220140000005-ALCALÁ DE GURREA","Type of Animal":"Pigs"},"geometry":{"type":"Point","coordinates":[-0.684718,42.067178]}},{"type":"Feature","properties":{"Unique ID":2849,"installationName":"ES220140000004-ALCALÁ DE GURREA","Type of Animal":"Pigs"},"geometry":{"type":"Point","coordinates":[-0.684718,42.067178]}},{"type":"Feature","properties":{"Unique ID":2850,"installationName":"ES220140000006-ALCALÁ DE GURREA","Type of Animal":"Pigs"},"geometry":{"type":"Point","coordinates":[-0.684718,42.067178]}},{"type":"Feature","properties":{"Unique ID":2851,"installationName":"ES221160000140-GRAÑÉN","Type of Animal":"Pigs"},"geometry":{"type":"Point","coordinates":[-0.380498,41.858727]}},{"type":"Feature","properties":{"Unique ID":2852,"installationName":"ES220070000055-ALBALATE DE CINCA","Type of Animal":"Pigs"},"geometry":{"type":"Point","coordinates":[0.135807,41.75308]}},{"type":"Feature","properties":{"Unique ID":2853,"installationName":"ES440400000809-BERGE","Type of Animal":"Poultry"},"geometry":{"type":"Point","coordinates":[-0.444042,40.851664]}},{"type":"Feature","properties":{"Unique ID":2854,"installationName":"ES221560000014-MONFLORITE-LASCASAS","Type of Animal":"Pigs"},"geometry":{"type":"Point","coordinates":[-0.34849,42.084451]}},{"type":"Feature","properties":{"Unique ID":2855,"installationName":"ES221970000065-ROBRES","Type of Animal":"Pigs"},"geometry":{"type":"Point","coordinates":[-0.46486,41.866395]}},{"type":"Feature","properties":{"Unique ID":2856,"installationName":"ES221810000016-PIRACES","Type of Animal":"Pigs"},"geometry":{"type":"Point","coordinates":[-0.30481,41.99732]}},{"type":"Feature","properties":{"Unique ID":2857,"installationName":"ES221240000027-HUERTO","Type of Animal":"Pigs"},"geometry":{"type":"Point","coordinates":[-0.167642,41.931307]}},{"type":"Feature","properties":{"Unique ID":2858,"installationName":"ES221370000135-CERDOS-LANAJA","Type of Animal":"Pigs"},"geometry":{"type":"Point","coordinates":[-0.348657,41.76001]}},{"type":"Feature","properties":{"Unique ID":2859,"installationName":"ES220600000150-BINACED","Type of Animal":"Pigs"},"geometry":{"type":"Point","coordinates":[0.236486,41.837789]}},{"type":"Feature","properties":{"Unique ID":2860,"installationName":"ES221160000142-GRAÑÉN","Type of Animal":"Pigs"},"geometry":{"type":"Point","coordinates":[-0.377189,41.975205]}},{"type":"Feature","properties":{"Unique ID":2861,"installationName":"ES501510000040-LUNA","Type of Animal":"Pigs"},"geometry":{"type":"Point","coordinates":[-0.902596,42.112113]}},{"type":"Feature","properties":{"Unique ID":2862,"installationName":"ES229050000026-LUPIÑÉN-ORTILLA","Type of Animal":"Pigs"},"geometry":{"type":"Point","coordinates":[-0.643575,42.183292]}},{"type":"Feature","properties":{"Unique ID":2863,"installationName":"ES221130000078-FUEVA (LA)","Type of Animal":"Pigs"},"geometry":{"type":"Point","coordinates":[0.26254,42.373105]}},{"type":"Feature","properties":{"Unique ID":2864,"installationName":"ES221240000019-HUERTO","Type of Animal":"Pigs"},"geometry":{"type":"Point","coordinates":[-0.138187,41.905013]}},{"type":"Feature","properties":{"Unique ID":2865,"installationName":"ES220270000043-ANGÜÉS","Type of Animal":"Pigs"},"geometry":{"type":"Point","coordinates":[-0.153595,42.11084]}},{"type":"Feature","properties":{"Unique ID":2866,"installationName":"ES221740000063-PERALTA DE ALCOFEA","Type of Animal":"Pigs"},"geometry":{"type":"Point","coordinates":[-0.095188,41.942857]}},{"type":"Feature","properties":{"Unique ID":2867,"installationName":"ÓSCAR REGAÑO JIMÉNEZ","Type of Animal":"Pigs"},"geometry":{"type":"Point","coordinates":[-2.390139,41.436111]}},{"type":"Feature","properties":{"Unique ID":2868,"installationName":"JUAN JOSE LITAGO","Type of Animal":"Pigs"},"geometry":{"type":"Point","coordinates":[-1.5405,42.0562]}},{"type":"Feature","properties":{"Unique ID":2869,"installationName":"DAVID MORIONES GOÑI","Type of Animal":"Pigs"},"geometry":{"type":"Point","coordinates":[-1.5027,42.3687]}},{"type":"Feature","properties":{"Unique ID":2870,"installationName":"MASO SC - PITILLAS","Type of Animal":"Pigs"},"geometry":{"type":"Point","coordinates":[-1.646,42.4236]}},{"type":"Feature","properties":{"Unique ID":2871,"installationName":"JOVIANMA, S.C.L.","Type of Animal":"Pigs"},"geometry":{"type":"Point","coordinates":[-5.763778,41.227083]}},{"type":"Feature","properties":{"Unique ID":2872,"installationName":"ES509020000001-MARRACOS","Type of Animal":"Pigs"},"geometry":{"type":"Point","coordinates":[-0.775124,42.074884]}},{"type":"Feature","properties":{"Unique ID":2873,"installationName":"ES220600000154-BINACED","Type of Animal":"Pigs"},"geometry":{"type":"Point","coordinates":[0.170211,41.791604]}},{"type":"Feature","properties":{"Unique ID":2874,"installationName":"ES220800000082-CAPELLA","Type of Animal":"Pigs"},"geometry":{"type":"Point","coordinates":[0.426319,42.200791]}},{"type":"Feature","properties":{"Unique ID":2875,"installationName":"ES220130000032-ALBERUELA DE TUBO","Type of Animal":"Pigs"},"geometry":{"type":"Point","coordinates":[-0.198342,41.914538]}},{"type":"Feature","properties":{"Unique ID":2876,"installationName":"ES220180000040-CERDOS-ALCUBIERRE","Type of Animal":"Pigs"},"geometry":{"type":"Point","coordinates":[-0.46911,41.779594]}},{"type":"Feature","properties":{"Unique ID":2877,"installationName":"ES221360000167-LALUEZA","Type of Animal":"Pigs"},"geometry":{"type":"Point","coordinates":[-0.281668,41.932635]}},{"type":"Feature","properties":{"Unique ID":2878,"installationName":"ES220440000034-BAILO","Type of Animal":"Pigs"},"geometry":{"type":"Point","coordinates":[-0.810952,42.509478]}},{"type":"Feature","properties":{"Unique ID":2879,"installationName":"Granja Les Tortes","Type of Animal":"Pigs"},"geometry":{"type":"Point","coordinates":[1.242835,41.809518]}},{"type":"Feature","properties":{"Unique ID":2880,"installationName":"GRANJA SERMAFARM","Type of Animal":"Pigs"},"geometry":{"type":"Point","coordinates":[1.049627,41.77838]}},{"type":"Feature","properties":{"Unique ID":2881,"installationName":"GRANJA BONAVENTURA CAPELL","Type of Animal":"Pigs"},"geometry":{"type":"Point","coordinates":[0.727512,41.552811]}},{"type":"Feature","properties":{"Unique ID":2882,"installationName":"GRANJA ERA LLACUNA","Type of Animal":"Poultry"},"geometry":{"type":"Point","coordinates":[1.421647,41.710061]}},{"type":"Feature","properties":{"Unique ID":2883,"installationName":"JORDI MARIMON COMPANY","Type of Animal":"Pigs"},"geometry":{"type":"Point","coordinates":[0.800909,41.615888]}},{"type":"Feature","properties":{"Unique ID":2884,"installationName":"GRANJA ESTEVE I RIUS","Type of Animal":"Pigs"},"geometry":{"type":"Point","coordinates":[1.113673,41.848592]}},{"type":"Feature","properties":{"Unique ID":2885,"installationName":"GRANJA PERA","Type of Animal":"Pigs"},"geometry":{"type":"Point","coordinates":[1.17259,41.897981]}},{"type":"Feature","properties":{"Unique ID":2886,"installationName":"Granja Batalla","Type of Animal":"Pigs"},"geometry":{"type":"Point","coordinates":[1.116493,41.772147]}},{"type":"Feature","properties":{"Unique ID":2887,"installationName":"Explotació Agrària La Rovira","Type of Animal":"Pigs"},"geometry":{"type":"Point","coordinates":[2.538741,42.275811]}},{"type":"Feature","properties":{"Unique ID":2888,"installationName":"Ferrer","Type of Animal":"Poultry"},"geometry":{"type":"Point","coordinates":[0.417073,41.12082]}},{"type":"Feature","properties":{"Unique ID":2889,"installationName":"Roig","Type of Animal":"Pigs"},"geometry":{"type":"Point","coordinates":[0.833095,41.56147]}},{"type":"Feature","properties":{"Unique ID":2890,"installationName":"Granja Eroles","Type of Animal":"Pigs"},"geometry":{"type":"Point","coordinates":[0.98892,41.993276]}},{"type":"Feature","properties":{"Unique ID":2891,"installationName":"SAT núm.2025 SALES","Type of Animal":"Pigs"},"geometry":{"type":"Point","coordinates":[1.072697,41.884604]}},{"type":"Feature","properties":{"Unique ID":2892,"installationName":"IGRAMSA","Type of Animal":"Pigs"},"geometry":{"type":"Point","coordinates":[1.028092,41.989876]}},{"type":"Feature","properties":{"Unique ID":2893,"installationName":"GRANJA COMACIRERA","Type of Animal":"Pigs"},"geometry":{"type":"Point","coordinates":[0.954573,41.544286]}},{"type":"Feature","properties":{"Unique ID":2894,"installationName":"Explotació Carlos García Monclús","Type of Animal":"Pigs"},"geometry":{"type":"Point","coordinates":[0.4973,41.579073]}},{"type":"Feature","properties":{"Unique ID":2895,"installationName":"Granja La Calçada","Type of Animal":"Pigs"},"geometry":{"type":"Point","coordinates":[0.793798,41.699764]}},{"type":"Feature","properties":{"Unique ID":2896,"installationName":"Casanova de Brugueres","Type of Animal":"Pigs"},"geometry":{"type":"Point","coordinates":[2.376413,41.683775]}},{"type":"Feature","properties":{"Unique ID":2897,"installationName":"Pessarrodona Aviram","Type of Animal":"Poultry"},"geometry":{"type":"Point","coordinates":[1.505651,41.834584]}},{"type":"Feature","properties":{"Unique ID":2898,"installationName":"Granja Oliola","Type of Animal":"Pigs"},"geometry":{"type":"Point","coordinates":[1.112839,41.809338]}},{"type":"Feature","properties":{"Unique ID":2899,"installationName":"Emprius Camaret","Type of Animal":"Pigs"},"geometry":{"type":"Point","coordinates":[1.75005,42.015861]}},{"type":"Feature","properties":{"Unique ID":2900,"installationName":"AGROLERIDA POLLOS","Type of Animal":"Poultry"},"geometry":{"type":"Point","coordinates":[0.483943,41.622453]}},{"type":"Feature","properties":{"Unique ID":2901,"installationName":"Moli de Bonsfills","Type of Animal":"Pigs"},"geometry":{"type":"Point","coordinates":[1.606299,41.835535]}},{"type":"Feature","properties":{"Unique ID":2902,"installationName":"Granja Tatxé","Type of Animal":"Pigs"},"geometry":{"type":"Point","coordinates":[1.426389,41.713773]}},{"type":"Feature","properties":{"Unique ID":2903,"installationName":"Granja Sisquella","Type of Animal":"Pigs"},"geometry":{"type":"Point","coordinates":[1.342607,41.726384]}},{"type":"Feature","properties":{"Unique ID":2904,"installationName":"GRANJA JOSEP MARIA BOSCH LOPEZ","Type of Animal":"Pigs"},"geometry":{"type":"Point","coordinates":[0.755378,41.601588]}},{"type":"Feature","properties":{"Unique ID":2905,"installationName":"Mas El Puig","Type of Animal":"Pigs"},"geometry":{"type":"Point","coordinates":[3.076913,42.138394]}},{"type":"Feature","properties":{"Unique ID":2906,"installationName":"Granja Les Tribanes","Type of Animal":"Pigs"},"geometry":{"type":"Point","coordinates":[3.059307,42.281235]}},{"type":"Feature","properties":{"Unique ID":2907,"installationName":"El Puig","Type of Animal":"Pigs"},"geometry":{"type":"Point","coordinates":[2.966142,42.317415]}},{"type":"Feature","properties":{"Unique ID":2908,"installationName":"Granja Duran","Type of Animal":"Pigs"},"geometry":{"type":"Point","coordinates":[2.876934,41.862119]}},{"type":"Feature","properties":{"Unique ID":2909,"installationName":"La Guàrdia","Type of Animal":"Pigs"},"geometry":{"type":"Point","coordinates":[3.049209,42.210379]}},{"type":"Feature","properties":{"Unique ID":2910,"installationName":"Granja Pedreres","Type of Animal":"Pigs"},"geometry":{"type":"Point","coordinates":[1.06041,41.601197]}},{"type":"Feature","properties":{"Unique ID":2911,"installationName":"Les Franqueses","Type of Animal":"Pigs"},"geometry":{"type":"Point","coordinates":[1.259626,41.691608]}},{"type":"Feature","properties":{"Unique ID":2912,"installationName":"Mas Amat","Type of Animal":"Pigs"},"geometry":{"type":"Point","coordinates":[2.779975,41.94]}},{"type":"Feature","properties":{"Unique ID":2913,"installationName":"ES2211600000135-GRAÑEN","Type of Animal":"Pigs"},"geometry":{"type":"Point","coordinates":[-0.369539,41.939517]}},{"type":"Feature","properties":{"Unique ID":2914,"installationName":"ES220890000032-CASTILLONROY","Type of Animal":"Pigs"},"geometry":{"type":"Point","coordinates":[0.513378,41.885624]}},{"type":"Feature","properties":{"Unique ID":2915,"installationName":"ES229030000097-SAN MIGUEL DEL CINCA","Type of Animal":"Pigs"},"geometry":{"type":"Point","coordinates":[0.12811,41.852652]}},{"type":"Feature","properties":{"Unique ID":2916,"installationName":"FINCA HAZA DEL CERCADO","Type of Animal":"Pigs"},"geometry":{"type":"Point","coordinates":[-4.878,37.208]}},{"type":"Feature","properties":{"Unique ID":2917,"installationName":"GRANJA LA ESPARRAGOSA.","Type of Animal":"Poultry"},"geometry":{"type":"Point","coordinates":[-4.937,37.359]}},{"type":"Feature","properties":{"Unique ID":2918,"installationName":"Explotación ganadera de cria y engorde de pollos broilers “El Llano”.","Type of Animal":"Poultry"},"geometry":{"type":"Point","coordinates":[-6.291,37.232]}},{"type":"Feature","properties":{"Unique ID":2919,"installationName":"Explotacion porcina de cebo","Type of Animal":"Pigs"},"geometry":{"type":"Point","coordinates":[-2.010739,37.404868]}},{"type":"Feature","properties":{"Unique ID":2920,"installationName":"AGRICOLA DEHESA LAS YEGUAS","Type of Animal":"Poultry"},"geometry":{"type":"Point","coordinates":[-7.1056,37.3911]}},{"type":"Feature","properties":{"Unique ID":2921,"installationName":"Explotación ganadera de cria y engorde de pollos broilers","Type of Animal":"Poultry"},"geometry":{"type":"Point","coordinates":[-7.2051,37.1649]}},{"type":"Feature","properties":{"Unique ID":2922,"installationName":"FINCA\nVILLEGAS I","Type of Animal":"Pigs"},"geometry":{"type":"Point","coordinates":[-5.726,37.422]}},{"type":"Feature","properties":{"Unique ID":2923,"installationName":"EXPLOTACIÓN AVÍCOLA BROILERS LOMAS DEL PRADO","Type of Animal":"Poultry"},"geometry":{"type":"Point","coordinates":[-3.151,37.235]}},{"type":"Feature","properties":{"Unique ID":2924,"installationName":"Explotación porcina Finca La Huerta","Type of Animal":"Pigs"},"geometry":{"type":"Point","coordinates":[-4.997,37.277]}},{"type":"Feature","properties":{"Unique ID":2925,"installationName":"GRANJA EL LLANO","Type of Animal":"Pigs"},"geometry":{"type":"Point","coordinates":[-5.09,36.92]}},{"type":"Feature","properties":{"Unique ID":2926,"installationName":"GRANJA PORCINA PARA ENGORDE DE CERDOS","Type of Animal":"Pigs"},"geometry":{"type":"Point","coordinates":[-4.616,37.658]}},{"type":"Feature","properties":{"Unique ID":2927,"installationName":"AVÍCOLA BARCO, S.L.","Type of Animal":"Poultry"},"geometry":{"type":"Point","coordinates":[-4.756778,40.800528]}},{"type":"Feature","properties":{"Unique ID":2928,"installationName":"ES221240000026-HUERTO","Type of Animal":"Pigs"},"geometry":{"type":"Point","coordinates":[-0.167642,41.931307]}},{"type":"Feature","properties":{"Unique ID":2929,"installationName":"EXPLOTACI??N PORCINA","Type of Animal":"Pigs"},"geometry":{"type":"Point","coordinates":[-7.72323,42.06609]}},{"type":"Feature","properties":{"Unique ID":2930,"installationName":"ES221970000074-ROBRES","Type of Animal":"Pigs"},"geometry":{"type":"Point","coordinates":[-0.435762,41.870384]}},{"type":"Feature","properties":{"Unique ID":2931,"installationName":"NILASA, S.A (EL SOTO III)","Type of Animal":"Pigs"},"geometry":{"type":"Point","coordinates":[-4.670444,41.007097]}},{"type":"Feature","properties":{"Unique ID":2932,"installationName":"ES221120000803-FRAGA","Type of Animal":"Poultry"},"geometry":{"type":"Point","coordinates":[0.340434,41.52348]}},{"type":"Feature","properties":{"Unique ID":2933,"installationName":"ES222130000168-SARIÑENA","Type of Animal":"Pigs"},"geometry":{"type":"Point","coordinates":[-0.157691,41.791631]}},{"type":"Feature","properties":{"Unique ID":2934,"installationName":"EXPLOTACION PORCINA DE CEBO IBERICO NUCLEO 7","Type of Animal":"Pigs"},"geometry":{"type":"Point","coordinates":[-1.52,38.43]}},{"type":"Feature","properties":{"Unique ID":2935,"installationName":"EXPLOTACION PORCINA DE CEBO IBERICO NUCLEO 8","Type of Animal":"Pigs"},"geometry":{"type":"Point","coordinates":[-1.5,38.43]}},{"type":"Feature","properties":{"Unique ID":2936,"installationName":"EXPLOTACION PORCINA DE CEBO IBERICO NUCLEO 9","Type of Animal":"Pigs"},"geometry":{"type":"Point","coordinates":[-1.51,38.45]}},{"type":"Feature","properties":{"Unique ID":2937,"installationName":"PORCISAN, S.A. - EXPLOTACIÓN  PORCINA (AAI-AB-009)","Type of Animal":"Pigs"},"geometry":{"type":"Point","coordinates":[-1.61212,39.1242]}},{"type":"Feature","properties":{"Unique ID":2938,"installationName":"EXPLOTACIÓN PORCINA DE CEBO","Type of Animal":"Pigs"},"geometry":{"type":"Point","coordinates":[-1.67,39.7764]}},{"type":"Feature","properties":{"Unique ID":2939,"installationName":"GRANJA BELINCHON , S. L.","Type of Animal":"Pigs"},"geometry":{"type":"Point","coordinates":[-3.02,40.04]}},{"type":"Feature","properties":{"Unique ID":2940,"installationName":"SACMARY, S. L.","Type of Animal":"Pigs"},"geometry":{"type":"Point","coordinates":[-2.7886,39.81]}},{"type":"Feature","properties":{"Unique ID":2941,"installationName":"ISMAEL LÓPEZ CARRASCO","Type of Animal":"Pigs"},"geometry":{"type":"Point","coordinates":[-5.401111,40.859722]}},{"type":"Feature","properties":{"Unique ID":2942,"installationName":"JESÚS VILLACÉ MEDINA","Type of Animal":"Pigs"},"geometry":{"type":"Point","coordinates":[-5.294667,42.135694]}},{"type":"Feature","properties":{"Unique ID":2943,"installationName":"AVES VILLAQUILAMBRE, S.L.,","Type of Animal":"Poultry"},"geometry":{"type":"Point","coordinates":[-5.474931,42.650897]}},{"type":"Feature","properties":{"Unique ID":2944,"installationName":"COPASA - Rágama","Type of Animal":"Pigs"},"geometry":{"type":"Point","coordinates":[-5.105,41.011111]}},{"type":"Feature","properties":{"Unique ID":2945,"installationName":"AGROPECUARIA MICAMINO, S.L.","Type of Animal":"Pigs"},"geometry":{"type":"Point","coordinates":[-5.865833,42.261667]}},{"type":"Feature","properties":{"Unique ID":2946,"installationName":"RAÚL HERNÁNDEZ RODRÍGUEZ-PROYECTO 2","Type of Animal":"Pigs"},"geometry":{"type":"Point","coordinates":[-5.077222,41.188889]}},{"type":"Feature","properties":{"Unique ID":2947,"installationName":"AGROP BUENACEPA, C.B.","Type of Animal":"Pigs"},"geometry":{"type":"Point","coordinates":[-5.234722,40.898056]}},{"type":"Feature","properties":{"Unique ID":2948,"installationName":"GONLA S.C.","Type of Animal":"Pigs"},"geometry":{"type":"Point","coordinates":[-5.645056,41.942417]}},{"type":"Feature","properties":{"Unique ID":2949,"installationName":"ANTOLÍN MESONERO E HIJOS, S.L.","Type of Animal":"Pigs"},"geometry":{"type":"Point","coordinates":[-5.20575,40.849667]}},{"type":"Feature","properties":{"Unique ID":2950,"installationName":"AGROPECUARIA LA SERROTA - SOLOSANCHO","Type of Animal":"Pigs"},"geometry":{"type":"Point","coordinates":[-4.917497,40.570769]}},{"type":"Feature","properties":{"Unique ID":2951,"installationName":"HESAGO, S.C.","Type of Animal":"Pigs"},"geometry":{"type":"Point","coordinates":[-5.416961,40.666228]}},{"type":"Feature","properties":{"Unique ID":2952,"installationName":"ALBERTO CALAVIA RUIZ - ÁGREDA","Type of Animal":"Pigs"},"geometry":{"type":"Point","coordinates":[-1.870928,41.860128]}},{"type":"Feature","properties":{"Unique ID":2953,"installationName":"JESÚS ALBERTO MUÑOZ BERMEJO","Type of Animal":"Pigs"},"geometry":{"type":"Point","coordinates":[-4.420369,41.320433]}},{"type":"Feature","properties":{"Unique ID":2954,"installationName":"EXPLOTACIÓN PORCINA LA MINA","Type of Animal":"Pigs"},"geometry":{"type":"Point","coordinates":[-5.725472,40.580389]}},{"type":"Feature","properties":{"Unique ID":2955,"installationName":"GRANJA LA VIÑA EL CHARRO -GALINDUSTE","Type of Animal":"Pigs"},"geometry":{"type":"Point","coordinates":[-5.507481,40.644289]}},{"type":"Feature","properties":{"Unique ID":2956,"installationName":"RAÚL HERNÁNDEZ RODRÍGUEZ-PROYECTO 3","Type of Animal":"Pigs"},"geometry":{"type":"Point","coordinates":[-5.089722,41.17]}},{"type":"Feature","properties":{"Unique ID":2957,"installationName":"RAÚL HERNÁNDEZ RODRÍGUEZ-PROYECTO 1","Type of Animal":"Pigs"},"geometry":{"type":"Point","coordinates":[-5.099306,41.174861]}},{"type":"Feature","properties":{"Unique ID":2958,"installationName":"INVERSIONES GANADERAS LA NAVA S.L.","Type of Animal":"Pigs"},"geometry":{"type":"Point","coordinates":[-3.901292,41.260222]}},{"type":"Feature","properties":{"Unique ID":2959,"installationName":"MATAMALA, S.C.","Type of Animal":"Pigs"},"geometry":{"type":"Point","coordinates":[-5.597697,40.78835]}},{"type":"Feature","properties":{"Unique ID":2960,"installationName":"SAT LA FORTALEZA","Type of Animal":"Pigs"},"geometry":{"type":"Point","coordinates":[-5.279,41.953194]}},{"type":"Feature","properties":{"Unique ID":2961,"installationName":"AGROPECUARIA GALANA S.L.","Type of Animal":"Pigs"},"geometry":{"type":"Point","coordinates":[-5.622697,41.710219]}},{"type":"Feature","properties":{"Unique ID":2962,"installationName":"SALVADOR MATILLA ALBARÁN","Type of Animal":"Pigs"},"geometry":{"type":"Point","coordinates":[-5.292583,40.777222]}},{"type":"Feature","properties":{"Unique ID":2963,"installationName":"AGROPECUARIA EL VAQUERIL, S.L.","Type of Animal":"Pigs"},"geometry":{"type":"Point","coordinates":[-6.0544,40.806444]}},{"type":"Feature","properties":{"Unique ID":2964,"installationName":"PABLO OLIVA ROJO","Type of Animal":"Pigs"},"geometry":{"type":"Point","coordinates":[-2.837225,41.427083]}},{"type":"Feature","properties":{"Unique ID":2965,"installationName":"TUREVEGAN, S.L.- VEGANZONES","Type of Animal":"Pigs"},"geometry":{"type":"Point","coordinates":[-3.992444,41.205686]}},{"type":"Feature","properties":{"Unique ID":2966,"installationName":"JOSÉ ANTONIO MONJE ALIJA","Type of Animal":"Pigs"},"geometry":{"type":"Point","coordinates":[-5.770947,42.222544]}},{"type":"Feature","properties":{"Unique ID":2967,"installationName":"PRODUCCIONES AVÍCOLAS EL GRANJERO - CAMPASPERO","Type of Animal":"Poultry"},"geometry":{"type":"Point","coordinates":[-4.168244,41.490292]}},{"type":"Feature","properties":{"Unique ID":2968,"installationName":"GRANJA EL CENTELLE, S.L.","Type of Animal":"Pigs"},"geometry":{"type":"Point","coordinates":[-4.011111,41.208333]}},{"type":"Feature","properties":{"Unique ID":2969,"installationName":"PROPORSEG PARCELA 70","Type of Animal":"Pigs"},"geometry":{"type":"Point","coordinates":[-4.41775,41.097917]}},{"type":"Feature","properties":{"Unique ID":2970,"installationName":"JONATHAN VERA MAYOR","Type of Animal":"Pigs"},"geometry":{"type":"Point","coordinates":[-2.234167,41.7825]}},{"type":"Feature","properties":{"Unique ID":2971,"installationName":"GASTROARANDA, S.L.","Type of Animal":"Pigs"},"geometry":{"type":"Point","coordinates":[-3.827897,41.96725]}},{"type":"Feature","properties":{"Unique ID":2972,"installationName":"ÓSCAR FERNANDO MAQUEDA MUÑOZ","Type of Animal":"Pigs"},"geometry":{"type":"Point","coordinates":[-2.671039,41.492228]}},{"type":"Feature","properties":{"Unique ID":2973,"installationName":"CEBADERO DE PORCINO LOS LLANOS AAI-CU-071","Type of Animal":"Pigs"},"geometry":{"type":"Point","coordinates":[-2.5144,40.0046]}},{"type":"Feature","properties":{"Unique ID":2974,"installationName":"ES440500000006-CALAMOCHA","Type of Animal":"Pigs"},"geometry":{"type":"Point","coordinates":[-1.16,40.987]}},{"type":"Feature","properties":{"Unique ID":2975,"installationName":"ES222250000174-TAMARITE DE LITERA","Type of Animal":"Pigs"},"geometry":{"type":"Point","coordinates":[0.451224,41.818617]}},{"type":"Feature","properties":{"Unique ID":2976,"installationName":"ES222320000003-TORRALBA DE ARAGÓN","Type of Animal":"Pigs"},"geometry":{"type":"Point","coordinates":[0.51,41.93]}},{"type":"Feature","properties":{"Unique ID":2977,"installationName":"ES221740000064-PERALTA DE ALCOFEA","Type of Animal":"Pigs"},"geometry":{"type":"Point","coordinates":[-0.044,41.88]}},{"type":"Feature","properties":{"Unique ID":2978,"installationName":"ES221160000126-GRAÑÉN","Type of Animal":"Pigs"},"geometry":{"type":"Point","coordinates":[0.340497,41.931598]}},{"type":"Feature","properties":{"Unique ID":2979,"installationName":"ES221370000118-LANAJA","Type of Animal":"Pigs"},"geometry":{"type":"Point","coordinates":[-0.32,41.772]}},{"type":"Feature","properties":{"Unique ID":2980,"installationName":"ES220180000047-ALCUBIERRE","Type of Animal":"Pigs"},"geometry":{"type":"Point","coordinates":[-0.452378,41.788264]}},{"type":"Feature","properties":{"Unique ID":2981,"installationName":"AITOR INIESTA ORTIZ","Type of Animal":"Pigs"},"geometry":{"type":"Point","coordinates":[-1.258057,39.734914]}},{"type":"Feature","properties":{"Unique ID":2982,"installationName":"ES222250000072-TAMARITE DE LITERA","Type of Animal":"Pigs"},"geometry":{"type":"Point","coordinates":[0.43,41.86]}},{"type":"Feature","properties":{"Unique ID":2983,"installationName":"CÁRNICAS PONS, SCP","Type of Animal":"Pigs"},"geometry":{"type":"Point","coordinates":[-0.71009,39.494206]}},{"type":"Feature","properties":{"Unique ID":2984,"installationName":"ES221360000165-LALUEZA","Type of Animal":"Pigs"},"geometry":{"type":"Point","coordinates":[-0.255556,41.841944]}},{"type":"Feature","properties":{"Unique ID":2985,"installationName":"ES221160000143-GRAÑEN","Type of Animal":"Pigs"},"geometry":{"type":"Point","coordinates":[-0.36,41.94]}},{"type":"Feature","properties":{"Unique ID":2986,"installationName":"ES221160000133-GRAÑÉN","Type of Animal":"Pigs"},"geometry":{"type":"Point","coordinates":[0.340497,41.931598]}},{"type":"Feature","properties":{"Unique ID":2987,"installationName":"GRANJA LOS PALOMOS, T.C.","Type of Animal":"Pigs"},"geometry":{"type":"Point","coordinates":[-1.978376,42.307932]}},{"type":"Feature","properties":{"Unique ID":2988,"installationName":"J.R.L. JIMÉNEZ, S.C.","Type of Animal":"Pigs"},"geometry":{"type":"Point","coordinates":[-2.529023,42.625343]}},{"type":"Feature","properties":{"Unique ID":2989,"installationName":"ES441010000003 LOS NAVAJOS","Type of Animal":"Pigs"},"geometry":{"type":"Point","coordinates":[-1.24,41.043]}},{"type":"Feature","properties":{"Unique ID":2990,"installationName":"JORGE MOREU GRACIA","Type of Animal":"Pigs"},"geometry":{"type":"Point","coordinates":[-0.234054,42.085236]}},{"type":"Feature","properties":{"Unique ID":2991,"installationName":"AGROGANADERIA SUBIAS SLU","Type of Animal":"Pigs"},"geometry":{"type":"Point","coordinates":[0.03335,42.0589]}},{"type":"Feature","properties":{"Unique ID":2992,"installationName":"IMPOALA","Type of Animal":"Pigs"},"geometry":{"type":"Point","coordinates":[-0.7276,41.929397]}},{"type":"Feature","properties":{"Unique ID":2993,"installationName":"MANUEL PANZANO ANAGRACIA","Type of Animal":"Pigs"},"geometry":{"type":"Point","coordinates":[-0.227022,42.000481]}},{"type":"Feature","properties":{"Unique ID":2994,"installationName":"RAMON FERRER RODRIGUEZ","Type of Animal":"Pigs"},"geometry":{"type":"Point","coordinates":[0.117906,42.015028]}},{"type":"Feature","properties":{"Unique ID":2995,"installationName":"220010000034-ALBERUELA DE LALIENA","Type of Animal":"Pigs"},"geometry":{"type":"Point","coordinates":[-0.033091,42.163902]}},{"type":"Feature","properties":{"Unique ID":2996,"installationName":"LAS SARDAS","Type of Animal":"Pigs"},"geometry":{"type":"Point","coordinates":[0.033668,41.165886]}},{"type":"Feature","properties":{"Unique ID":2997,"installationName":"MONAJOTAL, S.L.- NOVALES","Type of Animal":"Pigs"},"geometry":{"type":"Point","coordinates":[-0.251283,42.037757]}},{"type":"Feature","properties":{"Unique ID":2998,"installationName":"AGROALMA, S.C.","Type of Animal":"Pigs"},"geometry":{"type":"Point","coordinates":[-0.363016,41.974969]}},{"type":"Feature","properties":{"Unique ID":2999,"installationName":"EZCAPOR S.C.","Type of Animal":"Pigs"},"geometry":{"type":"Point","coordinates":[-0.95,42.11]}},{"type":"Feature","properties":{"Unique ID":3000,"installationName":"MANUEL RODELLAR MORILLO","Type of Animal":"Pigs"},"geometry":{"type":"Point","coordinates":[-0.001449,41.746207]}},{"type":"Feature","properties":{"Unique ID":3001,"installationName":"MONZON ANES SC","Type of Animal":"Pigs"},"geometry":{"type":"Point","coordinates":[-0.646667,42.070556]}},{"type":"Feature","properties":{"Unique ID":3002,"installationName":"ES221620000022-NOVALES AGROP-CEBO","Type of Animal":"Pigs"},"geometry":{"type":"Point","coordinates":[0.154102,42.135432]}},{"type":"Feature","properties":{"Unique ID":3003,"installationName":"ES221260000006-IBIECA- HERMANOS ZAPATER S.C.","Type of Animal":"Pigs"},"geometry":{"type":"Point","coordinates":[-0.208348,42.161094]}},{"type":"Feature","properties":{"Unique ID":3004,"installationName":"ESTEBAN MAVILLA, S.C.","Type of Animal":"Pigs"},"geometry":{"type":"Point","coordinates":[-0.188425,42.063549]}},{"type":"Feature","properties":{"Unique ID":3005,"installationName":"AGROPOR DE LA CORONA","Type of Animal":"Pigs"},"geometry":{"type":"Point","coordinates":[-0.646681,42.081258]}},{"type":"Feature","properties":{"Unique ID":3006,"installationName":"PORKIS MATILERO SL","Type of Animal":"Pigs"},"geometry":{"type":"Point","coordinates":[-0.620833,42.069444]}},{"type":"Feature","properties":{"Unique ID":3007,"installationName":"JAVIER MURILLO ALBERO","Type of Animal":"Pigs"},"geometry":{"type":"Point","coordinates":[-0.612127,41.797573]}},{"type":"Feature","properties":{"Unique ID":3008,"installationName":"ENTRENIDOS 22 SL LA BLASCA","Type of Animal":"Poultry"},"geometry":{"type":"Point","coordinates":[-1.23016,39.731711]}},{"type":"Feature","properties":{"Unique ID":3009,"installationName":"ES221370000128-AGROP. HNOS ABADIAS-CEBO","Type of Animal":"Pigs"},"geometry":{"type":"Point","coordinates":[0.22268,41.471804]}},{"type":"Feature","properties":{"Unique ID":3010,"installationName":"LALUENGA","Type of Animal":"Pigs"},"geometry":{"type":"Point","coordinates":[-0.047531,42.005464]}},{"type":"Feature","properties":{"Unique ID":3011,"installationName":"EXPLOTACIÓN DE GANADO PORCINO DE CEBO","Type of Animal":"Pigs"},"geometry":{"type":"Point","coordinates":[-1.4799,37.701043]}},{"type":"Feature","properties":{"Unique ID":3012,"installationName":"SANTIAGO VAZQUEZ MARTINEZ","Type of Animal":"Pigs"},"geometry":{"type":"Point","coordinates":[-0.167097,41.877306]}},{"type":"Feature","properties":{"Unique ID":3013,"installationName":"ES221160000008-CERDOS-GRAÑEN","Type of Animal":"Pigs"},"geometry":{"type":"Point","coordinates":[-0.373343,41.863113]}},{"type":"Feature","properties":{"Unique ID":3014,"installationName":"Agropecuaria Entrepinos - Olombrada","Type of Animal":"Pigs"},"geometry":{"type":"Point","coordinates":[-4.136081,41.413472]}},{"type":"Feature","properties":{"Unique ID":3015,"installationName":"ES229030000111-CERDOS \"SAN MIGUEL DE CINCA\"","Type of Animal":"Pigs"},"geometry":{"type":"Point","coordinates":[0.112938,41.77968]}},{"type":"Feature","properties":{"Unique ID":3016,"installationName":"ES220410000036-AZARA-GANADERÍA SIN, S.C","Type of Animal":"Pigs"},"geometry":{"type":"Point","coordinates":[0.038608,42.041153]}},{"type":"Feature","properties":{"Unique ID":3017,"installationName":"ANTONIO REVUELTA LISA","Type of Animal":"Pigs"},"geometry":{"type":"Point","coordinates":[-0.473335,41.983303]}},{"type":"Feature","properties":{"Unique ID":3018,"installationName":"EXPLOTACIONES AVÍCOLAS PANZANO, S.L.","Type of Animal":"Poultry"},"geometry":{"type":"Point","coordinates":[-0.296935,41.972884]}},{"type":"Feature","properties":{"Unique ID":3019,"installationName":"SERVICIOS AGRICOLAS CAMBRA SIESO EXPLOTACION PORCINA","Type of Animal":"Pigs"},"geometry":{"type":"Point","coordinates":[-0.299975,41.771505]}},{"type":"Feature","properties":{"Unique ID":3020,"installationName":"ES221120000197-CERDOS-FRAGA","Type of Animal":"Pigs"},"geometry":{"type":"Point","coordinates":[0.215146,41.530099]}},{"type":"Feature","properties":{"Unique ID":3021,"installationName":"MEDITEX EXPLOTACION AVICOLA, PUEBLA DE LA REINA","Type of Animal":"Poultry"},"geometry":{"type":"Point","coordinates":[-6.115528,38.677104]}},{"type":"Feature","properties":{"Unique ID":3022,"installationName":"ES221510000011 LOS CORRALES AGRO MEZQUITA, S.L.","Type of Animal":"Pigs"},"geometry":{"type":"Point","coordinates":[-0.676924,42.199381]}},{"type":"Feature","properties":{"Unique ID":3023,"installationName":"ES221370000141 LANAJA GRUPO PREMIER PIGS, SL","Type of Animal":"Pigs"},"geometry":{"type":"Point","coordinates":[-0.363289,41.746555]}},{"type":"Feature","properties":{"Unique ID":3024,"installationName":"ES221370000142 LANAJA GRUPO PREMIER PIGS, SL","Type of Animal":"Pigs"},"geometry":{"type":"Point","coordinates":[-0.362327,41.767918]}},{"type":"Feature","properties":{"Unique ID":3025,"installationName":"ES222130000189 SARIÑENA-GRUPO PREMIER PIGS, SL","Type of Animal":"Pigs"},"geometry":{"type":"Point","coordinates":[-0.29456,41.727685]}},{"type":"Feature","properties":{"Unique ID":3026,"installationName":"ES222180000012-SENÉS DE ALCUBIERRE-AGROPECUARIA ARILLA SC","Type of Animal":"Pigs"},"geometry":{"type":"Point","coordinates":[0.27077,41.53085]}},{"type":"Feature","properties":{"Unique ID":3027,"installationName":"MAINER TRICAS E HIJAS S.C.- ES229040000055","Type of Animal":"Pigs"},"geometry":{"type":"Point","coordinates":[-0.3526,42.1736]}},{"type":"Feature","properties":{"Unique ID":3028,"installationName":"ES221160000138-GRAÑÉN-TERBO, SA","Type of Animal":"Pigs"},"geometry":{"type":"Point","coordinates":[-0.397564,41.906512]}},{"type":"Feature","properties":{"Unique ID":3029,"installationName":"ES222260000016 TARDIENTA-EXPLOTACION PORCINA ASO, S.C","Type of Animal":"Pigs"},"geometry":{"type":"Point","coordinates":[0.5146,42.009]}},{"type":"Feature","properties":{"Unique ID":3030,"installationName":"ES220770000033-CANDASNOS-AGROPECUARIA LOS VALLS S L","Type of Animal":"Pigs"},"geometry":{"type":"Point","coordinates":[0.057649,41.468239]}},{"type":"Feature","properties":{"Unique ID":3031,"installationName":"ES220490000014-BARBUÉS-LUIS PABLO ORUS DIESTE","Type of Animal":"Pigs"},"geometry":{"type":"Point","coordinates":[-0.451422,41.987733]}},{"type":"Feature","properties":{"Unique ID":3032,"installationName":"ES441690000021-OJOS NEGROS","Type of Animal":"Pigs"},"geometry":{"type":"Point","coordinates":[-1.500291,40.73782]}},{"type":"Feature","properties":{"Unique ID":3033,"installationName":"ES222260000013-TARDIENTA","Type of Animal":"Pigs"},"geometry":{"type":"Point","coordinates":[-0.537437,41.979796]}},{"type":"Feature","properties":{"Unique ID":3034,"installationName":"ES220070000051-ALBALATE DE CINCA","Type of Animal":"Pigs"},"geometry":{"type":"Point","coordinates":[0.156502,41.751613]}},{"type":"Feature","properties":{"Unique ID":3035,"installationName":"ES502520000170-TAUSTE","Type of Animal":"Pigs"},"geometry":{"type":"Point","coordinates":[-1.257817,41.920225]}},{"type":"Feature","properties":{"Unique ID":3036,"installationName":"ES502220000039-QUINTO","Type of Animal":"Pigs"},"geometry":{"type":"Point","coordinates":[-0.497017,41.424913]}},{"type":"Feature","properties":{"Unique ID":3037,"installationName":"ES502400000013-SÁSTAGO","Type of Animal":"Pigs"},"geometry":{"type":"Point","coordinates":[-0.346023,41.322674]}},{"type":"Feature","properties":{"Unique ID":3038,"installationName":"ES221670000046-OSSO DE CINCA","Type of Animal":"Pigs"},"geometry":{"type":"Point","coordinates":[0.20953,41.659947]}},{"type":"Feature","properties":{"Unique ID":3039,"installationName":"ES220600000163-BINACED","Type of Animal":"Pigs"},"geometry":{"type":"Point","coordinates":[0.137266,41.780401]}},{"type":"Feature","properties":{"Unique ID":3040,"installationName":"ES502980000067-ZUERA","Type of Animal":"Pigs"},"geometry":{"type":"Point","coordinates":[-0.729397,41.899995]}},{"type":"Feature","properties":{"Unique ID":3041,"installationName":"ES220270000046-ANGÜÉS - OLMOS","Type of Animal":"Pigs"},"geometry":{"type":"Point","coordinates":[-0.146669,42.092432]}},{"type":"Feature","properties":{"Unique ID":3042,"installationName":"ES221760000025-PERALTILLA","Type of Animal":"Pigs"},"geometry":{"type":"Point","coordinates":[-0.022199,42.034948]}},{"type":"Feature","properties":{"Unique ID":3043,"installationName":"ES220270000045-ANGÜÉS - ARNILLAS","Type of Animal":"Pigs"},"geometry":{"type":"Point","coordinates":[-0.179356,42.078913]}},{"type":"Feature","properties":{"Unique ID":3044,"installationName":"ES222130000131-SARIÑENA","Type of Animal":"Pigs"},"geometry":{"type":"Point","coordinates":[-0.160418,41.76587]}},{"type":"Feature","properties":{"Unique ID":3045,"installationName":"AGROPECUARIA DE CASILLAS","Type of Animal":"Pigs"},"geometry":{"type":"Point","coordinates":[-6.172031,41.059042]}},{"type":"Feature","properties":{"Unique ID":3046,"installationName":"EXPLOTACIÓN DE GANADO PORCINO EL BARRERO","Type of Animal":"Pigs"},"geometry":{"type":"Point","coordinates":[-5.616014,40.878653]}},{"type":"Feature","properties":{"Unique ID":3047,"installationName":"ÁNGEL RODRÍGUEZ PATROCINIO","Type of Animal":"Pigs"},"geometry":{"type":"Point","coordinates":[-5.507403,40.835175]}},{"type":"Feature","properties":{"Unique ID":3048,"installationName":"ES221240000023-HUERTO","Type of Animal":"Pigs"},"geometry":{"type":"Point","coordinates":[-0.170278,41.898839]}},{"type":"Feature","properties":{"Unique ID":3049,"installationName":"ES229080000001-HOZ Y COSTEAN","Type of Animal":"Pigs"},"geometry":{"type":"Point","coordinates":[0.134198,42.139967]}},{"type":"Feature","properties":{"Unique ID":3050,"installationName":"ES221360000170-LALUEZA","Type of Animal":"Pigs"},"geometry":{"type":"Point","coordinates":[-0.258787,41.870405]}},{"type":"Feature","properties":{"Unique ID":3051,"installationName":"ES221740000066-PERALTA DE ALCOFEA","Type of Animal":"Pigs"},"geometry":{"type":"Point","coordinates":[-0.080541,41.958075]}},{"type":"Feature","properties":{"Unique ID":3052,"installationName":"ES222130000151-SARIÑENA","Type of Animal":"Pigs"},"geometry":{"type":"Point","coordinates":[0.0454,41.472]}},{"type":"Feature","properties":{"Unique ID":3053,"installationName":"ES222260000006-TARDIENTA","Type of Animal":"Pigs"},"geometry":{"type":"Point","coordinates":[-0.524791,41.956004]}},{"type":"Feature","properties":{"Unique ID":3054,"installationName":"ES220110000007-ALBERO ALTO","Type of Animal":"Pigs"},"geometry":{"type":"Point","coordinates":[-0.340763,42.038894]}},{"type":"Feature","properties":{"Unique ID":3055,"installationName":"ES221350000036-LALUENGA-FRANCISCO JAVIER PORTA ABOS","Type of Animal":"Pigs"},"geometry":{"type":"Point","coordinates":[0.050525,42.023053]}},{"type":"Feature","properties":{"Unique ID":3056,"installationName":"ES222220000852-SIÉTAMO-GRANJA SIÉTAMO","Type of Animal":"Poultry"},"geometry":{"type":"Point","coordinates":[-0.262148,42.125278]}},{"type":"Feature","properties":{"Unique ID":3057,"installationName":"ES221370000852-LANAJA-GRANJA LANAJA","Type of Animal":"Poultry"},"geometry":{"type":"Point","coordinates":[-0.326555,41.743969]}},{"type":"Feature","properties":{"Unique ID":3058,"installationName":"ES221720000020-PEÑALBA-DAVID BITRIA SOLIVA","Type of Animal":"Pigs"},"geometry":{"type":"Point","coordinates":[-0.02194,41.46305]}},{"type":"Feature","properties":{"Unique ID":3059,"installationName":"ES220630000024 BISCARRUÉS","Type of Animal":"Pigs"},"geometry":{"type":"Point","coordinates":[-0.724626,42.202117]}},{"type":"Feature","properties":{"Unique ID":3060,"installationName":"ES221190000025-GURREA DE GÁLLEGO","Type of Animal":"Pigs"},"geometry":{"type":"Point","coordinates":[-0.737945,42.02146]}},{"type":"Feature","properties":{"Unique ID":3061,"installationName":"ES221930000044-PUEYO DE SANTACRUZ","Type of Animal":"Pigs"},"geometry":{"type":"Point","coordinates":[-0.1526,41.8498]}},{"type":"Feature","properties":{"Unique ID":3062,"installationName":"GRANJA CÁNOVAS","Type of Animal":"Pigs"},"geometry":{"type":"Point","coordinates":[-1.385516,37.821888]}},{"type":"Feature","properties":{"Unique ID":3063,"installationName":"CARRETERO","Type of Animal":"Pigs"},"geometry":{"type":"Point","coordinates":[-1.492038,38.039702]}},{"type":"Feature","properties":{"Unique ID":3064,"installationName":"ES220810000040 - CASBAS DE HUESCA","Type of Animal":"Pigs"},"geometry":{"type":"Point","coordinates":[-0.163252,42.187709]}},{"type":"Feature","properties":{"Unique ID":3065,"installationName":"ES221360000147-LALUEZA","Type of Animal":"Pigs"},"geometry":{"type":"Point","coordinates":[0.1047,41.5213]}},{"type":"Feature","properties":{"Unique ID":3066,"installationName":"ES221370000126-LANAJA","Type of Animal":"Pigs"},"geometry":{"type":"Point","coordinates":[-0.3012,41.7952]}},{"type":"Feature","properties":{"Unique ID":3067,"installationName":"ES221780000013-PERTUSA -MULTICASTEL, S.L.","Type of Animal":"Pigs"},"geometry":{"type":"Point","coordinates":[-0.106352,42.01617]}},{"type":"Feature","properties":{"Unique ID":3068,"installationName":"ES220250000007-ALTORRICON","Type of Animal":"Pigs"},"geometry":{"type":"Point","coordinates":[0.434525,41.784815]}},{"type":"Feature","properties":{"Unique ID":3069,"installationName":"ES221810000015","Type of Animal":"Pigs"},"geometry":{"type":"Point","coordinates":[0.316769,41.987879]}},{"type":"Feature","properties":{"Unique ID":3070,"installationName":"ES220640000025-BLECUA Y TORRES","Type of Animal":"Pigs"},"geometry":{"type":"Point","coordinates":[-0.214261,42.082324]}},{"type":"Feature","properties":{"Unique ID":3071,"installationName":"ES220640000020-BLECUA Y TORRES","Type of Animal":"Pigs"},"geometry":{"type":"Point","coordinates":[0.202348,42.089049]}},{"type":"Feature","properties":{"Unique ID":3072,"installationName":"ES221580000231-MONZÓN","Type of Animal":"Pigs"},"geometry":{"type":"Point","coordinates":[-0.14114,41.928754]}},{"type":"Feature","properties":{"Unique ID":3073,"installationName":"ES222540000852-ZAIDÍN","Type of Animal":"Poultry"},"geometry":{"type":"Point","coordinates":[0.25091,41.678227]}},{"type":"Feature","properties":{"Unique ID":3074,"installationName":"ES222170000007-SENA","Type of Animal":"Pigs"},"geometry":{"type":"Point","coordinates":[0.061594,41.731397]}},{"type":"Feature","properties":{"Unique ID":3075,"installationName":"ES222350000021-TORRES DE ALCANADRE","Type of Animal":"Pigs"},"geometry":{"type":"Point","coordinates":[0.109339,41.937761]}},{"type":"Feature","properties":{"Unique ID":3076,"installationName":"Granja La Plana","Type of Animal":"Pigs"},"geometry":{"type":"Point","coordinates":[0.963071,41.750912]}},{"type":"Feature","properties":{"Unique ID":3077,"installationName":"Granja La Devesa","Type of Animal":"Pigs"},"geometry":{"type":"Point","coordinates":[1.166811,41.869087]}},{"type":"Feature","properties":{"Unique ID":3078,"installationName":"Granja La Vall","Type of Animal":"Pigs"},"geometry":{"type":"Point","coordinates":[0.912202,41.834874]}},{"type":"Feature","properties":{"Unique ID":3079,"installationName":"GRANJA VIÑOLAS COLL","Type of Animal":"Pigs"},"geometry":{"type":"Point","coordinates":[0.690665,41.576754]}},{"type":"Feature","properties":{"Unique ID":3080,"installationName":"Granja Baró","Type of Animal":"Pigs"},"geometry":{"type":"Point","coordinates":[1.21903,41.884805]}},{"type":"Feature","properties":{"Unique ID":3081,"installationName":"Les Salines","Type of Animal":"Pigs"},"geometry":{"type":"Point","coordinates":[0.787042,41.92007]}},{"type":"Feature","properties":{"Unique ID":3082,"installationName":"Granja Coscollera","Type of Animal":"Pigs"},"geometry":{"type":"Point","coordinates":[1.044348,41.824592]}},{"type":"Feature","properties":{"Unique ID":3083,"installationName":"Granja Agra","Type of Animal":"Pigs"},"geometry":{"type":"Point","coordinates":[1.169688,41.197556]}},{"type":"Feature","properties":{"Unique ID":3084,"installationName":"MAS DE SANT PERE","Type of Animal":"Pigs"},"geometry":{"type":"Point","coordinates":[1.924657,41.8412]}},{"type":"Feature","properties":{"Unique ID":3085,"installationName":"Subirats i Benabarre","Type of Animal":"Poultry"},"geometry":{"type":"Point","coordinates":[0.448055,40.688045]}},{"type":"Feature","properties":{"Unique ID":3086,"installationName":"Granja Sarri","Type of Animal":"Pigs"},"geometry":{"type":"Point","coordinates":[0.928157,41.618739]}},{"type":"Feature","properties":{"Unique ID":3087,"installationName":"Granja Marin","Type of Animal":"Pigs"},"geometry":{"type":"Point","coordinates":[0.995728,41.556783]}},{"type":"Feature","properties":{"Unique ID":3088,"installationName":"La Sala - Truges","Type of Animal":"Pigs"},"geometry":{"type":"Point","coordinates":[2.053902,41.993397]}},{"type":"Feature","properties":{"Unique ID":3089,"installationName":"L´Estepà","Type of Animal":"Poultry"},"geometry":{"type":"Point","coordinates":[3.041191,42.156083]}},{"type":"Feature","properties":{"Unique ID":3090,"installationName":"Granja Lleixà","Type of Animal":"Pigs"},"geometry":{"type":"Point","coordinates":[0.437752,40.687339]}},{"type":"Feature","properties":{"Unique ID":3091,"installationName":"Granja Roca Tiurana","Type of Animal":"Pigs"},"geometry":{"type":"Point","coordinates":[1.034805,41.793709]}},{"type":"Feature","properties":{"Unique ID":3092,"installationName":"Cesar Quintana","Type of Animal":"Pigs"},"geometry":{"type":"Point","coordinates":[0.642683,41.510582]}},{"type":"Feature","properties":{"Unique ID":3093,"installationName":"Granja Masoveret","Type of Animal":"Poultry"},"geometry":{"type":"Point","coordinates":[1.365546,41.507298]}},{"type":"Feature","properties":{"Unique ID":3094,"installationName":"Explotacions Ramaderes Grau","Type of Animal":"Pigs"},"geometry":{"type":"Point","coordinates":[3.057784,42.167874]}},{"type":"Feature","properties":{"Unique ID":3095,"installationName":"Ramaderia Valldecom","Type of Animal":"Pigs"},"geometry":{"type":"Point","coordinates":[1.322133,41.921393]}},{"type":"Feature","properties":{"Unique ID":3096,"installationName":"Vinyasses","Type of Animal":"Pigs"},"geometry":{"type":"Point","coordinates":[0.302675,40.936413]}},{"type":"Feature","properties":{"Unique ID":3097,"installationName":"Granja Albert Gòdia","Type of Animal":"Pigs"},"geometry":{"type":"Point","coordinates":[0.494301,41.611637]}},{"type":"Feature","properties":{"Unique ID":3098,"installationName":"Granja Rubau Miró","Type of Animal":"Pigs"},"geometry":{"type":"Point","coordinates":[0.558669,41.696907]}},{"type":"Feature","properties":{"Unique ID":3099,"installationName":"El Renc","Type of Animal":"Pigs"},"geometry":{"type":"Point","coordinates":[2.945738,42.336743]}},{"type":"Feature","properties":{"Unique ID":3100,"installationName":"Granja Agricola Miquel, SCP","Type of Animal":"Pigs"},"geometry":{"type":"Point","coordinates":[0.9144,41.552112]}},{"type":"Feature","properties":{"Unique ID":3101,"installationName":"Sans","Type of Animal":"Pigs"},"geometry":{"type":"Point","coordinates":[0.875804,41.58064]}},{"type":"Feature","properties":{"Unique ID":3102,"installationName":"Cuiné","Type of Animal":"Poultry"},"geometry":{"type":"Point","coordinates":[1.522117,41.797249]}},{"type":"Feature","properties":{"Unique ID":3103,"installationName":"La Torreta II","Type of Animal":"Poultry"},"geometry":{"type":"Point","coordinates":[0.736022,41.788972]}},{"type":"Feature","properties":{"Unique ID":3104,"installationName":"Canonges \"Granja Nova\"","Type of Animal":"Pigs"},"geometry":{"type":"Point","coordinates":[0.502793,41.62199]}},{"type":"Feature","properties":{"Unique ID":3105,"installationName":"La Roquera","Type of Animal":"Pigs"},"geometry":{"type":"Point","coordinates":[1.836091,41.999221]}},{"type":"Feature","properties":{"Unique ID":3106,"installationName":"La Riba","Type of Animal":"Pigs"},"geometry":{"type":"Point","coordinates":[2.035625,41.939682]}},{"type":"Feature","properties":{"Unique ID":3107,"installationName":"Granja Avícola Perelló-Pairada, SCP","Type of Animal":"Poultry"},"geometry":{"type":"Point","coordinates":[0.915078,41.534741]}},{"type":"Feature","properties":{"Unique ID":3108,"installationName":"Granja Sant Miquel","Type of Animal":"Pigs"},"geometry":{"type":"Point","coordinates":[2.298866,41.997127]}},{"type":"Feature","properties":{"Unique ID":3109,"installationName":"GRANJA DOLCET BADIA","Type of Animal":"Pigs"},"geometry":{"type":"Point","coordinates":[0.514965,41.596649]}},{"type":"Feature","properties":{"Unique ID":3110,"installationName":"Granja Malla","Type of Animal":"Pigs"},"geometry":{"type":"Point","coordinates":[0.601546,41.723667]}},{"type":"Feature","properties":{"Unique ID":3111,"installationName":"Granja Huguet","Type of Animal":"Poultry"},"geometry":{"type":"Point","coordinates":[0.983974,41.795449]}},{"type":"Feature","properties":{"Unique ID":3112,"installationName":"Granja Avícola Ros Herbera","Type of Animal":"Poultry"},"geometry":{"type":"Point","coordinates":[0.605963,41.514669]}},{"type":"Feature","properties":{"Unique ID":3113,"installationName":"Granja Gili","Type of Animal":"Pigs"},"geometry":{"type":"Point","coordinates":[0.928765,41.793655]}},{"type":"Feature","properties":{"Unique ID":3114,"installationName":"Gatén","Type of Animal":"Pigs"},"geometry":{"type":"Point","coordinates":[0.845181,41.670351]}},{"type":"Feature","properties":{"Unique ID":3115,"installationName":"Marmí","Type of Animal":"Pigs"},"geometry":{"type":"Point","coordinates":[1.408233,41.996679]}},{"type":"Feature","properties":{"Unique ID":3116,"installationName":"Cal Tonillo","Type of Animal":"Pigs"},"geometry":{"type":"Point","coordinates":[1.069354,42.06812]}},{"type":"Feature","properties":{"Unique ID":3117,"installationName":"Granja Corbatera","Type of Animal":"Pigs"},"geometry":{"type":"Point","coordinates":[2.155447,42.090423]}},{"type":"Feature","properties":{"Unique ID":3118,"installationName":"Granja Pedescoll","Type of Animal":"Pigs"},"geometry":{"type":"Point","coordinates":[0.827557,41.774583]}},{"type":"Feature","properties":{"Unique ID":3119,"installationName":"Granjas Zas, SL","Type of Animal":"Pigs"},"geometry":{"type":"Point","coordinates":[-7.851841,42.9327]}},{"type":"Feature","properties":{"Unique ID":3120,"installationName":"EXPLOTACION AV??COLA A MOA","Type of Animal":"Poultry"},"geometry":{"type":"Point","coordinates":[-7.71413,41.95157]}},{"type":"Feature","properties":{"Unique ID":3121,"installationName":"AVICOLA MONTELODOSO","Type of Animal":"Poultry"},"geometry":{"type":"Point","coordinates":[-7.7911,43.03101]}},{"type":"Feature","properties":{"Unique ID":3122,"installationName":"AVIPOR SILLEDA S.L.","Type of Animal":"Pigs"},"geometry":{"type":"Point","coordinates":[-8.240411,42.743605]}},{"type":"Feature","properties":{"Unique ID":3123,"installationName":"ALDEOVO, S.L.","Type of Animal":"Poultry"},"geometry":{"type":"Point","coordinates":[-8.10833,42.6622]}},{"type":"Feature","properties":{"Unique ID":3124,"installationName":"ES221020000801-ESTADA","Type of Animal":"Poultry"},"geometry":{"type":"Point","coordinates":[0.232088,42.071144]}},{"type":"Feature","properties":{"Unique ID":3125,"installationName":"ES221030000088-ESTADILLA","Type of Animal":"Pigs"},"geometry":{"type":"Point","coordinates":[0.25046,42.033696]}},{"type":"Feature","properties":{"Unique ID":3126,"installationName":"EXPLOTACION PORCINA DE CEBO “EL GALEÓN III”","Type of Animal":"Pigs"},"geometry":{"type":"Point","coordinates":[-4.943,37.17]}},{"type":"Feature","properties":{"Unique ID":3127,"installationName":"EXPLOTACIÓN INTENSIVA PORCINA GRANJA SAN JAVIER","Type of Animal":"Pigs"},"geometry":{"type":"Point","coordinates":[-4.915,37.188]}},{"type":"Feature","properties":{"Unique ID":3128,"installationName":"GRANJA PORCINA “LA LONGANIZA”","Type of Animal":"Pigs"},"geometry":{"type":"Point","coordinates":[-5.008,37.11]}},{"type":"Feature","properties":{"Unique ID":3129,"installationName":"EXPLOTACIÓN AVÍCOLA DE MULTIPLICACION GRANJA ITALICA","Type of Animal":"Poultry"},"geometry":{"type":"Point","coordinates":[-6.051,37.449]}},{"type":"Feature","properties":{"Unique ID":3130,"installationName":"GRANJA AVICOLA PARAJE MATA JUAREZ","Type of Animal":"Poultry"},"geometry":{"type":"Point","coordinates":[-4.763,37.203]}},{"type":"Feature","properties":{"Unique ID":3131,"installationName":"ALIMENTARIA ARTESANA","Type of Animal":"Pigs"},"geometry":{"type":"Point","coordinates":[-3.127,38.268]}},{"type":"Feature","properties":{"Unique ID":3132,"installationName":"Finca Cortijo Cubero","Type of Animal":"Pigs"},"geometry":{"type":"Point","coordinates":[-2.579,37.87]}},{"type":"Feature","properties":{"Unique ID":3133,"installationName":"ES221780000012-PERTUSA","Type of Animal":"Pigs"},"geometry":{"type":"Point","coordinates":[0.155387,42.008252]}},{"type":"Feature","properties":{"Unique ID":3134,"installationName":"ES229080000003-HOZ Y COSTEAN","Type of Animal":"Pigs"},"geometry":{"type":"Point","coordinates":[0.25046,42.033696]}},{"type":"Feature","properties":{"Unique ID":3135,"installationName":"EXPLOTACIÓN PORCINA DE CEBO DE IBÉRICO NÚCLEO 10","Type of Animal":"Pigs"},"geometry":{"type":"Point","coordinates":[-1.534,38.47]}},{"type":"Feature","properties":{"Unique ID":3136,"installationName":"AAI-AB-080 CEBO DE IBÉRICO NÚCLEO 11","Type of Animal":"Pigs"},"geometry":{"type":"Point","coordinates":[-1.5192,38.4714]}},{"type":"Feature","properties":{"Unique ID":3137,"installationName":"EXPLOTACIÓN PORCINA DE CEBO DE IBÉRICO NÚCLEO 12","Type of Animal":"Pigs"},"geometry":{"type":"Point","coordinates":[-1.4925,38.4762]}},{"type":"Feature","properties":{"Unique ID":3138,"installationName":"EXPLOTACIÓN AVÍCOLA DE CEBO","Type of Animal":"Poultry"},"geometry":{"type":"Point","coordinates":[-2.1804,39.2367]}},{"type":"Feature","properties":{"Unique ID":3139,"installationName":"CEBADERO DE PORCINO","Type of Animal":"Pigs"},"geometry":{"type":"Point","coordinates":[-1.6983,39.7425]}},{"type":"Feature","properties":{"Unique ID":3140,"installationName":"PORCINOS CUERVA, S. L.","Type of Animal":"Pigs"},"geometry":{"type":"Point","coordinates":[-4.245,39.6431]}},{"type":"Feature","properties":{"Unique ID":3141,"installationName":"FRANCISCO JAVIER FERNANDEZ GONZALEZ","Type of Animal":"Pigs"},"geometry":{"type":"Point","coordinates":[-4.6972,39.885]}},{"type":"Feature","properties":{"Unique ID":3142,"installationName":"AVICOLA DORADO, S. L.","Type of Animal":"Poultry"},"geometry":{"type":"Point","coordinates":[-3.6119,39.5382]}},{"type":"Feature","properties":{"Unique ID":3143,"installationName":"JOSE MARIA BONILLA GOMEZ","Type of Animal":"Pigs"},"geometry":{"type":"Point","coordinates":[-4.7096,39.9607]}},{"type":"Feature","properties":{"Unique ID":3144,"installationName":"INSTALACIÓN DE PORCINO DE CEBO DE 7.200 PLAZAS","Type of Animal":"Pigs"},"geometry":{"type":"Point","coordinates":[-3.7129,39.4955]}},{"type":"Feature","properties":{"Unique ID":3145,"installationName":"EXPLOTACIONES PEÑA (GRANJA LA PASTORA)","Type of Animal":"Pigs"},"geometry":{"type":"Point","coordinates":[-4.2853,39.9632]}},{"type":"Feature","properties":{"Unique ID":3146,"installationName":"GRAVERAS Y CONSTRUCCIONES LOS MIGUELES, S.L. TOBOSO)","Type of Animal":"Pigs"},"geometry":{"type":"Point","coordinates":[-3.0547,39.4611]}},{"type":"Feature","properties":{"Unique ID":3147,"installationName":"S.A.T. 6526 HNOS LOPEZ","Type of Animal":"Pigs"},"geometry":{"type":"Point","coordinates":[-5.10644,39.8474]}},{"type":"Feature","properties":{"Unique ID":3148,"installationName":"SEGOMASA PORCINO, S. L.","Type of Animal":"Pigs"},"geometry":{"type":"Point","coordinates":[-4.6361,39.9916]}},{"type":"Feature","properties":{"Unique ID":3149,"installationName":"ES222200000853-SESA","Type of Animal":"Poultry"},"geometry":{"type":"Point","coordinates":[0.263432,41.992553]}},{"type":"Feature","properties":{"Unique ID":3150,"installationName":"BROILERS MONTAÑO, S.L.","Type of Animal":"Poultry"},"geometry":{"type":"Point","coordinates":[-1.216976,39.602075]}},{"type":"Feature","properties":{"Unique ID":3151,"installationName":"JOSE VILLAR PEÑALVER","Type of Animal":"Poultry"},"geometry":{"type":"Point","coordinates":[-0.596856,39.627408]}},{"type":"Feature","properties":{"Unique ID":3152,"installationName":"MARCO LA MONESA S.L.","Type of Animal":"Pigs"},"geometry":{"type":"Point","coordinates":[-1.540838,41.552829]}},{"type":"Feature","properties":{"Unique ID":3153,"installationName":"NUGARO, S.L.","Type of Animal":"Poultry"},"geometry":{"type":"Point","coordinates":[-0.079277,40.326839]}},{"type":"Feature","properties":{"Unique ID":3154,"installationName":"BATOR RUBIO EL CAMPILLO, S.C.","Type of Animal":"Pigs"},"geometry":{"type":"Point","coordinates":[-1.853134,41.889847]}},{"type":"Feature","properties":{"Unique ID":3155,"installationName":"DEPORCYL - GRANJA DE GUARDO","Type of Animal":"Pigs"},"geometry":{"type":"Point","coordinates":[-4.828132,42.76989]}},{"type":"Feature","properties":{"Unique ID":3156,"installationName":"JULIO JOSÉ RODRIGÁLVAREZ PINILLA","Type of Animal":"Pigs"},"geometry":{"type":"Point","coordinates":[-2.20524,41.331834]}},{"type":"Feature","properties":{"Unique ID":3157,"installationName":"FERCELES, S.L- ORBITA","Type of Animal":"Pigs"},"geometry":{"type":"Point","coordinates":[-4.671657,40.98477]}},{"type":"Feature","properties":{"Unique ID":3158,"installationName":"GUZMÁN PASTOR SANDÍN","Type of Animal":"Pigs"},"geometry":{"type":"Point","coordinates":[-5.824865,41.938798]}},{"type":"Feature","properties":{"Unique ID":3159,"installationName":"HERMANOS VILLAR GALINDO, S.C.","Type of Animal":"Poultry"},"geometry":{"type":"Point","coordinates":[-4.088616,41.421738]}},{"type":"Feature","properties":{"Unique ID":3160,"installationName":"ES221580000015-MONZÓN","Type of Animal":"Pigs"},"geometry":{"type":"Point","coordinates":[0.261538,41.883424]}},{"type":"Feature","properties":{"Unique ID":3161,"installationName":"LOS LLANOS, T.C.","Type of Animal":"Pigs"},"geometry":{"type":"Point","coordinates":[-1.882913,41.958559]}},{"type":"Feature","properties":{"Unique ID":3162,"installationName":"ALVIMA PORCINO, S. L. BAÑARES","Type of Animal":"Pigs"},"geometry":{"type":"Point","coordinates":[-2.91073,42.466909]}},{"type":"Feature","properties":{"Unique ID":3163,"installationName":"GRANJA LOS ÁRBOLES, S.C.","Type of Animal":"Poultry"},"geometry":{"type":"Point","coordinates":[-2.935186,42.457006]}},{"type":"Feature","properties":{"Unique ID":3164,"installationName":"ES221190000029-GURREA DE GÁLLEGO ","Type of Animal":"Pigs"},"geometry":{"type":"Point","coordinates":[0.424742,42.581605]}},{"type":"Feature","properties":{"Unique ID":3165,"installationName":"ESMERALDA CAMBRA SIESO-ES221370000139","Type of Animal":"Pigs"},"geometry":{"type":"Point","coordinates":[0.21575,42.433265]}},{"type":"Feature","properties":{"Unique ID":3166,"installationName":"ES500950000347-EJEA DE LOS CABALLEROS","Type of Animal":"Pigs"},"geometry":{"type":"Point","coordinates":[-1.249888,42.196759]}},{"type":"Feature","properties":{"Unique ID":3167,"installationName":"ES500950000331-EJEA DE LOS CABALLEROS","Type of Animal":"Pigs"},"geometry":{"type":"Point","coordinates":[-1.238464,42.037033]}},{"type":"Feature","properties":{"Unique ID":3168,"installationName":"INMA SARASA","Type of Animal":"Pigs"},"geometry":{"type":"Point","coordinates":[-0.684718,42.067178]}},{"type":"Feature","properties":{"Unique ID":3169,"installationName":"LOS JACINTOS EXPLOTACIÓN PORCINA","Type of Animal":"Pigs"},"geometry":{"type":"Point","coordinates":[-1.12633,37.742879]}},{"type":"Feature","properties":{"Unique ID":3170,"installationName":"PARAJE CUEVA PAGAN-CUEVAS DEL REYLLO","Type of Animal":"Pigs"},"geometry":{"type":"Point","coordinates":[-1.26689,37.70647]}},{"type":"Feature","properties":{"Unique ID":3171,"installationName":"ES501510000042-LUNA","Type of Animal":"Pigs"},"geometry":{"type":"Point","coordinates":[-0.932507,42.166459]}},{"type":"Feature","properties":{"Unique ID":3172,"installationName":"ES220210000058-ALMUDÉVAR","Type of Animal":"Pigs"},"geometry":{"type":"Point","coordinates":[-0.547636,42.130955]}},{"type":"Feature","properties":{"Unique ID":3173,"installationName":"BELEN ECHEVERRIA ZALDUENDO","Type of Animal":"Poultry"},"geometry":{"type":"Point","coordinates":[-2.092264,42.589497]}},{"type":"Feature","properties":{"Unique ID":3174,"installationName":"JORGE MARTIN ESTALLO","Type of Animal":"Pigs"},"geometry":{"type":"Point","coordinates":[-0.232088,41.769743]}},{"type":"Feature","properties":{"Unique ID":3175,"installationName":"GANAGREX, SLU. (ES221620000023-NOVALES)","Type of Animal":"Pigs"},"geometry":{"type":"Point","coordinates":[-0.314117,42.022521]}},{"type":"Feature","properties":{"Unique ID":3176,"installationName":"GRANJA URRUTIA-LARRAGA","Type of Animal":"Pigs"},"geometry":{"type":"Point","coordinates":[-1.442261,42.378651]}},{"type":"Feature","properties":{"Unique ID":3177,"installationName":"GRANJA BLASCO","Type of Animal":"Poultry"},"geometry":{"type":"Point","coordinates":[-2.191905,42.568292]}},{"type":"Feature","properties":{"Unique ID":3178,"installationName":"GRANJA JOAR","Type of Animal":"Pigs"},"geometry":{"type":"Point","coordinates":[-2.215366,42.615035]}},{"type":"Feature","properties":{"Unique ID":3179,"installationName":"GONZALO AZCONA","Type of Animal":"Poultry"},"geometry":{"type":"Point","coordinates":[-1.998247,42.691157]}},{"type":"Feature","properties":{"Unique ID":3180,"installationName":"ES440070000006","Type of Animal":"Pigs"},"geometry":{"type":"Point","coordinates":[-1.345719,40.61799]}},{"type":"Feature","properties":{"Unique ID":3181,"installationName":"JORGE MONTES MAIRAL (ES221240000030-HUERTO)","Type of Animal":"Pigs"},"geometry":{"type":"Point","coordinates":[0.112909,41.572329]}},{"type":"Feature","properties":{"Unique ID":3182,"installationName":"ES440130000050","Type of Animal":"Pigs"},"geometry":{"type":"Point","coordinates":[-0.25203,41.107771]}},{"type":"Feature","properties":{"Unique ID":3183,"installationName":"PEDRO BARLUENGA PRADEL (ES222260000013-TARDIENTA)","Type of Animal":"Pigs"},"geometry":{"type":"Point","coordinates":[-0.536539,41.997761]}},{"type":"Feature","properties":{"Unique ID":3184,"installationName":"GRANJA LORENZO ELBAILE","Type of Animal":"Pigs"},"geometry":{"type":"Point","coordinates":[-0.257897,41.84178]}},{"type":"Feature","properties":{"Unique ID":3185,"installationName":"ES222510000016 VILLANUEVA DE SIGENA","Type of Animal":"Pigs"},"geometry":{"type":"Point","coordinates":[-0.008744,41.715222]}},{"type":"Feature","properties":{"Unique ID":3186,"installationName":"MIGUEL BALAGUER RIBA","Type of Animal":"Poultry"},"geometry":{"type":"Point","coordinates":[-0.134581,40.870513]}},{"type":"Feature","properties":{"Unique ID":3187,"installationName":"JOSE ANTONIO MANCHO TRALLERO (ES221780000017-PERTUSA)","Type of Animal":"Pigs"},"geometry":{"type":"Point","coordinates":[-0.101376,42.006456]}},{"type":"Feature","properties":{"Unique ID":3188,"installationName":"ES502060000019-PERDIGUERA","Type of Animal":"Pigs"},"geometry":{"type":"Point","coordinates":[-0.637648,41.723588]}},{"type":"Feature","properties":{"Unique ID":3189,"installationName":"ES220600000159","Type of Animal":"Pigs"},"geometry":{"type":"Point","coordinates":[0.245093,41.848633]}},{"type":"Feature","properties":{"Unique ID":3190,"installationName":"Mª JOSÉ GARCÍA GUTIÉRREZ","Type of Animal":"Pigs"},"geometry":{"type":"Point","coordinates":[-0.225616,42.098871]}},{"type":"Feature","properties":{"Unique ID":3191,"installationName":"ES22250000800","Type of Animal":"Poultry"},"geometry":{"type":"Point","coordinates":[0.437654,41.856929]}},{"type":"Feature","properties":{"Unique ID":3192,"installationName":"ES221780000019-PERTUSA","Type of Animal":"Pigs"},"geometry":{"type":"Point","coordinates":[-0.126979,42.002308]}},{"type":"Feature","properties":{"Unique ID":3193,"installationName":"ES221780000018-PERTUSA","Type of Animal":"Pigs"},"geometry":{"type":"Point","coordinates":[-0.126979,42.002308]}},{"type":"Feature","properties":{"Unique ID":3194,"installationName":"INICIATIVAS JUAN ARTO","Type of Animal":"Pigs"},"geometry":{"type":"Point","coordinates":[-0.783592,42.596682]}},{"type":"Feature","properties":{"Unique ID":3195,"installationName":"LA FILADA S.C","Type of Animal":"Pigs"},"geometry":{"type":"Point","coordinates":[-0.278145,41.948762]}},{"type":"Feature","properties":{"Unique ID":3196,"installationName":"ES502980000069-ZUERA","Type of Animal":"Pigs"},"geometry":{"type":"Point","coordinates":[-0.75744,41.93514]}},{"type":"Feature","properties":{"Unique ID":3197,"installationName":"GANADEROS ESCOLÁSTICOS EL CAMPILLO - PINOALTO","Type of Animal":"Pigs"},"geometry":{"type":"Point","coordinates":[-4.783658,41.359937]}},{"type":"Feature","properties":{"Unique ID":3198,"installationName":"GRUPO PREMIER PIGS, S.L. (ES221370000144-LANAJA)","Type of Animal":"Pigs"},"geometry":{"type":"Point","coordinates":[-0.364315,41.759501]}},{"type":"Feature","properties":{"Unique ID":3199,"installationName":"ES220220000040","Type of Animal":"Pigs"},"geometry":{"type":"Point","coordinates":[0.241893,41.974578]}},{"type":"Feature","properties":{"Unique ID":3200,"installationName":"INPORBA CASPE","Type of Animal":"Pigs"},"geometry":{"type":"Point","coordinates":[-0.011106,41.234401]}},{"type":"Feature","properties":{"Unique ID":3201,"installationName":"PEDREGALES","Type of Animal":"Pigs"},"geometry":{"type":"Point","coordinates":[-0.44493,41.212825]}},{"type":"Feature","properties":{"Unique ID":3202,"installationName":"ES442200000045","Type of Animal":"Pigs"},"geometry":{"type":"Point","coordinates":[-1.459178,40.890144]}},{"type":"Feature","properties":{"Unique ID":3203,"installationName":"IBERFEED","Type of Animal":"Poultry"},"geometry":{"type":"Point","coordinates":[-1.001788,40.634799]}},{"type":"Feature","properties":{"Unique ID":3204,"installationName":"CERDOS MONEGRILLO ES501700000017","Type of Animal":"Pigs"},"geometry":{"type":"Point","coordinates":[-0.905,41.671]}},{"type":"Feature","properties":{"Unique ID":3205,"installationName":"ANDRES SUSIN CASAS","Type of Animal":"Pigs"},"geometry":{"type":"Point","coordinates":[-0.393304,41.916411]}},{"type":"Feature","properties":{"Unique ID":3206,"installationName":"ES502670000005-CERDOS-UNCASTILLO","Type of Animal":"Pigs"},"geometry":{"type":"Point","coordinates":[-1.163204,42.339003]}},{"type":"Feature","properties":{"Unique ID":3207,"installationName":"INPORBA ALCALA DEL OBISPO","Type of Animal":"Pigs"},"geometry":{"type":"Point","coordinates":[-0.317747,42.088892]}},{"type":"Feature","properties":{"Unique ID":3208,"installationName":"ES221360000169-PORCINO-LALUEZA","Type of Animal":"Pigs"},"geometry":{"type":"Point","coordinates":[-0.327082,41.820417]}},{"type":"Feature","properties":{"Unique ID":3209,"installationName":"AGROPECUARIA EL TORMILLO - MONTIJAR","Type of Animal":"Pigs"},"geometry":{"type":"Point","coordinates":[-0.028447,41.835458]}},{"type":"Feature","properties":{"Unique ID":3210,"installationName":"AGROPECUARIA EL TORMILLO, S.L. - FUENTE NUEVA","Type of Animal":"Pigs"},"geometry":{"type":"Point","coordinates":[-0.021052,41.845164]}},{"type":"Feature","properties":{"Unique ID":3211,"installationName":"EXPLOTACIÓN DE GANADO PORCINO","Type of Animal":"Pigs"},"geometry":{"type":"Point","coordinates":[-1.746041,37.526699]}},{"type":"Feature","properties":{"Unique ID":3212,"installationName":"EXPLOTACIÓN DE GANADO PORCINO","Type of Animal":"Pigs"},"geometry":{"type":"Point","coordinates":[-1.894661,37.739818]}},{"type":"Feature","properties":{"Unique ID":3213,"installationName":"EXPLOTACIÓN DE GANADO PORCINO","Type of Animal":"Pigs"},"geometry":{"type":"Point","coordinates":[-1.666503,37.531568]}},{"type":"Feature","properties":{"Unique ID":3214,"installationName":"EXPLOTACIÓN DE GANADO PORCINO","Type of Animal":"Pigs"},"geometry":{"type":"Point","coordinates":[-1.807826,37.456188]}},{"type":"Feature","properties":{"Unique ID":3215,"installationName":"LUIS SERES MOLINERO","Type of Animal":"Pigs"},"geometry":{"type":"Point","coordinates":[0.285137,41.666571]}},{"type":"Feature","properties":{"Unique ID":3216,"installationName":"GRANJA ALCAMPELL","Type of Animal":"Pigs"},"geometry":{"type":"Point","coordinates":[0.433141,41.905808]}},{"type":"Feature","properties":{"Unique ID":3217,"installationName":"JUAN MANUEL NADAL BEIRED (ES220210000052-ARTASONA DEL LLANO)","Type of Animal":"Pigs"},"geometry":{"type":"Point","coordinates":[-0.598135,41.994422]}},{"type":"Feature","properties":{"Unique ID":3218,"installationName":"ES501540000804-MAINAR","Type of Animal":"Poultry"},"geometry":{"type":"Point","coordinates":[-1.307664,41.204054]}},{"type":"Feature","properties":{"Unique ID":3219,"installationName":"ES501540000805-MAINAR","Type of Animal":"Poultry"},"geometry":{"type":"Point","coordinates":[-1.293114,41.212209]}},{"type":"Feature","properties":{"Unique ID":3220,"installationName":"ES440510000022","Type of Animal":"Pigs"},"geometry":{"type":"Point","coordinates":[-0.231502,40.940785]}},{"type":"Feature","properties":{"Unique ID":3221,"installationName":"ES220430000016- CERDOS-BAELLS","Type of Animal":"Pigs"},"geometry":{"type":"Point","coordinates":[0.293755,41.545658]}},{"type":"Feature","properties":{"Unique ID":3222,"installationName":"PIGASUR","Type of Animal":"Pigs"},"geometry":{"type":"Point","coordinates":[-1.77,37.79]}},{"type":"Feature","properties":{"Unique ID":3223,"installationName":"CUMBRES II - CEBADERO","Type of Animal":"Pigs"},"geometry":{"type":"Point","coordinates":[-5.775816,38.569706]}},{"type":"Feature","properties":{"Unique ID":3224,"installationName":"FINCA EL SILO, S.L.","Type of Animal":"Pigs"},"geometry":{"type":"Point","coordinates":[-6.255188,38.204015]}},{"type":"Feature","properties":{"Unique ID":3225,"installationName":"GRANJAS DE LA VERA","Type of Animal":"Poultry"},"geometry":{"type":"Point","coordinates":[-5.614563,40.033063]}},{"type":"Feature","properties":{"Unique ID":3226,"installationName":"EXPLOTACIÓN PORCINA \"CARTERO\"","Type of Animal":"Pigs"},"geometry":{"type":"Point","coordinates":[-6.144,38.359]}},{"type":"Feature","properties":{"Unique ID":3227,"installationName":"ES509010000002-BIEL-CON INCINERADORA CADAVERES","Type of Animal":"Pigs"},"geometry":{"type":"Point","coordinates":[-0.906306,42.341045]}},{"type":"Feature","properties":{"Unique ID":3228,"installationName":"DELFIN PEJENAUTE FERNANDEZ","Type of Animal":"Pigs"},"geometry":{"type":"Point","coordinates":[-1.691864,42.217645]}},{"type":"Feature","properties":{"Unique ID":3229,"installationName":"ES220170000058-CERDOS-ALCOLEA","Type of Animal":"Pigs"},"geometry":{"type":"Point","coordinates":[0.075379,41.71327]}},{"type":"Feature","properties":{"Unique ID":3230,"installationName":"ALBALATILLO  1","Type of Animal":"Pigs"},"geometry":{"type":"Point","coordinates":[-0.167263,41.73234]}},{"type":"Feature","properties":{"Unique ID":3231,"installationName":"HERMANOS ANTOLINO RUIZ","Type of Animal":"Pigs"},"geometry":{"type":"Point","coordinates":[-1.208169,41.943017]}},{"type":"Feature","properties":{"Unique ID":3232,"installationName":"ES501020000037 AR PORCINO 2017","Type of Animal":"Pigs"},"geometry":{"type":"Point","coordinates":[0.135068,41.221717]}},{"type":"Feature","properties":{"Unique ID":3233,"installationName":"ES500060000021","Type of Animal":"Pigs"},"geometry":{"type":"Point","coordinates":[-1.31295,41.475179]}},{"type":"Feature","properties":{"Unique ID":3234,"installationName":"JOSE ESCUDER LAFUENTE","Type of Animal":"Pigs"},"geometry":{"type":"Point","coordinates":[0.34606,41.798969]}},{"type":"Feature","properties":{"Unique ID":3235,"installationName":"EXPLOTACIONES PORCINAS SANGARREN, S.L. (ES222060000021-SANGARREN)","Type of Animal":"Pigs"},"geometry":{"type":"Point","coordinates":[-0.457179,42.001072]}},{"type":"Feature","properties":{"Unique ID":3236,"installationName":"EXPLOTACIÓN DE GANADO PORCINO","Type of Animal":"Pigs"},"geometry":{"type":"Point","coordinates":[-1.735595,37.518059]}},{"type":"Feature","properties":{"Unique ID":3237,"installationName":"Granja Adaja","Type of Animal":"Pigs"},"geometry":{"type":"Point","coordinates":[-4.758777,41.375178]}},{"type":"Feature","properties":{"Unique ID":3238,"installationName":"EL EUCALIPTAL","Type of Animal":"Pigs"},"geometry":{"type":"Point","coordinates":[-6.4375,38.9029]}},{"type":"Feature","properties":{"Unique ID":3239,"installationName":"ROBERTO CASTRO AVELLANAS (ES221630000006-ARASCUES)","Type of Animal":"Pigs"},"geometry":{"type":"Point","coordinates":[-0.453011,42.231944]}},{"type":"Feature","properties":{"Unique ID":3240,"installationName":"ES502980000025-ZUERA","Type of Animal":"Pigs"},"geometry":{"type":"Point","coordinates":[-0.740901,41.929333]}},{"type":"Feature","properties":{"Unique ID":3241,"installationName":"ES229090000040-VENCILLÓN","Type of Animal":"Pigs"},"geometry":{"type":"Point","coordinates":[0.324844,41.704803]}},{"type":"Feature","properties":{"Unique ID":3242,"installationName":"LOS LLANOS","Type of Animal":"Pigs"},"geometry":{"type":"Point","coordinates":[-5.259945,39.066975]}},{"type":"Feature","properties":{"Unique ID":3243,"installationName":"ES220130000038 - PORCINO- ALBERUELA","Type of Animal":"Pigs"},"geometry":{"type":"Point","coordinates":[-0.210245,41.925256]}},{"type":"Feature","properties":{"Unique ID":3244,"installationName":"ES229040000852-SOTONERA (LA)","Type of Animal":"Poultry"},"geometry":{"type":"Point","coordinates":[-0.551112,42.261805]}},{"type":"Feature","properties":{"Unique ID":3245,"installationName":"POLIGONO 510, PARCELA 56 Y 62","Type of Animal":"Pigs"},"geometry":{"type":"Point","coordinates":[-0.433141,42.01859]}},{"type":"Feature","properties":{"Unique ID":3246,"installationName":"ES500810000801-CETINA","Type of Animal":"Poultry"},"geometry":{"type":"Point","coordinates":[-1.962469,41.290536]}},{"type":"Feature","properties":{"Unique ID":3247,"installationName":"LAS REÑAS","Type of Animal":"Pigs"},"geometry":{"type":"Point","coordinates":[-1.865807,37.917803]}},{"type":"Feature","properties":{"Unique ID":3248,"installationName":"ES442130000013","Type of Animal":"Pigs"},"geometry":{"type":"Point","coordinates":[-1.298735,40.657862]}},{"type":"Feature","properties":{"Unique ID":3249,"installationName":"AYALA SANCHEZ MANUEL RIBE CHIVITE BEATRIZ","Type of Animal":"Pigs"},"geometry":{"type":"Point","coordinates":[-1.80624,42.08009]}},{"type":"Feature","properties":{"Unique ID":3250,"installationName":"MARIA VICTORIA CALVO RADA","Type of Animal":"Pigs"},"geometry":{"type":"Point","coordinates":[-1.606317,42.061382]}},{"type":"Feature","properties":{"Unique ID":3251,"installationName":"CRISTINA CHIVITE GARBAYO","Type of Animal":"Pigs"},"geometry":{"type":"Point","coordinates":[-1.606317,42.061382]}},{"type":"Feature","properties":{"Unique ID":3252,"installationName":"RAQUEL MADURGA CALAHORRA","Type of Animal":"Pigs"},"geometry":{"type":"Point","coordinates":[-1.606317,42.061382]}},{"type":"Feature","properties":{"Unique ID":3253,"installationName":"ES500270000014-AMBEL","Type of Animal":"Pigs"},"geometry":{"type":"Point","coordinates":[-1.672645,41.788928]}},{"type":"Feature","properties":{"Unique ID":3254,"installationName":"ES220810000039-CASBAS","Type of Animal":"Pigs"},"geometry":{"type":"Point","coordinates":[-0.151852,42.144637]}},{"type":"Feature","properties":{"Unique ID":3255,"installationName":"FERGOHER","Type of Animal":"Pigs"},"geometry":{"type":"Point","coordinates":[-5.5067,40.76628]}},{"type":"Feature","properties":{"Unique ID":3256,"installationName":"INNOVAPORC, S.L.","Type of Animal":"Pigs"},"geometry":{"type":"Point","coordinates":[-5.458808,41.904581]}},{"type":"Feature","properties":{"Unique ID":3257,"installationName":"GESTIÓN AGROPECUARIA SORIANA, S.L.","Type of Animal":"Pigs"},"geometry":{"type":"Point","coordinates":[-2.466656,41.48882]}},{"type":"Feature","properties":{"Unique ID":3258,"installationName":"ES441530000180-MONREAL DEL CAMPO","Type of Animal":"Pigs"},"geometry":{"type":"Point","coordinates":[-1.428143,40.786291]}},{"type":"Feature","properties":{"Unique ID":3259,"installationName":"ES220080000013-ALBALATILLO","Type of Animal":"Pigs"},"geometry":{"type":"Point","coordinates":[-0.161831,41.722157]}},{"type":"Feature","properties":{"Unique ID":3260,"installationName":"PROPORSEG-GRANJA CASTILLAN","Type of Animal":"Pigs"},"geometry":{"type":"Point","coordinates":[-4.450168,41.093619]}},{"type":"Feature","properties":{"Unique ID":3261,"installationName":"AVICOLA O MARCO SLU","Type of Animal":"Poultry"},"geometry":{"type":"Point","coordinates":[-7.46,42.52]}},{"type":"Feature","properties":{"Unique ID":3262,"installationName":"FINCA AGRU??EIRAS","Type of Animal":"Poultry"},"geometry":{"type":"Point","coordinates":[-7.81297,42.996394]}},{"type":"Feature","properties":{"Unique ID":3263,"installationName":"Granja Casanova","Type of Animal":"Pigs"},"geometry":{"type":"Point","coordinates":[1.238212,41.83762]}},{"type":"Feature","properties":{"Unique ID":3264,"installationName":"Les Planes","Type of Animal":"Pigs"},"geometry":{"type":"Point","coordinates":[1.334625,41.363876]}},{"type":"Feature","properties":{"Unique ID":3265,"installationName":"GRANJA PARCEL·LA 17 POLÍGON 514","Type of Animal":"Pigs"},"geometry":{"type":"Point","coordinates":[0.634648,41.782444]}},{"type":"Feature","properties":{"Unique ID":3266,"installationName":"Llumenà","Type of Animal":"Pigs"},"geometry":{"type":"Point","coordinates":[0.715323,41.881046]}},{"type":"Feature","properties":{"Unique ID":3267,"installationName":"Antoni Eroles Murell","Type of Animal":"Pigs"},"geometry":{"type":"Point","coordinates":[1.003476,41.751478]}},{"type":"Feature","properties":{"Unique ID":3268,"installationName":"La Comantergues","Type of Animal":"Pigs"},"geometry":{"type":"Point","coordinates":[0.573989,41.35832]}},{"type":"Feature","properties":{"Unique ID":3269,"installationName":"Dolcet Esteve","Type of Animal":"Pigs"},"geometry":{"type":"Point","coordinates":[0.454111,41.612546]}},{"type":"Feature","properties":{"Unique ID":3270,"installationName":"Can Tramuntet","Type of Animal":"Pigs"},"geometry":{"type":"Point","coordinates":[2.416869,41.675674]}},{"type":"Feature","properties":{"Unique ID":3271,"installationName":"Can Macianet","Type of Animal":"Pigs"},"geometry":{"type":"Point","coordinates":[1.397105,41.489872]}},{"type":"Feature","properties":{"Unique ID":3272,"installationName":"El Juncà","Type of Animal":"Pigs"},"geometry":{"type":"Point","coordinates":[1.809253,42.034026]}},{"type":"Feature","properties":{"Unique ID":3273,"installationName":"Cal Pansa","Type of Animal":"Pigs"},"geometry":{"type":"Point","coordinates":[1.107652,41.763085]}},{"type":"Feature","properties":{"Unique ID":3274,"installationName":"Sant Antoni","Type of Animal":"Pigs"},"geometry":{"type":"Point","coordinates":[1.290615,41.664413]}},{"type":"Feature","properties":{"Unique ID":3275,"installationName":"Avícola López Domingo","Type of Animal":"Poultry"},"geometry":{"type":"Point","coordinates":[0.485886,41.542771]}},{"type":"Feature","properties":{"Unique ID":3276,"installationName":"Granja Ca l´Esquiva","Type of Animal":"Pigs"},"geometry":{"type":"Point","coordinates":[1.59259,41.696448]}},{"type":"Feature","properties":{"Unique ID":3277,"installationName":"Granja Contrudaro","Type of Animal":"Pigs"},"geometry":{"type":"Point","coordinates":[0.425427,41.316768]}},{"type":"Feature","properties":{"Unique ID":3278,"installationName":"Granja Torre Riu","Type of Animal":"Pigs"},"geometry":{"type":"Point","coordinates":[0.479112,41.770524]}},{"type":"Feature","properties":{"Unique ID":3279,"installationName":"Granja Roure Miralvés","Type of Animal":"Pigs"},"geometry":{"type":"Point","coordinates":[0.38314,41.64069]}},{"type":"Feature","properties":{"Unique ID":3280,"installationName":"Granja Secà","Type of Animal":"Poultry"},"geometry":{"type":"Point","coordinates":[0.775979,41.80138]}},{"type":"Feature","properties":{"Unique ID":3281,"installationName":"Granja Cosco","Type of Animal":"Pigs"},"geometry":{"type":"Point","coordinates":[0.597466,41.656666]}},{"type":"Feature","properties":{"Unique ID":3282,"installationName":"Cal Sito","Type of Animal":"Pigs"},"geometry":{"type":"Point","coordinates":[1.02809,41.975853]}},{"type":"Feature","properties":{"Unique ID":3283,"installationName":"Daniel Barios Seró","Type of Animal":"Pigs"},"geometry":{"type":"Point","coordinates":[0.778709,41.729275]}},{"type":"Feature","properties":{"Unique ID":3284,"installationName":"Granja Verdes","Type of Animal":"Poultry"},"geometry":{"type":"Point","coordinates":[1.338536,41.792867]}},{"type":"Feature","properties":{"Unique ID":3285,"installationName":"Granja Reagi","Type of Animal":"Pigs"},"geometry":{"type":"Point","coordinates":[0.452108,41.749467]}},{"type":"Feature","properties":{"Unique ID":3286,"installationName":"RIVA, SCP","Type of Animal":"Pigs"},"geometry":{"type":"Point","coordinates":[1.059316,41.807023]}},{"type":"Feature","properties":{"Unique ID":3287,"installationName":"GRANJA RALLO","Type of Animal":"Pigs"},"geometry":{"type":"Point","coordinates":[0.455819,40.693584]}},{"type":"Feature","properties":{"Unique ID":3288,"installationName":"Granja Torre Trumfeta","Type of Animal":"Pigs"},"geometry":{"type":"Point","coordinates":[0.585892,41.772504]}},{"type":"Feature","properties":{"Unique ID":3289,"installationName":"GRANJA TERO","Type of Animal":"Pigs"},"geometry":{"type":"Point","coordinates":[1.057682,41.879766]}},{"type":"Feature","properties":{"Unique ID":3290,"installationName":"RICARDO ANGULO SAMANIEGO (GRANJA SAN MARTIN)","Type of Animal":"Pigs"},"geometry":{"type":"Point","coordinates":[-2.893233,42.658372]}},{"type":"Feature","properties":{"Unique ID":3291,"installationName":"CEFU FINCA MILLAN","Type of Animal":"Pigs"},"geometry":{"type":"Point","coordinates":[-2.303,37.844]}},{"type":"Feature","properties":{"Unique ID":3292,"installationName":"CEBADERO DE CERDOS BELMONTE","Type of Animal":"Pigs"},"geometry":{"type":"Point","coordinates":[-2.196773,37.889425]}},{"type":"Feature","properties":{"Unique ID":3293,"installationName":"EXPLOTACIÓN PORCINA. CEBADERO CORTIJO EL CIPRES","Type of Animal":"Pigs"},"geometry":{"type":"Point","coordinates":[-2.134,37.5889]}},{"type":"Feature","properties":{"Unique ID":3294,"installationName":"EXPLOTACION PORCINA CAMACHO CB","Type of Animal":"Pigs"},"geometry":{"type":"Point","coordinates":[-1.968503,37.584093]}},{"type":"Feature","properties":{"Unique ID":3295,"installationName":"EXPLOTACION AVICOLA POLLOS ENGORDE","Type of Animal":"Poultry"},"geometry":{"type":"Point","coordinates":[-5.1406,38.2161]}},{"type":"Feature","properties":{"Unique ID":3296,"installationName":"EXPLOTACIÓN AVÍCOLA DE POLLOS DE ENGORDE PARAJE \"PILAR CHICO\"","Type of Animal":"Poultry"},"geometry":{"type":"Point","coordinates":[-5.2594,37.2557]}},{"type":"Feature","properties":{"Unique ID":3297,"installationName":"EXPLOTACION AVICOLA DE RECRIA DE POLLITAS \"HERMANOS GOMEZ","Type of Animal":"Poultry"},"geometry":{"type":"Point","coordinates":[-4.973,37.359]}},{"type":"Feature","properties":{"Unique ID":3298,"installationName":"CEFU, S.A.","Type of Animal":"Pigs"},"geometry":{"type":"Point","coordinates":[-1.9379,38.9661]}},{"type":"Feature","properties":{"Unique ID":3299,"installationName":"CEBADERO DE PORCINO","Type of Animal":"Pigs"},"geometry":{"type":"Point","coordinates":[-1.6813,39.7457]}},{"type":"Feature","properties":{"Unique ID":3300,"installationName":"EXPLOTACION PORCINA","Type of Animal":"Pigs"},"geometry":{"type":"Point","coordinates":[-1.924,39.361]}},{"type":"Feature","properties":{"Unique ID":3301,"installationName":"RUBEN MARTINEZ GARCIA","Type of Animal":"Poultry"},"geometry":{"type":"Point","coordinates":[-2.2163,39.605]}},{"type":"Feature","properties":{"Unique ID":3302,"installationName":"BENJAMIN BLASCO LOPEZ","Type of Animal":"Pigs"},"geometry":{"type":"Point","coordinates":[-1.6832,39.4266]}},{"type":"Feature","properties":{"Unique ID":3303,"installationName":"EXPLOTACIÓN GANADERA DE 80.000 GALLINAS CAMPERAS","Type of Animal":"Poultry"},"geometry":{"type":"Point","coordinates":[-2.0109,39.4544]}},{"type":"Feature","properties":{"Unique ID":3304,"installationName":"EXPLOTACIONES AGROPECUARIAS SANTA OLALLA, S.L.","Type of Animal":"Pigs"},"geometry":{"type":"Point","coordinates":[-4.4357,40.0499]}},{"type":"Feature","properties":{"Unique ID":3305,"installationName":"DOAL EXPLOTACIONES GANADERAS, S.L.","Type of Animal":"Pigs"},"geometry":{"type":"Point","coordinates":[-3.9567,40.0606]}},{"type":"Feature","properties":{"Unique ID":3306,"installationName":"BARRILOP, S. L.","Type of Animal":"Pigs"},"geometry":{"type":"Point","coordinates":[-4.1291,39.7962]}},{"type":"Feature","properties":{"Unique ID":3307,"installationName":"LAS DEHESILLAS DE CHAN, S.L.","Type of Animal":"Pigs"},"geometry":{"type":"Point","coordinates":[-4.6969,39.8306]}},{"type":"Feature","properties":{"Unique ID":3308,"installationName":"EMILIANO GOVER RAMOS GOMEZ","Type of Animal":"Pigs"},"geometry":{"type":"Point","coordinates":[-4.69897,39.8259]}},{"type":"Feature","properties":{"Unique ID":3309,"installationName":"AMPLIACION DE EXPLOTACION PORCINA DE CEBO, DE 1200 A 3000","Type of Animal":"Pigs"},"geometry":{"type":"Point","coordinates":[-4.17338,39.7952]}},{"type":"Feature","properties":{"Unique ID":3310,"installationName":"AGROPECUARIAMIGUELETES, S.L. (MIGUEL ESTEBAN","Type of Animal":"Pigs"},"geometry":{"type":"Point","coordinates":[-3.0708,39.4871]}},{"type":"Feature","properties":{"Unique ID":3311,"installationName":"EXPLOTACION PORCINA EL CANARIO, S.L.","Type of Animal":"Pigs"},"geometry":{"type":"Point","coordinates":[-5.1081,39.8093]}},{"type":"Feature","properties":{"Unique ID":3312,"installationName":"ES451370000076 GRANJA DE PORCINO PRODUCCION MIXTA","Type of Animal":"Pigs"},"geometry":{"type":"Point","coordinates":[-4.6989,39.9617]}},{"type":"Feature","properties":{"Unique ID":3313,"installationName":"LABAJO ELVIN - PUEBLA DE PEDRAZA","Type of Animal":"Pigs"},"geometry":{"type":"Point","coordinates":[-3.897437,41.207995]}},{"type":"Feature","properties":{"Unique ID":3314,"installationName":"AGROPOR S.C.","Type of Animal":"Pigs"},"geometry":{"type":"Point","coordinates":[-5.939865,41.788438]}},{"type":"Feature","properties":{"Unique ID":3315,"installationName":"AFREDO RUIZ -PRESENCIO","Type of Animal":"Pigs"},"geometry":{"type":"Point","coordinates":[-3.83978,42.186878]}},{"type":"Feature","properties":{"Unique ID":3316,"installationName":"VITERS FAMILIA-Cabanillas","Type of Animal":"Pigs"},"geometry":{"type":"Point","coordinates":[-2.35446,41.386673]}},{"type":"Feature","properties":{"Unique ID":3317,"installationName":"EXPLOTACIÓN PORCINA DE REPRODUCCIÓN IBÉRICOS ENCINAS","Type of Animal":"Pigs"},"geometry":{"type":"Point","coordinates":[-5.44768,40.9137]}},{"type":"Feature","properties":{"Unique ID":3318,"installationName":"GIL PASCUAL","Type of Animal":"Poultry"},"geometry":{"type":"Point","coordinates":[-4.2889,41.1179]}},{"type":"Feature","properties":{"Unique ID":3319,"installationName":"GANADERÍA PORCINA ROYUELA - ROYUELA DE RIOFRANCO II","Type of Animal":"Pigs"},"geometry":{"type":"Point","coordinates":[-3.934216,42.00622]}},{"type":"Feature","properties":{"Unique ID":3320,"installationName":"AVÍCOLA VELASCO SACRISTÁN, S.L.","Type of Animal":"Poultry"},"geometry":{"type":"Point","coordinates":[-4.2851,41.5063]}},{"type":"Feature","properties":{"Unique ID":3321,"installationName":"EXPLOTACIONES LA FRAILA, S.A.","Type of Animal":"Pigs"},"geometry":{"type":"Point","coordinates":[-4.386364,41.496497]}},{"type":"Feature","properties":{"Unique ID":3322,"installationName":"CONSTRUCCIONES RÚSTICAS ÓSCAR SANZ, S.L.","Type of Animal":"Pigs"},"geometry":{"type":"Point","coordinates":[-3.3035,41.3644]}},{"type":"Feature","properties":{"Unique ID":3323,"installationName":"ES440470000019-BURBÁGUENA","Type of Animal":"Pigs"},"geometry":{"type":"Point","coordinates":[-1.337885,41.018433]}},{"type":"Feature","properties":{"Unique ID":3324,"installationName":"EXPLOTACIÓN LAS  4 JJJJ, S.L. CASTILRUÍZ","Type of Animal":"Pigs"},"geometry":{"type":"Point","coordinates":[-2.030088,41.883516]}},{"type":"Feature","properties":{"Unique ID":3325,"installationName":"CARLOS LÓPEZ RUIZ","Type of Animal":"Pigs"},"geometry":{"type":"Point","coordinates":[-1.924217,41.876413]}},{"type":"Feature","properties":{"Unique ID":3326,"installationName":"RAÚL CUBERO CUESTA","Type of Animal":"Pigs"},"geometry":{"type":"Point","coordinates":[-4.171625,41.491656]}},{"type":"Feature","properties":{"Unique ID":3327,"installationName":"ES220600000161-BINACED","Type of Animal":"Pigs"},"geometry":{"type":"Point","coordinates":[0.242065,41.774351]}},{"type":"Feature","properties":{"Unique ID":3328,"installationName":"LA VOQUERA S.A.T.","Type of Animal":"Pigs"},"geometry":{"type":"Point","coordinates":[-3.9445,41.27757]}},{"type":"Feature","properties":{"Unique ID":3329,"installationName":"EXPLOTACIONES GANADERAS LA JEDREA, SL","Type of Animal":"Poultry"},"geometry":{"type":"Point","coordinates":[-1.099337,39.489027]}},{"type":"Feature","properties":{"Unique ID":3330,"installationName":"CESAR CASTILLO ZARZO","Type of Animal":"Pigs"},"geometry":{"type":"Point","coordinates":[-0.685608,39.493483]}},{"type":"Feature","properties":{"Unique ID":3331,"installationName":"NESTOR CLA BUENO","Type of Animal":"Pigs"},"geometry":{"type":"Point","coordinates":[0.243817,40.551237]}},{"type":"Feature","properties":{"Unique ID":3332,"installationName":"AVILEC ERLA","Type of Animal":"Poultry"},"geometry":{"type":"Point","coordinates":[-0.932507,42.166459]}},{"type":"Feature","properties":{"Unique ID":3333,"installationName":"GRUPO ESQUEDAS, S.L. (ES229040000062-ESQUEDAS)","Type of Animal":"Pigs"},"geometry":{"type":"Point","coordinates":[-0.526047,42.195944]}},{"type":"Feature","properties":{"Unique ID":3334,"installationName":"ES501130000014-FUENDEJALÓN","Type of Animal":"Pigs"},"geometry":{"type":"Point","coordinates":[-1.471266,41.759969]}},{"type":"Feature","properties":{"Unique ID":3335,"installationName":"HNOS. FERNÁNDEZ TORRES, S.C.","Type of Animal":"Pigs"},"geometry":{"type":"Point","coordinates":[-5.973933,42.096955]}},{"type":"Feature","properties":{"Unique ID":3336,"installationName":"FRANCISCO HERNÁNDEZ RUIZ","Type of Animal":"Pigs"},"geometry":{"type":"Point","coordinates":[-4.988975,41.108436]}},{"type":"Feature","properties":{"Unique ID":3337,"installationName":"JM ARNAL ALBERO ES220490000018 BARBUES","Type of Animal":"Pigs"},"geometry":{"type":"Point","coordinates":[0.435363,41.977867]}},{"type":"Feature","properties":{"Unique ID":3338,"installationName":"AVICOLA ABATORES SL","Type of Animal":"Poultry"},"geometry":{"type":"Point","coordinates":[-1.859881,42.059452]}},{"type":"Feature","properties":{"Unique ID":3339,"installationName":"OCTAVIO QUILEZ E HIJOS LANGA DEL CASTILLO","Type of Animal":"Pigs"},"geometry":{"type":"Point","coordinates":[-1.393855,41.207155]}},{"type":"Feature","properties":{"Unique ID":3340,"installationName":"ES220210000039-CERDOS-ALMUDEVAR","Type of Animal":"Pigs"},"geometry":{"type":"Point","coordinates":[-0.592555,42.063574]}},{"type":"Feature","properties":{"Unique ID":3341,"installationName":"INMACULADA PRATS BARREDA ","Type of Animal":"Pigs"},"geometry":{"type":"Point","coordinates":[0.089355,40.26984]}},{"type":"Feature","properties":{"Unique ID":3342,"installationName":"ES220130000035 ALBERUELA TUBO-PORCINO","Type of Animal":"Pigs"},"geometry":{"type":"Point","coordinates":[-0.214793,41.907972]}},{"type":"Feature","properties":{"Unique ID":3343,"installationName":"ES502520000121-TAUSTE","Type of Animal":"Pigs"},"geometry":{"type":"Point","coordinates":[-1.298194,41.885585]}},{"type":"Feature","properties":{"Unique ID":3344,"installationName":"AITOR PEGUERO","Type of Animal":"Pigs"},"geometry":{"type":"Point","coordinates":[-0.393468,41.201664]}},{"type":"Feature","properties":{"Unique ID":3345,"installationName":"JOSE ANTONIO URIOL RAMON","Type of Animal":"Pigs"},"geometry":{"type":"Point","coordinates":[-0.044905,41.716458]}},{"type":"Feature","properties":{"Unique ID":3346,"installationName":"PEÑAS DE HERRERA","Type of Animal":"Pigs"},"geometry":{"type":"Point","coordinates":[-1.672525,41.788794]}},{"type":"Feature","properties":{"Unique ID":3347,"installationName":"ES220170000067-ALCOLEA DE CINCA","Type of Animal":"Pigs"},"geometry":{"type":"Point","coordinates":[0.114993,41.72139]}},{"type":"Feature","properties":{"Unique ID":3348,"installationName":"CARLOS MORALES MIRANDA","Type of Animal":"Pigs"},"geometry":{"type":"Point","coordinates":[-1.856123,42.204258]}},{"type":"Feature","properties":{"Unique ID":3349,"installationName":"SONIA PASCUAL SAEZ","Type of Animal":"Pigs"},"geometry":{"type":"Point","coordinates":[-1.762378,42.154343]}},{"type":"Feature","properties":{"Unique ID":3350,"installationName":"DAVID LAMARCA MALON","Type of Animal":"Pigs"},"geometry":{"type":"Point","coordinates":[-1.1617,42.2423]}},{"type":"Feature","properties":{"Unique ID":3351,"installationName":"MIGUEL ANGEL BANDRES E HIJO","Type of Animal":"Pigs"},"geometry":{"type":"Point","coordinates":[-0.9984,42.0705]}},{"type":"Feature","properties":{"Unique ID":3352,"installationName":"REVESMA AGROPECUARIA, S.L. (ES222260000018-VALFONDA DE SANTA ANA)","Type of Animal":"Pigs"},"geometry":{"type":"Point","coordinates":[-0.536564,41.949305]}},{"type":"Feature","properties":{"Unique ID":3353,"installationName":"ACT. GANADERAS QUILEZ YAGO SL","Type of Animal":"Pigs"},"geometry":{"type":"Point","coordinates":[-0.70934,41.204595]}},{"type":"Feature","properties":{"Unique ID":3354,"installationName":"AGRICOLA G. PEREZ CIUDAD","Type of Animal":"Pigs"},"geometry":{"type":"Point","coordinates":[-1.2111,42.1053]}},{"type":"Feature","properties":{"Unique ID":3355,"installationName":"LASILLA CIUDAD,S.C.","Type of Animal":"Pigs"},"geometry":{"type":"Point","coordinates":[-1.2954,42.182]}},{"type":"Feature","properties":{"Unique ID":3356,"installationName":"CARMEN FERRANDO SANCHEZ (ES220640000029-BLECUA","Type of Animal":"Pigs"},"geometry":{"type":"Point","coordinates":[-0.22027,42.039417]}},{"type":"Feature","properties":{"Unique ID":3357,"installationName":"HERMANOS MIÑES GUIRAL S.C","Type of Animal":"Pigs"},"geometry":{"type":"Point","coordinates":[-1.394566,41.932911]}},{"type":"Feature","properties":{"Unique ID":3358,"installationName":"AGROGANADERA BLANC,SLU","Type of Animal":"Pigs"},"geometry":{"type":"Point","coordinates":[0.421355,41.867377]}},{"type":"Feature","properties":{"Unique ID":3359,"installationName":"ES501610000004-PORCINO DAROCA","Type of Animal":"Pigs"},"geometry":{"type":"Point","coordinates":[-1.467035,41.150324]}},{"type":"Feature","properties":{"Unique ID":3360,"installationName":"FRANCISCO LOPEZ","Type of Animal":"Pigs"},"geometry":{"type":"Point","coordinates":[-1.18,42.1154]}},{"type":"Feature","properties":{"Unique ID":3361,"installationName":"ES500740000143-CASPE","Type of Animal":"Pigs"},"geometry":{"type":"Point","coordinates":[-0.040821,41.234401]}},{"type":"Feature","properties":{"Unique ID":3362,"installationName":"LOGA S CP","Type of Animal":"Pigs"},"geometry":{"type":"Point","coordinates":[0.159661,41.698028]}},{"type":"Feature","properties":{"Unique ID":3363,"installationName":"AGROGANADERA DEL FLUMEN, S.L. (ES222060000029-SANGARREN)","Type of Animal":"Pigs"},"geometry":{"type":"Point","coordinates":[-0.469451,42.009534]}},{"type":"Feature","properties":{"Unique ID":3364,"installationName":"EXPLOTACION PORCINA PEDRO DIAZ","Type of Animal":"Pigs"},"geometry":{"type":"Point","coordinates":[-1.130742,37.761525]}},{"type":"Feature","properties":{"Unique ID":3365,"installationName":"ESCOBAR Y TOYA, S.C. (ES221360000172-MARCEN)","Type of Animal":"Pigs"},"geometry":{"type":"Point","coordinates":[-0.285686,41.921061]}},{"type":"Feature","properties":{"Unique ID":3366,"installationName":"JAVIER POY CASTAÑ","Type of Animal":"Pigs"},"geometry":{"type":"Point","coordinates":[0.236875,41.663677]}},{"type":"Feature","properties":{"Unique ID":3367,"installationName":"FORPIG ROVIRA, S L U","Type of Animal":"Pigs"},"geometry":{"type":"Point","coordinates":[0.078319,41.645184]}},{"type":"Feature","properties":{"Unique ID":3368,"installationName":"FRANCISCO JOSE ISBAL SASOT","Type of Animal":"Pigs"},"geometry":{"type":"Point","coordinates":[0.148824,41.595734]}},{"type":"Feature","properties":{"Unique ID":3369,"installationName":"GERARDO LLOP GUILLEN","Type of Animal":"Pigs"},"geometry":{"type":"Point","coordinates":[0.494866,41.857377]}},{"type":"Feature","properties":{"Unique ID":3370,"installationName":"GRADACINCA S.L","Type of Animal":"Pigs"},"geometry":{"type":"Point","coordinates":[0.075236,42.013831]}},{"type":"Feature","properties":{"Unique ID":3371,"installationName":"JOAQUIN BAYONA Y CIA, S.C.","Type of Animal":"Pigs"},"geometry":{"type":"Point","coordinates":[0.117537,41.627911]}},{"type":"Feature","properties":{"Unique ID":3372,"installationName":"ES22232000005-PORCINO-TORRALBA ARAGON","Type of Animal":"Pigs"},"geometry":{"type":"Point","coordinates":[-0.516008,41.92247]}},{"type":"Feature","properties":{"Unique ID":3373,"installationName":"ES221970000086-CERDOS-ROBRES","Type of Animal":"Pigs"},"geometry":{"type":"Point","coordinates":[-0.460852,41.867847]}},{"type":"Feature","properties":{"Unique ID":3374,"installationName":"ES500600000003 BULBUENTE","Type of Animal":"Pigs"},"geometry":{"type":"Point","coordinates":[-1.6284,41.817]}},{"type":"Feature","properties":{"Unique ID":3375,"installationName":"GRANJAS CIPRES SL","Type of Animal":"Pigs"},"geometry":{"type":"Point","coordinates":[-0.940288,42.128101]}},{"type":"Feature","properties":{"Unique ID":3376,"installationName":"SANTIAGO PEIRON GRACIA-ES22903-51-SAN MIGUEL DE CINCA-73196672T","Type of Animal":"Pigs"},"geometry":{"type":"Point","coordinates":[0.0627,41.481]}},{"type":"Feature","properties":{"Unique ID":3377,"installationName":"JULIAN MONTAÑES MALO","Type of Animal":"Pigs"},"geometry":{"type":"Point","coordinates":[0.191898,41.442596]}},{"type":"Feature","properties":{"Unique ID":3378,"installationName":"ES501540000006- MAINAR","Type of Animal":"Pigs"},"geometry":{"type":"Point","coordinates":[-1.302949,41.192517]}},{"type":"Feature","properties":{"Unique ID":3379,"installationName":"COMELLA LLOP SCP","Type of Animal":"Pigs"},"geometry":{"type":"Point","coordinates":[0.535596,41.829648]}},{"type":"Feature","properties":{"Unique ID":3380,"installationName":"VIDAL SC","Type of Animal":"Pigs"},"geometry":{"type":"Point","coordinates":[0.31131,41.972966]}},{"type":"Feature","properties":{"Unique ID":3381,"installationName":"INGINTA, S C P","Type of Animal":"Pigs"},"geometry":{"type":"Point","coordinates":[0.415163,41.588357]}},{"type":"Feature","properties":{"Unique ID":3382,"installationName":"JUMILLA","Type of Animal":"Poultry"},"geometry":{"type":"Point","coordinates":[-1.41,38.4]}},{"type":"Feature","properties":{"Unique ID":3383,"installationName":"JUMILLA - TRAVIESA","Type of Animal":"Poultry"},"geometry":{"type":"Point","coordinates":[-1.34,38.42]}},{"type":"Feature","properties":{"Unique ID":3384,"installationName":"CRIANZAS ARAGONESAS","Type of Animal":"Pigs"},"geometry":{"type":"Point","coordinates":[-1.360814,41.865434]}},{"type":"Feature","properties":{"Unique ID":3385,"installationName":"PEÑAS HINCADAS S.L.","Type of Animal":"Pigs"},"geometry":{"type":"Point","coordinates":[-1.396102,41.724414]}},{"type":"Feature","properties":{"Unique ID":3386,"installationName":"BORAU ESCAR CARLOS","Type of Animal":"Pigs"},"geometry":{"type":"Point","coordinates":[-0.10163,42.05275]}},{"type":"Feature","properties":{"Unique ID":3387,"installationName":"LA MALLADA","Type of Animal":"Pigs"},"geometry":{"type":"Point","coordinates":[-1.366205,41.772411]}},{"type":"Feature","properties":{"Unique ID":3388,"installationName":"EXPLOTACIONES PORCINAS CAMPES - VALFARTA","Type of Animal":"Pigs"},"geometry":{"type":"Point","coordinates":[-0.905,41.671]}},{"type":"Feature","properties":{"Unique ID":3389,"installationName":"JOSE LUIS CONDE BERNAD","Type of Animal":"Pigs"},"geometry":{"type":"Point","coordinates":[-0.994616,41.981673]}},{"type":"Feature","properties":{"Unique ID":3390,"installationName":"ES502510000902-REPOLO-SANTA EULALIA","Type of Animal":"Poultry"},"geometry":{"type":"Point","coordinates":[-1.722254,41.904297]}},{"type":"Feature","properties":{"Unique ID":3391,"installationName":"VENTAFARINAS POLLOS","Type of Animal":"Poultry"},"geometry":{"type":"Point","coordinates":[0.421355,41.867377]}},{"type":"Feature","properties":{"Unique ID":3392,"installationName":"ES442510000063","Type of Animal":"Pigs"},"geometry":{"type":"Point","coordinates":[-1.346322,40.694727]}},{"type":"Feature","properties":{"Unique ID":3393,"installationName":"NAVE AVICOLA EXPLOTACIONES MARTIN","Type of Animal":"Poultry"},"geometry":{"type":"Point","coordinates":[0.223156,41.921058]}},{"type":"Feature","properties":{"Unique ID":3394,"installationName":"GANADOS VALORIA S.L","Type of Animal":"Pigs"},"geometry":{"type":"Point","coordinates":[-1.671142,41.915072]}},{"type":"Feature","properties":{"Unique ID":3395,"installationName":"CARCAS COSCOLLA S.L","Type of Animal":"Pigs"},"geometry":{"type":"Point","coordinates":[-1.26323,41.861226]}},{"type":"Feature","properties":{"Unique ID":3396,"installationName":"PORCINO GRISEL SL","Type of Animal":"Pigs"},"geometry":{"type":"Point","coordinates":[-1.722254,41.904297]}},{"type":"Feature","properties":{"Unique ID":3397,"installationName":"ES500740000137-CERDOS-CASPE","Type of Animal":"Pigs"},"geometry":{"type":"Point","coordinates":[-0.040821,41.234401]}},{"type":"Feature","properties":{"Unique ID":3398,"installationName":"GAAR,SC_ES220400000007","Type of Animal":"Pigs"},"geometry":{"type":"Point","coordinates":[0.270395,41.951971]}},{"type":"Feature","properties":{"Unique ID":3399,"installationName":"ROBERTO VIZCARRA CAPISTROS","Type of Animal":"Pigs"},"geometry":{"type":"Point","coordinates":[0.2913,41.5015]}},{"type":"Feature","properties":{"Unique ID":3400,"installationName":"ES221240000043-ALPES","Type of Animal":"Pigs"},"geometry":{"type":"Point","coordinates":[-0.167642,41.931307]}},{"type":"Feature","properties":{"Unique ID":3401,"installationName":"IÑIGO ARTEAGA SANZ","Type of Animal":"Poultry"},"geometry":{"type":"Point","coordinates":[-2.168567,42.766462]}},{"type":"Feature","properties":{"Unique ID":3402,"installationName":"ES442130000014 - PORCINO - SINGRA","Type of Animal":"Pigs"},"geometry":{"type":"Point","coordinates":[-1.29827,40.686006]}},{"type":"Feature","properties":{"Unique ID":3403,"installationName":"AGROBIOTA","Type of Animal":"Pigs"},"geometry":{"type":"Point","coordinates":[-1.148707,42.226694]}},{"type":"Feature","properties":{"Unique ID":3404,"installationName":"EXPLOTACION GANADERA LA TAMARIZ S.L","Type of Animal":"Pigs"},"geometry":{"type":"Point","coordinates":[-1.314391,41.86624]}},{"type":"Feature","properties":{"Unique ID":3405,"installationName":"EXPLOTACIONES GANADERAS NEGRE S.L","Type of Animal":"Pigs"},"geometry":{"type":"Point","coordinates":[-1.257817,41.920225]}},{"type":"Feature","properties":{"Unique ID":3406,"installationName":"EXPLOTACIÓN PORCINA EL LOMO DE LA PINILLA","Type of Animal":"Pigs"},"geometry":{"type":"Point","coordinates":[-1.275833,37.683837]}},{"type":"Feature","properties":{"Unique ID":3407,"installationName":"MARIA ASCENSION LARREA BAÑALES","Type of Animal":"Pigs"},"geometry":{"type":"Point","coordinates":[-1.764835,42.587644]}},{"type":"Feature","properties":{"Unique ID":3408,"installationName":"GRANJA INSTALACIONES BERBA","Type of Animal":"Pigs"},"geometry":{"type":"Point","coordinates":[-0.903199,42.071331]}},{"type":"Feature","properties":{"Unique ID":3409,"installationName":"ES220490000013-BARBUÉS","Type of Animal":"Pigs"},"geometry":{"type":"Point","coordinates":[-0.40057,41.985358]}},{"type":"Feature","properties":{"Unique ID":3410,"installationName":"JOSE LUIS MAZUQUE NOVELLON","Type of Animal":"Pigs"},"geometry":{"type":"Point","coordinates":[0.16854,41.48352]}},{"type":"Feature","properties":{"Unique ID":3411,"installationName":"GRANJA VALDEMANZANA","Type of Animal":"Pigs"},"geometry":{"type":"Point","coordinates":[-1.087209,42.05629]}},{"type":"Feature","properties":{"Unique ID":3412,"installationName":"GRANJA LA ALMENARA S.L","Type of Animal":"Pigs"},"geometry":{"type":"Point","coordinates":[-1.257817,41.920225]}},{"type":"Feature","properties":{"Unique ID":3413,"installationName":"JESUS FRANCISCO SATUE AUDINA (ES220150000043-OLA)","Type of Animal":"Pigs"},"geometry":{"type":"Point","coordinates":[-0.316624,42.099994]}},{"type":"Feature","properties":{"Unique ID":3414,"installationName":"TUDETAUS S.L","Type of Animal":"Pigs"},"geometry":{"type":"Point","coordinates":[-1.257817,41.920225]}},{"type":"Feature","properties":{"Unique ID":3415,"installationName":"CARNICAS ORTIN S.L.","Type of Animal":"Pigs"},"geometry":{"type":"Point","coordinates":[-0.573568,40.780576]}},{"type":"Feature","properties":{"Unique ID":3416,"installationName":"CARNICAS ORTIN S.L.","Type of Animal":"Pigs"},"geometry":{"type":"Point","coordinates":[-0.580914,40.796702]}},{"type":"Feature","properties":{"Unique ID":3417,"installationName":"GRANJA AVICOLA","Type of Animal":"Poultry"},"geometry":{"type":"Point","coordinates":[-0.98362,37.777097]}},{"type":"Feature","properties":{"Unique ID":3418,"installationName":"EXPLOTACIÓN DE GANADO PORCINO","Type of Animal":"Pigs"},"geometry":{"type":"Point","coordinates":[-2.011022,37.989986]}},{"type":"Feature","properties":{"Unique ID":3419,"installationName":"EXPLOTACIÓN DE GANADO PORCINO","Type of Animal":"Pigs"},"geometry":{"type":"Point","coordinates":[-1.563406,37.689964]}},{"type":"Feature","properties":{"Unique ID":3420,"installationName":"EXPLOTACIÓN DE GANADO PORCINO","Type of Animal":"Pigs"},"geometry":{"type":"Point","coordinates":[-1.742749,37.940012]}},{"type":"Feature","properties":{"Unique ID":3421,"installationName":"EDUARDO MURILLO","Type of Animal":"Pigs"},"geometry":{"type":"Point","coordinates":[-0.64941,41.764916]}},{"type":"Feature","properties":{"Unique ID":3422,"installationName":"JOSE LUIS PEREZ LORAS","Type of Animal":"Pigs"},"geometry":{"type":"Point","coordinates":[-0.905,41.671]}},{"type":"Feature","properties":{"Unique ID":3423,"installationName":"ES441010000804-GALLINAS FERRERUELA DE HUERVA","Type of Animal":"Poultry"},"geometry":{"type":"Point","coordinates":[-1.270185,41.043466]}},{"type":"Feature","properties":{"Unique ID":3424,"installationName":"LA CAÑADA DEL PINOSO PRODUCCIONES ALTERNATIVAS","Type of Animal":"Poultry"},"geometry":{"type":"Point","coordinates":[-1.311252,41.496297]}},{"type":"Feature","properties":{"Unique ID":3425,"installationName":"GRANJA BAILON S.L.","Type of Animal":"Poultry"},"geometry":{"type":"Point","coordinates":[-1.389864,41.559261]}},{"type":"Feature","properties":{"Unique ID":3426,"installationName":"HERMANOS GIL MARIN","Type of Animal":"Pigs"},"geometry":{"type":"Point","coordinates":[-1.575949,41.583086]}},{"type":"Feature","properties":{"Unique ID":3427,"installationName":"BAILO ORTAS, JOSE IGNACIO (ES222060000024-SANGARREN)","Type of Animal":"Pigs"},"geometry":{"type":"Point","coordinates":[0.486805,41.986165]}},{"type":"Feature","properties":{"Unique ID":3428,"installationName":"JALAEBRO 8","Type of Animal":"Pigs"},"geometry":{"type":"Point","coordinates":[-0.239712,41.617149]}},{"type":"Feature","properties":{"Unique ID":3429,"installationName":"AGROESPINAR C.B","Type of Animal":"Pigs"},"geometry":{"type":"Point","coordinates":[-1.254553,37.779262]}},{"type":"Feature","properties":{"Unique ID":3430,"installationName":"TRABAJOS AGRICOLAS JG FUENDEJALON SL","Type of Animal":"Pigs"},"geometry":{"type":"Point","coordinates":[-1.490456,41.764265]}},{"type":"Feature","properties":{"Unique ID":3431,"installationName":"GANADERIA RIOMON SL","Type of Animal":"Pigs"},"geometry":{"type":"Point","coordinates":[-0.167642,41.931307]}},{"type":"Feature","properties":{"Unique ID":3432,"installationName":"ES500920000011-CERDOS-CHIPRANA","Type of Animal":"Pigs"},"geometry":{"type":"Point","coordinates":[-0.126686,41.26259]}},{"type":"Feature","properties":{"Unique ID":3433,"installationName":"PREMIER PIGS, S.L.U. (ES221370000145-LANAJA)","Type of Animal":"Pigs"},"geometry":{"type":"Point","coordinates":[-0.365033,41.73983]}},{"type":"Feature","properties":{"Unique ID":3434,"installationName":"PREMIER PIGS, S.L.U. (ES221370000146-LANAJA)","Type of Animal":"Pigs"},"geometry":{"type":"Point","coordinates":[-0.371893,41.758637]}},{"type":"Feature","properties":{"Unique ID":3435,"installationName":"POL 4 PAR 77.78.80","Type of Animal":"Pigs"},"geometry":{"type":"Point","coordinates":[-0.420635,42.239068]}},{"type":"Feature","properties":{"Unique ID":3436,"installationName":"CAÑAERO E HIJOS","Type of Animal":"Pigs"},"geometry":{"type":"Point","coordinates":[-1.182375,37.705112]}},{"type":"Feature","properties":{"Unique ID":3437,"installationName":"ES220550000852-BERBEGAL","Type of Animal":"Poultry"},"geometry":{"type":"Point","coordinates":[-0.009315,41.971793]}},{"type":"Feature","properties":{"Unique ID":3438,"installationName":"EXPLOTACIONES AGRICOLAS EL OLIVAR, S.C.","Type of Animal":"Pigs"},"geometry":{"type":"Point","coordinates":[-0.082871,41.503962]}},{"type":"Feature","properties":{"Unique ID":3439,"installationName":"CERDOS QUINTO -ES502220000037","Type of Animal":"Pigs"},"geometry":{"type":"Point","coordinates":[-0.556866,41.392127]}},{"type":"Feature","properties":{"Unique ID":3440,"installationName":"ES220210000041-PORCINO PETRON","Type of Animal":"Pigs"},"geometry":{"type":"Point","coordinates":[-0.607392,42.068439]}},{"type":"Feature","properties":{"Unique ID":3441,"installationName":"CARLOS ARPA HERNANDO","Type of Animal":"Pigs"},"geometry":{"type":"Point","coordinates":[-1.372213,40.848113]}},{"type":"Feature","properties":{"Unique ID":3442,"installationName":"EXPLOTACION PORCINA LA RETUERTA","Type of Animal":"Pigs"},"geometry":{"type":"Point","coordinates":[-1.363592,40.953081]}},{"type":"Feature","properties":{"Unique ID":3443,"installationName":"JESUS  MONGE PEREZ","Type of Animal":"Pigs"},"geometry":{"type":"Point","coordinates":[-2.048049,41.22833]}},{"type":"Feature","properties":{"Unique ID":3444,"installationName":"ES500170000012-ALFAJARÍN (ZARAGOZA)","Type of Animal":"Pigs"},"geometry":{"type":"Point","coordinates":[-0.720688,41.608667]}},{"type":"Feature","properties":{"Unique ID":3445,"installationName":"EXPLOTACIÓN PORCINA CAÑADA TRIGO","Type of Animal":"Pigs"},"geometry":{"type":"Point","coordinates":[-1.075295,38.32912]}},{"type":"Feature","properties":{"Unique ID":3446,"installationName":"EXAGA","Type of Animal":"Pigs"},"geometry":{"type":"Point","coordinates":[-1.232374,37.698566]}},{"type":"Feature","properties":{"Unique ID":3447,"installationName":"CARILLA BUCHACA","Type of Animal":"Pigs"},"geometry":{"type":"Point","coordinates":[-0.117331,41.862354]}},{"type":"Feature","properties":{"Unique ID":3448,"installationName":"CASA BRUNET SC. GRANJA PORCINA DE CEBO","Type of Animal":"Pigs"},"geometry":{"type":"Point","coordinates":[0.305521,41.790542]}},{"type":"Feature","properties":{"Unique ID":3449,"installationName":"BERCON AGROGANADERA SC","Type of Animal":"Pigs"},"geometry":{"type":"Point","coordinates":[0.718251,42.243976]}},{"type":"Feature","properties":{"Unique ID":3450,"installationName":"GRANJA EL SISALLAR","Type of Animal":"Pigs"},"geometry":{"type":"Point","coordinates":[-0.008744,41.715222]}},{"type":"Feature","properties":{"Unique ID":3451,"installationName":"GRANJA PORCINO DE CEBO","Type of Animal":"Pigs"},"geometry":{"type":"Point","coordinates":[0.359966,42.252474]}},{"type":"Feature","properties":{"Unique ID":3452,"installationName":"GRANJA PORCINO PUERTOLAS","Type of Animal":"Pigs"},"geometry":{"type":"Point","coordinates":[0.17905,42.171017]}},{"type":"Feature","properties":{"Unique ID":3453,"installationName":"ES500950000346-CERDOS-EJEA DE LOS CABALLEROS","Type of Animal":"Pigs"},"geometry":{"type":"Point","coordinates":[-1.136501,42.125724]}},{"type":"Feature","properties":{"Unique ID":3454,"installationName":"ES500950000343-CERDOS-EJEA DE LOS CABALLEROS","Type of Animal":"Pigs"},"geometry":{"type":"Point","coordinates":[-1.136501,42.125724]}},{"type":"Feature","properties":{"Unique ID":3455,"installationName":"ION AZCONA SOLDADO - ZABAL","Type of Animal":"Poultry"},"geometry":{"type":"Point","coordinates":[-2.001306,42.710651]}},{"type":"Feature","properties":{"Unique ID":3456,"installationName":"GRANJA SALAS BAJAS","Type of Animal":"Pigs"},"geometry":{"type":"Point","coordinates":[0.069147,42.085474]}},{"type":"Feature","properties":{"Unique ID":3457,"installationName":"MARCUELLO SANCHEZ, LORENA","Type of Animal":"Pigs"},"geometry":{"type":"Point","coordinates":[-1.272149,40.434674]}},{"type":"Feature","properties":{"Unique ID":3458,"installationName":"ES222250000300-TAMARITE DE LITERA","Type of Animal":"Pigs"},"geometry":{"type":"Point","coordinates":[0.344569,41.748356]}},{"type":"Feature","properties":{"Unique ID":3459,"installationName":"DAVID MARCEN MORENO (ES222130000173-SARIÑENA)","Type of Animal":"Pigs"},"geometry":{"type":"Point","coordinates":[-0.248868,41.793535]}},{"type":"Feature","properties":{"Unique ID":3460,"installationName":"ES500950000333-EJEA DE LOS CABALLEROS","Type of Animal":"Pigs"},"geometry":{"type":"Point","coordinates":[-1.132422,42.079314]}},{"type":"Feature","properties":{"Unique ID":3461,"installationName":"ES220630000023  GRANJAS ALACUNAS 2","Type of Animal":"Pigs"},"geometry":{"type":"Point","coordinates":[-0.753864,42.241235]}},{"type":"Feature","properties":{"Unique ID":3462,"installationName":"GRUPO PREMIER PIGS SL","Type of Animal":"Pigs"},"geometry":{"type":"Point","coordinates":[-0.008744,41.715222]}},{"type":"Feature","properties":{"Unique ID":3463,"installationName":"GOITXERTOKI S.L.","Type of Animal":"Pigs"},"geometry":{"type":"Point","coordinates":[-1.304154,42.655592]}},{"type":"Feature","properties":{"Unique ID":3464,"installationName":"GRANJA GILSAMPA","Type of Animal":"Pigs"},"geometry":{"type":"Point","coordinates":[-4.0125,41.1184]}},{"type":"Feature","properties":{"Unique ID":3465,"installationName":"SALMANTINA DE PIENSOS, S.A.","Type of Animal":"Pigs"},"geometry":{"type":"Point","coordinates":[-5.592944,40.965177]}},{"type":"Feature","properties":{"Unique ID":3466,"installationName":"TRAVESAÑÁ 2020, S.L.","Type of Animal":"Pigs"},"geometry":{"type":"Point","coordinates":[-2.452081,41.52377]}},{"type":"Feature","properties":{"Unique ID":3467,"installationName":"JESÚS HERMOSO BARRIUSO","Type of Animal":"Pigs"},"geometry":{"type":"Point","coordinates":[-3.9793,41.904]}},{"type":"Feature","properties":{"Unique ID":3468,"installationName":"JOSVI TEJARES","Type of Animal":"Pigs"},"geometry":{"type":"Point","coordinates":[-3.8967,41.4349]}},{"type":"Feature","properties":{"Unique ID":3469,"installationName":"SERGIO MIGUEL RICA IGLESIAS","Type of Animal":"Pigs"},"geometry":{"type":"Point","coordinates":[-3.384402,41.789985]}},{"type":"Feature","properties":{"Unique ID":3470,"installationName":"ES500550000013-BORJA","Type of Animal":"Pigs"},"geometry":{"type":"Point","coordinates":[-1.526114,41.861284]}},{"type":"Feature","properties":{"Unique ID":3471,"installationName":"ES501330000004-LAGATA","Type of Animal":"Pigs"},"geometry":{"type":"Point","coordinates":[-0.792796,41.229128]}},{"type":"Feature","properties":{"Unique ID":3472,"installationName":"ES501700000018-MONEGRILLO","Type of Animal":"Pigs"},"geometry":{"type":"Point","coordinates":[-0.414238,41.614808]}},{"type":"Feature","properties":{"Unique ID":3473,"installationName":"ES500550000015-BORJA","Type of Animal":"Pigs"},"geometry":{"type":"Point","coordinates":[-1.520598,41.871642]}},{"type":"Feature","properties":{"Unique ID":3474,"installationName":"ES502520000162-TAUSTE","Type of Animal":"Pigs"},"geometry":{"type":"Point","coordinates":[-1.237869,41.970666]}},{"type":"Feature","properties":{"Unique ID":3475,"installationName":"LEYRE Y JAVIER VICENTE CUARTERO S.L.U.","Type of Animal":"Poultry"},"geometry":{"type":"Point","coordinates":[-1.42052,41.922054]}},{"type":"Feature","properties":{"Unique ID":3476,"installationName":"JOSE LUIS SAEZ PEREZ S.L.","Type of Animal":"Pigs"},"geometry":{"type":"Point","coordinates":[-2.458617,42.606128]}},{"type":"Feature","properties":{"Unique ID":3477,"installationName":"OMAYMA BENMOUSSA SABRI S.L.","Type of Animal":"Poultry"},"geometry":{"type":"Point","coordinates":[-1.573341,42.319777]}},{"type":"Feature","properties":{"Unique ID":3478,"installationName":"ISRAEL PEREZ AICUA","Type of Animal":"Pigs"},"geometry":{"type":"Point","coordinates":[-1.648139,42.34145]}},{"type":"Feature","properties":{"Unique ID":3479,"installationName":"JAVIER ORDUÑA OSES","Type of Animal":"Poultry"},"geometry":{"type":"Point","coordinates":[-1.799096,42.338976]}},{"type":"Feature","properties":{"Unique ID":3480,"installationName":"ZINARREKA S.L.","Type of Animal":"Poultry"},"geometry":{"type":"Point","coordinates":[-1.774976,42.801736]}},{"type":"Feature","properties":{"Unique ID":3481,"installationName":"LA VINYA DE L´HORT","Type of Animal":"Poultry"},"geometry":{"type":"Point","coordinates":[1.600795,41.600057]}},{"type":"Feature","properties":{"Unique ID":3482,"installationName":"L´Estepà","Type of Animal":"Pigs"},"geometry":{"type":"Point","coordinates":[3.043878,42.15537]}},{"type":"Feature","properties":{"Unique ID":3483,"installationName":"GRANJA LLORET","Type of Animal":"Pigs"},"geometry":{"type":"Point","coordinates":[1.512943,41.711423]}},{"type":"Feature","properties":{"Unique ID":3484,"installationName":"CAL BEPO","Type of Animal":"Pigs"},"geometry":{"type":"Point","coordinates":[1.265825,41.967813]}},{"type":"Feature","properties":{"Unique ID":3485,"installationName":"LA CAMPANERA","Type of Animal":"Pigs"},"geometry":{"type":"Point","coordinates":[1.227581,41.440187]}},{"type":"Feature","properties":{"Unique ID":3486,"installationName":"Clotet Pons","Type of Animal":"Pigs"},"geometry":{"type":"Point","coordinates":[1.166007,41.9128]}},{"type":"Feature","properties":{"Unique ID":3487,"installationName":"Granja Buchaca","Type of Animal":"Pigs"},"geometry":{"type":"Point","coordinates":[0.370398,41.694462]}},{"type":"Feature","properties":{"Unique ID":3488,"installationName":"Camí d´Avinyonet","Type of Animal":"Poultry"},"geometry":{"type":"Point","coordinates":[2.904996,42.226687]}},{"type":"Feature","properties":{"Unique ID":3489,"installationName":"Granja Hostal del Bou","Type of Animal":"Poultry"},"geometry":{"type":"Point","coordinates":[1.547142,41.725758]}},{"type":"Feature","properties":{"Unique ID":3490,"installationName":"Can Marco","Type of Animal":"Poultry"},"geometry":{"type":"Point","coordinates":[1.417361,41.607387]}},{"type":"Feature","properties":{"Unique ID":3491,"installationName":"El Bosc","Type of Animal":"Pigs"},"geometry":{"type":"Point","coordinates":[1.184863,41.802537]}},{"type":"Feature","properties":{"Unique ID":3492,"installationName":"Pordall","Type of Animal":"Pigs"},"geometry":{"type":"Point","coordinates":[0.434215,40.671885]}},{"type":"Feature","properties":{"Unique ID":3493,"installationName":"Els Sucarrats","Type of Animal":"Pigs"},"geometry":{"type":"Point","coordinates":[3.077605,42.050093]}},{"type":"Feature","properties":{"Unique ID":3494,"installationName":"FARCAM Pollos","Type of Animal":"Poultry"},"geometry":{"type":"Point","coordinates":[0.511735,41.606414]}},{"type":"Feature","properties":{"Unique ID":3495,"installationName":"GANADOS GILI.","Type of Animal":"Pigs"},"geometry":{"type":"Point","coordinates":[0.586268,41.354733]}},{"type":"Feature","properties":{"Unique ID":3496,"installationName":"GRANJA CAMARLES","Type of Animal":"Poultry"},"geometry":{"type":"Point","coordinates":[0.64334,40.770483]}},{"type":"Feature","properties":{"Unique ID":3497,"installationName":"CONDAL I RIERA","Type of Animal":"Pigs"},"geometry":{"type":"Point","coordinates":[1.278191,41.836055]}},{"type":"Feature","properties":{"Unique ID":3498,"installationName":"GRANJA CALDERINA","Type of Animal":"Pigs"},"geometry":{"type":"Point","coordinates":[2.172123,41.640143]}},{"type":"Feature","properties":{"Unique ID":3499,"installationName":"MAS SANGRÀ","Type of Animal":"Pigs"},"geometry":{"type":"Point","coordinates":[1.386693,41.76919]}},{"type":"Feature","properties":{"Unique ID":3500,"installationName":"GRANJA RODKEN","Type of Animal":"Poultry"},"geometry":{"type":"Point","coordinates":[0.679689,41.633057]}},{"type":"Feature","properties":{"Unique ID":3501,"installationName":"GRANJA AGROPECUARIA MARSA","Type of Animal":"Poultry"},"geometry":{"type":"Point","coordinates":[0.753377,41.679941]}},{"type":"Feature","properties":{"Unique ID":3502,"installationName":"AMPLIACIÓN DE LA EXPLOTACIÓN PORCINA DE CEBO","Type of Animal":"Pigs"},"geometry":{"type":"Point","coordinates":[-2.34,37.379]}},{"type":"Feature","properties":{"Unique ID":3503,"installationName":"GRANJA EL ROMERAL","Type of Animal":"Pigs"},"geometry":{"type":"Point","coordinates":[-5.73,37.432]}},{"type":"Feature","properties":{"Unique ID":3504,"installationName":"EXPLOTACIÓN AVÍCOLA DE BROILER FINCA \"CAÑADA DE LA SIMA\"","Type of Animal":"Poultry"},"geometry":{"type":"Point","coordinates":[-4.712,37.438]}},{"type":"Feature","properties":{"Unique ID":3505,"installationName":"GRANJA RANCHO DEL CHOCOLATE","Type of Animal":"Pigs"},"geometry":{"type":"Point","coordinates":[-5.22288,36.583932]}},{"type":"Feature","properties":{"Unique ID":3506,"installationName":"EXPLOTACIÓN AVÍCOLA DE POLLOS \"DOÑA ESTHER\"","Type of Animal":"Poultry"},"geometry":{"type":"Point","coordinates":[-5.664,37.512]}},{"type":"Feature","properties":{"Unique ID":3507,"installationName":"EXPLOTACIÓN AVÍCOLA DE POLLOS \"PARAJE LA ESPARRAGUERA\"","Type of Animal":"Poultry"},"geometry":{"type":"Point","coordinates":[-3.004,37.209]}},{"type":"Feature","properties":{"Unique ID":3508,"installationName":"EXPLOTACIÓN AVÍCOLA DEHESA DEL GUADIANA","Type of Animal":"Poultry"},"geometry":{"type":"Point","coordinates":[-3.126,37.383]}},{"type":"Feature","properties":{"Unique ID":3509,"installationName":"VILLACELA SL","Type of Animal":"Poultry"},"geometry":{"type":"Point","coordinates":[-7.746265,43.069945]}},{"type":"Feature","properties":{"Unique ID":3510,"installationName":"JOSE MANUEL RODRIGUEZ LOSADA","Type of Animal":"Pigs"},"geometry":{"type":"Point","coordinates":[-7.786281,42.027199]}},{"type":"Feature","properties":{"Unique ID":3511,"installationName":"GRANJA VALLE LARGO, S.L.","Type of Animal":"Pigs"},"geometry":{"type":"Point","coordinates":[-4.437477,40.96459]}},{"type":"Feature","properties":{"Unique ID":3512,"installationName":"GRANJA HERREROS","Type of Animal":"Pigs"},"geometry":{"type":"Point","coordinates":[-4.1064,41.1724]}},{"type":"Feature","properties":{"Unique ID":3513,"installationName":"JOSÉ ANTONIO GARCÍA LÓPEZ","Type of Animal":"Pigs"},"geometry":{"type":"Point","coordinates":[-2.6228,41.4673]}},{"type":"Feature","properties":{"Unique ID":3514,"installationName":"Explotación porcina de cebo San Junel","Type of Animal":"Pigs"},"geometry":{"type":"Point","coordinates":[-5.421906,41.024207]}},{"type":"Feature","properties":{"Unique ID":3515,"installationName":"CARLOS MANUEL SANZ LÓPEZ","Type of Animal":"Pigs"},"geometry":{"type":"Point","coordinates":[-3.566588,41.415821]}},{"type":"Feature","properties":{"Unique ID":3516,"installationName":"VITERS FAMILIA-BERLANGA DE DUERO","Type of Animal":"Pigs"},"geometry":{"type":"Point","coordinates":[-2.820329,41.493925]}},{"type":"Feature","properties":{"Unique ID":3517,"installationName":"JAVIER SANCHEZ DELICADO","Type of Animal":"Pigs"},"geometry":{"type":"Point","coordinates":[-1.76,38.8832]}},{"type":"Feature","properties":{"Unique ID":3518,"installationName":"GONLO INVERSIONES, S.L","Type of Animal":"Pigs"},"geometry":{"type":"Point","coordinates":[-3.355,39.255]}},{"type":"Feature","properties":{"Unique ID":3519,"installationName":"MARCUELLO ESPEJO, S. L.","Type of Animal":"Pigs"},"geometry":{"type":"Point","coordinates":[-1.835,39.915]}},{"type":"Feature","properties":{"Unique ID":3520,"installationName":"EXPLOTACIÓN PORCINA DE CEBO","Type of Animal":"Pigs"},"geometry":{"type":"Point","coordinates":[-1.852,39.909]}},{"type":"Feature","properties":{"Unique ID":3521,"installationName":"CARLOS TURÉGANO CUENCA","Type of Animal":"Pigs"},"geometry":{"type":"Point","coordinates":[-1.4265,39.696]}},{"type":"Feature","properties":{"Unique ID":3522,"installationName":"AGROCASIMIRO, S. L.","Type of Animal":"Pigs"},"geometry":{"type":"Point","coordinates":[-1.9014,39.4113]}},{"type":"Feature","properties":{"Unique ID":3523,"installationName":"AGROCASIMIRO, S.L  ","Type of Animal":"Pigs"},"geometry":{"type":"Point","coordinates":[-1.903,39.4085]}},{"type":"Feature","properties":{"Unique ID":3524,"installationName":"AVICOLA DEL MOLINO, S. L.","Type of Animal":"Poultry"},"geometry":{"type":"Point","coordinates":[-2.8321,40.7736]}},{"type":"Feature","properties":{"Unique ID":3525,"installationName":"EXPLOTACION GANADO PORCINO","Type of Animal":"Pigs"},"geometry":{"type":"Point","coordinates":[-4.3181,39.7028]}},{"type":"Feature","properties":{"Unique ID":3526,"installationName":"PIGLETS, S. L.","Type of Animal":"Pigs"},"geometry":{"type":"Point","coordinates":[-5.0734,39.8187]}},{"type":"Feature","properties":{"Unique ID":3527,"installationName":"LUIS LOPEZ HERRERA","Type of Animal":"Pigs"},"geometry":{"type":"Point","coordinates":[-4.4753,39.989]}},{"type":"Feature","properties":{"Unique ID":3528,"installationName":"EXPLOTACIONES AVICOLAS HNOS PAZ, S. L.","Type of Animal":"Poultry"},"geometry":{"type":"Point","coordinates":[-4.3326,39.8733]}},{"type":"Feature","properties":{"Unique ID":3529,"installationName":"JUAN RULLO SANCHEZ","Type of Animal":"Pigs"},"geometry":{"type":"Point","coordinates":[-3.377,39.421]}},{"type":"Feature","properties":{"Unique ID":3530,"installationName":"EXPLOTACIONES AGROPECUARIAS KARMA, S. L.","Type of Animal":"Pigs"},"geometry":{"type":"Point","coordinates":[-4.463,39.882]}},{"type":"Feature","properties":{"Unique ID":3531,"installationName":"EXPLOTACIÓN PORCINA DE CERDAS Y LECHONES HASTA 20 KG.","Type of Animal":"Pigs"},"geometry":{"type":"Point","coordinates":[-3.25239,39.5306]}},{"type":"Feature","properties":{"Unique ID":3532,"installationName":"AGROPECUARIA SAN SEBASTIAN, S.L.","Type of Animal":"Pigs"},"geometry":{"type":"Point","coordinates":[-4.5066,39.9435]}},{"type":"Feature","properties":{"Unique ID":3533,"installationName":"EXPLOTACIÓN PORCINA MIXTA AAI-TO-339","Type of Animal":"Pigs"},"geometry":{"type":"Point","coordinates":[-4.2722,39.688]}},{"type":"Feature","properties":{"Unique ID":3534,"installationName":"VIDAVI, S.C.C-LM","Type of Animal":"Poultry"},"geometry":{"type":"Point","coordinates":[-1.569,39.218]}},{"type":"Feature","properties":{"Unique ID":3535,"installationName":"MARCELO NAVA MARTÍNEZ","Type of Animal":"Pigs"},"geometry":{"type":"Point","coordinates":[-5.5426,42.2739]}},{"type":"Feature","properties":{"Unique ID":3536,"installationName":"EXPLOTACIÓN AVÍCOLA VALVERDÓN","Type of Animal":"Poultry"},"geometry":{"type":"Point","coordinates":[-5.764455,41.051009]}},{"type":"Feature","properties":{"Unique ID":3537,"installationName":"HERMANOS DE PABLO ARRIBAS - ATAUTA","Type of Animal":"Pigs"},"geometry":{"type":"Point","coordinates":[-3.1917,41.493]}},{"type":"Feature","properties":{"Unique ID":3538,"installationName":"Granja las Malezas","Type of Animal":"Pigs"},"geometry":{"type":"Point","coordinates":[-5.146178,40.783903]}},{"type":"Feature","properties":{"Unique ID":3539,"installationName":"Coop. Del Campo Virgen de la Serna","Type of Animal":"Pigs"},"geometry":{"type":"Point","coordinates":[-3.52689,41.758528]}},{"type":"Feature","properties":{"Unique ID":3540,"installationName":"Explotación porcina Celes y Diego","Type of Animal":"Pigs"},"geometry":{"type":"Point","coordinates":[-5.9083,40.9759]}},{"type":"Feature","properties":{"Unique ID":3541,"installationName":"DAVID GONZÁLEZ FERNÁNDEZ","Type of Animal":"Pigs"},"geometry":{"type":"Point","coordinates":[-4.709941,40.866587]}},{"type":"Feature","properties":{"Unique ID":3542,"installationName":"GRUPO VICENAT, S.L.","Type of Animal":"Pigs"},"geometry":{"type":"Point","coordinates":[-5.506808,42.187101]}},{"type":"Feature","properties":{"Unique ID":3543,"installationName":"Jesús Fernández Llamas","Type of Animal":"Poultry"},"geometry":{"type":"Point","coordinates":[-5.8599,42.5787]}},{"type":"Feature","properties":{"Unique ID":3544,"installationName":"AGROMORAÑA, S.L.","Type of Animal":"Pigs"},"geometry":{"type":"Point","coordinates":[-4.84379,40.97767]}},{"type":"Feature","properties":{"Unique ID":3545,"installationName":"ALBERTO ARÉVALO MUÑOZ","Type of Animal":"Pigs"},"geometry":{"type":"Point","coordinates":[-4.2422,41.1297]}},{"type":"Feature","properties":{"Unique ID":3546,"installationName":"EL CHAPÍN","Type of Animal":"Pigs"},"geometry":{"type":"Point","coordinates":[-4.931756,40.921618]}},{"type":"Feature","properties":{"Unique ID":3547,"installationName":"AGROPECUARIA SAN FERMIN, S.L.","Type of Animal":"Poultry"},"geometry":{"type":"Point","coordinates":[-1.573341,42.319777]}},{"type":"Feature","properties":{"Unique ID":3548,"installationName":"CEBAPOR - EL PARRAGATE","Type of Animal":"Pigs"},"geometry":{"type":"Point","coordinates":[-1.799096,42.338976]}},{"type":"Feature","properties":{"Unique ID":3549,"installationName":"JOSE MANUEL MORENO PEREZ","Type of Animal":"Pigs"},"geometry":{"type":"Point","coordinates":[-0.420696,39.497439]}},{"type":"Feature","properties":{"Unique ID":3550,"installationName":"URBANO ALONSO CARABIAS","Type of Animal":"Pigs"},"geometry":{"type":"Point","coordinates":[-5.252009,41.120081]}},{"type":"Feature","properties":{"Unique ID":3551,"installationName":"MÓNICA Y JULIO - ALCONADA","Type of Animal":"Pigs"},"geometry":{"type":"Point","coordinates":[-3.5023,41.4349]}},{"type":"Feature","properties":{"Unique ID":3552,"installationName":"CEBOCERTER, S.L.","Type of Animal":"Pigs"},"geometry":{"type":"Point","coordinates":[-5.590416,40.841486]}},{"type":"Feature","properties":{"Unique ID":3553,"installationName":"AVICENVALL COOP.V.","Type of Animal":"Poultry"},"geometry":{"type":"Point","coordinates":[-0.036153,40.174696]}},{"type":"Feature","properties":{"Unique ID":3554,"installationName":"ES222130000132-SARIÑENA","Type of Animal":"Pigs"},"geometry":{"type":"Point","coordinates":[0.211458,41.806421]}},{"type":"Feature","properties":{"Unique ID":3555,"installationName":"MIRANDA DE ARGA PORCINO","Type of Animal":"Pigs"},"geometry":{"type":"Point","coordinates":[-1.826348,42.483115]}},{"type":"Feature","properties":{"Unique ID":3556,"installationName":"ES221970000852","Type of Animal":"Poultry"},"geometry":{"type":"Point","coordinates":[-0.484329,41.883477]}},{"type":"Feature","properties":{"Unique ID":3557,"installationName":"VILLACAMPA 037","Type of Animal":"Pigs"},"geometry":{"type":"Point","coordinates":[-0.894513,42.089779]}},{"type":"Feature","properties":{"Unique ID":3558,"installationName":"MANVILLA 023","Type of Animal":"Pigs"},"geometry":{"type":"Point","coordinates":[-0.910059,42.094702]}},{"type":"Feature","properties":{"Unique ID":3559,"installationName":"ADRIANO ÁLVAREZ GÓMEZ","Type of Animal":"Pigs"},"geometry":{"type":"Point","coordinates":[-5.765734,41.809421]}},{"type":"Feature","properties":{"Unique ID":3560,"installationName":"ES220180000057-AGROPECUARIA LAS CORONAS","Type of Animal":"Pigs"},"geometry":{"type":"Point","coordinates":[-0.431271,41.7703]}},{"type":"Feature","properties":{"Unique ID":3561,"installationName":"ES440490000015-RAÚL JASA","Type of Animal":"Pigs"},"geometry":{"type":"Point","coordinates":[0.20472,41.021398]}},{"type":"Feature","properties":{"Unique ID":3562,"installationName":"TOMAS SANTOLARIA BRUSAU","Type of Animal":"Pigs"},"geometry":{"type":"Point","coordinates":[-0.85886,42.73428]}},{"type":"Feature","properties":{"Unique ID":3563,"installationName":"EXPLOTACIONES GANADERAS MAZUELO SC","Type of Animal":"Pigs"},"geometry":{"type":"Point","coordinates":[0.212473,42.225506]}},{"type":"Feature","properties":{"Unique ID":3564,"installationName":"EXPLOTACIÓN PORCINA ES221970000085","Type of Animal":"Pigs"},"geometry":{"type":"Point","coordinates":[-0.481269,41.846291]}},{"type":"Feature","properties":{"Unique ID":3565,"installationName":"GRANJA BUJARUELO","Type of Animal":"Pigs"},"geometry":{"type":"Point","coordinates":[-0.063479,41.45603]}},{"type":"Feature","properties":{"Unique ID":3566,"installationName":"OSCAR MORENO CANO","Type of Animal":"Pigs"},"geometry":{"type":"Point","coordinates":[-2.058628,42.077497]}},{"type":"Feature","properties":{"Unique ID":3567,"installationName":"ES221970000091-ROBRES","Type of Animal":"Pigs"},"geometry":{"type":"Point","coordinates":[-0.460852,41.867847]}},{"type":"Feature","properties":{"Unique ID":3568,"installationName":"ES500590000044-GRANJA ROYO REPOLLÉS, S.C.","Type of Animal":"Pigs"},"geometry":{"type":"Point","coordinates":[-0.187013,41.481316]}},{"type":"Feature","properties":{"Unique ID":3569,"installationName":"MARIA JOSE MATEO LAJARA","Type of Animal":"Pigs"},"geometry":{"type":"Point","coordinates":[0.117403,41.66077]}},{"type":"Feature","properties":{"Unique ID":3570,"installationName":"EXPLOTACION PORCINA MONTEPARRA","Type of Animal":"Pigs"},"geometry":{"type":"Point","coordinates":[-5.579011,40.560816]}},{"type":"Feature","properties":{"Unique ID":3571,"installationName":"ES500740000150","Type of Animal":"Pigs"},"geometry":{"type":"Point","coordinates":[-0.063086,41.30758]}},{"type":"Feature","properties":{"Unique ID":3572,"installationName":"ES22502980000070 CERDOS ONTINAR","Type of Animal":"Pigs"},"geometry":{"type":"Point","coordinates":[-0.771551,41.913571]}},{"type":"Feature","properties":{"Unique ID":3573,"installationName":"ES221160000125-CERDOS-MONTESUSIN","Type of Animal":"Pigs"},"geometry":{"type":"Point","coordinates":[-0.34835,41.88902]}},{"type":"Feature","properties":{"Unique ID":3574,"installationName":"GRANJA ANGEL ARTIGAS MORER","Type of Animal":"Pigs"},"geometry":{"type":"Point","coordinates":[-0.461727,41.903625]}},{"type":"Feature","properties":{"Unique ID":3575,"installationName":"ALEJANDRO MOLINA CAÑIZARES","Type of Animal":"Pigs"},"geometry":{"type":"Point","coordinates":[-0.448467,41.246576]}},{"type":"Feature","properties":{"Unique ID":3576,"installationName":"ES502080000011- CERDOS - PINA DE EBRO","Type of Animal":"Pigs"},"geometry":{"type":"Point","coordinates":[-0.526964,41.488826]}},{"type":"Feature","properties":{"Unique ID":3577,"installationName":"MONTALBAN","Type of Animal":"Pigs"},"geometry":{"type":"Point","coordinates":[-1.597413,37.924091]}},{"type":"Feature","properties":{"Unique ID":3578,"installationName":"EXPLOTACIÓN PORCINA","Type of Animal":"Pigs"},"geometry":{"type":"Point","coordinates":[-1.17722,37.701044]}},{"type":"Feature","properties":{"Unique ID":3579,"installationName":"EXPLOTACIÓN PORCINA AGROGANADERA CAMPONUBLA","Type of Animal":"Pigs"},"geometry":{"type":"Point","coordinates":[-1.219332,37.67534]}},{"type":"Feature","properties":{"Unique ID":3580,"installationName":"ES502350000060","Type of Animal":"Pigs"},"geometry":{"type":"Point","coordinates":[-0.7658,41.8304]}},{"type":"Feature","properties":{"Unique ID":3581,"installationName":"RAUL ESCOLA PEREZ","Type of Animal":"Pigs"},"geometry":{"type":"Point","coordinates":[0.145577,41.738755]}},{"type":"Feature","properties":{"Unique ID":3582,"installationName":"CIRIA GANADERA SC-005","Type of Animal":"Pigs"},"geometry":{"type":"Point","coordinates":[0.1,42.1]}},{"type":"Feature","properties":{"Unique ID":3583,"installationName":"FAMAGAN SL-SENA","Type of Animal":"Pigs"},"geometry":{"type":"Point","coordinates":[0.2853,41.4418]}},{"type":"Feature","properties":{"Unique ID":3584,"installationName":"BALMIN, S.C.","Type of Animal":"Pigs"},"geometry":{"type":"Point","coordinates":[-0.307973,41.89551]}},{"type":"Feature","properties":{"Unique ID":3585,"installationName":"LA ALMOLDA GANADERA S. L.","Type of Animal":"Pigs"},"geometry":{"type":"Point","coordinates":[-0.178162,41.558115]}},{"type":"Feature","properties":{"Unique ID":3586,"installationName":"GRANJA PORCINO FERNANDO VIÑUALES","Type of Animal":"Pigs"},"geometry":{"type":"Point","coordinates":[-0.2864,42.076884]}},{"type":"Feature","properties":{"Unique ID":3587,"installationName":"GRANJA PORCINO ES222130000177","Type of Animal":"Pigs"},"geometry":{"type":"Point","coordinates":[-0.12789,41.81709]}},{"type":"Feature","properties":{"Unique ID":3588,"installationName":"ES221280000031-CONCEPCION TORRES-ILCHE","Type of Animal":"Pigs"},"geometry":{"type":"Point","coordinates":[0.037,41.92]}},{"type":"Feature","properties":{"Unique ID":3589,"installationName":"ES221560000015-AGROP CEBOLLERO-MONFLORITE-LASCASAS","Type of Animal":"Pigs"},"geometry":{"type":"Point","coordinates":[0.384841,42.070734]}},{"type":"Feature","properties":{"Unique ID":3590,"installationName":"RIVERBRAU, S.C. (ES220270000041-BESPEN)","Type of Animal":"Pigs"},"geometry":{"type":"Point","coordinates":[-0.152789,42.075033]}},{"type":"Feature","properties":{"Unique ID":3591,"installationName":"ES222510000015-VILLANUEVA DE SIGENA","Type of Animal":"Pigs"},"geometry":{"type":"Point","coordinates":[-0.042,41.56]}},{"type":"Feature","properties":{"Unique ID":3592,"installationName":"ES501050000011-FAYON","Type of Animal":"Pigs"},"geometry":{"type":"Point","coordinates":[0.295,41.24]}},{"type":"Feature","properties":{"Unique ID":3593,"installationName":"ES221370000855-LANAJA","Type of Animal":"Poultry"},"geometry":{"type":"Point","coordinates":[-0.368835,41.732331]}},{"type":"Feature","properties":{"Unique ID":3594,"installationName":"ES22082000015-MORENO ALMAU-CASTEJÓN DEL PUENTE","Type of Animal":"Pigs"},"geometry":{"type":"Point","coordinates":[0.089596,41.953901]}},{"type":"Feature","properties":{"Unique ID":3595,"installationName":"ES502400000015 CERDOS-SASTAGO","Type of Animal":"Pigs"},"geometry":{"type":"Point","coordinates":[-0.346023,41.322674]}},{"type":"Feature","properties":{"Unique ID":3596,"installationName":"ES5201050000012","Type of Animal":"Pigs"},"geometry":{"type":"Point","coordinates":[0.333074,41.239579]}},{"type":"Feature","properties":{"Unique ID":3597,"installationName":"ES222130000199-CERDOS-SARIÑENA","Type of Animal":"Pigs"},"geometry":{"type":"Point","coordinates":[0.193038,41.748081]}},{"type":"Feature","properties":{"Unique ID":3598,"installationName":"ES222170000003-COOPERATIVA D'IVARS-GRANJA VALFARTA","Type of Animal":"Pigs"},"geometry":{"type":"Point","coordinates":[-0.131142,41.586274]}},{"type":"Feature","properties":{"Unique ID":3599,"installationName":"ES220810000046 PERALTA GUARA","Type of Animal":"Pigs"},"geometry":{"type":"Point","coordinates":[-0.150177,42.163241]}},{"type":"Feature","properties":{"Unique ID":3600,"installationName":"CAMPASAN,S.C. (ES222030000021-SALILLAS)","Type of Animal":"Pigs"},"geometry":{"type":"Point","coordinates":[-0.204974,42.015207]}},{"type":"Feature","properties":{"Unique ID":3601,"installationName":"AROPECUARIA LOS PERICOS S.C.","Type of Animal":"Pigs"},"geometry":{"type":"Point","coordinates":[-0.209289,41.55248]}},{"type":"Feature","properties":{"Unique ID":3602,"installationName":"INSTALACIONES GANADERAS SAN AGUSTÍN S.L.","Type of Animal":"Poultry"},"geometry":{"type":"Point","coordinates":[-1.236787,42.233185]}},{"type":"Feature","properties":{"Unique ID":3603,"installationName":"ES502980000072-ZUERA","Type of Animal":"Pigs"},"geometry":{"type":"Point","coordinates":[-0.790133,41.868543]}},{"type":"Feature","properties":{"Unique ID":3604,"installationName":"ROSARIO PALACIO GIL","Type of Animal":"Poultry"},"geometry":{"type":"Point","coordinates":[-1.198917,42.179423]}},{"type":"Feature","properties":{"Unique ID":3605,"installationName":"JOSE EMILIO RAMON BROCATE","Type of Animal":"Pigs"},"geometry":{"type":"Point","coordinates":[-1.28,42.11]}},{"type":"Feature","properties":{"Unique ID":3606,"installationName":"GRANJA REMON, S.L.","Type of Animal":"Pigs"},"geometry":{"type":"Point","coordinates":[-1.2893,42.3225]}},{"type":"Feature","properties":{"Unique ID":3607,"installationName":"NAZARET","Type of Animal":"Pigs"},"geometry":{"type":"Point","coordinates":[-1.171942,37.721749]}},{"type":"Feature","properties":{"Unique ID":3608,"installationName":"ES442210000030","Type of Animal":"Pigs"},"geometry":{"type":"Point","coordinates":[-0.0922,40.959913]}},{"type":"Feature","properties":{"Unique ID":3609,"installationName":"ES220070000056","Type of Animal":"Pigs"},"geometry":{"type":"Point","coordinates":[0.172874,41.760046]}},{"type":"Feature","properties":{"Unique ID":3610,"installationName":"ES441820000008","Type of Animal":"Pigs"},"geometry":{"type":"Point","coordinates":[-1.001788,40.634799]}},{"type":"Feature","properties":{"Unique ID":3611,"installationName":"JOSE LUIS IGUAZ NAVARRO","Type of Animal":"Pigs"},"geometry":{"type":"Point","coordinates":[-1.361992,41.945782]}},{"type":"Feature","properties":{"Unique ID":3612,"installationName":"PUY OVIL S.C","Type of Animal":"Pigs"},"geometry":{"type":"Point","coordinates":[-1.181943,41.90656]}},{"type":"Feature","properties":{"Unique ID":3613,"installationName":"GRANJA LAS FUESA S.L","Type of Animal":"Pigs"},"geometry":{"type":"Point","coordinates":[-1.149493,41.936393]}},{"type":"Feature","properties":{"Unique ID":3614,"installationName":"FRANCISCO JAVIER CUARTERO BLASCO","Type of Animal":"Pigs"},"geometry":{"type":"Point","coordinates":[-1.475389,41.923721]}},{"type":"Feature","properties":{"Unique ID":3615,"installationName":"LOS PRADOS","Type of Animal":"Pigs"},"geometry":{"type":"Point","coordinates":[-1.17,41.48]}},{"type":"Feature","properties":{"Unique ID":3616,"installationName":"ES220180000062","Type of Animal":"Pigs"},"geometry":{"type":"Point","coordinates":[-0.487471,41.823636]}},{"type":"Feature","properties":{"Unique ID":3617,"installationName":"ES222130000195-CERDOS-SARIÑENA","Type of Animal":"Pigs"},"geometry":{"type":"Point","coordinates":[-0.157691,41.791631]}},{"type":"Feature","properties":{"Unique ID":3618,"installationName":"ES221970000094-ROBRES","Type of Animal":"Pigs"},"geometry":{"type":"Point","coordinates":[-0.460852,41.867847]}},{"type":"Feature","properties":{"Unique ID":3619,"installationName":"ES501660000010-MESONES DE ISUELA","Type of Animal":"Pigs"},"geometry":{"type":"Point","coordinates":[-1.540838,41.552829]}},{"type":"Feature","properties":{"Unique ID":3620,"installationName":"ES229030000117-SAN MIGUEL DEL CINCA","Type of Animal":"Pigs"},"geometry":{"type":"Point","coordinates":[0.112938,41.77968]}},{"type":"Feature","properties":{"Unique ID":3621,"installationName":"AGROPECUARIA AGUISOL SL","Type of Animal":"Poultry"},"geometry":{"type":"Point","coordinates":[0.337301,41.25246]}},{"type":"Feature","properties":{"Unique ID":3622,"installationName":"GRANJA LOS ALMENDROS","Type of Animal":"Pigs"},"geometry":{"type":"Point","coordinates":[-2.012586,42.409852]}},{"type":"Feature","properties":{"Unique ID":3623,"installationName":"ES500950000357-EJEA DE LOS CABALLEROS","Type of Animal":"Pigs"},"geometry":{"type":"Point","coordinates":[-1.136501,42.125724]}},{"type":"Feature","properties":{"Unique ID":3624,"installationName":"MARIO ELIPE UTRILLA","Type of Animal":"Pigs"},"geometry":{"type":"Point","coordinates":[-1.983164,41.290546]}},{"type":"Feature","properties":{"Unique ID":3625,"installationName":"CAROLINA MARTIN LUENGO","Type of Animal":"Pigs"},"geometry":{"type":"Point","coordinates":[-1.994645,41.295753]}},{"type":"Feature","properties":{"Unique ID":3626,"installationName":"LANPOR SC","Type of Animal":"Pigs"},"geometry":{"type":"Point","coordinates":[-1.401123,41.194755]}},{"type":"Feature","properties":{"Unique ID":3627,"installationName":"EL CERRO","Type of Animal":"Pigs"},"geometry":{"type":"Point","coordinates":[-0.008845,41.531085]}},{"type":"Feature","properties":{"Unique ID":3628,"installationName":"AVICOLA VENTA LAS CAÑADAS","Type of Animal":"Poultry"},"geometry":{"type":"Point","coordinates":[-1.336921,41.168077]}},{"type":"Feature","properties":{"Unique ID":3629,"installationName":"LUIS ALCONCHEL CALVO","Type of Animal":"Pigs"},"geometry":{"type":"Point","coordinates":[-0.852621,41.383647]}},{"type":"Feature","properties":{"Unique ID":3630,"installationName":"ES440760000006-CELLA","Type of Animal":"Pigs"},"geometry":{"type":"Point","coordinates":[-1.321857,40.512725]}},{"type":"Feature","properties":{"Unique ID":3631,"installationName":"GRANJA DE JOSE ANTONIO ANDRES DOMINGO","Type of Animal":"Pigs"},"geometry":{"type":"Point","coordinates":[-1.358843,40.67014]}},{"type":"Feature","properties":{"Unique ID":3632,"installationName":"EXPLOTACIÓN PORCINA ES221370000137","Type of Animal":"Pigs"},"geometry":{"type":"Point","coordinates":[-0.304,41.805]}},{"type":"Feature","properties":{"Unique ID":3633,"installationName":"GRANJA PEREZ","Type of Animal":"Pigs"},"geometry":{"type":"Point","coordinates":[-1.499081,37.770066]}},{"type":"Feature","properties":{"Unique ID":3634,"installationName":"EXPLOTACION BOQUERAS","Type of Animal":"Pigs"},"geometry":{"type":"Point","coordinates":[-1.865004,37.90567]}},{"type":"Feature","properties":{"Unique ID":3635,"installationName":"HNOS. ANSO SANJUAN S.L","Type of Animal":"Pigs"},"geometry":{"type":"Point","coordinates":[-1.123477,41.94087]}},{"type":"Feature","properties":{"Unique ID":3636,"installationName":"KIRKE SA","Type of Animal":"Pigs"},"geometry":{"type":"Point","coordinates":[-0.46673,41.446594]}},{"type":"Feature","properties":{"Unique ID":3637,"installationName":"AVICOLA EL RASO","Type of Animal":"Poultry"},"geometry":{"type":"Point","coordinates":[-1.577993,42.164325]}},{"type":"Feature","properties":{"Unique ID":3638,"installationName":"EXPLOTACIÓN PORCINA LOS RILLOS","Type of Animal":"Pigs"},"geometry":{"type":"Point","coordinates":[-1.193892,37.702905]}},{"type":"Feature","properties":{"Unique ID":3639,"installationName":"EXPLOTACIÓN PORCINA LOS LEGACES ES300210340030","Type of Animal":"Pigs"},"geometry":{"type":"Point","coordinates":[-1.251223,37.749408]}},{"type":"Feature","properties":{"Unique ID":3640,"installationName":"GRANJA LOS CANTAREROS, S.L","Type of Animal":"Pigs"},"geometry":{"type":"Point","coordinates":[-1.136501,42.125724]}},{"type":"Feature","properties":{"Unique ID":3641,"installationName":"EL PILON S.C","Type of Animal":"Pigs"},"geometry":{"type":"Point","coordinates":[-0.400849,41.779503]}},{"type":"Feature","properties":{"Unique ID":3642,"installationName":"FAUSTINO URGELS SERRANO","Type of Animal":"Pigs"},"geometry":{"type":"Point","coordinates":[0.040666,41.852374]}},{"type":"Feature","properties":{"Unique ID":3643,"installationName":"JOSE JAVIER MOZAS CASTILLON","Type of Animal":"Pigs"},"geometry":{"type":"Point","coordinates":[0.120237,42.086799]}},{"type":"Feature","properties":{"Unique ID":3644,"installationName":"EXPLOTACIÓN PORCINA JUAN LEGAZ","Type of Animal":"Pigs"},"geometry":{"type":"Point","coordinates":[-1.185581,37.681176]}},{"type":"Feature","properties":{"Unique ID":3645,"installationName":"EXPLOTACIÓN PORCINA LA ATALAYA (REGA ES300210540093)","Type of Animal":"Pigs"},"geometry":{"type":"Point","coordinates":[-1.154736,37.72067]}},{"type":"Feature","properties":{"Unique ID":3646,"installationName":"AVICOLA SAT 9326 LARRODE","Type of Animal":"Poultry"},"geometry":{"type":"Point","coordinates":[-1.150469,41.988816]}},{"type":"Feature","properties":{"Unique ID":3647,"installationName":"CRISTIAN SANCHEZ TORRECILLA","Type of Animal":"Pigs"},"geometry":{"type":"Point","coordinates":[-1.275769,40.874879]}},{"type":"Feature","properties":{"Unique ID":3648,"installationName":"EXPLOTACION PORCINA LOS VICENTES","Type of Animal":"Pigs"},"geometry":{"type":"Point","coordinates":[-1.231082,37.761433]}},{"type":"Feature","properties":{"Unique ID":3649,"installationName":"ANA MARÍA ZANUY SOLANILLA","Type of Animal":"Pigs"},"geometry":{"type":"Point","coordinates":[0.540246,41.979139]}},{"type":"Feature","properties":{"Unique ID":3650,"installationName":"ES501600000807","Type of Animal":"Poultry"},"geometry":{"type":"Point","coordinates":[-1.416897,41.898533]}},{"type":"Feature","properties":{"Unique ID":3651,"installationName":"GRANJA DE PORCINO","Type of Animal":"Pigs"},"geometry":{"type":"Point","coordinates":[0.42514,42.226909]}},{"type":"Feature","properties":{"Unique ID":3652,"installationName":"EXPLOTACIÓN PORCINA","Type of Animal":"Pigs"},"geometry":{"type":"Point","coordinates":[-1.312678,37.718164]}},{"type":"Feature","properties":{"Unique ID":3653,"installationName":"EXPLOTACIÓN PORCINA LOS JOGUERAS","Type of Animal":"Pigs"},"geometry":{"type":"Point","coordinates":[-1.239179,37.692409]}},{"type":"Feature","properties":{"Unique ID":3654,"installationName":"MADRES VALFARTA","Type of Animal":"Pigs"},"geometry":{"type":"Point","coordinates":[-0.109,41.559166]}},{"type":"Feature","properties":{"Unique ID":3655,"installationName":"A. LASFUENTES RUIZ T.C.","Type of Animal":"Pigs"},"geometry":{"type":"Point","coordinates":[-1.722254,41.904297]}},{"type":"Feature","properties":{"Unique ID":3656,"installationName":"ES221360000063-CERDOS-LALUEZA","Type of Animal":"Pigs"},"geometry":{"type":"Point","coordinates":[0.234232,41.854145]}},{"type":"Feature","properties":{"Unique ID":3657,"installationName":"EL PAJARÓN","Type of Animal":"Pigs"},"geometry":{"type":"Point","coordinates":[-4.095679,41.418525]}},{"type":"Feature","properties":{"Unique ID":3658,"installationName":"GRANJA HOYA","Type of Animal":"Pigs"},"geometry":{"type":"Point","coordinates":[-0.932507,42.166459]}},{"type":"Feature","properties":{"Unique ID":3659,"installationName":"GRANJA","Type of Animal":"Pigs"},"geometry":{"type":"Point","coordinates":[-0.612127,41.797573]}},{"type":"Feature","properties":{"Unique ID":3660,"installationName":"ES2221800000013-SENÉS DE ALCUBIERRE","Type of Animal":"Pigs"},"geometry":{"type":"Point","coordinates":[-0.48991,41.907286]}},{"type":"Feature","properties":{"Unique ID":3661,"installationName":"EXPLOTACIÓN PORCINA ES221350000038","Type of Animal":"Pigs"},"geometry":{"type":"Point","coordinates":[-0.0349,42.0181]}},{"type":"Feature","properties":{"Unique ID":3662,"installationName":"GRANJA CASTRO TRALLERO","Type of Animal":"Pigs"},"geometry":{"type":"Point","coordinates":[0.065546,41.938673]}},{"type":"Feature","properties":{"Unique ID":3663,"installationName":"FERNANDO ESCALONA DUCONS","Type of Animal":"Pigs"},"geometry":{"type":"Point","coordinates":[-0.021485,41.982287]}},{"type":"Feature","properties":{"Unique ID":3664,"installationName":"ES221740000075-PERALTA DE ALCOFEA","Type of Animal":"Pigs"},"geometry":{"type":"Point","coordinates":[0.094567,41.889047]}},{"type":"Feature","properties":{"Unique ID":3665,"installationName":"EXPLOTACION PORCINA ES222010000019","Type of Animal":"Pigs"},"geometry":{"type":"Point","coordinates":[0.0924,42.124]}},{"type":"Feature","properties":{"Unique ID":3666,"installationName":"EXPLOTACIÓN PORCINA ES221560000016","Type of Animal":"Pigs"},"geometry":{"type":"Point","coordinates":[-0.367,42.082]}},{"type":"Feature","properties":{"Unique ID":3667,"installationName":"VITERS FAMILIA - PORTILLO DE SORIA","Type of Animal":"Pigs"},"geometry":{"type":"Point","coordinates":[-2.12249,41.62398]}},{"type":"Feature","properties":{"Unique ID":3668,"installationName":"ALBERTO Y EDUARDO, S.C.","Type of Animal":"Pigs"},"geometry":{"type":"Point","coordinates":[-4.259154,41.479757]}},{"type":"Feature","properties":{"Unique ID":3669,"installationName":"ES500950000818-EJEA DE LOS CABALLEROS","Type of Animal":"Poultry"},"geometry":{"type":"Point","coordinates":[-1.325213,42.212698]}},{"type":"Feature","properties":{"Unique ID":3670,"installationName":"ES500980000823","Type of Animal":"Poultry"},"geometry":{"type":"Point","coordinates":[-1.176092,42.16643]}},{"type":"Feature","properties":{"Unique ID":3671,"installationName":"ES221970000090 ROBRES","Type of Animal":"Pigs"},"geometry":{"type":"Point","coordinates":[-0.492651,41.852181]}},{"type":"Feature","properties":{"Unique ID":3672,"installationName":"Gabi y Toni","Type of Animal":"Pigs"},"geometry":{"type":"Point","coordinates":[-3.4673,41.6741]}},{"type":"Feature","properties":{"Unique ID":3673,"installationName":"GRANJA LA TELAYA","Type of Animal":"Pigs"},"geometry":{"type":"Point","coordinates":[-5.800249,41.687237]}},{"type":"Feature","properties":{"Unique ID":3674,"installationName":"AGROPECUARIA COPASA - EL ARCO","Type of Animal":"Pigs"},"geometry":{"type":"Point","coordinates":[-5.829239,41.097568]}},{"type":"Feature","properties":{"Unique ID":3675,"installationName":"EXPLOTACION PORCINA PICO DE VALVERDE","Type of Animal":"Pigs"},"geometry":{"type":"Point","coordinates":[-5.456622,40.631467]}},{"type":"Feature","properties":{"Unique ID":3676,"installationName":"MARÍA ENCARNACIÓN BARRIO UÑA","Type of Animal":"Pigs"},"geometry":{"type":"Point","coordinates":[-5.627531,42.06624]}},{"type":"Feature","properties":{"Unique ID":3677,"installationName":"Ramon Rosell Rosell","Type of Animal":"Poultry"},"geometry":{"type":"Point","coordinates":[0.691873,41.702651]}},{"type":"Feature","properties":{"Unique ID":3678,"installationName":"GRANJA CURULLADA","Type of Animal":"Poultry"},"geometry":{"type":"Point","coordinates":[1.24105,41.665566]}},{"type":"Feature","properties":{"Unique ID":3679,"installationName":"Granja Fortuño Furonet","Type of Animal":"Poultry"},"geometry":{"type":"Point","coordinates":[0.685579,40.814115]}},{"type":"Feature","properties":{"Unique ID":3680,"installationName":"GRANJA LA VENTA","Type of Animal":"Pigs"},"geometry":{"type":"Point","coordinates":[1.538143,41.727607]}},{"type":"Feature","properties":{"Unique ID":3681,"installationName":"GRANJA TOLLS","Type of Animal":"Pigs"},"geometry":{"type":"Point","coordinates":[1.192087,41.579404]}},{"type":"Feature","properties":{"Unique ID":3682,"installationName":"Granja Puig","Type of Animal":"Poultry"},"geometry":{"type":"Point","coordinates":[0.554141,40.600249]}},{"type":"Feature","properties":{"Unique ID":3683,"installationName":"Granja Mas Raja","Type of Animal":"Pigs"},"geometry":{"type":"Point","coordinates":[1.520724,41.603153]}},{"type":"Feature","properties":{"Unique ID":3684,"installationName":"Granja Jove CB","Type of Animal":"Pigs"},"geometry":{"type":"Point","coordinates":[0.787022,41.569229]}},{"type":"Feature","properties":{"Unique ID":3685,"installationName":"GRANJA CAL MARIANET","Type of Animal":"Pigs"},"geometry":{"type":"Point","coordinates":[1.518381,41.747295]}},{"type":"Feature","properties":{"Unique ID":3686,"installationName":"GRANJA CAN BAHÍ","Type of Animal":"Poultry"},"geometry":{"type":"Point","coordinates":[2.985879,42.026999]}},{"type":"Feature","properties":{"Unique ID":3687,"installationName":"AGRORAMADERA DALMASES","Type of Animal":"Pigs"},"geometry":{"type":"Point","coordinates":[1.477079,41.76266]}},{"type":"Feature","properties":{"Unique ID":3688,"installationName":"GRANJA GARGANTE","Type of Animal":"Pigs"},"geometry":{"type":"Point","coordinates":[1.235609,41.881945]}},{"type":"Feature","properties":{"Unique ID":3689,"installationName":"Rosells","Type of Animal":"Pigs"},"geometry":{"type":"Point","coordinates":[1.310651,41.92191]}},{"type":"Feature","properties":{"Unique ID":3690,"installationName":"Granja Cabré","Type of Animal":"Pigs"},"geometry":{"type":"Point","coordinates":[0.674888,41.359837]}},{"type":"Feature","properties":{"Unique ID":3691,"installationName":"Granja Cal Martí","Type of Animal":"Pigs"},"geometry":{"type":"Point","coordinates":[1.315677,41.79855]}},{"type":"Feature","properties":{"Unique ID":3692,"installationName":"Granja Farraret","Type of Animal":"Pigs"},"geometry":{"type":"Point","coordinates":[0.721277,41.665295]}},{"type":"Feature","properties":{"Unique ID":3693,"installationName":"CA L´IGNASI","Type of Animal":"Poultry"},"geometry":{"type":"Point","coordinates":[1.7366,41.971105]}},{"type":"Feature","properties":{"Unique ID":3694,"installationName":"Granja engreix Antoni Terré","Type of Animal":"Pigs"},"geometry":{"type":"Point","coordinates":[0.701692,41.79699]}},{"type":"Feature","properties":{"Unique ID":3695,"installationName":"AGRICOLA GANDEIRA AGUIAR SC","Type of Animal":"Poultry"},"geometry":{"type":"Point","coordinates":[-7.623622,42.092722]}},{"type":"Feature","properties":{"Unique ID":3696,"installationName":"AHORA GRANXA DE SARA SC","Type of Animal":"Pigs"},"geometry":{"type":"Point","coordinates":[-7.414077,42.780839]}},{"type":"Feature","properties":{"Unique ID":3697,"installationName":"AVICOLA CRUZ NOVA","Type of Animal":"Poultry"},"geometry":{"type":"Point","coordinates":[-8.107552,43.13239]}},{"type":"Feature","properties":{"Unique ID":3698,"installationName":"GRANXA AVICOLA O VISO, S.L","Type of Animal":"Poultry"},"geometry":{"type":"Point","coordinates":[-8.20129,42.863672]}},{"type":"Feature","properties":{"Unique ID":3699,"installationName":"LP AVES SC","Type of Animal":"Poultry"},"geometry":{"type":"Point","coordinates":[-8.188794,42.99451]}},{"type":"Feature","properties":{"Unique ID":3700,"installationName":"MOVILLA, S.C.","Type of Animal":"Pigs"},"geometry":{"type":"Point","coordinates":[-5.379839,42.006352]}},{"type":"Feature","properties":{"Unique ID":3701,"installationName":"ES500590000024- BUJARALOZ","Type of Animal":"Pigs"},"geometry":{"type":"Point","coordinates":[0.165888,41.493348]}},{"type":"Feature","properties":{"Unique ID":3702,"installationName":"GRANJA SAN JOSÉ","Type of Animal":"Pigs"},"geometry":{"type":"Point","coordinates":[-5.7882,37.486]}},{"type":"Feature","properties":{"Unique ID":3703,"installationName":"GRANJA DE PRODUCCIÓN DE LECHONES EN ALCARACEJOS","Type of Animal":"Pigs"},"geometry":{"type":"Point","coordinates":[-5.2793,38.3689]}},{"type":"Feature","properties":{"Unique ID":3704,"installationName":"EXPLOTACIÓN PORCINA LA LOMBRIZ","Type of Animal":"Pigs"},"geometry":{"type":"Point","coordinates":[-5.3393,37.3815]}},{"type":"Feature","properties":{"Unique ID":3705,"installationName":"EXPOGAJOMA, S.L.","Type of Animal":"Pigs"},"geometry":{"type":"Point","coordinates":[-3.8631,37.0794]}},{"type":"Feature","properties":{"Unique ID":3706,"installationName":"EXPLOTACIÓN AVÍCOLA DE ENGORDE EN PARAJE \"POZO DE JUAN LÓPEZ\"","Type of Animal":"Poultry"},"geometry":{"type":"Point","coordinates":[-2.207,37.8275]}},{"type":"Feature","properties":{"Unique ID":3707,"installationName":"SAT AVICOLA MANCHUELA","Type of Animal":"Poultry"},"geometry":{"type":"Point","coordinates":[-1.41656,39.2841]}},{"type":"Feature","properties":{"Unique ID":3708,"installationName":"PRODUCTOS DEL CIGÜELA, S. L.","Type of Animal":"Pigs"},"geometry":{"type":"Point","coordinates":[-2.998,39.758]}},{"type":"Feature","properties":{"Unique ID":3709,"installationName":"EXPLOTACION PORCINA PARA CEBO - PARAJE ATOCHAR GORDO","Type of Animal":"Pigs"},"geometry":{"type":"Point","coordinates":[-4.174,39.719]}},{"type":"Feature","properties":{"Unique ID":3710,"installationName":"EXPLOTACIÓN DE 4.400 PLAZAS DE CEBO","Type of Animal":"Pigs"},"geometry":{"type":"Point","coordinates":[-4.268,39.942]}},{"type":"Feature","properties":{"Unique ID":3711,"installationName":"EXPLOTACIÓN PORCINA","Type of Animal":"Pigs"},"geometry":{"type":"Point","coordinates":[-4.68,39.951]}},{"type":"Feature","properties":{"Unique ID":3712,"installationName":"MARIANO HERNANDEZ DEL CASTILLO","Type of Animal":"Pigs"},"geometry":{"type":"Point","coordinates":[-4.48,40.045]}},{"type":"Feature","properties":{"Unique ID":3713,"installationName":"AGROPECUARIA ESCALONILLA, S. L.","Type of Animal":"Pigs"},"geometry":{"type":"Point","coordinates":[-4.3458,39.9052]}},{"type":"Feature","properties":{"Unique ID":3714,"installationName":"AVICOLA LOS ALAMOS, S.L.U.","Type of Animal":"Poultry"},"geometry":{"type":"Point","coordinates":[-4.2527,39.7407]}},{"type":"Feature","properties":{"Unique ID":3715,"installationName":"FAMECO, C. B.","Type of Animal":"Pigs"},"geometry":{"type":"Point","coordinates":[-4.697,39.903]}},{"type":"Feature","properties":{"Unique ID":3716,"installationName":"EXPLOTACION DE 7200 PLAZAS DE CERDOS IBERICOS DE CEBO","Type of Animal":"Pigs"},"geometry":{"type":"Point","coordinates":[-5.0815,39.803]}},{"type":"Feature","properties":{"Unique ID":3717,"installationName":"EXPLOTACION DE 5.200 CERDOS DE CEBO","Type of Animal":"Pigs"},"geometry":{"type":"Point","coordinates":[-4.249,39.928]}},{"type":"Feature","properties":{"Unique ID":3718,"installationName":"EXPLOTACION INTENSIVA 102.000 POLLITAS SAN MARTÍN M.","Type of Animal":"Poultry"},"geometry":{"type":"Point","coordinates":[-4.377,39.68]}},{"type":"Feature","properties":{"Unique ID":3719,"installationName":"EXPLOTACIÓN PORCINA DE CEBO TRANSICIÓN DE LECHONES","Type of Animal":"Pigs"},"geometry":{"type":"Point","coordinates":[-4.6674,39.8759]}},{"type":"Feature","properties":{"Unique ID":3720,"installationName":"ES220990000210-ESPLÚS","Type of Animal":"Pigs"},"geometry":{"type":"Point","coordinates":[0.314209,41.781341]}},{"type":"Feature","properties":{"Unique ID":3721,"installationName":"Jocal S.C.","Type of Animal":"Pigs"},"geometry":{"type":"Point","coordinates":[-6.222984,41.097491]}},{"type":"Feature","properties":{"Unique ID":3722,"installationName":"ANGEL PALOMINO PALOMINO","Type of Animal":"Pigs"},"geometry":{"type":"Point","coordinates":[-2.7624,40.3475]}},{"type":"Feature","properties":{"Unique ID":3723,"installationName":"AMPLIACIÓN DE EXPLOTACIÓN PORCINA DE CEBO DE 1990 A 3980 PLA","Type of Animal":"Pigs"},"geometry":{"type":"Point","coordinates":[-4.8511,40.0353]}},{"type":"Feature","properties":{"Unique ID":3724,"installationName":"ES220170000851-ALCOLEA DE CINCA","Type of Animal":"Poultry"},"geometry":{"type":"Point","coordinates":[-0.07669,41.728157]}},{"type":"Feature","properties":{"Unique ID":3725,"installationName":"RASAN VILLAFRADES, S.L. ","Type of Animal":"Pigs"},"geometry":{"type":"Point","coordinates":[-4.986638,42.07325]}},{"type":"Feature","properties":{"Unique ID":3726,"installationName":"SANDRA SOTILLOS CRESPO","Type of Animal":"Pigs"},"geometry":{"type":"Point","coordinates":[-3.227,41.4037]}},{"type":"Feature","properties":{"Unique ID":3727,"installationName":"MARC GUZMAN GUARDIA","Type of Animal":"Poultry"},"geometry":{"type":"Point","coordinates":[0.220363,40.617339]}},{"type":"Feature","properties":{"Unique ID":3728,"installationName":"SELECCIÓN BATALLÉ - SANTOVENIA","Type of Animal":"Pigs"},"geometry":{"type":"Point","coordinates":[-5.689599,41.841013]}},{"type":"Feature","properties":{"Unique ID":3729,"installationName":"CAMPEROS MAELLO, S.L.","Type of Animal":"Poultry"},"geometry":{"type":"Point","coordinates":[-4.491347,40.816979]}},{"type":"Feature","properties":{"Unique ID":3730,"installationName":"Granja Avícola Rodríguez Serrano","Type of Animal":"Poultry"},"geometry":{"type":"Point","coordinates":[-5.4812,40.8244]}},{"type":"Feature","properties":{"Unique ID":3731,"installationName":"LAS FAIXAS","Type of Animal":"Pigs"},"geometry":{"type":"Point","coordinates":[0.19427,42.02654]}},{"type":"Feature","properties":{"Unique ID":3732,"installationName":"AGRICOLA LAURA","Type of Animal":"Pigs"},"geometry":{"type":"Point","coordinates":[-1.229359,42.028765]}},{"type":"Feature","properties":{"Unique ID":3733,"installationName":"ES220420000029-AZLOR","Type of Animal":"Pigs"},"geometry":{"type":"Point","coordinates":[0.058611,42.104075]}},{"type":"Feature","properties":{"Unique ID":3734,"installationName":"ES502220000044-CERDOS QUINTO","Type of Animal":"Pigs"},"geometry":{"type":"Point","coordinates":[-0.543306,41.443803]}},{"type":"Feature","properties":{"Unique ID":3735,"installationName":"ES441910000036 CERDOS LA PUEBLA DE HIJAR","Type of Animal":"Pigs"},"geometry":{"type":"Point","coordinates":[-0.465722,41.235367]}},{"type":"Feature","properties":{"Unique ID":3736,"installationName":"ES220220000045-LA CARRASCA","Type of Animal":"Pigs"},"geometry":{"type":"Point","coordinates":[0.259123,41.972828]}},{"type":"Feature","properties":{"Unique ID":3737,"installationName":"ES501510000047-LUNA","Type of Animal":"Pigs"},"geometry":{"type":"Point","coordinates":[-0.882521,42.097759]}},{"type":"Feature","properties":{"Unique ID":3738,"installationName":"EXPLOTACIÓN PORCINA DE CEBO CON CAPACIDAD MÁXIMA DE 864 UGM EN EL TM LUNA (ZARAGOZA)","Type of Animal":"Pigs"},"geometry":{"type":"Point","coordinates":[-0.988827,42.07653]}},{"type":"Feature","properties":{"Unique ID":3739,"installationName":"CEBADERO VALOPERA","Type of Animal":"Pigs"},"geometry":{"type":"Point","coordinates":[-0.612127,41.797573]}},{"type":"Feature","properties":{"Unique ID":3740,"installationName":"ES229040000853-SOTONERA","Type of Animal":"Poultry"},"geometry":{"type":"Point","coordinates":[-0.600261,42.272415]}},{"type":"Feature","properties":{"Unique ID":3741,"installationName":"JEAR,S.C.","Type of Animal":"Pigs"},"geometry":{"type":"Point","coordinates":[-1.2293,42.0287]}},{"type":"Feature","properties":{"Unique ID":3742,"installationName":"GAHESA S.L.","Type of Animal":"Pigs"},"geometry":{"type":"Point","coordinates":[0.35197,41.531742]}},{"type":"Feature","properties":{"Unique ID":3743,"installationName":"ARANDA CORTES, S.C.","Type of Animal":"Pigs"},"geometry":{"type":"Point","coordinates":[-1.2738,42.2618]}},{"type":"Feature","properties":{"Unique ID":3744,"installationName":"RUBEN SANCHO LASOBRAS","Type of Animal":"Pigs"},"geometry":{"type":"Point","coordinates":[-1.0821,42.1282]}},{"type":"Feature","properties":{"Unique ID":3745,"installationName":"G.A.33-2021, S.L.","Type of Animal":"Pigs"},"geometry":{"type":"Point","coordinates":[-1.1428,42.0426]}},{"type":"Feature","properties":{"Unique ID":3746,"installationName":"ES441180000030 - LA GINEBROSA","Type of Animal":"Pigs"},"geometry":{"type":"Point","coordinates":[-0.162198,40.83526]}},{"type":"Feature","properties":{"Unique ID":3747,"installationName":"PORCIBALSA S.L","Type of Animal":"Pigs"},"geometry":{"type":"Point","coordinates":[-1.257817,41.920225]}},{"type":"Feature","properties":{"Unique ID":3748,"installationName":"Mª ANGELES ZAMBORAIN","Type of Animal":"Poultry"},"geometry":{"type":"Point","coordinates":[-1.175619,42.072213]}},{"type":"Feature","properties":{"Unique ID":3749,"installationName":"AVICOLA CINTRUENIGON SL","Type of Animal":"Poultry"},"geometry":{"type":"Point","coordinates":[-1.829799,42.069687]}},{"type":"Feature","properties":{"Unique ID":3750,"installationName":"ES221840000036-POLEÑINO","Type of Animal":"Pigs"},"geometry":{"type":"Point","coordinates":[-0.282456,41.862633]}},{"type":"Feature","properties":{"Unique ID":3751,"installationName":"CERDOS DE LUXE, S.L.","Type of Animal":"Pigs"},"geometry":{"type":"Point","coordinates":[-1.257817,41.920225]}},{"type":"Feature","properties":{"Unique ID":3752,"installationName":"ES501510000032-LUNA","Type of Animal":"Pigs"},"geometry":{"type":"Point","coordinates":[-0.886536,42.119003]}},{"type":"Feature","properties":{"Unique ID":3753,"installationName":"ES502300000052-SÁDABA","Type of Animal":"Pigs"},"geometry":{"type":"Point","coordinates":[-1.344435,42.320261]}},{"type":"Feature","properties":{"Unique ID":3754,"installationName":"EXPLOTACIÓN PORCINA DE CEBO EN EL TÉRMINO MUNICIPAL DE SÁDABA","Type of Animal":"Pigs"},"geometry":{"type":"Point","coordinates":[-1.344435,42.320261]}},{"type":"Feature","properties":{"Unique ID":3755,"installationName":"ES441530000181- MONREAL DEL CAMPO","Type of Animal":"Pigs"},"geometry":{"type":"Point","coordinates":[-1.319504,40.76303]}},{"type":"Feature","properties":{"Unique ID":3756,"installationName":"TOZÍN","Type of Animal":"Pigs"},"geometry":{"type":"Point","coordinates":[-1.319504,40.76303]}},{"type":"Feature","properties":{"Unique ID":3757,"installationName":"GRANJA ALINS","Type of Animal":"Pigs"},"geometry":{"type":"Point","coordinates":[0.312969,42.025296]}},{"type":"Feature","properties":{"Unique ID":3758,"installationName":"GRANJA GUADASESPE-1 TURILLOS","Type of Animal":"Pigs"},"geometry":{"type":"Point","coordinates":[-0.582385,42.204304]}},{"type":"Feature","properties":{"Unique ID":3759,"installationName":"ES502270000014-CERDOS-ROMANOS","Type of Animal":"Pigs"},"geometry":{"type":"Point","coordinates":[-1.276651,41.141777]}},{"type":"Feature","properties":{"Unique ID":3760,"installationName":"EXPLOTACION PORCINA DE CEBO","Type of Animal":"Pigs"},"geometry":{"type":"Point","coordinates":[-0.661649,41.699056]}},{"type":"Feature","properties":{"Unique ID":3761,"installationName":"EL TORREJÓN","Type of Animal":"Pigs"},"geometry":{"type":"Point","coordinates":[-1.499081,37.770066]}},{"type":"Feature","properties":{"Unique ID":3762,"installationName":"ES502520000168-TAUSTE","Type of Animal":"Pigs"},"geometry":{"type":"Point","coordinates":[-1.195219,41.909075]}},{"type":"Feature","properties":{"Unique ID":3763,"installationName":"AZCONA LASHERAS FRANK Y JOSEBA SOCIEDAD CIVIL AGRARIA","Type of Animal":"Poultry"},"geometry":{"type":"Point","coordinates":[-2.001306,42.710651]}},{"type":"Feature","properties":{"Unique ID":3764,"installationName":"SASO CAPARROSO SAT 729 NA","Type of Animal":"Pigs"},"geometry":{"type":"Point","coordinates":[-1.628913,42.367379]}},{"type":"Feature","properties":{"Unique ID":3765,"installationName":"ES220070000050","Type of Animal":"Pigs"},"geometry":{"type":"Point","coordinates":[0.158438,41.765855]}},{"type":"Feature","properties":{"Unique ID":3766,"installationName":"ANTONIO NAVARRO GONZALEZ","Type of Animal":"Pigs"},"geometry":{"type":"Point","coordinates":[-1.292,42.135]}},{"type":"Feature","properties":{"Unique ID":3767,"installationName":"GRANJA USAN CONDE, S.C.","Type of Animal":"Pigs"},"geometry":{"type":"Point","coordinates":[-1.192,42.031]}},{"type":"Feature","properties":{"Unique ID":3768,"installationName":"JORGE DIESTE FUENTES","Type of Animal":"Pigs"},"geometry":{"type":"Point","coordinates":[-0.929,42.08]}},{"type":"Feature","properties":{"Unique ID":3769,"installationName":"GONLAPOR,S.L.","Type of Animal":"Pigs"},"geometry":{"type":"Point","coordinates":[-1.031,42.086]}},{"type":"Feature","properties":{"Unique ID":3770,"installationName":"PORK EL BAYO,S.L.","Type of Animal":"Pigs"},"geometry":{"type":"Point","coordinates":[-1.257,42.213]}},{"type":"Feature","properties":{"Unique ID":3771,"installationName":"SEBASTIAN BALLESTERO, S.C.","Type of Animal":"Pigs"},"geometry":{"type":"Point","coordinates":[-1.35243,40.69255]}},{"type":"Feature","properties":{"Unique ID":3772,"installationName":"ECOLECHON.CERDOS.NOMBREVILLA","Type of Animal":"Pigs"},"geometry":{"type":"Point","coordinates":[-1.331369,41.115852]}},{"type":"Feature","properties":{"Unique ID":3773,"installationName":"ALFREDO SAURA NIETO","Type of Animal":"Pigs"},"geometry":{"type":"Point","coordinates":[-1.069389,37.691025]}},{"type":"Feature","properties":{"Unique ID":3774,"installationName":"ARIDOS BOIRIA","Type of Animal":"Pigs"},"geometry":{"type":"Point","coordinates":[-0.24413,41.994096]}},{"type":"Feature","properties":{"Unique ID":3775,"installationName":"EXPLOTACION GANADERA","Type of Animal":"Pigs"},"geometry":{"type":"Point","coordinates":[-0.194303,41.444249]}},{"type":"Feature","properties":{"Unique ID":3776,"installationName":"LAS SUERTES","Type of Animal":"Pigs"},"geometry":{"type":"Point","coordinates":[-1.202251,37.714573]}},{"type":"Feature","properties":{"Unique ID":3777,"installationName":"FORCALLO 220HU025","Type of Animal":"Pigs"},"geometry":{"type":"Point","coordinates":[-0.24413,41.994096]}},{"type":"Feature","properties":{"Unique ID":3778,"installationName":"GRANJA MABER","Type of Animal":"Pigs"},"geometry":{"type":"Point","coordinates":[0.183401,41.835507]}},{"type":"Feature","properties":{"Unique ID":3779,"installationName":"RUBEN MARCO BENEDI","Type of Animal":"Pigs"},"geometry":{"type":"Point","coordinates":[-0.662371,41.699107]}},{"type":"Feature","properties":{"Unique ID":3780,"installationName":"ES502060000027-PERDIGUERA","Type of Animal":"Pigs"},"geometry":{"type":"Point","coordinates":[-0.59762,41.705688]}},{"type":"Feature","properties":{"Unique ID":3781,"installationName":"ES441910000033 PUEBLA DE HÍJAR (LA) ","Type of Animal":"Pigs"},"geometry":{"type":"Point","coordinates":[-0.433252,41.293216]}},{"type":"Feature","properties":{"Unique ID":3782,"installationName":"EXPLOTACIONES GANADERAS BERNAD, C.B.","Type of Animal":"Pigs"},"geometry":{"type":"Point","coordinates":[-0.327,41.975141]}},{"type":"Feature","properties":{"Unique ID":3783,"installationName":"EL NEGRETE","Type of Animal":"Pigs"},"geometry":{"type":"Point","coordinates":[-1.225253,37.673517]}},{"type":"Feature","properties":{"Unique ID":3784,"installationName":"GRANJA FORTUNA","Type of Animal":"Pigs"},"geometry":{"type":"Point","coordinates":[-1.140316,38.155725]}},{"type":"Feature","properties":{"Unique ID":3785,"installationName":"ES502060000022-PERDIGUERA","Type of Animal":"Pigs"},"geometry":{"type":"Point","coordinates":[-0.625692,41.710848]}},{"type":"Feature","properties":{"Unique ID":3786,"installationName":"MARTINEZ PLUMED, MANUEL","Type of Animal":"Pigs"},"geometry":{"type":"Point","coordinates":[-1.346322,40.694727]}},{"type":"Feature","properties":{"Unique ID":3787,"installationName":"GRANJA POLIGONO 3 PARCELA 5070","Type of Animal":"Pigs"},"geometry":{"type":"Point","coordinates":[0.096694,41.76268]}},{"type":"Feature","properties":{"Unique ID":3788,"installationName":"ES440340000031- BAÑÓN","Type of Animal":"Pigs"},"geometry":{"type":"Point","coordinates":[-1.251303,40.834001]}},{"type":"Feature","properties":{"Unique ID":3789,"installationName":"LAS JESAS","Type of Animal":"Pigs"},"geometry":{"type":"Point","coordinates":[0.256219,41.983772]}},{"type":"Feature","properties":{"Unique ID":3790,"installationName":"LA CANTERA","Type of Animal":"Pigs"},"geometry":{"type":"Point","coordinates":[0.279367,42.020793]}},{"type":"Feature","properties":{"Unique ID":3791,"installationName":"ES220750000026-CERDOS-CAMPORRELLS","Type of Animal":"Pigs"},"geometry":{"type":"Point","coordinates":[0.521647,41.958763]}},{"type":"Feature","properties":{"Unique ID":3792,"installationName":"AGROGANADERA TORREMIL","Type of Animal":"Pigs"},"geometry":{"type":"Point","coordinates":[-1.271051,42.28222]}},{"type":"Feature","properties":{"Unique ID":3793,"installationName":"ES220410000037","Type of Animal":"Pigs"},"geometry":{"type":"Point","coordinates":[-0.045284,42.049876]}},{"type":"Feature","properties":{"Unique ID":3794,"installationName":"EXPLOTACIÓN PORCINA DE CEBO EN EL TÉRMINO MUNICIPAL DE BIOTA (ZARAGOZA)","Type of Animal":"Pigs"},"geometry":{"type":"Point","coordinates":[-1.248289,42.228372]}},{"type":"Feature","properties":{"Unique ID":3795,"installationName":"EXPLOTACION PORCINA \"LA VENTA\"","Type of Animal":"Pigs"},"geometry":{"type":"Point","coordinates":[-6.229119,38.428155]}},{"type":"Feature","properties":{"Unique ID":3796,"installationName":"CERDOS BELCHITE - ES500450000020","Type of Animal":"Pigs"},"geometry":{"type":"Point","coordinates":[-0.768886,41.375483]}},{"type":"Feature","properties":{"Unique ID":3797,"installationName":"CERDOS BELCHITE -ES500450000019","Type of Animal":"Pigs"},"geometry":{"type":"Point","coordinates":[-0.778567,41.378131]}},{"type":"Feature","properties":{"Unique ID":3798,"installationName":"GRANJA CARLOS ORTILLES","Type of Animal":"Pigs"},"geometry":{"type":"Point","coordinates":[-1.054386,41.493644]}},{"type":"Feature","properties":{"Unique ID":3799,"installationName":"LA FONTANILLA","Type of Animal":"Pigs"},"geometry":{"type":"Point","coordinates":[-1.417868,37.74886]}},{"type":"Feature","properties":{"Unique ID":3800,"installationName":"LO TILLI","Type of Animal":"Pigs"},"geometry":{"type":"Point","coordinates":[-1.166672,37.711126]}},{"type":"Feature","properties":{"Unique ID":3801,"installationName":"LOS MARTÍNEZ","Type of Animal":"Pigs"},"geometry":{"type":"Point","coordinates":[-1.137185,37.716227]}},{"type":"Feature","properties":{"Unique ID":3802,"installationName":"ES220010000035-ALBERUELA","Type of Animal":"Pigs"},"geometry":{"type":"Point","coordinates":[-0.02841,42.174346]}},{"type":"Feature","properties":{"Unique ID":3803,"installationName":"ES442090000004 - SANTA EULALIA","Type of Animal":"Pigs"},"geometry":{"type":"Point","coordinates":[-1.312736,40.541902]}},{"type":"Feature","properties":{"Unique ID":3804,"installationName":"GRANJA AZANUY","Type of Animal":"Pigs"},"geometry":{"type":"Point","coordinates":[0.31131,41.972966]}},{"type":"Feature","properties":{"Unique ID":3805,"installationName":"LA NORIA","Type of Animal":"Pigs"},"geometry":{"type":"Point","coordinates":[-0.168977,41.462879]}},{"type":"Feature","properties":{"Unique ID":3806,"installationName":"AGROPECUARIA 2001, S.L.","Type of Animal":"Pigs"},"geometry":{"type":"Point","coordinates":[-1.181,42.211]}},{"type":"Feature","properties":{"Unique ID":3807,"installationName":"ES220500000003","Type of Animal":"Pigs"},"geometry":{"type":"Point","coordinates":[-0.075978,42.017166]}},{"type":"Feature","properties":{"Unique ID":3808,"installationName":"AGROALCE S.L.U","Type of Animal":"Pigs"},"geometry":{"type":"Point","coordinates":[-1.233165,41.063698]}},{"type":"Feature","properties":{"Unique ID":3809,"installationName":"ES221650000098","Type of Animal":"Pigs"},"geometry":{"type":"Point","coordinates":[0.088111,41.676578]}},{"type":"Feature","properties":{"Unique ID":3810,"installationName":"GRANJA MERCEDES SOLER","Type of Animal":"Pigs"},"geometry":{"type":"Point","coordinates":[-0.121459,41.565622]}},{"type":"Feature","properties":{"Unique ID":3811,"installationName":"GRANJA USON","Type of Animal":"Pigs"},"geometry":{"type":"Point","coordinates":[-0.222268,41.93943]}},{"type":"Feature","properties":{"Unique ID":3812,"installationName":"SAKITEL  INVERSION S.L.","Type of Animal":"Pigs"},"geometry":{"type":"Point","coordinates":[-0.27823,42.107119]}},{"type":"Feature","properties":{"Unique ID":3813,"installationName":"GRANJA ESPARTAL","Type of Animal":"Pigs"},"geometry":{"type":"Point","coordinates":[-0.008744,41.715222]}},{"type":"Feature","properties":{"Unique ID":3814,"installationName":"GRANJA TORREALVILLA","Type of Animal":"Pigs"},"geometry":{"type":"Point","coordinates":[-1.702882,37.781567]}},{"type":"Feature","properties":{"Unique ID":3815,"installationName":"GRANJA LOS COLMENARES","Type of Animal":"Pigs"},"geometry":{"type":"Point","coordinates":[-2.041757,38.065209]}},{"type":"Feature","properties":{"Unique ID":3816,"installationName":"ES229030000108-SANTALECINA","Type of Animal":"Pigs"},"geometry":{"type":"Point","coordinates":[0.072648,41.768612]}},{"type":"Feature","properties":{"Unique ID":3817,"installationName":"GRANJA BROOD, S.L.","Type of Animal":"Pigs"},"geometry":{"type":"Point","coordinates":[-0.145762,41.522831]}},{"type":"Feature","properties":{"Unique ID":3818,"installationName":"ES220180000066-ALCUBIERRE","Type of Animal":"Pigs"},"geometry":{"type":"Point","coordinates":[-0.405655,41.792334]}},{"type":"Feature","properties":{"Unique ID":3819,"installationName":"RAMOS JAIME, S.C.","Type of Animal":"Pigs"},"geometry":{"type":"Point","coordinates":[-0.081095,41.886942]}},{"type":"Feature","properties":{"Unique ID":3820,"installationName":"MARIA JULIA GARDE GARCIA","Type of Animal":"Pigs"},"geometry":{"type":"Point","coordinates":[-1.369,42.191]}},{"type":"Feature","properties":{"Unique ID":3821,"installationName":"PERVI SCP","Type of Animal":"Pigs"},"geometry":{"type":"Point","coordinates":[0.143356,41.883265]}},{"type":"Feature","properties":{"Unique ID":3822,"installationName":"ES442050000017. GRANJA SAMPER","Type of Animal":"Pigs"},"geometry":{"type":"Point","coordinates":[-0.345733,41.198235]}},{"type":"Feature","properties":{"Unique ID":3823,"installationName":"ES500450000016 BELCHITE","Type of Animal":"Pigs"},"geometry":{"type":"Point","coordinates":[-1.540983,41.269579]}},{"type":"Feature","properties":{"Unique ID":3824,"installationName":"ES500950000286 EJEA DE LOS CABALLEROS","Type of Animal":"Pigs"},"geometry":{"type":"Point","coordinates":[-1.212445,42.138075]}},{"type":"Feature","properties":{"Unique ID":3825,"installationName":"ES5000950000298 EJEA DE LOS CABALLEROS","Type of Animal":"Pigs"},"geometry":{"type":"Point","coordinates":[-1.243216,42.124951]}},{"type":"Feature","properties":{"Unique ID":3826,"installationName":"ES501050000009","Type of Animal":"Pigs"},"geometry":{"type":"Point","coordinates":[0.333074,41.239579]}},{"type":"Feature","properties":{"Unique ID":3827,"installationName":"ES501050000010","Type of Animal":"Pigs"},"geometry":{"type":"Point","coordinates":[0.333074,41.239579]}},{"type":"Feature","properties":{"Unique ID":3828,"installationName":"ES221720000026","Type of Animal":"Pigs"},"geometry":{"type":"Point","coordinates":[-0.038856,41.455246]}},{"type":"Feature","properties":{"Unique ID":3829,"installationName":"SANTIAGO AMBROJ NAVARRO","Type of Animal":"Pigs"},"geometry":{"type":"Point","coordinates":[-0.978949,41.12263]}},{"type":"Feature","properties":{"Unique ID":3830,"installationName":"LUÍS MIGUEL MOZO SANTOS","Type of Animal":"Pigs"},"geometry":{"type":"Point","coordinates":[-5.947744,41.183077]}},{"type":"Feature","properties":{"Unique ID":3831,"installationName":"ES222060000019-SANGARRÉN","Type of Animal":"Pigs"},"geometry":{"type":"Point","coordinates":[-0.441084,42.002326]}},{"type":"Feature","properties":{"Unique ID":3832,"installationName":"ES502440000004-SIERRA DE LUNA","Type of Animal":"Pigs"},"geometry":{"type":"Point","coordinates":[-0.913779,42.077562]}},{"type":"Feature","properties":{"Unique ID":3833,"installationName":"ES502300000056-SÁDABA","Type of Animal":"Pigs"},"geometry":{"type":"Point","coordinates":[-1.366041,42.218512]}},{"type":"Feature","properties":{"Unique ID":3834,"installationName":"EXPLOTACIONES GANADERAS BERNAL AGUERA","Type of Animal":"Pigs"},"geometry":{"type":"Point","coordinates":[-1.088419,37.652823]}},{"type":"Feature","properties":{"Unique ID":3835,"installationName":"EXPLOTACIONES PORCINAS PORTO DO SOUTO","Type of Animal":"Pigs"},"geometry":{"type":"Point","coordinates":[-8.93584,43.23184]}},{"type":"Feature","properties":{"Unique ID":3836,"installationName":"JAVIER VÁZQUEZ FRANCO","Type of Animal":"Pigs"},"geometry":{"type":"Point","coordinates":[-8.01404,42.91665]}},{"type":"Feature","properties":{"Unique ID":3837,"installationName":"EXPLOTACIONES GUNTIMIL SL","Type of Animal":"Poultry"},"geometry":{"type":"Point","coordinates":[-7.72323,42.06609]}},{"type":"Feature","properties":{"Unique ID":3838,"installationName":"EXPLOTACION AVICOLA LEA","Type of Animal":"Poultry"},"geometry":{"type":"Point","coordinates":[-7.7911,43.03101]}},{"type":"Feature","properties":{"Unique ID":3839,"installationName":"EXPLOTACION AVICOLA OS POZOS","Type of Animal":"Poultry"},"geometry":{"type":"Point","coordinates":[-7.71413,41.95157]}},{"type":"Feature","properties":{"Unique ID":3840,"installationName":"EXPLOTACION PORCINA ESPOSENDE","Type of Animal":"Pigs"},"geometry":{"type":"Point","coordinates":[-8.06359,42.33532]}},{"type":"Feature","properties":{"Unique ID":3841,"installationName":"Germans Farré, SL","Type of Animal":"Pigs"},"geometry":{"type":"Point","coordinates":[1.068982,41.582131]}},{"type":"Feature","properties":{"Unique ID":3842,"installationName":"Finca Morenillo","Type of Animal":"Poultry"},"geometry":{"type":"Point","coordinates":[0.451363,40.753962]}},{"type":"Feature","properties":{"Unique ID":3843,"installationName":"CARLOS ANDREU RAMADERS SCP","Type of Animal":"Pigs"},"geometry":{"type":"Point","coordinates":[1.328394,41.27701]}},{"type":"Feature","properties":{"Unique ID":3844,"installationName":"Avícola Sangres - Garcia","Type of Animal":"Poultry"},"geometry":{"type":"Point","coordinates":[0.419874,40.793902]}},{"type":"Feature","properties":{"Unique ID":3845,"installationName":"LES SURERES","Type of Animal":"Pigs"},"geometry":{"type":"Point","coordinates":[2.424624,41.666986]}},{"type":"Feature","properties":{"Unique ID":3846,"installationName":"GRANJA AGROGESA","Type of Animal":"Pigs"},"geometry":{"type":"Point","coordinates":[0.517802,41.8017]}},{"type":"Feature","properties":{"Unique ID":3847,"installationName":"Granja Gargallo","Type of Animal":"Pigs"},"geometry":{"type":"Point","coordinates":[0.304792,40.634959]}},{"type":"Feature","properties":{"Unique ID":3848,"installationName":"LA SERRA DE BALLUS","Type of Animal":"Pigs"},"geometry":{"type":"Point","coordinates":[1.86527,42.051796]}},{"type":"Feature","properties":{"Unique ID":3849,"installationName":"Granja Ros","Type of Animal":"Pigs"},"geometry":{"type":"Point","coordinates":[1.107343,41.625289]}},{"type":"Feature","properties":{"Unique ID":3850,"installationName":"Granja Soler de Pinell","Type of Animal":"Pigs"},"geometry":{"type":"Point","coordinates":[1.397503,41.979211]}},{"type":"Feature","properties":{"Unique ID":3851,"installationName":"Granja Garcia","Type of Animal":"Pigs"},"geometry":{"type":"Point","coordinates":[0.333367,41.683657]}},{"type":"Feature","properties":{"Unique ID":3852,"installationName":"Granja Segura - Niñerola","Type of Animal":"Poultry"},"geometry":{"type":"Point","coordinates":[0.309753,40.62242]}},{"type":"Feature","properties":{"Unique ID":3853,"installationName":"Santacreu","Type of Animal":"Pigs"},"geometry":{"type":"Point","coordinates":[1.142924,42.009318]}},{"type":"Feature","properties":{"Unique ID":3854,"installationName":"Granja Viladàs","Type of Animal":"Pigs"},"geometry":{"type":"Point","coordinates":[1.622586,41.991202]}},{"type":"Feature","properties":{"Unique ID":3855,"installationName":"Granja Plangivert","Type of Animal":"Pigs"},"geometry":{"type":"Point","coordinates":[2.038957,41.998128]}},{"type":"Feature","properties":{"Unique ID":3856,"installationName":"GRANJA RAMON AMARO MASIP","Type of Animal":"Pigs"},"geometry":{"type":"Point","coordinates":[0.955187,41.590223]}},{"type":"Feature","properties":{"Unique ID":3857,"installationName":"Granja Sauret","Type of Animal":"Pigs"},"geometry":{"type":"Point","coordinates":[0.494666,41.574621]}},{"type":"Feature","properties":{"Unique ID":3858,"installationName":"Els Vímets","Type of Animal":"Pigs"},"geometry":{"type":"Point","coordinates":[2.325462,41.965403]}},{"type":"Feature","properties":{"Unique ID":3859,"installationName":"GRANJA EN PARAJE LOS CHIRRALES","Type of Animal":"Pigs"},"geometry":{"type":"Point","coordinates":[-2.240807,37.435961]}},{"type":"Feature","properties":{"Unique ID":3860,"installationName":"GRANJA EN PARAJE LAS LABORES","Type of Animal":"Pigs"},"geometry":{"type":"Point","coordinates":[-1.89,37.4638]}},{"type":"Feature","properties":{"Unique ID":3861,"installationName":"FINCA LOS LLANOS","Type of Animal":"Poultry"},"geometry":{"type":"Point","coordinates":[-4.9928,37.3388]}},{"type":"Feature","properties":{"Unique ID":3862,"installationName":"PORCINOS LEDAÑA, S. L.","Type of Animal":"Pigs"},"geometry":{"type":"Point","coordinates":[-1.7236,39.377]}},{"type":"Feature","properties":{"Unique ID":3863,"installationName":"MIGUEL ONATE LOPEZ","Type of Animal":"Pigs"},"geometry":{"type":"Point","coordinates":[-2.0145,39.4555]}},{"type":"Feature","properties":{"Unique ID":3864,"installationName":"GRANJA BELINCHON, S.L.","Type of Animal":"Pigs"},"geometry":{"type":"Point","coordinates":[-3.074,40.013]}},{"type":"Feature","properties":{"Unique ID":3865,"installationName":"AMPLIACIÓN DE UNA EXPLOTACIÓN PORCINA DE CEBO EN MAZANERUELA","Type of Animal":"Pigs"},"geometry":{"type":"Point","coordinates":[-1.3022,39.9396]}},{"type":"Feature","properties":{"Unique ID":3866,"installationName":"JOSE MANUEL MEDINA JIMENEZ","Type of Animal":"Pigs"},"geometry":{"type":"Point","coordinates":[-4.615,39.907]}},{"type":"Feature","properties":{"Unique ID":3867,"installationName":"AMPILACIÓN DE LA CAPACIDAD DE 1840 A 3680 PLAZAS DE CEBO","Type of Animal":"Pigs"},"geometry":{"type":"Point","coordinates":[-3.9766,39.647]}},{"type":"Feature","properties":{"Unique ID":3868,"installationName":"JULIAN MENDOZA MUÑOZ","Type of Animal":"Pigs"},"geometry":{"type":"Point","coordinates":[-3.1983,39.6283]}},{"type":"Feature","properties":{"Unique ID":3869,"installationName":"REPRODUCTORAS 01. ALCOLEA DE TAJO","Type of Animal":"Poultry"},"geometry":{"type":"Point","coordinates":[-5.174,39.817]}},{"type":"Feature","properties":{"Unique ID":3870,"installationName":"REPRODUCTORAS 03. TORRICO","Type of Animal":"Poultry"},"geometry":{"type":"Point","coordinates":[-5.25,39.818]}},{"type":"Feature","properties":{"Unique ID":3871,"installationName":"REPRODUCTORAS 04. TORRICO","Type of Animal":"Poultry"},"geometry":{"type":"Point","coordinates":[-5.239,39.813]}},{"type":"Feature","properties":{"Unique ID":3872,"installationName":"REPRODUCTORAS 05. VALEVERDEJA","Type of Animal":"Poultry"},"geometry":{"type":"Point","coordinates":[-5.27,39.797]}},{"type":"Feature","properties":{"Unique ID":3873,"installationName":"EXPLOTACION PORCINA DE 4.000 PLAZAS DE CEBO","Type of Animal":"Pigs"},"geometry":{"type":"Point","coordinates":[-3.9567,40.061]}},{"type":"Feature","properties":{"Unique ID":3874,"installationName":"REPRODUCTORAS 02. ALCOLEA","Type of Animal":"Poultry"},"geometry":{"type":"Point","coordinates":[-5.1404,39.801]}},{"type":"Feature","properties":{"Unique ID":3875,"installationName":"REPRODUCTORAS 06. CALZADA","Type of Animal":"Poultry"},"geometry":{"type":"Point","coordinates":[-5.2604,39.891]}},{"type":"Feature","properties":{"Unique ID":3876,"installationName":"AGROPECUARIA LOS SAUCES S.L.","Type of Animal":"Pigs"},"geometry":{"type":"Point","coordinates":[-4.474,39.971]}},{"type":"Feature","properties":{"Unique ID":3877,"installationName":"OVERBAN CONSULTORES S. L.","Type of Animal":"Pigs"},"geometry":{"type":"Point","coordinates":[-3.9026,39.645]}},{"type":"Feature","properties":{"Unique ID":3878,"installationName":"EL ÁGUILA T.C. DE EXPLOTACIÓN AGRARIA","Type of Animal":"Pigs"},"geometry":{"type":"Point","coordinates":[-5.430892,41.126834]}},{"type":"Feature","properties":{"Unique ID":3879,"installationName":"DEL CASTILLO MARTÍN SOCIEDAD, S.C.","Type of Animal":"Pigs"},"geometry":{"type":"Point","coordinates":[-5.59375,42.288339]}},{"type":"Feature","properties":{"Unique ID":3880,"installationName":"GREGORIO SOLER LOPEZ","Type of Animal":"Poultry"},"geometry":{"type":"Point","coordinates":[-1.5198,39.091]}},{"type":"Feature","properties":{"Unique ID":3881,"installationName":"AVICOLA MYH, S.L.","Type of Animal":"Poultry"},"geometry":{"type":"Point","coordinates":[-1.69954,39.2918]}},{"type":"Feature","properties":{"Unique ID":3882,"installationName":"ALBERTO MONTEAGUDO PEREZ","Type of Animal":"Poultry"},"geometry":{"type":"Point","coordinates":[-1.4265,39.6933]}},{"type":"Feature","properties":{"Unique ID":3883,"installationName":"HERMANOS ESTEBAN, C. B.","Type of Animal":"Poultry"},"geometry":{"type":"Point","coordinates":[-3.9911,40.0966]}},{"type":"Feature","properties":{"Unique ID":3884,"installationName":"NAVALES, S.L.","Type of Animal":"Pigs"},"geometry":{"type":"Point","coordinates":[-4.28627,41.5342]}},{"type":"Feature","properties":{"Unique ID":3885,"installationName":"CHATÚN  SEGOVIA ","Type of Animal":"Pigs"},"geometry":{"type":"Point","coordinates":[-4.367868,41.271573]}},{"type":"Feature","properties":{"Unique ID":3886,"installationName":"COMPAÑÍA ESPAÑOLA DE GANADERÍA, S.A","Type of Animal":"Pigs"},"geometry":{"type":"Point","coordinates":[0.02023,40.47057]}},{"type":"Feature","properties":{"Unique ID":3887,"installationName":"JORGE VILLANUEVA ALBARRACÍN","Type of Animal":"Pigs"},"geometry":{"type":"Point","coordinates":[-1.109223,39.872227]}},{"type":"Feature","properties":{"Unique ID":3888,"installationName":"LOS ALBERGUES (124HU046)","Type of Animal":"Pigs"},"geometry":{"type":"Point","coordinates":[-0.180373,41.9675]}},{"type":"Feature","properties":{"Unique ID":3889,"installationName":"HERMANO BEGUE CALVO, S.C.","Type of Animal":"Pigs"},"geometry":{"type":"Point","coordinates":[-1.0416,42.366]}},{"type":"Feature","properties":{"Unique ID":3890,"installationName":"ES220090000199-ALBELDA","Type of Animal":"Pigs"},"geometry":{"type":"Point","coordinates":[0.54263,41.852305]}},{"type":"Feature","properties":{"Unique ID":3891,"installationName":"ES220090000200-ALBELDA","Type of Animal":"Pigs"},"geometry":{"type":"Point","coordinates":[0.494156,41.871585]}},{"type":"Feature","properties":{"Unique ID":3892,"installationName":"OSCAR CIUDAD ROMERO GRANJA DE CERDOS","Type of Animal":"Pigs"},"geometry":{"type":"Point","coordinates":[-1.346367,42.227712]}},{"type":"Feature","properties":{"Unique ID":3893,"installationName":"EXPLOTACION PORCINA LOS MOLINOS","Type of Animal":"Pigs"},"geometry":{"type":"Point","coordinates":[-6.771533,38.267691]}},{"type":"Feature","properties":{"Unique ID":3894,"installationName":"ES501500000009-LUMPIAQUE","Type of Animal":"Pigs"},"geometry":{"type":"Point","coordinates":[-1.302347,41.630001]}},{"type":"Feature","properties":{"Unique ID":3895,"installationName":"MACROS XXI, S.L.","Type of Animal":"Pigs"},"geometry":{"type":"Point","coordinates":[-1.3543,42.1279]}},{"type":"Feature","properties":{"Unique ID":3896,"installationName":"CANFRAN SORIANO","Type of Animal":"Pigs"},"geometry":{"type":"Point","coordinates":[-0.672167,41.209956]}},{"type":"Feature","properties":{"Unique ID":3897,"installationName":"EL CIERZO GANADERA, SL","Type of Animal":"Pigs"},"geometry":{"type":"Point","coordinates":[-0.36,40.95]}},{"type":"Feature","properties":{"Unique ID":3898,"installationName":"GRANJA VIÑA VIEJA","Type of Animal":"Pigs"},"geometry":{"type":"Point","coordinates":[-1.278963,37.684058]}},{"type":"Feature","properties":{"Unique ID":3899,"installationName":"GANADOS COPUEYO, S.L.","Type of Animal":"Pigs"},"geometry":{"type":"Point","coordinates":[-0.9732,42.1108]}},{"type":"Feature","properties":{"Unique ID":3900,"installationName":"JOSE PABLO GARCES LAITA","Type of Animal":"Pigs"},"geometry":{"type":"Point","coordinates":[-1.1158,42.2331]}},{"type":"Feature","properties":{"Unique ID":3901,"installationName":"ES220290000009 ANTILLON","Type of Animal":"Pigs"},"geometry":{"type":"Point","coordinates":[0.121781,42.13493]}},{"type":"Feature","properties":{"Unique ID":3902,"installationName":"ES442190000026","Type of Animal":"Pigs"},"geometry":{"type":"Point","coordinates":[-1.43428,40.958422]}},{"type":"Feature","properties":{"Unique ID":3903,"installationName":"EXPLOTACION PORCINA EL ARCILLAR","Type of Animal":"Pigs"},"geometry":{"type":"Point","coordinates":[-1.329288,40.772635]}},{"type":"Feature","properties":{"Unique ID":3904,"installationName":"SAT Nº 20366 DUESMI","Type of Animal":"Pigs"},"geometry":{"type":"Point","coordinates":[-1.3322,42.1737]}},{"type":"Feature","properties":{"Unique ID":3905,"installationName":"GRANJA CECIAS, T.C.","Type of Animal":"Pigs"},"geometry":{"type":"Point","coordinates":[-1.968961,41.956315]}},{"type":"Feature","properties":{"Unique ID":3906,"installationName":"MESA DEL CASTAÑO","Type of Animal":"Pigs"},"geometry":{"type":"Point","coordinates":[-5,38]}},{"type":"Feature","properties":{"Unique ID":3907,"installationName":"IVAN BRETON MARRODAN","Type of Animal":"Pigs"},"geometry":{"type":"Point","coordinates":[-2.046707,42.354214]}},{"type":"Feature","properties":{"Unique ID":3908,"installationName":"HERMANOS RUIZ CASTILLO, S. C.","Type of Animal":"Pigs"},"geometry":{"type":"Point","coordinates":[-2.210309,42.373438]}},{"type":"Feature","properties":{"Unique ID":3909,"installationName":"ES222510000022","Type of Animal":"Pigs"},"geometry":{"type":"Point","coordinates":[-0.028,41.62]}},{"type":"Feature","properties":{"Unique ID":3910,"installationName":"ES221370000150","Type of Animal":"Pigs"},"geometry":{"type":"Point","coordinates":[-0.33,41.71]}},{"type":"Feature","properties":{"Unique ID":3911,"installationName":"ES502540000009-TIERGA","Type of Animal":"Pigs"},"geometry":{"type":"Point","coordinates":[-1.605066,41.608105]}},{"type":"Feature","properties":{"Unique ID":3912,"installationName":"ES222130000204-SARIÑENA","Type of Animal":"Pigs"},"geometry":{"type":"Point","coordinates":[0.105257,41.781799]}},{"type":"Feature","properties":{"Unique ID":3913,"installationName":"ES442090000005-SANTA EULALIA","Type of Animal":"Pigs"},"geometry":{"type":"Point","coordinates":[-1.311165,40.563401]}},{"type":"Feature","properties":{"Unique ID":3914,"installationName":"AGROCARRAVILLAR","Type of Animal":"Poultry"},"geometry":{"type":"Point","coordinates":[-1.066455,41.193409]}},{"type":"Feature","properties":{"Unique ID":3915,"installationName":"ES501610000800-MANCHONES ","Type of Animal":"Poultry"},"geometry":{"type":"Point","coordinates":[-1.401117,41.087215]}},{"type":"Feature","properties":{"Unique ID":3916,"installationName":"ES222030000018-SALILLAS","Type of Animal":"Pigs"},"geometry":{"type":"Point","coordinates":[-0.212,41.97]}},{"type":"Feature","properties":{"Unique ID":3917,"installationName":"ES502520000093-TAUSTE","Type of Animal":"Poultry"},"geometry":{"type":"Point","coordinates":[-1.311614,41.935405]}},{"type":"Feature","properties":{"Unique ID":3918,"installationName":"ES501630000005-MARÍA DE HUERVA","Type of Animal":"Pigs"},"geometry":{"type":"Point","coordinates":[-1.030464,41.545555]}},{"type":"Feature","properties":{"Unique ID":3919,"installationName":"ES221740000068-PERALTA DE ALCOFEA","Type of Animal":"Pigs"},"geometry":{"type":"Point","coordinates":[-0.081912,41.909157]}},{"type":"Feature","properties":{"Unique ID":3920,"installationName":"ES502520000800-TAUSTE","Type of Animal":"Poultry"},"geometry":{"type":"Point","coordinates":[-1.269506,41.956236]}},{"type":"Feature","properties":{"Unique ID":3921,"installationName":"AGROGANADERA GARCÍA EJEA","Type of Animal":"Poultry"},"geometry":{"type":"Point","coordinates":[-1.26872,41.956129]}},{"type":"Feature","properties":{"Unique ID":3922,"installationName":"FERRANDO AGROPECUARIA SC-ES22029-08- ANTILLON","Type of Animal":"Pigs"},"geometry":{"type":"Point","coordinates":[0.113794,42.1127]}},{"type":"Feature","properties":{"Unique ID":3923,"installationName":"LUIS ANTONIO OLIVA BARLUENGA","Type of Animal":"Pigs"},"geometry":{"type":"Point","coordinates":[-0.551559,41.991565]}},{"type":"Feature","properties":{"Unique ID":3924,"installationName":"ES221240000047-HUERTO-GUARA","Type of Animal":"Pigs"},"geometry":{"type":"Point","coordinates":[-0.167642,41.931307]}},{"type":"Feature","properties":{"Unique ID":3925,"installationName":"ES501820000011-MUELA (LA)","Type of Animal":"Pigs"},"geometry":{"type":"Point","coordinates":[-1.071181,41.51027]}},{"type":"Feature","properties":{"Unique ID":3926,"installationName":"C.PINILLA","Type of Animal":"Pigs"},"geometry":{"type":"Point","coordinates":[-1.786326,37.505573]}},{"type":"Feature","properties":{"Unique ID":3927,"installationName":"EL JURADO","Type of Animal":"Pigs"},"geometry":{"type":"Point","coordinates":[-1.74696,37.555543]}},{"type":"Feature","properties":{"Unique ID":3928,"installationName":"ES222050000127-SAN ESTEBAN DE LITERA ","Type of Animal":"Pigs"},"geometry":{"type":"Point","coordinates":[0.27794,41.90587]}},{"type":"Feature","properties":{"Unique ID":3929,"installationName":"Agropecuaria Gil Arranz - pol 513","Type of Animal":"Pigs"},"geometry":{"type":"Point","coordinates":[-3.607093,41.577952]}},{"type":"Feature","properties":{"Unique ID":3930,"installationName":"Explotación porcina de cebo «Valciego»","Type of Animal":"Pigs"},"geometry":{"type":"Point","coordinates":[-5.406708,40.844343]}},{"type":"Feature","properties":{"Unique ID":3931,"installationName":"El Hortezuelo","Type of Animal":"Pigs"},"geometry":{"type":"Point","coordinates":[-5.244996,40.82279]}},{"type":"Feature","properties":{"Unique ID":3932,"installationName":"ES500950000310-EJEA DE LOS CABALLEROS","Type of Animal":"Pigs"},"geometry":{"type":"Point","coordinates":[-1.203715,42.033314]}},{"type":"Feature","properties":{"Unique ID":3933,"installationName":"DIMAR TITULARIDAD COMPARTIDA DE EXPLOTACIÓN AGRARIA","Type of Animal":"Pigs"},"geometry":{"type":"Point","coordinates":[-5.086157,42.120217]}},{"type":"Feature","properties":{"Unique ID":3934,"installationName":"ES500950000351 EJEA DE LOS CABALLEROS","Type of Animal":"Pigs"},"geometry":{"type":"Point","coordinates":[-1.259904,42.095161]}},{"type":"Feature","properties":{"Unique ID":3935,"installationName":"ES221740000073-PERALTA DE ALCOFEA","Type of Animal":"Pigs"},"geometry":{"type":"Point","coordinates":[-0.028284,41.824999]}},{"type":"Feature","properties":{"Unique ID":3936,"installationName":"ES222130000180-SARIÑENA","Type of Animal":"Pigs"},"geometry":{"type":"Point","coordinates":[-0.1093,41.81866]}},{"type":"Feature","properties":{"Unique ID":3937,"installationName":"ES500950000367-EJEA DE LOS CABALLEROS","Type of Animal":"Pigs"},"geometry":{"type":"Point","coordinates":[-1.045344,42.133621]}},{"type":"Feature","properties":{"Unique ID":3938,"installationName":"ES500950000289-EJEA DE LOS CABALLEROS","Type of Animal":"Pigs"},"geometry":{"type":"Point","coordinates":[-1.073683,42.13587]}},{"type":"Feature","properties":{"Unique ID":3939,"installationName":"ES500950000313-EJEA DE LOS CABALLEROS","Type of Animal":"Pigs"},"geometry":{"type":"Point","coordinates":[-1.2034,42.0492]}},{"type":"Feature","properties":{"Unique ID":3940,"installationName":"FRANCISCO TUDELA","Type of Animal":"Pigs"},"geometry":{"type":"Point","coordinates":[-1.441556,37.745391]}},{"type":"Feature","properties":{"Unique ID":3941,"installationName":"ES221740000085-PERALTA DE ALCOFEA ","Type of Animal":"Pigs"},"geometry":{"type":"Point","coordinates":[-0.068292,41.894163]}},{"type":"Feature","properties":{"Unique ID":3942,"installationName":"ES441910000032 PUEBLA DE HÍJAR (LA) (NÚCLEO 2)","Type of Animal":"Pigs"},"geometry":{"type":"Point","coordinates":[-0.44493,41.212825]}},{"type":"Feature","properties":{"Unique ID":3943,"installationName":"ES220170000066 - ALCOLEA DE CINCA","Type of Animal":"Pigs"},"geometry":{"type":"Point","coordinates":[0.051522,41.730953]}},{"type":"Feature","properties":{"Unique ID":3944,"installationName":"ES502970000149-ZARAGOZA","Type of Animal":"Pigs"},"geometry":{"type":"Point","coordinates":[-1.122201,41.682691]}},{"type":"Feature","properties":{"Unique ID":3945,"installationName":"ES220150000042-ALCALÁ DEL OBISPO","Type of Animal":"Pigs"},"geometry":{"type":"Point","coordinates":[0.261311,42.087669]}},{"type":"Feature","properties":{"Unique ID":3946,"installationName":"ES221170000182-GRAUS","Type of Animal":"Pigs"},"geometry":{"type":"Point","coordinates":[0.407452,42.241489]}},{"type":"Feature","properties":{"Unique ID":3947,"installationName":"ES221780000016-PERTUSA","Type of Animal":"Pigs"},"geometry":{"type":"Point","coordinates":[0.11878,41.982469]}},{"type":"Feature","properties":{"Unique ID":3948,"installationName":"ES441680000015-ODÓN","Type of Animal":"Pigs"},"geometry":{"type":"Point","coordinates":[-1.589586,40.880544]}},{"type":"Feature","properties":{"Unique ID":3949,"installationName":"EXPLOTACIÓN AVÍCOLA LOS CAMPILLOS_2","Type of Animal":"Poultry"},"geometry":{"type":"Point","coordinates":[-6.114384,38.682788]}},{"type":"Feature","properties":{"Unique ID":3950,"installationName":"ES221650000086-ONTIÑENA","Type of Animal":"Pigs"},"geometry":{"type":"Point","coordinates":[0.088111,41.676578]}},{"type":"Feature","properties":{"Unique ID":3951,"installationName":"GRANJA EN CORTIJO EL POZO GIBILEY","Type of Animal":"Pigs"},"geometry":{"type":"Point","coordinates":[-1.935254,37.461281]}},{"type":"Feature","properties":{"Unique ID":3952,"installationName":"GRANJA EN PARAJE LAS TIESAS","Type of Animal":"Pigs"},"geometry":{"type":"Point","coordinates":[-2.3461,37.909]}},{"type":"Feature","properties":{"Unique ID":3953,"installationName":"GRANJA EN PARAJE CHUANES","Type of Animal":"Pigs"},"geometry":{"type":"Point","coordinates":[-2.5198,37.4388]}},{"type":"Feature","properties":{"Unique ID":3954,"installationName":"EXPLOTACIÓN AVÍCOLA LAS CABAÑAS","Type of Animal":"Poultry"},"geometry":{"type":"Point","coordinates":[-3.099414,37.763302]}},{"type":"Feature","properties":{"Unique ID":3955,"installationName":"EXPLOTACIÓN AVÍCOLA \"FUENTE DE LA TEJA\"","Type of Animal":"Poultry"},"geometry":{"type":"Point","coordinates":[-4.9876,37.3214]}},{"type":"Feature","properties":{"Unique ID":3956,"installationName":"S. A. T. N.º 6548 CARRATURÉGANO","Type of Animal":"Pigs"},"geometry":{"type":"Point","coordinates":[-3.94125,41.245404]}},{"type":"Feature","properties":{"Unique ID":3957,"installationName":"EXPLOTACIÓN INTENSIVA DE POLLOS DE CARNE","Type of Animal":"Poultry"},"geometry":{"type":"Point","coordinates":[-1.5755,39.16037]}},{"type":"Feature","properties":{"Unique ID":3958,"installationName":"IDEAS DE GESTION PORCINA, S. L.","Type of Animal":"Pigs"},"geometry":{"type":"Point","coordinates":[-2.9866,39.964401]}},{"type":"Feature","properties":{"Unique ID":3959,"installationName":"EXPLOTACIÓN GANADERA DE 240.000 POLLOS DE ENGORDE","Type of Animal":"Poultry"},"geometry":{"type":"Point","coordinates":[-1.40305,39.8578]}},{"type":"Feature","properties":{"Unique ID":3960,"installationName":"AMPLIACIÓN DE EXPLOTACIÓN AVÍCOLA EN ALAMEDA DE LA SAGRA","Type of Animal":"Poultry"},"geometry":{"type":"Point","coordinates":[-3.779,40.027]}},{"type":"Feature","properties":{"Unique ID":3961,"installationName":"SEMILLEROS JUANFRA, S. C.","Type of Animal":"Poultry"},"geometry":{"type":"Point","coordinates":[-4.4126,39.573101]}},{"type":"Feature","properties":{"Unique ID":3962,"installationName":"GUILLERMO ACEVEDO GOMEZ","Type of Animal":"Poultry"},"geometry":{"type":"Point","coordinates":[-4.561,39.875]}},{"type":"Feature","properties":{"Unique ID":3963,"installationName":"EXPLOTACION PORCINA","Type of Animal":"Pigs"},"geometry":{"type":"Point","coordinates":[-4.64608,39.892101]}},{"type":"Feature","properties":{"Unique ID":3964,"installationName":"SOCIEDAD COOPERATIVA SANTO DOMINGO","Type of Animal":"Pigs"},"geometry":{"type":"Point","coordinates":[-4.772624,39.5424]}},{"type":"Feature","properties":{"Unique ID":3965,"installationName":"EXPLOTACIONES VILLASEVIL GÓMEZ, S.L.","Type of Animal":"Poultry"},"geometry":{"type":"Point","coordinates":[-4.5711,39.879501]}},{"type":"Feature","properties":{"Unique ID":3966,"installationName":"CEBADERO DE PORCINO AAI-CU-085","Type of Animal":"Pigs"},"geometry":{"type":"Point","coordinates":[-1.7538,39.779598]}},{"type":"Feature","properties":{"Unique ID":3967,"installationName":"Granja Taueret","Type of Animal":"Pigs"},"geometry":{"type":"Point","coordinates":[0.805249,41.512252]}},{"type":"Feature","properties":{"Unique ID":3968,"installationName":"Ramaderies del Pallars","Type of Animal":"Pigs"},"geometry":{"type":"Point","coordinates":[0.904673,42.111764]}},{"type":"Feature","properties":{"Unique ID":3969,"installationName":"Exporcas","Type of Animal":"Pigs"},"geometry":{"type":"Point","coordinates":[0.559194,40.742711]}},{"type":"Feature","properties":{"Unique ID":3970,"installationName":"GRANJA ROS","Type of Animal":"Pigs"},"geometry":{"type":"Point","coordinates":[0.750924,41.737237]}},{"type":"Feature","properties":{"Unique ID":3971,"installationName":"Cal Busquets","Type of Animal":"Pigs"},"geometry":{"type":"Point","coordinates":[1.479601,41.499279]}},{"type":"Feature","properties":{"Unique ID":3972,"installationName":"Granja Cuenca","Type of Animal":"Pigs"},"geometry":{"type":"Point","coordinates":[0.768126,41.594154]}},{"type":"Feature","properties":{"Unique ID":3973,"installationName":"Granja Guiu Llombart","Type of Animal":"Poultry"},"geometry":{"type":"Point","coordinates":[0.789437,41.353791]}},{"type":"Feature","properties":{"Unique ID":3974,"installationName":"Granja Farré","Type of Animal":"Pigs"},"geometry":{"type":"Point","coordinates":[0.939842,41.754831]}},{"type":"Feature","properties":{"Unique ID":3975,"installationName":"Granja Les Codines","Type of Animal":"Poultry"},"geometry":{"type":"Point","coordinates":[1.317222,41.296852]}},{"type":"Feature","properties":{"Unique ID":3976,"installationName":"Granja Cal Xulic","Type of Animal":"Poultry"},"geometry":{"type":"Point","coordinates":[0.654633,41.369603]}},{"type":"Feature","properties":{"Unique ID":3977,"installationName":"Porcbiu","Type of Animal":"Pigs"},"geometry":{"type":"Point","coordinates":[1.324605,41.495639]}},{"type":"Feature","properties":{"Unique ID":3978,"installationName":"Granja Montserrat Marsal","Type of Animal":"Poultry"},"geometry":{"type":"Point","coordinates":[0.495546,41.578828]}},{"type":"Feature","properties":{"Unique ID":3979,"installationName":"GRANJA MIAMI","Type of Animal":"Poultry"},"geometry":{"type":"Point","coordinates":[0.947628,41.045129]}},{"type":"Feature","properties":{"Unique ID":3980,"installationName":"PUBILL","Type of Animal":"Pigs"},"geometry":{"type":"Point","coordinates":[0.933093,41.727114]}},{"type":"Feature","properties":{"Unique ID":3981,"installationName":"Granja Sapera Miquel","Type of Animal":"Pigs"},"geometry":{"type":"Point","coordinates":[1.557459,41.817504]}},{"type":"Feature","properties":{"Unique ID":3982,"installationName":"RAMÓN CASADO, S.L.","Type of Animal":"Poultry"},"geometry":{"type":"Point","coordinates":[-5.720811,42.352432]}},{"type":"Feature","properties":{"Unique ID":3983,"installationName":"ES220460000022-BALLOBAR","Type of Animal":"Pigs"},"geometry":{"type":"Point","coordinates":[-0.070593,41.566795]}},{"type":"Feature","properties":{"Unique ID":3984,"installationName":"ALFREDO ORDUÑA OSES","Type of Animal":"Pigs"},"geometry":{"type":"Point","coordinates":[-1.799096,42.338976]}}]}